# Meridian BL tube mesh
v 0.01422202769631729 0.7626199773516202 0.01867453006414413
v 0.01248252389631729 0.7628549383516202 0.017941721064144128
v 0.01307432909631729 0.7624747203516202 0.018883727064144137
v 0.014339424696317292 0.7630893043516201 0.017603226064144134
v 0.01326442139631729 0.7632345603516202 0.01715032706414414
v 0.013252109296317292 0.7668977423516202 0.018234923064144135
v 0.01247210989631729 0.7664790793516202 0.01900932206414413
v 0.01307432909631729 0.7624747203516202 0.018883727064144137
v 0.014328207796317292 0.7667317433516202 0.018678725064144128
v 0.014339424696317292 0.7630893043516201 0.017603226064144134
v 0.01306610549631729 0.7660542773516202 0.019931830064144132
v 0.01422202769631729 0.7626199773516202 0.01867453006414413
v 0.014213204396317292 0.7662105013516202 0.019727521064144132
v 0.01326987709631729 0.7704380793516202 0.019692726064144128
v 0.01434748059631729 0.7702421593516202 0.020120010064144128
v 0.01249268089631729 0.7699632693516202 0.020436019064144134
v 0.014236178296317292 0.7696464703516201 0.02112741806414413
v 0.01308988039631729 0.7694737363516202 0.021322727064144134
v 0.01327320559631729 0.7736047553516202 0.021298103064144133
v 0.014351200296317292 0.7734009073516201 0.021720298064144133
v 0.01249690539631729 0.7731128383516201 0.022031099064144133
v 0.014241108696317291 0.7727832243516202 0.022714309064144136
v 0.013095002596317292 0.7726050063516202 0.022906303064144137
v 0.01311690729631729 0.7765924383516202 0.023127802064144137
v 0.01419400609631729 0.7764044453516202 0.023559704064144135
v 0.012339100196317291 0.7761279393516202 0.02387769506414414
v 0.014082007096317292 0.7758233593516202 0.024576396064144135
v 0.012935604896317291 0.7756524733516202 0.02477291206414413
v 0.012660473596317293 0.7794610903516201 0.024621300064144133
v 0.01373527569631729 0.7793182773516202 0.025077000064144137
v 0.01187837499631729 0.7790790243516202 0.02541410206414413
v 0.013617476496317293 0.7788482953516201 0.02615150806414414
v 0.01246987279631729 0.7787005943516202 0.026359804064144135
v 0.01228177359631729 0.7822876023516202 0.02560541006414413
v 0.01335247229631729 0.7822284153516202 0.026090108064144135
v 0.01149216849631729 0.7820575283516202 0.026450999064144137
v 0.013224566396317292 0.7819616843516202 0.02723529906414414
v 0.012074967796317292 0.7818561243516202 0.027458303064144138
v 0.012085249696317291 0.7852343963516202 0.02593870506414414
v 0.01315215229631729 0.7852581783516202 0.026432499064144133
v 0.011288445396317293 0.7851648373516202 0.02680259906414413
v 0.013014748696317292 0.7852038783516202 0.02760170406414414
v 0.011862948496317291 0.7851458833516202 0.027830414064144132
v 0.01220306749631729 0.7917517473516202 0.02575200806414414
v 0.013268865596317292 0.7918072983516202 0.02624481206414414
v 0.011403270096317291 0.7917663503516202 0.026613712064144132
v 0.013127865296317293 0.7918561143516202 0.027411006064144136
v 0.011974768696317292 0.7918310803516202 0.02763900906414414
v 0.01223012619631729 0.7981585903516202 0.025346696064144136
v 0.013295819996317293 0.7982220693516202 0.02583900806414413
v 0.011429220396317292 0.7982202223516202 0.026205406064144135
v 0.01315342639631729 0.7983228013516201 0.02700201406414414
v 0.011999823196317292 0.7983215493516203 0.02722841506414414
v 0.01221340709631729 0.8045434993516202 0.02461580206414414
v 0.013278908996317292 0.8046228333516202 0.025106296064144135
v 0.01141180469631729 0.8046624703516202 0.02546791006414413
v 0.013135705096317292 0.8047912763516202 0.02626159806414413
v 0.01198170149631729 0.8048157143516202 0.02648500306414414
v 0.012199301296317293 0.8110583473516202 0.02345070206414414
v 0.013264708196317292 0.8111609263516202 0.02393711406414413
v 0.011397508896317292 0.8112402603516202 0.024291500064144128
v 0.013121304996317293 0.8114062593516203 0.025078505064144135
v 0.011967301396317291 0.8114557313516202 0.02529750806414413
v 0.01223590409631729 0.8178558393516202 0.021741204064144135
v 0.013301501096317291 0.8179858373516202 0.02222070806414414
v 0.01143440599631729 0.8180999803516202 0.02256620706414414
v 0.013158401496317293 0.8183111593516202 0.023342095064144128
v 0.012004503996317292 0.8183819693516202 0.02355560706414414
v 0.01231009889631729 0.8250885053516201 0.019375801064144133
v 0.01337590629631729 0.8252472323516202 0.019846000064144137
v 0.011509204296317292 0.8253906413516202 0.02018199906414414
v 0.013233704496317292 0.8256475973516202 0.020942800064144132
v 0.012080006296317291 0.8257361103516202 0.021150403064144133
v 0.012408709196317293 0.8328973693516202 0.016246207064144133
v 0.01347490769631729 0.8330889983516202 0.016703203064144134
v 0.011608404996317292 0.8332568453516201 0.017029211064144137
v 0.01333350689631729 0.8335675043516202 0.017768592064144134
v 0.012180007996317292 0.8336712763516202 0.017970107064144134
v 0.012464003596317292 0.8378247073516202 0.013803310664144128
v 0.013530602696317291 0.8380590723516202 0.014239199464144134
v 0.01166450049631729 0.8382519533516202 0.014552801864144135
v 0.013390306396317293 0.8386316343516202 0.01525810356414413
v 0.012237010496317292 0.8387506053516202 0.015452004964144131
v 0.012494806196317293 0.8421124263516202 0.011108800764144139
v 0.013561805696317292 0.8423913763516202 0.011516496564144135
v 0.01169580039631729 0.8426092913516202 0.01181471346414413
v 0.01342220789631729 0.8430609153516202 0.01247430596414413
v 0.01226890089631729 0.8431952043516202 0.012658596064144129
v 0.012505402796317292 0.8458789033516202 0.00819761306414414
v 0.013572506596317292 0.8461968943516202 0.00857520846414414
v 0.01170649939631729 0.8464361473516202 0.00885692986414413
v 0.01343310809631729 0.8469507143516202 0.009467929564144134
v 0.012279905396317292 0.8470984143516201 0.009642012464144131
v 0.01249970869631729 0.8492358373516202 0.005107119664144136
v 0.013566803196317291 0.8495850013516202 0.00545641036414414
v 0.011700807096317292 0.8498407053516202 0.005722619564144132
v 0.01342730969631729 0.8504052803516202 0.006287820664144128
v 0.012274106996317292 0.8505633523516202 0.006452314564144135
v 0.012481903696317291 0.8522912903516202 0.0018748119641441297
v 0.013548808196317291 0.8526617333516202 0.0022011175641441366
v 0.01168270599631729 0.8529297163516202 0.002454623564144137
v 0.013409009196317292 0.8535291003516202 0.0029826164641441333
v 0.01225580649631729 0.8536945033516202 0.0031393244641441387
v 0.012455705596317292 0.8551501673516202 -0.0014605894358558635
v 0.01352250579631729 0.8555334853516202 -0.001149177535855861
v 0.011656403496317292 0.8558087393516202 -0.0009037777358558707
v 0.01338250559631729 0.8564288663516202 -0.0003998726358558635
v 0.01222920789631729 0.8565985013516202 -0.0002482757358558685
v 0.01181859519631729 0.8607292223516202 -0.009575717135855866
v 0.01289499739631729 0.8604745913516202 -0.00849021973585587
v 0.011016793596317291 0.8620187683516202 -0.009786613235855862
v 0.01275839279631729 0.8616061853516201 -0.00803021343585586
v 0.011597694796317292 0.8625607533516202 -0.008831411635855865
v 0.02671541179631729 0.8585698053516202 -0.011434853035855869
v 0.02779491339631729 0.8583604743516202 -0.01034705343585586
v 0.02603231369631729 0.8598271653516202 -0.011699751035855868
v 0.02777893279631729 0.8594877763516202 -0.00993975253585587
v 0.026689624396317294 0.8603941253516202 -0.01077575233585587
v 0.026869091196317293 0.8611455013516202 -0.01570512353585586
v 0.027979397196317292 0.8614580083516202 -0.015477821235855865
v 0.02616028209631729 0.8619602963516202 -0.015240624535855868
v 0.02795679769631729 0.8624656843516202 -0.014872819135855864
v 0.02683258429631729 0.8627763433516202 -0.01472611723585586
v 0.02663924359631729 0.8638318223516201 -0.02030157293585587
v 0.027749742396317292 0.8641473693516202 -0.020079672335855864
v 0.02593095229631729 0.8646545453516202 -0.019850477535855865
v 0.02772775109631729 0.8651648213516202 -0.019491568235855863
v 0.02660365499631729 0.8654785203516202 -0.019349873035855863
v 0.02639974749631729 0.8660719443516202 -0.024491246835855865
v 0.02751064209631729 0.8663929743516202 -0.024279739735855864
v 0.02569235299631729 0.8669087333516202 -0.024065546735855863
v 0.02748974039631729 0.8674281283516202 -0.023723240935855865
v 0.026365951596317293 0.8677473713516202 -0.023590844135855868
v 0.026089538796317292 0.8689615173516202 -0.03141401703585586
v 0.02720204089631729 0.8693215893516202 -0.031290225635855866
v 0.02538435439631729 0.8698514153516202 -0.03110850973585587
v 0.02718434019631729 0.8704335143516202 -0.030908409535855864
v 0.02606095279631729 0.8707614583516202 -0.030796129235855868
v 0.026076471396317292 0.8708050893516202 -0.03749518093585587
v 0.02718876019631729 0.8711732673516202 -0.03739878533585587
v 0.02537105509631729 0.8717078013516202 -0.03723109513585587
v 0.027170869496317293 0.8723034903516202 -0.037075087435855865
v 0.02604736289631729 0.8726342963516202 -0.036971487135855866
v 0.026486994696317292 0.8726744103516202 -0.043920543035855866
v 0.027599090696317292 0.8730479523516202 -0.043844327335855866
v 0.025781196496317292 0.8735870763516203 -0.04369273033585586
v 0.027580591896317293 0.8741912883516202 -0.04356943813585586
v 0.02645710859631729 0.8745237633516202 -0.04347582533585587
v 0.02677103689631729 0.8739070343516202 -0.050406578935855866
v 0.02788294479631729 0.8742834373516202 -0.050345085535855864
v 0.026064841096317293 0.8748268533516202 -0.05021298303585586
v 0.027863947696317292 0.8754358333516202 -0.050113383635855865
v 0.026740233396317294 0.8757716463516202 -0.05003178863585587
v 0.02702012749631729 0.8751001403516202 -0.05694188363585587
v 0.02813194229631729 0.8754785103516202 -0.056890079735855865
v 0.02631353119631729 0.8760260393516202 -0.056781971835855864
v 0.02811243009631729 0.8766388343516202 -0.056698085735855865
v 0.026988636696317292 0.8769769713516202 -0.05663129123585586
v 0.026973130196317294 0.8760565563516202 -0.06335469523585587
v 0.02808492349631729 0.8764361783516202 -0.06331090633585587
v 0.02626622839631729 0.8769880583516202 -0.06323400143585586
v 0.02806512549631729 0.8776025823516201 -0.06316327303585587
v 0.026941124396317292 0.8779437593516202 -0.06311577933585587
v 0.02697072919631729 0.8766992143516202 -0.06950479183585587
v 0.02808242759631729 0.8770794913516202 -0.06947110313585586
v 0.02626372969631729 0.8776355433516202 -0.06942887513585587
v 0.02806262669631729 0.8782513783516201 -0.06937440113585587
v 0.026938626496317293 0.8785949993516202 -0.06934827003585586
v 0.02694863269631729 0.8770990413516202 -0.07610028888585586
v 0.028060447396317294 0.8774805113516202 -0.07607667148585587
v 0.026241845496317293 0.8780377553516202 -0.07606339640585587
v 0.028040742496317293 0.8786547823516202 -0.07602517306585586
v 0.02691683729631729 0.8789996553516202 -0.07601697137585586
v 0.02700154199631729 0.8772839353516202 -0.08282447967185587
v 0.02811343409631729 0.8776654053516202 -0.08280915411885587
v 0.026295041696317294 0.8782233043516202 -0.08281815680685586
v 0.028094033696317293 0.8788409873516202 -0.08279336127485587
v 0.026970243096317292 0.8791858003516202 -0.08279899746385587
v 0.02706883569631729 0.8772821473516202 -0.08935311436585587
v 0.02818083669631729 0.8776636173516202 -0.08934571407585587
v 0.026362637996317294 0.8782220533516202 -0.08937340881585587
v 0.02816174644631729 0.8788391393516202 -0.08936134492585586
v 0.02703804899631729 0.8791839523516202 -0.08937852037585586
v 0.02714144629631729 0.8771215723516202 -0.09536141533585586
v 0.02825354784631729 0.8775030423516202 -0.09536300783585587
v 0.026435536296317293 0.8780603453516203 -0.09540909903585587
v 0.02823483385631729 0.8786773723516202 -0.09541176913585586
v 0.02711134869631729 0.8790222453516202 -0.09544030293585587
v 0.02721033989631729 0.8768316553516202 -0.10052331163585587
v 0.028322533706317293 0.8772119333516202 -0.10053750123585586
v 0.02650494499631729 0.8777685803516202 -0.10060540403585587
v 0.028304548006317293 0.8783844163516202 -0.10062829223585587
v 0.02718113829631729 0.8787280363516202 -0.10067032833585586
v 0.02726664489631729 0.8764404703516202 -0.10451859603585587
v 0.02837905101631729 0.8768194963516202 -0.10454987543585587
v 0.026561650496317292 0.8773737003516202 -0.10464111343585586
v 0.02836163434631729 0.8779870913516202 -0.10469170663585586
v 0.027238435096317293 0.8783294603516202 -0.10474801253585586
v 0.02731244269631729 0.8759039683516202 -0.10824212243585586
v 0.028425130066317292 0.8762805503516202 -0.10829026253585586
v 0.026607941796317293 0.8768316553516202 -0.10839989783585587
v 0.02840823121631729 0.8774408153516202 -0.10847794633585586
v 0.02728524149631729 0.8777819913516202 -0.10854570563585586
v 0.027360944096317293 0.8750598473516202 -0.11295166983585586
v 0.028473748826317292 0.8754333903516202 -0.11301651033585586
v 0.026656848396317292 0.8759808583516202 -0.11314561033585586
v 0.028457440436317292 0.8765851303516202 -0.11325035243585586
v 0.02733454669631729 0.8769238633516202 -0.11333015563585587
v 0.02741194889631729 0.8738318133516202 -0.11835617943585586
v 0.028524941766317292 0.8742004683516202 -0.11844109743585587
v 0.02670824899631729 0.8747424533516202 -0.11859789113585587
v 0.02850915118631729 0.8753393933516201 -0.11873520913585586
v 0.02738635239631729 0.8756738353516202 -0.11883210393585586
v 0.02746524009631729 0.8721448233516202 -0.12417404353585587
v 0.028578445316317293 0.8725067423516202 -0.12428344783585588
v 0.02676213159631729 0.8730383563516202 -0.12447610123585587
v 0.02856333926631729 0.8736236733516202 -0.12465302643585587
v 0.027440843196317292 0.8739520353516202 -0.12477196753585587
v 0.02752083729631729 0.8699249673516202 -0.13012209163585586
v 0.02863434981631729 0.8702752633516202 -0.13026162233585586
v 0.026818436596317292 0.8707898303516202 -0.13049964983585588
v 0.02862013969631729 0.8713568493516202 -0.13072548803585587
v 0.02749783449631729 0.8716748403516202 -0.13087258483585587
v 0.02757853459631729 0.8671008393516202 -0.13591668013585587
v 0.028692444786317294 0.8674328973516202 -0.13609337803585586
v 0.02687704939631729 0.8679199263516202 -0.13638826463585585
v 0.02867943700631729 0.8684576793516202 -0.13667420293585586
v 0.027557439196317292 0.8687585643516202 -0.13685647023585587
v 0.027638444696317294 0.8635950133516201 -0.14129075033585586
v 0.02875273860631729 0.8639013813516202 -0.14150749143585586
v 0.02693804629631729 0.8643499663516202 -0.14186058933585588
v 0.028741043996317293 0.8648455783516202 -0.14221116153585586
v 0.027619446596317293 0.8651226803516202 -0.14242937043585585
v 0.02770434319631729 0.8578228993516201 -0.14810639623585586
v 0.02881903853631729 0.8580994053516202 -0.14835847913585587
v 0.02700474669631729 0.8585089493516201 -0.14875726403585587
v 0.028808239846317293 0.8589563413516202 -0.14916528013585587
v 0.02768694799631729 0.8592096013516202 -0.14941170813585586
v 0.02773083649631729 0.8516894623516202 -0.15397454053585585
v 0.028845643626317294 0.8519341993516202 -0.15425699203585586
v 0.02703143099631729 0.8523065493516202 -0.15469231453585586
v 0.02883524820631729 0.8527020263516202 -0.15514931823585587
v 0.02771403269631729 0.8529321593516201 -0.15541832893585586
v 0.027541581496317292 0.8452137753516202 -0.15934636443585587
v 0.028656269426317292 0.8454242393516201 -0.15965519843585585
v 0.026842175996317292 0.8457537933516202 -0.16012289373585586
v 0.02864587493631729 0.8460951493516202 -0.16062231363585588
v 0.027524680796317293 0.8462989973516202 -0.16091131423585586
v 0.027168008496317293 0.8382757953516202 -0.16429729013585587
v 0.028282606046317292 0.8384516883516202 -0.16462733593585588
v 0.02646831699631729 0.8387377903516202 -0.16512231533585586
v 0.02827171049631729 0.8390229983516202 -0.16565638783585585
v 0.027150403696317292 0.8391998453516202 -0.16596233103585586
v 0.02689638079631729 0.8304740833516202 -0.16897796093585588
v 0.02801067289631729 0.8306169553516202 -0.16932448743585587
v 0.02619598059631729 0.8308592483516202 -0.16984114793585586
v 0.027999076096317292 0.8310902763516202 -0.17040193083585586
v 0.02687747399631729 0.8312391683516202 -0.17072127763585587
v 0.02630551529631729 0.8185468963516201 -0.17359099533585587
v 0.02741961929631729 0.8186592503516202 -0.17394956203585588
v 0.02560450509631729 0.8188588073516202 -0.17448256913585586
v 0.027407218696317293 0.8190400643516202 -0.17506253723585585
v 0.02628540899631729 0.8191633863516202 -0.17539199443585585
v 0.02609791889631729 0.8065091413516202 -0.17630708213585589
v 0.02721162049631729 0.8065878793516202 -0.17667527493585589
v 0.025396110496317292 0.8067452953516202 -0.17722077663585586
v 0.027198214096317293 0.8068735053516202 -0.17781676353585585
v 0.026076213496317294 0.8069707203516202 -0.17815400663585587
v 0.02550365119631729 0.7927038713516202 -0.17764735963585587
v 0.026616851796317294 0.7927429123516202 -0.17802396413585586
v 0.02480075319631729 0.7928577113516202 -0.17857816073585586
v 0.02660195809631729 0.7929205343516202 -0.17918729033585587
v 0.025479561696317293 0.7929919413516202 -0.17952985313585587
v 0.025323762596317294 0.7772465993516202 -0.17722001673585586
v 0.02643616399631729 0.7772453473516202 -0.17760057003585586
v 0.024619261696317292 0.7773216413516202 -0.17815875263585587
v 0.02641915059631729 0.7773197933516202 -0.17877458033585586
v 0.02529625589631729 0.7773668213516202 -0.17911957953585586
v 0.025389186996317294 0.7646612573516202 -0.17450839283585587
v 0.02650078479631729 0.7646276993516202 -0.17488972843585587
v 0.02468318119631729 0.7646722843516202 -0.17544866353585586
v 0.02648167589631729 0.7646179243516202 -0.17606572803585585
v 0.02535838079631729 0.7646459983516202 -0.17641103263585586
v 0.024941796396317294 0.7527321023516202 -0.17012103643585585
v 0.02605269379631729 0.7526739883516202 -0.17050143333585588
v 0.02423430139631729 0.7526947303516202 -0.1710594669358559
v 0.026031693396317293 0.7526007343516202 -0.17167484013585588
v 0.02490790099631729 0.7526137283516202 -0.17201970513585585
v 0.023544739896317293 0.7416417053516202 -0.16469487543585587
v 0.02422934489631729 0.7409501713516202 -0.16366107763585586
v 0.02419634719631729 0.7410075713516202 -0.16558659823585586
v 0.02530394029631729 0.7398883153516203 -0.16391408443585587
v 0.02528353869631729 0.7399237203516202 -0.16510396453585585
v -0.0003958307036827091 0.7416027833516202 -0.16867537793585585
v -0.0013217293036827116 0.7421849413516202 -0.16981399063585587
v -0.0009255297036827106 0.7414435193516202 -0.17066970463585585
v 0.0005725733963172913 0.7405015873516202 -0.16882720593585587
v 0.00024526939631729083 0.7404032993516202 -0.17005980763585588
v 0.00016697499631729285 0.7082071353516202 -0.15012278403585588
v -0.0007685274036827103 0.7075015353516202 -0.15055032823585585
v -0.00037792700368270704 0.7070328043516202 -0.15155787763585588
v 0.0011356733963172883 0.7081747693516202 -0.1508658975358559
v 0.0007989741963172897 0.7074484273516202 -0.15175288913585588
v 0.02289423439631729 0.6898394873516202 -0.13759019973585587
v 0.02183472179631729 0.6892554213516202 -0.13807674493585587
v 0.02210182879631729 0.6889557293516202 -0.13914246483585585
v 0.02381613199631729 0.6898999263516202 -0.13835457713585586
v 0.023326327096317292 0.6893536493516202 -0.13931355623585587
v 0.02239321729631729 0.6831131023516201 -0.13734095543585587
v 0.02140661889631729 0.6832014963516202 -0.13806755093585588
v 0.021697130096317293 0.6831326533516202 -0.13918859513585585
v 0.023293428096317292 0.6829890653516202 -0.13801595573585587
v 0.022863225096317292 0.6830012843516202 -0.13916445893585586
v 0.02077732049631729 0.6739304113516202 -0.13756843653585588
v 0.01979772369631729 0.6740817473516202 -0.13819381593585586
v 0.020100422196317292 0.6741225173516202 -0.13933551683585588
v 0.021685523896317293 0.6738777203516202 -0.13832401483585588
v 0.021267127196317293 0.6739969303516202 -0.13941303263585586
v 0.01915488579631729 0.6646618893516202 -0.13921508933585586
v 0.01818297989631729 0.6648809953516202 -0.13982709123585585
v 0.01849748009631729 0.6650250603516202 -0.14095275103585586
v 0.020069975396317292 0.6646704123516202 -0.13995577763585587
v 0.01966369149631729 0.6648950623516202 -0.14103089273585587
v 0.017578763896317292 0.6573069733516202 -0.14131937923585586
v 0.01661630529631729 0.6576020763516202 -0.14188362283585587
v 0.01693333869631729 0.6577600283516202 -0.14298910273585586
v 0.01849115079631729 0.6572825953516201 -0.14207598563585586
v 0.01809204559631729 0.6575625583516203 -0.14312952013585586
v 0.01622066649631729 0.6501639533516202 -0.14334547893585586
v 0.01527404789631729 0.6505450053516202 -0.14386856923585586
v 0.015604985896317293 0.6507658413516202 -0.14498672633585585
v 0.017137238796317292 0.6501474423516203 -0.14411998913585586
v 0.016756443296317293 0.6505202103516202 -0.14515590663585587
v 0.01462037489631729 0.6430553843516202 -0.14510957893585585
v 0.013689845796317292 0.6435048033516202 -0.14564184103585587
v 0.014050433396317293 0.6438512853516202 -0.14674720913585587
v 0.01555667819631729 0.6431238693516202 -0.14589758963585586
v 0.01520422469631729 0.6436155483516202 -0.14690937103585588
v 0.01198264579631729 0.6329118063516201 -0.14789137993585588
v 0.01106528939631729 0.6334011603516202 -0.14844844493585585
v 0.011435601896317291 0.6337946703516202 -0.14950268713585585
v 0.012920303296317291 0.6330024643516202 -0.14861230553585586
v 0.01258200219631729 0.6335485023516202 -0.14960887283585586
v 0.008505716896317291 0.6189465573516202 -0.15160465243585586
v 0.007598610596317293 0.6194702433516202 -0.15214087813585586
v 0.00795771549631729 0.6198254873516202 -0.15320242943585588
v 0.009425315996317293 0.6189776703516202 -0.15233631433585587
v 0.00908660889631729 0.6195209073516202 -0.15332480523585587
v 0.004410859196317292 0.6060011433516201 -0.15492418403585587
v 0.0035107619963172937 0.6065455723516202 -0.15544908493585585
v 0.0038619599963172907 0.6068770333516202 -0.15652086583585587
v 0.005318261696317293 0.6059962553516202 -0.15567140283585587
v 0.004979062796317289 0.6065376443516202 -0.15665819493585587
v 0.0029426030963172894 0.6013285563516202 -0.15629038963585587
v 0.002044405796317289 0.6018784693516201 -0.15681330863585585
v 0.0023935064963172895 0.6022043873516202 -0.15788736943585585
v 0.00384747609631729 0.6013182443516202 -0.15705174203585587
v 0.0035079717963172885 0.6018586803516202 -0.15803562853585587
v 0.00044397269631728936 0.5937064333516202 -0.15899369123585588
v -0.0005133823036827107 0.5940926123516201 -0.15956208113585585
v -0.0001630895036827118 0.5944219273516202 -0.16064489633585588
v 0.0013863928963172914 0.5937992383516202 -0.15973101553585586
v 0.001010999096317293 0.5942408493516202 -0.16074970363585586
v 6.12958963172941e-05 0.5742472453516202 -0.16616393623585585
v -0.0008973442036827109 0.5736550143516203 -0.16702292863585588
v -0.0005066544036827075 0.5744702263516202 -0.16797141733585585
v 0.0010447799963172882 0.5754296823516202 -0.16658543793585587
v 0.0006936043963172919 0.5755674883516202 -0.16770154233585588
v 0.03158407611631729 0.5744498423516202 -0.16949008403585586
v 0.030621597076317293 0.5738971873516202 -0.17026204613585588
v 0.03097643563631729 0.5747069763516202 -0.17120013383585586
v 0.03253416204631729 0.5756014633516202 -0.16996123643585587
v 0.03215846232631729 0.5757599523516203 -0.17101428653585588
v 0.03132147947631729 0.5569191023516202 -0.17706054453585585
v 0.030360907786317292 0.5571505473516202 -0.17760618033585585
v 0.03071822319631729 0.5575169963516202 -0.17868182803585586
v 0.03227298660631729 0.5571417263516202 -0.17780788243585588
v 0.03189993556631729 0.5575114533516202 -0.17880481483585586
v 0.03128085518631729 0.5443261313516202 -0.18163808433585588
v 0.030323611576317293 0.5445416023516202 -0.18225091693585588
v 0.030680457596317292 0.5448932093516202 -0.18332108853585588
v 0.032229551576317295 0.5445434493516202 -0.18233359603585586
v 0.03185843396631729 0.5448937463516202 -0.18337241563585588
v 0.03127239132631729 0.5318411043516202 -0.18671120693585586
v 0.030316726306317293 0.5320377993516202 -0.18735753793585586
v 0.030673319476317292 0.5323619293516202 -0.18843026493585585
v 0.03221987653631729 0.5320434613516202 -0.18738730993585587
v 0.03184958360631729 0.5323661013516202 -0.18845032893585587
v 0.03128910716631729 0.5189650103516202 -0.19024085293585585
v 0.030333945066317293 0.5191368503516202 -0.19090352193585586
v 0.030690540556317293 0.5194226553516202 -0.19198453393585585
v 0.03223604848631729 0.5191448373516202 -0.19091283493585587
v 0.03186613507631729 0.5194278403516202 -0.19199033093585588
v 0.03129163663631729 0.5060503533516202 -0.19317237293585587
v 0.030336498286317293 0.5061906323516202 -0.19384099493585588
v 0.030693110546317293 0.5064249683516202 -0.19493285593585585
v 0.03223850671631729 0.5061982623516201 -0.19385045793585587
v 0.03186870505631729 0.5064298553516202 -0.19493880893585586
v 0.03130661183631729 0.4929829283516202 -0.19517657893585588
v 0.03035166673631729 0.4930839883516202 -0.19585416493585586
v 0.03070866502631729 0.4932542783516202 -0.19696179793585586
v 0.032253770156317293 0.4930906933516202 -0.19586392493585586
v 0.03188422368631729 0.4932586303516202 -0.19696673793585587
v 0.031343311536317295 0.4797366303516202 -0.19676024493585587
v 0.03038851171631729 0.4797973383516202 -0.19744368593585587
v 0.030745700936317292 0.4799005133516202 -0.19855941093585588
v 0.03229059604631729 0.4798019273516202 -0.19745375993585587
v 0.03192129544631729 0.4799032553516202 -0.19856551293585586
v 0.031362804586317294 0.4629763713516202 -0.19776438893585585
v 0.03040800476631729 0.4630047423516202 -0.19845095993585588
v 0.03076530853631729 0.46305051935162017 -0.19957305493585586
v 0.03231010818631729 0.4630044443516202 -0.19846118193585588
v 0.03194080758631729 0.46305051935162017 -0.19957946193585585
v 0.03133261110631729 0.4461288503516202 -0.19634891293585588
v 0.03037781175631729 0.44612974435162017 -0.19703856893585586
v 0.030735000966317292 0.4461257803516202 -0.19816522293585587
v 0.03227989608631729 0.4461239623516202 -0.19704955793585588
v 0.03191049955631729 0.4461224123516202 -0.19817220393585588
v 0.03126110462631729 0.4292468173516202 -0.19455550593585585
v 0.03030620980631729 0.42922088935162017 -0.19524092993585584
v 0.03066309401631729 0.4291687053516202 -0.19635978293585588
v 0.03220819868631729 0.4292104883516202 -0.19525115193585585
v 0.03183870715631729 0.4291622683516202 -0.19636603493585586
v 0.03115650592631729 0.4132398113516202 -0.19317071093585586
v 0.030201400626317293 0.4131873293516202 -0.19385428693585588
v 0.030558113476317292 0.4130878493516202 -0.19496987793585585
v 0.03210340905631729 0.4131729943516202 -0.19386420393585585
v 0.03173361206631729 0.4130789983516202 -0.19497729793585586
v 0.03102699667631729 0.3959586963516202 -0.19107562293585587
v 0.030071700926317294 0.3958790643516202 -0.19176211993585585
v 0.030428108296317292 0.3957334803516202 -0.19287808993585587
v 0.03197380481631729 0.3958622563516202 -0.19177173093585587
v 0.03160360734631729 0.3957231093516202 -0.19288403493585587
v 0.03088110359631729 0.3799904033516202 -0.18852910393585587
v 0.029925502836317293 0.37988359235162017 -0.18920566093585586
v 0.030281509276317294 0.3796925593516202 -0.19031062693585588
v 0.03182751126631729 0.3798649953516202 -0.18921496693585588
v 0.03145700879631729 0.3796809663516202 -0.19031642393585585
v 0.03072679927631729 0.3638521773516202 -0.18525975893585586
v 0.02977100759631729 0.3637160703516202 -0.18593198093585586
v 0.03012659493631729 0.3634780393516202 -0.18702708893585585
v 0.03167299693631729 0.36369836835162017 -0.18594159193585585
v 0.03130209352631729 0.3634670423516202 -0.18703288593585587
v 0.03058029571631729 0.3430327823516202 -0.18071450293585586
v 0.02962431404631729 0.3428670813516202 -0.18137841673585586
v 0.02997961453631729 0.3425860153516202 -0.18246346713585587
v 0.03152639791631729 0.3428542663516202 -0.18138924983585586
v 0.031155113596317292 0.3425780883516202 -0.18247003103585585
v 0.030513996256317292 0.3228400393516202 -0.17548502983585587
v 0.02955801412631729 0.3226550863516202 -0.17614375803585586
v 0.02991310506631729 0.3223493143516202 -0.17722193893585586
v 0.03146000299631729 0.3226483813516202 -0.17615626753585586
v 0.03108869958631729 0.3223450523516202 -0.17722956833585585
v 0.03051460673631729 0.3027041303516202 -0.17099969093585587
v 0.02955860551631729 0.3025152133516202 -0.17165719713585587
v 0.029913696456317293 0.3022082193516202 -0.17273492363585585
v 0.03146059438631729 0.3025139913516202 -0.17167107763585587
v 0.03108931006631729 0.3022072953516202 -0.17274361853585585
v 0.030304378826317292 0.2830155833516202 -0.16708823293585587
v 0.02934828214631729 0.2828378123516202 -0.16774894293585585
v 0.029703392646317293 0.2825532603516202 -0.16883292793585586
v 0.03125038556631729 0.2828410313516202 -0.16776404533585587
v 0.030878986696317293 0.2825552273516202 -0.16884239013585586
v 0.030215419826317293 0.2631003453516202 -0.16535247113585588
v 0.02925922814631729 0.26294929235162023 -0.16601973773585588
v 0.02961412817631729 0.2627120213516202 -0.16711547223585588
v 0.03116131247631729 0.26295631135162023 -0.16603576393585587
v 0.030789722686317293 0.26271628335162023 -0.16712538893585588
v 0.03014872688631729 0.24277692035162018 -0.16409125923585588
v 0.02919232565631729 0.2426691993516202 -0.16476676613585586
v 0.02954682521631729 0.2425047053516202 -0.16587623213585587
v 0.03109433315631729 0.2426789603516202 -0.16478324683585588
v 0.03072232426631729 0.2425108153516202 -0.16588645423585585
v 0.02999994903631729 0.2236955363516202 -0.16325822473585588
v 0.029043032786317292 0.2236454983516202 -0.16394013913585587
v 0.02939684595631729 0.2235774443516202 -0.16506043823585587
v 0.03094504028631729 0.2236583133516202 -0.16395707423585587
v 0.03057234454631729 0.2235853723516202 -0.16507096593585585
v 0.029935237956317293 0.2091099513516202 -0.16295301173585586
v 0.028977938926317292 0.2091210833516202 -0.16363584253585586
v 0.02933095116631729 0.2091564883516202 -0.16475766893585586
v 0.03087985189631729 0.2091384873516202 -0.16365293413585585
v 0.03050635522631729 0.2091673213516202 -0.16476819663585585
v 0.030171925206317292 0.19395681235162018 -0.16287961603585588
v 0.02921401709631729 0.1940216613516202 -0.16355848313585586
v 0.02956611290631729 0.1941487683516202 -0.16467374563585585
v 0.031116024586317292 0.1940437903516202 -0.16357526923585586
v 0.03074161195631729 0.1941624923516202 -0.16468396783585587
v 0.030524205416317292 0.1782883153516202 -0.16379388423585586
v 0.029565895906317294 0.17839651235162018 -0.16446633633585586
v 0.02991709671631729 0.1785973063516202 -0.16557061673585588
v 0.03146778978631729 0.1784224403516202 -0.16448251153585586
v 0.03109249984631729 0.1786134883516202 -0.16558053343585588
v 0.03099762601631729 0.1632917573516202 -0.16495065393585587
v 0.030038820576317293 0.1634325883516202 -0.16561623663585587
v 0.030389315446317292 0.1636895583516202 -0.16670876743585586
v 0.03194071445631729 0.1634615853516202 -0.16563180093585586
v 0.03156471904631729 0.1637075593516202 -0.16671838613585588
v 0.031758007126317295 0.1482080123516202 -0.16835504023585585
v 0.03079889714631729 0.1483718943516202 -0.16901483383585586
v 0.03114889561631729 0.1486680703516202 -0.17009744043585587
v 0.03270069509631729 0.1484030233516202 -0.16902978713585587
v 0.03232429921631729 0.1486872923516202 -0.17010674623585587
v 0.03197389980631729 0.1331595003516202 -0.17170886693585585
v 0.03101459890631729 0.13333680935162018 -0.17236483843585587
v 0.03136419691631729 0.1336559473516202 -0.17344073953585587
v 0.03291630186631729 0.1333690783516202 -0.17237933723585586
v 0.032539505046317294 0.1336758553516202 -0.17344988883585588
v 0.03219480905631729 0.1186659303516202 -0.17418712373585588
v 0.03123489767631729 0.1188859613516202 -0.17483028023585587
v 0.031583999746317294 0.1192446993516202 -0.17589458073585587
v 0.03313709655631729 0.1188887103516202 -0.17485362293585588
v 0.03275961335631729 0.1192464503516202 -0.17590892313585588
v 0.03121633455631729 0.09122848975162019 -0.18192090093585586
v 0.03025684319631729 0.09144539855162019 -0.18256589023585587
v 0.030605735256317292 0.0917629348516202 -0.18364544953585588
v 0.03215833566631729 0.0914120571516202 -0.18260174993585587
v 0.03178092883631729 0.09174225945162019 -0.18366757783585586
v 0.03020529169631729 0.0688827494516202 -0.19083426893585587
v 0.029242016376317292 0.0690339924516202 -0.19144570793585586
v 0.02959273476631729 0.0692826220516202 -0.19258355393585586
v 0.031151356176317292 0.0690377997516202 -0.19159421293585588
v 0.030772647356317292 0.0692851329516202 -0.19267388393585588
v 0.02887524105631729 0.0514413164516202 -0.19684825093585587
v 0.02928177732631729 0.051621695051620196 -0.19797965093585587
v 0.030464855956317292 0.0512170130516202 -0.19749785993585586
v 0.03001891262631729 0.0510108033516202 -0.19622290893585587
v 0.030722739176317293 0.051018753051620194 -0.19694600293585585
v 0.02871483284631729 0.0370196262516202 -0.20041003793585588
v 0.02917998004631729 0.0392687292516202 -0.19798011293585588
v 0.02954350598631729 0.0357239814516202 -0.19877152893585587
v 0.029742104006317292 0.029644479051620196 -0.20104335293585585
v 0.02979225106631729 0.030275682951620198 -0.20061791693585587
v 0.02572592909631729 0.06685872845162019 -0.19116637893585586
v 0.02507478649631729 0.0643548937516202 -0.19346286393585588
v 0.02588683739631729 0.0575091699516202 -0.19324010593585586
v 0.02605928569631729 0.0557888010516202 -0.19321307493585588
v 0.02595607659631729 0.0614670077516202 -0.19207320393585586
v 0.02101224289631729 0.0920990901516202 -0.18114449833585589
v 0.021201033096317292 0.0948969470516202 -0.17953515793585587
v 0.02185523509631729 0.0877166958516202 -0.18024224783585585
v 0.022070841896317292 0.0828733118516202 -0.18113992363585585
v 0.02154984879631729 0.08558174685162019 -0.18169762943585588
v 0.02018993349631729 0.0690463492516202 -0.18718899793585586
v 0.019081117596317292 0.0691972495516202 -0.18751294193585588
v 0.01910874249631729 0.0693885209516202 -0.18868985793585585
v 0.02090325019631729 0.0691437097516202 -0.18817492593585589
v 0.020234927496317293 0.0693553658516202 -0.18909905893585588
v 0.018755001996317293 0.051398896651620195 -0.19227126193585586
v 0.017635757096317293 0.0515273669516202 -0.19245763093585588
v 0.01766329069631729 0.0516759688516202 -0.19370402393585587
v 0.019475188096317292 0.0514668757516202 -0.19341851793585585
v 0.01880004439631729 0.0516387084516202 -0.19429582393585587
v 0.01640004669631729 0.029136153851620196 -0.19435542793585586
v 0.01527462709631729 0.029254123551620197 -0.19451827593585586
v 0.01530965229631729 0.029169633051620198 -0.19577317693585589
v 0.01713329929631729 0.028977615751620195 -0.19552514693585588
v 0.01645964199631729 0.028998696251620198 -0.19639514393585586
v 0.015191487996317293 0.0241369912416202 -0.19290436793585586
v 0.014078339596317293 0.024288749321620198 -0.19310767193585587
v 0.014064369696317292 0.024035854261620197 -0.19432523093585585
v 0.01586591449631729 0.023789214901620198 -0.19401219493585586
v 0.015168670596317293 0.023727293121620197 -0.19488336193585587
v 0.013990601496317291 0.0182076892816202 -0.19144160293585588
v 0.012878317396317292 0.018347153441620197 -0.19168719693585587
v 0.01285979709631729 0.0180904385616202 -0.19292571393585586
v 0.014660838996317292 0.0178636836316202 -0.19254331293585586
v 0.013961709996317292 0.017791367601620197 -0.19345963793585585
v 0.012557337096317293 0.012332134181620198 -0.18977956493585585
v 0.01144446059631729 0.012452816821620197 -0.19007150093585587
v 0.011423632496317292 0.012193931271620197 -0.19127871793585588
v 0.013225009696317291 0.011997715101620197 -0.19082133493585585
v 0.012524157796317291 0.011912566381620197 -0.19174417093585588
v 0.011203462296317291 0.006282418961620198 -0.18835126593585588
v 0.01008974759631729 0.006377955901620198 -0.18869021493585586
v 0.01006561889631729 0.006115968341620197 -0.18985480793585585
v 0.011868474996317293 0.005960306151620198 -0.18932177893585586
v 0.01116525379631729 0.005857460201620198 -0.19025056093585585
v 0.010022206196317291 0.0003417292516201976 -0.18688274193585586
v 0.008906006796317291 0.00040732885162019644 -0.18724574193585586
v 0.008881432896317293 0.0001390594516201965 -0.18838714093585585
v 0.010685905796317292 3.272945162019654e-05 -0.18780253793585588
v 0.009979804996317291 -9.257064837980312e-05 -0.18873408393585586
v 0.00937111119631729 -0.0061831800483798036 -0.18505204493585586
v 0.008255377396317293 -0.006150926448379803 -0.18539925693585585
v 0.008229663596317292 -0.006428704548379804 -0.18653846493585585
v 0.01003522799631729 -0.006480851248379802 -0.18597636393585587
v 0.009329739996317293 -0.006632561748379801 -0.18689504293585585
v 0.009184120196317293 -0.012620105448379802 -0.18291033803585588
v 0.008067075196317292 -0.012673177748379803 -0.18322566153585587
v 0.00804178979631729 -0.012961954848379802 -0.18435990793585588
v 0.00984864869631729 -0.012876127848379802 -0.18385047493585588
v 0.00914225359631729 -0.013087510148379802 -0.18474711493585588
v 0.01112842369631729 -0.022822304648379803 -0.17887499923585587
v 0.00998460499631729 -0.0230409866483798 -0.17907012253585586
v 0.009902154996317292 -0.023341829848379805 -0.18020018933585585
v 0.01174698959631729 -0.022988016748379803 -0.17988810683585588
v 0.010988857596317292 -0.0233087046483798 -0.18070222433585587
v 0.01406568099631729 -0.0331150954483798 -0.17562623323585586
v 0.01296821049631729 -0.0335235139483798 -0.17558985943585587
v 0.01272045259631729 -0.033835920548379805 -0.17668969933585588
v 0.014488683996317291 -0.033174890048379806 -0.17675073443585587
v 0.013658044896317292 -0.0336201293483798 -0.17740342763585587
v 0.01857713799631729 -0.0439189886483798 -0.17224422093585587
v 0.01758665959631729 -0.0445008827483798 -0.17202614993585585
v 0.01716631839631729 -0.0448268344483798 -0.17306251083585586
v 0.01876103509631729 -0.043886001248379804 -0.17342309653585586
v 0.01789024849631729 -0.0444468474483798 -0.17392621193585586
v 0.025667261296317294 -0.0528138158483798 -0.16845828293585585
v 0.024787744496317293 -0.053556921848379804 -0.16820126773585586
v 0.02430032659631729 -0.05390707684837981 -0.16921225933585587
v 0.02572334469631729 -0.0527045456483798 -0.16962819543585586
v 0.024878494396317292 -0.053380253748379805 -0.17009417713585587
v 0.03263808647631729 -0.0578765524483798 -0.17023837563585587
v 0.03189833788631729 -0.0587630076483798 -0.16999501733585587
v 0.03144064359631729 -0.0591438589483798 -0.17100883273585588
v 0.03263772185631729 -0.0577096221483798 -0.17140265553585587
v 0.03189762029631729 -0.05849278994837981 -0.17187884453585586
v 0.04208471672631729 -0.0624132929483798 -0.16885865483585588
v 0.04150768183631729 -0.06343026734837981 -0.16865390543585587
v 0.04112072847631729 -0.0637955768483798 -0.16966493423585588
v 0.04205377492631729 -0.06215235874837981 -0.17000018803585587
v 0.04145636455631729 -0.06301038244837981 -0.17049815503585586
v 0.05356008839631729 -0.0657793981483798 -0.16675864903585585
v 0.05306237099631729 -0.0668726069483798 -0.16664857413585588
v 0.052846754896317294 -0.0671706749483798 -0.16762620213585588
v 0.053646644596317294 -0.0654057962483798 -0.16783275453585586
v 0.05320286189631729 -0.0662701977483798 -0.16837809983585586
v 0.06132408979631729 -0.0690036965483798 -0.16351255033585588
v 0.06072580259631729 -0.07004331334837981 -0.16357915843585585
v 0.060601714996317294 -0.0703020868483798 -0.16456977273585588
v 0.06156992349631729 -0.0686186803483798 -0.16450431193585585
v 0.06112271729631729 -0.0694252951483798 -0.16516400873585585
v 0.06911892259631729 -0.0746836615483798 -0.15993892403585586
v 0.06839114429631729 -0.07557335034837981 -0.16027127953585585
v 0.0683226622963173 -0.0758031858483798 -0.16131479293585588
v 0.06950599329631729 -0.0743638603483798 -0.16080398853585587
v 0.0690161454963173 -0.0750563247483798 -0.16167461123585586
v 0.07432957369631729 -0.0817298395483798 -0.15621484813585587
v 0.07353265579631729 -0.0824706656483798 -0.15677524353585587
v 0.07350605729631729 -0.0827004117483798 -0.15795066953585585
v 0.07480582219631729 -0.0815013749483798 -0.15705299373585585
v 0.07429455589631728 -0.0821023760483798 -0.15810933713585587
v 0.07737398889631729 -0.0885332256483798 -0.15384552623585585
v 0.07650382439631728 -0.0891233266483798 -0.15443802623585587
v 0.07652104269631729 -0.0892952936483798 -0.15565558523585588
v 0.0779374017963173 -0.0883406206483798 -0.15469889343585586
v 0.07740984859631729 -0.08881155664837981 -0.15581658483585586
v 0.07832691069631728 -0.0953064436483798 -0.15308737753585588
v 0.07732651009631729 -0.0957544696483798 -0.15354953703585586
v 0.07732538509631728 -0.09589018964837981 -0.15480398383585586
v 0.0789468474963173 -0.0951641606483798 -0.15404991063585588
v 0.07832641529631729 -0.0955177646483798 -0.15509431813585586
v 0.0783139727963173 -0.1018208216483798 -0.15234196933585586
v 0.07720069219631728 -0.1021292386483798 -0.15271902083585587
v 0.07714556529631729 -0.1021936936483798 -0.15395942333585588
v 0.07894692569631728 -0.1016970006483798 -0.15334817023585587
v 0.07822478189631729 -0.1019260766483798 -0.15434779223585587
v 0.0782574004963173 -0.1095888866483798 -0.15200186523585585
v 0.07710953059631728 -0.1097650336483798 -0.15239532293585586
v 0.07703483109631729 -0.1097757396483798 -0.15364722163585587
v 0.07889222349631729 -0.10949311664837981 -0.15300880373585585
v 0.07813488319631728 -0.1096130786483798 -0.15403232723585586
v 0.07744957879631728 -0.12211918364837981 -0.15186041593585586
v 0.0763071029963173 -0.1221810536483798 -0.15220478923585587
v 0.0762409753963173 -0.1222325816483798 -0.15341635043585589
v 0.07809055219631729 -0.1221303896483798 -0.15285508333585585
v 0.07734376559631728 -0.1221993666483798 -0.15381594003585586
v 0.07620750739631729 -0.1398780146483798 -0.15114985403585585
v 0.07507278769631728 -0.1398595526483798 -0.15145747363585588
v 0.07501381259631729 -0.1399131076483798 -0.15263041853585585
v 0.07684967289631729 -0.13994308864837982 -0.15213251863585586
v 0.07611191269631729 -0.1399646806483798 -0.15304774043585587
v 0.0753157063963173 -0.1577198606483798 -0.15077151353585588
v 0.0741825885963173 -0.1576693456483798 -0.15108080953585587
v 0.07412277529631729 -0.1577386216483798 -0.15225283803585588
v 0.07595611739631729 -0.15782041364837981 -0.15175219623585587
v 0.07521888989631728 -0.1578320066483798 -0.15266772363585585
v 0.0740074179963173 -0.1759224036483798 -0.15034196523585586
v 0.0728752947963173 -0.1758596996483798 -0.15065233413585588
v 0.07281448689631728 -0.1759417906483798 -0.15182359513585586
v 0.07464637979631729 -0.1760432526483798 -0.15132143343585586
v 0.0739090777963173 -0.1760551586483798 -0.15223696083585586
v 0.07261062789631728 -0.1936251776483798 -0.14976760743585588
v 0.0714778936963173 -0.19356978964837981 -0.15007751433585587
v 0.07141640039631729 -0.19366180464837982 -0.15124771003585585
v 0.07324920969631729 -0.1937513756483798 -0.15074661373585585
v 0.07251106579631729 -0.1937739506483798 -0.15166137363585586
v 0.07145301999631729 -0.2116360166483798 -0.14857441183585585
v 0.07031849399631729 -0.2116074966483798 -0.14888187493585586
v 0.07025661689631729 -0.2117065146483798 -0.15005176513585589
v 0.0720922126963173 -0.2117526036483798 -0.14955402163585585
v 0.0713527723963173 -0.2117962346483798 -0.15046711263585588
v 0.07061673329631729 -0.22935227564837982 -0.14766361563585587
v 0.06948064269631729 -0.2293753126483798 -0.14796649663585587
v 0.06941842289631729 -0.2294815136483798 -0.14913562683585585
v 0.0712567641963173 -0.2294442906483798 -0.14864551273585586
v 0.07051625479631729 -0.2295242496483798 -0.14955524353585586
v 0.07138313729631729 -0.2501537156483798 -0.14630035313585588
v 0.07024872299631729 -0.2502477126483798 -0.14659667763585588
v 0.0701868086963173 -0.2503648946483798 -0.14776474233585585
v 0.0720221735963173 -0.2502127836483798 -0.14728546143585586
v 0.0712828859963173 -0.2503432286483798 -0.14819046113585588
v 0.0732582136963173 -0.2714080466483798 -0.14381438123585588
v 0.0721301286963173 -0.2715710056483798 -0.14410369093585587
v 0.07206932459631729 -0.2716999606483798 -0.14527053013585586
v 0.0738945789963173 -0.2714364486483798 -0.14480246603585586
v 0.0731597914963173 -0.2716167816483798 -0.14570250363585585
v 0.07626282049631729 -0.2918001066483798 -0.14029834793585588
v 0.0751428268963173 -0.29201861764837983 -0.14058162643585587
v 0.0750833153963173 -0.2921571686483798 -0.14174755293585586
v 0.0768956020963173 -0.2918031766483798 -0.14128917823585585
v 0.07616661489631729 -0.2920238026483798 -0.14218471573585587
v 0.08017158509631729 -0.3124309136483798 -0.13544533773585588
v 0.0790596007963173 -0.3126921306483798 -0.13572381063585587
v 0.07900154219631729 -0.3128380136483798 -0.13688889513585586
v 0.08080070469631728 -0.3124150286483798 -0.13643830273585586
v 0.0800775922963173 -0.3126665006483798 -0.13733048363585587
v 0.0847589112963173 -0.3325067416483798 -0.13128497083585586
v 0.08365371819631728 -0.3327981786483798 -0.13155993443585587
v 0.0835968032963173 -0.3329489486483798 -0.13272433353585586
v 0.08538497979631729 -0.3324771476483798 -0.13227954133585587
v 0.08466682579631729 -0.3327508816483798 -0.13316920403585586
v 0.08794416489631729 -0.3537462906483798 -0.12596853453585588
v 0.08684339749631728 -0.3540554296483798 -0.12624128533585588
v 0.0867871678963173 -0.3542095376483798 -0.12740537523585588
v 0.08856832609631729 -0.35370876964837983 -0.12696401773585586
v 0.0878532975963173 -0.3539950206483798 -0.12785207853585587
v 0.09087138999631729 -0.3754153796483798 -0.12131275233585587
v 0.09078483659631728 -0.3754029526483798 -0.12249201913585586
v 0.0918843075963173 -0.3754481926483798 -0.12292061003585586
v 0.0920244790963173 -0.3754682196483798 -0.12101234493585586
v 0.09265051039631729 -0.3754884556483798 -0.12200607363585586
v 0.0947050563963173 -0.3984518306483798 -0.12195980923585586
v 0.09480675679631728 -0.3984765666483798 -0.12077420203585587
v 0.09595116599631728 -0.3983370916483798 -0.12048039583585587
v 0.0965567864963173 -0.3982260176483798 -0.12148465213585587
v 0.09578667579631729 -0.3982970966483798 -0.12239895763585587
v 0.0946256443963173 -0.4212037276483798 -0.12513235213585586
v 0.0934866517963173 -0.4200556526483798 -0.12524587663585587
v 0.09343584249631728 -0.4195307446483798 -0.12634435673585587
v 0.09527887399631729 -0.4213889496483798 -0.12616087123585587
v 0.0945435538963173 -0.4203547196483798 -0.12690984833585586
v 0.09031204129631729 -0.4203958166483798 -0.13019068913585585
v 0.09019035469631728 -0.4214394936483798 -0.12966349723585585
v 0.0868256762963173 -0.4202468646483798 -0.13170363383585587
v 0.0899005904963173 -0.4212475376483798 -0.12854044883585586
v 0.09009742739631729 -0.4195589976483798 -0.12939349193585586
v 0.09031204129631729 -0.4203958166483798 -0.13019068913585585
v 0.0898430645963173 -0.4200851276483798 -0.12837359313585586
v 0.0867122262963173 -0.4212905716483798 -0.13117438183585586
v 0.0866235754963173 -0.4194097766483798 -0.13090338933585588
v 0.0864399335963173 -0.4210983166483798 -0.13004698973585588
v 0.0863851569963173 -0.4199362056483798 -0.12987944483585587
v 0.0829478650963173 -0.4203281356483798 -0.13348645343585586
v 0.08276689429631728 -0.4194907196483798 -0.13268139953585587
v 0.0828483774963173 -0.4213715146483798 -0.13295407223585587
v 0.08260583879631729 -0.4211789616483798 -0.13181988893585586
v 0.08255556229631729 -0.4200165526483798 -0.13165127853585587
v 0.07904954999631729 -0.4204479406483798 -0.13515289503585587
v 0.07889863849631729 -0.4196102576483798 -0.13434188813585587
v 0.07896989959631728 -0.4214910516483798 -0.13461662453585588
v 0.0787697806963173 -0.4212981716483798 -0.13347412273585585
v 0.07872568069631729 -0.4201354636483798 -0.13330429043585587
v 0.07512636479631729 -0.4206243706483798 -0.13616970923585586
v 0.07501459489631729 -0.4197860616483798 -0.13535283133585585
v 0.07507250089631728 -0.4216671536483798 -0.13562947143585585
v 0.07492723689631729 -0.4214733796483798 -0.13447873293585588
v 0.07489145549631729 -0.4203106716483798 -0.13430767883585587
v 0.07117456569631729 -0.4208576636483798 -0.13688574733585587
v 0.07111101599631729 -0.42001872764837983 -0.13606413823585586
v 0.07115236669631729 -0.4219001186483798 -0.13634238393585585
v 0.07107508179631729 -0.4217054196483798 -0.13518500323585586
v 0.07104944439631729 -0.4205427126483798 -0.13501311463585586
v 0.06722776779631728 -0.4213932406483798 -0.13701399783585586
v 0.0672226938963173 -0.4224353986483798 -0.13647025073585586
v 0.0671826768963173 -0.4222401036483798 -0.13531165193585587
v 0.06719087999631729 -0.4205540076483798 -0.13619162513585586
v 0.0671629942963173 -0.4210773656483798 -0.13513937963585587
v 0.06722776779631728 -0.4213932406483798 -0.13701399783585586
v 0.0672226938963173 -0.4224353986483798 -0.13647025073585586
v 0.0671629942963173 -0.4210773656483798 -0.13513937963585587
v 0.0671826768963173 -0.4222401036483798 -0.13531165193585587
v 0.06722776779631728 -0.4213932406483798 -0.13701399783585586
v 0.06391192229631729 0.028543634351620197 -0.20166403793585586
v 0.0635005831963173 0.027940511751620198 -0.20066777593585589
v 0.061043690896317296 0.0341981230516202 -0.20084717893585585
v 0.06146052289631729 0.034398092851620196 -0.20191378893585588
v 0.06305088849631729 0.0273741213516202 -0.20249734093585586
v 0.07117645439631728 0.018210497921620196 -0.20121031993585586
v 0.0704945325963173 0.017094088721620198 -0.20211539393585587
v 0.060511425096317295 0.0344920875516202 -0.20250748793585588
v 0.06071975079631729 0.0425231689516202 -0.19946429893585588
v 0.061131548096317295 0.042732127951620194 -0.20053791993585585
v 0.05959787219631729 0.0425539156516202 -0.19941239793585586
v 0.05983320999631729 0.0341656981516202 -0.20079345293585588
v 0.0635005831963173 0.027940511751620198 -0.20066777593585589
v 0.06135438759631729 0.0515491897516202 -0.19744557893585585
v 0.06022658759631729 0.051577390151620196 -0.19739777593585586
v 0.06026438619631729 0.0428919969516202 -0.20113934593585586
v 0.061771968396317295 0.051781659051620195 -0.19852898993585588
v 0.059318460496317296 0.0427790964516202 -0.20046361493585585
v 0.05994977239631729 0.0518248015516202 -0.19847439993585586
v 0.06012871119631729 0.061664168751620195 -0.19489764393585585
v 0.06126431749631729 0.0616479674516202 -0.19489984193585586
v 0.059841325496317294 0.061931242251620194 -0.19596730893585587
v 0.06238876279631729 0.026396102251620198 -0.20091374993585587
v 0.05950987709631729 0.034350699751620195 -0.20182410593585587
v 0.06211036069631729 0.026045608351620196 -0.20204961293585588
v 0.06305088849631729 0.0273741213516202 -0.20249734093585586
v 0.06956050549631729 0.015997404931620197 -0.20191098793585588
v 0.06960384179631729 0.016291922191620196 -0.20089927293585585
v 0.0705776549963173 0.0175995884916202 -0.20045483893585586
v 0.06391192229631729 0.028543634351620197 -0.20166403793585586
v 0.07117645439631728 0.018210497921620196 -0.20121031993585586
v 0.06090226579631729 0.051953096851620195 -0.19914771593585587
v 0.06080139429631729 0.0620818259516202 -0.19662911493585586
v 0.06167921799631729 0.061904926751620196 -0.19596999893585587
v 0.06104258449631729 0.0699831182516202 -0.19322455693585588
v 0.06193046829631729 0.06978940685162019 -0.19255273093585587
v 0.06151890199631729 0.0694954628516202 -0.19149901693585586
v 0.060068257196317296 0.0698087336516202 -0.19259099693585585
v 0.06036718189631729 0.06950738745162019 -0.19152224793585587
v 0.06206438879631729 0.07871773555162019 -0.18731137393585587
v 0.062485827096317295 0.0790571691516202 -0.18834445593585586
v 0.06157810989631729 0.0792747111516202 -0.18903788893585588
v 0.06089827419631729 0.0787257300516202 -0.18736136693585587
v 0.06059702299631729 0.0790700437516202 -0.18842839493585586
v 0.06234341489631729 0.0908620180516202 -0.18165683003585587
v 0.0627637188963173 0.0912846373516202 -0.18266200273585587
v 0.061849921896317286 0.0915531115516202 -0.18335132303585588
v 0.06116951819631729 0.0908696474516202 -0.18171985443585587
v 0.06086437959631729 0.0912969158516202 -0.18276377763585588
v 0.06231960649631729 0.1318365013516202 -0.16208253803585587
v 0.0627410150963173 0.1322587853516202 -0.16309740393585587
v 0.06182731869631729 0.1325458033516202 -0.16377945993585585
v 0.06114551799631729 0.1318624363516202 -0.16213731463585584
v 0.060841219496317295 0.1323008953516202 -0.16318605093585586
v 0.0626169237963173 0.1462686403516202 -0.15820267053585585
v 0.0630369223963173 0.1466235563516202 -0.15924178813585588
v 0.06212269139631729 0.1468855483516202 -0.15993285923585587
v 0.06144310349631729 0.1463112133516202 -0.15825165063585586
v 0.06113769859631729 0.14669238535162019 -0.15932098033585587
v 0.06290378979631729 0.1600000603516202 -0.15579594673585587
v 0.0633232146963173 0.1603264403516202 -0.15684468303585586
v 0.06240860369631729 0.1605682863516202 -0.15754261613585585
v 0.061729893096317295 0.1600400253516202 -0.15584584323585587
v 0.06142391449631729 0.1603912903516202 -0.15692524613585584
v 0.06317058949631729 0.1747980463516202 -0.15474384273585587
v 0.06358898429631729 0.1750748353516202 -0.15580753233585587
v 0.0626736860963173 0.1752817523516202 -0.15651584413585587
v 0.061996692796317296 0.1748337493516202 -0.15479496123585587
v 0.06168960969631729 0.1751326663516202 -0.15589008483585587
v 0.06340710069631729 0.18883710035162019 -0.15519452843585585
v 0.06382419909631729 0.1890402033516202 -0.15627546603585585
v 0.06290798449631729 0.1891950713516202 -0.15699628743585586
v 0.06223308849631729 0.1888663963516202 -0.15524717423585588
v 0.06192459349631729 0.1890876493516202 -0.15636060383585587
v 0.0632994453963173 0.2010403913516202 -0.15587040033585586
v 0.0637150555963173 0.20114233035162019 -0.15696689483585585
v 0.06279773639631729 0.2012257923516202 -0.15769855673585587
v 0.06212524329631729 0.2010608513516202 -0.15592441703585586
v 0.06181525999631729 0.2011754413516202 -0.15705417843585587
v 0.0631560217963173 0.2129237553516202 -0.15663484483585588
v 0.0635702218963173 0.21289551735162018 -0.15773714333585587
v 0.06265190989631729 0.2128871283516202 -0.15847276893585588
v 0.06198174319631729 0.21293290435162018 -0.15668931603585587
v 0.06167012079631729 0.2129101653516202 -0.15782518683585586
v 0.0632395259963173 0.2261153353516202 -0.15772592273585587
v 0.06365284699631729 0.2259616753516202 -0.15881708263585587
v 0.0627339258963173 0.2258653983516202 -0.15954477343585588
v 0.06206513199631729 0.2261139643516202 -0.15777948503585587
v 0.06175270859631729 0.22595939535162018 -0.15890359873585586
v 0.06317307799631729 0.2462995243516202 -0.15990407023585587
v 0.0635860561963173 0.24607095635162018 -0.16098087283585588
v 0.0626669823963173 0.2459234043516202 -0.16169895233585585
v 0.06199868579631729 0.2462931173516202 -0.15995655953585586
v 0.06168588059631729 0.24606056935162018 -0.16106586153585586
v 0.06354727599631729 0.2642898453516202 -0.16313316673585587
v 0.06396017969631729 0.2640238893516202 -0.16420142353585587
v 0.06304095129631729 0.2638513193516202 -0.16491355743585587
v 0.062372883796317294 0.2642814563516202 -0.16318519413585586
v 0.06205996309631729 0.2640104633516202 -0.16428565233585585
v 0.0640578120963173 0.2845761523516202 -0.16759776323585585
v 0.06447060029631729 0.2842862353516202 -0.16865977643585586
v 0.0635514109963173 0.2840976163516202 -0.16936778273585587
v 0.06288341809631728 0.2845663773516202 -0.16764949263585588
v 0.0625703837963173 0.2842709763516202 -0.16874355073585587
v 0.06412720119631729 0.3034423333516202 -0.17176333813585587
v 0.06453998949631728 0.3031429393516202 -0.17282260213585587
v 0.0636207237963173 0.3029476153516202 -0.17352878303585587
v 0.0629528071963173 0.3034319323516202 -0.17181491103585586
v 0.0626398119963173 0.3031264593516202 -0.17290607093585586
v 0.0640575680963173 0.3230579543516202 -0.17631334063585585
v 0.06447035629631728 0.3227634773516202 -0.17737382653585587
v 0.0635510533963173 0.3225708943516202 -0.17808075993585587
v 0.0628831367963173 0.3230475833516202 -0.17636475713585587
v 0.0625701415963173 0.3227463713516202 -0.17745713893585585
v 0.06398752519631729 0.3423790973516202 -0.18138034643585588
v 0.06440035249631729 0.3421026213516202 -0.18244586143585587
v 0.06348104779631729 0.3419216323516202 -0.18315600603585586
v 0.06281313299631729 0.3423690243516202 -0.18143206833585585
v 0.06250013599631729 0.3420861413516202 -0.18252947923585588
v 0.06429958719631729 0.3622534023516202 -0.18588103393585587
v 0.06471248899631729 0.36200315235162017 -0.18695296393585586
v 0.0637932996963173 0.3618389713516202 -0.18766722793585588
v 0.06312519499631729 0.3622442533516202 -0.18593276293585587
v 0.06281231339631729 0.3619882213516202 -0.18703673793585585
v 0.06433708589631729 0.3788839623516202 -0.18952895693585586
v 0.0647501032963173 0.3786605643516202 -0.19060668393585586
v 0.06383091209631729 0.3785143843516202 -0.19132491193585588
v 0.06316269189631729 0.3788757373516202 -0.18958083493585587
v 0.06284988669631729 0.3786474513516202 -0.19069091193585586
v 0.0643719899963173 0.3956100393516202 -0.19276214393585586
v 0.06478500739631729 0.39541778435162017 -0.19384597193585587
v 0.06386581809631729 0.3952920483516202 -0.19456801593585588
v 0.06319759789631729 0.3956030053516202 -0.19281447693585585
v 0.06288479269631729 0.3954064893516202 -0.19393065593585587
v 0.06440151479631728 0.4124038563516202 -0.19545394193585586
v 0.06481460849631729 0.4122506723516202 -0.19654402893585587
v 0.0638954955963173 0.4121502683516202 -0.19727019993585587
v 0.06322712269631729 0.4123983723516202 -0.19550643093585585
v 0.06291439379631729 0.4122414933516202 -0.19662902493585588
v 0.06442299299631729 0.4292401123516202 -0.19747786993585587
v 0.06483620029631729 0.4291338963516202 -0.19857375293585589
v 0.0639170873963173 0.4290643083516202 -0.19930358193585584
v 0.0632485989963173 0.4292361483516202 -0.19753066493585586
v 0.06293598559631729 0.4291274893516202 -0.19865905493585587
v 0.06431409159631729 0.4460934443516202 -0.19870818393585588
v 0.06472726169631729 0.4460430783516202 -0.19980803893585586
v 0.06380818779631729 0.4460098193516202 -0.20054060993585587
v 0.06313969939631729 0.4460912993516202 -0.19876113493585587
v 0.06282708419631729 0.4460397113516202 -0.19989363893585588
v 0.0638372506963173 0.4629382243516202 -0.19901885093585586
v 0.06425038169631729 0.4629525593516202 -0.20011992793585587
v 0.06333138239631729 0.4629611123516202 -0.20085310893585587
v 0.0626628566963173 0.4629382243516202 -0.19907164593585586
v 0.06235024329631729 0.4629522613516202 -0.20020537793585585
v 0.06370053629631729 0.4797512633516202 -0.19828414193585586
v 0.06411362999631728 0.4798364093516202 -0.19938201493585586
v 0.06319455429631729 0.4798916623516202 -0.20011336393585588
v 0.0625261440963173 0.4797537073516202 -0.19833693693585586
v 0.062213452496317295 0.4798403723516202 -0.19946746493585588
v 0.0640307310963173 0.4905734113516202 -0.19708800293585588
v 0.06444371119631728 0.4907278463516202 -0.19817824693585587
v 0.06352463549631729 0.4908285483516202 -0.19890456693585587
v 0.0628563388963173 0.4905788943516202 -0.19714034393585586
v 0.0625435336963173 0.4907363703516202 -0.19826308593585587
v 0.0643783974963173 0.5012768553516203 -0.19525512293585587
v 0.0647913012963173 0.5014901503516203 -0.19633529293585586
v 0.06387211199631729 0.5016305493516202 -0.19705474393585587
v 0.06320400539631729 0.5012850803516202 -0.19530715093585588
v 0.06289112379631728 0.5015035913516201 -0.19641921693585584
v 0.0643626767963173 0.5118813563516202 -0.19292565393585587
v 0.06477526949631729 0.5121430203516202 -0.19398923193585588
v 0.06385659609631729 0.5123145923516201 -0.19471345093585585
v 0.06318920849631729 0.5118905053516202 -0.19299447493585586
v 0.06287642379631729 0.5121584883516201 -0.1940996869358559
v 0.0643615610963173 0.5223906683516202 -0.19044360493585588
v 0.06477340119631729 0.5226903603516202 -0.19148681293585587
v 0.0638554468963173 0.5228853863516202 -0.19221819893585587
v 0.0631890892963173 0.5224006823516202 -0.19053082893585588
v 0.06287636049631729 0.5227059173516202 -0.19162917893585585
v 0.06412671509631729 0.5328934243516202 -0.18767926793585588
v 0.0645383577963173 0.5332194613516202 -0.18871162093585586
v 0.06362074239631729 0.5334311773516202 -0.18944432593585586
v 0.06295469589631729 0.5329039743516202 -0.18777529893585587
v 0.0626420918963173 0.5332363293516202 -0.18886737493585587
v 0.0638888347963173 0.5431379723516202 -0.18485377693585586
v 0.06430021669631729 0.5434796853516202 -0.18587566193585586
v 0.06338267209631729 0.5437018323516202 -0.18660844093585588
v 0.0627170446963173 0.5431488803516202 -0.18495345893585585
v 0.06240439229631729 0.5434970903516202 -0.18603999193585585
v 0.06341980399631729 0.5543196843516202 -0.18155413863585587
v 0.06382994909631728 0.5547850773516202 -0.18252732603585586
v 0.0629130340963173 0.5549142403516202 -0.18330054733585588
v 0.06224968279631729 0.5541621493516202 -0.18173169343585588
v 0.06193671559631729 0.5545298503516202 -0.18281413613585587
v 0.05569045799631729 0.5772410083516202 -0.17205581073585585
v 0.05607790869631729 0.5777685693516202 -0.17301326243585585
v 0.05517874659631729 0.5778552343516202 -0.17380574343585586
v 0.05455204839631729 0.5770026493516202 -0.17226047073585588
v 0.05423593339631729 0.5773823303516202 -0.17334373293585587
v 0.048607272096317294 0.5979546353516202 -0.16374478493585587
v 0.048239463896317294 0.5973744443516202 -0.16281589123585588
v 0.04712822846631729 0.5970680163516202 -0.16306015103585586
v 0.04680934827631729 0.5974578303516201 -0.16414117063585587
v 0.04772333521631729 0.5980054783516202 -0.16456275433585588
v 0.043086289426317294 0.6086744713516202 -0.15760944043585587
v 0.04420404322631729 0.6089896013516202 -0.15742598473585587
v 0.04456895729631729 0.6095865413516202 -0.15837096423585587
v 0.04367654677631729 0.6096390533516202 -0.15913435813585586
v 0.04276037122631729 0.6090765043516202 -0.15866582093585585
v 0.03938171767631729 0.6193997313516202 -0.15293198823585585
v 0.04050991451631729 0.6196859523516202 -0.15276703983585588
v 0.04088009265631729 0.6202676343516202 -0.15372166033585588
v 0.03998058696631729 0.6203402323516202 -0.15447513763585585
v 0.03905460744831729 0.6198043873516202 -0.15398621563585585
v 0.03599055926631729 0.6302443193516202 -0.14836078883585585
v 0.03713684715331729 0.6304681343516202 -0.14822857083585586
v 0.03751938731831729 0.6310073783516202 -0.14922186733585585
v 0.03660957969631729 0.6311159183516202 -0.14996723833585585
v 0.03566465293631729 0.6306443853516202 -0.14943486453585586
v 0.03315001400631729 0.6401082323516202 -0.14480494333585586
v 0.03430241509631729 0.6403048083516202 -0.14467884973585587
v 0.03469391492631729 0.6408034613516203 -0.14570220933585587
v 0.03378352103631729 0.6409144443516201 -0.14644852283585585
v 0.03282931260631729 0.6404847553516202 -0.14589746673585585
v 0.03083369880631729 0.6488958643516202 -0.14187252893585586
v 0.03198440000631729 0.6491009643516202 -0.14174065743585587
v 0.03238769201631729 0.6495457333516202 -0.14276170733585586
v 0.03148626256631729 0.6496158293516202 -0.14351583643585586
v 0.030525795646317293 0.6492143323516202 -0.14296225453585587
v 0.02892215642631729 0.6565076163516202 -0.13936781133585585
v 0.03007706068631729 0.6566917943516202 -0.13923819733585585
v 0.03050161758631729 0.6570340443516202 -0.14025950433585588
v 0.02960921451631729 0.6570611643516202 -0.14101571213585587
v 0.028632969596317292 0.6567357233516202 -0.14046127353585586
v 0.02698739709631729 0.6649275473516202 -0.13747044653585586
v 0.028148607346317293 0.6650720283516202 -0.13735669103585585
v 0.02859608828631729 0.6652676513516202 -0.13842111453585587
v 0.027711495796317293 0.6652436903516202 -0.13919393713585587
v 0.026717287496317292 0.6650337623516202 -0.13860528173585587
v 0.02552333289631729 0.6724432753516202 -0.13615123923585587
v 0.02668412869631729 0.6725909753516202 -0.13604142143585587
v 0.02714812939631729 0.6726586863516202 -0.13712303343585586
v 0.026274143696317292 0.6725533053516202 -0.13790540773585586
v 0.025269941396317292 0.6724200893516202 -0.13729812573585587
v 0.02415177319631729 0.6814125223516202 -0.13612607123585585
v 0.02531157149631729 0.6815681503516202 -0.13601360473585586
v 0.025786180096317293 0.6815535473516202 -0.13708603013585585
v 0.02491978369631729 0.6813881443516202 -0.13785525413585586
v 0.023909668396317293 0.6813008233516202 -0.13726813343585587
v 0.02376621679631729 0.6895599413516202 -0.13870697843585586
v 0.02290401889631729 0.6893615773516202 -0.13947311413585586
v 0.02189072039631729 0.6893005413516202 -0.13888848203585585
v 0.02328571959631729 0.6896216323516202 -0.13764820243585585
v 0.022126525596317292 0.6894610573516202 -0.13776026663585586
v 0.02376621679631729 0.6895599413516202 -0.13870697843585586
v 0.02290401889631729 0.6893615773516202 -0.13947311413585586
v 0.02189072039631729 0.6893005413516202 -0.13888848203585585
v 0.0833088866963173 -0.0018004206483798017 -0.19811576593585586
v 0.09753362829631729 -0.0242743631483798 -0.18509673293585588
v 0.09730676559631729 -0.023558824348379803 -0.18415410093585588
v 0.08365859089631729 -0.0008436096483798033 -0.19723109893585586
v 0.08234648779631729 -0.0027710581483798014 -0.19808879493585585
v 0.09753362829631729 -0.0242743631483798 -0.18509673293585588
v 0.09657413509631729 -0.0248140534483798 -0.18556763993585587
v 0.09907120839631729 -0.028520095148379804 -0.18354241553585587
v 0.0997332669963173 -0.0285265808483798 -0.18283498283585586
v 0.09807317699631729 -0.0285206874483798 -0.18295139073585587
v 0.0957266315963173 -0.0244572339483798 -0.18493855793585587
v 0.0820917039963173 -0.0024232594483798026 -0.19717835593585586
v 0.09657413509631729 -0.0248140534483798 -0.18556763993585587
v 0.08234648779631729 -0.0027710581483798014 -0.19808879493585585
v 0.0957266315963173 -0.0244572339483798 -0.18493855793585587
v 0.08289817719631729 -0.0012343497483798017 -0.19664470093585587
v 0.09617158769631728 -0.023687171748379802 -0.18406266693585588
v 0.08365859089631729 -0.0008436096483798033 -0.19723109893585586
v 0.09730676559631729 -0.023558824348379803 -0.18415410093585588
v 0.09850188349631729 -0.0285289278483798 -0.18184506893585586
v 0.09807317699631729 -0.0285206874483798 -0.18295139073585587
v 0.09937532619631728 -0.028531602548379803 -0.18179298193585586
v 0.0997332669963173 -0.0285265808483798 -0.18283498283585586
v 0.09753362829631729 -0.0242743631483798 -0.18509673293585588
v 0.10239179429631728 -0.035780291048379806 -0.17803170533585588
v 0.1019194498963173 -0.0357599137483798 -0.17697580163585586
v 0.1019194498963173 -0.0357599137483798 -0.17697580163585586
v 0.09850188349631729 -0.0285289278483798 -0.18184506893585586
v 0.09937532619631728 -0.028531602548379803 -0.18179298193585586
v 0.10071206839631729 -0.035781863148379806 -0.17720632253585586
v 0.09807317699631729 -0.0285206874483798 -0.18295139073585587
v 0.10047945009631729 -0.0358088193483798 -0.17840631303585586
v 0.1054057329963173 -0.0451267650483798 -0.17226806283585588
v 0.1042750626963173 -0.0451288102483798 -0.17265908423585585
v 0.10555383559631729 -0.045128448848379805 -0.17326264823585585
v 0.10239179429631728 -0.035780291048379806 -0.17803170533585588
v 0.10372983659631729 -0.045132658448379805 -0.17388978603585586
v 0.10150074209631729 -0.0358088305483798 -0.17892066393585587
v 0.1045129522963173 -0.045132479648379804 -0.17426488543585586
v 0.11032006889631729 -0.07497999354837981 -0.15351881083585586
v 0.11003506929631729 -0.0749717904483798 -0.15542902053585586
v 0.1117847635963173 -0.0749815357483798 -0.15367864813585586
v 0.11136367169631729 -0.07496631424837981 -0.15671045333585587
v 0.10239179429631728 -0.035780291048379806 -0.17803170533585588
v 0.10150074209631729 -0.0358088305483798 -0.17892066393585587
v 0.0997332669963173 -0.0285265808483798 -0.18283498283585586
v 0.09907120839631729 -0.028520095148379804 -0.18354241553585587
v 0.10047945009631729 -0.0358088193483798 -0.17840631303585586
v 0.09807317699631729 -0.0285206874483798 -0.18295139073585587
v 0.11238121239631729 -0.0749736456483798 -0.15567585083585586
v 0.11106324939631729 -0.0812933696483798 -0.15065595503585588
v 0.11251468959631729 -0.0812906278483798 -0.15029514583585585
v 0.11041957889631729 -0.0813002092483798 -0.15230402353585587
v 0.1127433552963173 -0.0812967745483798 -0.15177315473585587
v 0.1114303320963173 -0.08130198254837981 -0.15306025743585588
v 0.11264596879631729 -0.0936459706483798 -0.14544529093585587
v 0.1139635592963173 -0.0936469986483798 -0.14541672543585588
v 0.11221484839631729 -0.0936536446483798 -0.14678147433585587
v 0.11434841899631729 -0.0936551266483798 -0.14673478903585585
v 0.1132779791963173 -0.0936590456483798 -0.14757255463585586
v 0.11329778279631729 -0.11303981664837981 -0.14365412663585586
v 0.11444875599631729 -0.1132780866483798 -0.14362345633585588
v 0.1129842176963173 -0.1129058406483798 -0.14477930963585586
v 0.11484654989631729 -0.11329143764837979 -0.14472941313585586
v 0.1139415576963173 -0.11306133364837981 -0.14544383063585586
v 0.1117285936963173 -0.1398922606483798 -0.14463561023585586
v 0.11288612339631729 -0.1400958106483798 -0.14460295813585586
v 0.1114096045963173 -0.1397874306483798 -0.14576232063585587
v 0.11328239739631729 -0.1401167916483798 -0.14570952583585586
v 0.11236991729631729 -0.1399262056483798 -0.14642607423585585
v 0.10708808899631729 -0.1683009516483798 -0.14692780373585587
v 0.10824890439631729 -0.1684837446483798 -0.14689454433585586
v 0.1067638396963173 -0.1682286216483798 -0.14805558323585588
v 0.10864196719631729 -0.1685243346483798 -0.14800171553585587
v 0.1077240779963173 -0.1683667106483798 -0.14871934053585587
v 0.1025395988963173 -0.1984962476483798 -0.14789687843585586
v 0.1037021651963173 -0.1986674466483798 -0.14786361903585588
v 0.10220947119631729 -0.1984617516483798 -0.14902496333585585
v 0.10409057889631729 -0.19873885364837982 -0.14897110313585588
v 0.1031681075963173 -0.1986117466483798 -0.14968886973585588
v 0.0980374924963173 -0.2295890706483798 -0.14694976803585585
v 0.09919990599631728 -0.2297611936483798 -0.14691665773585588
v 0.09770202639631728 -0.2295912156483798 -0.14807663113585587
v 0.09958282489631728 -0.22986983764837982 -0.14802291993585587
v 0.09865707529631729 -0.2297648596483798 -0.14873992653585588
v 0.0951674654963173 -0.24821426964837978 -0.14578613263585588
v 0.0963275916963173 -0.2484013396483798 -0.14575210583585585
v 0.09482818469631729 -0.2482406446483798 -0.14691147203585586
v 0.09670539949631729 -0.24854307864837982 -0.14685623343585585
v 0.0957787334963173 -0.2484437476483798 -0.14757278563585585
v 0.09196678179631729 -0.26675903364837983 -0.14425354073585586
v 0.0931237041963173 -0.2669644006483798 -0.14421783383585587
v 0.09162498639631729 -0.2667997726483798 -0.14537765453585588
v 0.09349708629631728 -0.2671320986483798 -0.14531997593585586
v 0.09257080029631728 -0.2670303236483798 -0.14603668083585586
v 0.08849029619631729 -0.2852374266483798 -0.14241332933585588
v 0.0896444692963173 -0.28545775564837983 -0.14237625153585587
v 0.0881462879963173 -0.2852899086483798 -0.14353622493585588
v 0.09001380949631729 -0.2856466726483798 -0.14347625893585586
v 0.08908790719631729 -0.2855429006483798 -0.14419311653585587
v 0.0847928635963173 -0.3036656926483798 -0.13921663163585588
v 0.08594482389631729 -0.3038976446483798 -0.13917825743585588
v 0.08444709699631729 -0.3037273536483798 -0.14033845813585588
v 0.08631080759631729 -0.3041027146483798 -0.14027635753585588
v 0.08538520709631729 -0.3039977506483798 -0.14099344243585588
v 0.08092964069631729 -0.3221198576483798 -0.13608454913585588
v 0.08207969739631729 -0.3223600336483798 -0.13604518023585588
v 0.0805824286963173 -0.3221882236483798 -0.13720568643585587
v 0.08244331549631728 -0.3225766966483798 -0.13714182753585585
v 0.08151786769631729 -0.3224705116483798 -0.13785906883585586
v 0.0769551880963173 -0.3391051546483798 -0.13001048193585585
v 0.07810432839631729 -0.3393504866483798 -0.12997042763585587
v 0.07660721239631729 -0.3391774546483798 -0.13113101203585587
v 0.0784664153963173 -0.3395741836483798 -0.13106623663585587
v 0.0775412022963173 -0.3394670736483798 -0.13178347793585587
v 0.0728997848963173 -0.3586813166483798 -0.12614902483585586
v 0.07405441629631729 -0.3589010486483798 -0.12611240523585587
v 0.07258018849631728 -0.3586233506483798 -0.12728694823585587
v 0.07444847379631729 -0.3589785646483798 -0.12722782043585587
v 0.07353737209631729 -0.3588073506483798 -0.12795368213585587
v 0.0695095955963173 -0.3897096466483798 -0.12910970673585587
v 0.0704776793963173 -0.3898205416483798 -0.12976693363585587
v 0.07137553389631729 -0.3901082226483798 -0.12906103953585585
v 0.07096233589631729 -0.3901751296483798 -0.12796742473585587
v 0.06980918349631729 -0.3899287836483798 -0.12799758833585587
v 0.0681539754963173 -0.4216440866483798 -0.13629820943585585
v 0.0672520678963173 -0.4214124636483798 -0.13701575253585585
v 0.06773386339631729 -0.4217319736483798 -0.13520361853585586
v 0.06627466529631729 -0.4213569116483798 -0.13636458293585585
v 0.0665724779963173 -0.4215546796483798 -0.13524474203585587
v 0.06720603819631729 -0.4333851886483798 -0.14051463083585586
v 0.06630264219631729 -0.4331651576483798 -0.14123393223585587
v 0.06531425379631729 -0.4331907876483798 -0.14059481773585586
v 0.06560683999631729 -0.4334263756483798 -0.13948038963585585
v 0.06677604469631729 -0.4335469256483798 -0.13943079863585586
v 0.0656259469963173 -0.4409592696483798 -0.14386270563585588
v 0.0646319519963173 -0.44108837364837983 -0.14324701203585588
v 0.06653025929631728 -0.4411640416483798 -0.14314004783585588
v 0.06492194529631728 -0.4413730756483798 -0.14214380453585587
v 0.0660951546963173 -0.4414197756483798 -0.14207758013585586
v 0.06549223329631729 -0.4474453876483798 -0.14586537333585586
v 0.06449854189631729 -0.4476376726483798 -0.14526707683585588
v 0.06639654559631729 -0.4476327846483798 -0.14513798803585587
v 0.06478876429631729 -0.44794374264837983 -0.14416966583585586
v 0.0659617464963173 -0.4479407026483798 -0.14409001543585587
v 0.0659924782963173 -0.4551309006483798 -0.14854192733585586
v 0.06499977969631729 -0.4553472646483798 -0.14795050023585588
v 0.06689606419631729 -0.4552984486483798 -0.14780874553585588
v 0.06529001149631729 -0.4556489536483798 -0.14685419943585587
v 0.06646199149631729 -0.4556187346483798 -0.14676646883585587
v 0.06671109979631729 -0.4624052596483798 -0.15096268053585588
v 0.06571819629631728 -0.4626085116483798 -0.15037635713585587
v 0.0676137152963173 -0.4625504866483798 -0.15022719653585587
v 0.06600711119631729 -0.4628794746483798 -0.14927672593585586
v 0.0671786665963173 -0.4628435926483798 -0.14918535203585587
v 0.06737080029631728 -0.4724559736483798 -0.15443112703585588
v 0.06637576969631728 -0.4726077866483798 -0.15383429823585587
v 0.0682724788963173 -0.47257613664837983 -0.15369299803585587
v 0.06666218119631728 -0.4728212306483798 -0.15272355823585587
v 0.06783455239631729 -0.4728019186483798 -0.15263784673585587
v 0.06767677699631729 -0.4836006716483798 -0.15847485513585585
v 0.06668017249631729 -0.4836898696483798 -0.15785916153585589
v 0.06857770679631729 -0.4836948166483798 -0.15772777793585585
v 0.06696545519631729 -0.4838393286483798 -0.15673501043585586
v 0.06813816909631729 -0.4838420706483798 -0.15665353093585588
v 0.0677161868963173 -0.4936540676483798 -0.16182538863585588
v 0.06671968849631729 -0.49371343364837983 -0.16120662543585587
v 0.06861727129631728 -0.49372636764837985 -0.16107747703585587
v 0.0670046843963173 -0.4938225696483798 -0.16007345173585585
v 0.0681774355963173 -0.49383049764837983 -0.15999295563585586
v 0.0677785425963173 -0.5033243846483798 -0.16455604133585588
v 0.06678191569631729 -0.5033760616483798 -0.16393470023585588
v 0.06867951709631728 -0.5033782076483798 -0.16380433733585587
v 0.0670668258963173 -0.5034615946483798 -0.16279909013585586
v 0.0682396590963173 -0.5034628466483798 -0.16271779683585585
v 0.0678558758963173 -0.5143163756483798 -0.16656493393585586
v 0.06685916329631729 -0.5143585756483798 -0.16594298933585588
v 0.0687566697963173 -0.5143526746483797 -0.16581039133585587
v 0.06714389099631729 -0.5144204446483798 -0.16480407123585586
v 0.06831656769631729 -0.5144167496483798 -0.16472198073585587
v 0.0679456218963173 -0.5246933056483798 -0.16768920423585587
v 0.0669487323963173 -0.5247241216483798 -0.16706679763585586
v 0.06884623319631729 -0.5247127966483798 -0.16693389413585585
v 0.06723334079631729 -0.5247628646483798 -0.16592679173585587
v 0.06840595039631729 -0.5247558306483798 -0.16584470123585587
v 0.06802860649631728 -0.5343339396483798 -0.16788759083585586
v 0.0670316684963173 -0.5343522386483798 -0.16726472233585588
v 0.0689290985963173 -0.5343379336483798 -0.16713181883585587
v 0.0673159956963173 -0.5343675566483798 -0.16612443323585585
v 0.06848871519631729 -0.5343586756483798 -0.16604234273585589
v 0.0680899265963173 -0.5447812626483798 -0.16827638443585585
v 0.0670930370963173 -0.5447857336483798 -0.16765714433585588
v 0.0689904242963173 -0.5447704746483798 -0.16752408443585587
v 0.06737713139631729 -0.5447775076483798 -0.16651656483585586
v 0.06854984539631728 -0.5447681496483798 -0.16643447433585587
v 0.06811110299631729 -0.5550420236483798 -0.16780453923585587
v 0.06711405519631729 -0.5550251556483798 -0.16718488183585586
v 0.06901141069631729 -0.5550156186483798 -0.16705113653585585
v 0.06739823709631729 -0.5549881416483798 -0.16604796793585586
v 0.06857083549631729 -0.5549822996483798 -0.16596572103585588
v 0.0680197365963173 -0.5651975226483799 -0.16713712363585587
v 0.06702304259631729 -0.5651484086483798 -0.16652347143585589
v 0.0689203962963173 -0.5651541306483798 -0.16638911513585586
v 0.0673074423963173 -0.5650740816483798 -0.16539264473585585
v 0.0684800855963173 -0.5650777176483798 -0.16530849043585588
v 0.0677966530963173 -0.5768260316483798 -0.16572465743585585
v 0.06680036339631729 -0.5767436576483798 -0.16511451453585585
v 0.06869752329631729 -0.5767667846483798 -0.16497838493585587
v 0.0670857261963173 -0.5766245076483798 -0.16398915643585588
v 0.0682581457963173 -0.5766390516483798 -0.16390413043585586
v 0.0675389989963173 -0.5858030276483798 -0.16416326163585587
v 0.0665433145963173 -0.5856923416483798 -0.16355497393585589
v 0.0684407129963173 -0.5857124286483798 -0.16341945533585586
v 0.06682968509631729 -0.5855336736483798 -0.16243406383585585
v 0.06800206939631728 -0.5855512576483798 -0.16234851623585586
v 0.0671538244963173 -0.5938264676483798 -0.16279008983585586
v 0.06615821649631728 -0.5937063046483798 -0.16217888143585585
v 0.0680556240963173 -0.5937329486483798 -0.16204622383585587
v 0.0664454400963173 -0.5935195046483798 -0.16106016193585587
v 0.06761788759631729 -0.5935409616483798 -0.16097675263585587
v 0.06661771049631729 -0.6014342256483798 -0.16079510003585587
v 0.06562201869631729 -0.6013100696483799 -0.16017954053585587
v 0.0675192046963173 -0.6013425546483798 -0.16004623473585589
v 0.06590982709631729 -0.6011044336483798 -0.15906068683585586
v 0.06708219829631729 -0.6011282756483798 -0.15897723283585585
v 0.06703344729631729 -0.6065421056483798 -0.15817740563585586
v 0.06611204519631729 -0.6070743156483798 -0.15884481373585585
v 0.06659487079631729 -0.6063449936483798 -0.15710439533585585
v 0.06510397229631729 -0.6072068166483798 -0.15818426013585585
v 0.06540234949631729 -0.6067557886483798 -0.15710865703585586
v 0.0882437228963173 -0.6312072226483798 -0.14641837033585586
v 0.08719902859631729 -0.6315911366483798 -0.14717534933585585
v 0.08783989769631728 -0.6310729336483798 -0.14532141763585588
v 0.08654580269631729 -0.6313732216483798 -0.14540029693585588
v 0.08614968509631729 -0.6316936566483798 -0.14654616263585585
v 0.08445478599631728 -0.6607646896483798 -0.14254065603585586
v 0.08357940609631728 -0.6604592156483798 -0.14330089463585588
v 0.08403757209631729 -0.6606926866483798 -0.14144064853585586
v 0.08290534839631729 -0.6603188466483798 -0.14152767133585586
v 0.0826204493963173 -0.6602140026483798 -0.14266633983585586
v 0.08159502219631729 -0.6774544666483798 -0.14097243173585586
v 0.0807126424963173 -0.6772138426483798 -0.14172017203585585
v 0.08117914199631729 -0.6773659536483798 -0.13987654823585588
v 0.0800397321963173 -0.6770697786483798 -0.13994687053585586
v 0.07975104449631729 -0.6769862126483798 -0.14108334483585586
v 0.07808728889631729 -0.6943628736483798 -0.14004069193585586
v 0.07719670979631729 -0.6941712456483798 -0.14078395073585587
v 0.0776724814963173 -0.6942688776483799 -0.13894473013585587
v 0.07652560989631729 -0.6940163926483798 -0.13901146873585588
v 0.07623136419631729 -0.6939588146483798 -0.14014727623585588
v 0.07402843609631729 -0.7098600226483798 -0.13928055763585587
v 0.07312855119631728 -0.7097141696483799 -0.14002327993585587
v 0.07361492509631729 -0.7097599456483799 -0.13818467033585585
v 0.07245945189631729 -0.7095518066483798 -0.13825005663585588
v 0.07215877999631728 -0.7095237326483798 -0.13938637823585587
v 0.0710055045963173 -0.7234124496483798 -0.13876808063585586
v 0.0700960047963173 -0.7233263806483798 -0.13950866833585587
v 0.07059328999631728 -0.7233037906483798 -0.13767250253585586
v 0.0694291181963173 -0.7231506066483798 -0.13773597773585586
v 0.06912173139631729 -0.7231646136483798 -0.13887077193585587
v 0.07032972199631729 -0.7368157456483798 -0.13792709263585587
v 0.06941220909631729 -0.7368029306483798 -0.13866310193585588
v 0.06991872559631729 -0.7366967156483798 -0.13683220003585586
v 0.06874723359631729 -0.7366106466483798 -0.13689148053585587
v 0.06843419929631729 -0.7366765686483798 -0.13802307103585587
v 0.07026928659631729 -0.7502739976483798 -0.13662826643585585
v 0.06934880089631729 -0.7503265096483798 -0.13735817003585588
v 0.06985821579631729 -0.7501531196483798 -0.13553360103585588
v 0.06868367079631729 -0.7501311856483798 -0.13558692853585586
v 0.06836888189631729 -0.7502385926483798 -0.13671447713585586
v 0.0701646804963173 -0.7582824186483798 -0.13577278333585585
v 0.06924426929631729 -0.7583647916483798 -0.13649963583585586
v 0.06975353139631729 -0.7581780506483798 -0.13467628513585586
v 0.06857898649631729 -0.7581951576483797 -0.13472549613585588
v 0.06826427389631728 -0.7583104926483798 -0.13585228103585587
v 0.0708539932963173 -0.7663097336483798 -0.13473912323585585
v 0.0699337385963173 -0.7663994976483798 -0.13546521213585586
v 0.0704433060963173 -0.7662279556483798 -0.13364064323585587
v 0.0692692938963173 -0.7662676526483798 -0.13368771593585588
v 0.06895435229631729 -0.7663738676483798 -0.13481541723585586
v 0.07225192709631728 -0.7743468836483798 -0.13393622263585586
v 0.0713319777963173 -0.7744439196483798 -0.13466170433585586
v 0.07184192539631729 -0.7742840006483798 -0.13283621893585587
v 0.07066860049631729 -0.7743419956483798 -0.13288191703585586
v 0.07035350799631729 -0.7744408796483798 -0.13401015473585587
v 0.0738858393963173 -0.7823943446483798 -0.13318322223585588
v 0.0729662701963173 -0.7824962686483798 -0.13390839473585586
v 0.07347675039631729 -0.7823455286483798 -0.13208222393585586
v 0.07230418919631729 -0.7824181866483798 -0.13212693113585586
v 0.07198879119631729 -0.7825109316483798 -0.13325547423585588
v 0.07547878469631729 -0.7907172396483798 -0.13227854673585587
v 0.07455952089631729 -0.7908228586483798 -0.13300341743585586
v 0.07507030669631728 -0.7906793906483798 -0.13117678833585586
v 0.07389411329631729 -0.7907541946483798 -0.13122123853585588
v 0.0735783315963173 -0.7908427076483798 -0.13235015793585586
v 0.0761746577963173 -0.7997727346483798 -0.13273404163585587
v 0.0752479433963173 -0.7998678046483798 -0.13345944513585586
v 0.07575903829631729 -0.7997286276483798 -0.13163266333585588
v 0.07457909729631729 -0.7998026566483798 -0.13167706503585586
v 0.07425514979631728 -0.7998749566483798 -0.13280671093585586
v 0.0769696868963173 -0.8096935706483798 -0.13254779953585588
v 0.0759193002963173 -0.8095217296483798 -0.13328633453585587
v 0.0765590741963173 -0.8097410156483797 -0.13144140313585587
v 0.07538742939631729 -0.8098264286483798 -0.13148542493585585
v 0.0749774239963173 -0.8096660926483799 -0.13262678313585585
v 0.0810280516963173 -0.8364974216483798 -0.13449439033585586
v 0.08022253959631728 -0.8383644776483798 -0.13541838523585586
v 0.08053946499631728 -0.8350600556483798 -0.13320357353585588
v 0.0794318951963173 -0.8360390616483798 -0.13332976403585586
v 0.07923612739631729 -0.8380812956483799 -0.13469855483585585
v 0.08973907679631729 -0.8126987766483798 -0.10417547263585586
v 0.08918617289631729 -0.8138923006483798 -0.10413114723585587
v 0.08892064909631729 -0.8116872856483798 -0.10379297283585587
v 0.08796218779631729 -0.8124271586483798 -0.10350410643585586
v 0.0881321355963173 -0.8137998536483798 -0.10371263693585586
v 0.0969514287963173 -0.8340972616483798 -0.08004921115585586
v 0.09633108229631729 -0.8350322796483798 -0.08043358009585587
v 0.09621686859631728 -0.8333568526483798 -0.07945579709585586
v 0.09514242039631729 -0.8338335706483798 -0.07947342097585587
v 0.09521307049631729 -0.8348693206483798 -0.08007766888585587
v 0.10260012749631729 -0.8395971016483798 -0.06304500813585587
v 0.1020122840963173 -0.8406041816483798 -0.06321071833585587
v 0.10182421649631729 -0.8387651996483798 -0.06274128143585586
v 0.10075671229631729 -0.8392583676483798 -0.06271938603585586
v 0.10087290409631729 -0.8403954456483798 -0.06300949303585587
v 0.11131429669631729 -0.8485948996483798 -0.007767304735855865
v 0.1107414066963173 -0.8496221256483798 -0.0078005045358558595
v 0.1105157285963173 -0.8477306316483798 -0.007652007035855862
v 0.10944921519631728 -0.8482238006483798 -0.007613807935855865
v 0.10958875719631729 -0.8493932436483798 -0.007705703335855865
v 0.1119038387963173 -0.8473398636483798 0.009884774664144141
v 0.1127272992963173 -0.8482074686483798 0.00962135196414414
v 0.1108576207963173 -0.8478406616483798 0.00962150846414414
v 0.11103418469631729 -0.8490177346483798 0.009195424664144136
v 0.11218938979631729 -0.8492439936483798 0.009195484264144141
v 0.10946591199631729 -0.8459691956483798 0.02501146506414413
v 0.11026798929631729 -0.8468261316483798 0.025238365064144133
v 0.10969761759631728 -0.8478502586483798 0.02538696706414413
v 0.10839986059631729 -0.8464648076483798 0.025019757064144138
v 0.10854306069631729 -0.8476275156483798 0.025251865064144133
v 0.10554670539631729 -0.8444173886483798 0.03517780406414414
v 0.10477941479631729 -0.8436354946483798 0.03475191406414413
v 0.1037148087963173 -0.8441341476483798 0.03475191406414413
v 0.1049563437963173 -0.8453994346483799 0.03544111506414413
v 0.1038241385963173 -0.8452242566483799 0.03517780406414414
v 0.10554670539631729 -0.8444173886483798 0.03517780406414414
v 0.10477941479631729 -0.8436354946483798 0.03475191406414413
v 0.1038241385963173 -0.8452242566483799 0.03517780406414414
v 0.1037148087963173 -0.8441341476483798 0.03475191406414413
v 0.10554670539631729 -0.8444173886483798 0.03517780406414414
v 0.03050145320631729 0.2187297833516202 -0.16358303283585585
v 0.02904840372631729 0.2193281253516202 -0.16465495523585588
v 0.02954383101631729 0.2183796063516202 -0.16416800763585587
v 0.03059799829631729 0.2198947123516202 -0.16370832173585587
v 0.02970003988631729 0.2202644093516202 -0.16437091673585585
v 0.02498779729631729 0.2289747643516202 -0.15146026763585585
v 0.02451401199631729 0.2291236863516202 -0.15252914283585586
v 0.02904840372631729 0.2193281253516202 -0.16465495523585588
v 0.02424560949631729 0.2283254903516202 -0.15081695463585587
v 0.03050145320631729 0.2187297833516202 -0.16358303283585585
v 0.02347900809631729 0.2285664273516202 -0.15254638343585586
v 0.02954383101631729 0.2183796063516202 -0.16416800763585587
v 0.023313106996317293 0.2280731103516202 -0.15148834143585588
v 0.019809897996317292 0.2387792963516202 -0.14870513973585586
v 0.01902080889631729 0.2382185353516202 -0.14803710583585586
v 0.01940041039631729 0.2388070573516202 -0.14980804173585588
v 0.01812361179631729 0.2378996213516202 -0.14872726793585586
v 0.018358102096317292 0.2382635523516202 -0.14982178063585588
v 0.014676308296317293 0.2486346413516202 -0.14712493863585585
v 0.013867001996317293 0.2481123253516202 -0.14645095913585587
v 0.014304203896317293 0.2485909953516202 -0.14823944123585586
v 0.012994704796317293 0.24774581635162019 -0.14714904873585588
v 0.013264907496317292 0.2480416793516202 -0.14825424553585587
v 0.00945410319631729 0.2583038253516202 -0.14600830153585587
v 0.008653903396317292 0.2577641203516202 -0.14533660933585585
v 0.009090304396317292 0.25824523435162017 -0.14712463323585587
v 0.007795706396317291 0.2573721303516202 -0.14603774993585586
v 0.00806540439631729 0.2576693643516202 -0.14714294673585587
v 0.004010304796317289 0.2675500563516202 -0.14464401083585587
v 0.0032538063963172895 0.2669360383516202 -0.14398346093585587
v 0.0036213024963172927 0.2675349463516202 -0.14575408773585585
v 0.002397306296317292 0.2665414263516202 -0.14468536523585587
v 0.002624403696317293 0.2669114513516202 -0.14577957243585588
v -0.0017877966036827092 0.2761369393516202 -0.14232055843585587
v -0.0024590008036827066 0.2753962623516202 -0.14169448983585586
v -0.00224249440368271 0.2762194623516202 -0.14340423423585585
v -0.0033285990036827084 0.2750210513516202 -0.14239135753585586
v -0.003194693503682712 0.2755299253516202 -0.14344802873585588
v -0.00807069610368271 0.2838241503516202 -0.13832809403585586
v -0.008628394503682711 0.2829443263516202 -0.13777450473585587
v -0.00862110030368271 0.2840240343516202 -0.13935096933585586
v -0.009523399203682711 0.2826005563516202 -0.13845520093585587
v -0.009518899003682711 0.2832679793516202 -0.13942962513585586
v -0.012674301903682711 0.2884143043516202 -0.13431892543585586
v -0.013125997003682707 0.28742889035162017 -0.13385726883585586
v -0.013313502103682706 0.2887027013516202 -0.13526451213585586
v -0.014044299703682706 0.2871084553516202 -0.13451751693585587
v -0.014160297803682706 0.2878955053516202 -0.13538719343585587
v -0.01742659140368271 0.2922741523516202 -0.12941429023585588
v -0.01778668910368271 0.2912148883516202 -0.12904670833585585
v -0.01813339070368271 0.2926171763516202 -0.13029022143585586
v -0.018716104303682708 0.2909030063516202 -0.12969551233585586
v -0.018930394203682706 0.2917697173516202 -0.13046402113585587
v -0.02229160070368271 0.2953048693516202 -0.12385414163585587
v -0.022562500103682707 0.2941900533516202 -0.12358810383585586
v -0.023052498703682707 0.2956811533516202 -0.12466842683585586
v -0.023490693403682705 0.2938769503516202 -0.12423797693585586
v -0.02379360050368271 0.2947985873516202 -0.12490562353585587
v -0.02723159640368271 0.2974041743516202 -0.11788040403585587
v -0.027410201703682704 0.2962499903516202 -0.11772552503585587
v -0.028036303803682702 0.2977987573516202 -0.11864189053585586
v -0.02832528950368271 0.2959310753516202 -0.11839118973585586
v -0.02871228750368271 0.2968884153516202 -0.11895751953585587
v -0.03220960500368271 0.2984689223516202 -0.11173500123585586
v -0.032287403903682704 0.2972933993516202 -0.11170387263585586
v -0.0330501944036827 0.2988705383516202 -0.11245231703585587
v -0.03317619110368271 0.2969683753516202 -0.11240196223585587
v -0.033647589403682704 0.2979434183516202 -0.11286453343585587
v -0.03718970720368271 0.2983938503516202 -0.10565956123585586
v -0.03715251390368271 0.2972198473516202 -0.10576828013585586
v -0.03805949540368271 0.2987948403516202 -0.10634140113585587
v -0.03799937670368271 0.2968954493516202 -0.10651733543585587
v -0.038559988103682705 0.2978689423516202 -0.10687149133585587
v -0.04214118420368271 0.2970687793516202 -0.09989212083585586
v -0.041971586603682706 0.2959301813516202 -0.10015373303585587
v -0.04302489760368271 0.2974655083516202 -0.10055832003585587
v -0.042750395803682714 0.2956228603516202 -0.10098167513585586
v -0.04340141270368271 0.2965719443516202 -0.10123169053585587
v -0.04562339190368271 0.2952328373516202 -0.09635963573585586
v -0.04531180860368271 0.2941686853516202 -0.09676429913585587
v -0.04650020600368271 0.2956326353516202 -0.09703300613585586
v -0.045996092303682706 0.2939108363516202 -0.09768791313585587
v -0.0467304960036827 0.2948153663516202 -0.09785400513585586
v -0.0490916818036827 0.2926065073516202 -0.09349022060585586
v -0.04864768680368271 0.2916427603516202 -0.09400467013585587
v -0.04995761810368271 0.2930145313516202 -0.09417251683585587
v -0.04923930760368271 0.2914550653516202 -0.09500511273585587
v -0.05004890260368271 0.2923031493516202 -0.09510879683585587
v -0.05246551330368271 0.2893279833516202 -0.09120681881585586
v -0.051910892103682715 0.28847197135162017 -0.09179649501585586
v -0.053329080303682705 0.2897384513516202 -0.09189064148585586
v -0.052431903803682706 0.2883535673516202 -0.09284469764585587
v -0.0533082932036827 0.2891363543516202 -0.09290290996585587
v -0.055681914103682714 0.2855252073516202 -0.08941658167585587
v -0.05503970380368271 0.28477263935162017 -0.09005531435585587
v -0.05655101690368271 0.2859292673516202 -0.09009719965585586
v -0.055512003603682705 0.2847119023516202 -0.09113060124585587
v -0.05644588170368271 0.2854269493516202 -0.09115661773585587
v -0.05868140610368271 0.2813186693516202 -0.08802696363585587
v -0.05797168610368271 0.2806613193516202 -0.08869720576585587
v -0.05956229570368271 0.2817066953516202 -0.08870201231585587
v -0.058413885503682705 0.2806431403516202 -0.08978653093585587
v -0.05939700450368271 0.2812890453516202 -0.08978943014585586
v -0.06140540540368271 0.2768275483516202 -0.08694763318585587
v -0.060643687803682705 0.2762559403516202 -0.08763862727585586
v -0.062303192903682705 0.2771876503516202 -0.08761581545585587
v -0.06107089670368271 0.2762629733516202 -0.08873382722585586
v -0.062096513903682704 0.2768388433516202 -0.08871971256585587
v -0.06381549690368271 0.2721292123516202 -0.08608291763585586
v -0.0629928929036827 0.2716758593516202 -0.08679527416585586
v -0.06472659890368271 0.2724629093516202 -0.08674667496585586
v -0.0633956119036827 0.2717292653516202 -0.08789932401585586
v -0.06446707990368271 0.2722157283516202 -0.08786934055585587
v -0.0673850999036827 0.2630235303516202 -0.08561126852585586
v -0.0664892939036827 0.2627563373516202 -0.08633300918585586
v -0.06830100690368271 0.2633445753516202 -0.08627479686585586
v -0.0668516089036827 0.2629121293516202 -0.08744239946585587
v -0.0679711849036827 0.2632757473516202 -0.08740654121585587
v -0.06989429190368271 0.2534399373516202 -0.08673446788585587
v -0.06894957990368271 0.2533605893516202 -0.08743461756585587
v -0.07081507890368272 0.2537434293516202 -0.08739952230585586
v -0.06928660690368271 0.2536152643516202 -0.08853233465585586
v -0.07043948790368271 0.2538517763516202 -0.08851059107585586
v -0.07142387290368271 0.2435739083516202 -0.08888923795585586
v -0.0704587099036827 0.2436294453516202 -0.08956039557585586
v -0.0723510679036827 0.2438377333516202 -0.08956230292585586
v -0.07078941190368271 0.2439276023516202 -0.09064842341585587
v -0.07195899590368271 0.2440563933516202 -0.09064956800585587
v -0.07207091890368271 0.2335638453516202 -0.09152214135585586
v -0.07110030990368271 0.2337077303516202 -0.09217048808585587
v -0.07300239090368271 0.2337661733516202 -0.09221099968585586
v -0.0714319569036827 0.2339990183516202 -0.09326019417585586
v -0.07260756890368271 0.2340350343516202 -0.09328521881585586
v -0.0719284789036827 0.22355056235162019 -0.09408821263585587
v -0.0709588979036827 0.2237434283516202 -0.09472450333585586
v -0.0728591909036827 0.2236656143516202 -0.09479896633585587
v -0.07129035890368271 0.2239779583516202 -0.09582863003585587
v -0.07246482390368271 0.2239299013516202 -0.09587463453585586
v -0.07108878390368271 0.2136808683516202 -0.09604843243585587
v -0.07012050590368271 0.21388534135162018 -0.09668289313585586
v -0.0720095779036827 0.2136764423516202 -0.09678238073585586
v -0.07044288490368271 0.21400741235162019 -0.09780906793585586
v -0.07161048790368271 0.2138781743516202 -0.09787056133585587
v -0.06963890090368272 0.2040698123516202 -0.09687507713585586
v -0.06866901390368271 0.2042631553516202 -0.09751068243585587
v -0.0705406889036827 0.2039378333516202 -0.09762008763585586
v -0.0689712839036827 0.2042506383516202 -0.09864853043585586
v -0.0701280909036827 0.2040495323516202 -0.09871612673585586
v -0.06687167990368272 0.1902946433516202 -0.09667076263585586
v -0.0659009889036827 0.1904850793516202 -0.09730621423585586
v -0.06775557990368271 0.1900750743516202 -0.09741462863585587
v -0.0661851089036827 0.1903829923516202 -0.09844261313585587
v -0.0673313069036827 0.1901297023516202 -0.09850967493585587
v -0.06362159590368272 0.17658813735162018 -0.09591209513585587
v -0.06265380190368271 0.17679046535162019 -0.09654800503585587
v -0.06449248690368271 0.1763134793516202 -0.09665290913585586
v -0.0629265909036827 0.1766410813516202 -0.09768188553585587
v -0.06406298990368271 0.1763462773516202 -0.09774665903585586
v -0.05989947910368271 0.1629925563516202 -0.09474960433585586
v -0.058936685303682707 0.1632131983516202 -0.09538711703585587
v -0.0607575923036827 0.1626713473516202 -0.09548652733585586
v -0.05919978770368271 0.1630285573516202 -0.09651802203585587
v -0.06032519790368271 0.1626936243516202 -0.09657936173585586
v -0.055711090603682706 0.14952697335162018 -0.09333412256585587
v -0.0547558963036827 0.1497720373516202 -0.09397407623585587
v -0.05655730520368271 0.1491676313516202 -0.09406700263585586
v -0.05501170460368271 0.1495640473516202 -0.09510261653585586
v -0.05612498520368271 0.1491905203516202 -0.09515998973585586
v -0.0510625020036827 0.1362104763516202 -0.09181663673585587
v -0.050117790703682705 0.1364859763516202 -0.09246009960585587
v -0.051897883403682704 0.1358203863516202 -0.09254608303585586
v -0.05036941170368271 0.1362661693516202 -0.09358718991585586
v -0.051469609103682715 0.13585479235162018 -0.09364029019585586
v -0.045959278903682704 0.1230619003516202 -0.09034858830585586
v -0.04502879830368271 0.1233737883516202 -0.09099601861585586
v -0.046785697303682705 0.1226486163516202 -0.09107536449585586
v -0.045279994603682705 0.1231533033516202 -0.09212310891585587
v -0.046365812403682705 0.1227050023516202 -0.09217208996585587
v -0.040412291903682715 0.1101113082516202 -0.08908271929585587
v -0.03949210790368271 0.1104473890516202 -0.08973251469585586
v -0.04123279450368271 0.1096843676516202 -0.08980819815585586
v -0.0397439897036827 0.11022826745162019 -0.09085968136585587
v -0.04081981630368271 0.10975669785162019 -0.09090652596585587
v -0.03392520550368271 0.0953668924516202 -0.08765121595585587
v -0.0330022052036827 0.0956964837516202 -0.08830047724585587
v -0.03474409130368271 0.0949360625516202 -0.08837638981585587
v -0.03325059260368271 0.0954694347516202 -0.08942688116585587
v -0.034327104703682706 0.0949994670516202 -0.08947380212585587
v -0.02765269580368271 0.08057098555162019 -0.08594131609585587
v -0.026721000703682704 0.08088012505162019 -0.08658821252585587
v -0.02847150710368271 0.0801399992516202 -0.08666641381585587
v -0.026963897003682707 0.0806400300516202 -0.08771301386585587
v -0.028045803303682712 0.0801825718516202 -0.08776138443585586
v -0.02155519280368271 0.0657231891516202 -0.08399833826085587
v -0.020616605903682708 0.06601539345162019 -0.08464286953685586
v -0.022373903503682707 0.0652920128516202 -0.08472343592585586
v -0.02085519580368271 0.06576480805162019 -0.08576637413585586
v -0.02194129680368271 0.06531768755162021 -0.08581611770585587
v -0.015597492503682711 0.0508333193516202 -0.08186866913585586
v -0.01465359330368271 0.051112403151620196 -0.08251136937585586
v -0.016416195803682712 0.050401915751620195 -0.08259369048585587
v -0.014888893803682711 0.0508534992516202 -0.08363380581435587
v -0.015978198503682706 0.0504145035516202 -0.08368461757913587
v -0.009744394603682711 0.0359111009516202 -0.07959900051585586
v -0.008796792503682711 0.036180800751620196 -0.08024032739585586
v -0.010562997303682709 0.035479697351620196 -0.08032402186585587
v -0.009029794503682707 0.0359160983516202 -0.08136169589585586
v -0.010121401403682707 0.035482806151620194 -0.08141349954585586
v -0.003960691403682708 0.020966491661620196 -0.07723571918585587
v -0.0030109957036827117 0.0212306021716202 -0.07787620695585587
v -0.004779297903682707 0.0205351063016202 -0.07796081714585587
v -0.0032425970036827068 0.020962390581620197 -0.07899696519585586
v -0.004335496603682709 0.020532493481620197 -0.07904930272585586
v 0.002739205996317294 0.006271601651620197 -0.07546562328585586
v 0.002508103896317289 0.006002203561620198 -0.07658630516585586
v 0.0014147050963172897 0.005573403091620197 -0.07663871906585587
v 0.0017888061963172927 0.006009403611620197 -0.07482536509585587
v 0.0009702033963172943 0.005577899511620197 -0.07555046211585587
v 0.0014147050963172897 0.005573403091620197 -0.07663871906585587
v 0.002739205996317294 0.006271601651620197 -0.07546562328585586
v 0.002508103896317289 0.006002203561620198 -0.07658630516585586
v 0.06067589109631729 0.7180249143516202 -0.10279914923585587
v 0.06233040239631729 0.7184106753516202 -0.10194397163585586
v 0.06182701509631729 0.7177862573516202 -0.10280319303585586
v 0.06046791379631729 0.7187970323516202 -0.10193756223585587
v 0.061490405396317296 0.7190356893516202 -0.10140899753585586
v 0.06149151179631729 0.7238055513516202 -0.10617858913585587
v 0.06251339239631729 0.7240411683516202 -0.10564727893585586
v 0.06233040239631729 0.7184106753516202 -0.10194397163585586
v 0.06170051919631729 0.7230383803516202 -0.10704460183585587
v 0.06067589109631729 0.7180249143516202 -0.10279914923585587
v 0.06335400049631729 0.7234198493516202 -0.10618499853585586
v 0.06182701509631729 0.7177862573516202 -0.10280319303585586
v 0.06285160409631729 0.7227997233516202 -0.10704856923585587
v 0.06250019369631729 0.7287378353516202 -0.11025436413585586
v 0.06271252039631729 0.7279870553516202 -0.11113365183585587
v 0.06352001429631729 0.7289636183516202 -0.10971481353585587
v 0.06386348979631729 0.7277484583516202 -0.11113754283585586
v 0.0643626059963173 0.7283520743516202 -0.11026069703585586
v 0.06347938809631729 0.7335199163516202 -0.11400161873585586
v 0.0636980086963173 0.7327997133516202 -0.11490470913585586
v 0.0644953958963173 0.7337268043516202 -0.11344726573585587
v 0.06484901719631729 0.7325604603516201 -0.11490844753585587
v 0.06534191409631729 0.7331335593516202 -0.11400779893585586
v 0.06441459989631729 0.7380768103516202 -0.11725677553585587
v 0.06464371089631729 0.7374078673516202 -0.11819687113585586
v 0.06542400639631729 0.7382513923516202 -0.11667945983585587
v 0.06579471939631729 0.7371686143516202 -0.11820045483585587
v 0.06627701219631729 0.7376898573516202 -0.11726265023585586
v 0.06529049199631728 0.7423309733516202 -0.11985611173585586
v 0.06553779919631729 0.7417498873516202 -0.12084992603585587
v 0.0662886071963173 0.7424505993516202 -0.11924530193585586
v 0.0666886940963173 0.7415106343516202 -0.12085327133585586
v 0.06715278889631729 0.7419433643516202 -0.11986160273585586
v 0.0660911201963173 0.7462005663516202 -0.12163635343585587
v 0.0663705095963173 0.7457745713516202 -0.12270164493585586
v 0.06706921009631729 0.7462231563516202 -0.12098106373585586
v 0.06752128899631729 0.7455346633516202 -0.12270477413585587
v 0.06795311349631729 0.7458117653516202 -0.12164139003585586
v 0.06680420229631728 0.7496228263516203 -0.12244720383585586
v 0.06712040309631728 0.7493743943516202 -0.12355446073585587
v 0.06776001299631729 0.7495380093516202 -0.12176658583585587
v 0.06827160159631729 0.7491363933516202 -0.12355827543585587
v 0.06866691819631729 0.7492377213516201 -0.12245330963585586
v 0.06735779159631729 0.7523340033516202 -0.12270569053585587
v 0.06768959389631729 0.7521631163516201 -0.12382034213585587
v 0.06830490379631729 0.7522070453516202 -0.12202095243585587
v 0.06884189879631729 0.7519299433516202 -0.12382469323585586
v 0.06922210939631729 0.7519574213516202 -0.12271255623585586
v 0.06804500889631729 0.7557739663516202 -0.12301986663585587
v 0.06837990139631729 0.7556182793516202 -0.12413597103585586
v 0.0689907110963173 0.7556396773516202 -0.12233459573585587
v 0.0695325880963173 0.7553876093516202 -0.12414047123585586
v 0.06991009039631729 0.7554010203516202 -0.12302703783585586
v 0.06882808919631729 0.7596911833516202 -0.12328590453585586
v 0.06916969639631729 0.7595685173516202 -0.12440429623585586
v 0.06976928929631729 0.7595343043516202 -0.12259910623585588
v 0.0703221149963173 0.7593359393516202 -0.12440856923585586
v 0.07069259879631729 0.7593146013516202 -0.12329300123585588
v 0.06994966049631729 0.7638537933516202 -0.12340217833585587
v 0.0703018679963173 0.7637835783516203 -0.12452209363585587
v 0.07088338209631728 0.7636603163516202 -0.12271438543585586
v 0.07145325839631729 0.7635461733516202 -0.12452629203585586
v 0.07181268189631729 0.7634698793516203 -0.12340911853585587
v 0.07082337509631728 0.7680316613516202 -0.12326751653585587
v 0.07119187709631729 0.7680389333516202 -0.12438476453585587
v 0.07174531369631729 0.7677807853516202 -0.12258148193585586
v 0.07234147559631729 0.7677930043516202 -0.12438926843585586
v 0.07268349829631729 0.7676336813516202 -0.12327476593585587
v 0.0716913714963173 0.7719909593516202 -0.12278122083585587
v 0.07208535449631728 0.7721148773516202 -0.12388420103585587
v 0.07259438929631729 0.7716546703516202 -0.12210571393585587
v 0.0732319764963173 0.7718554783516202 -0.12389038133585586
v 0.0735464617963173 0.7715710443516202 -0.12279129023585586
v 0.07251565159631729 0.7754846263516202 -0.12184837463585586
v 0.07294396679631729 0.7757574963516202 -0.12291198973585588
v 0.07339959589631728 0.7750647113516203 -0.12119590863585586
v 0.07409257069631729 0.7755060243516202 -0.12291686983585587
v 0.07437409829631729 0.7750781223516202 -0.12185630943585588
v 0.07327660919631729 0.7801269933516202 -0.11986610663585587
v 0.07373185459631729 0.7805358813516202 -0.12087181213585586
v 0.0741530730963173 0.7796685743516202 -0.11923034863585587
v 0.0748898423963173 0.7803308413516202 -0.12085777523585586
v 0.0751501582963173 0.7797949363516202 -0.11984329293585586
v 0.07426226509631728 0.7850164813516202 -0.11720794813585586
v 0.0747340656963173 0.7855432083516202 -0.11814987283585587
v 0.07513514159631729 0.7845343393516202 -0.11658538873585586
v 0.07589853929631729 0.7853857923516202 -0.11810943853585587
v 0.07614649459631728 0.7847625663516202 -0.11714248733585586
v 0.0752290002963173 0.7898212123516202 -0.11388351583585586
v 0.0757119394963173 0.7904693533516202 -0.11474098263585586
v 0.07609752939631728 0.7892920423516202 -0.11329307593585586
v 0.0768789313963173 0.7903400113516202 -0.11468055843585587
v 0.0771171971963173 0.7896124763516202 -0.11378578283585586
v 0.07606549559631728 0.7941931533516202 -0.10991211053585587
v 0.07655499879631729 0.7949725433516202 -0.11064987253585587
v 0.0769305154963173 0.7935968083516202 -0.10938217303585587
v 0.07772267609631729 0.7948578043516202 -0.11057586783585586
v 0.07795476169631729 0.7940076043516202 -0.10979240573585586
v 0.07653050869631729 0.7977893403516202 -0.10531379843585587
v 0.07702138279631729 0.7987054633516202 -0.10587638993585587
v 0.0773946903963173 0.7971124693516202 -0.10488617043585587
v 0.07818898189631729 0.7985950163516202 -0.10579651033585587
v 0.07841969649631729 0.7976104663516203 -0.10518448053585587
v 0.0767651870963173 0.8002722313516202 -0.10010620203585587
v 0.0772506445963173 0.8013061923516202 -0.10042228733585587
v 0.0776328779963173 0.7995202583516202 -0.09983566403585586
v 0.07841832189631728 0.8011926463516202 -0.10034713893585587
v 0.07865460589631729 0.8000891253516202 -0.09998458993585586
v 0.07652135189631729 0.8013110803516202 -0.09428283853585587
v 0.0769971198963173 0.8023877193516202 -0.09435958973585587
v 0.0773956030963173 0.8005297823516202 -0.09417595063585586
v 0.07816540819631729 0.8022711323516202 -0.09430000463585586
v 0.0784116833963173 0.8011230873516202 -0.09418647923585587
v 0.07629910859631729 0.8013214513516203 -0.08901039278585586
v 0.07676938179631729 0.8023974943516202 -0.08895370643585587
v 0.0771775543963173 0.8005389613516202 -0.08900550985585587
v 0.0779385864963173 0.8022809073516202 -0.08891365211585586
v 0.07819081469631729 0.8011328623516202 -0.08894569519585586
v 0.0761362202963173 0.8009576843516202 -0.08412315515985587
v 0.07660352069631729 0.8020275873516202 -0.08397529751485587
v 0.07701718809631729 0.8001812743516202 -0.08419189602185587
v 0.0777732580963173 0.8019122523516202 -0.08395263820385586
v 0.0780289209963173 0.8007714793516202 -0.08408661035385587
v 0.07600301129631729 0.8001721543516201 -0.07963860174585587
v 0.07646664979631729 0.8012213153516202 -0.07937256479585586
v 0.0768866464963173 0.7994110033516202 -0.07979340222585586
v 0.07763669269631729 0.8011090203516202 -0.07936295168585586
v 0.07789632309631729 0.7999896453516202 -0.07962311431585586
v 0.07586888599631729 0.7989166423516202 -0.07555409148585587
v 0.07632771879631729 0.7999212783516202 -0.07514340057585586
v 0.0767558030963173 0.7981848163516202 -0.07580589968585587
v 0.07749798889631729 0.7998108313516202 -0.07514137867585587
v 0.07776257769631728 0.7987378283516202 -0.07555077224585587
v 0.0757039375963173 0.7971423313516202 -0.07186417283585586
v 0.0761552936963173 0.7980700773516202 -0.07129269283585586
v 0.07659543309631729 0.7964593813516202 -0.07221638413585586
v 0.0773257947963173 0.7979608223516202 -0.07129170093585586
v 0.0775977074963173 0.7969653653516202 -0.07186257093585587
v 0.07547787949631729 0.7948016573516202 -0.06856007313585587
v 0.07591832429631729 0.7956171083516203 -0.06783016953585587
v 0.0763758606963173 0.7941845703516202 -0.06900528633585587
v 0.07708844539631729 0.7955041573516202 -0.06782429483585586
v 0.0773711911963173 0.7946185513516202 -0.06855057463585587
v 0.07516042139631729 0.7918396043516202 -0.06563069113585587
v 0.0755862928963173 0.7925207663516202 -0.06476799773585587
v 0.07606641199631729 0.7912964273516202 -0.06614899263585586
v 0.0767554975963173 0.7923992923516202 -0.06475308163585586
v 0.07705220579631729 0.7916424913516202 -0.06560658103585587
v 0.07489789279631728 0.7896838833516202 -0.06407578103585587
v 0.07530751449631728 0.7902325433516202 -0.06311718743585587
v 0.0758121981963173 0.7892096093516202 -0.06464359913585586
v 0.0764751173963173 0.7900976583516202 -0.06309269553585586
v 0.07678700609631729 0.7894653723516202 -0.06403607133585587
v 0.07458379119631729 0.7873621033516202 -0.06282097473585586
v 0.07497723769631728 0.7877905413516202 -0.06179737853585587
v 0.07550641519631729 0.7869488643516201 -0.06342167593585586
v 0.07614293319631729 0.7876422453516202 -0.06176560183585587
v 0.07647000629631728 0.7871221943516202 -0.06276947633585586
v 0.0742262005963173 0.7848981073516202 -0.061816489335855866
v 0.07460469379631729 0.7852240253516202 -0.06075108233585587
v 0.07515645399631729 0.7845367833516202 -0.062438474935855866
v 0.07576878739631729 0.7850635093516202 -0.060714576435855865
v 0.0761097445963173 0.7846393033516202 -0.06175747513585586
v 0.07383328679631729 0.7823175233516202 -0.061013000135855866
v 0.07419965039631729 0.7825629163516202 -0.059922682135855866
v 0.07476964219631729 0.7819964933516202 -0.06164749893585587
v 0.0753622948963173 0.7823938173516202 -0.059883391435855866
v 0.07571461799631729 0.7820441173516202 -0.060949370235855865
v 0.07341332729631729 0.7796466393516202 -0.060360571335855866
v 0.07377080249631729 0.7798358253516202 -0.059256598335855865
v 0.07435414569631729 0.7793542793516202 -0.061002088735855865
v 0.07493245599631729 0.7796606463516202 -0.05921566673585586
v 0.0752930193963173 0.7793628023516201 -0.060294501435855866
v 0.07297490539631729 0.7769134683516202 -0.05980919483585587
v 0.0733270383963173 0.7770690963516202 -0.05869839343585587
v 0.07391843199631729 0.7766376183516202 -0.060454070535855865
v 0.0744881182963173 0.7768902823516202 -0.058656776335855865
v 0.07485364379631729 0.7766235513516202 -0.05974186583585586
v 0.07290742169631728 0.7764874743516202 -0.05973637293585586
v 0.07376050199631728 0.7756347703516202 -0.060272490635855866
v 0.07282281289631728 0.7739770463516202 -0.058141067635855866
v 0.0742031596963173 0.7725982713516202 -0.05900860573585587
v 0.07362363119631729 0.7715741443516202 -0.057691389735855865
v 0.02681433599631729 0.8675488283516202 -0.13634598623585586
v 0.02785874339631729 0.8676190423516202 -0.13688110563585587
v 0.02682034389631729 0.8682959123516202 -0.13543815533585588
v 0.02786843199631729 0.8688275263516202 -0.13541230183585587
v 0.02851023804631729 0.8684094593516202 -0.13630395013585586
v 0.07376050199631728 0.7756347703516202 -0.060272490635855866
v 0.07290742169631728 0.7764874743516202 -0.05973637293585586
v 0.0742031596963173 0.7725982713516202 -0.05900860573585587
v 0.02682034389631729 0.8682959123516202 -0.13543815533585588
v 0.02785874339631729 0.8676190423516202 -0.13688110563585587
v 0.07282281289631728 0.7739770463516202 -0.058141067635855866
v 0.07362363119631729 0.7715741443516202 -0.057691389735855865
v 0.02681433599631729 0.8675488283516202 -0.13634598623585586
v 0.06211036069631729 0.026045608351620196 -0.20204961293585588
v 0.06956050549631729 0.015997404931620197 -0.20191098793585588
v 0.0704945325963173 0.017094088721620198 -0.20211539393585587
v 0.06305088849631729 0.0273741213516202 -0.20249734093585586
v 0.0704945325963173 0.017094088721620198 -0.20211539393585587
v 0.08365859089631729 -0.0008436096483798033 -0.19723109893585586
v 0.07117645439631728 0.018210497921620196 -0.20121031993585586
v 0.0833088866963173 -0.0018004206483798017 -0.19811576593585586
v 0.06956050549631729 0.015997404931620197 -0.20191098793585588
v 0.08234648779631729 -0.0027710581483798014 -0.19808879493585585
v 0.0704945325963173 0.017094088721620198 -0.20211539393585587
v 0.07117645439631728 0.018210497921620196 -0.20121031993585586
v 0.08365859089631729 -0.0008436096483798033 -0.19723109893585586
v 0.08289817719631729 -0.0012343497483798017 -0.19664470093585587
v 0.0705776549963173 0.0175995884916202 -0.20045483893585586
v 0.0820917039963173 -0.0024232594483798026 -0.19717835593585586
v 0.06960384179631729 0.016291922191620196 -0.20089927293585585
v 0.08234648779631729 -0.0027710581483798014 -0.19808879493585585
v 0.06956050549631729 0.015997404931620197 -0.20191098793585588
v -0.07120590690368271 0.26001014235162023 -0.08761445199585587
v -0.0679711849036827 0.2632757473516202 -0.08740654121585587
v -0.06830100690368271 0.2633445753516202 -0.08627479686585586
v -0.0707919519036827 0.2599736203516202 -0.08871653675585586
v -0.0668516089036827 0.2629121293516202 -0.08744239946585587
v -0.0706248429036827 0.2592064193516202 -0.08698305277585587
v -0.0673850999036827 0.2630235303516202 -0.08561126852585586
v -0.06995505790368271 0.2591473653516202 -0.08876637602585587
v -0.0664892939036827 0.2627563373516202 -0.08633300918585586
v -0.06985179290368271 0.2586730763516202 -0.08769502770585587
v -0.0778188779036827 0.25273921035162017 -0.09054055344585586
v -0.07721108990368271 0.25196452935162017 -0.08989808196585586
v -0.0773317739036827 0.25278401835162023 -0.09161031898585587
v -0.07634836390368271 0.2515304583516202 -0.09057066077585586
v -0.07642295190368271 0.25203688935162016 -0.09162897244585587
v -0.08376406090368271 0.2448804423516202 -0.09397140613585586
v -0.08311971290368271 0.2441536083516202 -0.09330837335585587
v -0.08324775090368271 0.2449647083516202 -0.09502422433585586
v -0.0822841149036827 0.24428999935162019 -0.09501178843585587
v -0.0822050419036827 0.2437886493516202 -0.09395127463585587
v -0.05978441980368271 0.2872354733516202 -0.09118471294585587
v -0.0533082932036827 0.2891363543516202 -0.09290290996585587
v -0.053329080303682705 0.2897384513516202 -0.09189064148585586
v -0.059841282703682705 0.2868667293516202 -0.09230119828585587
v -0.052431903803682706 0.2883535673516202 -0.09284469764585587
v -0.05917137120368271 0.2864416883516202 -0.09057157672585586
v -0.05246551330368271 0.2893279833516202 -0.09120681881585586
v -0.05926378820368271 0.2858446283516202 -0.09237798862585586
v -0.051910892103682715 0.28847197135162017 -0.09179649501585586
v -0.05884961780368271 0.2855819213516202 -0.09130913857585586
v -0.06776260590368272 0.2837865693516202 -0.09051580540585587
v -0.06727819890368271 0.2828747083516202 -0.08995386259585586
v -0.06773661090368271 0.2835583133516202 -0.09166868310585587
v -0.06695276490368271 0.2820828003516202 -0.09075950737585586
v -0.06723603590368271 0.2825053683516202 -0.09181933570585586
v -0.0748628009036827 0.2799523813516202 -0.09028421528585587
v -0.07433752690368271 0.2790626933516202 -0.08972331182585587
v -0.07469884290368271 0.2797988703516202 -0.09144110791585587
v -0.0740722489036827 0.2788143803516202 -0.09159508813585587
v -0.0738488809036827 0.2783594473516202 -0.09053343906585587
v -0.04826844480368271 0.2977861813516202 -0.09743112693585587
v -0.04340141270368271 0.2965719443516202 -0.10123169053585587
v -0.04302489760368271 0.2974655083516202 -0.10055832003585587
v -0.04888208210368271 0.2973092243516202 -0.09832047573585587
v -0.042750395803682714 0.2956228603516202 -0.10098167513585586
v -0.047926329103682705 0.2969156253516202 -0.09671900883585587
v -0.04214118420368271 0.2970687793516202 -0.09989212083585586
v -0.0489190519036827 0.2961441923516202 -0.09815786503585587
v -0.041971586603682706 0.2959301813516202 -0.10015373303585587
v -0.048328414603682715 0.2959007663516202 -0.09716806563585587
v -0.055321671103682704 0.2978364573516202 -0.09414058833585587
v -0.054995775203682706 0.2969664083516202 -0.09342041145585586
v -0.05566822740368271 0.2973569083516202 -0.09515630823585587
v -0.05514098700368271 0.2959488973516202 -0.09399098533585587
v -0.055556692203682714 0.2961902073516202 -0.09506387823585587
v -0.06284777090368271 0.2968239533516202 -0.09197242837585587
v -0.06251499790368271 0.2959550663516202 -0.09125398751585587
v -0.0629798169036827 0.2963722993516202 -0.09305146336585586
v -0.06244175890368271 0.2949660763516202 -0.09188900142585586
v -0.0627291579036827 0.2952240153516202 -0.09299980290585587
v -0.0679872109036827 0.2955291613516202 -0.09110402222585587
v -0.06763462690368272 0.2946649533516202 -0.09038912923585586
v -0.0680163499036827 0.2951036143516202 -0.09220050927585587
v -0.06768156590368271 0.2939765793516202 -0.09216334484585587
v -0.0674457919036827 0.2937054083516202 -0.09104380756585587
v -0.0641194579036827 0.25202455135162016 -0.08595662261585586
v -0.06380756190368271 0.2522039903516202 -0.08707813406585586
v -0.0679711849036827 0.2632757473516202 -0.08740654121585587
v -0.06830100690368271 0.2633445753516202 -0.08627479686585586
v -0.0668516089036827 0.2629121293516202 -0.08744239946585587
v -0.06332705190368271 0.2525578783516202 -0.08527111203585587
v -0.0673850999036827 0.2630235303516202 -0.08561126852585586
v -0.06282242390368271 0.25284819735162023 -0.08708588732585587
v -0.0664892939036827 0.2627563373516202 -0.08633300918585586
v -0.06252531690368271 0.25306685735162016 -0.08596903947585587
v -0.058078698803682716 0.2437439313516202 -0.08627287996585586
v -0.05731022360368271 0.2443105033516202 -0.08558674959585587
v -0.057834476203682705 0.2440151173516202 -0.08739113947585586
v -0.05659101900368271 0.2449318663516202 -0.08628081460585586
v -0.0569149628036827 0.2447492673516202 -0.08739606989585587
v -0.05124183000368271 0.2359007793516202 -0.08705938490585587
v -0.050514854503682705 0.2365154073516202 -0.08636882924585587
v -0.05103203650368271 0.23621067835162018 -0.08817386766585586
v -0.050175428403682706 0.2370170403516202 -0.08817205578585587
v -0.04985576120368271 0.2372053163516202 -0.08705640933585587
v -0.054712444503682706 0.2804712103516202 -0.09012111788585586
v -0.054336592603682704 0.2803341493516202 -0.09122821921585586
v -0.0533082932036827 0.2891363543516202 -0.09290290996585587
v -0.053329080303682705 0.2897384513516202 -0.09189064148585586
v -0.052431903803682706 0.2883535673516202 -0.09284469764585587
v -0.053768783803682704 0.2805314113516202 -0.08942275168585587
v -0.05246551330368271 0.2893279833516202 -0.09120681881585586
v -0.05316047370368271 0.2803090263516202 -0.09121403843585586
v -0.051910892103682715 0.28847197135162017 -0.09179649501585586
v -0.0528094470036827 0.2804310363516202 -0.09009829675585587
v -0.05355279890368271 0.2724121853516202 -0.08987917099585586
v -0.052631281303682706 0.2726676813516202 -0.08919546240585587
v -0.05319004510368271 0.2724242553516202 -0.09099728707585586
v -0.051698893303682714 0.2728376733516202 -0.08989106304585587
v -0.05204430220368271 0.2726873203516202 -0.09100466873585586
v -0.05087081340368271 0.2631848503516202 -0.09083292120585587
v -0.04996198420368271 0.2634850633516202 -0.09015033859585586
v -0.05055070670368271 0.2633479133516202 -0.09195531066585587
v -0.0494440645036827 0.2637489333516202 -0.09196630585585587
v -0.049080252603682706 0.2638337663516202 -0.09085076441585586
v -0.04522038250368271 0.2907507163516202 -0.09689872893585587
v -0.04473031310368271 0.2900491103516202 -0.09771271793585587
v -0.04340141270368271 0.2965719443516202 -0.10123169053585587
v -0.04302489760368271 0.2974655083516202 -0.10055832003585587
v -0.042750395803682714 0.2956228603516202 -0.10098167513585586
v -0.0443578660036827 0.2911866353516202 -0.09622932593585587
v -0.04214118420368271 0.2970687793516202 -0.09989212083585586
v -0.04356522860368271 0.2900515543516202 -0.09754625423585586
v -0.041971586603682706 0.2959301813516202 -0.10015373303585587
v -0.04333490130368271 0.2907545313516202 -0.09662942963585587
v -0.04433471710368271 0.2840192063516202 -0.09272440057585586
v -0.043472446503682705 0.2844398963516202 -0.09204516559585586
v -0.043846450703682704 0.2835687143516202 -0.09369413463585587
v -0.042451046403682705 0.2842493403516202 -0.09259504452585586
v -0.042682178303682705 0.28371078235162017 -0.09361419826585586
v -0.04244638230368271 0.2767120053516202 -0.08961963793585587
v -0.041585400703682704 0.2771393103516202 -0.08894290123585587
v -0.04198963190368271 0.2764669103516202 -0.09067655680585586
v -0.040596179703682705 0.2771579373516202 -0.08958152914585586
v -0.04084608700368271 0.2767422843516202 -0.09065286768585587
v -0.03884063660368271 0.2687621763516202 -0.08752680919585587
v -0.037984684103682706 0.2692086743516202 -0.08685583248585586
v -0.038411766303682704 0.2686168893516202 -0.08861271059585586
v -0.03729089350368271 0.2689737723516202 -0.08861294900585587
v -0.03702686730368271 0.2693394173516202 -0.08752707624585586
f 3/3/3 2/2/2 1/1/1
f 2/2/2 4/4/4 1/1/1
f 4/4/4 2/2/2 5/5/5
f 5/5/5 2/2/2 6/6/6
f 2/2/2 7/7/7 6/6/6
f 2/2/2 8/8/8 7/7/7
f 5/5/5 6/6/6 9/9/9
f 10/10/10 5/5/5 9/9/9
f 8/8/8 11/11/11 7/7/7
f 8/8/8 12/12/12 11/11/11
f 12/12/12 10/10/10 13/13/13
f 10/10/10 9/9/9 13/13/13
f 12/12/12 13/13/13 11/11/11
f 6/6/6 7/7/7 14/14/14
f 9/9/9 6/6/6 15/15/15
f 6/6/6 14/14/14 15/15/15
f 7/7/7 11/11/11 16/16/16
f 7/7/7 16/16/16 14/14/14
f 13/13/13 9/9/9 17/17/17
f 9/9/9 15/15/15 17/17/17
f 11/11/11 13/13/13 18/18/18
f 11/11/11 18/18/18 16/16/16
f 13/13/13 17/17/17 18/18/18
f 14/14/14 16/16/16 19/19/19
f 15/15/15 14/14/14 20/20/20
f 14/14/14 19/19/19 20/20/20
f 16/16/16 18/18/18 21/21/21
f 16/16/16 21/21/21 19/19/19
f 17/17/17 15/15/15 22/22/22
f 15/15/15 20/20/20 22/22/22
f 18/18/18 17/17/17 23/23/23
f 18/18/18 23/23/23 21/21/21
f 17/17/17 22/22/22 23/23/23
f 19/19/19 21/21/21 24/24/24
f 20/20/20 19/19/19 25/25/25
f 19/19/19 24/24/24 25/25/25
f 21/21/21 23/23/23 26/26/26
f 21/21/21 26/26/26 24/24/24
f 22/22/22 20/20/20 27/27/27
f 20/20/20 25/25/25 27/27/27
f 23/23/23 22/22/22 28/28/28
f 23/23/23 28/28/28 26/26/26
f 22/22/22 27/27/27 28/28/28
f 24/24/24 26/26/26 29/29/29
f 25/25/25 24/24/24 30/30/30
f 24/24/24 29/29/29 30/30/30
f 26/26/26 28/28/28 31/31/31
f 26/26/26 31/31/31 29/29/29
f 27/27/27 25/25/25 32/32/32
f 25/25/25 30/30/30 32/32/32
f 28/28/28 27/27/27 33/33/33
f 28/28/28 33/33/33 31/31/31
f 27/27/27 32/32/32 33/33/33
f 29/29/29 31/31/31 34/34/34
f 30/30/30 29/29/29 35/35/35
f 29/29/29 34/34/34 35/35/35
f 31/31/31 33/33/33 36/36/36
f 31/31/31 36/36/36 34/34/34
f 32/32/32 30/30/30 37/37/37
f 30/30/30 35/35/35 37/37/37
f 33/33/33 32/32/32 38/38/38
f 33/33/33 38/38/38 36/36/36
f 32/32/32 37/37/37 38/38/38
f 34/34/34 36/36/36 39/39/39
f 35/35/35 34/34/34 40/40/40
f 34/34/34 39/39/39 40/40/40
f 36/36/36 38/38/38 41/41/41
f 36/36/36 41/41/41 39/39/39
f 37/37/37 35/35/35 42/42/42
f 35/35/35 40/40/40 42/42/42
f 38/38/38 37/37/37 43/43/43
f 38/38/38 43/43/43 41/41/41
f 37/37/37 42/42/42 43/43/43
f 39/39/39 41/41/41 44/44/44
f 40/40/40 39/39/39 45/45/45
f 39/39/39 44/44/44 45/45/45
f 41/41/41 43/43/43 46/46/46
f 41/41/41 46/46/46 44/44/44
f 42/42/42 40/40/40 47/47/47
f 40/40/40 45/45/45 47/47/47
f 43/43/43 42/42/42 48/48/48
f 43/43/43 48/48/48 46/46/46
f 42/42/42 47/47/47 48/48/48
f 44/44/44 46/46/46 49/49/49
f 45/45/45 44/44/44 50/50/50
f 44/44/44 49/49/49 50/50/50
f 46/46/46 48/48/48 51/51/51
f 46/46/46 51/51/51 49/49/49
f 47/47/47 45/45/45 52/52/52
f 45/45/45 50/50/50 52/52/52
f 48/48/48 47/47/47 53/53/53
f 48/48/48 53/53/53 51/51/51
f 47/47/47 52/52/52 53/53/53
f 49/49/49 51/51/51 54/54/54
f 50/50/50 49/49/49 55/55/55
f 49/49/49 54/54/54 55/55/55
f 51/51/51 53/53/53 56/56/56
f 51/51/51 56/56/56 54/54/54
f 52/52/52 50/50/50 57/57/57
f 50/50/50 55/55/55 57/57/57
f 53/53/53 52/52/52 58/58/58
f 53/53/53 58/58/58 56/56/56
f 52/52/52 57/57/57 58/58/58
f 54/54/54 56/56/56 59/59/59
f 55/55/55 54/54/54 60/60/60
f 54/54/54 59/59/59 60/60/60
f 56/56/56 58/58/58 61/61/61
f 56/56/56 61/61/61 59/59/59
f 57/57/57 55/55/55 62/62/62
f 55/55/55 60/60/60 62/62/62
f 58/58/58 57/57/57 63/63/63
f 58/58/58 63/63/63 61/61/61
f 57/57/57 62/62/62 63/63/63
f 59/59/59 61/61/61 64/64/64
f 60/60/60 59/59/59 65/65/65
f 59/59/59 64/64/64 65/65/65
f 61/61/61 63/63/63 66/66/66
f 61/61/61 66/66/66 64/64/64
f 62/62/62 60/60/60 67/67/67
f 60/60/60 65/65/65 67/67/67
f 63/63/63 62/62/62 68/68/68
f 63/63/63 68/68/68 66/66/66
f 62/62/62 67/67/67 68/68/68
f 64/64/64 66/66/66 69/69/69
f 65/65/65 64/64/64 70/70/70
f 64/64/64 69/69/69 70/70/70
f 66/66/66 68/68/68 71/71/71
f 66/66/66 71/71/71 69/69/69
f 67/67/67 65/65/65 72/72/72
f 65/65/65 70/70/70 72/72/72
f 68/68/68 67/67/67 73/73/73
f 68/68/68 73/73/73 71/71/71
f 67/67/67 72/72/72 73/73/73
f 69/69/69 71/71/71 74/74/74
f 70/70/70 69/69/69 75/75/75
f 69/69/69 74/74/74 75/75/75
f 71/71/71 73/73/73 76/76/76
f 71/71/71 76/76/76 74/74/74
f 72/72/72 70/70/70 77/77/77
f 70/70/70 75/75/75 77/77/77
f 73/73/73 72/72/72 78/78/78
f 73/73/73 78/78/78 76/76/76
f 72/72/72 77/77/77 78/78/78
f 74/74/74 76/76/76 79/79/79
f 75/75/75 74/74/74 80/80/80
f 74/74/74 79/79/79 80/80/80
f 76/76/76 78/78/78 81/81/81
f 76/76/76 81/81/81 79/79/79
f 77/77/77 75/75/75 82/82/82
f 75/75/75 80/80/80 82/82/82
f 78/78/78 77/77/77 83/83/83
f 78/78/78 83/83/83 81/81/81
f 77/77/77 82/82/82 83/83/83
f 79/79/79 81/81/81 84/84/84
f 80/80/80 79/79/79 85/85/85
f 79/79/79 84/84/84 85/85/85
f 81/81/81 83/83/83 86/86/86
f 81/81/81 86/86/86 84/84/84
f 82/82/82 80/80/80 87/87/87
f 80/80/80 85/85/85 87/87/87
f 83/83/83 82/82/82 88/88/88
f 83/83/83 88/88/88 86/86/86
f 82/82/82 87/87/87 88/88/88
f 84/84/84 86/86/86 89/89/89
f 85/85/85 84/84/84 90/90/90
f 84/84/84 89/89/89 90/90/90
f 86/86/86 88/88/88 91/91/91
f 86/86/86 91/91/91 89/89/89
f 87/87/87 85/85/85 92/92/92
f 85/85/85 90/90/90 92/92/92
f 88/88/88 87/87/87 93/93/93
f 88/88/88 93/93/93 91/91/91
f 87/87/87 92/92/92 93/93/93
f 89/89/89 91/91/91 94/94/94
f 90/90/90 89/89/89 95/95/95
f 89/89/89 94/94/94 95/95/95
f 91/91/91 93/93/93 96/96/96
f 91/91/91 96/96/96 94/94/94
f 92/92/92 90/90/90 97/97/97
f 90/90/90 95/95/95 97/97/97
f 93/93/93 92/92/92 98/98/98
f 93/93/93 98/98/98 96/96/96
f 92/92/92 97/97/97 98/98/98
f 94/94/94 96/96/96 99/99/99
f 95/95/95 94/94/94 100/100/100
f 94/94/94 99/99/99 100/100/100
f 96/96/96 98/98/98 101/101/101
f 96/96/96 101/101/101 99/99/99
f 97/97/97 95/95/95 102/102/102
f 95/95/95 100/100/100 102/102/102
f 98/98/98 97/97/97 103/103/103
f 98/98/98 103/103/103 101/101/101
f 97/97/97 102/102/102 103/103/103
f 99/99/99 101/101/101 104/104/104
f 100/100/100 99/99/99 105/105/105
f 99/99/99 104/104/104 105/105/105
f 101/101/101 103/103/103 106/106/106
f 101/101/101 106/106/106 104/104/104
f 102/102/102 100/100/100 107/107/107
f 100/100/100 105/105/105 107/107/107
f 103/103/103 102/102/102 108/108/108
f 103/103/103 108/108/108 106/106/106
f 102/102/102 107/107/107 108/108/108
f 104/104/104 106/106/106 109/109/109
f 105/105/105 104/104/104 110/110/110
f 104/104/104 109/109/109 110/110/110
f 106/106/106 108/108/108 111/111/111
f 106/106/106 111/111/111 109/109/109
f 107/107/107 105/105/105 112/112/112
f 105/105/105 110/110/110 112/112/112
f 108/108/108 107/107/107 113/113/113
f 108/108/108 113/113/113 111/111/111
f 107/107/107 112/112/112 113/113/113
f 109/109/109 111/111/111 114/114/114
f 110/110/110 109/109/109 115/115/115
f 109/109/109 114/114/114 115/115/115
f 111/111/111 113/113/113 116/116/116
f 111/111/111 116/116/116 114/114/114
f 112/112/112 110/110/110 117/117/117
f 110/110/110 115/115/115 117/117/117
f 113/113/113 112/112/112 118/118/118
f 113/113/113 118/118/118 116/116/116
f 112/112/112 117/117/117 118/118/118
f 119/119/119 114/114/114 116/116/116
f 120/120/120 115/115/115 114/114/114
f 119/119/119 120/120/120 114/114/114
f 121/121/121 116/116/116 118/118/118
f 121/121/121 119/119/119 116/116/116
f 122/122/122 117/117/117 115/115/115
f 120/120/120 122/122/122 115/115/115
f 123/123/123 118/118/118 117/117/117
f 123/123/123 121/121/121 118/118/118
f 122/122/122 123/123/123 117/117/117
f 124/124/124 119/119/119 121/121/121
f 125/125/125 120/120/120 119/119/119
f 124/124/124 125/125/125 119/119/119
f 126/126/126 121/121/121 123/123/123
f 126/126/126 124/124/124 121/121/121
f 127/127/127 122/122/122 120/120/120
f 125/125/125 127/127/127 120/120/120
f 128/128/128 123/123/123 122/122/122
f 128/128/128 126/126/126 123/123/123
f 127/127/127 128/128/128 122/122/122
f 129/129/129 124/124/124 126/126/126
f 130/130/130 125/125/125 124/124/124
f 129/129/129 130/130/130 124/124/124
f 131/131/131 126/126/126 128/128/128
f 131/131/131 129/129/129 126/126/126
f 132/132/132 127/127/127 125/125/125
f 130/130/130 132/132/132 125/125/125
f 133/133/133 128/128/128 127/127/127
f 133/133/133 131/131/131 128/128/128
f 132/132/132 133/133/133 127/127/127
f 134/134/134 129/129/129 131/131/131
f 135/135/135 130/130/130 129/129/129
f 134/134/134 135/135/135 129/129/129
f 136/136/136 131/131/131 133/133/133
f 136/136/136 134/134/134 131/131/131
f 137/137/137 132/132/132 130/130/130
f 135/135/135 137/137/137 130/130/130
f 138/138/138 133/133/133 132/132/132
f 138/138/138 136/136/136 133/133/133
f 137/137/137 138/138/138 132/132/132
f 134/134/134 136/136/136 139/139/139
f 135/135/135 134/134/134 140/140/140
f 134/134/134 139/139/139 140/140/140
f 136/136/136 138/138/138 141/141/141
f 136/136/136 141/141/141 139/139/139
f 137/137/137 135/135/135 142/142/142
f 135/135/135 140/140/140 142/142/142
f 138/138/138 137/137/137 143/143/143
f 138/138/138 143/143/143 141/141/141
f 137/137/137 142/142/142 143/143/143
f 139/139/139 141/141/141 144/144/144
f 140/140/140 139/139/139 145/145/145
f 139/139/139 144/144/144 145/145/145
f 141/141/141 143/143/143 146/146/146
f 141/141/141 146/146/146 144/144/144
f 142/142/142 140/140/140 147/147/147
f 140/140/140 145/145/145 147/147/147
f 143/143/143 142/142/142 148/148/148
f 143/143/143 148/148/148 146/146/146
f 142/142/142 147/147/147 148/148/148
f 144/144/144 146/146/146 149/149/149
f 145/145/145 144/144/144 150/150/150
f 144/144/144 149/149/149 150/150/150
f 146/146/146 148/148/148 151/151/151
f 146/146/146 151/151/151 149/149/149
f 147/147/147 145/145/145 152/152/152
f 145/145/145 150/150/150 152/152/152
f 148/148/148 147/147/147 153/153/153
f 148/148/148 153/153/153 151/151/151
f 147/147/147 152/152/152 153/153/153
f 149/149/149 151/151/151 154/154/154
f 150/150/150 149/149/149 155/155/155
f 149/149/149 154/154/154 155/155/155
f 151/151/151 153/153/153 156/156/156
f 151/151/151 156/156/156 154/154/154
f 152/152/152 150/150/150 157/157/157
f 150/150/150 155/155/155 157/157/157
f 153/153/153 152/152/152 158/158/158
f 153/153/153 158/158/158 156/156/156
f 152/152/152 157/157/157 158/158/158
f 154/154/154 156/156/156 159/159/159
f 155/155/155 154/154/154 160/160/160
f 154/154/154 159/159/159 160/160/160
f 156/156/156 158/158/158 161/161/161
f 156/156/156 161/161/161 159/159/159
f 157/157/157 155/155/155 162/162/162
f 155/155/155 160/160/160 162/162/162
f 158/158/158 157/157/157 163/163/163
f 158/158/158 163/163/163 161/161/161
f 157/157/157 162/162/162 163/163/163
f 159/159/159 161/161/161 164/164/164
f 160/160/160 159/159/159 165/165/165
f 159/159/159 164/164/164 165/165/165
f 161/161/161 163/163/163 166/166/166
f 161/161/161 166/166/166 164/164/164
f 162/162/162 160/160/160 167/167/167
f 160/160/160 165/165/165 167/167/167
f 163/163/163 162/162/162 168/168/168
f 163/163/163 168/168/168 166/166/166
f 162/162/162 167/167/167 168/168/168
f 164/164/164 166/166/166 169/169/169
f 165/165/165 164/164/164 170/170/170
f 164/164/164 169/169/169 170/170/170
f 166/166/166 168/168/168 171/171/171
f 166/166/166 171/171/171 169/169/169
f 167/167/167 165/165/165 172/172/172
f 165/165/165 170/170/170 172/172/172
f 168/168/168 167/167/167 173/173/173
f 168/168/168 173/173/173 171/171/171
f 167/167/167 172/172/172 173/173/173
f 169/169/169 171/171/171 174/174/174
f 170/170/170 169/169/169 175/175/175
f 169/169/169 174/174/174 175/175/175
f 171/171/171 173/173/173 176/176/176
f 171/171/171 176/176/176 174/174/174
f 172/172/172 170/170/170 177/177/177
f 170/170/170 175/175/175 177/177/177
f 173/173/173 172/172/172 178/178/178
f 173/173/173 178/178/178 176/176/176
f 172/172/172 177/177/177 178/178/178
f 174/174/174 176/176/176 179/179/179
f 175/175/175 174/174/174 180/180/180
f 174/174/174 179/179/179 180/180/180
f 176/176/176 178/178/178 181/181/181
f 176/176/176 181/181/181 179/179/179
f 177/177/177 175/175/175 182/182/182
f 175/175/175 180/180/180 182/182/182
f 178/178/178 177/177/177 183/183/183
f 178/178/178 183/183/183 181/181/181
f 177/177/177 182/182/182 183/183/183
f 179/179/179 181/181/181 184/184/184
f 180/180/180 179/179/179 185/185/185
f 179/179/179 184/184/184 185/185/185
f 181/181/181 183/183/183 186/186/186
f 181/181/181 186/186/186 184/184/184
f 182/182/182 180/180/180 187/187/187
f 180/180/180 185/185/185 187/187/187
f 183/183/183 182/182/182 188/188/188
f 183/183/183 188/188/188 186/186/186
f 182/182/182 187/187/187 188/188/188
f 184/184/184 186/186/186 189/189/189
f 185/185/185 184/184/184 190/190/190
f 184/184/184 189/189/189 190/190/190
f 186/186/186 188/188/188 191/191/191
f 186/186/186 191/191/191 189/189/189
f 187/187/187 185/185/185 192/192/192
f 185/185/185 190/190/190 192/192/192
f 188/188/188 187/187/187 193/193/193
f 188/188/188 193/193/193 191/191/191
f 187/187/187 192/192/192 193/193/193
f 189/189/189 191/191/191 194/194/194
f 190/190/190 189/189/189 195/195/195
f 189/189/189 194/194/194 195/195/195
f 191/191/191 193/193/193 196/196/196
f 191/191/191 196/196/196 194/194/194
f 192/192/192 190/190/190 197/197/197
f 190/190/190 195/195/195 197/197/197
f 193/193/193 192/192/192 198/198/198
f 193/193/193 198/198/198 196/196/196
f 192/192/192 197/197/197 198/198/198
f 194/194/194 196/196/196 199/199/199
f 195/195/195 194/194/194 200/200/200
f 194/194/194 199/199/199 200/200/200
f 196/196/196 198/198/198 201/201/201
f 196/196/196 201/201/201 199/199/199
f 197/197/197 195/195/195 202/202/202
f 195/195/195 200/200/200 202/202/202
f 198/198/198 197/197/197 203/203/203
f 198/198/198 203/203/203 201/201/201
f 197/197/197 202/202/202 203/203/203
f 199/199/199 201/201/201 204/204/204
f 200/200/200 199/199/199 205/205/205
f 199/199/199 204/204/204 205/205/205
f 201/201/201 203/203/203 206/206/206
f 201/201/201 206/206/206 204/204/204
f 202/202/202 200/200/200 207/207/207
f 200/200/200 205/205/205 207/207/207
f 203/203/203 202/202/202 208/208/208
f 203/203/203 208/208/208 206/206/206
f 202/202/202 207/207/207 208/208/208
f 204/204/204 206/206/206 209/209/209
f 205/205/205 204/204/204 210/210/210
f 204/204/204 209/209/209 210/210/210
f 206/206/206 208/208/208 211/211/211
f 206/206/206 211/211/211 209/209/209
f 207/207/207 205/205/205 212/212/212
f 205/205/205 210/210/210 212/212/212
f 208/208/208 207/207/207 213/213/213
f 208/208/208 213/213/213 211/211/211
f 207/207/207 212/212/212 213/213/213
f 209/209/209 211/211/211 214/214/214
f 210/210/210 209/209/209 215/215/215
f 209/209/209 214/214/214 215/215/215
f 211/211/211 213/213/213 216/216/216
f 211/211/211 216/216/216 214/214/214
f 212/212/212 210/210/210 217/217/217
f 210/210/210 215/215/215 217/217/217
f 213/213/213 212/212/212 218/218/218
f 213/213/213 218/218/218 216/216/216
f 212/212/212 217/217/217 218/218/218
f 214/214/214 216/216/216 219/219/219
f 215/215/215 214/214/214 220/220/220
f 214/214/214 219/219/219 220/220/220
f 216/216/216 218/218/218 221/221/221
f 216/216/216 221/221/221 219/219/219
f 217/217/217 215/215/215 222/222/222
f 215/215/215 220/220/220 222/222/222
f 218/218/218 217/217/217 223/223/223
f 218/218/218 223/223/223 221/221/221
f 217/217/217 222/222/222 223/223/223
f 219/219/219 221/221/221 224/224/224
f 220/220/220 219/219/219 225/225/225
f 219/219/219 224/224/224 225/225/225
f 221/221/221 223/223/223 226/226/226
f 221/221/221 226/226/226 224/224/224
f 222/222/222 220/220/220 227/227/227
f 220/220/220 225/225/225 227/227/227
f 223/223/223 222/222/222 228/228/228
f 223/223/223 228/228/228 226/226/226
f 222/222/222 227/227/227 228/228/228
f 224/224/224 226/226/226 229/229/229
f 225/225/225 224/224/224 230/230/230
f 224/224/224 229/229/229 230/230/230
f 226/226/226 228/228/228 231/231/231
f 226/226/226 231/231/231 229/229/229
f 227/227/227 225/225/225 232/232/232
f 225/225/225 230/230/230 232/232/232
f 228/228/228 227/227/227 233/233/233
f 228/228/228 233/233/233 231/231/231
f 227/227/227 232/232/232 233/233/233
f 229/229/229 231/231/231 234/234/234
f 230/230/230 229/229/229 235/235/235
f 229/229/229 234/234/234 235/235/235
f 231/231/231 233/233/233 236/236/236
f 231/231/231 236/236/236 234/234/234
f 232/232/232 230/230/230 237/237/237
f 230/230/230 235/235/235 237/237/237
f 233/233/233 232/232/232 238/238/238
f 233/233/233 238/238/238 236/236/236
f 232/232/232 237/237/237 238/238/238
f 234/234/234 236/236/236 239/239/239
f 235/235/235 234/234/234 240/240/240
f 234/234/234 239/239/239 240/240/240
f 236/236/236 238/238/238 241/241/241
f 236/236/236 241/241/241 239/239/239
f 237/237/237 235/235/235 242/242/242
f 235/235/235 240/240/240 242/242/242
f 238/238/238 237/237/237 243/243/243
f 238/238/238 243/243/243 241/241/241
f 237/237/237 242/242/242 243/243/243
f 239/239/239 241/241/241 244/244/244
f 240/240/240 239/239/239 245/245/245
f 239/239/239 244/244/244 245/245/245
f 241/241/241 243/243/243 246/246/246
f 241/241/241 246/246/246 244/244/244
f 242/242/242 240/240/240 247/247/247
f 240/240/240 245/245/245 247/247/247
f 243/243/243 242/242/242 248/248/248
f 243/243/243 248/248/248 246/246/246
f 242/242/242 247/247/247 248/248/248
f 244/244/244 246/246/246 249/249/249
f 245/245/245 244/244/244 250/250/250
f 244/244/244 249/249/249 250/250/250
f 246/246/246 248/248/248 251/251/251
f 246/246/246 251/251/251 249/249/249
f 247/247/247 245/245/245 252/252/252
f 245/245/245 250/250/250 252/252/252
f 248/248/248 247/247/247 253/253/253
f 248/248/248 253/253/253 251/251/251
f 247/247/247 252/252/252 253/253/253
f 249/249/249 251/251/251 254/254/254
f 250/250/250 249/249/249 255/255/255
f 249/249/249 254/254/254 255/255/255
f 251/251/251 253/253/253 256/256/256
f 251/251/251 256/256/256 254/254/254
f 252/252/252 250/250/250 257/257/257
f 250/250/250 255/255/255 257/257/257
f 253/253/253 252/252/252 258/258/258
f 253/253/253 258/258/258 256/256/256
f 252/252/252 257/257/257 258/258/258
f 254/254/254 256/256/256 259/259/259
f 255/255/255 254/254/254 260/260/260
f 254/254/254 259/259/259 260/260/260
f 256/256/256 258/258/258 261/261/261
f 256/256/256 261/261/261 259/259/259
f 257/257/257 255/255/255 262/262/262
f 255/255/255 260/260/260 262/262/262
f 258/258/258 257/257/257 263/263/263
f 258/258/258 263/263/263 261/261/261
f 257/257/257 262/262/262 263/263/263
f 259/259/259 261/261/261 264/264/264
f 260/260/260 259/259/259 265/265/265
f 259/259/259 264/264/264 265/265/265
f 261/261/261 263/263/263 266/266/266
f 261/261/261 266/266/266 264/264/264
f 262/262/262 260/260/260 267/267/267
f 260/260/260 265/265/265 267/267/267
f 263/263/263 262/262/262 268/268/268
f 263/263/263 268/268/268 266/266/266
f 262/262/262 267/267/267 268/268/268
f 264/264/264 266/266/266 269/269/269
f 265/265/265 264/264/264 270/270/270
f 264/264/264 269/269/269 270/270/270
f 266/266/266 268/268/268 271/271/271
f 266/266/266 271/271/271 269/269/269
f 267/267/267 265/265/265 272/272/272
f 265/265/265 270/270/270 272/272/272
f 268/268/268 267/267/267 273/273/273
f 268/268/268 273/273/273 271/271/271
f 267/267/267 272/272/272 273/273/273
f 269/269/269 271/271/271 274/274/274
f 270/270/270 269/269/269 275/275/275
f 269/269/269 274/274/274 275/275/275
f 271/271/271 273/273/273 276/276/276
f 271/271/271 276/276/276 274/274/274
f 272/272/272 270/270/270 277/277/277
f 270/270/270 275/275/275 277/277/277
f 273/273/273 272/272/272 278/278/278
f 273/273/273 278/278/278 276/276/276
f 272/272/272 277/277/277 278/278/278
f 274/274/274 276/276/276 279/279/279
f 275/275/275 274/274/274 280/280/280
f 274/274/274 279/279/279 280/280/280
f 276/276/276 278/278/278 281/281/281
f 276/276/276 281/281/281 279/279/279
f 277/277/277 275/275/275 282/282/282
f 275/275/275 280/280/280 282/282/282
f 278/278/278 277/277/277 283/283/283
f 278/278/278 283/283/283 281/281/281
f 277/277/277 282/282/282 283/283/283
f 279/279/279 281/281/281 284/284/284
f 280/280/280 279/279/279 285/285/285
f 279/279/279 284/284/284 285/285/285
f 281/281/281 283/283/283 286/286/286
f 281/281/281 286/286/286 284/284/284
f 282/282/282 280/280/280 287/287/287
f 280/280/280 285/285/285 287/287/287
f 283/283/283 282/282/282 288/288/288
f 283/283/283 288/288/288 286/286/286
f 282/282/282 287/287/287 288/288/288
f 286/286/286 289/289/289 284/284/284
f 284/284/284 290/290/290 285/285/285
f 289/289/289 290/290/290 284/284/284
f 288/288/288 291/291/291 286/286/286
f 291/291/291 289/289/289 286/286/286
f 285/285/285 292/292/292 287/287/287
f 290/290/290 292/292/292 285/285/285
f 287/287/287 293/293/293 288/288/288
f 293/293/293 291/291/291 288/288/288
f 292/292/292 293/293/293 287/287/287
f 290/290/290 289/289/289 294/294/294
f 289/289/289 291/291/291 295/295/295
f 289/289/289 295/295/295 294/294/294
f 291/291/291 293/293/293 296/296/296
f 291/291/291 296/296/296 295/295/295
f 292/292/292 290/290/290 297/297/297
f 290/290/290 294/294/294 297/297/297
f 293/293/293 292/292/292 298/298/298
f 293/293/293 298/298/298 296/296/296
f 292/292/292 297/297/297 298/298/298
f 294/294/294 295/295/295 299/299/299
f 295/295/295 296/296/296 300/300/300
f 295/295/295 300/300/300 299/299/299
f 296/296/296 298/298/298 301/301/301
f 296/296/296 301/301/301 300/300/300
f 297/297/297 294/294/294 302/302/302
f 294/294/294 299/299/299 302/302/302
f 298/298/298 297/297/297 303/303/303
f 298/298/298 303/303/303 301/301/301
f 297/297/297 302/302/302 303/303/303
f 299/299/299 300/300/300 304/304/304
f 300/300/300 301/301/301 305/305/305
f 300/300/300 305/305/305 304/304/304
f 301/301/301 303/303/303 306/306/306
f 301/301/301 306/306/306 305/305/305
f 302/302/302 299/299/299 307/307/307
f 299/299/299 304/304/304 307/307/307
f 303/303/303 302/302/302 308/308/308
f 303/303/303 308/308/308 306/306/306
f 302/302/302 307/307/307 308/308/308
f 309/309/309 304/304/304 305/305/305
f 310/310/310 305/305/305 306/306/306
f 310/310/310 309/309/309 305/305/305
f 311/311/311 306/306/306 308/308/308
f 311/311/311 310/310/310 306/306/306
f 312/312/312 307/307/307 304/304/304
f 309/309/309 312/312/312 304/304/304
f 313/313/313 308/308/308 307/307/307
f 313/313/313 311/311/311 308/308/308
f 312/312/312 313/313/313 307/307/307
f 314/314/314 309/309/309 310/310/310
f 315/315/315 310/310/310 311/311/311
f 315/315/315 314/314/314 310/310/310
f 316/316/316 311/311/311 313/313/313
f 316/316/316 315/315/315 311/311/311
f 317/317/317 312/312/312 309/309/309
f 314/314/314 317/317/317 309/309/309
f 318/318/318 313/313/313 312/312/312
f 318/318/318 316/316/316 313/313/313
f 317/317/317 318/318/318 312/312/312
f 319/319/319 314/314/314 315/315/315
f 320/320/320 315/315/315 316/316/316
f 320/320/320 319/319/319 315/315/315
f 321/321/321 316/316/316 318/318/318
f 321/321/321 320/320/320 316/316/316
f 322/322/322 317/317/317 314/314/314
f 319/319/319 322/322/322 314/314/314
f 323/323/323 318/318/318 317/317/317
f 323/323/323 321/321/321 318/318/318
f 322/322/322 323/323/323 317/317/317
f 324/324/324 319/319/319 320/320/320
f 325/325/325 320/320/320 321/321/321
f 325/325/325 324/324/324 320/320/320
f 326/326/326 321/321/321 323/323/323
f 326/326/326 325/325/325 321/321/321
f 327/327/327 322/322/322 319/319/319
f 324/324/324 327/327/327 319/319/319
f 328/328/328 323/323/323 322/322/322
f 328/328/328 326/326/326 323/323/323
f 327/327/327 328/328/328 322/322/322
f 329/329/329 324/324/324 325/325/325
f 330/330/330 325/325/325 326/326/326
f 330/330/330 329/329/329 325/325/325
f 331/331/331 326/326/326 328/328/328
f 331/331/331 330/330/330 326/326/326
f 332/332/332 327/327/327 324/324/324
f 329/329/329 332/332/332 324/324/324
f 333/333/333 328/328/328 327/327/327
f 333/333/333 331/331/331 328/328/328
f 332/332/332 333/333/333 327/327/327
f 334/334/334 329/329/329 330/330/330
f 335/335/335 330/330/330 331/331/331
f 335/335/335 334/334/334 330/330/330
f 336/336/336 331/331/331 333/333/333
f 336/336/336 335/335/335 331/331/331
f 337/337/337 332/332/332 329/329/329
f 334/334/334 337/337/337 329/329/329
f 338/338/338 333/333/333 332/332/332
f 338/338/338 336/336/336 333/333/333
f 337/337/337 338/338/338 332/332/332
f 339/339/339 334/334/334 335/335/335
f 340/340/340 335/335/335 336/336/336
f 340/340/340 339/339/339 335/335/335
f 341/341/341 336/336/336 338/338/338
f 341/341/341 340/340/340 336/336/336
f 342/342/342 337/337/337 334/334/334
f 339/339/339 342/342/342 334/334/334
f 343/343/343 338/338/338 337/337/337
f 343/343/343 341/341/341 338/338/338
f 342/342/342 343/343/343 337/337/337
f 344/344/344 339/339/339 340/340/340
f 345/345/345 340/340/340 341/341/341
f 345/345/345 344/344/344 340/340/340
f 346/346/346 341/341/341 343/343/343
f 346/346/346 345/345/345 341/341/341
f 347/347/347 342/342/342 339/339/339
f 344/344/344 347/347/347 339/339/339
f 348/348/348 343/343/343 342/342/342
f 348/348/348 346/346/346 343/343/343
f 347/347/347 348/348/348 342/342/342
f 349/349/349 344/344/344 345/345/345
f 350/350/350 345/345/345 346/346/346
f 350/350/350 349/349/349 345/345/345
f 351/351/351 346/346/346 348/348/348
f 351/351/351 350/350/350 346/346/346
f 352/352/352 347/347/347 344/344/344
f 349/349/349 352/352/352 344/344/344
f 353/353/353 348/348/348 347/347/347
f 353/353/353 351/351/351 348/348/348
f 352/352/352 353/353/353 347/347/347
f 349/349/349 350/350/350 354/354/354
f 350/350/350 351/351/351 355/355/355
f 350/350/350 355/355/355 354/354/354
f 351/351/351 353/353/353 356/356/356
f 351/351/351 356/356/356 355/355/355
f 352/352/352 349/349/349 357/357/357
f 349/349/349 354/354/354 357/357/357
f 353/353/353 352/352/352 358/358/358
f 353/353/353 358/358/358 356/356/356
f 352/352/352 357/357/357 358/358/358
f 354/354/354 355/355/355 359/359/359
f 355/355/355 356/356/356 360/360/360
f 355/355/355 360/360/360 359/359/359
f 356/356/356 358/358/358 361/361/361
f 356/356/356 361/361/361 360/360/360
f 357/357/357 354/354/354 362/362/362
f 354/354/354 359/359/359 362/362/362
f 358/358/358 357/357/357 363/363/363
f 358/358/358 363/363/363 361/361/361
f 357/357/357 362/362/362 363/363/363
f 359/359/359 360/360/360 364/364/364
f 360/360/360 361/361/361 365/365/365
f 360/360/360 365/365/365 364/364/364
f 361/361/361 363/363/363 366/366/366
f 361/361/361 366/366/366 365/365/365
f 362/362/362 359/359/359 367/367/367
f 359/359/359 364/364/364 367/367/367
f 363/363/363 362/362/362 368/368/368
f 363/363/363 368/368/368 366/366/366
f 362/362/362 367/367/367 368/368/368
f 364/364/364 365/365/365 369/369/369
f 365/365/365 366/366/366 370/370/370
f 365/365/365 370/370/370 369/369/369
f 366/366/366 368/368/368 371/371/371
f 366/366/366 371/371/371 370/370/370
f 367/367/367 364/364/364 372/372/372
f 364/364/364 369/369/369 372/372/372
f 368/368/368 367/367/367 373/373/373
f 368/368/368 373/373/373 371/371/371
f 367/367/367 372/372/372 373/373/373
f 369/369/369 370/370/370 374/374/374
f 370/370/370 371/371/371 375/375/375
f 370/370/370 375/375/375 374/374/374
f 371/371/371 373/373/373 376/376/376
f 371/371/371 376/376/376 375/375/375
f 372/372/372 369/369/369 377/377/377
f 369/369/369 374/374/374 377/377/377
f 373/373/373 372/372/372 378/378/378
f 373/373/373 378/378/378 376/376/376
f 372/372/372 377/377/377 378/378/378
f 374/374/374 375/375/375 379/379/379
f 375/375/375 376/376/376 380/380/380
f 375/375/375 380/380/380 379/379/379
f 376/376/376 378/378/378 381/381/381
f 376/376/376 381/381/381 380/380/380
f 377/377/377 374/374/374 382/382/382
f 374/374/374 379/379/379 382/382/382
f 378/378/378 377/377/377 383/383/383
f 378/378/378 383/383/383 381/381/381
f 377/377/377 382/382/382 383/383/383
f 379/379/379 380/380/380 384/384/384
f 380/380/380 381/381/381 385/385/385
f 380/380/380 385/385/385 384/384/384
f 381/381/381 383/383/383 386/386/386
f 381/381/381 386/386/386 385/385/385
f 382/382/382 379/379/379 387/387/387
f 379/379/379 384/384/384 387/387/387
f 383/383/383 382/382/382 388/388/388
f 383/383/383 388/388/388 386/386/386
f 382/382/382 387/387/387 388/388/388
f 384/384/384 385/385/385 389/389/389
f 385/385/385 386/386/386 390/390/390
f 385/385/385 390/390/390 389/389/389
f 386/386/386 388/388/388 391/391/391
f 386/386/386 391/391/391 390/390/390
f 387/387/387 384/384/384 392/392/392
f 384/384/384 389/389/389 392/392/392
f 388/388/388 387/387/387 393/393/393
f 388/388/388 393/393/393 391/391/391
f 387/387/387 392/392/392 393/393/393
f 389/389/389 390/390/390 394/394/394
f 390/390/390 391/391/391 395/395/395
f 390/390/390 395/395/395 394/394/394
f 391/391/391 393/393/393 396/396/396
f 391/391/391 396/396/396 395/395/395
f 392/392/392 389/389/389 397/397/397
f 389/389/389 394/394/394 397/397/397
f 393/393/393 392/392/392 398/398/398
f 393/393/393 398/398/398 396/396/396
f 392/392/392 397/397/397 398/398/398
f 394/394/394 395/395/395 399/399/399
f 395/395/395 396/396/396 400/400/400
f 395/395/395 400/400/400 399/399/399
f 396/396/396 398/398/398 401/401/401
f 396/396/396 401/401/401 400/400/400
f 397/397/397 394/394/394 402/402/402
f 394/394/394 399/399/399 402/402/402
f 398/398/398 397/397/397 403/403/403
f 398/398/398 403/403/403 401/401/401
f 397/397/397 402/402/402 403/403/403
f 399/399/399 400/400/400 404/404/404
f 400/400/400 401/401/401 405/405/405
f 400/400/400 405/405/405 404/404/404
f 401/401/401 403/403/403 406/406/406
f 401/401/401 406/406/406 405/405/405
f 402/402/402 399/399/399 407/407/407
f 399/399/399 404/404/404 407/407/407
f 403/403/403 402/402/402 408/408/408
f 403/403/403 408/408/408 406/406/406
f 402/402/402 407/407/407 408/408/408
f 404/404/404 405/405/405 409/409/409
f 405/405/405 406/406/406 410/410/410
f 405/405/405 410/410/410 409/409/409
f 406/406/406 408/408/408 411/411/411
f 406/406/406 411/411/411 410/410/410
f 407/407/407 404/404/404 412/412/412
f 404/404/404 409/409/409 412/412/412
f 408/408/408 407/407/407 413/413/413
f 408/408/408 413/413/413 411/411/411
f 407/407/407 412/412/412 413/413/413
f 409/409/409 410/410/410 414/414/414
f 410/410/410 411/411/411 415/415/415
f 410/410/410 415/415/415 414/414/414
f 411/411/411 413/413/413 416/416/416
f 411/411/411 416/416/416 415/415/415
f 412/412/412 409/409/409 417/417/417
f 409/409/409 414/414/414 417/417/417
f 413/413/413 412/412/412 418/418/418
f 413/413/413 418/418/418 416/416/416
f 412/412/412 417/417/417 418/418/418
f 414/414/414 415/415/415 419/419/419
f 415/415/415 416/416/416 420/420/420
f 415/415/415 420/420/420 419/419/419
f 416/416/416 418/418/418 421/421/421
f 416/416/416 421/421/421 420/420/420
f 417/417/417 414/414/414 422/422/422
f 414/414/414 419/419/419 422/422/422
f 418/418/418 417/417/417 423/423/423
f 418/418/418 423/423/423 421/421/421
f 417/417/417 422/422/422 423/423/423
f 419/419/419 420/420/420 424/424/424
f 420/420/420 421/421/421 425/425/425
f 420/420/420 425/425/425 424/424/424
f 421/421/421 423/423/423 426/426/426
f 421/421/421 426/426/426 425/425/425
f 422/422/422 419/419/419 427/427/427
f 419/419/419 424/424/424 427/427/427
f 423/423/423 422/422/422 428/428/428
f 423/423/423 428/428/428 426/426/426
f 422/422/422 427/427/427 428/428/428
f 424/424/424 425/425/425 429/429/429
f 425/425/425 426/426/426 430/430/430
f 425/425/425 430/430/430 429/429/429
f 426/426/426 428/428/428 431/431/431
f 426/426/426 431/431/431 430/430/430
f 427/427/427 424/424/424 432/432/432
f 424/424/424 429/429/429 432/432/432
f 428/428/428 427/427/427 433/433/433
f 428/428/428 433/433/433 431/431/431
f 427/427/427 432/432/432 433/433/433
f 429/429/429 430/430/430 434/434/434
f 430/430/430 431/431/431 435/435/435
f 430/430/430 435/435/435 434/434/434
f 431/431/431 433/433/433 436/436/436
f 431/431/431 436/436/436 435/435/435
f 432/432/432 429/429/429 437/437/437
f 429/429/429 434/434/434 437/437/437
f 433/433/433 432/432/432 438/438/438
f 433/433/433 438/438/438 436/436/436
f 432/432/432 437/437/437 438/438/438
f 434/434/434 435/435/435 439/439/439
f 435/435/435 436/436/436 440/440/440
f 435/435/435 440/440/440 439/439/439
f 436/436/436 438/438/438 441/441/441
f 436/436/436 441/441/441 440/440/440
f 437/437/437 434/434/434 442/442/442
f 434/434/434 439/439/439 442/442/442
f 438/438/438 437/437/437 443/443/443
f 438/438/438 443/443/443 441/441/441
f 437/437/437 442/442/442 443/443/443
f 439/439/439 440/440/440 444/444/444
f 440/440/440 441/441/441 445/445/445
f 440/440/440 445/445/445 444/444/444
f 441/441/441 443/443/443 446/446/446
f 441/441/441 446/446/446 445/445/445
f 442/442/442 439/439/439 447/447/447
f 439/439/439 444/444/444 447/447/447
f 443/443/443 442/442/442 448/448/448
f 443/443/443 448/448/448 446/446/446
f 442/442/442 447/447/447 448/448/448
f 444/444/444 445/445/445 449/449/449
f 445/445/445 446/446/446 450/450/450
f 445/445/445 450/450/450 449/449/449
f 446/446/446 448/448/448 451/451/451
f 446/446/446 451/451/451 450/450/450
f 447/447/447 444/444/444 452/452/452
f 444/444/444 449/449/449 452/452/452
f 448/448/448 447/447/447 453/453/453
f 448/448/448 453/453/453 451/451/451
f 447/447/447 452/452/452 453/453/453
f 449/449/449 450/450/450 454/454/454
f 450/450/450 451/451/451 455/455/455
f 450/450/450 455/455/455 454/454/454
f 451/451/451 453/453/453 456/456/456
f 451/451/451 456/456/456 455/455/455
f 452/452/452 449/449/449 457/457/457
f 449/449/449 454/454/454 457/457/457
f 453/453/453 452/452/452 458/458/458
f 453/453/453 458/458/458 456/456/456
f 452/452/452 457/457/457 458/458/458
f 454/454/454 455/455/455 459/459/459
f 455/455/455 456/456/456 460/460/460
f 455/455/455 460/460/460 459/459/459
f 456/456/456 458/458/458 461/461/461
f 456/456/456 461/461/461 460/460/460
f 457/457/457 454/454/454 462/462/462
f 454/454/454 459/459/459 462/462/462
f 458/458/458 457/457/457 463/463/463
f 458/458/458 463/463/463 461/461/461
f 457/457/457 462/462/462 463/463/463
f 459/459/459 460/460/460 464/464/464
f 460/460/460 461/461/461 465/465/465
f 460/460/460 465/465/465 464/464/464
f 461/461/461 463/463/463 466/466/466
f 461/461/461 466/466/466 465/465/465
f 462/462/462 459/459/459 467/467/467
f 459/459/459 464/464/464 467/467/467
f 463/463/463 462/462/462 468/468/468
f 463/463/463 468/468/468 466/466/466
f 462/462/462 467/467/467 468/468/468
f 464/464/464 465/465/465 469/469/469
f 465/465/465 466/466/466 470/470/470
f 465/465/465 470/470/470 469/469/469
f 466/466/466 468/468/468 471/471/471
f 466/466/466 471/471/471 470/470/470
f 467/467/467 464/464/464 472/472/472
f 464/464/464 469/469/469 472/472/472
f 468/468/468 467/467/467 473/473/473
f 468/468/468 473/473/473 471/471/471
f 467/467/467 472/472/472 473/473/473
f 469/469/469 470/470/470 474/474/474
f 470/470/470 471/471/471 475/475/475
f 470/470/470 475/475/475 474/474/474
f 471/471/471 473/473/473 476/476/476
f 471/471/471 476/476/476 475/475/475
f 472/472/472 469/469/469 477/477/477
f 469/469/469 474/474/474 477/477/477
f 473/473/473 472/472/472 478/478/478
f 473/473/473 478/478/478 476/476/476
f 472/472/472 477/477/477 478/478/478
f 474/474/474 475/475/475 479/479/479
f 475/475/475 476/476/476 480/480/480
f 475/475/475 480/480/480 479/479/479
f 476/476/476 478/478/478 481/481/481
f 476/476/476 481/481/481 480/480/480
f 477/477/477 474/474/474 482/482/482
f 474/474/474 479/479/479 482/482/482
f 478/478/478 477/477/477 483/483/483
f 478/478/478 483/483/483 481/481/481
f 477/477/477 482/482/482 483/483/483
f 479/479/479 480/480/480 484/484/484
f 480/480/480 481/481/481 485/485/485
f 480/480/480 485/485/485 484/484/484
f 481/481/481 483/483/483 486/486/486
f 481/481/481 486/486/486 485/485/485
f 482/482/482 479/479/479 487/487/487
f 479/479/479 484/484/484 487/487/487
f 483/483/483 482/482/482 488/488/488
f 483/483/483 488/488/488 486/486/486
f 482/482/482 487/487/487 488/488/488
f 484/484/484 485/485/485 489/489/489
f 485/485/485 486/486/486 490/490/490
f 485/485/485 490/490/490 489/489/489
f 486/486/486 488/488/488 491/491/491
f 486/486/486 491/491/491 490/490/490
f 487/487/487 484/484/484 492/492/492
f 484/484/484 489/489/489 492/492/492
f 488/488/488 487/487/487 493/493/493
f 488/488/488 493/493/493 491/491/491
f 487/487/487 492/492/492 493/493/493
f 489/489/489 490/490/490 494/494/494
f 490/490/490 491/491/491 495/495/495
f 490/490/490 495/495/495 494/494/494
f 491/491/491 493/493/493 496/496/496
f 491/491/491 496/496/496 495/495/495
f 492/492/492 489/489/489 497/497/497
f 489/489/489 494/494/494 497/497/497
f 493/493/493 492/492/492 498/498/498
f 493/493/493 498/498/498 496/496/496
f 492/492/492 497/497/497 498/498/498
f 494/494/494 495/495/495 499/499/499
f 495/495/495 496/496/496 500/500/500
f 495/495/495 500/500/500 499/499/499
f 496/496/496 498/498/498 501/501/501
f 496/496/496 501/501/501 500/500/500
f 497/497/497 494/494/494 502/502/502
f 494/494/494 499/499/499 502/502/502
f 498/498/498 497/497/497 503/503/503
f 498/498/498 503/503/503 501/501/501
f 497/497/497 502/502/502 503/503/503
f 499/499/499 500/500/500 504/504/504
f 500/500/500 501/501/501 505/505/505
f 500/500/500 505/505/505 504/504/504
f 501/501/501 503/503/503 506/506/506
f 501/501/501 506/506/506 505/505/505
f 502/502/502 499/499/499 507/507/507
f 499/499/499 504/504/504 507/507/507
f 503/503/503 502/502/502 508/508/508
f 503/503/503 508/508/508 506/506/506
f 502/502/502 507/507/507 508/508/508
f 504/504/504 505/505/505 509/509/509
f 505/505/505 506/506/506 510/510/510
f 505/505/505 510/510/510 509/509/509
f 506/506/506 508/508/508 511/511/511
f 506/506/506 511/511/511 510/510/510
f 507/507/507 504/504/504 512/512/512
f 504/504/504 509/509/509 512/512/512
f 508/508/508 507/507/507 513/513/513
f 508/508/508 513/513/513 511/511/511
f 507/507/507 512/512/512 513/513/513
f 509/509/509 510/510/510 514/514/514
f 510/510/510 511/511/511 515/515/515
f 510/510/510 515/515/515 514/514/514
f 511/511/511 513/513/513 516/516/516
f 511/511/511 516/516/516 515/515/515
f 512/512/512 509/509/509 517/517/517
f 509/509/509 514/514/514 517/517/517
f 513/513/513 512/512/512 518/518/518
f 513/513/513 518/518/518 516/516/516
f 512/512/512 517/517/517 518/518/518
f 514/514/514 515/515/515 519/519/519
f 515/515/515 516/516/516 520/520/520
f 515/515/515 520/520/520 519/519/519
f 516/516/516 518/518/518 521/521/521
f 516/516/516 521/521/521 520/520/520
f 517/517/517 514/514/514 522/522/522
f 514/514/514 519/519/519 522/522/522
f 518/518/518 517/517/517 523/523/523
f 518/518/518 523/523/523 521/521/521
f 517/517/517 522/522/522 523/523/523
f 519/519/519 520/520/520 524/524/524
f 520/520/520 521/521/521 525/525/525
f 524/524/524 520/520/520 525/525/525
f 521/521/521 523/523/523 526/526/526
f 525/525/525 521/521/521 526/526/526
f 522/522/522 519/519/519 527/527/527
f 527/527/527 519/519/519 524/524/524
f 523/523/523 522/522/522 528/528/528
f 526/526/526 523/523/523 528/528/528
f 528/528/528 522/522/522 527/527/527
f 525/525/525 526/526/526 529/529/529
f 524/524/524 525/525/525 530/530/530
f 525/525/525 529/529/529 530/530/530
f 527/527/527 524/524/524 531/531/531
f 524/524/524 530/530/530 531/531/531
f 528/528/528 527/527/527 532/532/532
f 527/527/527 531/531/531 532/532/532
f 526/526/526 528/528/528 533/533/533
f 526/526/526 533/533/533 529/529/529
f 528/528/528 532/532/532 533/533/533
f 531/531/531 530/530/530 534/534/534
f 530/530/530 529/529/529 535/535/535
f 534/534/534 530/530/530 535/535/535
f 529/529/529 533/533/533 536/536/536
f 535/535/535 529/529/529 536/536/536
f 533/533/533 532/532/532 537/537/537
f 536/536/536 533/533/533 537/537/537
f 532/532/532 531/531/531 538/538/538
f 538/538/538 531/531/531 534/534/534
f 537/537/537 532/532/532 538/538/538
f 535/535/535 536/536/536 539/539/539
f 534/534/534 535/535/535 540/540/540
f 535/535/535 539/539/539 540/540/540
f 538/538/538 534/534/534 541/541/541
f 534/534/534 540/540/540 541/541/541
f 537/537/537 538/538/538 542/542/542
f 538/538/538 541/541/541 542/542/542
f 536/536/536 537/537/537 543/543/543
f 536/536/536 543/543/543 539/539/539
f 537/537/537 542/542/542 543/543/543
f 541/541/541 540/540/540 544/544/544
f 540/540/540 539/539/539 545/545/545
f 540/540/540 545/545/545 544/544/544
f 539/539/539 543/543/543 546/546/546
f 539/539/539 546/546/546 545/545/545
f 542/542/542 541/541/541 547/547/547
f 541/541/541 544/544/544 547/547/547
f 543/543/543 542/542/542 548/548/548
f 543/543/543 548/548/548 546/546/546
f 542/542/542 547/547/547 548/548/548
f 544/544/544 545/545/545 549/549/549
f 545/545/545 546/546/546 550/550/550
f 545/545/545 550/550/550 549/549/549
f 546/546/546 548/548/548 551/551/551
f 546/546/546 551/551/551 550/550/550
f 547/547/547 544/544/544 552/552/552
f 544/544/544 549/549/549 552/552/552
f 548/548/548 547/547/547 553/553/553
f 548/548/548 553/553/553 551/551/551
f 547/547/547 552/552/552 553/553/553
f 549/549/549 550/550/550 554/554/554
f 550/550/550 551/551/551 555/555/555
f 550/550/550 555/555/555 554/554/554
f 551/551/551 553/553/553 556/556/556
f 551/551/551 556/556/556 555/555/555
f 552/552/552 549/549/549 557/557/557
f 549/549/549 554/554/554 557/557/557
f 553/553/553 552/552/552 558/558/558
f 553/553/553 558/558/558 556/556/556
f 552/552/552 557/557/557 558/558/558
f 554/554/554 555/555/555 559/559/559
f 555/555/555 556/556/556 560/560/560
f 555/555/555 560/560/560 559/559/559
f 556/556/556 558/558/558 561/561/561
f 556/556/556 561/561/561 560/560/560
f 557/557/557 554/554/554 562/562/562
f 554/554/554 559/559/559 562/562/562
f 558/558/558 557/557/557 563/563/563
f 558/558/558 563/563/563 561/561/561
f 557/557/557 562/562/562 563/563/563
f 559/559/559 560/560/560 564/564/564
f 560/560/560 561/561/561 565/565/565
f 560/560/560 565/565/565 564/564/564
f 561/561/561 563/563/563 566/566/566
f 561/561/561 566/566/566 565/565/565
f 562/562/562 559/559/559 567/567/567
f 559/559/559 564/564/564 567/567/567
f 563/563/563 562/562/562 568/568/568
f 563/563/563 568/568/568 566/566/566
f 562/562/562 567/567/567 568/568/568
f 564/564/564 565/565/565 569/569/569
f 565/565/565 566/566/566 570/570/570
f 565/565/565 570/570/570 569/569/569
f 566/566/566 568/568/568 571/571/571
f 566/566/566 571/571/571 570/570/570
f 567/567/567 564/564/564 572/572/572
f 564/564/564 569/569/569 572/572/572
f 568/568/568 567/567/567 573/573/573
f 568/568/568 573/573/573 571/571/571
f 567/567/567 572/572/572 573/573/573
f 569/569/569 570/570/570 574/574/574
f 570/570/570 571/571/571 575/575/575
f 570/570/570 575/575/575 574/574/574
f 571/571/571 573/573/573 576/576/576
f 571/571/571 576/576/576 575/575/575
f 572/572/572 569/569/569 577/577/577
f 569/569/569 574/574/574 577/577/577
f 573/573/573 572/572/572 578/578/578
f 573/573/573 578/578/578 576/576/576
f 572/572/572 577/577/577 578/578/578
f 574/574/574 575/575/575 579/579/579
f 575/575/575 576/576/576 580/580/580
f 575/575/575 580/580/580 579/579/579
f 576/576/576 578/578/578 581/581/581
f 576/576/576 581/581/581 580/580/580
f 577/577/577 574/574/574 582/582/582
f 574/574/574 579/579/579 582/582/582
f 578/578/578 577/577/577 583/583/583
f 578/578/578 583/583/583 581/581/581
f 577/577/577 582/582/582 583/583/583
f 579/579/579 580/580/580 584/584/584
f 580/580/580 581/581/581 585/585/585
f 580/580/580 585/585/585 584/584/584
f 581/581/581 583/583/583 586/586/586
f 581/581/581 586/586/586 585/585/585
f 582/582/582 579/579/579 587/587/587
f 579/579/579 584/584/584 587/587/587
f 583/583/583 582/582/582 588/588/588
f 583/583/583 588/588/588 586/586/586
f 582/582/582 587/587/587 588/588/588
f 584/584/584 585/585/585 589/589/589
f 585/585/585 586/586/586 590/590/590
f 585/585/585 590/590/590 589/589/589
f 586/586/586 588/588/588 591/591/591
f 586/586/586 591/591/591 590/590/590
f 587/587/587 584/584/584 592/592/592
f 584/584/584 589/589/589 592/592/592
f 588/588/588 587/587/587 593/593/593
f 588/588/588 593/593/593 591/591/591
f 587/587/587 592/592/592 593/593/593
f 589/589/589 590/590/590 594/594/594
f 590/590/590 591/591/591 595/595/595
f 590/590/590 595/595/595 594/594/594
f 591/591/591 593/593/593 596/596/596
f 591/591/591 596/596/596 595/595/595
f 592/592/592 589/589/589 597/597/597
f 589/589/589 594/594/594 597/597/597
f 593/593/593 592/592/592 598/598/598
f 593/593/593 598/598/598 596/596/596
f 592/592/592 597/597/597 598/598/598
f 594/594/594 595/595/595 599/599/599
f 595/595/595 596/596/596 600/600/600
f 595/595/595 600/600/600 599/599/599
f 596/596/596 598/598/598 601/601/601
f 596/596/596 601/601/601 600/600/600
f 597/597/597 594/594/594 602/602/602
f 594/594/594 599/599/599 602/602/602
f 598/598/598 597/597/597 603/603/603
f 598/598/598 603/603/603 601/601/601
f 597/597/597 602/602/602 603/603/603
f 599/599/599 600/600/600 604/604/604
f 600/600/600 601/601/601 605/605/605
f 600/600/600 605/605/605 604/604/604
f 601/601/601 603/603/603 606/606/606
f 601/601/601 606/606/606 605/605/605
f 602/602/602 599/599/599 607/607/607
f 599/599/599 604/604/604 607/607/607
f 603/603/603 602/602/602 608/608/608
f 603/603/603 608/608/608 606/606/606
f 602/602/602 607/607/607 608/608/608
f 604/604/604 605/605/605 609/609/609
f 605/605/605 606/606/606 610/610/610
f 605/605/605 610/610/610 609/609/609
f 606/606/606 608/608/608 611/611/611
f 606/606/606 611/611/611 610/610/610
f 607/607/607 604/604/604 612/612/612
f 604/604/604 609/609/609 612/612/612
f 608/608/608 607/607/607 613/613/613
f 608/608/608 613/613/613 611/611/611
f 607/607/607 612/612/612 613/613/613
f 609/609/609 610/610/610 614/614/614
f 610/610/610 611/611/611 615/615/615
f 610/610/610 615/615/615 614/614/614
f 611/611/611 613/613/613 616/616/616
f 611/611/611 616/616/616 615/615/615
f 612/612/612 609/609/609 617/617/617
f 609/609/609 614/614/614 617/617/617
f 613/613/613 612/612/612 618/618/618
f 613/613/613 618/618/618 616/616/616
f 612/612/612 617/617/617 618/618/618
f 614/614/614 615/615/615 619/619/619
f 615/615/615 616/616/616 620/620/620
f 615/615/615 620/620/620 619/619/619
f 616/616/616 618/618/618 621/621/621
f 616/616/616 621/621/621 620/620/620
f 617/617/617 614/614/614 622/622/622
f 614/614/614 619/619/619 622/622/622
f 618/618/618 617/617/617 623/623/623
f 618/618/618 623/623/623 621/621/621
f 617/617/617 622/622/622 623/623/623
f 619/619/619 620/620/620 624/624/624
f 620/620/620 621/621/621 625/625/625
f 620/620/620 625/625/625 624/624/624
f 621/621/621 623/623/623 626/626/626
f 621/621/621 626/626/626 625/625/625
f 622/622/622 619/619/619 627/627/627
f 619/619/619 624/624/624 627/627/627
f 623/623/623 622/622/622 628/628/628
f 623/623/623 628/628/628 626/626/626
f 622/622/622 627/627/627 628/628/628
f 624/624/624 625/625/625 629/629/629
f 625/625/625 626/626/626 630/630/630
f 625/625/625 630/630/630 629/629/629
f 626/626/626 628/628/628 631/631/631
f 626/626/626 631/631/631 630/630/630
f 627/627/627 624/624/624 632/632/632
f 624/624/624 629/629/629 632/632/632
f 628/628/628 627/627/627 633/633/633
f 628/628/628 633/633/633 631/631/631
f 627/627/627 632/632/632 633/633/633
f 629/629/629 630/630/630 634/634/634
f 630/630/630 631/631/631 635/635/635
f 630/630/630 635/635/635 634/634/634
f 631/631/631 633/633/633 636/636/636
f 631/631/631 636/636/636 635/635/635
f 632/632/632 629/629/629 637/637/637
f 629/629/629 634/634/634 637/637/637
f 633/633/633 632/632/632 638/638/638
f 633/633/633 638/638/638 636/636/636
f 632/632/632 637/637/637 638/638/638
f 634/634/634 635/635/635 639/639/639
f 635/635/635 636/636/636 640/640/640
f 635/635/635 640/640/640 639/639/639
f 636/636/636 638/638/638 641/641/641
f 636/636/636 641/641/641 640/640/640
f 637/637/637 634/634/634 642/642/642
f 634/634/634 639/639/639 642/642/642
f 638/638/638 637/637/637 643/643/643
f 638/638/638 643/643/643 641/641/641
f 637/637/637 642/642/642 643/643/643
f 639/639/639 640/640/640 644/644/644
f 640/640/640 641/641/641 645/645/645
f 640/640/640 645/645/645 644/644/644
f 641/641/641 643/643/643 646/646/646
f 641/641/641 646/646/646 645/645/645
f 642/642/642 639/639/639 647/647/647
f 639/639/639 644/644/644 647/647/647
f 643/643/643 642/642/642 648/648/648
f 643/643/643 648/648/648 646/646/646
f 642/642/642 647/647/647 648/648/648
f 644/644/644 645/645/645 649/649/649
f 645/645/645 646/646/646 650/650/650
f 645/645/645 650/650/650 649/649/649
f 646/646/646 648/648/648 651/651/651
f 646/646/646 651/651/651 650/650/650
f 647/647/647 644/644/644 652/652/652
f 644/644/644 649/649/649 652/652/652
f 648/648/648 647/647/647 653/653/653
f 648/648/648 653/653/653 651/651/651
f 647/647/647 652/652/652 653/653/653
f 649/649/649 650/650/650 654/654/654
f 650/650/650 651/651/651 655/655/655
f 650/650/650 655/655/655 654/654/654
f 651/651/651 653/653/653 656/656/656
f 651/651/651 656/656/656 655/655/655
f 652/652/652 649/649/649 657/657/657
f 649/649/649 654/654/654 657/657/657
f 653/653/653 652/652/652 658/658/658
f 653/653/653 658/658/658 656/656/656
f 652/652/652 657/657/657 658/658/658
f 654/654/654 655/655/655 659/659/659
f 655/655/655 656/656/656 660/660/660
f 655/655/655 660/660/660 659/659/659
f 656/656/656 658/658/658 661/661/661
f 656/656/656 661/661/661 660/660/660
f 657/657/657 654/654/654 662/662/662
f 654/654/654 659/659/659 662/662/662
f 658/658/658 657/657/657 663/663/663
f 658/658/658 663/663/663 661/661/661
f 657/657/657 662/662/662 663/663/663
f 659/659/659 660/660/660 664/664/664
f 660/660/660 661/661/661 665/665/665
f 660/660/660 665/665/665 664/664/664
f 661/661/661 663/663/663 666/666/666
f 661/661/661 666/666/666 665/665/665
f 662/662/662 659/659/659 667/667/667
f 659/659/659 664/664/664 667/667/667
f 663/663/663 662/662/662 668/668/668
f 663/663/663 668/668/668 666/666/666
f 662/662/662 667/667/667 668/668/668
f 664/664/664 665/665/665 669/669/669
f 665/665/665 666/666/666 670/670/670
f 665/665/665 670/670/670 669/669/669
f 666/666/666 668/668/668 671/671/671
f 666/666/666 671/671/671 670/670/670
f 667/667/667 664/664/664 672/672/672
f 664/664/664 669/669/669 672/672/672
f 668/668/668 667/667/667 673/673/673
f 668/668/668 673/673/673 671/671/671
f 667/667/667 672/672/672 673/673/673
f 669/669/669 670/670/670 674/674/674
f 670/670/670 671/671/671 675/675/675
f 670/670/670 675/675/675 674/674/674
f 671/671/671 673/673/673 676/676/676
f 671/671/671 676/676/676 675/675/675
f 672/672/672 669/669/669 677/677/677
f 669/669/669 674/674/674 677/677/677
f 673/673/673 672/672/672 678/678/678
f 673/673/673 678/678/678 676/676/676
f 672/672/672 677/677/677 678/678/678
f 674/674/674 675/675/675 679/679/679
f 675/675/675 676/676/676 680/680/680
f 675/675/675 680/680/680 679/679/679
f 676/676/676 678/678/678 681/681/681
f 676/676/676 681/681/681 680/680/680
f 677/677/677 674/674/674 682/682/682
f 674/674/674 679/679/679 682/682/682
f 678/678/678 677/677/677 683/683/683
f 678/678/678 683/683/683 681/681/681
f 677/677/677 682/682/682 683/683/683
f 679/679/679 680/680/680 684/684/684
f 680/680/680 681/681/681 685/685/685
f 680/680/680 685/685/685 684/684/684
f 681/681/681 683/683/683 686/686/686
f 681/681/681 686/686/686 685/685/685
f 682/682/682 679/679/679 687/687/687
f 679/679/679 684/684/684 687/687/687
f 683/683/683 682/682/682 688/688/688
f 683/683/683 688/688/688 686/686/686
f 682/682/682 687/687/687 688/688/688
f 684/684/684 685/685/685 689/689/689
f 685/685/685 686/686/686 690/690/690
f 685/685/685 690/690/690 689/689/689
f 686/686/686 688/688/688 691/691/691
f 686/686/686 691/691/691 690/690/690
f 687/687/687 684/684/684 692/692/692
f 684/684/684 689/689/689 692/692/692
f 688/688/688 687/687/687 693/693/693
f 688/688/688 693/693/693 691/691/691
f 687/687/687 692/692/692 693/693/693
f 689/689/689 690/690/690 694/694/694
f 690/690/690 691/691/691 695/695/695
f 690/690/690 695/695/695 694/694/694
f 691/691/691 693/693/693 696/696/696
f 691/691/691 696/696/696 695/695/695
f 692/692/692 689/689/689 697/697/697
f 689/689/689 694/694/694 697/697/697
f 693/693/693 692/692/692 698/698/698
f 693/693/693 698/698/698 696/696/696
f 692/692/692 697/697/697 698/698/698
f 694/694/694 695/695/695 699/699/699
f 695/695/695 696/696/696 700/700/700
f 695/695/695 700/700/700 699/699/699
f 696/696/696 698/698/698 701/701/701
f 696/696/696 701/701/701 700/700/700
f 697/697/697 694/694/694 702/702/702
f 694/694/694 699/699/699 702/702/702
f 698/698/698 697/697/697 703/703/703
f 698/698/698 703/703/703 701/701/701
f 697/697/697 702/702/702 703/703/703
f 699/699/699 700/700/700 704/704/704
f 700/700/700 701/701/701 705/705/705
f 700/700/700 705/705/705 704/704/704
f 701/701/701 703/703/703 706/706/706
f 701/701/701 706/706/706 705/705/705
f 702/702/702 699/699/699 707/707/707
f 699/699/699 704/704/704 707/707/707
f 703/703/703 702/702/702 708/708/708
f 703/703/703 708/708/708 706/706/706
f 702/702/702 707/707/707 708/708/708
f 704/704/704 705/705/705 709/709/709
f 705/705/705 706/706/706 710/710/710
f 705/705/705 710/710/710 709/709/709
f 706/706/706 708/708/708 711/711/711
f 706/706/706 711/711/711 710/710/710
f 707/707/707 704/704/704 712/712/712
f 704/704/704 709/709/709 712/712/712
f 708/708/708 707/707/707 713/713/713
f 708/708/708 713/713/713 711/711/711
f 707/707/707 712/712/712 713/713/713
f 709/709/709 710/710/710 714/714/714
f 710/710/710 711/711/711 715/715/715
f 710/710/710 715/715/715 714/714/714
f 711/711/711 713/713/713 716/716/716
f 711/711/711 716/716/716 715/715/715
f 712/712/712 709/709/709 717/717/717
f 709/709/709 714/714/714 717/717/717
f 713/713/713 712/712/712 718/718/718
f 713/713/713 718/718/718 716/716/716
f 712/712/712 717/717/717 718/718/718
f 714/714/714 715/715/715 719/719/719
f 715/715/715 716/716/716 720/720/720
f 715/715/715 720/720/720 719/719/719
f 716/716/716 718/718/718 721/721/721
f 716/716/716 721/721/721 720/720/720
f 717/717/717 714/714/714 722/722/722
f 714/714/714 719/719/719 722/722/722
f 718/718/718 717/717/717 723/723/723
f 718/718/718 723/723/723 721/721/721
f 717/717/717 722/722/722 723/723/723
f 719/719/719 720/720/720 724/724/724
f 720/720/720 721/721/721 725/725/725
f 720/720/720 725/725/725 724/724/724
f 721/721/721 723/723/723 726/726/726
f 721/721/721 726/726/726 725/725/725
f 722/722/722 719/719/719 727/727/727
f 719/719/719 724/724/724 727/727/727
f 723/723/723 722/722/722 728/728/728
f 723/723/723 728/728/728 726/726/726
f 722/722/722 727/727/727 728/728/728
f 724/724/724 725/725/725 729/729/729
f 725/725/725 726/726/726 730/730/730
f 729/729/729 725/725/725 730/730/730
f 726/726/726 728/728/728 731/731/731
f 730/730/730 726/726/726 731/731/731
f 727/727/727 724/724/724 732/732/732
f 732/732/732 724/724/724 729/729/729
f 728/728/728 727/727/727 733/733/733
f 731/731/731 728/728/728 733/733/733
f 733/733/733 727/727/727 732/732/732
f 730/730/730 731/731/731 734/734/734
f 729/729/729 730/730/730 735/735/735
f 730/730/730 734/734/734 735/735/735
f 732/732/732 729/729/729 736/736/736
f 729/729/729 735/735/735 736/736/736
f 733/733/733 732/732/732 737/737/737
f 732/732/732 736/736/736 737/737/737
f 731/731/731 733/733/733 738/738/738
f 731/731/731 738/738/738 734/734/734
f 733/733/733 737/737/737 738/738/738
f 736/736/736 735/735/735 739/739/739
f 735/735/735 734/734/734 740/740/740
f 735/735/735 740/740/740 739/739/739
f 734/734/734 738/738/738 741/741/741
f 734/734/734 741/741/741 740/740/740
f 737/737/737 736/736/736 742/742/742
f 736/736/736 739/739/739 742/742/742
f 738/738/738 737/737/737 743/743/743
f 738/738/738 743/743/743 741/741/741
f 737/737/737 742/742/742 743/743/743
f 743/743/743 742/742/742 744/744/744
f 742/742/742 745/745/745 744/744/744
f 742/742/742 739/739/739 745/745/745
f 744/744/744 745/745/745 746/746/746
f 739/739/739 740/740/740 747/747/747
f 739/739/739 747/747/747 745/745/745
f 741/741/741 743/743/743 748/748/748
f 743/743/743 749/749/749 748/748/748
f 740/740/740 741/741/741 750/750/750
f 740/740/740 750/750/750 747/747/747
f 741/741/741 748/748/748 750/750/750
f 745/745/745 747/747/747 751/751/751
f 745/745/745 751/751/751 746/746/746
f 748/748/748 749/749/749 752/752/752
f 749/749/749 746/746/746 752/752/752
f 747/747/747 750/750/750 753/753/753
f 747/747/747 753/753/753 751/751/751
f 750/750/750 748/748/748 754/754/754
f 748/748/748 752/752/752 754/754/754
f 750/750/750 754/754/754 753/753/753
f 746/746/746 751/751/751 755/755/755
f 752/752/752 746/746/746 756/756/756
f 746/746/746 755/755/755 756/756/756
f 751/751/751 753/753/753 757/757/757
f 751/751/751 757/757/757 755/755/755
f 753/753/753 754/754/754 758/758/758
f 753/753/753 758/758/758 757/757/757
f 754/754/754 752/752/752 759/759/759
f 752/752/752 756/756/756 759/759/759
f 754/754/754 759/759/759 758/758/758
f 755/755/755 757/757/757 760/760/760
f 756/756/756 755/755/755 761/761/761
f 755/755/755 760/760/760 761/761/761
f 757/757/757 758/758/758 762/762/762
f 757/757/757 762/762/762 760/760/760
f 758/758/758 759/759/759 763/763/763
f 758/758/758 763/763/763 762/762/762
f 759/759/759 756/756/756 764/764/764
f 756/756/756 761/761/761 764/764/764
f 759/759/759 764/764/764 763/763/763
f 760/760/760 762/762/762 765/765/765
f 761/761/761 760/760/760 766/766/766
f 760/760/760 765/765/765 766/766/766
f 762/762/762 763/763/763 767/767/767
f 762/762/762 767/767/767 765/765/765
f 763/763/763 764/764/764 768/768/768
f 763/763/763 768/768/768 767/767/767
f 764/764/764 761/761/761 769/769/769
f 761/761/761 766/766/766 769/769/769
f 764/764/764 769/769/769 768/768/768
f 765/765/765 767/767/767 770/770/770
f 766/766/766 765/765/765 771/771/771
f 765/765/765 770/770/770 771/771/771
f 767/767/767 768/768/768 772/772/772
f 767/767/767 772/772/772 770/770/770
f 768/768/768 769/769/769 773/773/773
f 768/768/768 773/773/773 772/772/772
f 769/769/769 766/766/766 774/774/774
f 766/766/766 771/771/771 774/774/774
f 769/769/769 774/774/774 773/773/773
f 770/770/770 772/772/772 775/775/775
f 772/772/772 776/776/776 775/775/775
f 772/772/772 773/773/773 776/776/776
f 773/773/773 777/777/777 776/776/776
f 773/773/773 774/774/774 777/777/777
f 770/770/770 775/775/775 778/778/778
f 771/771/771 770/770/770 778/778/778
f 774/774/774 779/779/779 777/777/777
f 774/774/774 771/771/771 779/779/779
f 771/771/771 778/778/778 779/779/779
f 780/780/780 779/779/779 778/778/778
f 783/783/783 782/782/782 781/781/781
f 781/781/781 782/782/782 784/784/784
f 787/787/787 786/786/786 785/785/785
f 788/788/788 787/787/787 785/785/785
f 788/788/788 785/785/785 789/789/789
f 785/785/785 790/790/790 789/789/789
f 790/790/790 791/791/791 789/789/789
f 792/792/792 788/788/788 789/789/789
f 793/793/793 787/787/787 788/788/788
f 794/794/794 788/788/788 792/792/792
f 794/794/794 793/793/793 788/788/788
f 793/793/793 795/795/795 787/787/787
f 795/795/795 796/796/796 787/787/787
f 787/787/787 796/796/796 797/797/797
f 798/798/798 793/793/793 794/794/794
f 799/799/799 795/795/795 793/793/793
f 798/798/798 799/799/799 793/793/793
f 800/800/800 794/794/794 792/792/792
f 801/801/801 798/798/798 794/794/794
f 801/801/801 794/794/794 800/800/800
f 795/795/795 802/802/802 796/796/796
f 799/799/799 803/803/803 795/795/795
f 803/803/803 802/802/802 795/795/795
f 804/804/804 799/799/799 798/798/798
f 805/805/805 798/798/798 801/801/801
f 805/805/805 804/804/804 798/798/798
f 806/806/806 803/803/803 799/799/799
f 804/804/804 806/806/806 799/799/799
f 796/796/796 807/807/807 797/797/797
f 802/802/802 808/808/808 796/796/796
f 796/796/796 808/808/808 807/807/807
f 800/800/800 792/792/792 808/808/808
f 802/802/802 800/800/800 808/808/808
f 808/808/808 792/792/792 809/809/809
f 808/808/808 809/809/809 807/807/807
f 792/792/792 810/810/810 809/809/809
f 809/809/809 811/811/811 807/807/807
f 811/811/811 812/812/812 807/807/807
f 807/807/807 812/812/812 797/797/797
f 812/812/812 813/813/813 797/797/797
f 797/797/797 813/813/813 814/814/814
f 813/813/813 815/815/815 814/814/814
f 816/816/816 800/800/800 802/802/802
f 803/803/803 816/816/816 802/802/802
f 816/816/816 801/801/801 800/800/800
f 817/817/817 816/816/816 803/803/803
f 806/806/806 817/817/817 803/803/803
f 818/818/818 801/801/801 816/816/816
f 817/817/817 818/818/818 816/816/816
f 818/818/818 805/805/805 801/801/801
f 819/819/819 817/817/817 806/806/806
f 820/820/820 818/818/818 817/817/817
f 819/819/819 820/820/820 817/817/817
f 821/821/821 805/805/805 818/818/818
f 820/820/820 821/821/821 818/818/818
f 822/822/822 819/819/819 806/806/806
f 822/822/822 806/806/806 804/804/804
f 823/823/823 804/804/804 805/805/805
f 821/821/821 823/823/823 805/805/805
f 823/823/823 822/822/822 804/804/804
f 824/824/824 821/821/821 820/820/820
f 825/825/825 820/820/820 819/819/819
f 825/825/825 824/824/824 820/820/820
f 826/826/826 819/819/819 822/822/822
f 826/826/826 825/825/825 819/819/819
f 827/827/827 823/823/823 821/821/821
f 824/824/824 827/827/827 821/821/821
f 828/828/828 822/822/822 823/823/823
f 828/828/828 826/826/826 822/822/822
f 827/827/827 828/828/828 823/823/823
f 829/829/829 824/824/824 825/825/825
f 830/830/830 825/825/825 826/826/826
f 830/830/830 829/829/829 825/825/825
f 831/831/831 826/826/826 828/828/828
f 831/831/831 830/830/830 826/826/826
f 832/832/832 827/827/827 824/824/824
f 829/829/829 832/832/832 824/824/824
f 833/833/833 828/828/828 827/827/827
f 833/833/833 831/831/831 828/828/828
f 832/832/832 833/833/833 827/827/827
f 834/834/834 829/829/829 830/830/830
f 835/835/835 830/830/830 831/831/831
f 835/835/835 834/834/834 830/830/830
f 836/836/836 831/831/831 833/833/833
f 836/836/836 835/835/835 831/831/831
f 837/837/837 832/832/832 829/829/829
f 834/834/834 837/837/837 829/829/829
f 838/838/838 833/833/833 832/832/832
f 838/838/838 836/836/836 833/833/833
f 837/837/837 838/838/838 832/832/832
f 839/839/839 834/834/834 835/835/835
f 840/840/840 835/835/835 836/836/836
f 840/840/840 839/839/839 835/835/835
f 841/841/841 836/836/836 838/838/838
f 841/841/841 840/840/840 836/836/836
f 842/842/842 837/837/837 834/834/834
f 839/839/839 842/842/842 834/834/834
f 843/843/843 838/838/838 837/837/837
f 843/843/843 841/841/841 838/838/838
f 842/842/842 843/843/843 837/837/837
f 844/844/844 839/839/839 840/840/840
f 845/845/845 840/840/840 841/841/841
f 845/845/845 844/844/844 840/840/840
f 846/846/846 841/841/841 843/843/843
f 846/846/846 845/845/845 841/841/841
f 847/847/847 842/842/842 839/839/839
f 844/844/844 847/847/847 839/839/839
f 848/848/848 843/843/843 842/842/842
f 848/848/848 846/846/846 843/843/843
f 847/847/847 848/848/848 842/842/842
f 849/849/849 844/844/844 845/845/845
f 850/850/850 845/845/845 846/846/846
f 850/850/850 849/849/849 845/845/845
f 851/851/851 846/846/846 848/848/848
f 851/851/851 850/850/850 846/846/846
f 852/852/852 847/847/847 844/844/844
f 849/849/849 852/852/852 844/844/844
f 853/853/853 848/848/848 847/847/847
f 853/853/853 851/851/851 848/848/848
f 852/852/852 853/853/853 847/847/847
f 854/854/854 849/849/849 850/850/850
f 855/855/855 850/850/850 851/851/851
f 855/855/855 854/854/854 850/850/850
f 856/856/856 851/851/851 853/853/853
f 856/856/856 855/855/855 851/851/851
f 857/857/857 852/852/852 849/849/849
f 854/854/854 857/857/857 849/849/849
f 858/858/858 853/853/853 852/852/852
f 858/858/858 856/856/856 853/853/853
f 857/857/857 858/858/858 852/852/852
f 859/859/859 854/854/854 855/855/855
f 860/860/860 855/855/855 856/856/856
f 860/860/860 859/859/859 855/855/855
f 861/861/861 856/856/856 858/858/858
f 861/861/861 860/860/860 856/856/856
f 862/862/862 857/857/857 854/854/854
f 859/859/859 862/862/862 854/854/854
f 863/863/863 858/858/858 857/857/857
f 863/863/863 861/861/861 858/858/858
f 862/862/862 863/863/863 857/857/857
f 864/864/864 859/859/859 860/860/860
f 865/865/865 860/860/860 861/861/861
f 865/865/865 864/864/864 860/860/860
f 866/866/866 861/861/861 863/863/863
f 866/866/866 865/865/865 861/861/861
f 867/867/867 862/862/862 859/859/859
f 864/864/864 867/867/867 859/859/859
f 868/868/868 863/863/863 862/862/862
f 868/868/868 866/866/866 863/863/863
f 867/867/867 868/868/868 862/862/862
f 869/869/869 864/864/864 865/865/865
f 870/870/870 865/865/865 866/866/866
f 870/870/870 869/869/869 865/865/865
f 871/871/871 866/866/866 868/868/868
f 871/871/871 870/870/870 866/866/866
f 872/872/872 867/867/867 864/864/864
f 869/869/869 872/872/872 864/864/864
f 873/873/873 868/868/868 867/867/867
f 873/873/873 871/871/871 868/868/868
f 872/872/872 873/873/873 867/867/867
f 874/874/874 869/869/869 870/870/870
f 875/875/875 870/870/870 871/871/871
f 875/875/875 874/874/874 870/870/870
f 876/876/876 871/871/871 873/873/873
f 876/876/876 875/875/875 871/871/871
f 877/877/877 872/872/872 869/869/869
f 874/874/874 877/877/877 869/869/869
f 878/878/878 873/873/873 872/872/872
f 878/878/878 876/876/876 873/873/873
f 877/877/877 878/878/878 872/872/872
f 879/879/879 874/874/874 875/875/875
f 880/880/880 875/875/875 876/876/876
f 880/880/880 879/879/879 875/875/875
f 881/881/881 876/876/876 878/878/878
f 881/881/881 880/880/880 876/876/876
f 882/882/882 877/877/877 874/874/874
f 879/879/879 882/882/882 874/874/874
f 883/883/883 878/878/878 877/877/877
f 883/883/883 881/881/881 878/878/878
f 882/882/882 883/883/883 877/877/877
f 884/884/884 879/879/879 880/880/880
f 885/885/885 880/880/880 881/881/881
f 885/885/885 884/884/884 880/880/880
f 886/886/886 881/881/881 883/883/883
f 886/886/886 885/885/885 881/881/881
f 887/887/887 882/882/882 879/879/879
f 884/884/884 887/887/887 879/879/879
f 888/888/888 883/883/883 882/882/882
f 888/888/888 886/886/886 883/883/883
f 887/887/887 888/888/888 882/882/882
f 889/889/889 884/884/884 885/885/885
f 890/890/890 885/885/885 886/886/886
f 890/890/890 889/889/889 885/885/885
f 891/891/891 886/886/886 888/888/888
f 891/891/891 890/890/890 886/886/886
f 892/892/892 887/887/887 884/884/884
f 889/889/889 892/892/892 884/884/884
f 893/893/893 888/888/888 887/887/887
f 893/893/893 891/891/891 888/888/888
f 892/892/892 893/893/893 887/887/887
f 894/894/894 889/889/889 890/890/890
f 895/895/895 890/890/890 891/891/891
f 895/895/895 894/894/894 890/890/890
f 896/896/896 891/891/891 893/893/893
f 896/896/896 895/895/895 891/891/891
f 897/897/897 892/892/892 889/889/889
f 894/894/894 897/897/897 889/889/889
f 898/898/898 893/893/893 892/892/892
f 898/898/898 896/896/896 893/893/893
f 897/897/897 898/898/898 892/892/892
f 899/899/899 894/894/894 895/895/895
f 900/900/900 895/895/895 896/896/896
f 900/900/900 899/899/899 895/895/895
f 901/901/901 896/896/896 898/898/898
f 901/901/901 900/900/900 896/896/896
f 902/902/902 897/897/897 894/894/894
f 899/899/899 902/902/902 894/894/894
f 903/903/903 898/898/898 897/897/897
f 903/903/903 901/901/901 898/898/898
f 902/902/902 903/903/903 897/897/897
f 904/904/904 899/899/899 900/900/900
f 905/905/905 900/900/900 901/901/901
f 905/905/905 904/904/904 900/900/900
f 906/906/906 901/901/901 903/903/903
f 906/906/906 905/905/905 901/901/901
f 907/907/907 902/902/902 899/899/899
f 904/904/904 907/907/907 899/899/899
f 908/908/908 903/903/903 902/902/902
f 908/908/908 906/906/906 903/903/903
f 907/907/907 908/908/908 902/902/902
f 909/909/909 904/904/904 905/905/905
f 910/910/910 905/905/905 906/906/906
f 910/910/910 909/909/909 905/905/905
f 911/911/911 906/906/906 908/908/908
f 911/911/911 910/910/910 906/906/906
f 912/912/912 907/907/907 904/904/904
f 909/909/909 912/912/912 904/904/904
f 913/913/913 908/908/908 907/907/907
f 913/913/913 911/911/911 908/908/908
f 912/912/912 913/913/913 907/907/907
f 914/914/914 909/909/909 910/910/910
f 915/915/915 910/910/910 911/911/911
f 915/915/915 914/914/914 910/910/910
f 916/916/916 911/911/911 913/913/913
f 916/916/916 915/915/915 911/911/911
f 917/917/917 912/912/912 909/909/909
f 914/914/914 917/917/917 909/909/909
f 918/918/918 913/913/913 912/912/912
f 918/918/918 916/916/916 913/913/913
f 917/917/917 918/918/918 912/912/912
f 919/919/919 914/914/914 915/915/915
f 920/920/920 915/915/915 916/916/916
f 920/920/920 919/919/919 915/915/915
f 921/921/921 916/916/916 918/918/918
f 921/921/921 920/920/920 916/916/916
f 922/922/922 917/917/917 914/914/914
f 919/919/919 922/922/922 914/914/914
f 923/923/923 918/918/918 917/917/917
f 923/923/923 921/921/921 918/918/918
f 922/922/922 923/923/923 917/917/917
f 924/924/924 919/919/919 920/920/920
f 925/925/925 920/920/920 921/921/921
f 925/925/925 924/924/924 920/920/920
f 926/926/926 921/921/921 923/923/923
f 926/926/926 925/925/925 921/921/921
f 927/927/927 922/922/922 919/919/919
f 924/924/924 927/927/927 919/919/919
f 928/928/928 923/923/923 922/922/922
f 928/928/928 926/926/926 923/923/923
f 927/927/927 928/928/928 922/922/922
f 929/929/929 924/924/924 925/925/925
f 930/930/930 925/925/925 926/926/926
f 930/930/930 929/929/929 925/925/925
f 931/931/931 926/926/926 928/928/928
f 931/931/931 930/930/930 926/926/926
f 932/932/932 927/927/927 924/924/924
f 929/929/929 932/932/932 924/924/924
f 933/933/933 928/928/928 927/927/927
f 933/933/933 931/931/931 928/928/928
f 932/932/932 933/933/933 927/927/927
f 934/934/934 929/929/929 930/930/930
f 935/935/935 930/930/930 931/931/931
f 935/935/935 934/934/934 930/930/930
f 936/936/936 931/931/931 933/933/933
f 936/936/936 935/935/935 931/931/931
f 937/937/937 932/932/932 929/929/929
f 934/934/934 937/937/937 929/929/929
f 938/938/938 933/933/933 932/932/932
f 938/938/938 936/936/936 933/933/933
f 937/937/937 938/938/938 932/932/932
f 939/939/939 934/934/934 935/935/935
f 940/940/940 935/935/935 936/936/936
f 940/940/940 939/939/939 935/935/935
f 941/941/941 936/936/936 938/938/938
f 941/941/941 940/940/940 936/936/936
f 942/942/942 937/937/937 934/934/934
f 939/939/939 942/942/942 934/934/934
f 943/943/943 938/938/938 937/937/937
f 943/943/943 941/941/941 938/938/938
f 942/942/942 943/943/943 937/937/937
f 944/944/944 939/939/939 940/940/940
f 945/945/945 940/940/940 941/941/941
f 945/945/945 944/944/944 940/940/940
f 946/946/946 941/941/941 943/943/943
f 946/946/946 945/945/945 941/941/941
f 947/947/947 942/942/942 939/939/939
f 944/944/944 947/947/947 939/939/939
f 948/948/948 943/943/943 942/942/942
f 948/948/948 946/946/946 943/943/943
f 947/947/947 948/948/948 942/942/942
f 949/949/949 944/944/944 945/945/945
f 950/950/950 945/945/945 946/946/946
f 950/950/950 949/949/949 945/945/945
f 951/951/951 946/946/946 948/948/948
f 951/951/951 950/950/950 946/946/946
f 952/952/952 947/947/947 944/944/944
f 949/949/949 952/952/952 944/944/944
f 953/953/953 948/948/948 947/947/947
f 953/953/953 951/951/951 948/948/948
f 952/952/952 953/953/953 947/947/947
f 954/954/954 949/949/949 950/950/950
f 955/955/955 950/950/950 951/951/951
f 955/955/955 954/954/954 950/950/950
f 956/956/956 951/951/951 953/953/953
f 956/956/956 955/955/955 951/951/951
f 957/957/957 952/952/952 949/949/949
f 954/954/954 957/957/957 949/949/949
f 958/958/958 953/953/953 952/952/952
f 958/958/958 956/956/956 953/953/953
f 957/957/957 958/958/958 952/952/952
f 959/959/959 954/954/954 955/955/955
f 960/960/960 955/955/955 956/956/956
f 960/960/960 959/959/959 955/955/955
f 961/961/961 956/956/956 958/958/958
f 961/961/961 960/960/960 956/956/956
f 962/962/962 957/957/957 954/954/954
f 959/959/959 962/962/962 954/954/954
f 963/963/963 958/958/958 957/957/957
f 963/963/963 961/961/961 958/958/958
f 962/962/962 963/963/963 957/957/957
f 964/964/964 959/959/959 960/960/960
f 965/965/965 960/960/960 961/961/961
f 965/965/965 964/964/964 960/960/960
f 966/966/966 961/961/961 963/963/963
f 966/966/966 965/965/965 961/961/961
f 967/967/967 962/962/962 959/959/959
f 964/964/964 967/967/967 959/959/959
f 968/968/968 963/963/963 962/962/962
f 968/968/968 966/966/966 963/963/963
f 967/967/967 968/968/968 962/962/962
f 969/969/969 964/964/964 965/965/965
f 970/970/970 965/965/965 966/966/966
f 970/970/970 969/969/969 965/965/965
f 971/971/971 966/966/966 968/968/968
f 971/971/971 970/970/970 966/966/966
f 972/972/972 967/967/967 964/964/964
f 969/969/969 972/972/972 964/964/964
f 973/973/973 968/968/968 967/967/967
f 973/973/973 971/971/971 968/968/968
f 972/972/972 973/973/973 967/967/967
f 974/974/974 969/969/969 970/970/970
f 975/975/975 970/970/970 971/971/971
f 975/975/975 974/974/974 970/970/970
f 976/976/976 971/971/971 973/973/973
f 976/976/976 975/975/975 971/971/971
f 977/977/977 972/972/972 969/969/969
f 974/974/974 977/977/977 969/969/969
f 978/978/978 973/973/973 972/972/972
f 978/978/978 976/976/976 973/973/973
f 977/977/977 978/978/978 972/972/972
f 979/979/979 974/974/974 975/975/975
f 980/980/980 975/975/975 976/976/976
f 980/980/980 979/979/979 975/975/975
f 981/981/981 976/976/976 978/978/978
f 981/981/981 980/980/980 976/976/976
f 982/982/982 977/977/977 974/974/974
f 979/979/979 982/982/982 974/974/974
f 983/983/983 978/978/978 977/977/977
f 983/983/983 981/981/981 978/978/978
f 982/982/982 983/983/983 977/977/977
f 980/980/980 984/984/984 979/979/979
f 984/984/984 980/980/980 981/981/981
f 979/979/979 985/985/985 982/982/982
f 984/984/984 985/985/985 979/979/979
f 982/982/982 986/986/986 983/983/983
f 985/985/985 986/986/986 982/982/982
f 983/983/983 987/987/987 981/981/981
f 986/986/986 987/987/987 983/983/983
f 988/988/988 984/984/984 981/981/981
f 987/987/987 988/988/988 981/981/981
f 986/986/986 985/985/985 989/989/989
f 985/985/985 984/984/984 990/990/990
f 985/985/985 990/990/990 989/989/989
f 984/984/984 988/988/988 991/991/991
f 984/984/984 991/991/991 990/990/990
f 988/988/988 987/987/987 992/992/992
f 988/988/988 992/992/992 991/991/991
f 987/987/987 986/986/986 993/993/993
f 986/986/986 989/989/989 993/993/993
f 987/987/987 993/993/993 992/992/992
f 989/989/989 990/990/990 994/994/994
f 990/990/990 991/991/991 995/995/995
f 990/990/990 995/995/995 994/994/994
f 991/991/991 992/992/992 996/996/996
f 991/991/991 996/996/996 995/995/995
f 992/992/992 993/993/993 997/997/997
f 992/992/992 997/997/997 996/996/996
f 993/993/993 989/989/989 998/998/998
f 989/989/989 994/994/994 998/998/998
f 993/993/993 998/998/998 997/997/997
f 994/994/994 995/995/995 999/999/999
f 995/995/995 996/996/996 1000/1000/1000
f 995/995/995 1000/1000/1000 999/999/999
f 996/996/996 997/997/997 1001/1001/1001
f 996/996/996 1001/1001/1001 1000/1000/1000
f 997/997/997 998/998/998 1002/1002/1002
f 997/997/997 1002/1002/1002 1001/1001/1001
f 998/998/998 994/994/994 1003/1003/1003
f 994/994/994 999/999/999 1003/1003/1003
f 998/998/998 1003/1003/1003 1002/1002/1002
f 999/999/999 1000/1000/1000 1004/1004/1004
f 1000/1000/1000 1001/1001/1001 1005/1005/1005
f 1000/1000/1000 1005/1005/1005 1004/1004/1004
f 1001/1001/1001 1002/1002/1002 1006/1006/1006
f 1001/1001/1001 1006/1006/1006 1005/1005/1005
f 1002/1002/1002 1003/1003/1003 1007/1007/1007
f 1002/1002/1002 1007/1007/1007 1006/1006/1006
f 1003/1003/1003 999/999/999 1008/1008/1008
f 999/999/999 1004/1004/1004 1008/1008/1008
f 1003/1003/1003 1008/1008/1008 1007/1007/1007
f 1004/1004/1004 1005/1005/1005 1009/1009/1009
f 1005/1005/1005 1006/1006/1006 1010/1010/1010
f 1005/1005/1005 1010/1010/1010 1009/1009/1009
f 1006/1006/1006 1007/1007/1007 1011/1011/1011
f 1006/1006/1006 1011/1011/1011 1010/1010/1010
f 1007/1007/1007 1008/1008/1008 1012/1012/1012
f 1007/1007/1007 1012/1012/1012 1011/1011/1011
f 1008/1008/1008 1004/1004/1004 1013/1013/1013
f 1004/1004/1004 1009/1009/1009 1013/1013/1013
f 1008/1008/1008 1013/1013/1013 1012/1012/1012
f 1009/1009/1009 1010/1010/1010 1014/1014/1014
f 1010/1010/1010 1011/1011/1011 1015/1015/1015
f 1010/1010/1010 1015/1015/1015 1014/1014/1014
f 1011/1011/1011 1012/1012/1012 1016/1016/1016
f 1011/1011/1011 1016/1016/1016 1015/1015/1015
f 1012/1012/1012 1013/1013/1013 1017/1017/1017
f 1012/1012/1012 1017/1017/1017 1016/1016/1016
f 1013/1013/1013 1009/1009/1009 1018/1018/1018
f 1009/1009/1009 1014/1014/1014 1018/1018/1018
f 1013/1013/1013 1018/1018/1018 1017/1017/1017
f 1014/1014/1014 1015/1015/1015 1019/1019/1019
f 1015/1015/1015 1016/1016/1016 1020/1020/1020
f 1015/1015/1015 1020/1020/1020 1019/1019/1019
f 1016/1016/1016 1017/1017/1017 1021/1021/1021
f 1016/1016/1016 1021/1021/1021 1020/1020/1020
f 1017/1017/1017 1018/1018/1018 1022/1022/1022
f 1017/1017/1017 1022/1022/1022 1021/1021/1021
f 1018/1018/1018 1014/1014/1014 1023/1023/1023
f 1014/1014/1014 1019/1019/1019 1023/1023/1023
f 1018/1018/1018 1023/1023/1023 1022/1022/1022
f 1019/1019/1019 1020/1020/1020 1024/1024/1024
f 1020/1020/1020 1021/1021/1021 1025/1025/1025
f 1020/1020/1020 1025/1025/1025 1024/1024/1024
f 1021/1021/1021 1022/1022/1022 1026/1026/1026
f 1021/1021/1021 1026/1026/1026 1025/1025/1025
f 1022/1022/1022 1023/1023/1023 1027/1027/1027
f 1022/1022/1022 1027/1027/1027 1026/1026/1026
f 1023/1023/1023 1019/1019/1019 1028/1028/1028
f 1019/1019/1019 1024/1024/1024 1028/1028/1028
f 1023/1023/1023 1028/1028/1028 1027/1027/1027
f 1024/1024/1024 1025/1025/1025 1029/1029/1029
f 1025/1025/1025 1026/1026/1026 1030/1030/1030
f 1025/1025/1025 1030/1030/1030 1029/1029/1029
f 1026/1026/1026 1027/1027/1027 1031/1031/1031
f 1026/1026/1026 1031/1031/1031 1030/1030/1030
f 1027/1027/1027 1028/1028/1028 1032/1032/1032
f 1027/1027/1027 1032/1032/1032 1031/1031/1031
f 1028/1028/1028 1024/1024/1024 1033/1033/1033
f 1024/1024/1024 1029/1029/1029 1033/1033/1033
f 1028/1028/1028 1033/1033/1033 1032/1032/1032
f 1031/1031/1031 1032/1032/1032 1034/1034/1034
f 1032/1032/1032 1035/1035/1035 1034/1034/1034
f 1032/1032/1032 1033/1033/1033 1035/1035/1035
f 1033/1033/1033 1036/1036/1036 1035/1035/1035
f 1033/1033/1033 1029/1029/1029 1036/1036/1036
f 1031/1031/1031 1034/1034/1034 1037/1037/1037
f 1030/1030/1030 1031/1031/1031 1037/1037/1037
f 1029/1029/1029 1038/1038/1038 1036/1036/1036
f 1029/1029/1029 1030/1030/1030 1038/1038/1038
f 1030/1030/1030 1037/1037/1037 1038/1038/1038
f 1039/1039/1039 1038/1038/1038 1037/1037/1037
f 1038/1038/1038 1039/1039/1039 1040/1040/1040
f 1041/1041/1041 1038/1038/1038 1040/1040/1040
f 1044/1044/1044 1043/1043/1043 1042/1042/1042
f 1045/1045/1045 1044/1044/1044 1042/1042/1042
f 1042/1042/1042 1047/1047/1047 1046/1046/1046
f 1047/1047/1047 1048/1048/1048 1046/1046/1046
f 1048/1048/1048 1047/1047/1047 1049/1049/1049
f 1047/1047/1047 1050/1050/1050 1049/1049/1049
f 1048/1048/1048 1049/1049/1049 1051/1051/1051
f 1052/1052/1052 1048/1048/1048 1051/1051/1051
f 1055/1055/1055 1054/1054/1054 1053/1053/1053
f 1054/1054/1054 1056/1056/1056 1053/1053/1053
f 1053/1053/1053 1056/1056/1056 1057/1057/1057
f 1056/1056/1056 1058/1058/1058 1057/1057/1057
f 1057/1057/1057 1058/1058/1058 1059/1059/1059
f 1058/1058/1058 1060/1060/1060 1059/1059/1059
f 1058/1058/1058 1056/1056/1056 1061/1061/1061
f 1056/1056/1056 1062/1062/1062 1061/1061/1061
f 1058/1058/1058 1061/1061/1061 1063/1063/1063
f 1060/1060/1060 1058/1058/1058 1063/1063/1063
f 1060/1060/1060 1063/1063/1063 1064/1064/1064
f 1065/1065/1065 1060/1060/1060 1064/1064/1064
f 1064/1064/1064 1063/1063/1063 1066/1066/1066
f 1063/1063/1063 1067/1067/1067 1066/1066/1066
f 1070/1070/1070 1069/1069/1069 1068/1068/1068
f 1069/1069/1069 1071/1071/1071 1068/1068/1068
f 1069/1069/1069 1072/1072/1072 1071/1071/1071
f 1072/1072/1072 1073/1073/1073 1071/1071/1071
f 1068/1068/1068 1071/1071/1071 1074/1074/1074
f 1071/1071/1071 1073/1073/1073 1075/1075/1075
f 1071/1071/1071 1075/1075/1075 1074/1074/1074
f 1068/1068/1068 1074/1074/1074 1076/1076/1076
f 1077/1077/1077 1068/1068/1068 1076/1076/1076
f 1073/1073/1073 1078/1078/1078 1075/1075/1075
f 1073/1073/1073 1079/1079/1079 1078/1078/1078
f 1079/1079/1079 1080/1080/1080 1078/1078/1078
f 1075/1075/1075 1081/1081/1081 1074/1074/1074
f 1078/1078/1078 1082/1082/1082 1075/1075/1075
f 1082/1082/1082 1081/1081/1081 1075/1075/1075
f 1074/1074/1074 1083/1083/1083 1076/1076/1076
f 1081/1081/1081 1083/1083/1083 1074/1074/1074
f 1080/1080/1080 1084/1084/1084 1078/1078/1078
f 1084/1084/1084 1082/1082/1082 1078/1078/1078
f 1085/1085/1085 1076/1076/1076 1080/1080/1080
f 1086/1086/1086 1085/1085/1085 1080/1080/1080
f 1087/1087/1087 1085/1085/1085 1086/1086/1086
f 1088/1088/1088 1087/1087/1087 1086/1086/1086
f 1088/1088/1088 1086/1086/1086 1089/1089/1089
f 1090/1090/1090 1088/1088/1088 1089/1089/1089
f 1076/1076/1076 1091/1091/1091 1080/1080/1080
f 1083/1083/1083 1091/1091/1091 1076/1076/1076
f 1091/1091/1091 1084/1084/1084 1080/1080/1080
f 1081/1081/1081 1082/1082/1082 1092/1092/1092
f 1083/1083/1083 1081/1081/1081 1093/1093/1093
f 1081/1081/1081 1092/1092/1092 1093/1093/1093
f 1082/1082/1082 1084/1084/1084 1094/1094/1094
f 1082/1082/1082 1094/1094/1094 1092/1092/1092
f 1091/1091/1091 1083/1083/1083 1095/1095/1095
f 1083/1083/1083 1093/1093/1093 1095/1095/1095
f 1084/1084/1084 1091/1091/1091 1096/1096/1096
f 1084/1084/1084 1096/1096/1096 1094/1094/1094
f 1091/1091/1091 1095/1095/1095 1096/1096/1096
f 1092/1092/1092 1094/1094/1094 1097/1097/1097
f 1093/1093/1093 1092/1092/1092 1098/1098/1098
f 1092/1092/1092 1097/1097/1097 1098/1098/1098
f 1094/1094/1094 1096/1096/1096 1099/1099/1099
f 1094/1094/1094 1099/1099/1099 1097/1097/1097
f 1095/1095/1095 1093/1093/1093 1100/1100/1100
f 1093/1093/1093 1098/1098/1098 1100/1100/1100
f 1096/1096/1096 1095/1095/1095 1101/1101/1101
f 1096/1096/1096 1101/1101/1101 1099/1099/1099
f 1095/1095/1095 1100/1100/1100 1101/1101/1101
f 1097/1097/1097 1099/1099/1099 1102/1102/1102
f 1098/1098/1098 1097/1097/1097 1103/1103/1103
f 1097/1097/1097 1102/1102/1102 1103/1103/1103
f 1099/1099/1099 1101/1101/1101 1104/1104/1104
f 1099/1099/1099 1104/1104/1104 1102/1102/1102
f 1100/1100/1100 1098/1098/1098 1105/1105/1105
f 1098/1098/1098 1103/1103/1103 1105/1105/1105
f 1101/1101/1101 1100/1100/1100 1106/1106/1106
f 1101/1101/1101 1106/1106/1106 1104/1104/1104
f 1100/1100/1100 1105/1105/1105 1106/1106/1106
f 1102/1102/1102 1104/1104/1104 1107/1107/1107
f 1103/1103/1103 1102/1102/1102 1108/1108/1108
f 1102/1102/1102 1107/1107/1107 1108/1108/1108
f 1104/1104/1104 1106/1106/1106 1109/1109/1109
f 1104/1104/1104 1109/1109/1109 1107/1107/1107
f 1105/1105/1105 1103/1103/1103 1110/1110/1110
f 1103/1103/1103 1108/1108/1108 1110/1110/1110
f 1106/1106/1106 1105/1105/1105 1111/1111/1111
f 1106/1106/1106 1111/1111/1111 1109/1109/1109
f 1105/1105/1105 1110/1110/1110 1111/1111/1111
f 1107/1107/1107 1109/1109/1109 1112/1112/1112
f 1108/1108/1108 1107/1107/1107 1113/1113/1113
f 1107/1107/1107 1112/1112/1112 1113/1113/1113
f 1109/1109/1109 1111/1111/1111 1114/1114/1114
f 1109/1109/1109 1114/1114/1114 1112/1112/1112
f 1110/1110/1110 1108/1108/1108 1115/1115/1115
f 1108/1108/1108 1113/1113/1113 1115/1115/1115
f 1111/1111/1111 1110/1110/1110 1116/1116/1116
f 1111/1111/1111 1116/1116/1116 1114/1114/1114
f 1110/1110/1110 1115/1115/1115 1116/1116/1116
f 1112/1112/1112 1114/1114/1114 1117/1117/1117
f 1113/1113/1113 1112/1112/1112 1118/1118/1118
f 1112/1112/1112 1117/1117/1117 1118/1118/1118
f 1114/1114/1114 1116/1116/1116 1119/1119/1119
f 1114/1114/1114 1119/1119/1119 1117/1117/1117
f 1115/1115/1115 1113/1113/1113 1120/1120/1120
f 1113/1113/1113 1118/1118/1118 1120/1120/1120
f 1116/1116/1116 1115/1115/1115 1121/1121/1121
f 1116/1116/1116 1121/1121/1121 1119/1119/1119
f 1115/1115/1115 1120/1120/1120 1121/1121/1121
f 1117/1117/1117 1119/1119/1119 1122/1122/1122
f 1118/1118/1118 1117/1117/1117 1123/1123/1123
f 1117/1117/1117 1122/1122/1122 1123/1123/1123
f 1119/1119/1119 1121/1121/1121 1124/1124/1124
f 1119/1119/1119 1124/1124/1124 1122/1122/1122
f 1120/1120/1120 1118/1118/1118 1125/1125/1125
f 1118/1118/1118 1123/1123/1123 1125/1125/1125
f 1121/1121/1121 1120/1120/1120 1126/1126/1126
f 1121/1121/1121 1126/1126/1126 1124/1124/1124
f 1120/1120/1120 1125/1125/1125 1126/1126/1126
f 1122/1122/1122 1124/1124/1124 1127/1127/1127
f 1123/1123/1123 1122/1122/1122 1128/1128/1128
f 1122/1122/1122 1127/1127/1127 1128/1128/1128
f 1124/1124/1124 1126/1126/1126 1129/1129/1129
f 1124/1124/1124 1129/1129/1129 1127/1127/1127
f 1125/1125/1125 1123/1123/1123 1130/1130/1130
f 1123/1123/1123 1128/1128/1128 1130/1130/1130
f 1126/1126/1126 1125/1125/1125 1131/1131/1131
f 1126/1126/1126 1131/1131/1131 1129/1129/1129
f 1125/1125/1125 1130/1130/1130 1131/1131/1131
f 1127/1127/1127 1129/1129/1129 1132/1132/1132
f 1128/1128/1128 1127/1127/1127 1133/1133/1133
f 1127/1127/1127 1132/1132/1132 1133/1133/1133
f 1129/1129/1129 1131/1131/1131 1134/1134/1134
f 1129/1129/1129 1134/1134/1134 1132/1132/1132
f 1130/1130/1130 1128/1128/1128 1135/1135/1135
f 1128/1128/1128 1133/1133/1133 1135/1135/1135
f 1131/1131/1131 1130/1130/1130 1136/1136/1136
f 1131/1131/1131 1136/1136/1136 1134/1134/1134
f 1130/1130/1130 1135/1135/1135 1136/1136/1136
f 1132/1132/1132 1134/1134/1134 1137/1137/1137
f 1133/1133/1133 1132/1132/1132 1138/1138/1138
f 1132/1132/1132 1137/1137/1137 1138/1138/1138
f 1134/1134/1134 1136/1136/1136 1139/1139/1139
f 1134/1134/1134 1139/1139/1139 1137/1137/1137
f 1135/1135/1135 1133/1133/1133 1140/1140/1140
f 1133/1133/1133 1138/1138/1138 1140/1140/1140
f 1136/1136/1136 1135/1135/1135 1141/1141/1141
f 1136/1136/1136 1141/1141/1141 1139/1139/1139
f 1135/1135/1135 1140/1140/1140 1141/1141/1141
f 1137/1137/1137 1139/1139/1139 1142/1142/1142
f 1138/1138/1138 1137/1137/1137 1143/1143/1143
f 1137/1137/1137 1142/1142/1142 1143/1143/1143
f 1139/1139/1139 1141/1141/1141 1144/1144/1144
f 1139/1139/1139 1144/1144/1144 1142/1142/1142
f 1140/1140/1140 1138/1138/1138 1145/1145/1145
f 1138/1138/1138 1143/1143/1143 1145/1145/1145
f 1141/1141/1141 1140/1140/1140 1146/1146/1146
f 1141/1141/1141 1146/1146/1146 1144/1144/1144
f 1140/1140/1140 1145/1145/1145 1146/1146/1146
f 1142/1142/1142 1144/1144/1144 1147/1147/1147
f 1143/1143/1143 1142/1142/1142 1148/1148/1148
f 1142/1142/1142 1147/1147/1147 1148/1148/1148
f 1144/1144/1144 1146/1146/1146 1149/1149/1149
f 1144/1144/1144 1149/1149/1149 1147/1147/1147
f 1145/1145/1145 1143/1143/1143 1150/1150/1150
f 1143/1143/1143 1148/1148/1148 1150/1150/1150
f 1146/1146/1146 1145/1145/1145 1151/1151/1151
f 1146/1146/1146 1151/1151/1151 1149/1149/1149
f 1145/1145/1145 1150/1150/1150 1151/1151/1151
f 1147/1147/1147 1149/1149/1149 1152/1152/1152
f 1148/1148/1148 1147/1147/1147 1153/1153/1153
f 1147/1147/1147 1152/1152/1152 1153/1153/1153
f 1149/1149/1149 1151/1151/1151 1154/1154/1154
f 1149/1149/1149 1154/1154/1154 1152/1152/1152
f 1150/1150/1150 1148/1148/1148 1155/1155/1155
f 1148/1148/1148 1153/1153/1153 1155/1155/1155
f 1151/1151/1151 1150/1150/1150 1156/1156/1156
f 1151/1151/1151 1156/1156/1156 1154/1154/1154
f 1150/1150/1150 1155/1155/1155 1156/1156/1156
f 1152/1152/1152 1154/1154/1154 1157/1157/1157
f 1153/1153/1153 1152/1152/1152 1158/1158/1158
f 1152/1152/1152 1157/1157/1157 1158/1158/1158
f 1154/1154/1154 1156/1156/1156 1159/1159/1159
f 1154/1154/1154 1159/1159/1159 1157/1157/1157
f 1155/1155/1155 1153/1153/1153 1160/1160/1160
f 1153/1153/1153 1158/1158/1158 1160/1160/1160
f 1156/1156/1156 1155/1155/1155 1161/1161/1161
f 1156/1156/1156 1161/1161/1161 1159/1159/1159
f 1155/1155/1155 1160/1160/1160 1161/1161/1161
f 1162/1162/1162 1159/1159/1159 1161/1161/1161
f 1157/1157/1157 1159/1159/1159 1162/1162/1162
f 1163/1163/1163 1161/1161/1161 1160/1160/1160
f 1163/1163/1163 1162/1162/1162 1161/1161/1161
f 1164/1164/1164 1160/1160/1160 1158/1158/1158
f 1164/1164/1164 1163/1163/1163 1160/1160/1160
f 1165/1165/1165 1158/1158/1158 1157/1157/1157
f 1165/1165/1165 1164/1164/1164 1158/1158/1158
f 1166/1166/1166 1157/1157/1157 1162/1162/1162
f 1166/1166/1166 1165/1165/1165 1157/1157/1157
f 1164/1164/1164 1167/1167/1167 1163/1163/1163
f 1163/1163/1163 1168/1168/1168 1162/1162/1162
f 1167/1167/1167 1168/1168/1168 1163/1163/1163
f 1165/1165/1165 1169/1169/1169 1164/1164/1164
f 1169/1169/1169 1167/1167/1167 1164/1164/1164
f 1166/1166/1166 1162/1162/1162 1170/1170/1170
f 1168/1168/1168 1170/1170/1170 1162/1162/1162
f 1166/1166/1166 1171/1171/1171 1165/1165/1165
f 1171/1171/1171 1169/1169/1169 1165/1165/1165
f 1171/1171/1171 1166/1166/1166 1170/1170/1170
f 1167/1167/1167 1169/1169/1169 1172/1172/1172
f 1168/1168/1168 1167/1167/1167 1173/1173/1173
f 1167/1167/1167 1172/1172/1172 1173/1173/1173
f 1170/1170/1170 1168/1168/1168 1174/1174/1174
f 1168/1168/1168 1173/1173/1173 1174/1174/1174
f 1171/1171/1171 1170/1170/1170 1175/1175/1175
f 1170/1170/1170 1174/1174/1174 1175/1175/1175
f 1169/1169/1169 1171/1171/1171 1176/1176/1176
f 1169/1169/1169 1176/1176/1176 1172/1172/1172
f 1171/1171/1171 1175/1175/1175 1176/1176/1176
f 1173/1173/1173 1172/1172/1172 1177/1177/1177
f 1174/1174/1174 1173/1173/1173 1178/1178/1178
f 1173/1173/1173 1177/1177/1177 1178/1178/1178
f 1172/1172/1172 1176/1176/1176 1179/1179/1179
f 1172/1172/1172 1179/1179/1179 1177/1177/1177
f 1175/1175/1175 1174/1174/1174 1180/1180/1180
f 1174/1174/1174 1178/1178/1178 1180/1180/1180
f 1176/1176/1176 1175/1175/1175 1181/1181/1181
f 1176/1176/1176 1181/1181/1181 1179/1179/1179
f 1175/1175/1175 1180/1180/1180 1181/1181/1181
f 1177/1177/1177 1179/1179/1179 1182/1182/1182
f 1178/1178/1178 1177/1177/1177 1183/1183/1183
f 1177/1177/1177 1182/1182/1182 1183/1183/1183
f 1179/1179/1179 1181/1181/1181 1184/1184/1184
f 1179/1179/1179 1184/1184/1184 1182/1182/1182
f 1180/1180/1180 1178/1178/1178 1185/1185/1185
f 1178/1178/1178 1183/1183/1183 1185/1185/1185
f 1181/1181/1181 1180/1180/1180 1186/1186/1186
f 1181/1181/1181 1186/1186/1186 1184/1184/1184
f 1180/1180/1180 1185/1185/1185 1186/1186/1186
f 1182/1182/1182 1184/1184/1184 1187/1187/1187
f 1183/1183/1183 1182/1182/1182 1188/1188/1188
f 1182/1182/1182 1187/1187/1187 1188/1188/1188
f 1184/1184/1184 1186/1186/1186 1189/1189/1189
f 1184/1184/1184 1189/1189/1189 1187/1187/1187
f 1185/1185/1185 1183/1183/1183 1190/1190/1190
f 1183/1183/1183 1188/1188/1188 1190/1190/1190
f 1186/1186/1186 1185/1185/1185 1191/1191/1191
f 1186/1186/1186 1191/1191/1191 1189/1189/1189
f 1185/1185/1185 1190/1190/1190 1191/1191/1191
f 1187/1187/1187 1189/1189/1189 1192/1192/1192
f 1188/1188/1188 1187/1187/1187 1193/1193/1193
f 1187/1187/1187 1192/1192/1192 1193/1193/1193
f 1189/1189/1189 1191/1191/1191 1194/1194/1194
f 1189/1189/1189 1194/1194/1194 1192/1192/1192
f 1190/1190/1190 1188/1188/1188 1195/1195/1195
f 1188/1188/1188 1193/1193/1193 1195/1195/1195
f 1191/1191/1191 1190/1190/1190 1196/1196/1196
f 1191/1191/1191 1196/1196/1196 1194/1194/1194
f 1190/1190/1190 1195/1195/1195 1196/1196/1196
f 1192/1192/1192 1194/1194/1194 1197/1197/1197
f 1193/1193/1193 1192/1192/1192 1198/1198/1198
f 1192/1192/1192 1197/1197/1197 1198/1198/1198
f 1194/1194/1194 1196/1196/1196 1199/1199/1199
f 1194/1194/1194 1199/1199/1199 1197/1197/1197
f 1195/1195/1195 1193/1193/1193 1200/1200/1200
f 1193/1193/1193 1198/1198/1198 1200/1200/1200
f 1196/1196/1196 1195/1195/1195 1201/1201/1201
f 1196/1196/1196 1201/1201/1201 1199/1199/1199
f 1195/1195/1195 1200/1200/1200 1201/1201/1201
f 1197/1197/1197 1199/1199/1199 1202/1202/1202
f 1198/1198/1198 1197/1197/1197 1203/1203/1203
f 1197/1197/1197 1202/1202/1202 1203/1203/1203
f 1199/1199/1199 1201/1201/1201 1204/1204/1204
f 1199/1199/1199 1204/1204/1204 1202/1202/1202
f 1200/1200/1200 1198/1198/1198 1205/1205/1205
f 1198/1198/1198 1203/1203/1203 1205/1205/1205
f 1201/1201/1201 1200/1200/1200 1206/1206/1206
f 1201/1201/1201 1206/1206/1206 1204/1204/1204
f 1200/1200/1200 1205/1205/1205 1206/1206/1206
f 1202/1202/1202 1204/1204/1204 1207/1207/1207
f 1203/1203/1203 1202/1202/1202 1208/1208/1208
f 1202/1202/1202 1207/1207/1207 1208/1208/1208
f 1204/1204/1204 1206/1206/1206 1209/1209/1209
f 1204/1204/1204 1209/1209/1209 1207/1207/1207
f 1205/1205/1205 1203/1203/1203 1210/1210/1210
f 1203/1203/1203 1208/1208/1208 1210/1210/1210
f 1206/1206/1206 1205/1205/1205 1211/1211/1211
f 1206/1206/1206 1211/1211/1211 1209/1209/1209
f 1205/1205/1205 1210/1210/1210 1211/1211/1211
f 1207/1207/1207 1209/1209/1209 1212/1212/1212
f 1208/1208/1208 1207/1207/1207 1213/1213/1213
f 1207/1207/1207 1212/1212/1212 1213/1213/1213
f 1209/1209/1209 1211/1211/1211 1214/1214/1214
f 1209/1209/1209 1214/1214/1214 1212/1212/1212
f 1210/1210/1210 1208/1208/1208 1215/1215/1215
f 1208/1208/1208 1213/1213/1213 1215/1215/1215
f 1211/1211/1211 1210/1210/1210 1216/1216/1216
f 1211/1211/1211 1216/1216/1216 1214/1214/1214
f 1210/1210/1210 1215/1215/1215 1216/1216/1216
f 1212/1212/1212 1214/1214/1214 1217/1217/1217
f 1213/1213/1213 1212/1212/1212 1218/1218/1218
f 1212/1212/1212 1217/1217/1217 1218/1218/1218
f 1214/1214/1214 1216/1216/1216 1219/1219/1219
f 1214/1214/1214 1219/1219/1219 1217/1217/1217
f 1215/1215/1215 1213/1213/1213 1220/1220/1220
f 1213/1213/1213 1218/1218/1218 1220/1220/1220
f 1216/1216/1216 1215/1215/1215 1221/1221/1221
f 1216/1216/1216 1221/1221/1221 1219/1219/1219
f 1215/1215/1215 1220/1220/1220 1221/1221/1221
f 1217/1217/1217 1219/1219/1219 1222/1222/1222
f 1218/1218/1218 1217/1217/1217 1223/1223/1223
f 1217/1217/1217 1222/1222/1222 1223/1223/1223
f 1219/1219/1219 1221/1221/1221 1224/1224/1224
f 1219/1219/1219 1224/1224/1224 1222/1222/1222
f 1220/1220/1220 1218/1218/1218 1225/1225/1225
f 1218/1218/1218 1223/1223/1223 1225/1225/1225
f 1221/1221/1221 1220/1220/1220 1226/1226/1226
f 1221/1221/1221 1226/1226/1226 1224/1224/1224
f 1220/1220/1220 1225/1225/1225 1226/1226/1226
f 1222/1222/1222 1224/1224/1224 1227/1227/1227
f 1223/1223/1223 1222/1222/1222 1228/1228/1228
f 1222/1222/1222 1227/1227/1227 1228/1228/1228
f 1224/1224/1224 1226/1226/1226 1229/1229/1229
f 1224/1224/1224 1229/1229/1229 1227/1227/1227
f 1225/1225/1225 1223/1223/1223 1230/1230/1230
f 1223/1223/1223 1228/1228/1228 1230/1230/1230
f 1226/1226/1226 1225/1225/1225 1231/1231/1231
f 1226/1226/1226 1231/1231/1231 1229/1229/1229
f 1225/1225/1225 1230/1230/1230 1231/1231/1231
f 1227/1227/1227 1229/1229/1229 1232/1232/1232
f 1228/1228/1228 1227/1227/1227 1233/1233/1233
f 1227/1227/1227 1232/1232/1232 1233/1233/1233
f 1229/1229/1229 1231/1231/1231 1234/1234/1234
f 1229/1229/1229 1234/1234/1234 1232/1232/1232
f 1230/1230/1230 1228/1228/1228 1235/1235/1235
f 1228/1228/1228 1233/1233/1233 1235/1235/1235
f 1231/1231/1231 1230/1230/1230 1236/1236/1236
f 1231/1231/1231 1236/1236/1236 1234/1234/1234
f 1230/1230/1230 1235/1235/1235 1236/1236/1236
f 1232/1232/1232 1234/1234/1234 1237/1237/1237
f 1233/1233/1233 1232/1232/1232 1238/1238/1238
f 1232/1232/1232 1237/1237/1237 1238/1238/1238
f 1234/1234/1234 1236/1236/1236 1239/1239/1239
f 1234/1234/1234 1239/1239/1239 1237/1237/1237
f 1235/1235/1235 1233/1233/1233 1240/1240/1240
f 1233/1233/1233 1238/1238/1238 1240/1240/1240
f 1236/1236/1236 1235/1235/1235 1241/1241/1241
f 1236/1236/1236 1241/1241/1241 1239/1239/1239
f 1235/1235/1235 1240/1240/1240 1241/1241/1241
f 1237/1237/1237 1239/1239/1239 1242/1242/1242
f 1238/1238/1238 1237/1237/1237 1243/1243/1243
f 1237/1237/1237 1242/1242/1242 1243/1243/1243
f 1239/1239/1239 1241/1241/1241 1244/1244/1244
f 1239/1239/1239 1244/1244/1244 1242/1242/1242
f 1240/1240/1240 1238/1238/1238 1245/1245/1245
f 1238/1238/1238 1243/1243/1243 1245/1245/1245
f 1241/1241/1241 1240/1240/1240 1246/1246/1246
f 1241/1241/1241 1246/1246/1246 1244/1244/1244
f 1240/1240/1240 1245/1245/1245 1246/1246/1246
f 1242/1242/1242 1244/1244/1244 1247/1247/1247
f 1243/1243/1243 1242/1242/1242 1248/1248/1248
f 1242/1242/1242 1247/1247/1247 1248/1248/1248
f 1244/1244/1244 1246/1246/1246 1249/1249/1249
f 1244/1244/1244 1249/1249/1249 1247/1247/1247
f 1245/1245/1245 1243/1243/1243 1250/1250/1250
f 1243/1243/1243 1248/1248/1248 1250/1250/1250
f 1246/1246/1246 1245/1245/1245 1251/1251/1251
f 1246/1246/1246 1251/1251/1251 1249/1249/1249
f 1245/1245/1245 1250/1250/1250 1251/1251/1251
f 1247/1247/1247 1249/1249/1249 1252/1252/1252
f 1248/1248/1248 1247/1247/1247 1253/1253/1253
f 1247/1247/1247 1252/1252/1252 1253/1253/1253
f 1249/1249/1249 1251/1251/1251 1254/1254/1254
f 1249/1249/1249 1254/1254/1254 1252/1252/1252
f 1250/1250/1250 1248/1248/1248 1255/1255/1255
f 1248/1248/1248 1253/1253/1253 1255/1255/1255
f 1251/1251/1251 1250/1250/1250 1256/1256/1256
f 1251/1251/1251 1256/1256/1256 1254/1254/1254
f 1250/1250/1250 1255/1255/1255 1256/1256/1256
f 1252/1252/1252 1254/1254/1254 1257/1257/1257
f 1253/1253/1253 1252/1252/1252 1258/1258/1258
f 1252/1252/1252 1257/1257/1257 1258/1258/1258
f 1254/1254/1254 1256/1256/1256 1259/1259/1259
f 1254/1254/1254 1259/1259/1259 1257/1257/1257
f 1255/1255/1255 1253/1253/1253 1260/1260/1260
f 1253/1253/1253 1258/1258/1258 1260/1260/1260
f 1256/1256/1256 1255/1255/1255 1261/1261/1261
f 1256/1256/1256 1261/1261/1261 1259/1259/1259
f 1255/1255/1255 1260/1260/1260 1261/1261/1261
f 1257/1257/1257 1259/1259/1259 1262/1262/1262
f 1258/1258/1258 1257/1257/1257 1263/1263/1263
f 1257/1257/1257 1262/1262/1262 1263/1263/1263
f 1259/1259/1259 1261/1261/1261 1264/1264/1264
f 1259/1259/1259 1264/1264/1264 1262/1262/1262
f 1260/1260/1260 1258/1258/1258 1265/1265/1265
f 1258/1258/1258 1263/1263/1263 1265/1265/1265
f 1261/1261/1261 1260/1260/1260 1266/1266/1266
f 1261/1261/1261 1266/1266/1266 1264/1264/1264
f 1260/1260/1260 1265/1265/1265 1266/1266/1266
f 1264/1264/1264 1267/1267/1267 1262/1262/1262
f 1262/1262/1262 1268/1268/1268 1263/1263/1263
f 1267/1267/1267 1268/1268/1268 1262/1262/1262
f 1266/1266/1266 1269/1269/1269 1264/1264/1264
f 1269/1269/1269 1267/1267/1267 1264/1264/1264
f 1263/1263/1263 1270/1270/1270 1265/1265/1265
f 1268/1268/1268 1270/1270/1270 1263/1263/1263
f 1265/1265/1265 1271/1271/1271 1266/1266/1266
f 1271/1271/1271 1269/1269/1269 1266/1266/1266
f 1270/1270/1270 1271/1271/1271 1265/1265/1265
f 1267/1267/1267 1269/1269/1269 1272/1272/1272
f 1268/1268/1268 1267/1267/1267 1273/1273/1273
f 1267/1267/1267 1272/1272/1272 1273/1273/1273
f 1269/1269/1269 1271/1271/1271 1274/1274/1274
f 1269/1269/1269 1274/1274/1274 1272/1272/1272
f 1271/1271/1271 1270/1270/1270 1275/1275/1275
f 1271/1271/1271 1275/1275/1275 1274/1274/1274
f 1270/1270/1270 1268/1268/1268 1276/1276/1276
f 1268/1268/1268 1273/1273/1273 1276/1276/1276
f 1270/1270/1270 1276/1276/1276 1275/1275/1275
f 1272/1272/1272 1274/1274/1274 1277/1277/1277
f 1273/1273/1273 1272/1272/1272 1278/1278/1278
f 1272/1272/1272 1277/1277/1277 1278/1278/1278
f 1274/1274/1274 1275/1275/1275 1279/1279/1279
f 1274/1274/1274 1279/1279/1279 1277/1277/1277
f 1275/1275/1275 1276/1276/1276 1280/1280/1280
f 1275/1275/1275 1280/1280/1280 1279/1279/1279
f 1276/1276/1276 1273/1273/1273 1281/1281/1281
f 1273/1273/1273 1278/1278/1278 1281/1281/1281
f 1276/1276/1276 1281/1281/1281 1280/1280/1280
f 1277/1277/1277 1279/1279/1279 1282/1282/1282
f 1278/1278/1278 1277/1277/1277 1283/1283/1283
f 1277/1277/1277 1282/1282/1282 1283/1283/1283
f 1279/1279/1279 1280/1280/1280 1284/1284/1284
f 1279/1279/1279 1284/1284/1284 1282/1282/1282
f 1280/1280/1280 1281/1281/1281 1285/1285/1285
f 1280/1280/1280 1285/1285/1285 1284/1284/1284
f 1281/1281/1281 1278/1278/1278 1286/1286/1286
f 1278/1278/1278 1283/1283/1283 1286/1286/1286
f 1281/1281/1281 1286/1286/1286 1285/1285/1285
f 1282/1282/1282 1284/1284/1284 1287/1287/1287
f 1283/1283/1283 1282/1282/1282 1288/1288/1288
f 1282/1282/1282 1287/1287/1287 1288/1288/1288
f 1284/1284/1284 1285/1285/1285 1289/1289/1289
f 1284/1284/1284 1289/1289/1289 1287/1287/1287
f 1285/1285/1285 1286/1286/1286 1290/1290/1290
f 1285/1285/1285 1290/1290/1290 1289/1289/1289
f 1286/1286/1286 1283/1283/1283 1291/1291/1291
f 1283/1283/1283 1288/1288/1288 1291/1291/1291
f 1286/1286/1286 1291/1291/1291 1290/1290/1290
f 1287/1287/1287 1289/1289/1289 1292/1292/1292
f 1288/1288/1288 1287/1287/1287 1293/1293/1293
f 1287/1287/1287 1292/1292/1292 1293/1293/1293
f 1289/1289/1289 1290/1290/1290 1294/1294/1294
f 1289/1289/1289 1294/1294/1294 1292/1292/1292
f 1290/1290/1290 1291/1291/1291 1295/1295/1295
f 1290/1290/1290 1295/1295/1295 1294/1294/1294
f 1291/1291/1291 1288/1288/1288 1296/1296/1296
f 1288/1288/1288 1293/1293/1293 1296/1296/1296
f 1291/1291/1291 1296/1296/1296 1295/1295/1295
f 1292/1292/1292 1294/1294/1294 1297/1297/1297
f 1293/1293/1293 1292/1292/1292 1298/1298/1298
f 1292/1292/1292 1297/1297/1297 1298/1298/1298
f 1294/1294/1294 1295/1295/1295 1299/1299/1299
f 1294/1294/1294 1299/1299/1299 1297/1297/1297
f 1295/1295/1295 1296/1296/1296 1300/1300/1300
f 1295/1295/1295 1300/1300/1300 1299/1299/1299
f 1296/1296/1296 1293/1293/1293 1301/1301/1301
f 1293/1293/1293 1298/1298/1298 1301/1301/1301
f 1296/1296/1296 1301/1301/1301 1300/1300/1300
f 1297/1297/1297 1299/1299/1299 1302/1302/1302
f 1298/1298/1298 1297/1297/1297 1303/1303/1303
f 1297/1297/1297 1302/1302/1302 1303/1303/1303
f 1299/1299/1299 1300/1300/1300 1304/1304/1304
f 1299/1299/1299 1304/1304/1304 1302/1302/1302
f 1300/1300/1300 1301/1301/1301 1305/1305/1305
f 1300/1300/1300 1305/1305/1305 1304/1304/1304
f 1301/1301/1301 1298/1298/1298 1306/1306/1306
f 1298/1298/1298 1303/1303/1303 1306/1306/1306
f 1301/1301/1301 1306/1306/1306 1305/1305/1305
f 1302/1302/1302 1304/1304/1304 1307/1307/1307
f 1303/1303/1303 1302/1302/1302 1308/1308/1308
f 1302/1302/1302 1307/1307/1307 1308/1308/1308
f 1304/1304/1304 1305/1305/1305 1309/1309/1309
f 1304/1304/1304 1309/1309/1309 1307/1307/1307
f 1305/1305/1305 1306/1306/1306 1310/1310/1310
f 1305/1305/1305 1310/1310/1310 1309/1309/1309
f 1306/1306/1306 1303/1303/1303 1311/1311/1311
f 1303/1303/1303 1308/1308/1308 1311/1311/1311
f 1306/1306/1306 1311/1311/1311 1310/1310/1310
f 1307/1307/1307 1309/1309/1309 1312/1312/1312
f 1308/1308/1308 1307/1307/1307 1313/1313/1313
f 1307/1307/1307 1312/1312/1312 1313/1313/1313
f 1309/1309/1309 1310/1310/1310 1314/1314/1314
f 1309/1309/1309 1314/1314/1314 1312/1312/1312
f 1310/1310/1310 1311/1311/1311 1315/1315/1315
f 1310/1310/1310 1315/1315/1315 1314/1314/1314
f 1311/1311/1311 1308/1308/1308 1316/1316/1316
f 1308/1308/1308 1313/1313/1313 1316/1316/1316
f 1311/1311/1311 1316/1316/1316 1315/1315/1315
f 1312/1312/1312 1314/1314/1314 1317/1317/1317
f 1313/1313/1313 1312/1312/1312 1318/1318/1318
f 1312/1312/1312 1317/1317/1317 1318/1318/1318
f 1314/1314/1314 1315/1315/1315 1319/1319/1319
f 1314/1314/1314 1319/1319/1319 1317/1317/1317
f 1315/1315/1315 1316/1316/1316 1320/1320/1320
f 1315/1315/1315 1320/1320/1320 1319/1319/1319
f 1316/1316/1316 1313/1313/1313 1321/1321/1321
f 1313/1313/1313 1318/1318/1318 1321/1321/1321
f 1316/1316/1316 1321/1321/1321 1320/1320/1320
f 1317/1317/1317 1319/1319/1319 1322/1322/1322
f 1318/1318/1318 1317/1317/1317 1323/1323/1323
f 1317/1317/1317 1322/1322/1322 1323/1323/1323
f 1319/1319/1319 1320/1320/1320 1324/1324/1324
f 1319/1319/1319 1324/1324/1324 1322/1322/1322
f 1320/1320/1320 1321/1321/1321 1325/1325/1325
f 1320/1320/1320 1325/1325/1325 1324/1324/1324
f 1321/1321/1321 1318/1318/1318 1326/1326/1326
f 1318/1318/1318 1323/1323/1323 1326/1326/1326
f 1321/1321/1321 1326/1326/1326 1325/1325/1325
f 1322/1322/1322 1324/1324/1324 1327/1327/1327
f 1323/1323/1323 1322/1322/1322 1328/1328/1328
f 1322/1322/1322 1327/1327/1327 1328/1328/1328
f 1324/1324/1324 1325/1325/1325 1329/1329/1329
f 1324/1324/1324 1329/1329/1329 1327/1327/1327
f 1325/1325/1325 1326/1326/1326 1330/1330/1330
f 1325/1325/1325 1330/1330/1330 1329/1329/1329
f 1326/1326/1326 1323/1323/1323 1331/1331/1331
f 1323/1323/1323 1328/1328/1328 1331/1331/1331
f 1326/1326/1326 1331/1331/1331 1330/1330/1330
f 1327/1327/1327 1329/1329/1329 1332/1332/1332
f 1328/1328/1328 1327/1327/1327 1333/1333/1333
f 1327/1327/1327 1332/1332/1332 1333/1333/1333
f 1329/1329/1329 1330/1330/1330 1334/1334/1334
f 1329/1329/1329 1334/1334/1334 1332/1332/1332
f 1330/1330/1330 1331/1331/1331 1335/1335/1335
f 1330/1330/1330 1335/1335/1335 1334/1334/1334
f 1331/1331/1331 1328/1328/1328 1336/1336/1336
f 1328/1328/1328 1333/1333/1333 1336/1336/1336
f 1331/1331/1331 1336/1336/1336 1335/1335/1335
f 1332/1332/1332 1334/1334/1334 1337/1337/1337
f 1333/1333/1333 1332/1332/1332 1338/1338/1338
f 1332/1332/1332 1337/1337/1337 1338/1338/1338
f 1334/1334/1334 1335/1335/1335 1339/1339/1339
f 1334/1334/1334 1339/1339/1339 1337/1337/1337
f 1335/1335/1335 1336/1336/1336 1340/1340/1340
f 1335/1335/1335 1340/1340/1340 1339/1339/1339
f 1336/1336/1336 1333/1333/1333 1341/1341/1341
f 1333/1333/1333 1338/1338/1338 1341/1341/1341
f 1336/1336/1336 1341/1341/1341 1340/1340/1340
f 1337/1337/1337 1339/1339/1339 1342/1342/1342
f 1338/1338/1338 1337/1337/1337 1343/1343/1343
f 1337/1337/1337 1342/1342/1342 1343/1343/1343
f 1339/1339/1339 1340/1340/1340 1344/1344/1344
f 1339/1339/1339 1344/1344/1344 1342/1342/1342
f 1340/1340/1340 1341/1341/1341 1345/1345/1345
f 1340/1340/1340 1345/1345/1345 1344/1344/1344
f 1341/1341/1341 1338/1338/1338 1346/1346/1346
f 1338/1338/1338 1343/1343/1343 1346/1346/1346
f 1341/1341/1341 1346/1346/1346 1345/1345/1345
f 1342/1342/1342 1344/1344/1344 1347/1347/1347
f 1343/1343/1343 1342/1342/1342 1348/1348/1348
f 1342/1342/1342 1347/1347/1347 1348/1348/1348
f 1344/1344/1344 1345/1345/1345 1349/1349/1349
f 1344/1344/1344 1349/1349/1349 1347/1347/1347
f 1345/1345/1345 1346/1346/1346 1350/1350/1350
f 1345/1345/1345 1350/1350/1350 1349/1349/1349
f 1346/1346/1346 1343/1343/1343 1351/1351/1351
f 1343/1343/1343 1348/1348/1348 1351/1351/1351
f 1346/1346/1346 1351/1351/1351 1350/1350/1350
f 1347/1347/1347 1349/1349/1349 1352/1352/1352
f 1348/1348/1348 1347/1347/1347 1353/1353/1353
f 1347/1347/1347 1352/1352/1352 1353/1353/1353
f 1349/1349/1349 1350/1350/1350 1354/1354/1354
f 1349/1349/1349 1354/1354/1354 1352/1352/1352
f 1350/1350/1350 1351/1351/1351 1355/1355/1355
f 1350/1350/1350 1355/1355/1355 1354/1354/1354
f 1351/1351/1351 1348/1348/1348 1356/1356/1356
f 1348/1348/1348 1353/1353/1353 1356/1356/1356
f 1351/1351/1351 1356/1356/1356 1355/1355/1355
f 1352/1352/1352 1354/1354/1354 1357/1357/1357
f 1353/1353/1353 1352/1352/1352 1358/1358/1358
f 1352/1352/1352 1357/1357/1357 1358/1358/1358
f 1354/1354/1354 1355/1355/1355 1359/1359/1359
f 1354/1354/1354 1359/1359/1359 1357/1357/1357
f 1355/1355/1355 1356/1356/1356 1360/1360/1360
f 1355/1355/1355 1360/1360/1360 1359/1359/1359
f 1356/1356/1356 1353/1353/1353 1361/1361/1361
f 1353/1353/1353 1358/1358/1358 1361/1361/1361
f 1356/1356/1356 1361/1361/1361 1360/1360/1360
f 1357/1357/1357 1359/1359/1359 1362/1362/1362
f 1358/1358/1358 1357/1357/1357 1363/1363/1363
f 1357/1357/1357 1362/1362/1362 1363/1363/1363
f 1359/1359/1359 1360/1360/1360 1364/1364/1364
f 1359/1359/1359 1364/1364/1364 1362/1362/1362
f 1360/1360/1360 1361/1361/1361 1365/1365/1365
f 1360/1360/1360 1365/1365/1365 1364/1364/1364
f 1361/1361/1361 1358/1358/1358 1366/1366/1366
f 1358/1358/1358 1363/1363/1363 1366/1366/1366
f 1361/1361/1361 1366/1366/1366 1365/1365/1365
f 1362/1362/1362 1364/1364/1364 1367/1367/1367
f 1363/1363/1363 1362/1362/1362 1368/1368/1368
f 1362/1362/1362 1367/1367/1367 1368/1368/1368
f 1364/1364/1364 1365/1365/1365 1369/1369/1369
f 1364/1364/1364 1369/1369/1369 1367/1367/1367
f 1365/1365/1365 1366/1366/1366 1370/1370/1370
f 1365/1365/1365 1370/1370/1370 1369/1369/1369
f 1366/1366/1366 1363/1363/1363 1371/1371/1371
f 1363/1363/1363 1368/1368/1368 1371/1371/1371
f 1366/1366/1366 1371/1371/1371 1370/1370/1370
f 1367/1367/1367 1369/1369/1369 1372/1372/1372
f 1368/1368/1368 1367/1367/1367 1373/1373/1373
f 1373/1373/1373 1367/1367/1367 1372/1372/1372
f 1369/1369/1369 1370/1370/1370 1374/1374/1374
f 1372/1372/1372 1369/1369/1369 1374/1374/1374
f 1370/1370/1370 1371/1371/1371 1375/1375/1375
f 1374/1374/1374 1370/1370/1370 1375/1375/1375
f 1371/1371/1371 1368/1368/1368 1376/1376/1376
f 1376/1376/1376 1368/1368/1368 1373/1373/1373
f 1375/1375/1375 1371/1371/1371 1376/1376/1376
f 1372/1372/1372 1374/1374/1374 1377/1377/1377
f 1373/1373/1373 1372/1372/1372 1378/1378/1378
f 1372/1372/1372 1377/1377/1377 1378/1378/1378
f 1376/1376/1376 1373/1373/1373 1379/1379/1379
f 1373/1373/1373 1378/1378/1378 1379/1379/1379
f 1374/1374/1374 1375/1375/1375 1380/1380/1380
f 1374/1374/1374 1380/1380/1380 1377/1377/1377
f 1375/1375/1375 1376/1376/1376 1381/1381/1381
f 1376/1376/1376 1379/1379/1379 1381/1381/1381
f 1375/1375/1375 1381/1381/1381 1380/1380/1380
f 1378/1378/1378 1377/1377/1377 1382/1382/1382
f 1377/1377/1377 1383/1383/1383 1382/1382/1382
f 1377/1377/1377 1380/1380/1380 1383/1383/1383
f 1380/1380/1380 1384/1384/1384 1383/1383/1383
f 1380/1380/1380 1381/1381/1381 1384/1384/1384
f 1378/1378/1378 1382/1382/1382 1385/1385/1385
f 1379/1379/1379 1378/1378/1378 1385/1385/1385
f 1381/1381/1381 1386/1386/1386 1384/1384/1384
f 1381/1381/1381 1379/1379/1379 1386/1386/1386
f 1379/1379/1379 1385/1385/1385 1386/1386/1386
f 1387/1387/1387 1386/1386/1386 1385/1385/1385
f 1390/1390/1390 1389/1389/1389 1388/1388/1388
f 1388/1388/1388 1389/1389/1389 1391/1391/1391
f 1394/1394/1394 1393/1393/1393 1392/1392/1392
f 1393/1393/1393 1395/1395/1395 1392/1392/1392
f 1395/1395/1395 1393/1393/1393 1396/1396/1396
f 1395/1395/1395 1396/1396/1396 1397/1397/1397
f 1396/1396/1396 1398/1398/1398 1397/1397/1397
f 1396/1396/1396 1399/1399/1399 1398/1398/1398
f 1395/1395/1395 1397/1397/1397 1400/1400/1400
f 1401/1401/1401 1395/1395/1395 1400/1400/1400
f 1399/1399/1399 1402/1402/1402 1398/1398/1398
f 1399/1399/1399 1403/1403/1403 1402/1402/1402
f 1403/1403/1403 1401/1401/1401 1404/1404/1404
f 1401/1401/1401 1400/1400/1400 1404/1404/1404
f 1403/1403/1403 1404/1404/1404 1402/1402/1402
f 1397/1397/1397 1398/1398/1398 1405/1405/1405
f 1400/1400/1400 1397/1397/1397 1406/1406/1406
f 1397/1397/1397 1405/1405/1405 1406/1406/1406
f 1398/1398/1398 1402/1402/1402 1407/1407/1407
f 1398/1398/1398 1407/1407/1407 1405/1405/1405
f 1404/1404/1404 1400/1400/1400 1408/1408/1408
f 1400/1400/1400 1406/1406/1406 1408/1408/1408
f 1402/1402/1402 1404/1404/1404 1409/1409/1409
f 1402/1402/1402 1409/1409/1409 1407/1407/1407
f 1404/1404/1404 1408/1408/1408 1409/1409/1409
f 1405/1405/1405 1407/1407/1407 1410/1410/1410
f 1406/1406/1406 1405/1405/1405 1411/1411/1411
f 1405/1405/1405 1410/1410/1410 1411/1411/1411
f 1407/1407/1407 1409/1409/1409 1412/1412/1412
f 1407/1407/1407 1412/1412/1412 1410/1410/1410
f 1408/1408/1408 1406/1406/1406 1413/1413/1413
f 1406/1406/1406 1411/1411/1411 1413/1413/1413
f 1409/1409/1409 1408/1408/1408 1414/1414/1414
f 1409/1409/1409 1414/1414/1414 1412/1412/1412
f 1408/1408/1408 1413/1413/1413 1414/1414/1414
f 1410/1410/1410 1412/1412/1412 1415/1415/1415
f 1411/1411/1411 1410/1410/1410 1416/1416/1416
f 1410/1410/1410 1415/1415/1415 1416/1416/1416
f 1412/1412/1412 1414/1414/1414 1417/1417/1417
f 1412/1412/1412 1417/1417/1417 1415/1415/1415
f 1413/1413/1413 1411/1411/1411 1418/1418/1418
f 1411/1411/1411 1416/1416/1416 1418/1418/1418
f 1414/1414/1414 1413/1413/1413 1419/1419/1419
f 1414/1414/1414 1419/1419/1419 1417/1417/1417
f 1413/1413/1413 1418/1418/1418 1419/1419/1419
f 1415/1415/1415 1417/1417/1417 1420/1420/1420
f 1416/1416/1416 1415/1415/1415 1421/1421/1421
f 1415/1415/1415 1420/1420/1420 1421/1421/1421
f 1417/1417/1417 1419/1419/1419 1422/1422/1422
f 1417/1417/1417 1422/1422/1422 1420/1420/1420
f 1418/1418/1418 1416/1416/1416 1423/1423/1423
f 1416/1416/1416 1421/1421/1421 1423/1423/1423
f 1419/1419/1419 1418/1418/1418 1424/1424/1424
f 1419/1419/1419 1424/1424/1424 1422/1422/1422
f 1418/1418/1418 1423/1423/1423 1424/1424/1424
f 1420/1420/1420 1422/1422/1422 1425/1425/1425
f 1421/1421/1421 1420/1420/1420 1426/1426/1426
f 1420/1420/1420 1425/1425/1425 1426/1426/1426
f 1422/1422/1422 1424/1424/1424 1427/1427/1427
f 1422/1422/1422 1427/1427/1427 1425/1425/1425
f 1423/1423/1423 1421/1421/1421 1428/1428/1428
f 1421/1421/1421 1426/1426/1426 1428/1428/1428
f 1424/1424/1424 1423/1423/1423 1429/1429/1429
f 1424/1424/1424 1429/1429/1429 1427/1427/1427
f 1423/1423/1423 1428/1428/1428 1429/1429/1429
f 1425/1425/1425 1427/1427/1427 1430/1430/1430
f 1426/1426/1426 1425/1425/1425 1431/1431/1431
f 1425/1425/1425 1430/1430/1430 1431/1431/1431
f 1427/1427/1427 1429/1429/1429 1432/1432/1432
f 1427/1427/1427 1432/1432/1432 1430/1430/1430
f 1428/1428/1428 1426/1426/1426 1433/1433/1433
f 1426/1426/1426 1431/1431/1431 1433/1433/1433
f 1429/1429/1429 1428/1428/1428 1434/1434/1434
f 1429/1429/1429 1434/1434/1434 1432/1432/1432
f 1428/1428/1428 1433/1433/1433 1434/1434/1434
f 1430/1430/1430 1432/1432/1432 1435/1435/1435
f 1431/1431/1431 1430/1430/1430 1436/1436/1436
f 1430/1430/1430 1435/1435/1435 1436/1436/1436
f 1432/1432/1432 1434/1434/1434 1437/1437/1437
f 1432/1432/1432 1437/1437/1437 1435/1435/1435
f 1433/1433/1433 1431/1431/1431 1438/1438/1438
f 1431/1431/1431 1436/1436/1436 1438/1438/1438
f 1434/1434/1434 1433/1433/1433 1439/1439/1439
f 1434/1434/1434 1439/1439/1439 1437/1437/1437
f 1433/1433/1433 1438/1438/1438 1439/1439/1439
f 1435/1435/1435 1437/1437/1437 1440/1440/1440
f 1436/1436/1436 1435/1435/1435 1441/1441/1441
f 1435/1435/1435 1440/1440/1440 1441/1441/1441
f 1437/1437/1437 1439/1439/1439 1442/1442/1442
f 1437/1437/1437 1442/1442/1442 1440/1440/1440
f 1438/1438/1438 1436/1436/1436 1443/1443/1443
f 1436/1436/1436 1441/1441/1441 1443/1443/1443
f 1439/1439/1439 1438/1438/1438 1444/1444/1444
f 1439/1439/1439 1444/1444/1444 1442/1442/1442
f 1438/1438/1438 1443/1443/1443 1444/1444/1444
f 1440/1440/1440 1442/1442/1442 1445/1445/1445
f 1441/1441/1441 1440/1440/1440 1446/1446/1446
f 1440/1440/1440 1445/1445/1445 1446/1446/1446
f 1442/1442/1442 1444/1444/1444 1447/1447/1447
f 1442/1442/1442 1447/1447/1447 1445/1445/1445
f 1443/1443/1443 1441/1441/1441 1448/1448/1448
f 1441/1441/1441 1446/1446/1446 1448/1448/1448
f 1444/1444/1444 1443/1443/1443 1449/1449/1449
f 1444/1444/1444 1449/1449/1449 1447/1447/1447
f 1443/1443/1443 1448/1448/1448 1449/1449/1449
f 1445/1445/1445 1447/1447/1447 1450/1450/1450
f 1446/1446/1446 1445/1445/1445 1451/1451/1451
f 1445/1445/1445 1450/1450/1450 1451/1451/1451
f 1447/1447/1447 1449/1449/1449 1452/1452/1452
f 1447/1447/1447 1452/1452/1452 1450/1450/1450
f 1448/1448/1448 1446/1446/1446 1453/1453/1453
f 1446/1446/1446 1451/1451/1451 1453/1453/1453
f 1449/1449/1449 1448/1448/1448 1454/1454/1454
f 1449/1449/1449 1454/1454/1454 1452/1452/1452
f 1448/1448/1448 1453/1453/1453 1454/1454/1454
f 1450/1450/1450 1452/1452/1452 1455/1455/1455
f 1451/1451/1451 1450/1450/1450 1456/1456/1456
f 1450/1450/1450 1455/1455/1455 1456/1456/1456
f 1452/1452/1452 1454/1454/1454 1457/1457/1457
f 1452/1452/1452 1457/1457/1457 1455/1455/1455
f 1453/1453/1453 1451/1451/1451 1458/1458/1458
f 1451/1451/1451 1456/1456/1456 1458/1458/1458
f 1454/1454/1454 1453/1453/1453 1459/1459/1459
f 1454/1454/1454 1459/1459/1459 1457/1457/1457
f 1453/1453/1453 1458/1458/1458 1459/1459/1459
f 1455/1455/1455 1457/1457/1457 1460/1460/1460
f 1456/1456/1456 1455/1455/1455 1461/1461/1461
f 1455/1455/1455 1460/1460/1460 1461/1461/1461
f 1457/1457/1457 1459/1459/1459 1462/1462/1462
f 1457/1457/1457 1462/1462/1462 1460/1460/1460
f 1458/1458/1458 1456/1456/1456 1463/1463/1463
f 1456/1456/1456 1461/1461/1461 1463/1463/1463
f 1459/1459/1459 1458/1458/1458 1464/1464/1464
f 1459/1459/1459 1464/1464/1464 1462/1462/1462
f 1458/1458/1458 1463/1463/1463 1464/1464/1464
f 1460/1460/1460 1462/1462/1462 1465/1465/1465
f 1461/1461/1461 1460/1460/1460 1466/1466/1466
f 1460/1460/1460 1465/1465/1465 1466/1466/1466
f 1462/1462/1462 1464/1464/1464 1467/1467/1467
f 1462/1462/1462 1467/1467/1467 1465/1465/1465
f 1463/1463/1463 1461/1461/1461 1468/1468/1468
f 1461/1461/1461 1466/1466/1466 1468/1468/1468
f 1464/1464/1464 1463/1463/1463 1469/1469/1469
f 1464/1464/1464 1469/1469/1469 1467/1467/1467
f 1463/1463/1463 1468/1468/1468 1469/1469/1469
f 1465/1465/1465 1467/1467/1467 1470/1470/1470
f 1466/1466/1466 1465/1465/1465 1471/1471/1471
f 1465/1465/1465 1470/1470/1470 1471/1471/1471
f 1467/1467/1467 1469/1469/1469 1472/1472/1472
f 1467/1467/1467 1472/1472/1472 1470/1470/1470
f 1468/1468/1468 1466/1466/1466 1473/1473/1473
f 1466/1466/1466 1471/1471/1471 1473/1473/1473
f 1469/1469/1469 1468/1468/1468 1474/1474/1474
f 1469/1469/1469 1474/1474/1474 1472/1472/1472
f 1468/1468/1468 1473/1473/1473 1474/1474/1474
f 1470/1470/1470 1472/1472/1472 1475/1475/1475
f 1471/1471/1471 1470/1470/1470 1476/1476/1476
f 1470/1470/1470 1475/1475/1475 1476/1476/1476
f 1472/1472/1472 1474/1474/1474 1477/1477/1477
f 1472/1472/1472 1477/1477/1477 1475/1475/1475
f 1473/1473/1473 1471/1471/1471 1478/1478/1478
f 1471/1471/1471 1476/1476/1476 1478/1478/1478
f 1474/1474/1474 1473/1473/1473 1479/1479/1479
f 1474/1474/1474 1479/1479/1479 1477/1477/1477
f 1473/1473/1473 1478/1478/1478 1479/1479/1479
f 1475/1475/1475 1477/1477/1477 1480/1480/1480
f 1476/1476/1476 1475/1475/1475 1481/1481/1481
f 1475/1475/1475 1480/1480/1480 1481/1481/1481
f 1477/1477/1477 1479/1479/1479 1482/1482/1482
f 1477/1477/1477 1482/1482/1482 1480/1480/1480
f 1478/1478/1478 1476/1476/1476 1483/1483/1483
f 1476/1476/1476 1481/1481/1481 1483/1483/1483
f 1479/1479/1479 1478/1478/1478 1484/1484/1484
f 1479/1479/1479 1484/1484/1484 1482/1482/1482
f 1478/1478/1478 1483/1483/1483 1484/1484/1484
f 1480/1480/1480 1482/1482/1482 1485/1485/1485
f 1481/1481/1481 1480/1480/1480 1486/1486/1486
f 1480/1480/1480 1485/1485/1485 1486/1486/1486
f 1482/1482/1482 1484/1484/1484 1487/1487/1487
f 1482/1482/1482 1487/1487/1487 1485/1485/1485
f 1483/1483/1483 1481/1481/1481 1488/1488/1488
f 1481/1481/1481 1486/1486/1486 1488/1488/1488
f 1484/1484/1484 1483/1483/1483 1489/1489/1489
f 1484/1484/1484 1489/1489/1489 1487/1487/1487
f 1483/1483/1483 1488/1488/1488 1489/1489/1489
f 1485/1485/1485 1487/1487/1487 1490/1490/1490
f 1486/1486/1486 1485/1485/1485 1491/1491/1491
f 1485/1485/1485 1490/1490/1490 1491/1491/1491
f 1487/1487/1487 1489/1489/1489 1492/1492/1492
f 1487/1487/1487 1492/1492/1492 1490/1490/1490
f 1488/1488/1488 1486/1486/1486 1493/1493/1493
f 1486/1486/1486 1491/1491/1491 1493/1493/1493
f 1489/1489/1489 1488/1488/1488 1494/1494/1494
f 1489/1489/1489 1494/1494/1494 1492/1492/1492
f 1488/1488/1488 1493/1493/1493 1494/1494/1494
f 1490/1490/1490 1492/1492/1492 1495/1495/1495
f 1491/1491/1491 1490/1490/1490 1496/1496/1496
f 1490/1490/1490 1495/1495/1495 1496/1496/1496
f 1492/1492/1492 1494/1494/1494 1497/1497/1497
f 1492/1492/1492 1497/1497/1497 1495/1495/1495
f 1493/1493/1493 1491/1491/1491 1498/1498/1498
f 1491/1491/1491 1496/1496/1496 1498/1498/1498
f 1494/1494/1494 1493/1493/1493 1499/1499/1499
f 1494/1494/1494 1499/1499/1499 1497/1497/1497
f 1493/1493/1493 1498/1498/1498 1499/1499/1499
f 1495/1495/1495 1497/1497/1497 1500/1500/1500
f 1496/1496/1496 1495/1495/1495 1501/1501/1501
f 1495/1495/1495 1500/1500/1500 1501/1501/1501
f 1497/1497/1497 1499/1499/1499 1502/1502/1502
f 1497/1497/1497 1502/1502/1502 1500/1500/1500
f 1498/1498/1498 1496/1496/1496 1503/1503/1503
f 1496/1496/1496 1501/1501/1501 1503/1503/1503
f 1499/1499/1499 1498/1498/1498 1504/1504/1504
f 1499/1499/1499 1504/1504/1504 1502/1502/1502
f 1498/1498/1498 1503/1503/1503 1504/1504/1504
f 1500/1500/1500 1502/1502/1502 1505/1505/1505
f 1501/1501/1501 1500/1500/1500 1506/1506/1506
f 1500/1500/1500 1505/1505/1505 1506/1506/1506
f 1502/1502/1502 1504/1504/1504 1507/1507/1507
f 1502/1502/1502 1507/1507/1507 1505/1505/1505
f 1503/1503/1503 1501/1501/1501 1508/1508/1508
f 1501/1501/1501 1506/1506/1506 1508/1508/1508
f 1504/1504/1504 1503/1503/1503 1509/1509/1509
f 1504/1504/1504 1509/1509/1509 1507/1507/1507
f 1503/1503/1503 1508/1508/1508 1509/1509/1509
f 1505/1505/1505 1507/1507/1507 1510/1510/1510
f 1506/1506/1506 1505/1505/1505 1511/1511/1511
f 1505/1505/1505 1510/1510/1510 1511/1511/1511
f 1507/1507/1507 1509/1509/1509 1512/1512/1512
f 1507/1507/1507 1512/1512/1512 1510/1510/1510
f 1508/1508/1508 1506/1506/1506 1513/1513/1513
f 1506/1506/1506 1511/1511/1511 1513/1513/1513
f 1509/1509/1509 1508/1508/1508 1514/1514/1514
f 1509/1509/1509 1514/1514/1514 1512/1512/1512
f 1508/1508/1508 1513/1513/1513 1514/1514/1514
f 1510/1510/1510 1512/1512/1512 1515/1515/1515
f 1511/1511/1511 1510/1510/1510 1516/1516/1516
f 1510/1510/1510 1515/1515/1515 1516/1516/1516
f 1512/1512/1512 1514/1514/1514 1517/1517/1517
f 1512/1512/1512 1517/1517/1517 1515/1515/1515
f 1513/1513/1513 1511/1511/1511 1518/1518/1518
f 1511/1511/1511 1516/1516/1516 1518/1518/1518
f 1514/1514/1514 1513/1513/1513 1519/1519/1519
f 1514/1514/1514 1519/1519/1519 1517/1517/1517
f 1513/1513/1513 1518/1518/1518 1519/1519/1519
f 1515/1515/1515 1517/1517/1517 1520/1520/1520
f 1516/1516/1516 1515/1515/1515 1521/1521/1521
f 1515/1515/1515 1520/1520/1520 1521/1521/1521
f 1517/1517/1517 1519/1519/1519 1522/1522/1522
f 1517/1517/1517 1522/1522/1522 1520/1520/1520
f 1518/1518/1518 1516/1516/1516 1523/1523/1523
f 1516/1516/1516 1521/1521/1521 1523/1523/1523
f 1519/1519/1519 1518/1518/1518 1524/1524/1524
f 1519/1519/1519 1524/1524/1524 1522/1522/1522
f 1518/1518/1518 1523/1523/1523 1524/1524/1524
f 1520/1520/1520 1522/1522/1522 1525/1525/1525
f 1521/1521/1521 1520/1520/1520 1526/1526/1526
f 1520/1520/1520 1525/1525/1525 1526/1526/1526
f 1522/1522/1522 1524/1524/1524 1527/1527/1527
f 1522/1522/1522 1527/1527/1527 1525/1525/1525
f 1523/1523/1523 1521/1521/1521 1528/1528/1528
f 1521/1521/1521 1526/1526/1526 1528/1528/1528
f 1524/1524/1524 1523/1523/1523 1529/1529/1529
f 1524/1524/1524 1529/1529/1529 1527/1527/1527
f 1523/1523/1523 1528/1528/1528 1529/1529/1529
f 1525/1525/1525 1527/1527/1527 1530/1530/1530
f 1526/1526/1526 1525/1525/1525 1531/1531/1531
f 1525/1525/1525 1530/1530/1530 1531/1531/1531
f 1527/1527/1527 1529/1529/1529 1532/1532/1532
f 1527/1527/1527 1532/1532/1532 1530/1530/1530
f 1528/1528/1528 1526/1526/1526 1533/1533/1533
f 1526/1526/1526 1531/1531/1531 1533/1533/1533
f 1529/1529/1529 1528/1528/1528 1534/1534/1534
f 1529/1529/1529 1534/1534/1534 1532/1532/1532
f 1528/1528/1528 1533/1533/1533 1534/1534/1534
f 1530/1530/1530 1532/1532/1532 1535/1535/1535
f 1531/1531/1531 1530/1530/1530 1536/1536/1536
f 1530/1530/1530 1535/1535/1535 1536/1536/1536
f 1532/1532/1532 1534/1534/1534 1537/1537/1537
f 1532/1532/1532 1537/1537/1537 1535/1535/1535
f 1533/1533/1533 1531/1531/1531 1538/1538/1538
f 1531/1531/1531 1536/1536/1536 1538/1538/1538
f 1534/1534/1534 1533/1533/1533 1539/1539/1539
f 1534/1534/1534 1539/1539/1539 1537/1537/1537
f 1533/1533/1533 1538/1538/1538 1539/1539/1539
f 1535/1535/1535 1537/1537/1537 1540/1540/1540
f 1536/1536/1536 1535/1535/1535 1541/1541/1541
f 1535/1535/1535 1540/1540/1540 1541/1541/1541
f 1537/1537/1537 1539/1539/1539 1542/1542/1542
f 1537/1537/1537 1542/1542/1542 1540/1540/1540
f 1538/1538/1538 1536/1536/1536 1543/1543/1543
f 1536/1536/1536 1541/1541/1541 1543/1543/1543
f 1539/1539/1539 1538/1538/1538 1544/1544/1544
f 1539/1539/1539 1544/1544/1544 1542/1542/1542
f 1538/1538/1538 1543/1543/1543 1544/1544/1544
f 1540/1540/1540 1542/1542/1542 1545/1545/1545
f 1541/1541/1541 1540/1540/1540 1546/1546/1546
f 1540/1540/1540 1545/1545/1545 1546/1546/1546
f 1542/1542/1542 1544/1544/1544 1547/1547/1547
f 1542/1542/1542 1547/1547/1547 1545/1545/1545
f 1543/1543/1543 1541/1541/1541 1548/1548/1548
f 1541/1541/1541 1546/1546/1546 1548/1548/1548
f 1544/1544/1544 1543/1543/1543 1549/1549/1549
f 1544/1544/1544 1549/1549/1549 1547/1547/1547
f 1543/1543/1543 1548/1548/1548 1549/1549/1549
f 1545/1545/1545 1547/1547/1547 1550/1550/1550
f 1546/1546/1546 1545/1545/1545 1551/1551/1551
f 1545/1545/1545 1550/1550/1550 1551/1551/1551
f 1547/1547/1547 1549/1549/1549 1552/1552/1552
f 1547/1547/1547 1552/1552/1552 1550/1550/1550
f 1548/1548/1548 1546/1546/1546 1553/1553/1553
f 1546/1546/1546 1551/1551/1551 1553/1553/1553
f 1549/1549/1549 1548/1548/1548 1554/1554/1554
f 1549/1549/1549 1554/1554/1554 1552/1552/1552
f 1548/1548/1548 1553/1553/1553 1554/1554/1554
f 1550/1550/1550 1552/1552/1552 1555/1555/1555
f 1551/1551/1551 1550/1550/1550 1556/1556/1556
f 1550/1550/1550 1555/1555/1555 1556/1556/1556
f 1552/1552/1552 1554/1554/1554 1557/1557/1557
f 1552/1552/1552 1557/1557/1557 1555/1555/1555
f 1553/1553/1553 1551/1551/1551 1558/1558/1558
f 1551/1551/1551 1556/1556/1556 1558/1558/1558
f 1554/1554/1554 1553/1553/1553 1559/1559/1559
f 1554/1554/1554 1559/1559/1559 1557/1557/1557
f 1553/1553/1553 1558/1558/1558 1559/1559/1559
f 1555/1555/1555 1557/1557/1557 1560/1560/1560
f 1556/1556/1556 1555/1555/1555 1561/1561/1561
f 1555/1555/1555 1560/1560/1560 1561/1561/1561
f 1557/1557/1557 1559/1559/1559 1562/1562/1562
f 1557/1557/1557 1562/1562/1562 1560/1560/1560
f 1558/1558/1558 1556/1556/1556 1563/1563/1563
f 1556/1556/1556 1561/1561/1561 1563/1563/1563
f 1559/1559/1559 1558/1558/1558 1564/1564/1564
f 1559/1559/1559 1564/1564/1564 1562/1562/1562
f 1558/1558/1558 1563/1563/1563 1564/1564/1564
f 1560/1560/1560 1562/1562/1562 1565/1565/1565
f 1561/1561/1561 1560/1560/1560 1566/1566/1566
f 1560/1560/1560 1565/1565/1565 1566/1566/1566
f 1562/1562/1562 1564/1564/1564 1567/1567/1567
f 1562/1562/1562 1567/1567/1567 1565/1565/1565
f 1563/1563/1563 1561/1561/1561 1568/1568/1568
f 1561/1561/1561 1566/1566/1566 1568/1568/1568
f 1564/1564/1564 1563/1563/1563 1569/1569/1569
f 1564/1564/1564 1569/1569/1569 1567/1567/1567
f 1563/1563/1563 1568/1568/1568 1569/1569/1569
f 1565/1565/1565 1567/1567/1567 1570/1570/1570
f 1566/1566/1566 1565/1565/1565 1571/1571/1571
f 1565/1565/1565 1570/1570/1570 1571/1571/1571
f 1567/1567/1567 1569/1569/1569 1572/1572/1572
f 1567/1567/1567 1572/1572/1572 1570/1570/1570
f 1568/1568/1568 1566/1566/1566 1573/1573/1573
f 1566/1566/1566 1571/1571/1571 1573/1573/1573
f 1569/1569/1569 1568/1568/1568 1574/1574/1574
f 1569/1569/1569 1574/1574/1574 1572/1572/1572
f 1568/1568/1568 1573/1573/1573 1574/1574/1574
f 1570/1570/1570 1572/1572/1572 1575/1575/1575
f 1571/1571/1571 1570/1570/1570 1576/1576/1576
f 1570/1570/1570 1575/1575/1575 1576/1576/1576
f 1572/1572/1572 1574/1574/1574 1577/1577/1577
f 1572/1572/1572 1577/1577/1577 1575/1575/1575
f 1573/1573/1573 1571/1571/1571 1578/1578/1578
f 1571/1571/1571 1576/1576/1576 1578/1578/1578
f 1574/1574/1574 1573/1573/1573 1579/1579/1579
f 1574/1574/1574 1579/1579/1579 1577/1577/1577
f 1573/1573/1573 1578/1578/1578 1579/1579/1579
f 1575/1575/1575 1577/1577/1577 1580/1580/1580
f 1576/1576/1576 1575/1575/1575 1581/1581/1581
f 1575/1575/1575 1580/1580/1580 1581/1581/1581
f 1577/1577/1577 1579/1579/1579 1582/1582/1582
f 1577/1577/1577 1582/1582/1582 1580/1580/1580
f 1578/1578/1578 1576/1576/1576 1583/1583/1583
f 1576/1576/1576 1581/1581/1581 1583/1583/1583
f 1579/1579/1579 1578/1578/1578 1584/1584/1584
f 1579/1579/1579 1584/1584/1584 1582/1582/1582
f 1578/1578/1578 1583/1583/1583 1584/1584/1584
f 1580/1580/1580 1582/1582/1582 1585/1585/1585
f 1581/1581/1581 1580/1580/1580 1586/1586/1586
f 1580/1580/1580 1585/1585/1585 1586/1586/1586
f 1582/1582/1582 1584/1584/1584 1587/1587/1587
f 1582/1582/1582 1587/1587/1587 1585/1585/1585
f 1583/1583/1583 1581/1581/1581 1588/1588/1588
f 1581/1581/1581 1586/1586/1586 1588/1588/1588
f 1584/1584/1584 1583/1583/1583 1589/1589/1589
f 1584/1584/1584 1589/1589/1589 1587/1587/1587
f 1583/1583/1583 1588/1588/1588 1589/1589/1589
f 1585/1585/1585 1587/1587/1587 1590/1590/1590
f 1586/1586/1586 1585/1585/1585 1591/1591/1591
f 1585/1585/1585 1590/1590/1590 1591/1591/1591
f 1587/1587/1587 1589/1589/1589 1592/1592/1592
f 1587/1587/1587 1592/1592/1592 1590/1590/1590
f 1588/1588/1588 1586/1586/1586 1593/1593/1593
f 1586/1586/1586 1591/1591/1591 1593/1593/1593
f 1589/1589/1589 1588/1588/1588 1594/1594/1594
f 1589/1589/1589 1594/1594/1594 1592/1592/1592
f 1588/1588/1588 1593/1593/1593 1594/1594/1594
f 1590/1590/1590 1592/1592/1592 1595/1595/1595
f 1591/1591/1591 1590/1590/1590 1596/1596/1596
f 1590/1590/1590 1595/1595/1595 1596/1596/1596
f 1592/1592/1592 1594/1594/1594 1597/1597/1597
f 1592/1592/1592 1597/1597/1597 1595/1595/1595
f 1593/1593/1593 1591/1591/1591 1598/1598/1598
f 1591/1591/1591 1596/1596/1596 1598/1598/1598
f 1594/1594/1594 1593/1593/1593 1599/1599/1599
f 1594/1594/1594 1599/1599/1599 1597/1597/1597
f 1593/1593/1593 1598/1598/1598 1599/1599/1599
f 1595/1595/1595 1597/1597/1597 1600/1600/1600
f 1596/1596/1596 1595/1595/1595 1601/1601/1601
f 1595/1595/1595 1600/1600/1600 1601/1601/1601
f 1597/1597/1597 1599/1599/1599 1602/1602/1602
f 1597/1597/1597 1602/1602/1602 1600/1600/1600
f 1598/1598/1598 1596/1596/1596 1603/1603/1603
f 1596/1596/1596 1601/1601/1601 1603/1603/1603
f 1599/1599/1599 1598/1598/1598 1604/1604/1604
f 1599/1599/1599 1604/1604/1604 1602/1602/1602
f 1598/1598/1598 1603/1603/1603 1604/1604/1604
f 1601/1601/1601 1600/1600/1600 1605/1605/1605
f 1601/1601/1601 1605/1605/1605 1606/1606/1606
f 1603/1603/1603 1601/1601/1601 1606/1606/1606
f 1603/1603/1603 1606/1606/1606 1607/1607/1607
f 1604/1604/1604 1603/1603/1603 1607/1607/1607
f 1600/1600/1600 1608/1608/1608 1605/1605/1605
f 1600/1600/1600 1602/1602/1602 1608/1608/1608
f 1604/1604/1604 1607/1607/1607 1609/1609/1609
f 1602/1602/1602 1604/1604/1604 1609/1609/1609
f 1602/1602/1602 1609/1609/1609 1608/1608/1608
f 1609/1609/1609 1610/1610/1610 1608/1608/1608
f 1608/1608/1608 1610/1610/1610 1611/1611/1611
f 1611/1611/1611 1610/1610/1610 1612/1612/1612
f 1615/1615/1615 1614/1614/1614 1613/1613/1613
f 1614/1614/1614 1616/1616/1616 1613/1613/1613
f 1616/1616/1616 1614/1614/1614 1617/1617/1617
f 1616/1616/1616 1617/1617/1617 1618/1618/1618
f 1617/1617/1617 1619/1619/1619 1618/1618/1618
f 1617/1617/1617 1620/1620/1620 1619/1619/1619
f 1616/1616/1616 1618/1618/1618 1621/1621/1621
f 1622/1622/1622 1616/1616/1616 1621/1621/1621
f 1620/1620/1620 1623/1623/1623 1619/1619/1619
f 1620/1620/1620 1624/1624/1624 1623/1623/1623
f 1624/1624/1624 1622/1622/1622 1625/1625/1625
f 1622/1622/1622 1621/1621/1621 1625/1625/1625
f 1624/1624/1624 1625/1625/1625 1623/1623/1623
f 1618/1618/1618 1619/1619/1619 1626/1626/1626
f 1621/1621/1621 1618/1618/1618 1627/1627/1627
f 1618/1618/1618 1626/1626/1626 1627/1627/1627
f 1619/1619/1619 1623/1623/1623 1628/1628/1628
f 1619/1619/1619 1628/1628/1628 1626/1626/1626
f 1625/1625/1625 1621/1621/1621 1629/1629/1629
f 1621/1621/1621 1627/1627/1627 1629/1629/1629
f 1623/1623/1623 1625/1625/1625 1630/1630/1630
f 1623/1623/1623 1630/1630/1630 1628/1628/1628
f 1625/1625/1625 1629/1629/1629 1630/1630/1630
f 1626/1626/1626 1628/1628/1628 1631/1631/1631
f 1627/1627/1627 1626/1626/1626 1632/1632/1632
f 1626/1626/1626 1631/1631/1631 1632/1632/1632
f 1628/1628/1628 1630/1630/1630 1633/1633/1633
f 1628/1628/1628 1633/1633/1633 1631/1631/1631
f 1629/1629/1629 1627/1627/1627 1634/1634/1634
f 1627/1627/1627 1632/1632/1632 1634/1634/1634
f 1630/1630/1630 1629/1629/1629 1635/1635/1635
f 1630/1630/1630 1635/1635/1635 1633/1633/1633
f 1629/1629/1629 1634/1634/1634 1635/1635/1635
f 1631/1631/1631 1633/1633/1633 1636/1636/1636
f 1632/1632/1632 1631/1631/1631 1637/1637/1637
f 1631/1631/1631 1636/1636/1636 1637/1637/1637
f 1633/1633/1633 1635/1635/1635 1638/1638/1638
f 1633/1633/1633 1638/1638/1638 1636/1636/1636
f 1634/1634/1634 1632/1632/1632 1639/1639/1639
f 1632/1632/1632 1637/1637/1637 1639/1639/1639
f 1635/1635/1635 1634/1634/1634 1640/1640/1640
f 1635/1635/1635 1640/1640/1640 1638/1638/1638
f 1634/1634/1634 1639/1639/1639 1640/1640/1640
f 1636/1636/1636 1638/1638/1638 1641/1641/1641
f 1637/1637/1637 1636/1636/1636 1642/1642/1642
f 1636/1636/1636 1641/1641/1641 1642/1642/1642
f 1638/1638/1638 1640/1640/1640 1643/1643/1643
f 1638/1638/1638 1643/1643/1643 1641/1641/1641
f 1639/1639/1639 1637/1637/1637 1644/1644/1644
f 1637/1637/1637 1642/1642/1642 1644/1644/1644
f 1640/1640/1640 1639/1639/1639 1645/1645/1645
f 1640/1640/1640 1645/1645/1645 1643/1643/1643
f 1639/1639/1639 1644/1644/1644 1645/1645/1645
f 1641/1641/1641 1643/1643/1643 1646/1646/1646
f 1642/1642/1642 1641/1641/1641 1647/1647/1647
f 1641/1641/1641 1646/1646/1646 1647/1647/1647
f 1643/1643/1643 1645/1645/1645 1648/1648/1648
f 1643/1643/1643 1648/1648/1648 1646/1646/1646
f 1644/1644/1644 1642/1642/1642 1649/1649/1649
f 1642/1642/1642 1647/1647/1647 1649/1649/1649
f 1645/1645/1645 1644/1644/1644 1650/1650/1650
f 1645/1645/1645 1650/1650/1650 1648/1648/1648
f 1644/1644/1644 1649/1649/1649 1650/1650/1650
f 1646/1646/1646 1648/1648/1648 1651/1651/1651
f 1647/1647/1647 1646/1646/1646 1652/1652/1652
f 1646/1646/1646 1651/1651/1651 1652/1652/1652
f 1648/1648/1648 1650/1650/1650 1653/1653/1653
f 1648/1648/1648 1653/1653/1653 1651/1651/1651
f 1649/1649/1649 1647/1647/1647 1654/1654/1654
f 1647/1647/1647 1652/1652/1652 1654/1654/1654
f 1650/1650/1650 1649/1649/1649 1655/1655/1655
f 1650/1650/1650 1655/1655/1655 1653/1653/1653
f 1649/1649/1649 1654/1654/1654 1655/1655/1655
f 1651/1651/1651 1653/1653/1653 1656/1656/1656
f 1652/1652/1652 1651/1651/1651 1657/1657/1657
f 1651/1651/1651 1656/1656/1656 1657/1657/1657
f 1653/1653/1653 1655/1655/1655 1658/1658/1658
f 1653/1653/1653 1658/1658/1658 1656/1656/1656
f 1654/1654/1654 1652/1652/1652 1659/1659/1659
f 1652/1652/1652 1657/1657/1657 1659/1659/1659
f 1655/1655/1655 1654/1654/1654 1660/1660/1660
f 1655/1655/1655 1660/1660/1660 1658/1658/1658
f 1654/1654/1654 1659/1659/1659 1660/1660/1660
f 1656/1656/1656 1658/1658/1658 1661/1661/1661
f 1657/1657/1657 1656/1656/1656 1662/1662/1662
f 1656/1656/1656 1661/1661/1661 1662/1662/1662
f 1658/1658/1658 1660/1660/1660 1663/1663/1663
f 1658/1658/1658 1663/1663/1663 1661/1661/1661
f 1659/1659/1659 1657/1657/1657 1664/1664/1664
f 1657/1657/1657 1662/1662/1662 1664/1664/1664
f 1660/1660/1660 1659/1659/1659 1665/1665/1665
f 1660/1660/1660 1665/1665/1665 1663/1663/1663
f 1659/1659/1659 1664/1664/1664 1665/1665/1665
f 1661/1661/1661 1663/1663/1663 1666/1666/1666
f 1662/1662/1662 1661/1661/1661 1667/1667/1667
f 1661/1661/1661 1666/1666/1666 1667/1667/1667
f 1663/1663/1663 1665/1665/1665 1668/1668/1668
f 1663/1663/1663 1668/1668/1668 1666/1666/1666
f 1664/1664/1664 1662/1662/1662 1669/1669/1669
f 1662/1662/1662 1667/1667/1667 1669/1669/1669
f 1665/1665/1665 1664/1664/1664 1670/1670/1670
f 1665/1665/1665 1670/1670/1670 1668/1668/1668
f 1664/1664/1664 1669/1669/1669 1670/1670/1670
f 1666/1666/1666 1668/1668/1668 1671/1671/1671
f 1667/1667/1667 1666/1666/1666 1672/1672/1672
f 1666/1666/1666 1671/1671/1671 1672/1672/1672
f 1668/1668/1668 1670/1670/1670 1673/1673/1673
f 1668/1668/1668 1673/1673/1673 1671/1671/1671
f 1669/1669/1669 1667/1667/1667 1674/1674/1674
f 1667/1667/1667 1672/1672/1672 1674/1674/1674
f 1670/1670/1670 1669/1669/1669 1675/1675/1675
f 1670/1670/1670 1675/1675/1675 1673/1673/1673
f 1669/1669/1669 1674/1674/1674 1675/1675/1675
f 1671/1671/1671 1673/1673/1673 1676/1676/1676
f 1672/1672/1672 1671/1671/1671 1677/1677/1677
f 1671/1671/1671 1676/1676/1676 1677/1677/1677
f 1673/1673/1673 1675/1675/1675 1678/1678/1678
f 1673/1673/1673 1678/1678/1678 1676/1676/1676
f 1674/1674/1674 1672/1672/1672 1679/1679/1679
f 1672/1672/1672 1677/1677/1677 1679/1679/1679
f 1675/1675/1675 1674/1674/1674 1680/1680/1680
f 1675/1675/1675 1680/1680/1680 1678/1678/1678
f 1674/1674/1674 1679/1679/1679 1680/1680/1680
f 1676/1676/1676 1678/1678/1678 1681/1681/1681
f 1677/1677/1677 1676/1676/1676 1682/1682/1682
f 1676/1676/1676 1681/1681/1681 1682/1682/1682
f 1678/1678/1678 1680/1680/1680 1683/1683/1683
f 1678/1678/1678 1683/1683/1683 1681/1681/1681
f 1679/1679/1679 1677/1677/1677 1684/1684/1684
f 1677/1677/1677 1682/1682/1682 1684/1684/1684
f 1680/1680/1680 1679/1679/1679 1685/1685/1685
f 1680/1680/1680 1685/1685/1685 1683/1683/1683
f 1679/1679/1679 1684/1684/1684 1685/1685/1685
f 1681/1681/1681 1683/1683/1683 1686/1686/1686
f 1682/1682/1682 1681/1681/1681 1687/1687/1687
f 1681/1681/1681 1686/1686/1686 1687/1687/1687
f 1683/1683/1683 1685/1685/1685 1688/1688/1688
f 1683/1683/1683 1688/1688/1688 1686/1686/1686
f 1684/1684/1684 1682/1682/1682 1689/1689/1689
f 1682/1682/1682 1687/1687/1687 1689/1689/1689
f 1685/1685/1685 1684/1684/1684 1690/1690/1690
f 1685/1685/1685 1690/1690/1690 1688/1688/1688
f 1684/1684/1684 1689/1689/1689 1690/1690/1690
f 1686/1686/1686 1688/1688/1688 1691/1691/1691
f 1687/1687/1687 1686/1686/1686 1692/1692/1692
f 1686/1686/1686 1691/1691/1691 1692/1692/1692
f 1688/1688/1688 1690/1690/1690 1693/1693/1693
f 1688/1688/1688 1693/1693/1693 1691/1691/1691
f 1689/1689/1689 1687/1687/1687 1694/1694/1694
f 1687/1687/1687 1692/1692/1692 1694/1694/1694
f 1690/1690/1690 1689/1689/1689 1695/1695/1695
f 1690/1690/1690 1695/1695/1695 1693/1693/1693
f 1689/1689/1689 1694/1694/1694 1695/1695/1695
f 1691/1691/1691 1693/1693/1693 1696/1696/1696
f 1692/1692/1692 1691/1691/1691 1697/1697/1697
f 1691/1691/1691 1696/1696/1696 1697/1697/1697
f 1693/1693/1693 1695/1695/1695 1698/1698/1698
f 1693/1693/1693 1698/1698/1698 1696/1696/1696
f 1694/1694/1694 1692/1692/1692 1699/1699/1699
f 1692/1692/1692 1697/1697/1697 1699/1699/1699
f 1695/1695/1695 1694/1694/1694 1700/1700/1700
f 1695/1695/1695 1700/1700/1700 1698/1698/1698
f 1694/1694/1694 1699/1699/1699 1700/1700/1700
f 1696/1696/1696 1698/1698/1698 1701/1701/1701
f 1697/1697/1697 1696/1696/1696 1702/1702/1702
f 1696/1696/1696 1701/1701/1701 1702/1702/1702
f 1698/1698/1698 1700/1700/1700 1703/1703/1703
f 1698/1698/1698 1703/1703/1703 1701/1701/1701
f 1699/1699/1699 1697/1697/1697 1704/1704/1704
f 1697/1697/1697 1702/1702/1702 1704/1704/1704
f 1700/1700/1700 1699/1699/1699 1705/1705/1705
f 1700/1700/1700 1705/1705/1705 1703/1703/1703
f 1699/1699/1699 1704/1704/1704 1705/1705/1705
f 1701/1701/1701 1703/1703/1703 1706/1706/1706
f 1702/1702/1702 1701/1701/1701 1707/1707/1707
f 1701/1701/1701 1706/1706/1706 1707/1707/1707
f 1703/1703/1703 1705/1705/1705 1708/1708/1708
f 1703/1703/1703 1708/1708/1708 1706/1706/1706
f 1704/1704/1704 1702/1702/1702 1709/1709/1709
f 1702/1702/1702 1707/1707/1707 1709/1709/1709
f 1705/1705/1705 1704/1704/1704 1710/1710/1710
f 1705/1705/1705 1710/1710/1710 1708/1708/1708
f 1704/1704/1704 1709/1709/1709 1710/1710/1710
f 1706/1706/1706 1708/1708/1708 1711/1711/1711
f 1707/1707/1707 1706/1706/1706 1712/1712/1712
f 1706/1706/1706 1711/1711/1711 1712/1712/1712
f 1708/1708/1708 1710/1710/1710 1713/1713/1713
f 1708/1708/1708 1713/1713/1713 1711/1711/1711
f 1709/1709/1709 1707/1707/1707 1714/1714/1714
f 1707/1707/1707 1712/1712/1712 1714/1714/1714
f 1710/1710/1710 1709/1709/1709 1715/1715/1715
f 1710/1710/1710 1715/1715/1715 1713/1713/1713
f 1709/1709/1709 1714/1714/1714 1715/1715/1715
f 1711/1711/1711 1713/1713/1713 1716/1716/1716
f 1712/1712/1712 1711/1711/1711 1717/1717/1717
f 1711/1711/1711 1716/1716/1716 1717/1717/1717
f 1713/1713/1713 1715/1715/1715 1718/1718/1718
f 1713/1713/1713 1718/1718/1718 1716/1716/1716
f 1714/1714/1714 1712/1712/1712 1719/1719/1719
f 1712/1712/1712 1717/1717/1717 1719/1719/1719
f 1715/1715/1715 1714/1714/1714 1720/1720/1720
f 1715/1715/1715 1720/1720/1720 1718/1718/1718
f 1714/1714/1714 1719/1719/1719 1720/1720/1720
f 1716/1716/1716 1718/1718/1718 1721/1721/1721
f 1717/1717/1717 1716/1716/1716 1722/1722/1722
f 1716/1716/1716 1721/1721/1721 1722/1722/1722
f 1718/1718/1718 1720/1720/1720 1723/1723/1723
f 1718/1718/1718 1723/1723/1723 1721/1721/1721
f 1719/1719/1719 1717/1717/1717 1724/1724/1724
f 1717/1717/1717 1722/1722/1722 1724/1724/1724
f 1720/1720/1720 1719/1719/1719 1725/1725/1725
f 1720/1720/1720 1725/1725/1725 1723/1723/1723
f 1719/1719/1719 1724/1724/1724 1725/1725/1725
f 1721/1721/1721 1723/1723/1723 1726/1726/1726
f 1722/1722/1722 1721/1721/1721 1727/1727/1727
f 1721/1721/1721 1726/1726/1726 1727/1727/1727
f 1723/1723/1723 1725/1725/1725 1728/1728/1728
f 1723/1723/1723 1728/1728/1728 1726/1726/1726
f 1724/1724/1724 1722/1722/1722 1729/1729/1729
f 1722/1722/1722 1727/1727/1727 1729/1729/1729
f 1725/1725/1725 1724/1724/1724 1730/1730/1730
f 1725/1725/1725 1730/1730/1730 1728/1728/1728
f 1724/1724/1724 1729/1729/1729 1730/1730/1730
f 1726/1726/1726 1728/1728/1728 1731/1731/1731
f 1727/1727/1727 1726/1726/1726 1732/1732/1732
f 1726/1726/1726 1731/1731/1731 1732/1732/1732
f 1728/1728/1728 1730/1730/1730 1733/1733/1733
f 1728/1728/1728 1733/1733/1733 1731/1731/1731
f 1729/1729/1729 1727/1727/1727 1734/1734/1734
f 1727/1727/1727 1732/1732/1732 1734/1734/1734
f 1730/1730/1730 1729/1729/1729 1735/1735/1735
f 1730/1730/1730 1735/1735/1735 1733/1733/1733
f 1729/1729/1729 1734/1734/1734 1735/1735/1735
f 1731/1731/1731 1733/1733/1733 1736/1736/1736
f 1732/1732/1732 1731/1731/1731 1737/1737/1737
f 1731/1731/1731 1736/1736/1736 1737/1737/1737
f 1733/1733/1733 1735/1735/1735 1738/1738/1738
f 1733/1733/1733 1738/1738/1738 1736/1736/1736
f 1734/1734/1734 1732/1732/1732 1739/1739/1739
f 1732/1732/1732 1737/1737/1737 1739/1739/1739
f 1735/1735/1735 1734/1734/1734 1740/1740/1740
f 1735/1735/1735 1740/1740/1740 1738/1738/1738
f 1734/1734/1734 1739/1739/1739 1740/1740/1740
f 1736/1736/1736 1738/1738/1738 1741/1741/1741
f 1737/1737/1737 1736/1736/1736 1742/1742/1742
f 1736/1736/1736 1741/1741/1741 1742/1742/1742
f 1738/1738/1738 1740/1740/1740 1743/1743/1743
f 1738/1738/1738 1743/1743/1743 1741/1741/1741
f 1739/1739/1739 1737/1737/1737 1744/1744/1744
f 1737/1737/1737 1742/1742/1742 1744/1744/1744
f 1740/1740/1740 1739/1739/1739 1745/1745/1745
f 1740/1740/1740 1745/1745/1745 1743/1743/1743
f 1739/1739/1739 1744/1744/1744 1745/1745/1745
f 1741/1741/1741 1743/1743/1743 1746/1746/1746
f 1742/1742/1742 1741/1741/1741 1747/1747/1747
f 1741/1741/1741 1746/1746/1746 1747/1747/1747
f 1743/1743/1743 1745/1745/1745 1748/1748/1748
f 1743/1743/1743 1748/1748/1748 1746/1746/1746
f 1744/1744/1744 1742/1742/1742 1749/1749/1749
f 1742/1742/1742 1747/1747/1747 1749/1749/1749
f 1745/1745/1745 1744/1744/1744 1750/1750/1750
f 1745/1745/1745 1750/1750/1750 1748/1748/1748
f 1744/1744/1744 1749/1749/1749 1750/1750/1750
f 1746/1746/1746 1748/1748/1748 1751/1751/1751
f 1747/1747/1747 1746/1746/1746 1752/1752/1752
f 1746/1746/1746 1751/1751/1751 1752/1752/1752
f 1748/1748/1748 1750/1750/1750 1753/1753/1753
f 1748/1748/1748 1753/1753/1753 1751/1751/1751
f 1749/1749/1749 1747/1747/1747 1754/1754/1754
f 1747/1747/1747 1752/1752/1752 1754/1754/1754
f 1750/1750/1750 1749/1749/1749 1755/1755/1755
f 1750/1750/1750 1755/1755/1755 1753/1753/1753
f 1749/1749/1749 1754/1754/1754 1755/1755/1755
f 1751/1751/1751 1753/1753/1753 1756/1756/1756
f 1752/1752/1752 1751/1751/1751 1757/1757/1757
f 1751/1751/1751 1756/1756/1756 1757/1757/1757
f 1753/1753/1753 1755/1755/1755 1758/1758/1758
f 1753/1753/1753 1758/1758/1758 1756/1756/1756
f 1754/1754/1754 1752/1752/1752 1759/1759/1759
f 1752/1752/1752 1757/1757/1757 1759/1759/1759
f 1755/1755/1755 1754/1754/1754 1760/1760/1760
f 1755/1755/1755 1760/1760/1760 1758/1758/1758
f 1754/1754/1754 1759/1759/1759 1760/1760/1760
f 1756/1756/1756 1758/1758/1758 1761/1761/1761
f 1757/1757/1757 1756/1756/1756 1762/1762/1762
f 1756/1756/1756 1761/1761/1761 1762/1762/1762
f 1758/1758/1758 1760/1760/1760 1763/1763/1763
f 1758/1758/1758 1763/1763/1763 1761/1761/1761
f 1759/1759/1759 1757/1757/1757 1764/1764/1764
f 1757/1757/1757 1762/1762/1762 1764/1764/1764
f 1760/1760/1760 1759/1759/1759 1765/1765/1765
f 1760/1760/1760 1765/1765/1765 1763/1763/1763
f 1759/1759/1759 1764/1764/1764 1765/1765/1765
f 1761/1761/1761 1763/1763/1763 1766/1766/1766
f 1762/1762/1762 1761/1761/1761 1767/1767/1767
f 1761/1761/1761 1766/1766/1766 1767/1767/1767
f 1763/1763/1763 1765/1765/1765 1768/1768/1768
f 1763/1763/1763 1768/1768/1768 1766/1766/1766
f 1764/1764/1764 1762/1762/1762 1769/1769/1769
f 1762/1762/1762 1767/1767/1767 1769/1769/1769
f 1765/1765/1765 1764/1764/1764 1770/1770/1770
f 1765/1765/1765 1770/1770/1770 1768/1768/1768
f 1764/1764/1764 1769/1769/1769 1770/1770/1770
f 1766/1766/1766 1768/1768/1768 1771/1771/1771
f 1767/1767/1767 1766/1766/1766 1772/1772/1772
f 1766/1766/1766 1771/1771/1771 1772/1772/1772
f 1768/1768/1768 1770/1770/1770 1773/1773/1773
f 1768/1768/1768 1773/1773/1773 1771/1771/1771
f 1769/1769/1769 1767/1767/1767 1774/1774/1774
f 1767/1767/1767 1772/1772/1772 1774/1774/1774
f 1770/1770/1770 1769/1769/1769 1775/1775/1775
f 1770/1770/1770 1775/1775/1775 1773/1773/1773
f 1769/1769/1769 1774/1774/1774 1775/1775/1775
f 1771/1771/1771 1773/1773/1773 1776/1776/1776
f 1772/1772/1772 1771/1771/1771 1777/1777/1777
f 1771/1771/1771 1776/1776/1776 1777/1777/1777
f 1773/1773/1773 1775/1775/1775 1778/1778/1778
f 1773/1773/1773 1778/1778/1778 1776/1776/1776
f 1774/1774/1774 1772/1772/1772 1779/1779/1779
f 1772/1772/1772 1777/1777/1777 1779/1779/1779
f 1775/1775/1775 1774/1774/1774 1780/1780/1780
f 1775/1775/1775 1780/1780/1780 1778/1778/1778
f 1774/1774/1774 1779/1779/1779 1780/1780/1780
f 1776/1776/1776 1778/1778/1778 1781/1781/1781
f 1777/1777/1777 1776/1776/1776 1782/1782/1782
f 1776/1776/1776 1781/1781/1781 1782/1782/1782
f 1778/1778/1778 1780/1780/1780 1783/1783/1783
f 1778/1778/1778 1783/1783/1783 1781/1781/1781
f 1779/1779/1779 1777/1777/1777 1784/1784/1784
f 1777/1777/1777 1782/1782/1782 1784/1784/1784
f 1780/1780/1780 1779/1779/1779 1785/1785/1785
f 1780/1780/1780 1785/1785/1785 1783/1783/1783
f 1779/1779/1779 1784/1784/1784 1785/1785/1785
f 1781/1781/1781 1783/1783/1783 1786/1786/1786
f 1782/1782/1782 1781/1781/1781 1787/1787/1787
f 1781/1781/1781 1786/1786/1786 1787/1787/1787
f 1783/1783/1783 1785/1785/1785 1788/1788/1788
f 1783/1783/1783 1788/1788/1788 1786/1786/1786
f 1784/1784/1784 1782/1782/1782 1789/1789/1789
f 1782/1782/1782 1787/1787/1787 1789/1789/1789
f 1785/1785/1785 1784/1784/1784 1790/1790/1790
f 1785/1785/1785 1790/1790/1790 1788/1788/1788
f 1784/1784/1784 1789/1789/1789 1790/1790/1790
f 1786/1786/1786 1788/1788/1788 1791/1791/1791
f 1788/1788/1788 1792/1792/1792 1791/1791/1791
f 1788/1788/1788 1790/1790/1790 1792/1792/1792
f 1786/1786/1786 1791/1791/1791 1793/1793/1793
f 1787/1787/1787 1786/1786/1786 1793/1793/1793
f 1790/1790/1790 1794/1794/1794 1792/1792/1792
f 1790/1790/1790 1789/1789/1789 1794/1794/1794
f 1787/1787/1787 1793/1793/1793 1795/1795/1795
f 1789/1789/1789 1795/1795/1795 1794/1794/1794
f 1789/1789/1789 1787/1787/1787 1795/1795/1795
f 1798/1798/1798 1797/1797/1797 1796/1796/1796
f 1799/1799/1799 1797/1797/1797 1798/1798/1798
f 1800/1800/1800 1797/1797/1797 1799/1799/1799
f 1801/1801/1801 1800/1800/1800 1799/1799/1799
f 1802/1802/1802 1801/1801/1801 1799/1799/1799
f 1801/1801/1801 1803/1803/1803 1800/1800/1800
f 1802/1802/1802 1799/1799/1799 1804/1804/1804
f 1803/1803/1803 1805/1805/1805 1800/1800/1800
f 1806/1806/1806 1802/1802/1802 1804/1804/1804
f 1803/1803/1803 1807/1807/1807 1805/1805/1805
f 1806/1806/1806 1804/1804/1804 1808/1808/1808
f 1807/1807/1807 1808/1808/1808 1805/1805/1805
f 1807/1807/1807 1806/1806/1806 1808/1808/1808
f 1811/1811/1811 1810/1810/1810 1809/1809/1809
f 1812/1812/1812 1811/1811/1811 1809/1809/1809
f 1815/1815/1815 1814/1814/1814 1813/1813/1813
f 1814/1814/1814 1816/1816/1816 1813/1813/1813
f 1816/1816/1816 1818/1818/1818 1817/1817/1817
f 1819/1819/1819 1816/1816/1816 1817/1817/1817
f 1822/1822/1822 1821/1821/1821 1820/1820/1820
f 1823/1823/1823 1822/1822/1822 1820/1820/1820
f 1824/1824/1824 1822/1822/1822 1823/1823/1823
f 1825/1825/1825 1824/1824/1824 1823/1823/1823
f 1826/1826/1826 1824/1824/1824 1825/1825/1825
f 1827/1827/1827 1826/1826/1826 1825/1825/1825
f 1830/1830/1830 1829/1829/1829 1828/1828/1828
f 1829/1829/1829 1831/1831/1831 1828/1828/1828
f 1829/1829/1829 1832/1832/1832 1831/1831/1831
f 1830/1830/1830 1828/1828/1828 1833/1833/1833
f 1834/1834/1834 1830/1830/1830 1833/1833/1833
f 1832/1832/1832 1835/1835/1835 1831/1831/1831
f 1832/1832/1832 1836/1836/1836 1835/1835/1835
f 1836/1836/1836 1834/1834/1834 1837/1837/1837
f 1834/1834/1834 1833/1833/1833 1837/1837/1837
f 1836/1836/1836 1837/1837/1837 1835/1835/1835
f 1828/1828/1828 1831/1831/1831 1838/1838/1838
f 1833/1833/1833 1828/1828/1828 1839/1839/1839
f 1828/1828/1828 1838/1838/1838 1839/1839/1839
f 1831/1831/1831 1835/1835/1835 1840/1840/1840
f 1831/1831/1831 1840/1840/1840 1838/1838/1838
f 1837/1837/1837 1833/1833/1833 1841/1841/1841
f 1833/1833/1833 1839/1839/1839 1841/1841/1841
f 1835/1835/1835 1837/1837/1837 1842/1842/1842
f 1835/1835/1835 1842/1842/1842 1840/1840/1840
f 1837/1837/1837 1841/1841/1841 1842/1842/1842
f 1838/1838/1838 1840/1840/1840 1843/1843/1843
f 1839/1839/1839 1838/1838/1838 1844/1844/1844
f 1838/1838/1838 1843/1843/1843 1844/1844/1844
f 1840/1840/1840 1845/1845/1845 1843/1843/1843
f 1840/1840/1840 1842/1842/1842 1845/1845/1845
f 1845/1845/1845 1844/1844/1844 1843/1843/1843
f 1842/1842/1842 1846/1846/1846 1845/1845/1845
f 1842/1842/1842 1841/1841/1841 1846/1846/1846
f 1846/1846/1846 1844/1844/1844 1845/1845/1845
f 1839/1839/1839 1844/1844/1844 1847/1847/1847
f 1841/1841/1841 1839/1839/1839 1847/1847/1847
f 1841/1841/1841 1847/1847/1847 1846/1846/1846
f 1847/1847/1847 1844/1844/1844 1846/1846/1846
f 1850/1850/1850 1849/1849/1849 1848/1848/1848
f 1849/1849/1849 1851/1851/1851 1848/1848/1848
f 1849/1849/1849 1852/1852/1852 1851/1851/1851
f 1850/1850/1850 1848/1848/1848 1853/1853/1853
f 1854/1854/1854 1850/1850/1850 1853/1853/1853
f 1852/1852/1852 1855/1855/1855 1851/1851/1851
f 1852/1852/1852 1856/1856/1856 1855/1855/1855
f 1856/1856/1856 1854/1854/1854 1857/1857/1857
f 1854/1854/1854 1853/1853/1853 1857/1857/1857
f 1856/1856/1856 1857/1857/1857 1855/1855/1855
f 1848/1848/1848 1851/1851/1851 1858/1858/1858
f 1853/1853/1853 1848/1848/1848 1859/1859/1859
f 1848/1848/1848 1858/1858/1858 1859/1859/1859
f 1851/1851/1851 1855/1855/1855 1860/1860/1860
f 1851/1851/1851 1860/1860/1860 1858/1858/1858
f 1857/1857/1857 1853/1853/1853 1861/1861/1861
f 1853/1853/1853 1859/1859/1859 1861/1861/1861
f 1855/1855/1855 1857/1857/1857 1862/1862/1862
f 1855/1855/1855 1862/1862/1862 1860/1860/1860
f 1857/1857/1857 1861/1861/1861 1862/1862/1862
f 1858/1858/1858 1860/1860/1860 1863/1863/1863
f 1859/1859/1859 1858/1858/1858 1864/1864/1864
f 1858/1858/1858 1863/1863/1863 1864/1864/1864
f 1860/1860/1860 1865/1865/1865 1863/1863/1863
f 1860/1860/1860 1862/1862/1862 1865/1865/1865
f 1865/1865/1865 1864/1864/1864 1863/1863/1863
f 1862/1862/1862 1866/1866/1866 1865/1865/1865
f 1862/1862/1862 1861/1861/1861 1866/1866/1866
f 1866/1866/1866 1864/1864/1864 1865/1865/1865
f 1859/1859/1859 1864/1864/1864 1867/1867/1867
f 1861/1861/1861 1859/1859/1859 1867/1867/1867
f 1861/1861/1861 1867/1867/1867 1866/1866/1866
f 1867/1867/1867 1864/1864/1864 1866/1866/1866
f 1870/1870/1870 1869/1869/1869 1868/1868/1868
f 1869/1869/1869 1871/1871/1871 1868/1868/1868
f 1869/1869/1869 1872/1872/1872 1871/1871/1871
f 1870/1870/1870 1868/1868/1868 1873/1873/1873
f 1874/1874/1874 1870/1870/1870 1873/1873/1873
f 1872/1872/1872 1875/1875/1875 1871/1871/1871
f 1872/1872/1872 1876/1876/1876 1875/1875/1875
f 1876/1876/1876 1874/1874/1874 1877/1877/1877
f 1874/1874/1874 1873/1873/1873 1877/1877/1877
f 1876/1876/1876 1877/1877/1877 1875/1875/1875
f 1868/1868/1868 1871/1871/1871 1878/1878/1878
f 1873/1873/1873 1868/1868/1868 1879/1879/1879
f 1868/1868/1868 1878/1878/1878 1879/1879/1879
f 1871/1871/1871 1875/1875/1875 1880/1880/1880
f 1871/1871/1871 1880/1880/1880 1878/1878/1878
f 1877/1877/1877 1873/1873/1873 1881/1881/1881
f 1873/1873/1873 1879/1879/1879 1881/1881/1881
f 1875/1875/1875 1877/1877/1877 1882/1882/1882
f 1875/1875/1875 1882/1882/1882 1880/1880/1880
f 1877/1877/1877 1881/1881/1881 1882/1882/1882
f 1878/1878/1878 1880/1880/1880 1883/1883/1883
f 1879/1879/1879 1878/1878/1878 1884/1884/1884
f 1878/1878/1878 1883/1883/1883 1884/1884/1884
f 1880/1880/1880 1882/1882/1882 1885/1885/1885
f 1880/1880/1880 1885/1885/1885 1883/1883/1883
f 1881/1881/1881 1879/1879/1879 1886/1886/1886
f 1879/1879/1879 1884/1884/1884 1886/1886/1886
f 1882/1882/1882 1881/1881/1881 1887/1887/1887
f 1882/1882/1882 1887/1887/1887 1885/1885/1885
f 1881/1881/1881 1886/1886/1886 1887/1887/1887
f 1883/1883/1883 1885/1885/1885 1888/1888/1888
f 1884/1884/1884 1883/1883/1883 1889/1889/1889
f 1883/1883/1883 1888/1888/1888 1889/1889/1889
f 1885/1885/1885 1890/1890/1890 1888/1888/1888
f 1885/1885/1885 1887/1887/1887 1890/1890/1890
f 1890/1890/1890 1889/1889/1889 1888/1888/1888
f 1887/1887/1887 1891/1891/1891 1890/1890/1890
f 1887/1887/1887 1886/1886/1886 1891/1891/1891
f 1891/1891/1891 1889/1889/1889 1890/1890/1890
f 1884/1884/1884 1889/1889/1889 1892/1892/1892
f 1886/1886/1886 1884/1884/1884 1892/1892/1892
f 1886/1886/1886 1892/1892/1892 1891/1891/1891
f 1892/1892/1892 1889/1889/1889 1891/1891/1891
f 1895/1895/1895 1894/1894/1894 1893/1893/1893
f 1896/1896/1896 1895/1895/1895 1893/1893/1893
f 1895/1895/1895 1897/1897/1897 1894/1894/1894
f 1896/1896/1896 1893/1893/1893 1898/1898/1898
f 1899/1899/1899 1896/1896/1896 1898/1898/1898
f 1897/1897/1897 1900/1900/1900 1894/1894/1894
f 1897/1897/1897 1901/1901/1901 1900/1900/1900
f 1901/1901/1901 1899/1899/1899 1902/1902/1902
f 1899/1899/1899 1898/1898/1898 1902/1902/1902
f 1901/1901/1901 1902/1902/1902 1900/1900/1900
f 1893/1893/1893 1894/1894/1894 1903/1903/1903
f 1898/1898/1898 1893/1893/1893 1904/1904/1904
f 1893/1893/1893 1903/1903/1903 1904/1904/1904
f 1894/1894/1894 1900/1900/1900 1905/1905/1905
f 1894/1894/1894 1905/1905/1905 1903/1903/1903
f 1902/1902/1902 1898/1898/1898 1906/1906/1906
f 1898/1898/1898 1904/1904/1904 1906/1906/1906
f 1900/1900/1900 1902/1902/1902 1907/1907/1907
f 1900/1900/1900 1907/1907/1907 1905/1905/1905
f 1902/1902/1902 1906/1906/1906 1907/1907/1907
f 1903/1903/1903 1905/1905/1905 1908/1908/1908
f 1904/1904/1904 1903/1903/1903 1909/1909/1909
f 1903/1903/1903 1908/1908/1908 1909/1909/1909
f 1905/1905/1905 1910/1910/1910 1908/1908/1908
f 1905/1905/1905 1907/1907/1907 1910/1910/1910
f 1910/1910/1910 1909/1909/1909 1908/1908/1908
f 1907/1907/1907 1911/1911/1911 1910/1910/1910
f 1907/1907/1907 1906/1906/1906 1911/1911/1911
f 1911/1911/1911 1909/1909/1909 1910/1910/1910
f 1904/1904/1904 1909/1909/1909 1912/1912/1912
f 1906/1906/1906 1904/1904/1904 1912/1912/1912
f 1906/1906/1906 1912/1912/1912 1911/1911/1911
f 1912/1912/1912 1909/1909/1909 1911/1911/1911
f 1915/1915/1915 1914/1914/1914 1913/1913/1913
f 1916/1916/1916 1915/1915/1915 1913/1913/1913
f 1915/1915/1915 1917/1917/1917 1914/1914/1914
f 1916/1916/1916 1913/1913/1913 1918/1918/1918
f 1919/1919/1919 1916/1916/1916 1918/1918/1918
f 1917/1917/1917 1920/1920/1920 1914/1914/1914
f 1917/1917/1917 1921/1921/1921 1920/1920/1920
f 1921/1921/1921 1919/1919/1919 1922/1922/1922
f 1919/1919/1919 1918/1918/1918 1922/1922/1922
f 1921/1921/1921 1922/1922/1922 1920/1920/1920
f 1913/1913/1913 1914/1914/1914 1923/1923/1923
f 1918/1918/1918 1913/1913/1913 1924/1924/1924
f 1913/1913/1913 1923/1923/1923 1924/1924/1924
f 1914/1914/1914 1920/1920/1920 1925/1925/1925
f 1914/1914/1914 1925/1925/1925 1923/1923/1923
f 1922/1922/1922 1918/1918/1918 1926/1926/1926
f 1918/1918/1918 1924/1924/1924 1926/1926/1926
f 1920/1920/1920 1922/1922/1922 1927/1927/1927
f 1920/1920/1920 1927/1927/1927 1925/1925/1925
f 1922/1922/1922 1926/1926/1926 1927/1927/1927
f 1923/1923/1923 1925/1925/1925 1928/1928/1928
f 1924/1924/1924 1923/1923/1923 1929/1929/1929
f 1923/1923/1923 1928/1928/1928 1929/1929/1929
f 1925/1925/1925 1930/1930/1930 1928/1928/1928
f 1925/1925/1925 1927/1927/1927 1930/1930/1930
f 1930/1930/1930 1929/1929/1929 1928/1928/1928
f 1927/1927/1927 1931/1931/1931 1930/1930/1930
f 1927/1927/1927 1926/1926/1926 1931/1931/1931
f 1931/1931/1931 1929/1929/1929 1930/1930/1930
f 1924/1924/1924 1929/1929/1929 1932/1932/1932
f 1926/1926/1926 1924/1924/1924 1932/1932/1932
f 1926/1926/1926 1932/1932/1932 1931/1931/1931
f 1932/1932/1932 1929/1929/1929 1931/1931/1931
f 1935/1935/1935 1934/1934/1934 1933/1933/1933
f 1936/1936/1936 1935/1935/1935 1933/1933/1933
f 1935/1935/1935 1937/1937/1937 1934/1934/1934
f 1936/1936/1936 1933/1933/1933 1938/1938/1938
f 1939/1939/1939 1936/1936/1936 1938/1938/1938
f 1937/1937/1937 1940/1940/1940 1934/1934/1934
f 1937/1937/1937 1941/1941/1941 1940/1940/1940
f 1941/1941/1941 1939/1939/1939 1942/1942/1942
f 1939/1939/1939 1938/1938/1938 1942/1942/1942
f 1941/1941/1941 1942/1942/1942 1940/1940/1940
f 1933/1933/1933 1934/1934/1934 1943/1943/1943
f 1938/1938/1938 1933/1933/1933 1944/1944/1944
f 1933/1933/1933 1943/1943/1943 1944/1944/1944
f 1934/1934/1934 1940/1940/1940 1945/1945/1945
f 1934/1934/1934 1945/1945/1945 1943/1943/1943
f 1942/1942/1942 1938/1938/1938 1946/1946/1946
f 1938/1938/1938 1944/1944/1944 1946/1946/1946
f 1940/1940/1940 1942/1942/1942 1947/1947/1947
f 1940/1940/1940 1947/1947/1947 1945/1945/1945
f 1942/1942/1942 1946/1946/1946 1947/1947/1947
f 1943/1943/1943 1945/1945/1945 1948/1948/1948
f 1944/1944/1944 1943/1943/1943 1949/1949/1949
f 1943/1943/1943 1948/1948/1948 1949/1949/1949
f 1945/1945/1945 1947/1947/1947 1950/1950/1950
f 1945/1945/1945 1950/1950/1950 1948/1948/1948
f 1946/1946/1946 1944/1944/1944 1951/1951/1951
f 1944/1944/1944 1949/1949/1949 1951/1951/1951
f 1947/1947/1947 1946/1946/1946 1952/1952/1952
f 1947/1947/1947 1952/1952/1952 1950/1950/1950
f 1946/1946/1946 1951/1951/1951 1952/1952/1952
f 1948/1948/1948 1950/1950/1950 1953/1953/1953
f 1949/1949/1949 1948/1948/1948 1954/1954/1954
f 1948/1948/1948 1953/1953/1953 1954/1954/1954
f 1950/1950/1950 1955/1955/1955 1953/1953/1953
f 1950/1950/1950 1952/1952/1952 1955/1955/1955
f 1955/1955/1955 1954/1954/1954 1953/1953/1953
f 1952/1952/1952 1956/1956/1956 1955/1955/1955
f 1952/1952/1952 1951/1951/1951 1956/1956/1956
f 1956/1956/1956 1954/1954/1954 1955/1955/1955
f 1949/1949/1949 1954/1954/1954 1957/1957/1957
f 1951/1951/1951 1949/1949/1949 1957/1957/1957
f 1951/1951/1951 1957/1957/1957 1956/1956/1956
f 1957/1957/1957 1954/1954/1954 1956/1956/1956
