# Meridian DU tube mesh
v 0.0008920001855967064 0.6252490427226105 -0.14922466130921097
v 0.00019729999359670639 0.6255847367226105 -0.15011643620921097
v 0.00019729999359670639 0.6105899217226105 -0.15448518840921097
v 0.0008920001855967064 0.6102249327226105 -0.15360994640921097
v 0.00020479993359670632 0.6249115167226105 -0.14832391590921096
v 0.00020479993359670632 0.6407725367226105 -0.14376538990921095
v 0.00020479993359670632 0.6098574997226105 -0.15272966770921098
v 0.0008920001855967064 0.6410716027226104 -0.14466684310921096
v 0.00020479993359670632 0.6554365307226104 -0.14074347910921098
v 0.0008920001855967064 0.6556812827226105 -0.14167615770921096
v 0.00020479993359670632 0.6688447297226106 -0.13973956550921096
v 0.00019729999359670639 0.6413688357226105 -0.14557267720921097
v 0.0008920001855967064 0.6690003867226104 -0.14064572750921095
v 0.00020479993359670632 0.6808837647226105 -0.140110544909211
v 0.00019729999359670639 0.6559242007226105 -0.14260118450921097
v 0.00019729999359670639 0.6691547927226105 -0.14154487100921098
v 0.0008920001855967064 0.6808813217226104 -0.14106101540921095
v 0.00020479993359670632 0.6953828337226104 -0.14384519310921096
v 0.0008920001855967064 0.6951752897226104 -0.14475002140921095
v 0.00019729999359670639 0.6808788777226105 -0.14200309660921095
v 0.00019729999359670639 0.6949689987226104 -0.14565602690921098
v 0.0008920001855967064 0.7075184287226104 -0.15000408140921095
v 0.00019729999359670639 0.7071259917226105 -0.15087230500921095
v -0.0009192996664032938 0.6412534867226105 -0.145215548609211
v -0.0009192996664032938 0.6558295937226104 -0.14224143330921096
v -0.0009192996664032938 0.6254541127226105 -0.14977250990921098
v 0.00019729999359670639 0.6255847367226105 -0.15011643620921097
v 0.0008920001855967064 0.6410716027226104 -0.14466684310921096
v 0.0008920001855967064 0.6252490427226105 -0.14922466130921097
v -0.0009192996664032938 0.6104483157226105 -0.15414582940921095
v -0.0009147000964032934 0.6408848317226105 -0.14410833270921097
v -0.0009147000964032934 0.6250384747226105 -0.14866802100921095
v -0.0009147000964032934 0.6555286947226104 -0.14109227810921096
v -0.0009192996664032938 0.6690949797226105 -0.14119438080921098
v -0.0009147000964032934 0.6689033207226105 -0.14007846270921098
v 0.00020479993359670632 0.6249115167226105 -0.14832391590921096
v 0.00020479993359670632 0.6407725367226105 -0.14376538990921095
v -0.0009147000964032934 0.6099954397226105 -0.15306077900921097
v -0.0009192996664032938 0.5974595097226105 -0.15825512260921099
v -0.0009147000964032934 0.5969730467226104 -0.15718456360921096
v 0.00020479993359670632 0.5968247357226104 -0.15685787050921096
v 0.00019729999359670639 0.5976114867226104 -0.15858989950921099
v 0.0008920001855967064 0.5972190197226105 -0.15772639960921098
v 0.00020479993359670632 0.5839635577226104 -0.16121551390921096
v -0.0009147000964032934 0.5841143127226105 -0.16154129060921096
v -0.0009192996664032938 0.5846080927226105 -0.16260803490921097
v 0.0008920001855967064 0.5843639527226104 -0.16208114470921098
v 0.00019729999359670639 0.5847625137226105 -0.16294173900921097
v 0.00020479993359670632 0.5753297957226104 -0.16486793760921098
v -0.0009147000964032934 0.5754707907226104 -0.16519813240921097
v -0.0009192996664032938 0.5759322197226104 -0.16627968100921098
v 0.0008920001855967064 0.5757045597226105 -0.16574546690921096
v 0.00019729999359670639 0.5760768647226104 -0.16661781070921097
v 0.00020479993359670632 0.5660537927226105 -0.16881237180921096
v -0.0009147000964032934 0.5661804377226105 -0.16914821420921097
v -0.0009192996664032938 0.5665951667226105 -0.17024853080921099
v 0.0008920001855967064 0.5663903947226104 -0.16970501090921097
v 0.00019729999359670639 0.5667248667226105 -0.17059261350921096
v 0.00020479993359670632 0.5534073417226104 -0.17464393410921097
v -0.0009147000964032934 0.5535196517226104 -0.17498482010921096
v -0.0009192996664032938 0.5538876947226105 -0.17610161010921097
v 0.0008920001855967064 0.5537058117226105 -0.17555000610921095
v 0.00019729999359670639 0.5540027467226105 -0.17645088610921097
v 0.00020479993359670632 0.5377940907226104 -0.18063399910921096
v -0.0009147000964032934 0.5378905307226105 -0.18097976610921096
v -0.0009192996664032938 0.5382057727226105 -0.18211273110921097
v 0.0008920001855967064 0.5380498317226104 -0.18155319210921095
v 0.00019729999359670639 0.5383040387226105 -0.18246704310921097
v 0.00020479993359670632 0.5206985247226105 -0.185941964109211
v -0.0009147000964032934 0.5207754297226105 -0.18629261110921097
v -0.0009192996664032938 0.5210271997226105 -0.18744144610921099
v 0.0008920001855967064 0.5209026937226104 -0.18687397210921097
v 0.00019729999359670639 0.5211059377226105 -0.18780078710921097
v 0.00020479993359670632 0.5020372197226105 -0.19021770310921096
v -0.0009147000964032934 0.5020897090226105 -0.19057293210921097
v -0.0009192996664032938 0.5022621304226105 -0.19173656410921097
v 0.0008920001855967064 0.5021769926226105 -0.19116176710921096
v 0.00019729999359670639 0.5023161471226105 -0.19210063710921096
v 0.00020479993359670632 0.4829155132226105 -0.19276192010921095
v -0.0009147000964032934 0.4829448089226105 -0.19311973410921096
v -0.0009192996664032938 0.48304094372261047 -0.19429176310921098
v 0.0008920001855967064 0.4829933345226105 -0.19371284510921097
v 0.00019729999359670639 0.4830708503226105 -0.19465827910921096
v 0.00020479993359670632 0.4679016322226105 -0.19369170810921096
v -0.0009147000964032934 0.46791658552261045 -0.19405014110921098
v -0.0009192996664032938 0.46796541292261046 -0.19522491110921097
v 0.0008920001855967064 0.4679413028226105 -0.19464462210921096
v 0.00019729999359670639 0.4679809771226105 -0.19559234410921097
v 0.00020479993359670632 0.4531150646226105 -0.19325878510921096
v -0.0009147000964032934 0.4531199448226105 -0.19361767210921096
v -0.0009192996664032938 0.4531358145226105 -0.19479335810921097
v 0.0008920001855967064 0.4531278796226105 -0.19421260810921098
v 0.00019729999359670639 0.45314069842261046 -0.19516094010921098
v 0.00020479993359670632 0.43712316642261045 -0.19214779110921099
v -0.0009147000964032934 0.43711645152261047 -0.19250667810921096
v -0.0009192996664032938 0.4370941743226105 -0.19368221610921096
v 0.0008920001855967064 0.4371051602226105 -0.19310146610921097
v 0.00019729999359670639 0.4370871559226105 -0.19404979810921097
v 0.00020479993359670632 0.42062986502261046 -0.19005312010921097
v -0.0009147000964032934 0.4206109438126105 -0.19041154510921096
v -0.0009192996664032938 0.4205492986326105 -0.19158571210921096
v 0.0008920001855967064 0.4205798162126105 -0.191005729109211
v 0.00019729999359670639 0.4205300724126105 -0.19195283910921096
v 0.00020479993359670632 0.40201288372261046 -0.18891873910921098
v -0.0009147000964032934 0.40198297612261047 -0.18927656110921098
v -0.0009192996664032938 0.40188440492261046 -0.19044813510921096
v 0.0008920001855967064 0.4019329278226105 -0.18986936610921096
v 0.00019729999359670639 0.40185358192261045 -0.19081449510921097
v 0.00020479993359670632 0.3812514692226105 -0.18665445610921097
v -0.0009147000964032934 0.3812114931226105 -0.187011048109211
v -0.0009192996664032938 0.3810805715226105 -0.18817941810921096
v 0.0008920001855967064 0.38114526872261045 -0.18760232610921096
v 0.00019729999359670639 0.3810393736226105 -0.18854471310921095
v 0.00020479993359670632 0.35913755742261044 -0.18257676810921097
v -0.0009147000964032934 0.3590823188226105 -0.18293138610921095
v -0.0009192996664032938 0.3589010462226105 -0.18409349810921097
v 0.0008920001855967064 0.3589907661226105 -0.18351946010921097
v 0.00019729999359670639 0.3588445894226105 -0.18445695910921095
v -0.00020417501640329367 0.33880529552261046 -0.17691428910921098
v -0.0013236748064032935 0.3387247324226105 -0.17726432510921097
v -0.0013282746064032934 0.3384610563226105 -0.17841102910921097
v 0.0004830252725967064 0.3385913670226105 -0.17784462110921095
v -0.00021167483640329365 0.33837866042261044 -0.17876961110921097
v -0.00020887714640329368 0.3194532245226105 -0.17192505300921096
v -0.0013283770564032934 0.3193506822226105 -0.17226897910921096
v -0.0013329768564032938 0.3190140724226105 -0.17339569310921096
v 0.0004783230835967064 0.3191803992226105 -0.17283920210921097
v -0.0002163770864032936 0.31890909372261045 -0.17374817310921098
v 0.00020479993359670632 0.3008061797226105 -0.16724113370921095
v -0.0009147000964032934 0.30069540472261047 -0.16758247460921097
v -0.0009192996664032938 0.30033315672261046 -0.16870079190921097
v 0.0008920001855967064 0.3005119937226105 -0.168148420709211
v 0.00019729999359670639 0.3002196327226105 -0.16905052210921095
v 0.00020479993359670632 0.28269518872261046 -0.16279548410921096
v -0.0009147000964032934 0.2825923417226105 -0.16313941780921098
v -0.0009192996664032938 0.2822557237226105 -0.16426613180921096
v 0.0008920001855967064 0.2824219017226105 -0.16370964050921097
v 0.00019729999359670639 0.28215044772261044 -0.16461845490921095
v 0.00020479993359670632 0.2622869317226105 -0.15932296960921097
v -0.0009147000964032934 0.26220743372261046 -0.15967315430921097
v -0.0009192996664032938 0.2619469757226105 -0.16082076730921097
v 0.0008920001855967064 0.26207560272261043 -0.16025390480921098
v 0.00019729999359670639 0.2618656457226105 -0.16117965430921097
v 0.00020479993359670632 0.24168732772261048 -0.15762375290921096
v -0.0009147000964032934 0.24164353272261047 -0.15798050160921095
v -0.0009192996664032938 0.24149994572261047 -0.15914902090921096
v 0.0008920001855967064 0.24157074072261048 -0.15857192870921097
v 0.00019729999359670639 0.24145507772261046 -0.15951462090921098
v 0.00020469993359670648 0.21984501172261048 -0.15788322690921097
v -0.0009147000964032934 0.21984440072261047 -0.15824272480921098
v -0.0009192996664032938 0.21984180772261047 -0.15942069890921096
v 0.0008920001855967064 0.21984273172261048 -0.15883873400921097
v 0.00019729999359670639 0.21984073472261048 -0.15978904810921096
v 0.0001929999535967065 0.19174571372261048 -0.15965389460921098
v -0.0009263998364032935 0.19179530472261047 -0.16001049430921097
v -0.0009308999864032935 0.19195429972261047 -0.16117855160921096
v 0.0008802997765967064 0.19187419072261047 -0.16060161590921096
v 0.00018570001359670646 0.19200311572261047 -0.16154384610921096
v 0.00016279996359670648 0.16938221472261047 -0.16290542480921097
v -0.0009565001864032937 0.1694789527226105 -0.16325195130921097
v -0.0009609002164032935 0.16978977572261048 -0.16438766570921098
v 0.0008503001885967064 0.16963322472261047 -0.16382690520921095
v 0.0001558000235967064 0.16988499472261048 -0.16474304350921098
v 0.00012169999359670628 0.1492554247226105 -0.16649512950921097
v -0.0009975999164032936 0.1493746047226105 -0.16683418300921096
v -0.0010017997164032937 0.14975729572261048 -0.16794578730921095
v 0.0008092999345967064 0.14956456472261048 -0.16739723090921096
v 0.00011490006359670649 0.14987477672261046 -0.16829368470921097
v 7.719989359670641e-05 0.1287758057226105 -0.17060092840921098
v -0.0010421997864032938 0.12888419672261048 -0.17094379660921097
v -0.0010464000564032938 0.12923249572261047 -0.17206729910921098
v 0.0007647001765967064 0.1290570797226105 -0.17151279750921097
v 7.030007359670634e-05 0.12933936672261048 -0.17241916810921099
v 3.64999335967064e-05 0.10294154272261047 -0.17471595810921098
v -0.0010829002164032936 0.1030165257226105 -0.17506782710921098
v -0.0010873002464032934 0.10325732872261045 -0.17622032010921096
v 0.0007239001565967064 0.10313615172261048 -0.17565117010921097
v 2.9299993596706422e-05 0.10333123772261049 -0.17658088310921097
v 6.999933596706391e-06 0.07250484872261048 -0.18292567910921098
v -0.0011125004364032935 0.07254084972261049 -0.18328319510921098
v -0.0011169994264032938 0.07265681072261049 -0.18445461210921096
v 0.0006942999315967064 0.07259851672261047 -0.18387600010921096
v -4.000064032937036e-07 0.07269245372261046 -0.18482098010921097
v -4.000026403293711e-06 0.02932906172261046 -0.187159330109211
v -0.0011234998264032935 0.029291748722610478 -0.18752050410921095
v -0.0011281000964032937 0.02917033472261049 -0.18870306010921095
v 0.0006831997305967064 0.029230654722610494 -0.18811880010921095
v -1.1499966403293645e-05 0.029132634722610462 -0.18907293710921097
v 7.800063596706324e-06 0.011320560722610451 -0.18382961310921098
v -0.0011116003164032937 0.0112031397226105 -0.18417003710921098
v -0.0011160003464032934 0.010823368722610471 -0.18528621610921098
v 0.0006951999385967064 0.01101323972261048 -0.18473522410921095
v 7.000035967064458e-07 0.010705947722610465 -0.185635492109211
v 3.769993359670643e-05 -0.003996163277389553 -0.17934493710921096
v -0.0010816000864032936 -0.004163801277389523 -0.17966415710921096
v -0.0010856997664032936 -0.004703879277389522 -0.18071151510921096
v 0.0007253998195967064 -0.004432767277389504 -0.18019546610921097
v 3.110000359670632e-05 -0.00487014627738952 -0.18104004110921096
v 7.84000135967064e-05 -0.015761375277389522 -0.17216415710921096
v -0.0010407001264032935 -0.015972256277389518 -0.172456816109211
v -0.0010443001564032937 -0.01665115327738953 -0.17341964710921098
v 0.0007665001905967064 -0.016309976277389504 -0.17294617010921098
v 7.259997359670631e-05 -0.016859859277389533 -0.17372223010921095
v 0.00012270000359670638 -0.025020867277389502 -0.16467285160921097
v -0.0009961999064032937 -0.02526769027738951 -0.16493637110921097
v -0.0009992998064032935 -0.026061862277389547 -0.16580581660921095
v 0.0008112001235967064 -0.025662660277389504 -0.16537933050921097
v 0.00011779996359670636 -0.026306033277389507 -0.16607971490921097
v 0.00016359996359670628 -0.03190159827738953 -0.15758591140921097
v -0.0009552002864032937 -0.03217735927738952 -0.15781951690921098
v -0.0009576999564032936 -0.03306627227738951 -0.15859161320921097
v 0.0008525001465967064 -0.03261986327738953 -0.15821365270921095
v 0.00015949993359670647 -0.03333976827738955 -0.15883514280921096
v 0.0001937000735967064 -0.03652626227738953 -0.15162506700921097
v -0.0009250002864032935 -0.03682649127738952 -0.15182724590921098
v -0.0009270000764032937 -0.03779667627738953 -0.15249450500921097
v 0.0008829998845967064 -0.03731074927738953 -0.15216751400921097
v 0.00019040005359670636 -0.0380959812773895 -0.15270492430921095
v 6.753596706399537e-09 -0.03878614327738955 -0.14799980070921098
v -0.0009510498464032936 -0.03942781727738953 -0.14825618270921098
v 0.0009510632375967065 -0.03942781727738953 -0.14825618270921098
v -0.0005877786364032935 -0.04046601027738955 -0.148671053309211
v 0.0005877918445967064 -0.04046601027738955 -0.148671053309211
v 0.0009510632375967065 -0.03942781727738953 -0.14825618270921098
v -0.0009510498464032936 -0.03942781727738953 -0.14825618270921098
v 6.753596706399537e-09 -0.03878614327738955 -0.14799980070921098
v -0.0009147000964032934 0.6555286947226104 -0.14109227810921096
v -0.0009147000964032934 0.6408848317226105 -0.14410833270921097
v 0.00020479993359670632 0.6554365307226104 -0.14074347910921098
v 0.00020479993359670632 0.6688447297226106 -0.13973956550921096
v -0.0009147000964032934 0.6808831687226105 -0.14046783000921098
v 0.00020479993359670632 0.6808837647226105 -0.140110544909211
v -0.0009147000964032934 0.6953046917226104 -0.14418908950921097
v 0.00020479993359670632 0.6953828337226104 -0.14384519310921096
v -0.0009147000964032934 0.7077650127226105 -0.14945941420921097
v 0.00020479993359670632 0.7079133387226104 -0.14913081380921095
v -0.0009192996664032938 0.7072779537226105 -0.15053569520921095
v -0.0009192996664032938 0.6950489577226104 -0.14531137050921097
v 0.00019729999359670639 0.6949689987226104 -0.14565602690921098
v -0.0009192996664032938 0.6808800997226105 -0.14163663240921098
v 0.00019729999359670639 0.6808788777226105 -0.14200309660921095
v 0.00019729999359670639 0.7168627677226105 -0.15657646210921097
v -0.0009192996664032938 0.7170635757226105 -0.15626762810921097
v 0.0008920001855967064 0.7260621487226104 -0.16250587250921097
v 0.0008920001855967064 0.7173803447226105 -0.15577995030921096
v 0.00019729999359670639 0.7255122067226105 -0.16327873620921096
v -0.0009192996664032938 0.7170635757226105 -0.15626762810921097
v 0.0008920001855967064 0.7362177077226104 -0.16859138760921097
v -0.0009192996664032938 0.7257252337226106 -0.16297905150921096
v 0.00019729999359670639 0.7357282047226105 -0.16940589990921096
v 0.0008920001855967064 0.7473968267226105 -0.17359153910921096
v 0.00019729999359670639 0.7470483187226105 -0.17447838210921096
v 0.00020479993359670632 0.7608717087226105 -0.17759769410921097
v 0.00020479993359670632 0.7477483747226105 -0.17269966010921095
v 0.0008920001855967064 0.7606831197226105 -0.17853549910921096
v 0.00020710006359670645 0.7814368907226105 -0.18035198010921097
v 0.0008942997085967064 0.7813777027226105 -0.18130550510921095
v 0.0008920001855967064 0.7606831197226105 -0.17853549910921096
v 0.00019729999359670639 0.7470483187226105 -0.17447838210921096
v 0.00019729999359670639 0.7604957227226105 -0.17946811810921098
v 0.0008942997085967064 0.7813777027226105 -0.18130550510921095
v 0.0002129999935967064 0.7980831567226105 -0.18038765310921095
v 0.0009003001325967063 0.7981411517226105 -0.18134162610921095
v 0.00019960000359670635 0.7813190817226106 -0.18225383710921095
v -0.0009192996664032938 0.7605683507226104 -0.17910648110921096
v -0.0009170002264032935 0.7813422977226105 -0.18188625610921097
v 0.00020559993359670634 0.7981997427226104 -0.18229011410921098
v 0.0009084999325967064 0.8128384057226105 -0.17949592310921098
v -0.0009109997164032935 0.7981771527226105 -0.18192253310921097
v 0.00021390000359670642 0.8130196927226105 -0.18042884810921095
v -0.0009027998864032938 0.8129501047226104 -0.18006721910921097
v 0.0002229000635967063 0.8256628217226105 -0.17707763610921096
v -0.0008938002864032936 0.8255462347226105 -0.17672851710921095
v -0.0008982997364032938 0.8127261097226105 -0.17891059810921095
v -0.0008894002564032938 0.8251690267226105 -0.17561203210921097
v -0.0008855003364032937 0.8364457487226105 -0.17217212910921098
v -0.0008813000764032936 0.8359251027226104 -0.17111545800921096
v 0.0002379999535967064 0.8357652127226105 -0.17079288510921098
v 0.00022990000359670638 0.8250536917226104 -0.17527130210921096
v -0.0008894002564032938 0.8251690267226105 -0.17561203210921097
v 0.00022109993359670644 0.8126565217226105 -0.17855750810921095
v -0.0008982997364032938 0.8127261097226105 -0.17891059810921095
v 0.00019729999359670639 0.6691547927226105 -0.14154487100921098
v -0.0009192996664032938 0.6690949797226105 -0.14119438080921098
v -0.0009192996664032938 0.6558295937226104 -0.14224143330921096
v 0.00019729999359670639 0.6559242007226105 -0.14260118450921097
v 0.00019729999359670639 0.6808788777226105 -0.14200309660921095
v -0.0009192996664032938 0.6690949797226105 -0.14119438080921098
v 0.00019729999359670639 0.6691547927226105 -0.14154487100921098
v -0.0009192996664032938 0.6808800997226105 -0.14163663240921098
v -0.0009147000964032934 0.6689033207226105 -0.14007846270921098
v -0.0009147000964032934 0.6808831687226105 -0.14046783000921098
v -0.0009192996664032938 0.6950489577226104 -0.14531137050921097
v -0.0009147000964032934 0.6953046917226104 -0.14418908950921097
v 0.0008920001855967064 0.6808813217226104 -0.14106101540921095
v 0.00019729999359670639 0.6808788777226105 -0.14200309660921095
v 0.00019729999359670639 0.6691547927226105 -0.14154487100921098
v 0.0008920001855967064 0.6690003867226104 -0.14064572750921095
v 0.00020479993359670632 0.7079133387226104 -0.14913081380921095
v 0.0008920001855967064 0.6951752897226104 -0.14475002140921095
v 0.00020479993359670632 0.6953828337226104 -0.14384519310921096
v 0.0008920001855967064 0.7075184287226104 -0.15000408140921095
v 0.00020479993359670632 0.7178997697226105 -0.15497886390921095
v 0.0008920001855967064 0.7173803447226105 -0.15577995030921096
v -0.0009147000964032934 0.7264069917226105 -0.16202125700921097
v -0.0009147000964032934 0.7177044447226104 -0.15528022500921096
v 0.00020479993359670632 0.7266151307226105 -0.161728747209211
v -0.0009147000964032934 0.7365247007226104 -0.16808036710921098
v 0.00020479993359670632 0.7367102507226104 -0.16777214410921099
v -0.0009147000964032934 0.7476159337226105 -0.17303535310921098
v 0.00020479993359670632 0.7477483747226105 -0.17269966010921095
v -0.0009192996664032938 0.7170635757226105 -0.15626762810921097
v -0.0009147000964032934 0.7077650127226105 -0.14945941420921097
v -0.0009192996664032938 0.7072779537226105 -0.15053569520921095
v -0.0009147000964032934 0.7177044447226104 -0.15528022500921096
v 0.00020479993359670632 0.7079133387226104 -0.14913081380921095
v 0.00020479993359670632 0.7178997697226105 -0.15497886390921095
v -0.0009147000964032934 0.7264069917226105 -0.16202125700921097
v -0.0009192996664032938 0.7359180157226104 -0.16909004000921096
v -0.0009147000964032934 0.7365247007226104 -0.16808036710921098
v 0.00019729999359670639 0.7357282047226105 -0.16940589990921096
v 0.00019729999359670639 0.7255122067226105 -0.16327873620921096
v -0.0009192996664032938 0.7471832037226105 -0.17413459710921098
v -0.0009147000964032934 0.7476159337226105 -0.17303535310921098
v -0.0009147000964032934 0.7608008977226104 -0.17795062810921097
v 0.00020479993359670632 0.7477483747226105 -0.17269966010921095
v 0.00020479993359670632 0.7608717087226105 -0.17759769410921097
v 0.00020479993359670632 0.7266151307226105 -0.161728747209211
v 0.0008920001855967064 0.7173803447226105 -0.15577995030921096
v 0.0008920001855967064 0.7260621487226104 -0.16250587250921097
v 0.00020479993359670632 0.7367102507226104 -0.16777214410921099
v 0.0008920001855967064 0.7362177077226104 -0.16859138760921097
v 0.00020479993359670632 0.7477483747226105 -0.17269966010921095
v 0.0008920001855967064 0.7473968267226105 -0.17359153910921096
v 0.00019729999359670639 0.7168627677226105 -0.15657646210921097
v 0.00019729999359670639 0.7071259917226105 -0.15087230500921095
v 0.0008920001855967064 0.7075184287226104 -0.15000408140921095
v 0.00019729999359670639 0.7604957227226105 -0.17946811810921098
v -0.0009192996664032938 0.7471832037226105 -0.17413459710921098
v 0.00019729999359670639 0.7470483187226105 -0.17447838210921096
v -0.0009192996664032938 0.7605683507226104 -0.17910648110921096
v -0.0009147000964032934 0.7476159337226105 -0.17303535310921098
v -0.0009147000964032934 0.7608008977226104 -0.17795062810921097
v -0.0009170002264032935 0.7813422977226105 -0.18188625610921097
v -0.0009123999664032937 0.7814149257226104 -0.18071071810921097
v 0.00020479993359670632 0.7608717087226105 -0.17759769410921097
v -0.0009109997164032935 0.7981771527226105 -0.18192253310921097
v -0.0009064001464032935 0.7981057467226105 -0.18074668910921096
v 0.0002129999935967064 0.7980831567226105 -0.18038765310921095
v -0.0009027998864032938 0.8129501047226104 -0.18006721910921097
v -0.0008982997364032938 0.8127261097226105 -0.17891059810921095
v 0.00022109993359670644 0.8126565217226105 -0.17855750810921095
v 0.0009084999325967064 0.8128384057226105 -0.17949592310921098
v 0.0009003001325967063 0.7981411517226105 -0.18134162610921095
v 0.0002129999935967064 0.7980831567226105 -0.18038765310921095
v -0.0008982997364032938 0.8127261097226105 -0.17891059810921095
v 0.00022109993359670644 0.8126565217226105 -0.17855750810921095
v 0.0002129999935967064 0.7980831567226105 -0.18038765310921095
v -0.0009064001464032935 0.7981057467226105 -0.18074668910921096
v 0.00022990000359670638 0.8250536917226104 -0.17527130210921096
v 0.0009084999325967064 0.8128384057226105 -0.17949592310921098
v 0.00022109993359670644 0.8126565217226105 -0.17855750810921095
v 0.0009174000875967064 0.8253582417226104 -0.17617691310921096
v 0.0002379999535967064 0.8357652127226105 -0.17079288510921098
v 0.0009255999175967063 0.8361869457226105 -0.17165027560921098
v 0.00024399999359670638 0.8441654737226105 -0.16559577730921096
v 0.0009255999175967063 0.8361869457226105 -0.17165027560921098
v 0.0009315997015967064 0.8446934227226105 -0.16639213260921099
v 0.00023120001359670642 0.8366080817226105 -0.17250262910921096
v 0.00023719994359670642 0.8452189267226105 -0.16718421880921097
v 0.0009338998645967064 0.8516589107226105 -0.16133930530921098
v 0.0002395999635967064 0.8522674147226105 -0.16206821800921095
v 0.0002229000635967063 0.8256628217226105 -0.17707763610921096
v 0.0009174000875967064 0.8253582417226104 -0.17617691310921096
v 0.00021390000359670642 0.8130196927226105 -0.18042884810921095
v 0.0009084999325967064 0.8128384057226105 -0.17949592310921098
v -0.0008938002864032936 0.8255462347226105 -0.17672851710921095
v -0.0008855003364032937 0.8364457487226105 -0.17217212910921098
v -0.0008794998264032936 0.8450163007226105 -0.16687721010921097
v -0.0008771996964032935 0.8520318267226105 -0.16178593040921097
v 0.00023729994359670647 0.8604517877226106 -0.15466093270921097
v -0.0008794998264032936 0.8601905407226105 -0.15440275520921098
v 0.00023130001359670648 0.8675400917226105 -0.14679982510921097
v -0.0008854002264032934 0.8672520217226105 -0.14657109970921095
v 0.0009257000345967064 0.8667972977226105 -0.14620710160921097
v 0.0009315997015967064 0.8597773607226105 -0.15399289880921097
v 0.0009175997695967064 0.8726283017226104 -0.13716439900921096
v 0.00022310007359670637 0.8734419047226105 -0.13765633850921097
v -0.0008854002264032934 0.8672520217226105 -0.14657109970921095
v -0.0008936000564032935 0.8731257317226104 -0.13746675100921096
v 0.00021410000359670632 0.8781623547226105 -0.12796222420921097
v -0.0009025002364032937 0.8778229947226105 -0.12781833480921095
v 0.0002301000035967065 0.8718098107226104 -0.136670701209211
v 0.00023809995359670645 0.8660496177226105 -0.14561200890921097
v 0.0009315997015967064 0.8597773607226105 -0.15399289880921097
v 0.00024399999359670638 0.8590986427226105 -0.15332166850921097
v 0.0009338998645967064 0.8516589107226105 -0.16133930530921098
v 0.00024629989359670635 0.8510467107226105 -0.16060642150921095
v -0.0008893001364032936 0.8721174297226104 -0.13685754690921098
v 0.00023809995359670645 0.8660496177226105 -0.14561200890921097
v -0.0008811997264032935 0.8663310107226105 -0.14583700150921097
v 0.00024399999359670638 0.8590986427226105 -0.15332166850921097
v -0.0008753002664032938 0.8593537507226106 -0.15357496590921096
v -0.0008794998264032936 0.8601905407226105 -0.15440275520921098
v -0.0008936000564032935 0.8731257317226104 -0.13746675100921096
v -0.0008730001264032937 0.8512774407226105 -0.16088260710921098
v -0.0008771996964032935 0.8520318267226105 -0.16178593040921097
v -0.0008753996764032934 0.8443650607226105 -0.16589561850921097
v -0.0008794998264032936 0.8450163007226105 -0.16687721010921097
v -0.0008980000864032937 0.8767396207226105 -0.12735545630921097
v 0.0002301000035967065 0.8718098107226104 -0.136670701209211
v -0.0009107000664032934 0.8815711737226104 -0.11692397670921097
v 0.00022139994359670636 0.8764088157226104 -0.12721332160921098
v -0.0009060995664032937 0.8804353177226105 -0.11661124970921097
v -0.0009166002264032937 0.8839707677226105 -0.10468047860921097
v -0.0009119999564032935 0.8828068377226105 -0.10450431700921096
v -0.0009188996664032936 0.8853153587226105 -0.09073867460921096
v -0.0009143000964032936 0.8841398357226105 -0.09068229420921096
v 0.00020749995359670647 0.8824515937226105 -0.10445006940921098
v 0.00020520005359670628 0.8837815527226105 -0.09066489900921097
v -0.0009190000164032938 0.8854348357226105 -0.08040164690921096
v -0.0009143000964032936 0.8842593137226105 -0.08043742924921096
v -0.0009190000164032938 0.8850372137226105 -0.07019843370921097
v -0.0009143000964032936 0.8838659527226105 -0.07029876031921097
v -0.0009060995664032937 0.8804353177226105 -0.11661124970921097
v -0.0008980000864032937 0.8767396207226105 -0.12735545630921097
v 0.0002133999935967064 0.8800886277226105 -0.11651504040921097
v -0.0009119999564032935 0.8828068377226105 -0.10450431700921096
v 0.00020749995359670647 0.8824515937226105 -0.10445006940921098
v -0.0009190000164032938 0.8834239547226105 -0.059726236409210966
v -0.0009143000964032936 0.8838659527226105 -0.07029876031921097
v -0.0009143000964032936 0.8822582067226105 -0.05988164710921097
v 0.00019759999359670634 0.8854040207226105 -0.07016703881921096
v -0.0009190000164032938 0.8854348357226105 -0.08040164690921096
v 0.00019759999359670634 0.8858022687226105 -0.08039043191921097
v -0.0009188996664032936 0.8853153587226105 -0.09073867460921096
v 0.00019759999359670634 0.8856834177226105 -0.09075629900921096
v 0.0008924001305967064 0.8848537807226105 -0.08041934761921096
v 0.0008924001305967064 0.8847349287226105 -0.09071067530921097
v -0.0009166002264032937 0.8839707677226105 -0.10468047860921097
v 0.00019999989359670636 0.8843351607226104 -0.10473518070921096
v -0.0009107000664032934 0.8815711737226104 -0.11692397670921097
v 0.0002058999335967063 0.8819263877226104 -0.11702117700921097
v -0.0009025002364032937 0.8778229947226105 -0.12781833480921095
v 0.00021410000359670632 0.8781623547226105 -0.12796222420921097
v 0.0009005999305967064 0.8810102637226105 -0.11676849050921097
v 0.0009087001965967064 0.8772883417226105 -0.12758830560921097
v 0.0008924001305967064 0.8847349287226105 -0.09071067530921097
v 0.00019999989359670636 0.8843351607226104 -0.10473518070921096
v 0.0008946996535967064 0.8833958207226105 -0.10459289330921097
v 0.0002058999335967063 0.8819263877226104 -0.11702117700921097
v 0.0009005999305967064 0.8810102637226105 -0.11676849050921097
v 0.00024399999359670638 0.8441654737226105 -0.16559577730921096
v 0.0002379999535967064 0.8357652127226105 -0.17079288510921098
v -0.0008813000764032936 0.8359251027226104 -0.17111545800921096
v -0.0008855003364032937 0.8364457487226105 -0.17217212910921098
v 0.00024629989359670635 0.8510467107226105 -0.16060642150921095
v 0.0009338998645967064 0.8516589107226105 -0.16133930530921098
v 0.0009315997015967064 0.8446934227226105 -0.16639213260921099
v 0.00024399999359670638 0.8441654737226105 -0.16559577730921096
v -0.0008730001264032937 0.8512774407226105 -0.16088260710921098
v 0.00024399999359670638 0.8441654737226105 -0.16559577730921096
v -0.0008753996764032934 0.8443650607226105 -0.16589561850921097
v 0.00024629989359670635 0.8510467107226105 -0.16060642150921095
v -0.0008753002664032938 0.8593537507226106 -0.15357496590921096
v 0.00024399999359670638 0.8590986427226105 -0.15332166850921097
v 0.0009315997015967064 0.8597773607226105 -0.15399289880921097
v 0.00023729994359670647 0.8604517877226106 -0.15466093270921097
v 0.0002395999635967064 0.8522674147226105 -0.16206821800921095
v 0.0009338998645967064 0.8516589107226105 -0.16133930530921098
v 0.00022139994359670636 0.8764088157226104 -0.12721332160921098
v 0.0009175997695967064 0.8726283017226104 -0.13716439900921096
v 0.0002301000035967065 0.8718098107226104 -0.136670701209211
v 0.0009087001965967064 0.8772883417226105 -0.12758830560921097
v 0.0002133999935967064 0.8800886277226105 -0.11651504040921097
v 0.0009005999305967064 0.8810102637226105 -0.11676849050921097
v 0.00022310007359670637 0.8734419047226105 -0.13765633850921097
v 0.00021410000359670632 0.8781623547226105 -0.12796222420921097
v 0.00020749995359670647 0.8824515937226105 -0.10445006940921098
v 0.0009005999305967064 0.8810102637226105 -0.11676849050921097
v 0.0002133999935967064 0.8800886277226105 -0.11651504040921097
v 0.0008946996535967064 0.8833958207226105 -0.10459289330921097
v 0.00020520005359670628 0.8837815527226105 -0.09066489900921097
v 0.0008924001305967064 0.8847349287226105 -0.09071067530921097
v 0.00020520005359670628 0.8839004337226104 -0.08044833875921097
v 0.0008924001305967064 0.8848537807226105 -0.08041934761921096
v 0.0008924001305967064 0.8847349287226105 -0.09071067530921097
v 0.00020520005359670628 0.8837815527226105 -0.09066489900921097
v -0.0009143000964032936 0.8842593137226105 -0.08043742924921096
v 0.00020520005359670628 0.8837815527226105 -0.09066489900921097
v -0.0009143000964032936 0.8841398357226105 -0.09068229420921096
v 0.00020520005359670628 0.8839004337226104 -0.08044833875921097
v -0.0009143000964032936 0.8838659527226105 -0.07029876031921097
v 0.00020520005359670628 0.8835082647226105 -0.07032935414921097
v 0.00020520005359670628 0.8819023667226105 -0.05992913990921097
v -0.0009143000964032936 0.8804758787226105 -0.05011977070921097
v 0.00020510004359670648 0.8801225127226104 -0.05018366690921097
v -0.0009190000164032938 0.8816331327226105 -0.04991057330921097
v -0.0009190000164032938 0.8834239547226105 -0.059726236409210966
v -0.0009190000164032938 0.8798363207226105 -0.04095537590921097
v -0.0009144002064032934 0.8786919117226104 -0.041226066609210965
v 0.00020510004359670648 0.8783421817226105 -0.041308673109210964
v 0.0008922999845967064 0.8810618217226105 -0.05001387370921097
v 0.0008922999845967064 0.8792705237226105 -0.04108906160921097
v 0.00019759999359670634 0.8819950517226105 -0.04984518880921097
v 0.00019759999359670634 0.8801939787226105 -0.040870670209210966
v 0.0008924001305967064 0.8828477857226105 -0.05980302670921097
v 0.00020520005359670628 0.8819023667226105 -0.05992913990921097
v 0.00019759999359670634 0.8837883477226105 -0.05967763720921097
v 0.00019759999359670634 0.8819950517226105 -0.04984518880921097
v 0.0008924001305967064 0.8844586017226105 -0.07024794851921097
v 0.00020520005359670628 0.8835082647226105 -0.07032935414921097
v 0.0008924001305967064 0.8848537807226105 -0.08041934761921096
v 0.00020520005359670628 0.8839004337226104 -0.08044833875921097
v 0.0008924001305967064 0.8828477857226105 -0.05980302670921097
v 0.00019759999359670634 0.8854040207226105 -0.07016703881921096
v 0.00019759999359670634 0.8837883477226105 -0.05967763720921097
v -0.0009190000164032938 0.8798363207226105 -0.04095537590921097
v -0.0009190000164032938 0.8816331327226105 -0.04991057330921097
v 0.00019759999359670634 0.8819950517226105 -0.04984518880921097
v -0.0009190000164032938 0.8834239547226105 -0.059726236409210966
v 0.00019759999359670634 0.8837883477226105 -0.05967763720921097
v 0.0008924001305967064 0.8844586017226105 -0.07024794851921097
v 0.00019759999359670634 0.8854040207226105 -0.07016703881921096
v 0.00019759999359670634 0.8858022687226105 -0.08039043191921097
v 0.0008924001305967064 0.8848537807226105 -0.08041934761921096
v 0.00019759999359670634 0.8837883477226105 -0.05967763720921097
v -0.0009190000164032938 0.8834239547226105 -0.059726236409210966
v -0.0009190000164032938 0.8850372137226105 -0.07019843370921097
v 0.00019759999359670634 0.8854040207226105 -0.07016703881921096
v -0.0009144002064032934 0.8786919117226104 -0.041226066609210965
v 0.00020510004359670648 0.8801225127226104 -0.05018366690921097
v -0.0009143000964032936 0.8804758787226105 -0.05011977070921097
v 0.00020510004359670648 0.8783421817226105 -0.041308673109210964
v -0.0009144002064032934 0.8765368457226105 -0.03387388960921097
v 0.00020510004359670648 0.8761950437226105 -0.03398329760921097
v -0.0009144002064032934 0.8745123147226105 -0.02844628320921097
v 0.00020510004359670648 0.8741821047226105 -0.02858849240921097
v -0.0009190000164032938 0.8755932447226105 -0.027980394709210966
v -0.0009190000164032938 0.8776580397226105 -0.03351538630921097
v -0.0009190000164032938 0.8734826447226105 -0.023685283909210965
v -0.0009144002064032934 0.8724371197226104 -0.024222783709210965
v 0.00020510004359670648 0.8721172807226105 -0.024386785909210965
v -0.0009144002064032934 0.8698333497226105 -0.019376982009210966
v 0.00020510004359670648 0.8695208427226104 -0.019552983309210965
v -0.0009144002064032934 0.8667669297226105 -0.01416388530921097
v 0.00020510004359670648 0.8664617537226105 -0.014352787309210968
v -0.0009144002064032934 0.8632922177226106 -0.008821189409210964
v 0.00020510004359670648 0.8629967867226105 -0.00902508940921097
v -0.0009144002064032934 0.8594677447226104 -0.003587685509210972
v 0.00020510004359670648 0.8591851587226105 -0.0038094818092109656
v -0.0009190000164032938 0.8642608227226105 -0.008153483309210965
v -0.0009144002064032934 0.8667669297226105 -0.01416388530921097
v -0.0009190000164032938 0.8677667077226106 -0.01354478670921097
v -0.0009144002064032934 0.8698333497226105 -0.019376982009210966
v -0.0009190000164032938 0.8708581327226105 -0.01880048590921097
v -0.0009144002064032934 0.8724371197226104 -0.024222783709210965
v -0.0009190000164032938 0.8734826447226105 -0.023685283909210965
v -0.0009144002064032934 0.8553503157226106 0.0012984126907890359
v 0.00020510004359670648 0.8591851587226105 -0.0038094818092109656
v -0.0009190000164032938 0.8562145827226104 0.0020969137907890373
v -0.0009190000164032938 0.8603930477226105 -0.002861186909210972
v 0.00020510004359670648 0.8550866547226105 0.0010547115907890287
v -0.0009190000164032938 0.8517827987226105 0.006479114290789026
v -0.0009144002064032934 0.8509936337226105 0.005606010590789037
v -0.0009144002064032934 0.8553503157226106 0.0012984126907890359
v 0.00020510004359670648 0.8507531587226105 0.005339615090789035
v -0.0009144002064032934 0.8464550377226105 0.009354606290789033
v 0.00020510004359670648 0.8462365567226104 0.009069912090789028
v -0.0009190000164032938 0.8471716047226105 0.01028732209078903
v -0.0009190000164032938 0.8517827987226105 0.006479114290789026
v -0.0009144002064032934 0.8418951037226104 0.012613922390789026
v 0.00020510004359670648 0.8416967387226104 0.012314617590789029
v -0.0009190000164032938 0.8425451517226105 0.013594619890789028
v -0.0009190000164032938 0.8378759627226104 0.016455113890789033
v -0.0009144002064032934 0.8372967247226104 0.015431515890789033
v 0.00019749999359670628 0.8520293827226104 0.006752110990789026
v 0.00019749999359670628 0.8473955987226105 0.01057901229078903
v 0.00019749999359670628 0.8564849497226105 0.00234671679078903
v 0.00019749999359670628 0.8606823387226105 -0.002633988809210966
v -0.0009190000164032938 0.8642608227226105 -0.008153483309210965
v 0.00019749999359670628 0.8645635847226105 -0.007944583909210962
v -0.0009190000164032938 0.8677667077226106 -0.01354478670921097
v 0.00019749999359670628 0.8680791857226104 -0.013351187109210967
v -0.0009190000164032938 0.8708581327226105 -0.01880048590921097
v 0.00019749999359670628 0.8711791637226105 -0.01862018550921097
v -0.0009190000164032938 0.8734826447226105 -0.023685283909210965
v 0.00019749999359670628 0.8738097847226105 -0.023517083409210965
v 0.00019749999359670628 0.8427483737226105 0.013901323090789036
v -0.0009190000164032938 0.8425451517226105 0.013594619890789028
v 0.00019749999359670628 0.8380572197226105 0.016775317490789032
v -0.0009190000164032938 0.8378759627226104 0.016455113890789033
v 0.0008922999845967064 0.8375896807226104 0.01594962929078904
v 0.0008922999845967064 0.8422240917226105 0.01311021299078903
v 0.0008922999845967064 0.8468176127226105 0.009826615490789031
v 0.0008922999845967064 0.8513934017226105 0.006047919390789039
v 0.00020510004359670648 0.8462365567226104 0.009069912090789028
v 0.00020510004359670648 0.8507531587226105 0.005339615090789035
v 0.0008922999845967064 0.8557879327226106 0.0017026140907890341
v 0.00020510004359670648 0.8550866547226105 0.0010547115907890287
v 0.0008922999845967064 0.8599358797226104 -0.003219984509210974
v 0.00020510004359670648 0.8591851587226105 -0.0038094818092109656
v 0.00019749999359670628 0.8333038087226105 0.019250713290789034
v -0.0009190000164032938 0.8331445157226105 0.018919020890789034
v 0.00019749999359670628 0.8283805547226104 0.021818101390789033
v -0.0009144002064032934 0.8372967247226104 0.015431515890789033
v -0.0009190000164032938 0.8282426297226104 0.021477103190789035
v 0.00019749999359670628 0.8237946927226105 0.02391198279078903
v -0.0009144002064032934 0.8326354627226105 0.017858616990789028
v -0.0009190000164032938 0.8236756627226105 0.023563891690789027
v -0.0009144002064032934 0.8278013467226104 0.020386904490789032
v -0.0009144002064032934 0.8232960107226105 0.022450998390789026
v 0.00020510004359670648 0.8371197287226104 0.015119016190789036
v 0.00020510004359670648 0.8416967387226104 0.012314617590789029
v -0.0009144002064032934 0.8418951037226104 0.012613922390789026
v 0.00020510004359670648 0.8324804307226105 0.017535015890789027
v -0.0009144002064032934 0.8278013467226104 0.020386904490789032
v 0.00020510004359670648 0.8276664317226105 0.020054198790789027
v 0.00019749999359670628 0.8186428547226104 0.02584710719078903
v -0.0009190000164032938 0.8185427487226105 0.025493100290789036
v -0.0009144002064032934 0.8232960107226105 0.022450998390789026
v -0.0009144002064032934 0.8182229397226104 0.02436151359078903
v 0.0008922999845967064 0.8183846767226104 0.024934418490789034
v 0.0008922999845967064 0.8234882947226105 0.023014195290789033
v 0.00020510004359670648 0.8181246817226104 0.024016201490789035
v 0.00019749999359670628 0.8283805547226104 0.021818101390789033
v 0.00020510004359670648 0.8231800497226105 0.022111296690789026
v 0.0008922999845967064 0.8280247147226105 0.020938694490789028
v 0.00020510004359670648 0.8276664317226105 0.020054198790789027
v 0.00019749999359670628 0.8333038087226105 0.019250713290789034
v 0.0008922999845967064 0.8328930437226105 0.018395326990789038
v 0.00019749999359670628 0.8380572197226105 0.016775317490789032
v 0.0008922999845967064 0.8375896807226104 0.01594962929078904
v 0.00020510004359670648 0.8324804307226105 0.017535015890789027
v 0.00020510004359670648 0.8371197287226104 0.015119016190789036
v 0.0008922999845967064 0.8422240917226105 0.01311021299078903
v 0.00020510004359670648 0.8416967387226104 0.012314617590789029
v 0.0008922999845967064 0.8468176127226105 0.009826615490789031
v 0.00020510004359670648 0.8462365567226104 0.009069912090789028
v 0.00020239991359670634 0.8121691647226105 0.025481030390789028
v 0.0008922999845967064 0.8183846767226104 0.024934418490789034
v 0.0008895999055967064 0.8123754557226105 0.026412636090789032
v 0.0001960999835967064 0.8067553337226105 0.026373527990789028
v 0.0008832001475967063 0.8069091437226105 0.027315236590789035
v 0.00018889992359670646 0.8014336827226105 0.026827409890789036
v 0.0008758997715967063 0.8015411197226106 0.027775511190789026
v 0.00018350000359670634 0.7969090047226104 0.027107775190789038
v 0.0008705001675967064 0.7969737057226105 0.028059675890789032
v 0.0001825999935967063 0.7924169007226105 0.027357630390789034
v 0.0008696001605967064 0.7924413087226105 0.028311438890789034
v 0.00017560005359670643 0.7970390017226106 0.029005877890789025
v 0.0001746000535967063 0.7924651207226105 0.029259539890789027
v 0.0008758997715967063 0.7890937627226104 0.028287522890789035
v 0.0001810998635967064 0.7890717687226105 0.029235817890789037
v -0.0009419000664032937 0.7924547197226105 0.028891726890789032
v -0.0009355002564032937 0.7890748377226104 0.028867885890789036
v 0.0001976999935967064 0.7860387857226105 0.02905377789078903
v -0.0009188996664032936 0.7860589327226104 0.02868657589078903
v 0.00022029993359670643 0.7832435367226105 0.028988584890789038
v -0.0008964997264032937 0.7832880917226105 0.02862401289078903
v -0.0009144998664032938 0.7861492637226104 0.027513883990789037
v -0.0008925998164032935 0.7834516767226105 0.027459308490789036
v 0.00020490004359670637 0.7861840427226106 0.02715627099078903
v 0.00022659998359670632 0.7835084197226105 0.027104109490789036
v -0.0008877997764032935 0.7809573117226105 0.028585582890789038
v -0.0008841000964032934 0.7811721567226104 0.027429670090789032
v 0.00022899999359670634 0.7808920147226105 0.028946563890789034
v 0.00022779998359670635 0.7790059447226105 0.028825811890789033
v -0.0008890999064032935 0.7790755327226104 0.02846560589078903
v 0.0009229999555967065 0.7810665667226104 0.028013870090789025
v 0.0009144001815967063 0.7833796437226105 0.028049192890789026
v 0.0001976999935967064 0.7860387857226105 0.02905377789078903
v 0.0008922999845967064 0.7861163017226105 0.02810797889078903
v 0.0002350999235967064 0.7812398967226104 0.027076370990789037
v 0.00022659998359670632 0.7835084197226105 0.027104109490789036
v 0.0002338999135967064 0.7793538277226104 0.02695552259078904
v 0.0009218001215967064 0.7791780527226104 0.027892507590789026
v 0.00022899999359670634 0.7808920147226105 0.028946563890789034
v 0.00022779998359670635 0.7790059447226105 0.028825811890789033
v 0.0009144001815967063 0.7772834597226105 0.027699977190789038
v 0.00022059993359670638 0.7771711347226105 0.028643294890789026
v 0.0009045999905967064 0.7753921147226105 0.027487121490789038
v 0.00021129998359670633 0.7753884497226105 0.02843871689078903
v -0.0008962999564032935 0.7772205767226105 0.028279795890789036
v 0.00020490004359670637 0.7861840427226106 0.02715627099078903
v -0.0009057999164032936 0.7753970027226105 0.028071932890789034
v 0.0008758997715967063 0.7890937627226104 0.028287522890789035
v 0.00018889992359670646 0.7891096177226105 0.02733350549078903
v 0.0001810998635967064 0.7890717687226105 0.029235817890789037
v 0.0001976999935967064 0.7860387857226105 0.02905377789078903
v 0.0008696001605967064 0.7924413087226105 0.028311438890789034
v 0.0001825999935967063 0.7924169007226105 0.027357630390789034
v 0.00020329991359670642 0.7735411527226105 0.02832175789078903
v -0.0009140998564032936 0.7734972237226105 0.027958162090789038
v 0.0008960002455967064 0.7734160427226104 0.027378059890789036
v 0.00019990001359670648 0.7710709867226104 0.028528034890789034
v -0.0009175997664032935 0.7709592877226105 0.028178132890789034
v 0.00019990001359670648 0.7666923407226105 0.030335269890789038
v -0.0009175997664032935 0.7665214237226105 0.030012048890789025
v 0.0009045999905967064 0.7753921147226105 0.027487121490789038
v 0.0002066999435967065 0.7732945677226104 0.02643117309078903
v 0.00021589989359670648 0.7754024867226105 0.026532225290789038
v 0.0009144001815967063 0.7772834597226105 0.027699977190789038
v 0.00022630009359670637 0.7774036827226105 0.026753380890789033
v 0.0009218001215967064 0.7791780527226104 0.027892507590789026
v 0.0002338999135967064 0.7793538277226104 0.02695552259078904
v 0.0008922999845967064 0.7662473917226105 0.029493860890789036
v 0.00019990001359670648 0.7710709867226104 0.028528034890789034
v 0.0008922999845967064 0.7707774047226105 0.02761832629078903
v 0.00020329991359670642 0.7735411527226105 0.02832175789078903
v 0.0008960002455967064 0.7734160427226104 0.027378059890789036
v 0.00020270003359670647 0.7704838217226104 0.026706136790789037
v 0.0008960002455967064 0.7734160427226104 0.027378059890789036
v 0.0008922999845967064 0.7707774047226105 0.02761832629078903
v 0.00020270003359670647 0.7658018167226105 0.028650469890789038
v 0.0008922999845967064 0.7662473917226105 0.029493860890789036
v 0.00020510004359670648 0.8761950437226105 -0.03398329760921097
v 0.0008922999845967064 0.8792705237226105 -0.04108906160921097
v 0.00020510004359670648 0.8783421817226105 -0.041308673109210964
v 0.0008922999845967064 0.8771038647226105 -0.033692482809210965
v 0.0008922999845967064 0.8750591877226105 -0.02821047600921097
v 0.00019749999359670628 0.8780083957226105 -0.03340329230921097
v 0.00019749999359670628 0.8759313817226104 -0.02783469110921097
v -0.0009190000164032938 0.8776580397226105 -0.03351538630921097
v -0.0009190000164032938 0.8755932447226105 -0.027980394709210966
v 0.00019749999359670628 0.8738097847226105 -0.023517083409210965
v -0.0009190000164032938 0.8734826447226105 -0.023685283909210965
v -0.0009144002064032934 0.8786919117226104 -0.041226066609210965
v 0.00019759999359670634 0.8801939787226105 -0.040870670209210966
v 0.0008922999845967064 0.8771038647226105 -0.033692482809210965
v 0.0008922999845967064 0.8792705237226105 -0.04108906160921097
v 0.00020510004359670648 0.8721172807226105 -0.024386785909210965
v 0.0008922999845967064 0.8750591877226105 -0.02821047600921097
v 0.0008922999845967064 0.8729662897226105 -0.02395068850921097
v 0.0008922999845967064 0.8703521487226105 -0.01908518750921097
v 0.00019749999359670628 0.8738097847226105 -0.023517083409210965
v 0.00019749999359670628 0.8711791637226105 -0.01862018550921097
v 0.0008922999845967064 0.8672729137226105 -0.013850588309210966
v 0.00020510004359670648 0.8664617537226105 -0.014352787309210968
v 0.00020510004359670648 0.8695208427226104 -0.019552983309210965
v 0.00020510004359670648 0.8629967867226105 -0.00902508940921097
v 0.0008922999845967064 0.8637823167226104 -0.008483283209210962
v 0.00019749999359670628 0.8680791857226104 -0.013351187109210967
v 0.00019749999359670628 0.8645635847226105 -0.007944583909210962
v 0.0008922999845967064 0.8599358797226104 -0.003219984509210974
v 0.00019749999359670628 0.8645635847226105 -0.007944583909210962
v 0.0008922999845967064 0.8729662897226105 -0.02395068850921097
v 0.00019749999359670628 0.8738097847226105 -0.023517083409210965
v 0.00019749999359670628 0.8759313817226104 -0.02783469110921097
v 0.0008922999845967064 0.8750591877226105 -0.02821047600921097
v 0.00020510004359670648 0.8695208427226104 -0.019552983309210965
v 0.0008922999845967064 0.8703521487226105 -0.01908518750921097
v 0.0008922999845967064 0.8729662897226105 -0.02395068850921097
v 0.00020510004359670648 0.8721172807226105 -0.024386785909210965
v -0.0009190000164032938 0.8603930477226105 -0.002861186909210972
v -0.0009144002064032934 0.8594677447226104 -0.003587685509210972
v -0.0009144002064032934 0.8632922177226106 -0.008821189409210964
v -0.0009190000164032938 0.8642608227226105 -0.008153483309210965
v 0.0008922999845967064 0.8557879327226106 0.0017026140907890341
v 0.00019749999359670628 0.8606823387226105 -0.002633988809210966
v 0.0008922999845967064 0.8599358797226104 -0.003219984509210974
v 0.00019749999359670628 0.8564849497226105 0.00234671679078903
v 0.0008922999845967064 0.8513934017226105 0.006047919390789039
v 0.00019749999359670628 0.8520293827226104 0.006752110990789026
v 0.00020510004359670648 0.8276664317226105 0.020054198790789027
v 0.0008922999845967064 0.8280247147226105 0.020938694490789028
v 0.0008922999845967064 0.8328930437226105 0.018395326990789038
v 0.00020510004359670648 0.8324804307226105 0.017535015890789027
v -0.0009190000164032938 0.8282426297226104 0.021477103190789035
v -0.0009144002064032934 0.8278013467226104 0.020386904490789032
v -0.0009144002064032934 0.8326354627226105 0.017858616990789028
v -0.0009190000164032938 0.8331445157226105 0.018919020890789034
v -0.0009144002064032934 0.8232960107226105 0.022450998390789026
v 0.00020510004359670648 0.8276664317226105 0.020054198790789027
v -0.0009144002064032934 0.8278013467226104 0.020386904490789032
v 0.00020510004359670648 0.8231800497226105 0.022111296690789026
v 0.00020510004359670648 0.8181246817226104 0.024016201490789035
v -0.0009171003464032938 0.8122479017226105 0.025831237390789033
v 0.00020239991359670634 0.8121691647226105 0.025481030390789028
v -0.0009233998164032936 0.8068145517226104 0.02672743049078903
v 0.0001960999835967064 0.8067553337226105 0.026373527990789028
v -0.0009306000964032935 0.8014757927226105 0.027183696590789036
v 0.00018889992359670646 0.8014336827226105 0.026827409890789036
v -0.0009355002564032937 0.8016094567226104 0.02835200689078904
v -0.0009281998464032936 0.8070055847226105 0.02788773179078903
v -0.0009409999464032935 0.7970145937226105 0.028638675890789028
v -0.0009359996764032935 0.7969346347226105 0.027465574490789027
v 0.00018350000359670634 0.7969090047226104 0.027107775190789038
v -0.0009369999164032935 0.7924248277226105 0.027716234290789038
v -0.0009419000664032937 0.7924547197226105 0.028891726890789032
v 0.0001746000535967063 0.7924651207226105 0.029259539890789027
v 0.00017560005359670643 0.7970390017226106 0.029005877890789025
v -0.0009355002564032937 0.7890748377226104 0.028867885890789036
v -0.0009306000964032935 0.7890986497226105 0.027692198790789033
v -0.0009188996664032936 0.7860589327226104 0.02868657589078903
v 0.00018889992359670646 0.7891096177226105 0.02733350549078903
v -0.0009144998664032938 0.7861492637226104 0.027513883990789037
v -0.0009218000364032935 0.8125030397226105 0.026979230390789033
v -0.0009144002064032934 0.8182229397226104 0.02436151359078903
v -0.0009190000164032938 0.8185427487226105 0.025493100290789036
v -0.0009171003464032938 0.8122479017226105 0.025831237390789033
v -0.0009281998464032936 0.8070055847226105 0.02788773179078903
v -0.0009233998164032936 0.8068145517226104 0.02672743049078903
v 0.0001809999835967063 0.8016497497226105 0.028717800890789028
v 0.0001884000335967064 0.8070641757226105 0.028251021890789027
v -0.0009355002564032937 0.8016094567226104 0.02835200689078904
v -0.0009409999464032935 0.7970145937226105 0.028638675890789028
v 0.0008705001675967064 0.7969737057226105 0.028059675890789032
v 0.0001809999835967063 0.8016497497226105 0.028717800890789028
v 0.0008758997715967063 0.8015411197226106 0.027775511190789026
v 0.0001884000335967064 0.8070641757226105 0.028251021890789027
v -0.0009218000364032935 0.8125030397226105 0.026979230390789033
v 0.0008832001475967063 0.8069091437226105 0.027315236590789035
v 0.00019480008359670634 0.8125817477226105 0.027338631490789037
v -0.0009218000364032935 0.8125030397226105 0.026979230390789033
v -0.0009190000164032938 0.8185427487226105 0.025493100290789036
v 0.00019749999359670628 0.8186428547226104 0.02584710719078903
v 0.0008895999055967064 0.8123754557226105 0.026412636090789032
v 0.0008922999845967064 0.8183846767226104 0.024934418490789034
v -0.0008841000964032934 0.7811721567226104 0.027429670090789032
v 0.0002350999235967064 0.7812398967226104 0.027076370990789037
v 0.00022659998359670632 0.7835084197226105 0.027104109490789036
v -0.0008925998164032935 0.7834516767226105 0.027459308490789036
v -0.0008853001064032936 0.7792903777226105 0.02730971579078903
v 0.0002350999235967064 0.7812398967226104 0.027076370990789037
v -0.0008841000964032934 0.7811721567226104 0.027429670090789032
v 0.0002338999135967064 0.7793538277226104 0.02695552259078904
v -0.0008928000464032936 0.7773646417226105 0.02711169419078903
v 0.00022630009359670637 0.7774036827226105 0.026753380890789033
v -0.0009030001264032938 0.7754055557226105 0.026893727490789027
v 0.00021589989359670648 0.7754024867226105 0.026532225290789038
v -0.0008928000464032936 0.7773646417226105 0.02711169419078903
v -0.0008890999064032935 0.7790755327226104 0.02846560589078903
v -0.0008841000964032934 0.7811721567226104 0.027429670090789032
v -0.0008877997764032935 0.7809573117226105 0.028585582890789038
v -0.0008853001064032936 0.7792903777226105 0.02730971579078903
v -0.0008962999564032935 0.7772205767226105 0.028279795890789036
v -0.0008928000464032936 0.7773646417226105 0.02711169419078903
v 0.00022059993359670638 0.7771711347226105 0.028643294890789026
v -0.0008962999564032935 0.7772205767226105 0.028279795890789036
v 0.00022779998359670635 0.7790059447226105 0.028825811890789033
v -0.0009057999164032936 0.7753970027226105 0.028071932890789034
v -0.0008928000464032936 0.7773646417226105 0.02711169419078903
v -0.0008962999564032935 0.7772205767226105 0.028279795890789036
v -0.0009030001264032938 0.7754055557226105 0.026893727490789027
v -0.0009140998564032936 0.7734972237226105 0.027958162090789038
v -0.0009119999564032935 0.7733446357226105 0.026789657790789026
v 0.00021589989359670648 0.7754024867226105 0.026532225290789038
v -0.0009175997664032935 0.7709592877226105 0.028178132890789034
v 0.0002066999435967065 0.7732945677226104 0.02643117309078903
v -0.0009157997564032934 0.7705961467226105 0.027052134290789037
v 0.00020270003359670647 0.7704838217226104 0.026706136790789037
v -0.0009175997664032935 0.7665214237226105 0.030012048890789025
v -0.0009158998764032937 0.7659708857226104 0.028970867890789037
v 0.00020270003359670647 0.7658018167226105 0.028650469890789038
v -0.0009176998864032938 0.7605828647226105 0.03428216989078903
v -0.0009159999864032935 0.7599517707226104 0.033290087890789036
v 0.00019980000359670646 0.7607787847226104 0.03459009489078903
v 0.00019990001359670648 0.7666923407226105 0.030335269890789038
v 0.0001997000035967064 0.7538464067226105 0.039755373890789036
v -0.0009178000064032936 0.7536443767226104 0.03945165089078903
v 0.0001997000035967064 0.7493398787226104 0.04267966789078903
v 0.0008921998375967064 0.7602685387226105 0.03378839789078904
v -0.0009178000064032936 0.7491402927226105 0.042374334890789025
v 0.00019960000359670635 0.7417782247226105 0.04752143489078903
v -0.0009179001164032934 0.7415902317226104 0.047208554890789026
v -0.0009161001064032937 0.7484957577226105 0.04139083589078903
v -0.0009161001064032937 0.7409847677226105 0.046200438890789036
v -0.0009178000064032936 0.7350144687226104 0.05029315489078903
v 0.0008922999845967064 0.7662473917226105 0.029493860890789036
v -0.0009161001064032937 0.7345127757226104 0.049226566890789025
v 0.00020239991359670634 0.7407986227226104 0.045890271890789036
v 0.0002025000235967064 0.7343583407226104 0.04889846589078903
v -0.0009175997664032935 0.7304486637226104 0.051259189890789036
v -0.0009158998764032937 0.7303174437226105 0.05005019889078903
v 0.00020270003359670647 0.7302771507226105 0.04967818389078903
v 0.0002026000335967064 0.7597576677226106 0.03298487489078904
v 0.00020270003359670647 0.7658018167226105 0.028650469890789038
v 0.0002025000235967064 0.7527917327226105 0.03817257989078904
v 0.0008920997205967064 0.7533196807226105 0.03896477789078903
v 0.00020239991359670634 0.7482980187226105 0.041088327890789034
v 0.0008920001855967064 0.7488192617226105 0.04188483989078903
v 0.00020239991359670634 0.7407986227226104 0.045890271890789036
v 0.0008920001855967064 0.7412887217226105 0.04670676589078904
v -0.0009170002264032935 0.7270113827226105 0.05075221489078903
v -0.0009153997564032936 0.7274929587226104 0.049636222890789033
v -0.0009158998764032937 0.7236922087226105 0.04953931289078903
v -0.0009144002064032934 0.7245271797226105 0.04870030989078904
v 0.00020310003359670648 0.7276412847226105 0.04929289989078903
v -0.0009144002064032934 0.7245271797226105 0.04870030989078904
v 0.0002040000435967063 0.7247847617226104 0.04844220689078903
v -0.0009153997564032936 0.7274929587226104 0.049636222890789033
v 0.0008920001855967064 0.7488192617226105 0.04188483989078903
v 0.0001997000035967064 0.7538464067226105 0.039755373890789036
v 0.0001997000035967064 0.7493398787226104 0.04267966789078903
v 0.0008920001855967064 0.7412887217226105 0.04670676589078904
v 0.00019960000359670635 0.7417782247226105 0.04752143489078903
v 0.0008920997205967064 0.7347648437226104 0.04976226389078903
v 0.0002025000235967064 0.7343583407226104 0.04889846589078903
v 0.00020270003359670647 0.7302771507226105 0.04967818389078903
v 0.0001997000035967064 0.7351700957226105 0.05062426589078903
v -0.0009179001164032934 0.7415902317226104 0.047208554890789026
v -0.0009178000064032936 0.7350144687226104 0.05029315489078903
v 0.0008922999845967064 0.7303833667226105 0.050657383890789026
v 0.00020310003359670648 0.7276412847226105 0.04929289989078903
v 0.0008928000755967064 0.7272518577226105 0.050196721890789026
v 0.00019990001359670648 0.7304895517226104 0.05163447589078904
v -0.0009178000064032936 0.7350144687226104 0.05029315489078903
v 0.0008928000755967064 0.7272518577226105 0.050196721890789026
v 0.00019990001359670648 0.7304895517226104 0.05163447589078904
v 0.00020050001359670638 0.7268624607226104 0.051098510890789026
v 0.0002040000435967063 0.7247847617226104 0.04844220689078903
v 0.0008938002285967064 0.7241084877226105 0.04912183389078903
v 0.00020050001359670638 0.7268624607226104 0.051098510890789026
v 0.00020530005359670634 0.7218557597226105 0.04573848089078904
v 0.00020170002359670637 0.7234328087226105 0.04979981489078904
v 0.0008951002095967063 0.7210775617226104 0.04628928789078904
v 0.00020659994359670643 0.7193459867226104 0.04215754589078903
v 0.0008964997245967065 0.7185342017226104 0.042654759890789026
v 0.00020789995359670648 0.7172127957226104 0.03856284889078904
v 0.0008978002875967065 0.7164077457226105 0.039071648890789026
v 0.00020300003359670642 0.7203005847226105 0.046838678890789034
v 0.00020439992359670635 0.7177236677226104 0.04315085689078903
v -0.0009145999764032936 0.7205984297226105 0.04662757389078903
v 0.00020300003359670642 0.7203005847226105 0.046838678890789034
v -0.0009131997364032938 0.7180343267226105 0.04296015989078904
v 0.00020559993359670634 0.7156039177226104 0.03957916089078903
v -0.0009119999564032935 0.7159121337226104 0.039384148890789034
v -0.0009131997364032938 0.7215591077226104 0.04594760389078903
v -0.0009118001864032938 0.7190371457226105 0.042346261890789036
v -0.0009158998764032937 0.7236922087226105 0.04953931289078903
v -0.0009145999764032936 0.7205984297226105 0.04662757389078903
v -0.0009144002064032934 0.7245271797226105 0.04870030989078904
v -0.0009131997364032938 0.7215591077226104 0.04594760389078903
v -0.0009170002264032935 0.7270113827226105 0.05075221489078903
v 0.00020050001359670638 0.7268624607226104 0.051098510890789026
v -0.0009175997664032935 0.7304486637226104 0.051259189890789036
v 0.00019990001359670648 0.7304895517226104 0.05163447589078904
v -0.0009178000064032936 0.7536443767226104 0.03945165089078903
v -0.0009159999864032935 0.7599517707226104 0.033290087890789036
v -0.0009176998864032938 0.7605828647226105 0.03428216989078903
v -0.0009161001064032937 0.7529925407226105 0.03847348689078903
v -0.0009178000064032936 0.7491402927226105 0.042374334890789025
v -0.0009161001064032937 0.7484957577226105 0.04139083589078903
v 0.0002026000335967064 0.7597576677226106 0.03298487489078904
v 0.00020270003359670647 0.7658018167226105 0.028650469890789038
v 0.0002025000235967064 0.7527917327226105 0.03817257989078904
v 0.00020239991359670634 0.7482980187226105 0.041088327890789034
v -0.0009161001064032937 0.7409847677226105 0.046200438890789036
v 0.00020239991359670634 0.7407986227226104 0.045890271890789036
v 0.0008920997205967064 0.7533196807226105 0.03896477789078903
v 0.0001997000035967064 0.7538464067226105 0.039755373890789036
v 0.00019980000359670646 0.7607787847226104 0.03459009489078903
v 0.0008921998375967064 0.7602685387226105 0.03378839789078904
v -0.0009131997364032938 0.7215591077226104 0.04594760389078903
v 0.00020530005359670634 0.7218557597226105 0.04573848089078904
v 0.0002040000435967063 0.7247847617226104 0.04844220689078903
v -0.0009144002064032934 0.7245271797226105 0.04870030989078904
v -0.0009118001864032938 0.7190371457226105 0.042346261890789036
v 0.00020530005359670634 0.7218557597226105 0.04573848089078904
v -0.0009131997364032938 0.7215591077226104 0.04594760389078903
v 0.00020659994359670643 0.7193459867226104 0.04215754589078903
v -0.0009105997164032937 0.7169063987226105 0.038755945890789026
v 0.00020789995359670648 0.7172127957226104 0.03856284889078904
v -0.0009119999564032935 0.7159121337226104 0.039384148890789034
v -0.0009131997364032938 0.7180343267226105 0.04296015989078904
v 0.0008978002875967065 0.7164077457226105 0.039071648890789026
v 0.00020559993359670634 0.7156039177226104 0.03957916089078903
v 0.00020439992359670635 0.7177236677226104 0.04315085689078903
v 0.0008964997245967065 0.7185342017226104 0.042654759890789026
v 0.0002087999635967063 0.7143212557226104 0.035981878890789035
v 0.0008978002875967065 0.7164077457226105 0.039071648890789026
v 0.00020789995359670648 0.7172127957226104 0.03856284889078904
v 0.0008986997415967063 0.7136126457226104 0.036633692890789035
v 0.00020930008359670632 0.7113988997226105 0.034771836890789026
v 0.0008990001515967064 0.7110198737226106 0.03568835589078903
v 0.00020930008359670632 0.7087281647226105 0.03465545189078903
v 0.0008990001515967064 0.7086793187226105 0.03560763589078904
v 0.00020930008359670632 0.7063409087226105 0.03470393289078903
v 0.0008990001515967064 0.7063879077226105 0.03565562489078904
v 0.00020679994359670633 0.7086298767226105 0.03655803189078903
v 0.00020679994359670633 0.7064343097226105 0.036605603890789026
v 0.0008989962805967065 0.7047813237226105 0.03575854789078903
v 0.00021058297359670647 0.7047959567226105 0.03671180489078903
v 0.0008989913625967064 0.7032812237226105 0.03566516189078903
v 0.00021189591359670646 0.7033132617226105 0.03661873889078904
v -0.0009108001864032936 0.7064166067226105 0.036240912890789026
v -0.0009084593064032937 0.7047895487226105 0.036351449890789034
v 0.0002055135535967063 0.7047648427226105 0.034808881890789026
v 0.0008989962805967065 0.7047813237226105 0.03575854789078903
v 0.00020930008359670632 0.7063409087226105 0.03470393289078903
v 0.00020419759359670644 0.7032475177226105 0.03471720989078904
v 0.0008989962805967065 0.7047813237226105 0.03575854789078903
v 0.0008989913625967064 0.7032812237226105 0.03566516189078903
v 0.0002004317935967064 0.7015700937226105 0.034395843890789035
v 0.0008989681085967064 0.7015365357226104 0.035340949890789036
v 0.00019689207359670636 0.6999325457226104 0.03395950089078903
v 0.00021189591359670646 0.7033132617226105 0.03661873889078904
v 0.0008989331545967064 0.6998226647226105 0.03489602389078904
v 0.00019950023359670646 0.6978199477226105 0.03264480089078903
v 0.0008989596975967064 0.6977883577226105 0.03358910989078903
v 0.00021564902359670645 0.7014993127226105 0.03629678489078904
v 0.00021917082359670633 0.6997085217226104 0.03584840189078903
v -0.0009052979264032937 0.7015104297226105 0.035942583890789026
v -0.0009030830164032935 0.6997475917226105 0.03550044489078903
v -0.0009076432364032937 0.7032993737226105 0.03626004589078903
v -0.0009084593064032937 0.7047895487226105 0.036351449890789034
v 0.00021058297359670647 0.7047959567226105 0.03671180489078903
v -0.0009146488764032938 0.7015543877226105 0.03476773989078903
v -0.0009167976664032937 0.6998856957226105 0.034332953890789025
v -0.0009123457164032936 0.7032591107226105 0.03508502289078903
v -0.0009076432364032937 0.7032993737226105 0.03626004589078903
v -0.0009115380264032935 0.7047703267226104 0.03517530089078903
v -0.0009084593064032937 0.7047895487226105 0.036351449890789034
v 0.0002004317935967064 0.7015700937226105 0.034395843890789035
v 0.00019689207359670636 0.6999325457226104 0.03395950089078903
v -0.0009152151164032937 0.6978042427226105 0.03301766489078903
v 0.00020419759359670644 0.7032475177226105 0.03471720989078904
v 0.0002055135535967063 0.7047648427226105 0.034808881890789026
v 0.00020930008359670632 0.7063409087226105 0.03470393289078903
v -0.0009092004064032936 0.7063586117226105 0.035065605890789026
v -0.0009084593064032937 0.7047895487226105 0.036351449890789034
v -0.0009115380264032935 0.7047703267226104 0.03517530089078903
v -0.0009108001864032936 0.7064166067226105 0.036240912890789026
v -0.0009092004064032936 0.7087098357226105 0.03501734889078903
v -0.0009108001864032936 0.7086488007226105 0.036193228890789034
v 0.00020679994359670633 0.7064343097226105 0.036605603890789026
v 0.00020679994359670633 0.7086298767226105 0.03655803189078903
v 0.00020930008359670632 0.7087281647226105 0.03465545189078903
v 0.00020930008359670632 0.7113988997226105 0.034771836890789026
v -0.0009092004064032936 0.7112548647226105 0.03512023389078903
v 0.0002087999635967063 0.7143212557226104 0.035981878890789035
v -0.0009096001764032934 0.7140514847226105 0.03622949089078903
v -0.0009108001864032936 0.7107873257226105 0.03625193989078904
v 0.00020789995359670648 0.7172127957226104 0.03856284889078904
v -0.0009110998364032937 0.7131762507226105 0.03703428089078903
v -0.0009105997164032937 0.7169063987226105 0.038755945890789026
v -0.0009119999564032935 0.7159121337226104 0.039384148890789034
v 0.00020649994359670638 0.7129046317226104 0.03728409889078903
v -0.0009119999564032935 0.7159121337226104 0.039384148890789034
v 0.00020559993359670634 0.7156039177226104 0.03957916089078903
v -0.0009110998364032937 0.7131762507226105 0.03703428089078903
v 0.00020679994359670633 0.7106420697226105 0.036603159890789036
v -0.0009108001864032936 0.7107873257226105 0.03625193989078904
v 0.00020679994359670633 0.7086298767226105 0.03655803189078903
v -0.0009108001864032936 0.7086488007226105 0.036193228890789034
v -0.0009092004064032936 0.7112548647226105 0.03512023389078903
v -0.0009092004064032936 0.7087098357226105 0.03501734889078903
v 0.0008986997415967063 0.7136126457226104 0.036633692890789035
v 0.00020559993359670634 0.7156039177226104 0.03957916089078903
v 0.0008978002875967065 0.7164077457226105 0.039071648890789026
v 0.00020649994359670638 0.7129046317226104 0.03728409889078903
v 0.0008990001515967064 0.7110198737226106 0.03568835589078903
v 0.00020679994359670633 0.7106420697226105 0.036603159890789036
v 0.0008990001515967064 0.7086793187226105 0.03560763589078904
v 0.00020679994359670633 0.7086298767226105 0.03655803189078903
v -0.0009047158564032937 0.6977628767226105 0.034192502890789025
v -0.0009152151164032937 0.6978042427226105 0.03301766489078903
v -0.0009167976664032937 0.6998856957226105 0.034332953890789025
v -0.0009030830164032935 0.6997475917226105 0.03550044489078903
v 0.0008989596975967064 0.6977883577226105 0.03358910989078903
v 0.00021917082359670633 0.6997085217226104 0.03584840189078903
v 0.0008989331545967064 0.6998226647226105 0.03489602389078904
v 0.00021657603359670637 0.6977531317226104 0.03454562289078904
v -0.0009030830164032935 0.6997475917226105 0.03550044489078903
v -0.0009047158564032937 0.6977628767226105 0.034192502890789025
v 0.0008989596975967064 0.6977883577226105 0.03358910989078903
v -0.0009152151164032937 0.6978042427226105 0.03301766489078903
v 0.00019950023359670646 0.6978199477226105 0.03264480089078903
v -0.00027391745640329367 -0.05330637127738952 -0.08853191140921096
v -0.0008794108864032938 -0.05286565427738954 -0.08762574940921097
v 0.0005559044655967063 -0.05401939127738953 -0.08810189920921097
v 0.0004632691855967064 -0.05401939127738953 -0.08692998620921097
v -0.0004238045064032937 -0.05330637127738952 -0.08663570130921097
v 0.015387173733596706 0.7647680337226105 -0.0004618466092109613
v 0.015960125233596707 0.7641497557226105 0.00035759059078903366
v 0.016089503633596708 0.7648670677226105 -0.001399338209210968
v 0.017096518533596707 0.7643099727226105 -0.0011593029092109713
v 0.017016558933596708 0.7638666927226105 -7.345530921096244e-05
v -0.021489267266403295 0.7787444887226105 0.007115982490789027
v -0.015388189766403295 0.7647730707226105 -0.00047437100921096653
v -0.015948562866403292 0.7641561627226106 0.00035474449078903847
v -0.022109164866403293 0.7782604697226105 0.008003734090789028
v -0.017008411666403295 0.7638656497226104 -6.269660921097431e-05
v -0.023170628566403294 0.7779734437226105 0.007587887390789028
v -0.017103058266403293 0.7643029387226105 -0.0011498034092109616
v -0.023206750866403295 0.7779285907226104 0.004862368090789035
v -0.016101707666403293 0.7648636997226105 -0.0014042333092109671
v -0.022167612766403295 0.7784051297226104 0.004570722590789028
v -0.015388189766403295 0.7647730707226105 -0.00047437100921096653
v -0.025625727166403295 0.7917079027226105 0.00886920839078903
v -0.026336717466403294 0.7915093597226105 0.00979556889078903
v -0.027400662166403293 0.7912301417226104 0.009380772690789033
v -0.027347228466403292 0.7912560697226105 0.008198060090789036
v -0.026250257166403293 0.7915513217226104 0.007881894690789037
v -0.028187152966403294 0.8036251667226104 0.007535085090789026
v -0.028953169466403295 0.8036826847226104 0.008432783190789037
v -0.029541191666403295 0.8137098547226105 0.002677738690789036
v -0.03001862856640329 0.8034104707226104 0.008017212190789033
v -0.030332651966403293 0.8139635917226105 0.0035138502907890307
v -0.030053761766403293 0.8222218157226104 -0.0013949647092109663
v -0.02991110176640329 0.8031847777226104 0.006862677590789026
v -0.028779187266403293 0.8029658197226105 0.00498393919078903
v -0.028187152966403294 0.8036251667226104 0.007535085090789026
v -0.03139882626640329 0.8136968617226105 0.0030965581907890366
v -0.031266295366403296 0.8132783177226105 0.002002544690789032
v -0.03011821306640329 0.8132864237226105 0.0017436965907890317
v -0.029541191666403295 0.8137098547226105 0.002677738690789036
v -0.030853399066403296 0.8226113617226105 -0.0006238595092109694
v -0.03191981926640329 0.8223487437226105 -0.0010430589092109699
v -0.031779267866403296 0.8217968347226104 -0.0020732433092109648
v -0.030625981266403292 0.8217182757226105 -0.002290733109210963
v -0.030091610766403293 0.8283648487226105 -0.005115143909210973
v -0.030891695066403296 0.8288309867226105 -0.004390358909210967
v -0.03195814506640329 0.8285712897226105 -0.004811272009210971
v -0.031817165166403295 0.8279446067226105 -0.005796194109210964
v -0.03066358436640329 0.8278170527226105 -0.005983993409210964
v -0.030022148966403296 0.8317048247226104 -0.007338054509210962
v -0.030821879366403293 0.8322095867226105 -0.006639465709210965
v -0.03188846356640329 0.8319305177226104 -0.007048241809210973
v -0.03174791946640329 0.8312533197226104 -0.00799947230921097
v -0.030594472766403293 0.8311138747226104 -0.008178584309210965
v -0.030022059566403296 0.8385204677226105 -0.012497123309210968
v -0.030821126866403294 0.8391017017226104 -0.011855658109210965
v -0.03188809096640329 0.8387690487226105 -0.012222807809210971
v -0.031748441066403295 0.8379821477226105 -0.01309117670921097
v -0.030595169366403295 0.8378284867226105 -0.013260711009210967
v -0.030022052166403294 0.8446644247226105 -0.019141238209210966
v -0.030821123166403293 0.8453409967226104 -0.018602900209210967
v -0.03188808726640329 0.8449537457226104 -0.018911022709210967
v -0.031748437366403294 0.8440379207226105 -0.01963979000921097
v -0.030595165666403294 0.8438590767226104 -0.019782073809210966
v -0.030022052166403294 0.8500320017226104 -0.02702260390921097
v -0.030821119466403292 0.8507761957226105 -0.02658351880921097
v -0.03188808726640329 0.8503503207226104 -0.02683483060921097
v -0.031748437366403294 0.8493427637226105 -0.027429238009210967
v -0.030595165666403294 0.8491460977226104 -0.02754528820921097
v -0.030022055866403295 0.8545184137226105 -0.03589390960921097
v -0.030821123166403293 0.8553110957226104 -0.03555064270921097
v -0.03188808726640329 0.8548574447226105 -0.03574711460921097
v -0.031748441066403295 0.8537842927226105 -0.03621180730921097
v -0.030595169366403295 0.8535749617226105 -0.03630252930921097
v -0.030022055866403295 0.8580187857226105 -0.04550815000921097
v -0.030821123166403293 0.8588459487226106 -0.04525992270921097
v -0.03188808726640329 0.8583724797226104 -0.045401996009210965
v -0.031748437366403294 0.8572526277226105 -0.04573803210921097
v -0.030595169366403295 0.8570339677226104 -0.04580363630921097
v -0.030022052166403294 0.8604273797226105 -0.05561842210921097
v -0.030821119466403292 0.8612779077226105 -0.05546792410921097
v -0.03188808726640329 0.8607911467226105 -0.055554064009210966
v -0.031748437366403294 0.8596397047226105 -0.055757798209210965
v -0.030595165666403294 0.8594149647226105 -0.055797571309210967
v -0.030022048366403292 0.8616381587226105 -0.06597325112921097
v -0.030821119466403292 0.8624969127226105 -0.06589341442921097
v -0.031888079866403296 0.8620052937226105 -0.06593910976921097
v -0.03174843356640329 0.8608427047226105 -0.06604718509921097
v -0.030595161966403293 0.8606158197226105 -0.06606828514921097
v -0.030022052166403294 0.8623779117226105 -0.07667620433921096
v -0.030821119466403292 0.8632383347226105 -0.07662198785921097
v -0.031888079866403296 0.8627457917226105 -0.07665302045921096
v -0.03174843356640329 0.8615809377226105 -0.07672641053921096
v -0.030595161966403293 0.8613534267226104 -0.07674073939921097
v -0.03002204466640329 0.8630154137226105 -0.08788299370921096
v -0.030821111966403296 0.8638778327226104 -0.08786246920921097
v -0.031888076066403294 0.8633842167226105 -0.08787421880921097
v -0.03174842616640329 0.8622166217226105 -0.08790199090921097
v -0.030595158266403293 0.8619886637226104 -0.08790740740921096
v -0.03002204466640329 0.8629086017226104 -0.09941489990921097
v -0.030821111966403296 0.8637704257226104 -0.09947385450921097
v -0.031888076066403294 0.8632771077226105 -0.09944011460921097
v -0.03174842986640329 0.8621105547226104 -0.09936029090921097
v -0.030595158266403293 0.8618827457226105 -0.09934470800921097
v -0.03002204466640329 0.8614136877226104 -0.11108758670921097
v -0.030821111966403296 0.8622598047226104 -0.11126876620921097
v -0.03188807236640329 0.8617754877226105 -0.11116506160921097
v -0.03174842616640329 0.8606301547226105 -0.11091981450921097
v -0.030595158266403293 0.8604066077226105 -0.11087194080921098
v -0.03002204466640329 0.8578866417226105 -0.12271564080921096
v -0.030821111966403296 0.8586861787226105 -0.12305036190921097
v -0.031888076066403294 0.8582285937226104 -0.12285878880921097
v -0.03174842986640329 0.8571462627226105 -0.12240565940921097
v -0.030595158266403293 0.8569349347226105 -0.12231719490921097
v -0.03002204096640329 0.8516837657226104 -0.13411163170921098
v -0.030821108266403295 0.8523963687226105 -0.13460595900921096
v -0.03188807236640329 0.8519884947226104 -0.13432301950921097
v -0.03174842616640329 0.8510238227226105 -0.13365384560921095
v -0.03059515446640329 0.8508353827226105 -0.13352319220921097
v -0.030022037166403295 0.8421641287226105 -0.14508809890921098
v -0.030821104566403294 0.8427555557226105 -0.14572221040921096
v -0.03188807236640329 0.8424169717226104 -0.14535926280921097
v -0.031748422466403296 0.8416164817226105 -0.14450084420921097
v -0.030595150766403297 0.8414600787226105 -0.14433324340921097
v -0.030022037166403295 0.8303155307226104 -0.15399753300921099
v -0.030821104566403294 0.8307514787226105 -0.15474853660921095
v -0.03188807236640329 0.8305019737226105 -0.15431869770921097
v -0.031748422466403296 0.8299117687226105 -0.15330204370921097
v -0.030595150766403297 0.8297965827226105 -0.15310356020921095
v -0.030022033466403295 0.8177488447226104 -0.15941701830921096
v -0.030821100766403292 0.8179916147226105 -0.16025134920921097
v -0.03188806496640329 0.8178526167226104 -0.15977381170921096
v -0.031748418666403294 0.8175240757226105 -0.15864431110921096
v -0.030595147066403296 0.8174600007226105 -0.15842380370921097
v -0.030022033466403295 0.8047603967226105 -0.16149882970921098
v -0.030821100766403292 0.8047930597226105 -0.16236686710921097
v -0.03188806496640329 0.8047744627226106 -0.16187004000921096
v -0.031748418666403294 0.8047302067226105 -0.16069496420921098
v -0.030595147066403296 0.8047216537226105 -0.16046554590921097
v -0.030022033466403295 0.7916468677226105 -0.16039741780921096
v -0.030821100766403292 0.7914776207226104 -0.16124847530921096
v -0.03188806496640329 0.7915745377226104 -0.16076137870921098
v -0.031748418666403294 0.7918035687226105 -0.15960924330921097
v -0.030595147066403296 0.7918482717226105 -0.15938431020921096
v -0.030022037166403295 0.7787034217226105 -0.15626884250921097
v -0.030821104566403294 0.7783581317226105 -0.15706371520921097
v -0.03188806866640329 0.7785557207226105 -0.15660877520921096
v -0.031748418666403294 0.7790234087226104 -0.15553274000921097
v -0.030595150766403297 0.7791146637226105 -0.15532266350921098
v -0.030022037166403295 0.7662245037226105 -0.14926967020921095
v -0.030821104566403294 0.7657345237226105 -0.14998345820921097
v -0.03188806866640329 0.7660149927226105 -0.14957490560921097
v -0.031748418666403294 0.7666782737226105 -0.14860863980921096
v -0.030595150766403297 0.7668076757226105 -0.14841998370921097
v -0.030022033466403295 0.7545019387226104 -0.13955510410921096
v -0.030821100766403292 0.7538903657226105 -0.14016813040921097
v -0.03188806496640329 0.7542403937226105 -0.13981725270921097
v -0.031748418666403294 0.7550683317226105 -0.13898736240921097
v -0.030595147066403296 0.7552299197226104 -0.13882535700921095
v -0.030022037166403295 0.7449696067226105 -0.12810882180921096
v -0.030821104566403294 0.7442638877226104 -0.12860885260921096
v -0.03188806866640329 0.7446677987226105 -0.12832265350921096
v -0.031748418666403294 0.7456231417226105 -0.12764573840921095
v -0.030595150766403297 0.7458096147226105 -0.12751357630921095
v -0.030022037166403295 0.7379147117226105 -0.11630000920921096
v -0.030821104566403294 0.7371622917226105 -0.11672187600921097
v -0.03188806866640329 0.7375929057226105 -0.11648042500921096
v -0.031748418666403294 0.7386114297226105 -0.11590934540921097
v -0.030595150766403297 0.7388102407226105 -0.11579784000921098
v -0.030022037166403295 0.7319076357226104 -0.10486024620921097
v -0.030821104566403294 0.7311582567226105 -0.10528770090921097
v -0.03188806866640329 0.7315872017226105 -0.10504304620921097
v -0.031748418666403294 0.7326017617226105 -0.10446439310921096
v -0.030595150766403297 0.7327997987226105 -0.10435142370921097
v -0.030022037166403295 0.7255206107226104 -0.09451621770921097
v -0.030821104566403294 0.7248351867226105 -0.09504733790921097
v -0.03188806866640329 0.7252274747226104 -0.09474334490921096
v -0.031748422466403296 0.7261553707226105 -0.09402435090921096
v -0.030595150766403297 0.7263364787226105 -0.09388398940921097
v -0.03002204096640329 0.7173284587226105 -0.08598792830921097
v -0.030821108266403295 0.7168035507226105 -0.08668622750921097
v -0.03188807236640329 0.7171040177226105 -0.08628654200921097
v -0.03174842616640329 0.7178144457226106 -0.08534126080921096
v -0.03059515446640329 0.7179531757226105 -0.08515670520921097
v -0.03002204096640329 0.7058999537226105 -0.07998609821921096
v -0.030821111966403296 0.7056197817226104 -0.08081294782921097
v -0.03188807236640329 0.7057801487226105 -0.08033969625921097
v -0.03174842616640329 0.7061591747226105 -0.07922035967921097
v -0.030595158266403293 0.7062332037226104 -0.07900182995921097
v -0.030022026066403293 0.6897857487226104 -0.07722743274921097
v -0.030821000266403296 0.6897009017226104 -0.07808776152921097
v -0.031888016466403296 0.6897504927226105 -0.07759569445921097
v -0.03174850066640329 0.6898661557226105 -0.07643123901921096
v -0.030595255066403294 0.6898878217226105 -0.07620364427921097
v -0.030045025966403294 0.6732417047226105 -0.07675506826921097
v -0.030843795266403295 0.6732409297226105 -0.07761788600921096
v -0.03191092706640329 0.6732459667226105 -0.07712464592921096
v -0.031771679366403294 0.6732501087226105 -0.07595699559921097
v -0.030618493466403295 0.6732473377226105 -0.07572858104921097
v -0.030104384766403293 0.6607035547226104 -0.07701760530921097
v -0.030902915666403297 0.6607548297226105 -0.07787931710921096
v -0.03197015546640329 0.6607354437226105 -0.07738658692921097
v -0.03183121696640329 0.6606721277226104 -0.07622034800921097
v -0.03067810926640329 0.6606524437226104 -0.07599230529921097
v -0.03018554016640329 0.6509876847226105 -0.07785557070921097
v -0.03098359056640329 0.6510986087226105 -0.07871213228921096
v -0.0320510687664033 0.6510497777226105 -0.07822191481921097
v -0.031912756166403294 0.6509087827226104 -0.07706238515921096
v -0.030759797466403296 0.6508703377226105 -0.07683596852921097
v -0.030273948766403297 0.6429023447226105 -0.07910957606921097
v -0.031071503666403294 0.6430607437226105 -0.07995876576921097
v -0.03213924636640329 0.6429864317226105 -0.07947245845921097
v -0.032001589466403295 0.6427822707226105 -0.07832271372921097
v -0.03084876856640329 0.6427303847226105 -0.07809843774921096
v -0.030355107966403297 0.6352554117226105 -0.08062072563921097
v -0.031152551066403293 0.6354271467226105 -0.08146722521921097
v -0.03222038686640329 0.6353423897226105 -0.08098296913921096
v -0.03208289756640329 0.6351182017226105 -0.07983718160921097
v -0.030930091666403293 0.6350644527226105 -0.07961330655921096
v -0.03041447416640329 0.6268543747226105 -0.08223014600921097
v -0.031212110966403292 0.6270031927226105 -0.08308101440921097
v -0.03227987976640329 0.6269253347226105 -0.08259540330921097
v -0.03214216696640329 0.6267283857226105 -0.08144439477921096
v -0.030989282766403295 0.6266845467226105 -0.08121865987921097
v -0.030437541166403292 0.6165002587226105 -0.08377990500921097
v -0.031235330766403294 0.6166592987226105 -0.08462907560921097
v -0.03230298026640329 0.6165912747226104 -0.08414176660921097
v -0.03216503276640329 0.6163901687226104 -0.08299142590921096
v -0.031012129966403297 0.6163339317226104 -0.08276777060921096
v -0.030837242466403292 0.6024038787226105 -0.08654998520921096
v -0.031633180566403296 0.6026334617226105 -0.08738515620921097
v -0.032700785466403294 0.6025638727226105 -0.08689796180921097
v -0.03256466706640329 0.6022913157226104 -0.08576169700921096
v -0.031412933966403295 0.6021924317226105 -0.08554662480921096
v -0.03183635786640329 0.5845229477226105 -0.09144752290921096
v -0.032629144366403295 0.5848102417226104 -0.09226682410921097
v -0.03369716646640329 0.5847323837226105 -0.09178178570921097
v -0.03356445296640329 0.5843969877226105 -0.09066272530921096
v -0.03241441116640329 0.5842675567226104 -0.09045613930921097
v -0.03248623476640329 0.5743937497226105 -0.09460269660921097
v -0.03327792606640329 0.5746980907226105 -0.09541667620921096
v -0.03434622376640329 0.5746159557226105 -0.09493297340921097
v -0.03421477316640329 0.5742608457226105 -0.09382005410921096
v -0.033065238066403296 0.5741235167226104 -0.09361593050921097
v -0.033135858366403294 0.5642684697226105 -0.09775665030921096
v -0.033927173366403295 0.5645786817226105 -0.09856879900921096
v -0.03499582126640329 0.5644910927226104 -0.09808679300921097
v -0.03486496306640329 0.5641267597226105 -0.09697675520921097
v -0.03371544276640329 0.5639891627226105 -0.09677270610921096
v -0.03378679326640329 0.5536552967226105 -0.10126096380921097
v -0.0345777505664033 0.5539713497226104 -0.10207118650921096
v -0.035646730066403294 0.5538783367226104 -0.10159099290921098
v -0.0355164380664033 0.5535048097226105 -0.10048396700921097
v -0.034366932666403296 0.5533669887226105 -0.10028001480921098
v -0.03443749716640329 0.5430459377226105 -0.10476404060921096
v -0.035228596066403293 0.5433596517226105 -0.10557502510921096
v -0.03629804126640329 0.5432590987226105 -0.10509730870921097
v -0.036167890766403296 0.5428832467226105 -0.10399108750921096
v -0.0350180091664033 0.5427514757226105 -0.10378511250921096
v -0.03494038156640329 0.5326530637226105 -0.10826060920921096
v -0.035731595966403296 0.5329644607226105 -0.10907237600921096
v -0.036801406166403296 0.5328563447226105 -0.10859720040921098
v -0.036671371166403295 0.5324781607226104 -0.10749175770921096
v -0.035521195266403294 0.5323524997226105 -0.10728372260921097
v -0.035443008866403294 0.5222656797226105 -0.11175533010921096
v -0.03623477836640329 0.5225655137226105 -0.11257098990921097
v -0.03730514736640329 0.5224458127226105 -0.11209972200921098
v -0.037174900066403296 0.5220719727226104 -0.11099278930921097
v -0.036024034966403294 0.5219606607226105 -0.11077994850921097
v -0.03585445976640329 0.5033434480226104 -0.11801463740921098
v -0.03664714186640329 0.5036042556226105 -0.11884315310921097
v -0.037718177766403294 0.5034524351226105 -0.11838243160921097
v -0.03758743126640329 0.5030977428226104 -0.11726918820921098
v -0.03643559016640329 0.5030304119226104 -0.11704187090921098
v -0.03537489936640329 0.4876614958226105 -0.12283794210921097
v -0.03616645656640329 0.48786466572261045 -0.12368358300921097
v -0.03723679206640329 0.4877013564226105 -0.12322559210921097
v -0.03710674216640329 0.4873972535226105 -0.12209687750921097
v -0.035956029766403295 0.4873726070226105 -0.12185731530921097
v -0.03504001446640329 0.47937528792261047 -0.12482820080921098
v -0.0358304576664033 0.4795350432226105 -0.12568368760921098
v -0.03690220506640329 0.4794151857226105 -0.12521442020921097
v -0.03677413706640329 0.47918138652261044 -0.12406894190921097
v -0.03562324216640329 0.47915674002261044 -0.12383024020921096
v -0.03501091986640329 0.4684535786226105 -0.12672118840921098
v -0.035801068866403295 0.4685824029226105 -0.12758222220921098
v -0.036873088266403294 0.4685202203226105 -0.12710325050921095
v -0.0367454821664033 0.46835294742261047 -0.12594619390921097
v -0.035594602066403296 0.46831174942261045 -0.12571008500921096
v -0.035208527966403294 0.4553750790226105 -0.12822059170921096
v -0.035999161166403296 0.45546369622261046 -0.12908633800921096
v -0.03707061796640329 0.4554432854226105 -0.12860273200921096
v -0.03694218116640329 0.4553420469226105 -0.12743810190921095
v -0.03579134586640329 0.45529989152261047 -0.12720193710921096
v -0.0355535792664033 0.44058332592261046 -0.12903560320921098
v -0.036345285366403295 0.4406222738226105 -0.12990416960921097
v -0.03741595246640329 0.4406376462226105 -0.12941867480921096
v -0.0372859546664033 0.4406081587226105 -0.12825008110921096
v -0.03613494426640329 0.44057459012261047 -0.12801332030921098
v -0.035967116266403296 0.4245263105226105 -0.12887412680921095
v -0.036760312466403294 0.4245048724126105 -0.12974214180921095
v -0.03783013766640329 0.42455442529261045 -0.12925708290921095
v -0.03769812826640329 0.4246064191726105 -0.12808929010921097
v -0.036546719266403294 0.42458906304261046 -0.12785260750921096
v -0.03637024856640329 0.4076532572526105 -0.12744376810921096
v -0.03716513236640329 0.40755888168261045 -0.12830564010921097
v -0.038234149066403295 0.40764352958261046 -0.12782363590921098
v -0.03809995666640329 0.4077902045126105 -0.12666385250921097
v -0.036948000066403294 0.40779623203261045 -0.12642909590921098
v -0.03668474876640329 0.3903874419226105 -0.12444852660921096
v -0.037481666566403296 0.3902363796226105 -0.12529962140921097
v -0.038548969666403296 0.3903843127226105 -0.12482734400921097
v -0.038411681566403295 0.39062677512261046 -0.12368434670921097
v -0.03725953116640329 0.39062872152261047 -0.12345021960921096
v -0.03784585096640329 0.37311682102261046 -0.11992776390921098
v -0.03864419556640329 0.3729593493226105 -0.12077625090921096
v -0.039704234366403295 0.37320715192261045 -0.12032886220921096
v -0.03956104166640329 0.37351774422261047 -0.11920386920921097
v -0.03841248996640329 0.3734619356226105 -0.11895596980921097
v -0.04050979856640329 0.3560803048226105 -0.11448650060921098
v -0.041305051166403296 0.35594377662261045 -0.11534150690921097
v -0.0423510679664033 0.35628069192261047 -0.11492234840921098
v -0.042202294766403296 0.3566254265226105 -0.11380830410921097
v -0.04106432666640329 0.3565015644226105 -0.11353892830921097
v -0.04417424746640329 0.3394475430226105 -0.10866559670921097
v -0.04496465716640329 0.33933386202261046 -0.10952842230921098
v -0.04599916286640329 0.3397226184226105 -0.10912719370921097
v -0.04584810976640329 0.34007654342261046 -0.10801639410921096
v -0.044720248366403294 0.33990655842261047 -0.10773111130921097
v -0.04834120816640329 0.32335893812261046 -0.10299495420921097
v -0.049124979366403296 0.3232716620226105 -0.10386691610921098
v -0.050154780066403296 0.3236782327226105 -0.10347171500921097
v -0.0500074559664033 0.32401674242261047 -0.10235551560921097
v -0.0488866017664033 0.3238194138226105 -0.10206086750921096
v -0.052513835066403294 0.3079586477226105 -0.09800368920921097
v -0.05328895616640329 0.3079042287226105 -0.09888606700921096
v -0.05432367786640329 0.3082922177226105 -0.09848455150921097
v -0.05418804376640329 0.3085864487226105 -0.09735404700921096
v -0.0530695030664033 0.3083802837226105 -0.09705684330921097
v -0.056195945466403295 0.29339622672261045 -0.09421977770921097
v -0.0569602968664033 0.2933855877226105 -0.09511327560921097
v -0.058011391166403296 0.29370827272261046 -0.09469443930921097
v -0.0578966596664033 0.2939183267226105 -0.09354209710921096
v -0.056774646966403296 0.2937254757226105 -0.09324874540921096
v -0.05889497786640329 0.27982103872261044 -0.09216687830921097
v -0.05965453476640329 0.27984003772261046 -0.09306392450921097
v -0.060727176266403296 0.2800517527226105 -0.09262698890921096
v -0.06063054596640329 0.2801636007226105 -0.09145992060921096
v -0.05949818436640329 0.2800209967226105 -0.09117555430921097
v -0.060318329366403294 0.26670604972261047 -0.09129270350921097
v -0.06107750256640329 0.26672863972261046 -0.09218997690921096
v -0.0621572071664033 0.26687523772261046 -0.09174871260921097
v -0.0620653340664033 0.26694324572261047 -0.09057872560921097
v -0.06092884486640329 0.26683868472261046 -0.09029687570921097
v -0.06174352856640329 0.2535741027226105 -0.09041740190921096
v -0.06250626686640329 0.25356379172261045 -0.09131248290921097
v -0.06358898526640329 0.25368265772261045 -0.09086936710921097
v -0.0634953984664033 0.25376643272261046 -0.08970042880921097
v -0.062354841266403296 0.2536993477226105 -0.08942107860921097
v -0.06237812436640329 0.24017503872261048 -0.08922305890921096
v -0.06314242726640329 0.24013172072261046 -0.09011522120921096
v -0.0629897871664033 0.24029287672261046 -0.08822608740921097
v -0.06422645696640329 0.24022278172261047 -0.08966962620921097
v -0.06413212516640329 0.24032238172261047 -0.08850208110921097
v 0.0006320408425967064 -0.05330637127738952 -0.08663572090921097
v 0.0010876466115967063 -0.05286565427738954 -0.08762576800921097
v -0.00025503290640329366 -0.05401939127738953 -0.08693000580921097
v -0.0003476690064032936 -0.05401939127738953 -0.08810191790921097
v 0.0004821526235967064 -0.05330637127738952 -0.08853193000921097
v -0.015388189766403295 0.7647730707226105 -0.00047437100921096653
v -0.016101707666403293 0.7648636997226105 -0.0014042333092109671
v -0.015948562866403292 0.7641561627226106 0.00035474449078903847
v -0.017008411666403295 0.7638656497226104 -6.269660921097431e-05
v -0.017103058266403293 0.7643029387226105 -0.0011498034092109616
v -0.06348527316640329 0.24905018472261048 -0.09090818090921096
v -0.06364350856640329 0.24958014472261048 -0.08987083100921096
v -0.06269463986640329 0.24819271272261048 -0.09076120140921097
v -0.0623642215664033 0.24819271272261048 -0.08963302340921096
v -0.0629506567664033 0.24905018472261048 -0.08908275330921096
v -0.04127015636640329 0.2690865397226105 -0.09642331860921097
v -0.041111924666403295 0.2685565797226105 -0.09746066850921097
v -0.040577311966403296 0.2685565797226105 -0.09563522040921096
v -0.0399908767664033 0.26769910772261046 -0.09618550910921098
v -0.04032128766640329 0.26769910772261046 -0.09731368720921096
v -0.0641706520664033 0.24373325672261048 -0.08869869070921096
v -0.0644558230664033 0.24413208672261047 -0.08976713010921097
v -0.06319335936640329 0.24308793272261048 -0.08880071340921097
v -0.06287452676640329 0.24308793272261048 -0.08993222940921097
v -0.06365476646640329 0.24373325672261048 -0.09052949580921096
v -0.0808936515664033 0.21997061372261048 -0.09439895300921097
v -0.0806084805664033 0.21957176972261047 -0.09333051370921097
v -0.0800926023664033 0.21957176972261047 -0.09516132060921097
v -0.0793123477664033 0.21892645972261046 -0.09456405420921096
v -0.0796311953664033 0.21892645972261046 -0.09343253820921096
v -0.0624965661664033 0.24525809272261048 -0.09027225340921097
v -0.0628385776664033 0.24577204872261046 -0.08927182850921098
v -0.06328291536640329 0.24442651872261048 -0.09054074990921096
v -0.06411092816640329 0.24442651872261048 -0.08970626630921097
v -0.0638363072664033 0.24525809272261048 -0.08892202190921097
v -0.046912510866403294 0.22561001772261047 -0.07346953183921097
v -0.04657049946640329 0.22509607672261048 -0.07446996005921097
v -0.04791024046640329 0.22509607672261048 -0.07311972404921097
v -0.04818485766640329 0.22426448772261048 -0.07390395900921097
v -0.047356852366403294 0.22426448772261048 -0.07473845267921096
v -0.0633524367664033 0.2504876407226105 -0.08909797480921097
v -0.062422336066403294 0.25091235372261045 -0.08967805650921097
v -0.06395760276640329 0.24980045872261047 -0.08983520230921097
v -0.0634015211664033 0.24980045872261047 -0.09087093170921097
v -0.062452674866403296 0.2504876407226105 -0.09077380970921096
v -0.07840809316640329 0.2741980257226105 -0.09826081990921097
v -0.0793381864664033 0.27377331272261046 -0.09768071770921097
v -0.0784384244664033 0.27377331272261046 -0.09935657310921096
v -0.07938727086640329 0.27308613072261045 -0.09945369510921097
v -0.07994335986640329 0.27308613072261045 -0.09841796570921096
v -0.061694690066403296 0.26433879172261043 -0.08906801040921097
v -0.060933289166403296 0.26474165872261046 -0.08986797000921097
v -0.0624976986664033 0.26368691072261047 -0.08962678720921097
v -0.0622325772664033 0.26368691072261047 -0.09077207370921098
v -0.06126572286640329 0.26433879172261043 -0.09092113190921097
v -0.07831155606640329 0.2895975117226105 -0.09389079730921096
v -0.07907296066640329 0.2891946437226105 -0.09309083590921097
v -0.0786439934664033 0.2891946437226105 -0.09494395930921097
v -0.0796108478664033 0.2885427777226105 -0.09479490110921096
v -0.07987596186640329 0.2885427777226105 -0.09364961270921096
v -0.06161582566640329 0.26380091872261047 -0.09102517740921097
v -0.06229864896640329 0.2643057857226105 -0.09021226690921097
v -0.060959716366403294 0.2629840377226105 -0.09049209390921097
v -0.06123703806640329 0.2629840377226105 -0.08934968710921097
v -0.06206454426640329 0.26380091872261047 -0.08917676660921096
v -0.04131780656640329 0.28448131672261046 -0.08511899690921097
v -0.040634983266403295 0.2839764657226105 -0.08593190930921096
v -0.0410837018664033 0.2839764657226105 -0.08408347890921097
v -0.040256195666403295 0.28315958372261046 -0.08425641800921096
v -0.039978870166403294 0.28315958372261046 -0.08539882390921097
v 0.0666319569335967 0.2555264387226105 -0.08940700250921096
v 0.06598202793359671 0.25603388272261046 -0.09024488180921098
v 0.06730267313359671 0.25470533972261045 -0.08991487320921096
v 0.0670672720335967 0.25470533972261045 -0.09106664360921096
v 0.0662510683335967 0.2555264387226105 -0.09127059760921097
v 0.0436576595335967 0.23497547172261046 -0.08568210340921097
v 0.044307588633596705 0.23446801272261047 -0.08484422410921097
v 0.04392670003359671 0.23446801272261047 -0.08670779970921097
v 0.0447429036335967 0.23364692972261047 -0.08650384660921097
v 0.0449783085335967 0.23364692972261047 -0.08535207530921096
v 0.06637298223359671 0.2598709757226105 -0.08959445730921096
v 0.0670669516335967 0.2603869437226105 -0.09039079400921096
v 0.06575133563359671 0.2590361237226105 -0.09014085490921096
v 0.06606110833359671 0.2590361237226105 -0.09127486870921096
v 0.06687420513359671 0.2598709757226105 -0.09142934530921097
v 0.04496426783359671 0.28079651272261047 -0.09642842970921096
v 0.04427029843359671 0.2802805607226105 -0.09563209300921097
v 0.04477152133359671 0.2802805607226105 -0.09746698100921097
v 0.043958424633596706 0.27944570772261046 -0.09731250440921096
v 0.04364865183359671 0.27944570772261046 -0.09617849070921097
v 0.0646873479335967 0.2762733847226105 -0.09077722210921096
v 0.06547554493359671 0.2767942847226105 -0.09147676270921097
v 0.0641518896335967 0.27543057472261046 -0.09139762630921097
v 0.0646091615335967 0.27543057472261046 -0.09248061850921097
v 0.06542722783359671 0.2762733847226105 -0.09252952410921098
v 0.04492794253359671 0.29623474172261044 -0.10015256700921096
v 0.044139745633596704 0.2957138497226105 -0.09945300780921097
v 0.04487962553359671 0.2957138497226105 -0.10120532660921097
v 0.044061562933596705 0.2948710327226105 -0.10115640420921096
v 0.043604291033596705 0.2948710327226105 -0.10007341210921097
v 0.06406471043359671 0.2767736907226105 -0.09238254280921096
v 0.0643922006335967 0.2772715837226105 -0.09136920610921097
v 0.0648715412335967 0.27596810472261046 -0.09266891140921096
v 0.0656976765335967 0.27596810472261046 -0.09183255950921097
v 0.06540142653359671 0.2767736907226105 -0.09102931800921096
v 0.08227807933359671 0.3014652277226105 -0.10903693730921096
v 0.08195058903359671 0.3009673507226105 -0.11005025730921097
v 0.0832873052335967 0.3009673507226105 -0.10869703070921097
v 0.0835835552335967 0.3001617487226105 -0.10950028900921097
v 0.0827574124335967 0.3001617487226105 -0.11033662410921097
v 0.06707920783359671 0.25311139272261046 -0.09103463960921096
v 0.06729065533359671 0.2535127697226105 -0.08995013870921097
v 0.0661000302335967 0.25246195472261046 -0.09099715950921097
v 0.0657063117335967 0.25246195472261046 -0.08988946680921096
v 0.0664421608335967 0.25311139272261046 -0.08924238010921097
v 0.0835383674335967 0.22934913672261048 -0.08417499340921097
v 0.08332691993359671 0.22894775872261047 -0.08525949250921097
v 0.08268987293359671 0.22894775872261047 -0.08346723300921097
v 0.08195403123359671 0.22829832172261047 -0.08411432060921097
v 0.08234774223359671 0.22829832172261047 -0.08522201330921098
v 0.0657571843335967 0.2622154057226105 -0.09171893820921097
v 0.0656662797335967 0.2626393887226105 -0.09062625650921097
v 0.0667107394335967 0.2615293707226105 -0.09176421910921097
v 0.0672091683335967 0.2615293707226105 -0.09069955530921096
v 0.0665636575335967 0.2622154057226105 -0.08999623920921096
v 0.08205626063359671 0.28592720672261046 -0.09829919600921097
v 0.0821471652335967 0.2855032237226105 -0.09939185900921096
v 0.08295363843359671 0.2855032237226105 -0.09766917860921097
v 0.08359914923359671 0.28481718872261047 -0.09837247620921097
v 0.08310072033359671 0.28481718872261047 -0.09943715850921098
v -0.0009510538064032934 0.14282125272261048 -0.03226378930921097
v 2.6735967064393795e-09 0.1429182587226105 -0.03294793140921097
v -0.0005877825864032936 0.14266428372261047 -0.03115683050921097
v 0.0005877880615967064 0.14266428372261047 -0.03115683050921097
v 0.0009510592785967064 0.14282125272261048 -0.03226378930921097
v -3.02640329355279e-09 -0.04926908027738952 -0.08847446180921097
v -0.0009510593964032936 -0.04962986727738955 -0.08788516740921097
v 0.0009510535455967064 -0.04962986727738955 -0.08788516740921097
v 0.0005877824145967064 -0.05021366427738955 -0.08693164590921097
v -0.0005877881764032936 -0.05021366427738955 -0.08693164590921097
v 0.0010919170455967065 0.6767336727226105 0.02301640809078903
v 0.00014086056359670644 0.6767382617226105 0.023707382390789025
v 0.0007286458275967064 0.6767260437226105 0.021898396290789032
v -0.0004469247064032935 0.6767260437226105 0.021898396290789032
v -0.0008101959264032936 0.6767336727226105 0.02301640809078903
v 0.00014087022359670644 -0.05396249927738955 -0.08653249500921097
v 0.0010919267365967064 -0.053530484277389545 -0.08707177920921097
v -0.0008101861464032936 -0.053530484277389545 -0.08707177920921097
v -0.0004469150464032935 -0.05283147127738952 -0.08794435300921097
v 0.0007286554895967064 -0.05283147127738952 -0.08794435300921097
v -0.0009510531064032936 -0.052581370277389516 -0.08790708330921096
v 3.3735967064612432e-09 -0.051890433277389514 -0.08790250490921096
v -0.0005877820064032937 -0.05369937427738952 -0.08791446500921096
v 0.0005877885265967063 -0.05369937427738952 -0.08791446500921096
v 0.0009510598905967064 -0.052581370277389516 -0.08790708330921096
v 6.753596706399537e-09 -0.03878614327738955 -0.14799980070921098
v -0.0009510498464032936 -0.03942781727738953 -0.14825618270921098
v 0.0009510632375967065 -0.03942781727738953 -0.14825618270921098
v 0.0005877918445967064 -0.04046601027738955 -0.148671053309211
v -0.0005877786364032935 -0.04046601027738955 -0.148671053309211
v 9.578315359670643e-05 0.7099840937226105 0.030309460890789036
v 0.00019836635359670634 0.7106750307226104 0.029363832890789032
v 0.0001627434935967064 0.7088663877226105 0.029951683890789033
v 0.0003067102535967063 0.7088663877226105 0.02878497589078903
v 0.0003287264835967064 0.7099840937226105 0.028421662890789026
v 0.00022702478359670633 0.6757781807226104 0.022413551790789035
v 0.00011036638359670646 0.6761718397226104 0.023515082890789032
v 0.00043910462359670634 0.6767019327226105 0.02171815189078903
v 0.0004535189365967064 0.6776666047226105 0.022389903690789026
v 0.00025034754359670643 0.6773389877226105 0.02350045739078903
v 0.0001082055935967064 0.7099840937226105 0.028421662890789026
v 0.00023856572359670647 0.7106750307226104 0.029363832890789032
v 0.00013022148359670633 0.7088663877226105 0.02878497589078903
v 0.00027418835359670646 0.7088663877226105 0.029951683890789033
v 0.00034114869359670643 0.7099840937226105 0.030309460890789036
v 0.00020990811359670645 0.6757781807226104 0.022413551790789035
v -2.1714964032935012e-06 0.6767019327226105 0.02171815189078903
v 0.0003265665135967063 0.6761718397226104 0.023515082890789032
v 0.00018658535359670635 0.6773389877226105 0.02350045739078903
v -1.6585926403293655e-05 0.6776666047226105 0.022389903690789026
v -0.032326162766403294 0.6944012347226105 0.0029732882907890362
v -0.0313751110664033 0.6944312747226105 0.0036636143907890356
v -0.03196289106640329 0.6943523887226104 0.0018563195907890379
v -0.03078732356640329 0.6943523887226104 0.0018563195907890379
v -0.03042405196640329 0.6944012347226105 0.0029732882907890362
v -0.0313751110664033 0.7536224127226105 0.01195729519078903
v -0.032326166566403296 0.7536439297226105 0.011266648790789036
v -0.03042405196640329 0.7536439297226105 0.011266648790789036
v -0.03078732356640329 0.7536784117226105 0.010149151090789038
v -0.031962894866403295 0.7536784117226105 0.010149151090789038
v 0.031200942533596707 0.6944012347226105 0.0029732733907890385
v 0.03215198493359671 0.6944312747226105 0.0036636143907890356
v 0.031564236633596705 0.6943523887226104 0.0018563046907890263
v 0.032739806033596705 0.6943523887226104 0.0018563344907890356
v 0.033103055333596705 0.6944012347226105 0.00297331069078903
v 0.032151986833596706 0.7539739607226105 0.013538069990789034
v 0.031200944433596705 0.7539953287226104 0.012847401190789032
v 0.033103059033596706 0.7539953287226104 0.012847438490789037
v 0.032739809733596706 0.7540299597226106 0.011729940790789026
v 0.031564240333596706 0.7540299597226106 0.011729903490789034
v -0.03200940506640329 0.8612914677226104 -0.07109984668221096
v -0.031058349666403293 0.8613087237226105 -0.07179061681421096
v -0.031646133366403296 0.8612633947226105 -0.06998216895921097
v -0.030470562166403294 0.8612633947226105 -0.06998216895921097
v -0.030107294166403294 0.8612914677226104 -0.07109985145521097
v -0.031058349666403293 0.8135340507226105 -0.07298980501921097
v -0.03200940876640329 0.8135168257226104 -0.07229903488721097
v -0.030107294166403294 0.8135168257226104 -0.07229903966121097
v -0.030470562166403294 0.8134887517226105 -0.07118135719821096
v -0.031646133366403296 0.8134887517226105 -0.07118135719821096
v 0.030107294233596708 0.8612914677226104 -0.07109984668221096
v 0.031058351533596706 0.8613087237226105 -0.07179060728221097
v 0.030470564033596707 0.8612633947226105 -0.06998216430921096
v 0.03164613343359671 0.8612633947226105 -0.06998215941921097
v 0.032009406933596704 0.8612914677226104 -0.07109984190921097
v 0.031058353333596706 0.8135340507226105 -0.07298979546921097
v 0.030107297933596705 0.8135168257226104 -0.07229903488721097
v 0.032009410633596705 0.8135168257226104 -0.07229903011421097
v 0.03164613713359671 0.8134887517226105 -0.07118134771021097
v 0.030470565933596705 0.8134887517226105 -0.07118135248321097
v -0.030107294166403294 0.8485819697226105 -0.07093450810921097
v -0.031058349666403293 0.8491366207226105 -0.07052245887921096
v -0.030470562166403294 0.8476844427226105 -0.07160121708921097
v -0.031646133366403296 0.8476844427226105 -0.07160121708921097
v -0.03200940506640329 0.8485819697226105 -0.07093450810921097
v -0.031058386866403297 0.8356136677226105 -0.05231847050921097
v -0.030107294166403294 0.8350590167226104 -0.05273052120921097
v -0.03200940506640329 0.8350590167226104 -0.05273052120921097
v -0.031646133366403296 0.8341614897226104 -0.05339722890921097
v -0.030470562166403294 0.8341614897226104 -0.05339722890921097
v -0.030107294166403294 0.8295771477226105 -0.07093450810921097
v -0.031058349666403293 0.8301317987226104 -0.07052245887921096
v -0.030470562166403294 0.8286796207226105 -0.07160121708921097
v -0.031646133366403296 0.8286796207226105 -0.07160121708921097
v -0.03200940506640329 0.8295771477226105 -0.07093450810921097
v -0.031058386866403297 0.8166088457226105 -0.05231847050921097
v -0.030107294166403294 0.8160541947226105 -0.05273052120921097
v -0.03200940506640329 0.8160541947226105 -0.05273052120921097
v -0.031646133366403296 0.8151566687226105 -0.05339722890921097
v -0.030470562166403294 0.8151566687226105 -0.05339722890921097
v -0.032009401366403296 0.8295771477226105 -0.07156393319021097
v -0.031058345966403292 0.8301317987226104 -0.07197598248717096
v -0.031646129666403296 0.8286796207226105 -0.07089722423921097
v -0.030470558466403293 0.8286796207226105 -0.07089722423921097
v -0.030107286766403292 0.8295771477226105 -0.07156393319021097
v -0.031058386866403297 0.8166088457226105 -0.09017995560921097
v -0.03200940506640329 0.8160541947226105 -0.08976793100921096
v -0.030107294166403294 0.8160541947226105 -0.08976793100921096
v -0.030470562166403294 0.8151566687226105 -0.08910121580921096
v -0.031646133366403296 0.8151566687226105 -0.08910121580921096
v -0.032009401366403296 0.8485819697226105 -0.07156393319021097
v -0.031058345966403292 0.8491366207226105 -0.07197598248717096
v -0.031646133366403296 0.8476844427226105 -0.07089722423921097
v -0.030470562166403294 0.8476844427226105 -0.07089722423921097
v -0.030107290466403293 0.8485819697226105 -0.07156393319021097
v -0.031058345966403292 0.8356136677226105 -0.09017995560921097
v -0.032009401366403296 0.8350590167226104 -0.08976791050921097
v -0.030107290466403293 0.8350590167226104 -0.08976791050921097
v -0.030470562166403294 0.8341614897226104 -0.08910119720921097
v -0.031646133366403296 0.8341614897226104 -0.08910119720921097
v 0.030107292333596707 0.8295771477226105 -0.07156392844621097
v 0.031058349633596705 0.8301317987226104 -0.07197597771892097
v 0.030470564033596707 0.8286796207226105 -0.07089721946921097
v 0.03164613343359671 0.8286796207226105 -0.07089721946921097
v 0.03200940513359671 0.8295771477226105 -0.07156392844621097
v 0.031058355233596707 0.8166088457226105 -0.09017995560921097
v 0.030107299833596706 0.8160541947226105 -0.08976791050921097
v 0.03200941253359671 0.8160541947226105 -0.08976791050921097
v 0.031646139033596705 0.8151566687226105 -0.08910121580921096
v 0.030470567733596705 0.8151566687226105 -0.08910121580921096
v 0.032009410633596705 0.8295771477226105 -0.07093449867921096
v 0.031058353333596706 0.8301317987226104 -0.07052244932921096
v 0.031646139033596705 0.8286796207226105 -0.07160121234521097
v 0.030470567733596705 0.8286796207226105 -0.07160121234521097
v 0.030107297933596705 0.8295771477226105 -0.07093449867921096
v 0.031058345933596708 0.8166088457226105 -0.05231846680921097
v 0.03200940513359671 0.8160541947226105 -0.052730515609210965
v 0.030107290533596707 0.8160541947226105 -0.052730515609210965
v 0.030470564033596707 0.8151566687226105 -0.05339722520921097
v 0.03164613343359671 0.8151566687226105 -0.05339722520921097
v 0.030107292333596707 0.8485819697226105 -0.07156392844621097
v 0.031058351533596706 0.8491366207226105 -0.07197597771892097
v 0.030470564033596707 0.8476844427226105 -0.07089721946921097
v 0.03164613343359671 0.8476844427226105 -0.07089721946921097
v 0.032009406933596704 0.8485819697226105 -0.07156392844621097
v 0.031058353333596706 0.8356136677226105 -0.09017995560921097
v 0.030107297933596705 0.8350590167226104 -0.08976791050921097
v 0.032009410633596705 0.8350590167226104 -0.08976791050921097
v 0.031646139033596705 0.8341614897226104 -0.08910119720921097
v 0.030470567733596705 0.8341614897226104 -0.08910119720921097
v 0.032009406933596704 0.8485819697226105 -0.07093449867921096
v 0.031058351533596706 0.8491366207226105 -0.07052244932921096
v 0.03164613713359671 0.8476844427226105 -0.07160121234521097
v 0.030470565933596705 0.8476844427226105 -0.07160121234521097
v 0.030107294233596708 0.8485819697226105 -0.07093449867921096
v 0.031058349633596705 0.8356136677226105 -0.05231846680921097
v 0.03200940513359671 0.8350590167226104 -0.052730515609210965
v 0.030107292333596707 0.8350590167226104 -0.052730515609210965
v 0.030470564033596707 0.8341614897226104 -0.05339722520921097
v 0.03164613343359671 0.8341614897226104 -0.05339722520921097
v -0.0008794108864032938 -0.05286565427738954 -0.08762574940921097
v 0.005794078113596706 -0.04163450027738952 -0.08686366770921097
v 0.006273949523596707 -0.041838735277389516 -0.08585626350921097
v -0.0004238045064032937 -0.05330637127738952 -0.08663570130921097
v -0.00027391745640329367 -0.05330637127738952 -0.08853191140921096
v 0.007233052513596706 -0.04218289227738953 -0.08612386510921097
v 0.0004632691855967064 -0.05401939127738953 -0.08692998620921097
v 0.006456603763596707 -0.041845798277389545 -0.08775334990921096
v 0.0005559044655967063 -0.05401939127738953 -0.08810189920921097
v 0.007345939053596706 -0.042185992277389506 -0.08729623540921097
v 0.013405902333596707 -0.02745464427738953 -0.08477279450921096
v 0.014446153333596706 -0.027932256277389544 -0.08504651770921097
v 0.014577934533596706 -0.02787181727738952 -0.08621314730921097
v 0.013619129533596706 -0.02735689327738955 -0.08666045870921096
v 0.012894772933596706 -0.027099043277389545 -0.08577026150921097
v 0.021880430133596706 -0.010581374277389533 -0.08316421230921096
v 0.022014896433596706 -0.010513842277389551 -0.08433009870921097
v 0.021022410133596705 -0.01007717827738952 -0.08478561140921097
v 0.020804840133596705 -0.010186434277389522 -0.08289912900921097
v 0.020274554333596706 -0.009874850277389546 -0.08390121250921097
v 0.025753070633596706 -6.100527738950312e-05 -0.08330556660921097
v 0.024748929733596707 0.00034305472261048076 -0.08376424570921097
v 0.023994290233596706 0.0005264287226104947 -0.08288171510921097
v 0.024532037833596705 0.00023570672261047365 -0.08187759201921097
v 0.025619027233596707 -0.0001273452773895012 -0.08213954700921097
v 0.028474592633596706 0.01076090372261046 -0.08274312780921098
v 0.027716650633596705 0.01093503872261048 -0.08186151273921097
v 0.028261716433596706 0.010664790722610451 -0.08085538632921097
v 0.029356527133596707 0.010323583722610497 -0.08111518621921096
v 0.029488093233596708 0.010383039722610454 -0.08228187360921096
v 0.03191959393359671 0.02254044972261049 -0.07991717569921097
v 0.03136812053359671 0.022789954722610473 -0.08092494774921097
v 0.033021251633596704 0.022221505722610446 -0.08017520699921096
v 0.033150645933596706 0.02227389772261046 -0.08134246617921097
v 0.03212895333359671 0.022625177722610468 -0.08180581777921096
v 0.03557896523359671 0.03442099672261045 -0.07897857902921097
v 0.03668580483359671 0.0341188607226105 -0.07923529855921096
v 0.036811593033596705 0.03415954072261046 -0.08040347788921097
v 0.0357824927335967 0.034486800722610456 -0.08086873776921097
v 0.03502068943359671 0.034648388722610446 -0.07998810056921096
v 0.040181192533596706 0.04712766372261046 -0.07854798109921096
v 0.040303795633596706 0.04715648272261047 -0.07971678487921097
v 0.039268161133596706 0.04745939372261049 -0.08018333185921096
v 0.039069782033596706 0.04741278272261046 -0.07829216261921097
v 0.03850549743359671 0.04761782272261045 -0.07930286181921097
v 0.043795063133596705 0.06014993772261046 -0.07903027766921097
v 0.04275296163359671 0.06042879772261045 -0.07949809310921097
v 0.041990707633596705 0.06058874772261047 -0.07861754670921096
v 0.04256171643359671 0.06040874172261046 -0.07760552642921097
v 0.043676870833596705 0.06013753972261049 -0.07786060589921097
v 0.045973352133596705 0.07417380772261045 -0.07923237094921097
v 0.045211466933596706 0.07433527672261048 -0.07835179566921097
v 0.045788391533596706 0.07418054372261046 -0.07733928458921097
v 0.04690683913359671 0.0739234087226105 -0.07759409676921097
v 0.04702114963359671 0.07391923672261047 -0.07876408844921097
v 0.049015975533596705 0.08795618972261049 -0.07707297103921097
v 0.04843201023359671 0.08808094272261047 -0.07808606419921096
v 0.05013757483359671 0.0877125557226105 -0.07732752104921096
v 0.05024680403359671 0.08768668772261046 -0.07849793228921097
v 0.049192707033596704 0.08791434772261048 -0.07896673446921097
v 0.05188365183359671 0.10233396272261047 -0.07740255118921097
v 0.05300796313359671 0.10210391872261049 -0.07765741599921097
v 0.05311283003359671 0.1020561757226105 -0.07882732664921097
v 0.05205333143359671 0.10225677472261047 -0.07929550902921097
v 0.05129365903359671 0.1024284657226105 -0.07841495284921096
v 0.055878150233596706 0.1164942387226105 -0.07798728253921097
v 0.05597937763359671 0.11642825572261045 -0.07915677781921097
v 0.05491447723359671 0.11660176472261047 -0.07962434086921097
v 0.054750687433596706 0.1167085467226105 -0.07773206010921097
v 0.054155110333596705 0.11677500572261046 -0.07874381774921096
v 0.05758733583359671 0.12633424972261048 -0.07973659783921097
v 0.056518024733596704 0.12648054972261047 -0.08020257763921097
v 0.05575890373359671 0.1266553107226105 -0.07932214019921097
v 0.056359055433596705 0.1266170147226105 -0.07831202772921096
v 0.057489088733596705 0.12641859072261047 -0.07856818474921097
v 0.05812493993359671 0.13638013572261048 -0.08078202977921096
v 0.05736582263359671 0.13655489672261045 -0.07990159280921097
v 0.05796597433359671 0.1365166307226105 -0.07889148033921096
v 0.05909601133359671 0.13631820672261047 -0.07914763688921096
v 0.05919425843359671 0.13623386572261048 -0.08031604531921097
v 0.059573381233596706 0.14641919772261047 -0.07947110430921096
v 0.05896952653359671 0.14643466472261046 -0.08047988637921097
v 0.060706450633596705 0.1462394597226105 -0.07972835795921097
v 0.060802868533596705 0.14614385372261046 -0.08089610840921097
v 0.05972938893359671 0.14626449372261047 -0.08136058598921096
v 0.06081216693359671 0.1564760807226105 -0.08029197435921097
v 0.06194754593359671 0.15631511772261047 -0.08055076375921097
v 0.06204256693359671 0.15620818772261047 -0.08171758427921097
v 0.06096591333359671 0.1563030477226105 -0.08217996360921097
v 0.06020548103359671 0.15646865972261048 -0.08129888306921097
v 0.0631859591335967 0.16636900572261049 -0.08137138094921097
v 0.06328097633359671 0.16626206072261046 -0.08253822100921096
v 0.062204326533596706 0.16635695072261047 -0.08300058170921097
v 0.06205058003359671 0.16652998372261046 -0.08111261110921097
v 0.06144389413359671 0.16652253272261047 -0.08211950030921097
v 0.06452122233359671 0.1763307897226105 -0.08336004060921097
v 0.0634414171335967 0.17640010972261047 -0.08382032160921096
v 0.06267966613359671 0.17655494772261046 -0.08293836380921096
v 0.06328867653359671 0.17658130872261046 -0.08193301967921096
v 0.0644268235335967 0.17644278672261046 -0.08219362050921097
v 0.06424521563359671 0.18642941072261046 -0.08476236090921097
v 0.0634825965335967 0.18657346072261047 -0.08387941120921097
v 0.0640931269335967 0.18661878972261048 -0.08287582170921097
v 0.0652330732335967 0.18650275472261046 -0.08313855900921097
v 0.06532706973359671 0.18638572072261048 -0.08430450220921097
v 0.0648977821335967 0.19665881972261048 -0.08381889110921097
v 0.06428725923359671 0.19661349072261047 -0.08482246190921097
v 0.0660377359335967 0.19654278472261047 -0.08408160970921097
v 0.0661317249335967 0.19642575072261048 -0.08524755200921097
v 0.0650498708335967 0.19646944072261047 -0.08570543020921097
v 0.06570177433359671 0.20669051972261046 -0.08476115950921097
v 0.06684391853359671 0.20660187272261046 -0.08502645230921096
v 0.06693799703359671 0.20648588272261048 -0.08619251010921097
v 0.0658539971335967 0.20650286972261048 -0.08664787090921097
v 0.06508996993359671 0.20662932072261048 -0.08576324210921096
v 0.0673029786335967 0.22140799472261047 -0.08644841890921097
v 0.06739709433359671 0.22129309172261047 -0.08761457170921097
v 0.06631226743359671 0.22128322672261047 -0.08806735840921097
v 0.06615998503359671 0.22146917872261046 -0.08618049420921096
v 0.06554768883359671 0.22139206572261047 -0.08718105030921097
v 0.06785639283359671 0.23610691772261047 -0.08903728240921097
v 0.06677064953359671 0.23606768272261047 -0.08948724530921097
v 0.0660052811335967 0.23615066672261048 -0.08859843950921097
v 0.06661799453359671 0.23624120672261048 -0.08759917970921097
v 0.06776204613359671 0.23621416072261048 -0.08787038550921097
v 0.06638282443359671 0.25032690172261046 -0.09073457490921097
v 0.0674677631335967 0.25039555172261047 -0.09028718620921097
v 0.06561814903359671 0.2503840627226105 -0.08984351900921098
v 0.0673736175335967 0.2504951357226105 -0.08911962250921096
v 0.0662304973335967 0.25048801272261045 -0.08884542250921097
v 0.030093316933596705 0.8283721507226105 -0.0051037967092109615
v 0.030055467933596706 0.8222280737226104 -0.0013830960092109656
v 0.030613725033596707 0.8217214647226105 -0.0022858232092109743
v 0.030105956833596705 0.8132894637226105 0.0017485841907890348
v 0.029542800933596708 0.8140661417226105 0.0042711048907890375
v 0.028766936633596706 0.8033205867226105 0.006569579290789038
v 0.028188473533596707 0.8036277587226105 0.007548391790789033
v 0.03125709943359671 0.8132754267226106 0.0019929706907890338
v 0.029902198333596707 0.8031840327226105 0.006852388390789027
v 0.030651322533596707 0.8278200927226105 -0.0059790686092109635
v 0.03176997883359671 0.8217922747226105 -0.0020820647092109623
v 0.026238015833596706 0.7915545407226106 0.007886759890789033
v 0.027338952733596707 0.7912583647226105 0.008187442990789037
v 0.030025363933596706 0.8034069537226105 0.008005984090789037
v 0.0314053865335967 0.8140435517226104 0.00466652219078903
v 0.027407771933596708 0.7912282947226105 0.009369350990789033
v 0.03180786683359671 0.8279392717226104 -0.005804494009210973
v 0.03192632553359671 0.8223429617226105 -0.00105341520921097
v 0.028966222933596707 0.8036811647226105 0.008436128490789035
v 0.026349366633596705 0.7915060217226104 0.009799115390789037
v 0.030345891633596706 0.8143150207226104 0.005097515890789037
v 0.025626420033596706 0.7917075757226104 0.008882835490789026
v 0.029542800933596708 0.8140661417226105 0.0042711048907890375
v 0.030866698333596707 0.8226122857226105 -0.0006214306092109656
v 0.030055467933596706 0.8222280737226104 -0.0013830960092109656
v 0.031964643833596706 0.8285648827226104 -0.004821315409210963
v 0.030904992433596706 0.8288325367226105 -0.004388265309210965
v 0.021488926333596708 0.7787408237226106 0.007129169990789039
v 0.022155393833596708 0.7787598967226105 0.006156362590789027
v 0.022121154733596705 0.7782549857226104 0.008007004890789038
v 0.023199523833596705 0.7782856527226105 0.006432965390789039
v 0.023178364133596707 0.7779735927226105 0.007576726390789032
v 0.016089503633596708 0.7648670677226105 -0.001399338209210968
v 0.015387173733596706 0.7647680337226105 -0.0004618466092109613
v 0.017096518533596707 0.7643099727226105 -0.0011593029092109713
v 0.015960125233596707 0.7641497557226105 0.00035759059078903366
v 0.017016558933596708 0.7638666927226105 -7.345530921096244e-05
v 0.030023851433596708 0.8317126337226104 -0.007327094709210974
v 0.030582212833596707 0.8311172127226105 -0.008173801009210974
v 0.030835176833596708 0.8322111367226105 -0.006637468909210964
v 0.03173862863359671 0.8312475387226105 -0.008007466809210967
v 0.031894969733596706 0.8319236337226105 -0.007057957309210966
v 0.030023750833596707 0.8385294977226105 -0.012487120909210968
v 0.030834426133596705 0.8391033707226105 -0.01185376940921097
v 0.030582905733596705 0.8378324507226105 -0.013256419409210969
v 0.03173915953359671 0.8379754427226105 -0.013098519309210965
v 0.03189460653359671 0.8387609717226105 -0.012231636809210966
v 0.030023750833596707 0.8446749747226105 -0.01913284510921097
v 0.030834424333596705 0.8453429937226105 -0.01860131320921097
v 0.030582905733596705 0.8438634877226106 -0.01977847140921097
v 0.03173915763359671 0.8440301117226106 -0.01964595170921097
v 0.03189460463359671 0.8449444177226104 -0.018918432309210968
v 0.030023752733596705 0.8500436247226104 -0.02701575680921097
v 0.030834426133596705 0.8507783117226104 -0.026582226109210967
v 0.030582909433596706 0.8491511347226105 -0.02754234150921097
v 0.03173915953359671 0.8493343887226105 -0.02743426340921097
v 0.03189460653359671 0.8503399487226104 -0.02684087680921097
v 0.030023752733596705 0.8545307517226104 -0.035888556409210966
v 0.030834426133596705 0.8553133907226105 -0.03554962950921097
v 0.030582909433596706 0.8535801467226105 -0.036300230809210965
v 0.03173915953359671 0.8537752927226105 -0.03621573370921097
v 0.031894608433596705 0.8548464777226105 -0.03575183820921097
v 0.030023752733596705 0.8580316007226105 -0.04550427760921097
v 0.030834428033596706 0.8588483927226105 -0.04525918890921097
v 0.030582909433596706 0.8570396007226104 -0.04580197110921097
v 0.031739163233596705 0.8572431807226104 -0.04574087070921097
v 0.031894608433596705 0.8583611847226105 -0.04540541020921097
v 0.030023752733596705 0.8604406417226105 -0.05561607140921097
v 0.030834428033596706 0.8612805007226105 -0.05546747520921097
v 0.030582911333596707 0.8594205977226105 -0.055796559909210966
v 0.031739163233596705 0.8596299587226105 -0.055759513709210964
v 0.031894608433596705 0.8607794047226105 -0.05555612780921097
v 0.030023752733596705 0.8616514207226105 -0.06597199709921096
v 0.030834426133596705 0.8624993567226105 -0.06589317135921097
v 0.030582909433596706 0.8606216017226105 -0.06606774590921097
v 0.03173915953359671 0.8608329597226105 -0.06604809080921097
v 0.03189460653359671 0.8619935217226105 -0.06594020174921097
v 0.030023754533596705 0.8623911737226104 -0.07667535543921097
v 0.030834428033596706 0.8632409277226105 -0.07662182580921097
v 0.030582911333596707 0.8613592387226106 -0.07674037245921096
v 0.031739163233596705 0.8615710137226105 -0.07672702567921097
v 0.031894608433596705 0.8627340497226105 -0.07665375945921096
v 0.030023750833596707 0.8630288537226105 -0.08788264910921097
v 0.030834426133596705 0.8638804257226105 -0.08786239290921097
v 0.030582909433596706 0.8619944457226105 -0.08790727330921097
v 0.03173915953359671 0.8622066977226105 -0.08790222000921097
v 0.03189460653359671 0.8633723257226105 -0.08787448700921097
v 0.030023752733596705 0.8629220427226105 -0.09941581450921097
v 0.030834426133596705 0.8637728687226105 -0.09947402770921096
v 0.030582909433596706 0.8618885577226105 -0.09934508990921097
v 0.03173915953359671 0.8621006607226105 -0.09935960550921097
v 0.03189460653359671 0.8632651867226104 -0.09943929310921097
v 0.030023754533596705 0.8614269797226104 -0.11109041050921097
v 0.030834428033596706 0.8622622487226105 -0.11126929890921097
v 0.030582911333596707 0.8604122697226104 -0.11087314410921097
v 0.031739163233596705 0.8606205587226105 -0.11091773580921097
v 0.031894608433596705 0.8617638947226105 -0.11116256560921098
v 0.030023758333596707 0.8578991297226104 -0.12272084880921097
v 0.030834431733596707 0.8586884737226105 -0.12305133420921097
v 0.030582913233596708 0.8569402697226105 -0.12231942640921097
v 0.03173916503359671 0.8571371137226105 -0.12240182610921096
v 0.031894612133596706 0.8582175967226104 -0.12285415450921097
v 0.030023758333596707 0.8516949117226105 -0.13411933560921097
v 0.030834431733596707 0.8523985147226105 -0.13460740450921097
v 0.030582913233596708 0.8508401217226105 -0.13352651150921097
v 0.03173916503359671 0.8510155977226105 -0.13364818320921096
v 0.031894612133596706 0.8519787197226105 -0.13431621340921096
v 0.030023754533596705 0.8421732787226105 -0.14509797840921096
v 0.030834428033596706 0.8427572247226105 -0.14572408050921098
v 0.030582911333596707 0.8414640427226106 -0.14433749760921097
v 0.031739163233596705 0.8416096267226105 -0.14449357990921097
v 0.031894612133596706 0.8424088657226105 -0.14535053070921097
v 0.030023758333596707 0.8303223847226104 -0.15400924530921095
v 0.030834431733596707 0.8307528497226104 -0.15475074950921097
v 0.030582913233596708 0.8297994737226104 -0.15310858190921095
v 0.03173916503359671 0.8299068807226104 -0.15329343820921099
v 0.031894612133596706 0.8304960427226105 -0.15430835630921097
v 0.030023754533596705 0.8177526597226105 -0.15943001210921098
v 0.030834428033596706 0.8179922107226105 -0.16025379300921097
v 0.030582911333596707 0.8174616697226105 -0.158429376809211
v 0.031739163233596705 0.8175213337226105 -0.15863475950921097
v 0.031894608433596705 0.8178492487226106 -0.15976230800921098
v 0.030023754533596705 0.8047610227226105 -0.16151237490921097
v 0.030834428033596706 0.8047932087226104 -0.16236942260921097
v 0.030582911333596707 0.8047218027226104 -0.16047137970921097
v 0.031739163233596705 0.8047298787226105 -0.16068504750921098
v 0.031894608433596705 0.8047739867226105 -0.16185810420921098
v 0.030023752733596705 0.7916442747226105 -0.16041065010921096
v 0.030834428033596706 0.7914771737226105 -0.16125095630921096
v 0.030582909433596706 0.7918471987226106 -0.15938999500921097
v 0.031739163233596705 0.7918055357226105 -0.15959949790921096
v 0.031894608433596705 0.7915768027226104 -0.16074962910921098
v 0.030023754533596705 0.7786980867226105 -0.15628124030921098
v 0.030834428033596706 0.7783570587226105 -0.15706603970921096
v 0.030582911333596707 0.7791123687226105 -0.15532796830921097
v 0.031739163233596705 0.7790273727226105 -0.15552362800921096
v 0.031894608433596705 0.7785604597226105 -0.15659780800921097
v 0.030023750833596707 0.7662168737226105 -0.14928079400921096
v 0.030834424333596705 0.7657330037226104 -0.14998553690921096
v 0.030582905733596705 0.7668044867226105 -0.14842475200921096
v 0.03173915763359671 0.7666839357226105 -0.14860045910921096
v 0.03189460463359671 0.7660216987226105 -0.14956508580921096
v 0.030023749033596708 0.7544923127226104 -0.13956464080921097
v 0.030834424333596705 0.7538885177226105 -0.14016994090921098
v 0.030582905733596705 0.7552258077226105 -0.13882943990921098
v 0.03173915763359671 0.7550753657226105 -0.13898034390921096
v 0.03189460463359671 0.7542487977226104 -0.13980880380921096
v 0.030023749033596708 0.7449586097226104 -0.12811660390921098
v 0.030834424333596705 0.7442619207226104 -0.12861032040921097
v 0.030582903933596705 0.7458048757226104 -0.12751691410921095
v 0.03173915763359671 0.7456312177226105 -0.12764001640921097
v 0.03189460463359671 0.7446775437226105 -0.12831575050921096
v 0.030023749033596708 0.7379029687226104 -0.11630658800921097
v 0.030834420633596708 0.7371599977226104 -0.11672311650921097
v 0.030582903933596705 0.7388052047226105 -0.11580066380921097
v 0.0317391557335967 0.7386199827226105 -0.11590449880921097
v 0.03189460283359671 0.7376032767226105 -0.11647460610921097
v 0.030023745233596705 0.7318960427226104 -0.10486690330921097
v 0.030834420633596708 0.7311559917226105 -0.10528894140921097
v 0.030582903933596705 0.7327947617226105 -0.10435426610921097
v 0.0317391557335967 0.7326102857226104 -0.10445949430921098
v 0.03189460283359671 0.7315975727226105 -0.10503715280921097
v 0.030023745233596705 0.7255099117226105 -0.09452449530921098
v 0.030834420633596708 0.7248330417226105 -0.09504888210921097
v 0.030582902033596707 0.7263319197226105 -0.09388753580921097
v 0.0317391557335967 0.7261631487226105 -0.09401826560921096
v 0.03189460283359671 0.7252369527226105 -0.09473602100921097
v 0.030023749033596708 0.7173202337226106 -0.08599881920921097
v 0.030834420633596708 0.7168020307226104 -0.08668826800921096
v 0.030582903933596705 0.7179496587226104 -0.08516137860921097
v 0.0317391557335967 0.7178205547226104 -0.08533324950921096
v 0.03189460283359671 0.7171111707226105 -0.08627692890921097
v 0.030023743433596706 0.7058955137226104 -0.07999897747921098
v 0.030834418733596707 0.7056190367226105 -0.08081537019921096
v 0.030582902033596707 0.7062313557226105 -0.07900735176921096
v 0.031739153933596706 0.7061623927226105 -0.07921087974921097
v 0.031894599133596706 0.7057839627226105 -0.08032829034921096
v 0.030023728533596708 0.6897843777226105 -0.07724083214921097
v 0.030834308833596707 0.6897006037226106 -0.07809028867921097
v 0.030582998833596706 0.6898873747226104 -0.07620938540921096
v 0.031739230233596705 0.6898670797226105 -0.07642137771921097
v 0.03189454693359671 0.6897517147226104 -0.07758384011921096
v 0.030046726533596708 0.6732417047226105 -0.07676850584921097
v 0.030857103833596706 0.6732409297226105 -0.07762042292921097
v 0.030606237233596706 0.6732473377226105 -0.07573434128921097
v 0.03176241273359671 0.6732501087226105 -0.07594711565921097
v 0.03191745743359671 0.6732461457226104 -0.07711277249921097
v 0.030106083533596707 0.6607041657226105 -0.07703102379921097
v 0.030916226133596705 0.6607551277226105 -0.07788184890921097
v 0.030665854933596706 0.6606525927226105 -0.07599805621921096
v 0.031821955933596706 0.6606715177226105 -0.07621047272921097
v 0.0319766914335967 0.6607348467226105 -0.07737472327921097
v 0.030187231533596707 0.6509893537226105 -0.07786891702921096
v 0.030996899133596708 0.6510990707226105 -0.07871464499921096
v 0.030747541233596708 0.6508709487226105 -0.07684169569921097
v 0.0319034969335967 0.6509074117226105 -0.07705257180921096
v 0.032057610333596706 0.6510484067226104 -0.07821011775921097
v 0.030275632633596707 0.6429047887226105 -0.07912280829921096
v 0.031084815933596705 0.6430613547226105 -0.07996125984921097
v 0.030836512333596706 0.6427312937226105 -0.07810412207921097
v 0.031992337633596706 0.6427804377226105 -0.07831298606921097
v 0.0321457972335967 0.6429844497226105 -0.07946075684921097
v 0.030356788033596708 0.6352579597226105 -0.08063390478921097
v 0.031165859633596707 0.6354277577226105 -0.08146970532921097
v 0.030917829833596706 0.6350654367226105 -0.07961896666921096
v 0.03207364773359671 0.6351162047226104 -0.07982748746921096
v 0.0322269378335967 0.6353401687226105 -0.08097131456921097
v 0.030416154333596707 0.6268566697226104 -0.08224340250921097
v 0.031225414033596705 0.6270036847226105 -0.08308353180921096
v 0.030977017233596707 0.6266854707226105 -0.08122434373921097
v 0.032132907733596706 0.6267267017226105 -0.08143464847921097
v 0.032286423233596706 0.6269233527226105 -0.08258369190921097
v 0.030439228733596706 0.6165025827226105 -0.08379314190921097
v 0.031248641233596705 0.6166599397226105 -0.08463155480921097
v 0.030999871933596705 0.6163347367226104 -0.08277347310921097
v 0.0321557773335967 0.6163883807226105 -0.08298169820921097
v 0.032309527533596706 0.6165893377226105 -0.08413005620921096
v 0.030838907733596706 0.6024070527226104 -0.08656306940921096
v 0.031646474233596705 0.6026345637226105 -0.08738754040921097
v 0.0314006759335967 0.6021932367226105 -0.08555232730921097
v 0.032555432033596704 0.6022886787226105 -0.08575212210921097
v 0.032707343833596705 0.6025613997226105 -0.08688636500921097
v 0.03183798403359671 0.5845268067226105 -0.09146039750921096
v 0.032642419433596706 0.5848116877226105 -0.09226911330921098
v 0.03240214753359671 0.5842684657226105 -0.09046180550921097
v 0.03355525713359671 0.5843937097226105 -0.09065334130921096
v 0.033703754633596705 0.5847294037226105 -0.09177032300921097
v 0.032487847833596706 0.5743978317226105 -0.09461551340921097
v 0.03329119733359671 0.5746996407226105 -0.09541894680921097
v 0.03305297253359671 0.5741244707226105 -0.09362157620921097
v 0.034205592233596704 0.5742573737226104 -0.09381072780921097
v 0.03435282313359671 0.5746128257226104 -0.09492156650921096
v 0.0331374658335967 0.5642726717226105 -0.09776940940921097
v 0.033940448433596705 0.5645802017226105 -0.09857104900921097
v 0.033703177233596705 0.5639901907226105 -0.09677833320921098
v 0.034855785733596704 0.5641232137226104 -0.09696744570921097
v 0.035002431833596706 0.5644878597226105 -0.09807540660921096
v 0.033788393233596704 0.5536596027226105 -0.10127370620921097
v 0.034591021933596706 0.5539728697226105 -0.10207345710921097
v 0.03435465973359671 0.5533680917226105 -0.10028562320921097
v 0.035507264533596705 0.5535011887226104 -0.10047469850921097
v 0.03565334433359671 0.5538749847226105 -0.10157964380921097
v 0.0344390897335967 0.5430502447226104 -0.10477676240921097
v 0.035241871133596704 0.5433611427226105 -0.10557731240921098
v 0.035005732433596705 0.5427526687226105 -0.10379068180921097
v 0.03615870983359671 0.5428796117226105 -0.10398179660921097
v 0.03630465553359671 0.5432556717226105 -0.10508599880921096
v 0.034941981533596705 0.5326574147226104 -0.10827333110921097
v 0.03574487843359671 0.5329658687226104 -0.10907468570921097
v 0.03550891483359671 0.5323537587226105 -0.10728927330921097
v 0.03666219393359671 0.5324745697226105 -0.10748244820921096
v 0.03680802793359671 0.5328528807226105 -0.10858590900921097
v 0.03544460893359671 0.5222699937226105 -0.11176807060921097
v 0.03624807203359671 0.5225667727226104 -0.11257333310921097
v 0.03601175083359671 0.5219620317226105 -0.11078546200921097
v 0.037165722833596704 0.5220685377226104 -0.11098344620921097
v 0.037311776533596706 0.5224423037226105 -0.11208843070921097
v 0.03585606343359671 0.5033475309226105 -0.11802745610921098
v 0.03666043933359671 0.5036050230226105 -0.11884569000921097
v 0.03642329483359671 0.5030321702226105 -0.11704726890921097
v 0.03757823533359671 0.5030947700226105 -0.11725968870921097
v 0.037724799433596704 0.5034488067226105 -0.11837117750921097
v 0.035376499433596706 0.48766500502261045 -0.12285092840921097
v 0.036179742733596705 0.4878649339226105 -0.12368625400921096
v 0.03594374193359671 0.4873745143226105 -0.12186265740921097
v 0.037097561133596704 0.4873949215226105 -0.12208718810921096
v 0.03724341743359671 0.48769800362261045 -0.12321422250921096
v 0.035041592133596706 0.4793779924226105 -0.12484138090921096
v 0.035843747633596705 0.47953527422261044 -0.12568633630921097
v 0.035610935633596706 0.4791581556226105 -0.12383571270921097
v 0.03676497093359671 0.47917955372261045 -0.12405914070921097
v 0.03690885663359671 0.47941266742261046 -0.12520286070921097
v 0.03501248643359671 0.46845552322261047 -0.12673452120921097
v 0.03581435513359671 0.46858285742261047 -0.12758485600921096
v 0.03558229193359671 0.46831247212261046 -0.12571567300921097
v 0.03673631603359671 0.4683514610226105 -0.12593633310921099
v 0.036879739733596706 0.4685185812226105 -0.12709153820921096
v 0.0352101130335967 0.4553762264226105 -0.12823400270921098
v 0.036012454933596706 0.45546415452261046 -0.12908897180921097
v 0.03577904683359671 0.4553001225226105 -0.12720758090921097
v 0.03693301513359671 0.4553410150226105 -0.12742818520921095
v 0.037077265833596704 0.4554424099226105 -0.12859094140921096
v 0.03555517173359671 0.44058366862261045 -0.12904905150921098
v 0.03635857163359671 0.44062265382261045 -0.12990678470921097
v 0.03612265273359671 0.44057439822261046 -0.12801898640921097
v 0.0372767737335967 0.44060770052261045 -0.12824012340921098
v 0.037422581533596705 0.44063753262261046 -0.12940685080921097
v 0.0359687386335967 0.42452570051261046 -0.12888757510921098
v 0.036773606233596705 0.42450510151261045 -0.12974477560921097
v 0.03653443883359671 0.4245884520926105 -0.12785829230921097
v 0.037688928633596706 0.42460664827261047 -0.12807935480921095
v 0.037836744433596706 0.42455514986261045 -0.12924525890921096
v 0.03637189693359671 0.4076515398926105 -0.12745711950921096
v 0.037178433533596705 0.40755880531261046 -0.12830825520921096
v 0.036935727133596705 0.4077952401726105 -0.12643472480921097
v 0.038090734733596705 0.40779127273261045 -0.12665397300921097
v 0.03824073353359671 0.4076451696426105 -0.12781188640921098
v 0.036686654233596704 0.39037515782261045 -0.12446044760921096
v 0.037495496633596706 0.3902292847226105 -0.12530107050921097
v 0.037246889433596705 0.3906282261226105 -0.12345613170921096
v 0.038401975333596704 0.3906387537226105 -0.12367608770921096
v 0.038555624933596704 0.3903921712226105 -0.12481632080921097
v 0.03813103493359671 0.3735518493226105 -0.11985078450921097
v 0.038941099333596706 0.3734079972226105 -0.12069062890921096
v 0.038678213033596705 0.3739378191226105 -0.11888198550921097
v 0.039826451833596704 0.3740325011226105 -0.11912307510921097
v 0.0399889229335967 0.3737050444226105 -0.12024087460921097
v 0.041507343733596706 0.3577535860226105 -0.11421769860921097
v 0.04231129863359671 0.3576397151226105 -0.11506793650921096
v 0.042031667233596706 0.3582448810226105 -0.11328626420921097
v 0.04315967393359671 0.35843466222261045 -0.11356084420921098
v 0.04333250133359671 0.3580606691226105 -0.11466199530921097
v 0.046101371733596706 0.34292608502261046 -0.10820577290921096
v 0.046896520033596706 0.34284181892261045 -0.10906768590921097
v 0.04660902083359671 0.34347002212261046 -0.10729547220921097
v 0.04771790563359671 0.3437219038226105 -0.10759479180921097
v 0.047895587033596705 0.34333364662261046 -0.10869008670921096
v 0.05120624513359671 0.3289744407226105 -0.10244323500921097
v 0.0519903851335967 0.32892134042261045 -0.10331765930921097
v 0.05171332413359671 0.32951875772261047 -0.10153285790921096
v 0.052810858033596704 0.3298020810226105 -0.10184463300921097
v 0.052982094733596705 0.32943285252261045 -0.10294768960921097
v 0.056117634333596705 0.31580986072261047 -0.09755582550921096
v 0.056888769333596705 0.3157929857226105 -0.09844325670921097
v 0.056646975733596706 0.31629309062261046 -0.09662248380921097
v 0.0577452695335967 0.31657484172261047 -0.09693305750921097
v 0.0578947058335967 0.31626575442261046 -0.09805835410921096
v 0.06013414543359671 0.30335434572261044 -0.09416528420921097
v 0.060891035033596705 0.3033836407226105 -0.09506473320921097
v 0.06071067503359671 0.30368915972261046 -0.09319112450921097
v 0.061823873733596706 0.30392536472261045 -0.09348851810921097
v 0.061935341933596705 0.3037365597226105 -0.09464645200921097
v 0.0625754660335967 0.29149254372261046 -0.09287601150921096
v 0.06333349553359671 0.2915290077226105 -0.09377406720921097
v 0.06318123173359672 0.29167137272261046 -0.09188314150921097
v 0.0643136417335967 0.29181835772261044 -0.09216754700921097
v 0.06440774253359671 0.2917303667226105 -0.09333619850921096
v 0.06390240693359671 0.2780612257226105 -0.09198266640921096
v 0.0646625152335967 0.27807669372261046 -0.09287931210921097
v 0.0645133322335967 0.2781878557226105 -0.09098630580921097
v 0.0656509986335967 0.2782815547226105 -0.09126718340921097
v 0.06574319953359671 0.2782128607226105 -0.09243711270921097
v 0.06523118073359671 0.26461136372261046 -0.09108806400921096
v 0.06599486523359671 0.2645905617226105 -0.09198230500921097
v 0.06584321613359671 0.26472666872261047 -0.09009095840921097
v 0.0669851591335967 0.2647771237226105 -0.09036895450921097
v 0.06707888753359671 0.26469302172261044 -0.09153787420921097
v 0.06561814903359671 0.2503840627226105 -0.08984351900921098
v 0.0662304973335967 0.25048801272261045 -0.08884542250921097
v 0.06638282443359671 0.25032690172261046 -0.09073457490921097
v 0.0673736175335967 0.2504951357226105 -0.08911962250921096
v 0.0674677631335967 0.25039555172261047 -0.09028718620921097
v 0.0010876466115967063 -0.05286565427738954 -0.08762576800921097
v -0.005585843236403294 -0.04174962627738954 -0.08687227030921096
v -0.006248369816403293 -0.041975081277389525 -0.08776300210921097
v 0.0004821526235967064 -0.05330637127738952 -0.08853193000921097
v 0.0006320408425967064 -0.05330637127738952 -0.08663572090921097
v -0.007137704636403293 -0.04233226227738951 -0.08730714580921096
v -0.0003476690064032936 -0.05401939127738953 -0.08810191790921097
v -0.006065714176403294 -0.04196310027738953 -0.08586555250921096
v -0.00025503290640329366 -0.05401939127738953 -0.08693000580921097
v -0.007024817166403293 -0.04232609227738954 -0.08613454550921097
v -0.013410896066403293 -0.027356833277389525 -0.08666047830921098
v -0.014369701066403295 -0.027871787277389537 -0.08621316680921097
v -0.014237918866403293 -0.027932226277389505 -0.08504653720921097
v -0.013197666966403294 -0.027454614277389544 -0.08477281310921096
v -0.012686539466403293 -0.027099043277389545 -0.08577029960921097
v -0.021806660066403295 -0.010513842277389551 -0.08433011730921097
v -0.021672193866403292 -0.010581374277389533 -0.08316421230921096
v -0.020596603866403294 -0.010186434277389522 -0.08289914860921097
v -0.020814171966403294 -0.01007717827738952 -0.08478561140921097
v -0.020066318066403292 -0.009874850277389546 -0.08390123120921097
v -0.025410789066403292 -0.0001273452773895012 -0.08213956560921097
v -0.024323801466403294 0.00023570672261047365 -0.08187761064921097
v -0.023786053966403292 0.0005264577226104517 -0.08288173470921097
v -0.024540693466403293 0.00034308472261046496 -0.08376426440921098
v -0.025544836166403295 -6.100527738950312e-05 -0.08330558520921097
v -0.028053480166403293 0.010664790722610451 -0.08085540588921097
v -0.027508416166403295 0.010935097722610476 -0.08186153135921097
v -0.028266358166403292 0.010760932722610472 -0.08274314640921096
v -0.029279856966403294 0.010383039722610454 -0.08228189220921096
v -0.029148292766403294 0.010323643722610465 -0.08111520576921097
v -0.031920717066403294 0.022625177722610468 -0.08180583733921097
v -0.03115988246640329 0.022789954722610473 -0.08092496636921097
v -0.032942407766403295 0.02227389772261046 -0.08134248479921097
v -0.032813013566403294 0.022221505722610446 -0.08017522561921096
v -0.03171135206640329 0.02254044972261049 -0.07991718500921097
v -0.03557425456640329 0.034486800722610456 -0.08086873776921097
v -0.03660335116640329 0.03415954072261046 -0.08040349743921096
v -0.036477562966403296 0.03411892072261047 -0.07923530833921097
v -0.03537072706640329 0.03442102672261049 -0.07897859811921097
v -0.03481245136640329 0.034648388722610446 -0.07998810987921097
v -0.040095557466403295 0.047156512722610455 -0.07971679931921097
v -0.039972954466403296 0.04712772372261048 -0.07854799506921097
v -0.038861540166403294 0.0474128127226105 -0.07829217705921097
v -0.039059919266403294 0.047459453722610456 -0.08018333185921096
v -0.038297255566403295 0.04761782272261045 -0.07930287625921097
v -0.04346862526640329 0.06013759972261046 -0.07786062033921097
v -0.04235347076640329 0.06040877072261047 -0.07760553620921097
v -0.04178246576640329 0.06058874772261047 -0.07861756113921096
v -0.042544716066403296 0.06042882772261049 -0.07949810754921097
v -0.04358682126640329 0.06014999772261048 -0.07903029210921096
v -0.04558014586640329 0.07418054372261046 -0.07733929901921097
v -0.04500322136640329 0.07433527672261048 -0.07835181010921097
v -0.045765114066403295 0.07417380772261045 -0.07923238537921097
v -0.04681291156640329 0.07391923672261047 -0.07876409776921096
v -0.046698593566403296 0.07392343872261048 -0.07759410654921096
v -0.04898450616640329 0.08791452672261046 -0.07896674423921096
v -0.04822353366640329 0.08807992972261047 -0.07808609259921097
v -0.050038826666403295 0.08768781972261047 -0.07849792250921096
v -0.049929455866403294 0.08771312272261045 -0.07732752104921096
v -0.048807543666403296 0.08795541572261045 -0.07707299943921096
v -0.051749029166403296 0.10193392672261048 -0.07927590608921097
v -0.052808874266403294 0.10173526372261049 -0.07880770461921097
v -0.052703698166403294 0.10178178572261048 -0.07763777020921096
v -0.05157885046640329 0.10200923672261047 -0.07738291984921097
v -0.05098883156640329 0.10210323372261049 -0.07839534524921096
v -0.05557965206640329 0.11578634372261049 -0.07911756773921097
v -0.0554781043664033 0.11585128272261047 -0.07794804358921097
v -0.054349527666403295 0.11605983972261047 -0.07769277365921097
v -0.05451383536640329 0.11595472672261048 -0.07958510191921096
v -0.053753574366403295 0.11612376572261046 -0.07870453130921097
v -0.05764460286640329 0.1298943457226105 -0.07876817974921096
v -0.05651309806640329 0.13008385872261047 -0.07851179362921097
v -0.05591247326640329 0.13011756572261046 -0.07952179200921097
v -0.05667278266640329 0.1299488247226105 -0.08040237240921097
v -0.05774329696640329 0.12981086972261047 -0.07993662170921097
v -0.05867582276640329 0.14410242472261048 -0.07933050393921097
v -0.058071241666403296 0.14411047072261046 -0.08033900986921097
v -0.05883248986640329 0.14394786972261048 -0.08121993764921097
v -0.0599075490664033 0.1438393297226105 -0.08075589872921096
v -0.05981071756640329 0.1439348757226105 -0.07958816783921097
v -0.060349066766403295 0.1578720807226105 -0.08238025470921097
v -0.05958714806640329 0.15802854272261047 -0.08149879239921097
v -0.06142734086640329 0.1577931047226105 -0.08191867637921096
v -0.0613318318664033 0.15790075072261045 -0.08075195084921097
v -0.060194530566403295 0.1580462457226105 -0.08049243688921097
v -0.06186618006640329 0.17180131372261048 -0.08354097140921096
v -0.0629475870664033 0.17175106672261048 -0.08308179580921096
v -0.06285268156640329 0.17186422672261048 -0.08191552850921097
v -0.061712623566403293 0.1719843897226105 -0.08165391720921097
v -0.061102931366403296 0.17194549772261047 -0.08265849850921096
v -0.0637860158664033 0.18558622872261046 -0.08442258550921097
v -0.06369144566640329 0.18570494672261048 -0.08325685280921097
v -0.0625498452664033 0.18579971772261047 -0.08299278000921097
v -0.0627028653664033 0.18560765672261048 -0.08487897640921097
v -0.06193886786640329 0.18573957672261046 -0.08399530220921098
v -0.0645300680664033 0.19954337172261047 -0.08459796660921097
v -0.06338670946640329 0.19960913072261047 -0.08433107100921097
v -0.0627747261664033 0.19953228572261048 -0.08533199040921097
v -0.06353984866640329 0.19941905172261049 -0.08621745840921097
v -0.0646247202664033 0.19942589072261047 -0.08576381480921097
v -0.0635059112664033 0.21324755272261048 -0.08568111150921097
v -0.0628937790664033 0.21315400272261048 -0.08668035270921097
v -0.0636590653664033 0.21305946972261047 -0.08756768980921097
v -0.0647441753664033 0.21309462172261048 -0.08711683000921097
v -0.06464951576640329 0.21321085072261048 -0.08595086820921097
v -0.06377832686640329 0.22670513372261047 -0.08891841580921098
v -0.0630128094664033 0.22677405172261048 -0.08802856130921097
v -0.0648636827664033 0.22676822572261046 -0.08847034160921097
v -0.06476894856640329 0.22687615472261047 -0.08730354070921097
v -0.06362504606640329 0.22687976072261049 -0.08703050390921097
v -0.06314242726640329 0.24013172072261046 -0.09011522120921096
v -0.06237812436640329 0.24017503872261048 -0.08922305890921096
v -0.06422645696640329 0.24022278172261047 -0.08966962620921097
v -0.0629897871664033 0.24029287672261046 -0.08822608740921097
v -0.06413212516640329 0.24032238172261047 -0.08850208110921097
v -0.06364350856640329 0.24958014472261048 -0.08987083100921096
v -0.056185719566403294 0.2560822667226105 -0.09205499480921096
v -0.05549287516640329 0.25555232172261044 -0.09126689660921097
v -0.0629506567664033 0.24905018472261048 -0.08908275330921096
v -0.06348527316640329 0.24905018472261048 -0.09090818090921096
v -0.05490644366640329 0.2546948497226105 -0.09181718530921097
v -0.0623642215664033 0.24819271272261048 -0.08963302340921096
v -0.05602749156640329 0.25555232172261044 -0.09309234280921097
v -0.06269463986640329 0.24819271272261048 -0.09076120140921097
v -0.055236854566403294 0.2546948497226105 -0.09294536340921097
v -0.04803508986640329 0.26205444372261044 -0.09345105850921097
v -0.047448662066403295 0.26119698572261046 -0.09400134720921097
v -0.047779072966403296 0.26119698572261046 -0.09512952530921097
v -0.04856970626640329 0.26205444372261044 -0.09527650660921097
v -0.04872794166640329 0.26258440272261047 -0.09423915670921097
v -0.0399908767664033 0.26769910772261046 -0.09618550910921098
v -0.040577311966403296 0.2685565797226105 -0.09563522040921096
v -0.04032128766640329 0.26769910772261046 -0.09731368720921096
v -0.04127015636640329 0.2690865397226105 -0.09642331860921097
v -0.041111924666403295 0.2685565797226105 -0.09746066850921097
v -0.0644558230664033 0.24413208672261047 -0.08976713010921097
v -0.07267473726640329 0.23205134272261047 -0.09208305180921098
v -0.0718736881664033 0.23165251272261048 -0.09284541750921096
v -0.06365476646640329 0.24373325672261048 -0.09052949580921096
v -0.0641706520664033 0.24373325672261048 -0.08869869070921096
v -0.0710934409664033 0.23100717372261048 -0.09224815110921097
v -0.06287452676640329 0.24308793272261048 -0.08993222940921097
v -0.07238957376640329 0.23165251272261048 -0.09101459200921097
v -0.06319335936640329 0.24308793272261048 -0.08880071340921097
v -0.07141227366640329 0.23100717372261048 -0.09111663510921097
v -0.0800926023664033 0.21957176972261047 -0.09516132060921097
v -0.0808936515664033 0.21997061372261048 -0.09439895300921097
v -0.0793123477664033 0.21892645972261046 -0.09456405420921096
v -0.0806084805664033 0.21957176972261047 -0.09333051370921097
v -0.0796311953664033 0.21892645972261046 -0.09343253820921096
v -0.0628385776664033 0.24577204872261046 -0.08927182850921098
v -0.05752988626640329 0.23905137172261048 -0.08400439940921096
v -0.058527615866403294 0.23853741572261047 -0.08365459180921096
v -0.0638363072664033 0.24525809272261048 -0.08892202190921097
v -0.0624965661664033 0.24525809272261048 -0.09027225340921097
v -0.058802236766403296 0.23770584172261047 -0.08443881760921097
v -0.06411092816640329 0.24442651872261048 -0.08970626630921097
v -0.057187874766403295 0.23853741572261047 -0.08500482330921097
v -0.06328291536640329 0.24442651872261048 -0.09054074990921096
v -0.05797423146640329 0.23770584172261047 -0.08527332080921096
v -0.05321892446640329 0.23181675372261049 -0.07838715798921096
v -0.05349354536640329 0.23098516472261046 -0.07917139306921096
v -0.05266554376640329 0.23098516472261046 -0.08000587205921098
v -0.05187918706640329 0.23181675372261049 -0.07973738899921097
v -0.052221198566403296 0.23233069472261048 -0.07873696600921097
v -0.04818485766640329 0.22426448772261048 -0.07390395900921097
v -0.04791024046640329 0.22509607672261048 -0.07311972404921097
v -0.047356852366403294 0.22426448772261048 -0.07473845267921096
v -0.046912510866403294 0.22561001772261047 -0.07346953183921097
v -0.04657049946640329 0.22509607672261048 -0.07446996005921097
v -0.062422336066403294 0.25091235372261045 -0.08967805650921097
v -0.0704152146664033 0.2625551817226105 -0.09396943820921097
v -0.07044555336640329 0.2621304687226105 -0.09506519140921096
v -0.062452674866403296 0.2504876407226105 -0.09077380970921096
v -0.0633524367664033 0.2504876407226105 -0.08909797480921097
v -0.0713943997664033 0.26144330172261043 -0.09516231340921097
v -0.0634015211664033 0.24980045872261047 -0.09087093170921097
v -0.0713453152664033 0.2621304687226105 -0.09338935650921097
v -0.06395760276640329 0.24980045872261047 -0.08983520230921097
v -0.0719504812664033 0.26144330172261043 -0.09412658400921096
v -0.0784384244664033 0.27377331272261046 -0.09935657310921096
v -0.07840809316640329 0.2741980257226105 -0.09826081990921097
v -0.07938727086640329 0.27308613072261045 -0.09945369510921097
v -0.0793381864664033 0.27377331272261046 -0.09768071770921097
v -0.07994335986640329 0.27308613072261045 -0.09841796570921096
v -0.060933289166403296 0.26474165872261046 -0.08986797000921097
v -0.0667260447664033 0.27302694272261047 -0.09120891240921097
v -0.0670584821664033 0.2726240607226105 -0.09226207430921096
v -0.06126572286640329 0.26433879172261043 -0.09092113190921097
v -0.061694690066403296 0.26433879172261043 -0.08906801040921097
v -0.06802533656640329 0.27197220872261046 -0.09211301620921097
v -0.0622325772664033 0.26368691072261047 -0.09077207370921098
v -0.06748744936640329 0.2726240607226105 -0.09040895290921097
v -0.0624976986664033 0.26368691072261047 -0.08962678720921097
v -0.0682904580664033 0.27197220872261046 -0.09096772970921096
v -0.0728512340664033 0.2809093447226105 -0.09360301680921096
v -0.07381809596640329 0.28025749372261044 -0.09345395860921096
v -0.07408320996640329 0.28025749372261044 -0.09230867210921097
v -0.07328020126640329 0.2809093447226105 -0.09174989540921097
v -0.07251879666640329 0.28131222772261044 -0.09254985490921097
v -0.0796108478664033 0.2885427777226105 -0.09479490110921096
v -0.0786439934664033 0.2891946437226105 -0.09494395930921097
v -0.07987596186640329 0.2885427777226105 -0.09364961270921096
v -0.07831155606640329 0.2895975117226105 -0.09389079730921096
v -0.07907296066640329 0.2891946437226105 -0.09309083590921097
v -0.06229864896640329 0.2643057857226105 -0.09021226690921097
v -0.05180822776640329 0.2743935437226105 -0.08766563240921096
v -0.05157412306640329 0.27388869272261046 -0.08663011340921097
v -0.06206454426640329 0.26380091872261047 -0.08917676660921096
v -0.06161582566640329 0.26380091872261047 -0.09102517740921097
v -0.05074661686640329 0.27307181072261044 -0.08680305260921096
v -0.06123703806640329 0.2629840377226105 -0.08934968710921097
v -0.051125400666403295 0.27388869272261046 -0.08847854290921096
v -0.060959716366403294 0.2629840377226105 -0.09049209390921097
v -0.050469291366403296 0.27307181072261044 -0.08794545940921097
v -0.0410837018664033 0.2839764657226105 -0.08408347890921097
v -0.04131780656640329 0.28448131672261046 -0.08511899690921097
v -0.040256195666403295 0.28315958372261046 -0.08425641800921096
v -0.040634983266403295 0.2839764657226105 -0.08593190930921096
v -0.039978870166403294 0.28315958372261046 -0.08539882390921097
v 0.06598202793359671 0.25603388272261046 -0.09024488180921098
v 0.05854057053359671 0.24901442272261048 -0.08872396310921096
v 0.058809607333596706 0.24850694872261048 -0.08974965850921096
v 0.0662510683335967 0.2555264387226105 -0.09127059760921097
v 0.0666319569335967 0.2555264387226105 -0.08940700250921096
v 0.05962581463359671 0.24768587972261047 -0.08954570440921097
v 0.0670672720335967 0.25470533972261045 -0.09106664360921096
v 0.0591904996335967 0.24850694872261048 -0.08788608390921096
v 0.06730267313359671 0.25470533972261045 -0.08991487320921096
v 0.05986121953359671 0.24768587972261047 -0.08839395270921097
v 0.05136815363359671 0.24148748772261047 -0.08822873790921097
v 0.05218436103359671 0.24066641972261046 -0.08802476710921096
v 0.052419765833596706 0.24066641972261046 -0.08687301350921096
v 0.05174904593359671 0.24148748772261047 -0.08636514380921097
v 0.051099113233596706 0.24199493272261047 -0.08720302300921097
v 0.0447429036335967 0.23364692972261047 -0.08650384660921097
v 0.04392670003359671 0.23446801272261047 -0.08670779970921097
v 0.0449783085335967 0.23364692972261047 -0.08535207530921096
v 0.0436576595335967 0.23497547172261046 -0.08568210340921097
v 0.044307588633596705 0.23446801272261047 -0.08484422410921097
v 0.0670669516335967 0.2603869437226105 -0.09039079400921096
v 0.05969938913359671 0.26719014372261046 -0.09240333360921096
v 0.05950664263359671 0.26667416072261046 -0.09344188500921097
v 0.06687420513359671 0.2598709757226105 -0.09142934530921097
v 0.06637298223359671 0.2598709757226105 -0.08959445730921096
v 0.058693545833596705 0.26583930872261047 -0.09328742700921097
v 0.06606110833359671 0.2590361237226105 -0.09127486870921096
v 0.05900541973359671 0.26667416072261046 -0.09160699510921097
v 0.06575133563359671 0.2590361237226105 -0.09014085490921096
v 0.05838377303359671 0.26583930872261047 -0.09215339460921097
v 0.05213908383359671 0.2734773607226105 -0.09545444140921097
v 0.05132598713359671 0.27264250772261045 -0.09529996660921097
v 0.0510162143335967 0.27264250772261045 -0.09416593240921096
v 0.05163786463359671 0.2734773607226105 -0.09361955340921096
v 0.052331834133596704 0.2739933277226105 -0.09441589000921097
v 0.043958424633596706 0.27944570772261046 -0.09731250440921096
v 0.04477152133359671 0.2802805607226105 -0.09746698100921097
v 0.04364865183359671 0.27944570772261046 -0.09617849070921097
v 0.04496426783359671 0.28079651272261047 -0.09642842970921096
v 0.04427029843359671 0.2802805607226105 -0.09563209300921097
v 0.06547554493359671 0.2767942847226105 -0.09147676270921097
v 0.055201745633596706 0.28651452072261047 -0.09581466390921096
v 0.055153424833596705 0.2859936207226105 -0.09686742540921096
v 0.06542722783359671 0.2762733847226105 -0.09252952410921098
v 0.0646873479335967 0.2762733847226105 -0.09077722210921096
v 0.05433536223359671 0.2851507957226105 -0.09681850110921097
v 0.0646091615335967 0.27543057472261046 -0.09248061850921097
v 0.05441354493359671 0.2859936207226105 -0.09511510650921097
v 0.0641518896335967 0.27543057472261046 -0.09139762630921097
v 0.05387809033359671 0.2851507957226105 -0.09573552760921097
v 0.04487962553359671 0.2957138497226105 -0.10120532660921097
v 0.04492794253359671 0.29623474172261044 -0.10015256700921096
v 0.044061562933596705 0.2948710327226105 -0.10115640420921096
v 0.044139745633596704 0.2957138497226105 -0.09945300780921097
v 0.043604291033596705 0.2948710327226105 -0.10007341210921097
v 0.0643922006335967 0.2772715837226105 -0.09136920610921097
v 0.07035416273359671 0.2853361367226105 -0.09725845050921098
v 0.07136338853359671 0.28483824472261043 -0.09691856060921097
v 0.06540142653359671 0.2767736907226105 -0.09102931800921096
v 0.06406471043359671 0.2767736907226105 -0.09238254280921096
v 0.0716596385335967 0.2840326277226105 -0.09772180210921097
v 0.0656976765335967 0.27596810472261046 -0.09183255950921097
v 0.07002666503359671 0.28483824472261043 -0.09827176850921096
v 0.0648715412335967 0.27596810472261046 -0.09266891140921096
v 0.0708335032335967 0.2840326277226105 -0.09855813720921097
v 0.0773253506335967 0.29290279772261046 -0.10280778630921097
v 0.0776215931335967 0.2920971887226105 -0.10361104830921097
v 0.0767954578335967 0.2920971887226105 -0.10444737970921097
v 0.07598862703359671 0.29290279772261046 -0.10416101290921097
v 0.07631611733359671 0.29340067472261044 -0.10314769480921096
v 0.0835835552335967 0.3001617487226105 -0.10950028900921097
v 0.0832873052335967 0.3009673507226105 -0.10869703070921097
v 0.0827574124335967 0.3001617487226105 -0.11033662410921097
v 0.08227807933359671 0.3014652277226105 -0.10903693730921096
v 0.08195058903359671 0.3009673507226105 -0.11005025730921097
v 0.06729065533359671 0.2535127697226105 -0.08995013870921097
v 0.0754145151335967 0.24143095272261048 -0.08706256650921097
v 0.0745660131335967 0.24102957572261047 -0.08635480610921097
v 0.0664421608335967 0.25311139272261046 -0.08924238010921097
v 0.06707920783359671 0.25311139272261046 -0.09103463960921096
v 0.07383017153359671 0.24038013772261047 -0.08700189370921096
v 0.0657063117335967 0.25246195472261046 -0.08988946680921096
v 0.0752030676335967 0.24102957572261047 -0.08814706470921096
v 0.0661000302335967 0.25246195472261046 -0.09099715950921097
v 0.0742238899335967 0.24038013772261047 -0.08810958640921096
v 0.08268987293359671 0.22894775872261047 -0.08346723300921097
v 0.0835383674335967 0.22934913672261048 -0.08417499340921097
v 0.08195403123359671 0.22829832172261047 -0.08411432060921097
v 0.08332691993359671 0.22894775872261047 -0.08525949250921097
v 0.08234774223359671 0.22829832172261047 -0.08522201330921098
v 0.0656662797335967 0.2626393887226105 -0.09062625650921097
v 0.0738612702335967 0.2742833047226105 -0.09446271690921097
v 0.07475864793359671 0.2738593067226105 -0.09383271820921096
v 0.0665636575335967 0.2622154057226105 -0.08999623920921096
v 0.0657571843335967 0.2622154057226105 -0.09171893820921097
v 0.0754041588335967 0.2731732727226105 -0.09453601580921096
v 0.0672091683335967 0.2615293707226105 -0.09069955530921096
v 0.0739521747335967 0.2738593067226105 -0.09555539860921097
v 0.0667107394335967 0.2615293707226105 -0.09176421910921097
v 0.07490572983359671 0.2731732727226105 -0.09560069810921097
v 0.08295363843359671 0.2855032237226105 -0.09766917860921097
v 0.08205626063359671 0.28592720672261046 -0.09829919600921097
v 0.08359914923359671 0.28481718872261047 -0.09837247620921097
v 0.0821471652335967 0.2855032237226105 -0.09939185900921096
v 0.08310072033359671 0.28481718872261047 -0.09943715850921098
v 2.6735967064393795e-09 0.1429182587226105 -0.03294793140921097
v 2.3235967063200275e-09 0.1323786377226105 -0.03444254020921097
v 0.0009510589875967064 0.13228163172261048 -0.03375840190921097
v 0.0009510592785967064 0.14282125272261048 -0.03226378930921097
v -0.0009510538064032934 0.14282125272261048 -0.03226378930921097
v 0.0005877877705967064 0.13212466272261048 -0.03265144300921097
v 0.0005877880615967064 0.14266428372261047 -0.03115683050921097
v -0.0009510540364032938 0.13228163172261048 -0.03375840190921097
v -0.0005877825864032936 0.14266428372261047 -0.03115683050921097
v -0.0005877827064032935 0.13212466272261048 -0.03265144300921097
v 0.0009510586965967064 0.1217419807226105 -0.03525301070921097
v 0.0005877874795967064 0.12158501172261049 -0.034146051809210966
v -0.0005877830564032936 0.12158501172261049 -0.034146051809210966
v -0.0009510542764032937 0.1217419807226105 -0.03525301070921097
v 2.0935967063717004e-09 0.1218390167226105 -0.03593714910921097
v 0.0005877872465967064 0.11101955172261047 -0.035644322609210966
v -0.0005877832864032936 0.11101955172261047 -0.035644322609210966
v -0.0009510545064032937 0.11121222372261047 -0.03674622250921097
v 0.0009510584645967064 0.11121222372261047 -0.03674622250921097
v 1.7435967064691887e-09 0.11133128372261047 -0.037427231709210966
v -0.0005877836364032937 0.09991386572261046 -0.037956900909210965
v -0.0009510549764032935 0.10014179372261045 -0.039051458209210965
v 1.5135967063040212e-09 0.10028266872261049 -0.03972793000921097
v 0.0009510580855967064 0.10014179372261045 -0.039051458209210965
v 0.0005877868385967064 0.09991386572261046 -0.037956900909210965
v -0.0009510552064032935 0.08906161772261045 -0.04135872240921097
v 1.1635967064015096e-09 0.08920249372261047 -0.04203519220921097
v 0.0009510577945967064 0.08906161772261045 -0.04135872240921097
v 0.0005877865475967063 0.08883368972261046 -0.04026416690921097
v -0.0005877841064032936 0.08883368972261046 -0.04026416690921097
v 0.0009510574165967064 0.07798898172261048 -0.04366441070921097
v 9.335967064531825e-10 0.0781467257226105 -0.044337365809210966
v 0.0005877862565967064 0.07773375472261046 -0.04257554370921097
v -0.0005877843364032935 0.07773375472261046 -0.04257554370921097
v -0.0009510556664032938 0.07798898172261048 -0.04366441070921097
v 0.0009510570375967064 0.06701919472261048 -0.04652630720921097
v 0.0005877857915967064 0.0667369367226105 -0.045444482909210965
v -0.0005877846864032936 0.0667369367226105 -0.045444482909210965
v -0.0009510559064032937 0.06701919472261048 -0.04652630720921097
v 4.635967063796459e-10 0.06719362772261045 -0.04719491300921097
v 0.0005877855005967064 0.05575969772261047 -0.048308324109210966
v -0.0005877849164032936 0.05575969772261047 -0.048308324109210966
v -0.0009510561364032936 0.05604189672261045 -0.049390148409210965
v 0.0009510567465967064 0.05604189672261045 -0.049390148409210965
v 1.1359670647713427e-10 0.05621635872261049 -0.050058754209210965
v -0.0005877853864032937 0.044764846722610496 -0.051176738009210965
v -0.0009510566064032935 0.04507133372261046 -0.05225224790921097
v -3.4640329363636035e-10 0.04526072772261047 -0.05291694400921097
v 0.0009510563685967064 0.04507133372261046 -0.05225224790921097
v 0.0005877851505967064 0.044764846722610496 -0.051176738009210965
v -0.0009510570664032934 0.034846991722610465 -0.05541454630921097
v -5.864032935447294e-10 0.035051136722610454 -0.05607466960921097
v 0.0009510560195967065 0.034846991722610465 -0.05541454630921097
v 0.0005877848015967064 0.03451663272261046 -0.054346431009210966
v -0.0005877857364032936 0.03451663272261046 -0.054346431009210966
v 0.0009510556995967064 0.02461603272261048 -0.058578885209210965
v -9.264032937040395e-10 0.024820238722610466 -0.05923901870921097
v 0.0005877844525967064 0.02428567372261048 -0.05751076990921097
v -0.0005877860864032937 0.02428567372261048 -0.05751076990921097
v -0.0009510572964032938 0.02461603272261048 -0.058578885209210965
v 0.0009510553205967064 0.01439222672261048 -0.061741030809210964
v 0.0005877841615967064 0.014036118722610458 -0.06068087830921097
v -0.0005877864364032936 0.014036118722610458 -0.06068087830921097
v -0.0009510577664032936 0.01439222672261048 -0.061741026109210964
v -1.1664032936124086e-09 0.014612316722610486 -0.06239623855921097
v 0.0005877837535967063 0.0007560547226104775 -0.06550067709921097
v -0.0005877868964032937 0.0007560547226104775 -0.06550067709921097
v -0.0009510579964032936 0.0011374947226104881 -0.06655163550921096
v 0.0009510548845967064 0.0011374947226104881 -0.06655163550921096
v -1.6264032935090628e-09 0.001373201722610462 -0.06720116408921097
v -0.0005877873664032935 -0.012531012277389508 -0.07032301218921097
v -0.0009510584664032934 -0.012114614277389524 -0.07136127265421097
v -2.0964032935825994e-09 -0.011857241277389519 -0.07200295239631097
v 0.0009510544475967064 -0.012114614277389524 -0.07136127265421097
v 0.0005877832885967064 -0.012531012277389508 -0.07032301218921097
v -0.0009510589264032938 -0.022531122277389515 -0.07475955737921097
v -2.4464032937019514e-09 -0.02225273827738955 -0.07539196754921097
v 0.0009510541565967063 -0.022531122277389515 -0.07475955737921097
v 0.0005877829975967064 -0.02298161427738954 -0.07373629358921097
v -0.0005877875964032937 -0.02298161427738954 -0.07373629358921097
v 0.0009510538365967064 -0.035616815277389524 -0.07961015495921096
v -2.796403293604463e-09 -0.035319179277389534 -0.08022552262921097
v 0.0005877825895967064 -0.03609898727738953 -0.07861447566921097
v -0.0005877879464032936 -0.03609898727738953 -0.07861447566921097
v -0.0009510591664032937 -0.035616815277389524 -0.07961015495921096
v 0.0009510535455967064 -0.04962986727738955 -0.08788516740921097
v -3.02640329355279e-09 -0.04926908027738952 -0.08847446180921097
v 0.0005877824145967064 -0.05021366427738955 -0.08693164590921097
v -0.0009510593964032936 -0.04962986727738955 -0.08788516740921097
v -0.0005877881764032936 -0.05021366427738955 -0.08693164590921097
v 0.00014086056359670644 0.6767382617226105 0.023707382390789025
v 0.00014086056359670644 0.6728124617226106 0.023343786590789034
v -0.0008101959264032936 0.6728028657226105 0.02265284959078903
v -0.0008101959264032936 0.6767336727226105 0.02301640809078903
v 0.0010919170455967065 0.6767336727226105 0.02301640809078903
v -0.0004469247064032935 0.6727871597226105 0.021534897390789037
v -0.0004469247064032935 0.6767260437226105 0.021898396290789032
v 0.0010919170455967065 0.6728028657226105 0.02265284959078903
v 0.0007286458275967064 0.6767260437226105 0.021898396290789032
v 0.0007286458275967064 0.6727871597226105 0.021534897390789037
v -0.0008101959264032936 0.6685242947226104 0.02315761149078903
v -0.0004469247064032935 0.6685291827226105 0.022039234590789034
v 0.0007286458855967064 0.6685291827226105 0.022039234590789034
v 0.0010919170455967065 0.6685242947226104 0.02315761149078903
v 0.00014086056359670644 0.6685212557226105 0.023848816790789026
v -0.0004469247064032935 0.6642844977226104 0.022731490390789033
v 0.0007286458855967064 0.6642844977226104 0.022731490390789033
v 0.0010919170455967065 0.6641889657226104 0.023847155290789027
v -0.0008101959264032936 0.6641889657226104 0.023847155290789027
v 0.00014086056359670644 0.6641299277226105 0.024536684190789027
v 0.0007286458855967064 0.6597656007226105 0.022090464790789036
v 0.0010919171905967064 0.6595078857226104 0.023183152090789028
v 0.00014086067359670644 0.6593487267226105 0.023858465290789027
v -0.0008101956964032936 0.6595078857226104 0.023183152090789028
v -0.00044692458640329356 0.6597656007226105 0.022090464790789036
v 0.0010919171905967064 0.6560369577226105 0.021338611890789033
v 0.0001408607935967064 0.6557316337226105 0.021965190790789027
v -0.0008101956964032936 0.6560369577226105 0.021338611890789033
v -0.00044692458640329356 0.6565307377226105 0.020324818790789026
v 0.0007286460605967064 0.6565307377226105 0.020324818790789026
v -0.0008101954564032937 0.6521079837226105 0.01813825219078903
v 0.00014086102359670634 0.6516329797226105 0.01865246889078903
v -0.00044692423640329366 0.6528767197226104 0.017306230990789026
v 0.0007286462935967064 0.6528767197226104 0.017306230990789026
v 0.0010919175105967064 0.6521079837226105 0.01813825219078903
v -0.0008101952264032938 0.6501896377226105 0.012899048590789025
v -0.0004469240064032937 0.6511797907226105 0.012350365490789036
v 0.0007286465845967064 0.6511797907226105 0.012350365490789036
v 0.0010919178025967065 0.6501896377226105 0.012899048590789025
v 0.00014086137359670646 0.6495776177226105 0.01323813949078903
v -0.0004469235464032936 0.6502006347226105 0.008216738690789038
v 0.0007286469915967064 0.6502006347226105 0.008216738690789038
v 0.0010919182385967065 0.6491181697226105 0.008511215490789037
v -0.0008101947564032935 0.6491181697226105 0.008511215490789037
v 0.00014086184359670632 0.6484490777226105 0.008693210790789038
v 0.0007286475155967064 0.6496352847226105 0.0019397884907890323
v 0.0010919187625967064 0.6485297977226104 0.0021104663907890314
v 0.00014086242359670638 0.6478466537226104 0.002215951690789031
v -0.0008101942964032936 0.6485297977226104 0.0021104663907890314
v -0.0004469230764032935 0.6496352847226105 0.0019397884907890323
v 0.0010919193735967063 0.6483140287226105 -0.00508548320921097
v 0.00014086300359670645 0.6476286057226105 -0.004998467909210963
v -0.0008101935964032938 0.6483140287226105 -0.00508548320921097
v -0.0004469224964032937 0.6494231967226105 -0.005226261909210966
v 0.0007286480395967064 0.6494231967226105 -0.005226261909210966
v -0.0008101931264032935 0.6481379417226105 -0.01257631550921097
v 0.0001408635835967063 0.6474557217226105 -0.012464810209210968
v -0.0004469219164032936 0.6492419247226104 -0.012756738809210966
v 0.0007286487375967064 0.6492419247226104 -0.012756738809210966
v 0.0010919199555967064 0.6481379417226105 -0.01257631550921097
v -0.0008101924364032937 0.6468800157226104 -0.01940490680921097
v -0.0004469213264032936 0.6479597237226105 -0.019707925609210968
v 0.0007286492615967064 0.6479597237226105 -0.019707925609210968
v 0.0010919204795967064 0.6468800157226104 -0.01940490680921097
v 0.00014086405359670638 0.6462127417226105 -0.019217632709210966
v -0.0004469206364032935 0.6442222297226105 -0.02453213560921097
v 0.0007286497855967064 0.6442222297226105 -0.02453213560921097
v 0.0010919210035967063 0.6432360557226104 -0.023974608609210968
v -0.0008101919664032938 0.6432360557226104 -0.023974608609210968
v 0.0001408645135967065 0.6426264797226104 -0.02363004160921097
v 0.0007286500765967064 0.6386473627226105 -0.028095945709210965
v 0.0010919212945967064 0.6379028857226104 -0.02723756800921097
v 0.0001408648635967064 0.6374427527226105 -0.02670705690921097
v -0.0008101917364032934 0.6379028857226104 -0.02723756800921097
v -0.0004469203964032936 0.6386473627226105 -0.028095945709210965
v 0.0010919217315967064 0.6283009057226104 -0.030690416709210966
v 0.00014086533359670647 0.6279989327226105 -0.03006615860921097
v -0.0008101912664032936 0.6283009057226104 -0.030690416709210966
v -0.0004469199364032937 0.6287895287226105 -0.03170048070921097
v 0.0007286506005967064 0.6287895287226105 -0.03170048070921097
v -0.0008101908064032937 0.6173722597226105 -0.034305222309210966
v 0.00014086568359670637 0.6171629127226105 -0.03364545850921097
v -0.00044691946640329364 0.6177109627226105 -0.03537273410921097
v 0.0007286509495967063 0.6177109627226105 -0.03537273410921097
v 0.0010919220515967065 0.6173722597226105 -0.034305222309210966
v -0.0008101908064032937 0.6059082597226104 -0.037214219609210966
v -0.00044691935640329365 0.6061379017226105 -0.03830942140921097
v 0.0007286511825967064 0.6061379017226105 -0.03830942140921097
v 0.0010919223425967064 0.6059082597226104 -0.037214219609210966
v 0.00014086591359670632 0.6057663557226105 -0.036537349209210965
v -0.0004469192364032937 0.5944019407226104 -0.04026159640921097
v 0.0007286514155967064 0.5944019407226104 -0.04026159640921097
v 0.0010919225755967063 0.5942521837226105 -0.03915311400921097
v -0.0008101903364032938 0.5942521837226105 -0.03915311400921097
v 0.00014086614359670648 0.5941596027226105 -0.038468036809210966
v 0.0007286514735967064 0.5831308217226104 -0.04143582660921097
v 0.0010919226335967063 0.5830399547226105 -0.04032121230921097
v 0.00014086614359670648 0.5829837617226105 -0.03963234270921097
v -0.0008101903364032938 0.5830399547226105 -0.04032121230921097
v -0.0004469190064032935 0.5831308217226104 -0.04143582660921097
v 0.0010919226335967063 0.5729065087226105 -0.04091887730921097
v 0.00014086626359670644 0.5728767957226104 -0.04022844510921097
v -0.0008101903364032938 0.5729065087226105 -0.04091887730921097
v -0.00044691888640329357 0.5729545797226104 -0.042036021109210966
v 0.0007286515315967064 0.5729545797226104 -0.042036021109210966
v -0.0008101903364032938 0.5645038337226105 -0.04114643480921097
v 0.00014086626359670644 0.5645317587226104 -0.04045443980921097
v -0.00044691888640329357 0.5644586387226105 -0.04226610440921097
v 0.0007286515315967064 0.5644586387226105 -0.04226610440921097
v 0.0010919226335967063 0.5645038337226105 -0.04114643480921097
v -0.0008101903364032938 0.5505054297226104 -0.03963207450921097
v -0.0004469192364032937 0.5502485487226105 -0.04072884100921097
v 0.0007286514155967064 0.5502485487226105 -0.04072884100921097
v 0.0010919225755967063 0.5505054297226104 -0.03963207450921097
v 0.00014086614359670648 0.5506642017226104 -0.03895423560921097
v -0.00044691946640329364 0.5381041097226105 -0.03626296300921097
v 0.0007286510665967064 0.5381041097226105 -0.03626296300921097
v 0.0010919221965967063 0.5385946037226105 -0.035252109209210965
v -0.0008101908064032937 0.5385946037226105 -0.035252109209210965
v 0.00014086580359670632 0.5388977597226104 -0.03462736310921097
v 0.0007286504255967064 0.5276397097226104 -0.029830344009210967
v 0.0010919216725967064 0.5282857347226104 -0.028915092309210966
v 0.0001408652135967063 0.5286850187226104 -0.028349436809210968
v -0.0008101912664032936 0.5282857347226104 -0.028915092309210966
v -0.0004469200464032937 0.5276397097226104 -0.029830344009210967
v 0.0010919210035967063 0.5191209237226104 -0.021532125809210968
v 0.0001408645135967065 0.5195670497226105 -0.02100421860921097
v -0.0008101919664032938 0.5191209237226104 -0.021532125809210968
v -0.0004469206364032935 0.5183990677226105 -0.022386301309210967
v 0.0007286497855967064 0.5183990677226105 -0.022386301309210967
v -0.0008101926664032936 0.5106439739226105 -0.01401972770921097
v 0.00014086393359670642 0.5110915154226104 -0.013493087109210967
v -0.00044692144640329353 0.5099197924226104 -0.014871854309210966
v 0.0007286490875967064 0.5099197924226104 -0.014871854309210966
v 0.0010919203925967064 0.5106439739226105 -0.01401972770921097
v -0.0008101933664032934 0.5023938194226105 -0.0072981194092109625
v -0.0004469219164032936 0.5017533302226105 -0.008218392709210973
v 0.0007286485635967063 0.5017533302226105 -0.008218392709210973
v 0.0010919197225967064 0.5023938194226105 -0.0072981194092109625
v 0.00014086335359670635 0.5027897060226105 -0.0067293495092109745
v -0.0004469224964032937 0.4934324473226105 -0.0033159777092109655
v 0.0007286481555967063 0.4934324473226105 -0.0033159777092109655
v 0.0010919193735967063 0.4939161464226105 -0.002303317209210967
v -0.0008101935964032938 0.4939161464226105 -0.002303317209210967
v 0.00014086289359670646 0.49421510842261046 -0.0016774535092109744
v 0.0007286478065967064 0.4830676093226105 0.0005714222907890337
v 0.0010919189955967065 0.48346025492261047 0.0016182511907890385
v 0.00014086254359670634 0.48370290552261047 0.002265229790789025
v -0.0008101940664032936 0.48346025492261047 0.0016182511907890385
v -0.0004469227264032936 0.4830676093226105 0.0005714222907890337
v 0.0010919187045967064 0.4730175957226105 0.005534842590789027
v 0.00014086219359670644 0.4732336215226105 0.006191804990789029
v -0.0008101942964032936 0.4730175957226105 0.005534842590789027
v -0.0004469230764032935 0.4726680554226105 0.004471853390789038
v 0.0007286474575967064 0.4726680554226105 0.004471853390789038
v -0.0008101945264032935 0.46095922592261046 0.008957020890789036
v 0.0001408619535967063 0.4611478634226105 0.009621746790789032
v -0.00044692342640329365 0.4606539719226105 0.007881455090789038
v 0.0007286471665967064 0.4606539719226105 0.007881455090789038
v 0.0010919183845967064 0.46095922592261046 0.008957020890789036
v -0.0008101949964032934 0.4489036388226105 0.012378379690789032
v -0.0004469236564032936 0.44863248992261046 0.011293157890789038
v 0.0007286468755967064 0.44863248992261046 0.011293157890789038
v 0.0010919180935967064 0.4489036388226105 0.012378379690789032
v 0.0001408616035967064 0.4490712546226105 0.013049103290789038
v -0.0004469240064032937 0.43543668832261045 0.014149889390789039
v 0.0007286466425967064 0.43543668832261045 0.014149889390789039
v 0.0010919178025967065 0.43567327592261046 0.015242606390789032
v -0.0008101952264032938 0.43567327592261046 0.015242606390789032
v 0.00014086137359670646 0.43581945452261045 0.01591794189078903
v 0.0007286463515967064 0.4222371876226105 0.017007425390789033
v 0.0010919175695967064 0.42244428722261046 0.01810651269078903
v 0.0001408611435967063 0.4225723086826105 0.018785797090789036
v -0.0008101954564032937 0.42244428722261046 0.01810651269078903
v -0.00044692423640329366 0.4222371876226105 0.017007425390789033
v 0.0010919173365967064 0.40848142747261046 0.02035033699078903
v 0.00014086091359670635 0.40859106183261046 0.021032556890789034
v -0.0008101956964032936 0.40848142747261046 0.02035033699078903
v -0.0004469243564032936 0.40830404404261045 0.019246458990789028
v 0.0007286461765967063 0.40830404404261045 0.019246458990789028
v -0.0008101956964032936 0.3945190646226105 0.02259406449078903
v 0.0001408607935967064 0.3946115318226105 0.02327904849078903
v -0.00044692458640329356 0.3943694513226105 0.021485723590789027
v 0.0007286459435967064 0.3943694513226105 0.021485723590789027
v 0.0010919171905967064 0.3945190646226105 0.02259406449078903
v -0.0008101961564032935 0.38026357812261047 0.02415461839078903
v -0.0004469247064032935 0.3801419288226105 0.023043230190789035
v 0.0007286458275967064 0.3801419288226105 0.023043230190789035
v 0.0010919170455967065 0.38026357812261047 0.02415461839078903
v 0.00014086056359670644 0.3803387657226105 0.02484149489078903
v -0.0004469248264032937 0.3659148253226105 0.024600669790789037
v 0.0007286456525967064 0.3659148253226105 0.024600669790789037
v 0.0010919168995967064 0.3660079017226105 0.025715194690789034
v -0.0008101961564032935 0.3660079017226105 0.025715194690789034
v 0.0001408604435967065 0.3660654649226105 0.026404015690789026
v 0.0007286455945967064 0.35183550422261045 0.02541329709078903
v 0.0010919168995967064 0.3518999293226105 0.026529476090789025
v 0.00014086032359670632 0.35193976012261047 0.027219310390789037
v -0.0008101961564032935 0.3518999293226105 0.026529476090789025
v -0.0004469248264032937 0.35183550422261045 0.02541329709078903
v 0.0010919167545967064 0.3377910480226105 0.027343824490789037
v 0.00014086032359670632 0.3378110751226105 0.028034798890789026
v -0.0008101961564032935 0.3377910480226105 0.027343824490789037
v -0.00044692505640329364 0.3377586230226105 0.02622579039078904
v 0.0007286455945967064 0.3377586230226105 0.02622579039078904
v -0.0008101961564032935 0.32427057622261046 0.027348630090789028
v 0.00014086032359670632 0.3242708072226105 0.028039604890789036
v -0.00044692505640329364 0.32427019622261044 0.02623059599078903
v 0.0007286455945967064 0.32427019622261044 0.02623059599078903
v 0.0010919167545967064 0.32427057622261046 0.027348630090789028
v -0.0008101961564032935 0.3107537697226105 0.027353435790789027
v -0.00044692505640329364 0.3107721357226105 0.026235401590789034
v 0.0007286455945967064 0.3107721357226105 0.026235401590789034
v 0.0010919167545967064 0.3107537697226105 0.027353435790789027
v 0.00014086032359670632 0.3107424227226105 0.028044424890789038
v -0.0004469248264032937 0.29769501072261045 0.025801084890789028
v 0.0007286455945967064 0.29769501072261045 0.025801084890789028
v 0.0010919167545967064 0.2976578917226105 0.026918500690789035
v -0.0008101961564032935 0.2976578917226105 0.026918500690789035
v 0.00014086032359670632 0.2976349667226105 0.027609094990789035
v 0.0007286456525967064 0.2846068587226105 0.02536641809078903
v 0.0010919168995967064 0.2845662087226105 0.026483721990789036
v 0.00014086032359670632 0.28454111472261046 0.027174256790789025
v -0.0008101961564032935 0.2845662087226105 0.026483721990789036
v -0.0004469248264032937 0.2846068587226105 0.02536641809078903
v 0.0010919168995967064 0.27144752472261047 0.02596505729078903
v 0.0001408604435967065 0.2714202407226105 0.02665549519078904
v -0.0008101961564032935 0.27144752472261047 0.02596505729078903
v -0.0004469248264032937 0.27149170672261047 0.02484790239078903
v 0.0007286456525967064 0.27149170672261047 0.02484790239078903
v -0.0008101961564032935 0.25832782672261045 0.025446370290789028
v 0.0001408604435967065 0.2582961467226105 0.026136644190789038
v -0.0004469248264032937 0.2583791167226105 0.024329483490789033
v 0.0007286457695967063 0.2583791167226105 0.024329483490789033
v 0.0010919168995967064 0.25832782672261045 0.025446370290789028
v -0.0008101961564032935 0.24520142372261047 0.024760030190789026
v -0.0004469247064032935 0.24525979172261048 0.023643523490789034
v 0.0007286458275967064 0.24525979172261048 0.023643523490789034
v 0.0010919169875967063 0.24520142372261047 0.024760030190789026
v 0.00014086056359670644 0.24516533272261049 0.025450073190789027
v -0.0004469247064032935 0.23214305972261048 0.02295770499078903
v 0.0007286458275967064 0.23214305972261048 0.02295770499078903
v 0.0010919170455967065 0.23207399272261048 0.024073652890789027
v -0.0008101961564032935 0.23207399272261048 0.024073652890789027
v 0.00014086056359670644 0.2320313157226105 0.024763353190789025
v 0.0007286458855967064 0.21903982772261046 0.02202071999078903
v 0.0010919171905967064 0.21896007672261047 0.02313590799078903
v 0.00014086067359670644 0.21891079872261046 0.02382512389078903
v -0.0008101956964032936 0.21896007672261047 0.02313590799078903
v -0.00044692458640329356 0.21903982772261046 0.02202071999078903
v 0.0010919171905967064 0.20584519172261048 0.02219808099078903
v 0.0001408607935967064 0.20578707772261048 0.022886671090789026
v -0.0008101956964032936 0.20584519172261048 0.02219808099078903
v -0.00044692458640329356 0.20593921872261048 0.02108392119078903
v 0.0007286460605967064 0.20593921872261048 0.02108392119078903
v -0.0008101956964032936 0.19276404372261047 0.020925119490789026
v 0.0001408607935967064 0.19269710772261048 0.021612852790789033
v -0.0004469243564032936 0.19287231572261046 0.019812330590789032
v 0.0007286461185967064 0.19287231572261046 0.019812330590789032
v 0.0010919172785967064 0.19276404372261047 0.020925119490789026
v -0.0008101956964032936 0.1796818827226105 0.019652038790789028
v -0.00044692423640329366 0.17980805072261047 0.018541008190789035
v 0.0007286461765967063 0.17980805072261047 0.018541008190789035
v 0.0010919175105967064 0.1796818827226105 0.019652038790789028
v 0.00014086091359670635 0.17960390472261048 0.020338699190789025
v -0.00044692412640329367 0.16679775672261046 0.01685130599078903
v 0.0007286463515967064 0.16679775672261046 0.01685130599078903
v 0.0010919175695967064 0.16665376772261048 0.01796002689078903
v -0.0008101954564032937 0.16665376772261048 0.01796002689078903
v 0.0001408611435967063 0.16656477772261047 0.018645264190789032
v 0.0007286464675967064 0.15379008672261046 0.01516196879078903
v 0.0010919178025967065 0.15362465372261047 0.016267903190789038
v 0.00014086126359670647 0.15352240172261045 0.016951404490789038
v -0.0008101952264032938 0.15362465372261047 0.016267903190789038
v -0.0004469240064032937 0.15379008672261046 0.01516196879078903
v 0.0010919178605967063 0.14066985272261046 0.014073021690789028
v 0.00014086149359670641 0.14055442772261045 0.014754310290789038
v -0.0008101952264032938 0.14066985272261046 0.014073021690789028
v -0.00044692377640329355 0.1408565937226105 0.01297070829078903
v 0.0007286467005967064 0.1408565937226105 0.01297070829078903
v -0.0008101949964032934 0.12771272672261047 0.011877760290789033
v 0.0001408616035967064 0.12757894372261047 0.012555919590789028
v -0.0004469236564032936 0.12792915072261046 0.010780461090789034
v 0.0007286469335967063 0.12792915072261046 0.010780461090789034
v 0.0010919180935967064 0.12771272672261047 0.011877760290789033
v -0.0008101945264032935 0.11499458572261045 0.009011454890789028
v -0.00044692342640329365 0.11527320772261046 0.007928162790789034
v 0.0007286471665967064 0.11527320772261046 0.007928162790789034
v 0.0010919182385967065 0.11499458572261045 0.009011454890789028
v 0.0001408619535967063 0.1148223877226105 0.009680956590789033
v -0.0004469230764032935 0.10239109372261046 0.004198878990789037
v 0.0007286475155967064 0.10239109372261046 0.004198878990789037
v 0.0010919187045967064 0.10205078172261045 0.005264304590789026
v -0.0008101942964032936 0.10205078172261045 0.005264304590789026
v 0.00014086219359670644 0.10184046672261049 0.0059227719907890275
v 0.0007286479235967064 0.08934015072261048 -0.00036657600921097266
v 0.0010919190535967063 0.08894446472261047 0.0006794631907890286
v 0.00014086265359670633 0.08869990672261047 0.001325957490789037
v -0.0008101940664032936 0.08894446472261047 0.0006794631907890286
v -0.00044692261640329363 0.08934015072261048 -0.00036657600921097266
v 0.0010919194315967065 0.07573693972261047 -0.004700325409210962
v 0.00014086300359670645 0.0754613277226105 -0.004066482209210964
v -0.0008101933664032934 0.07573693972261047 -0.004700325409210962
v -0.00044692214640329356 0.07618293172261048 -0.005725905309210966
v 0.0007286483305967064 0.07618293172261048 -0.005725905309210966
v -0.0008101928964032936 0.06248956872261047 -0.010832469909210968
v 0.00014086370359670647 0.062185555722610475 -0.01021177690921097
v -0.0004469215664032937 0.06298151572261046 -0.011836770909210967
v 0.0007286488545967064 0.06298151572261046 -0.011836770909210967
v 0.0010919200435967065 0.06248956872261047 -0.010832469909210968
v -0.0008101924364032937 0.04926368572261047 -0.01767437900921097
v -0.00044692098640329364 0.04979807172261047 -0.018656697109210967
v 0.0007286494945967064 0.04979807172261047 -0.018656697109210967
v 0.0010919207125967064 0.04926368572261047 -0.01767437900921097
v 0.00014086428359670632 0.048933386722610495 -0.01706726850921097
v -0.0004469203964032936 0.03669425872261045 -0.026143446609210967
v 0.0007286501345967064 0.03669425872261045 -0.026143446609210967
v 0.0010919212945967064 0.03612089172261046 -0.025183361009210967
v -0.0008101917364032934 0.03612089172261046 -0.025183361009210967
v 0.0001408648635967064 0.035766541722610456 -0.024589996809210965
v 0.0007286508335967064 0.023841440722610463 -0.034158442209210965
v 0.0010919220515967065 0.023234039722610456 -0.03321959450921097
v 0.00014086556359670641 0.02285864972261048 -0.03263935820921097
v -0.0008101910364032936 0.023234039722610456 -0.03321959450921097
v -0.00044691981640329354 0.023841440722610463 -0.034158442209210965
v 0.0010919227785967064 0.010696142722610491 -0.04162998500921097
v 0.0001408663835967064 0.010303169722610472 -0.04106153730921097
v -0.0008101901064032934 0.010696142722610491 -0.04162998500921097
v -0.00044691888640329357 0.011331975722610466 -0.04254975730921097
v 0.0007286515315967064 0.011331975722610466 -0.04254975730921097
v -0.0008101896364032936 -0.0015507342773895538 -0.05035194750921097
v 0.0001408670835967064 -0.001957893277389544 -0.04979362900921097
v -0.00044691818640329355 -0.0008918942773895044 -0.05125532480921097
v 0.0007286522885967064 -0.0008918942773895044 -0.05125532480921097
v 0.0010919235355967064 -0.0015507342773895538 -0.05035194750921097
v -0.0008101887064032938 -0.013564497277389509 -0.05932286570921097
v -0.00044691737640329353 -0.012887954277389535 -0.060213020109210966
v 0.0007286531035967064 -0.012887954277389535 -0.060213020109210966
v 0.0010919243505967064 -0.013564497277389509 -0.05932286570921097
v 0.00014086789359670643 -0.0139826242773895 -0.058772719509210966
v -0.0004469166764032935 -0.025660366277389546 -0.06825465964921097
v 0.0007286539185967064 -0.025660366277389546 -0.06825465964921097
v 0.0010919251075967064 -0.026349455277389522 -0.06737419403921097
v -0.0008101880064032936 -0.026349455277389522 -0.06737419403921097
v 0.0001408687135967064 -0.026775330277389542 -0.06683003250921096
v 0.0007286547915967064 -0.04091072127738954 -0.07800857303921097
v 0.0010919258345967065 -0.041506648277389535 -0.07712651509921097
v 0.00014086940359670647 -0.04184678227738953 -0.07657927786921097
v -0.0008101870764032938 -0.04151254927738951 -0.07712695374921097
v -0.00044691574640329354 -0.04091072127738954 -0.07800857303921097
v 0.0010919267365967064 -0.053530484277389545 -0.08707177920921097
v 0.0007286554895967064 -0.05283147127738952 -0.08794435300921097
v 0.00014087022359670644 -0.05396249927738955 -0.08653249500921097
v -0.0004469150464032935 -0.05283147127738952 -0.08794435300921097
v -0.0008101861464032936 -0.053530484277389545 -0.08707177920921097
v 3.3735967064612432e-09 -0.051890433277389514 -0.08790250490921096
v 3.723596706363755e-09 -0.05123835827738954 -0.09650008940921097
v 0.0009510602395967064 -0.05199992627738953 -0.09651447090921098
v 0.0009510598905967064 -0.052581370277389516 -0.08790708330921096
v -0.0009510531064032936 -0.052581370277389516 -0.08790708330921096
v 0.0005877888765967064 -0.053150922277389545 -0.09653169290921097
v 0.0005877885265967063 -0.05369937427738952 -0.08791446500921096
v -0.0009510526464032937 -0.051990092277389544 -0.09651374630921097
v -0.0005877820064032937 -0.05369937427738952 -0.08791446500921096
v -0.0005877816564032936 -0.053150922277389545 -0.09653169290921097
v 0.0009510607055967064 -0.051502853277389515 -0.10440383480921098
v 0.0005877892255967064 -0.05262035127738951 -0.10444211590921096
v -0.0005877811964032937 -0.05262035127738951 -0.10444211590921096
v -0.0009510521764032934 -0.051502853277389515 -0.10440383480921098
v 4.1935967064372914e-09 -0.05079957827738951 -0.10437925160921097
v 0.0005877896905967064 -0.0519292652773895 -0.11325269560921097
v -0.0005877807264032936 -0.0519292652773895 -0.11325269560921097
v -0.0009510519464032935 -0.05081376427738954 -0.11317336560921097
v 0.0009510611415967064 -0.05081376427738954 -0.11317336560921097
v 4.653596706333946e-09 -0.050124377277389554 -0.11312434820921097
v -0.0005877803764032935 -0.05047279627738954 -0.12352268020921098
v -0.0009510514764032936 -0.04936295727738954 -0.12338281420921096
v 5.003596706453298e-09 -0.048677057277389524 -0.12329637260921097
v 0.0009510616075967065 -0.04936295727738954 -0.12338281420921096
v 0.0005877902145967064 -0.05047279627738954 -0.12352268020921098
v -0.0009510507764032938 -0.047782957277389515 -0.13207898660921097
v 5.703596706475161e-09 -0.04710540127738955 -0.13193952290921096
v 0.0009510621025967064 -0.047782957277389515 -0.13207898660921097
v 0.0005877907385967064 -0.04887914627738954 -0.13230464610921097
v -0.0005877799164032936 -0.04887914627738954 -0.13230464610921097
v 0.0009510626255967064 -0.04405629627738955 -0.14066810160921095
v 6.053596706377673e-09 -0.04339775427738951 -0.14045396450921097
v 0.0005877912625967064 -0.04512184827738952 -0.14101459090921098
v -0.0005877793264032936 -0.04512184827738952 -0.14101459090921098
v -0.0009510503164032935 -0.04405629627738955 -0.14066810160921095
v 0.0009510632375967065 -0.03942781727738953 -0.14825618270921098
v 6.753596706399537e-09 -0.03878614327738955 -0.14799980070921098
v 0.0005877918445967064 -0.04046601027738955 -0.148671053309211
v -0.0009510498464032936 -0.03942781727738953 -0.14825618270921098
v -0.0005877786364032935 -0.04046601027738955 -0.148671053309211
v 0.00019836635359670634 0.7106750307226104 0.029363832890789032
v -0.009487397066403294 0.7104772627226105 0.028168670890789033
v -0.009184479666403294 0.7097900207226104 0.02724778649078903
v 0.0003287264835967064 0.7099840937226105 0.028421662890789026
v 9.578315359670643e-05 0.7099840937226105 0.030309460890789036
v -0.009239847766403294 0.7086715397226104 0.02760697899078904
v 0.0003067102535967063 0.7088663877226105 0.02878497589078903
v -0.009729978666403294 0.7097836137226105 0.029097020890789027
v 0.0001627434935967064 0.7088663877226105 0.029951683890789033
v -0.009576985566403294 0.7086675767226105 0.028749860890789028
v -0.016620286766403293 0.7092521487226104 0.023043401490789026
v -0.016708425266403294 0.7081300017226104 0.023382447690789038
v -0.017366726866403295 0.7080987397226104 0.02436952289078903
v -0.017685442266403294 0.7092014847226105 0.02464050059078904
v -0.017224117166403295 0.7099143867226105 0.02382090689078903
v -0.022409384166403295 0.7070676987226105 0.01886201649078903
v -0.023273822866403292 0.7069926257226105 0.019663788390789028
v -0.023743650866403294 0.7080660757226105 0.019805654890789032
v -0.022344960866403293 0.7081873717226105 0.01850837469078903
v -0.023169583666403294 0.7088044587226106 0.019091561390789033
v -0.027483892666403293 0.7051899437226105 0.013869188690789028
v -0.028091260266403295 0.7062039077226105 0.01383231579078903
v -0.027495332966403295 0.7069582937226104 0.013155683890789027
v -0.026519660866403293 0.7064104977226104 0.012774385490789034
v -0.026512588366403293 0.7053176757226105 0.01321534809078903
v -0.030928716966403293 0.7034380737226105 0.008328758190789029
v -0.030381672966403296 0.7041580077226104 0.007571741890789033
v -0.029297164666403294 0.7037214337226105 0.007392182990789031
v -0.029173945066403292 0.7027317587226105 0.00803823019078903
v -0.030182302966403292 0.7025565807226104 0.008617073290789035
v -0.030834105766403296 0.6998670697226105 0.003324158490789028
v -0.03199368066640329 0.7001096907226105 0.003320150090789037
v -0.030566980166403294 0.6992054577226104 0.004312224690789027
v -0.031561461266403294 0.6990391317226105 0.004918873290789036
v -0.032443211366403296 0.6995978947226105 0.004305742690789038
v -0.031231203166403293 0.6946207877226105 0.001708246790789028
v -0.030915037766403294 0.6945869327226104 0.0028890668907890354
v -0.03190046646640329 0.6945278647226105 0.00353025649078903
v -0.032825653466403294 0.6945252717226105 0.0027457177907890262
v -0.032412030766403296 0.6945827897226104 0.0016196518907890256
v -0.030250363966403293 0.6899433727226105 0.003962300690789025
v -0.03125140536640329 0.6899259687226105 0.0045785381907890305
v -0.03208506576640329 0.6893668767226104 0.003907360090789028
v -0.030465350466403293 0.6893949507226105 0.0029102637907890277
v -0.03159925806640329 0.6890386637226105 0.002876318990789037
v -0.029405805266403292 0.6862490477226104 0.007381878790789026
v -0.030058131566403294 0.6853432957226104 0.006966330090789036
v -0.029481054266403295 0.6848571597226105 0.006062552290789031
v -0.028472079866403294 0.6854624747226105 0.0059195309907890264
v -0.028425571466403295 0.6863227487226105 0.006734922490789039
v -0.026729804466403294 0.6823174957226105 0.011152088690789028
v -0.026115895266403295 0.6818084417226105 0.010288327890789026
v -0.025258018666403294 0.6825540067226105 0.009963504990789032
v -0.025341731466403294 0.6835235357226105 0.010626539590789033
v -0.026251346766403293 0.6833773557226105 0.011361136990789028
v -0.020802113266403292 0.6804282967226105 0.013483293390789033
v -0.021499664566403294 0.6796033977226105 0.013959959190789031
v -0.020945402766403293 0.6814220847226105 0.014094769990789027
v -0.021731511666403292 0.6812113817226104 0.014949373890789028
v -0.022074061466403293 0.6800874177226105 0.014866061490789034
v -0.015078795166403293 0.6788773837226105 0.017494633790789027
v -0.015210262466403293 0.6798653897226105 0.01811885089078903
v -0.015811051266403295 0.6796002087226105 0.019102305190789037
v -0.016050891066403294 0.6784484687226104 0.019085898990789038
v -0.015598333466403293 0.6780016717226105 0.018092319390789036
v -0.008107095026403294 0.6786774997226105 0.02112199369078903
v -0.008456051346403294 0.6783669887226105 0.022210955590789033
v -0.008623992096403294 0.6772031787226105 0.022221445990789027
v -0.008059368466403294 0.6777055267226104 0.020459458190789037
v -0.008378828876403293 0.6767944097226104 0.021138951190789027
v 0.00025034754359670643 0.6773389877226105 0.02350045739078903
v 0.0004535189365967064 0.6776666047226105 0.022389903690789026
v 0.00011036638359670646 0.6761718397226104 0.023515082890789032
v 0.00043910462359670634 0.6767019327226105 0.02171815189078903
v 0.00022702478359670633 0.6757781807226104 0.022413551790789035
v 0.00023856572359670647 0.7106750307226104 0.029363832890789032
v 0.009924328883596706 0.7104772627226105 0.028168670890789033
v 0.010166910473596706 0.7097836137226105 0.029097020890789027
v 0.00034114869359670643 0.7099840937226105 0.030309460890789036
v 0.0001082055935967064 0.7099840937226105 0.028421662890789026
v 0.010013914663596706 0.7086675767226105 0.028749860890789028
v 0.00027418835359670646 0.7088663877226105 0.029951683890789033
v 0.009621410633596707 0.7097900207226104 0.02724778649078903
v 0.00013022148359670633 0.7088663877226105 0.02878497589078903
v 0.009676777753596707 0.7086715397226104 0.02760697899078904
v 0.018122374033596705 0.7092014847226105 0.02464050059078904
v 0.017803658733596708 0.7080987397226104 0.02436952289078903
v 0.017145357133596707 0.7081300017226104 0.023382447690789038
v 0.017057220433596705 0.7092521487226104 0.023043401490789026
v 0.017661050933596708 0.7099143867226105 0.02382090689078903
v 0.023710760333596707 0.7069926257226105 0.019663788390789028
v 0.022846323433596705 0.7070676987226105 0.01886201649078903
v 0.022781900133596707 0.7081873717226105 0.01850837469078903
v 0.024180588333596705 0.7080660757226105 0.019805654890789032
v 0.023606521033596707 0.7088044587226106 0.019091561390789033
v 0.026949529533596705 0.7053176757226105 0.013215362990789029
v 0.026956600133596707 0.7064104977226104 0.012774385490789034
v 0.027932274133596707 0.7069582937226104 0.013155683890789027
v 0.028528201433596707 0.7062039077226105 0.01383231579078903
v 0.027920830033596706 0.7051899437226105 0.013869203590789025
v 0.029734105833596706 0.7037214337226105 0.007392190390789033
v 0.030818614133596708 0.7041580077226104 0.007571741890789033
v 0.03136565813359671 0.7034380737226105 0.00832876559078903
v 0.030619242233596706 0.7025565807226104 0.008617073290789035
v 0.029610886233596707 0.7027317587226105 0.008038237690789027
v 0.032880148833596703 0.6995978947226105 0.004305742690789038
v 0.03243061993359671 0.7001096907226105 0.0033201574907890385
v 0.031998396833596704 0.6990391317226105 0.004918873290789036
v 0.031003917533596707 0.6992054577226104 0.004312232090789028
v 0.03127104693359671 0.6998670697226105 0.003324158490789028
v 0.03326259463359671 0.6945252717226105 0.002745725190789028
v 0.03233740203359671 0.6945278647226105 0.0035302638907890316
v 0.0313519789335967 0.6945869327226104 0.0028890743907890315
v 0.03166814243359671 0.6946207877226105 0.0017082541907890297
v 0.032848971933596705 0.6945827897226104 0.0016196667907890372
v 0.03168834093359671 0.6899259687226105 0.0045785456907890265
v 0.030687303233596707 0.6899433727226105 0.003962300690789025
v 0.030902287933596707 0.6893949507226105 0.0029102712907890377
v 0.0325220050335967 0.6893668767226104 0.003907367590789038
v 0.03203619363359671 0.6890386637226105 0.002876318990789037
v 0.028862514533596707 0.6863227487226105 0.006734937390789036
v 0.028909019233596706 0.6854624747226105 0.005919545890789038
v 0.029917997333596708 0.6848571597226105 0.006062559790789027
v 0.030495072733596706 0.6853432957226104 0.006966337590789032
v 0.029842748333596708 0.6862490477226104 0.007381886290789036
v 0.025694954233596707 0.6825540067226105 0.009963527290789032
v 0.026552830833596705 0.6818084417226105 0.010288327890789026
v 0.027166740033596707 0.6823174957226105 0.011152088690789028
v 0.026688278633596706 0.6833773557226105 0.011361136990789028
v 0.025778665233596707 0.6835235357226105 0.010626561890789032
v 0.022511000733596707 0.6800874177226105 0.014866061490789034
v 0.021936600133596707 0.6796033977226105 0.013959974090789029
v 0.022168447233596705 0.6812113817226104 0.014949373890789028
v 0.021382338333596707 0.6814220847226105 0.014094769990789027
v 0.021239048833596706 0.6804282967226105 0.013483293390789033
v 0.016487825633596707 0.6784484687226104 0.019085913890789036
v 0.016247984933596707 0.6796002087226105 0.019102305190789037
v 0.015647196233596707 0.6798653897226105 0.01811885089078903
v 0.015515729833596706 0.6788773837226105 0.017494633790789027
v 0.01603526713359671 0.6780016717226105 0.018092319390789036
v 0.008892984133596706 0.6783669887226105 0.022210955590789033
v 0.008544028273596706 0.6786774997226105 0.02112199369078903
v 0.008496301713596707 0.6777055267226104 0.020459458190789037
v 0.009060924403596706 0.6772031787226105 0.022221445990789027
v 0.008815761193596706 0.6767944097226104 0.021138951190789027
v -1.6585926403293655e-05 0.6776666047226105 0.022389903690789026
v 0.00018658535359670635 0.6773389877226105 0.02350045739078903
v -2.1714964032935012e-06 0.6767019327226105 0.02171815189078903
v 0.0003265665135967063 0.6761718397226104 0.023515082890789032
v 0.00020990811359670645 0.6757781807226104 0.022413551790789035
v -0.0313751110664033 0.6944312747226105 0.0036636143907890356
v -0.031375107366403296 0.7032232287226104 0.003279752990789031
v -0.03042405196640329 0.7032475177226105 0.002587057690789027
v -0.03042405196640329 0.6944012347226105 0.0029732882907890362
v -0.032326162766403294 0.6944012347226105 0.0029732882907890362
v -0.03078732356640329 0.7032867077226105 0.001466244490789026
v -0.03078732356640329 0.6943523887226104 0.0018563195907890379
v -0.032326162766403294 0.7032475177226105 0.002587057690789027
v -0.03196289106640329 0.6943523887226104 0.0018563195907890379
v -0.03196289106640329 0.7032865587226105 0.001466244490789026
v -0.030424055666403292 0.7116602957226105 0.0035461112907890363
v -0.030787327366403293 0.7118450697226104 0.0024418979907890326
v -0.031962898566403296 0.7118450697226104 0.0024418979907890326
v -0.032326166566403296 0.7116602957226105 0.0035461037907890264
v -0.03137511476640329 0.7115460037226105 0.0042285471907890365
v -0.03078732356640329 0.7201084797226105 0.004273287990789035
v -0.031962894866403295 0.7201084797226105 0.004273280490789039
v -0.032326166566403296 0.7198428217226105 0.005359552790789035
v -0.03042405196640329 0.7198428217226105 0.005359552790789035
v -0.0313751110664033 0.7196786107226105 0.006030909690789038
v -0.03196289106640329 0.7282453777226106 0.006452955290789028
v -0.032326166566403296 0.7279661297226105 0.00753558429078903
v -0.0313751110664033 0.7277935447226105 0.008204683690789027
v -0.03042405196640329 0.7279661297226105 0.007535591690789031
v -0.03078732356640329 0.7282453777226106 0.006452955290789028
v -0.032326166566403296 0.7361993197226104 0.00957874209078903
v -0.0313751110664033 0.7360593977226104 0.010255962590789036
v -0.03042405196640329 0.7361993197226104 0.00957874209078903
v -0.03078732356640329 0.7364257577226105 0.008482985190789036
v -0.031962894866403295 0.7364257577226105 0.008482985190789036
v -0.03042405196640329 0.7447118757226106 0.010989986390789033
v -0.0313751110664033 0.7446444337226105 0.011679209790789027
v -0.03078732356640329 0.7448211317226106 0.00987479839078903
v -0.031962894866403295 0.7448211317226106 0.00987479839078903
v -0.032326166566403296 0.7447118757226106 0.010989986390789033
v -0.03042405196640329 0.7536439297226105 0.011266648790789036
v -0.0313751110664033 0.7536224127226105 0.01195729519078903
v -0.03078732356640329 0.7536784117226105 0.010149151090789038
v -0.032326166566403296 0.7536439297226105 0.011266648790789036
v -0.031962894866403295 0.7536784117226105 0.010149151090789038
v 0.03215198493359671 0.6944312747226105 0.0036636143907890356
v 0.03215199433359671 0.7032232287226104 0.003279760490789027
v 0.03310306653359671 0.7032475177226105 0.0025870799907890263
v 0.033103055333596705 0.6944012347226105 0.00297331069078903
v 0.031200942533596707 0.6944012347226105 0.0029732733907890385
v 0.03273981343359671 0.7032865587226105 0.0014662667907890253
v 0.032739806033596705 0.6943523887226104 0.0018563344907890356
v 0.031200951933596708 0.7032475177226105 0.002587042790789029
v 0.031564236633596705 0.6943523887226104 0.0018563046907890263
v 0.03156424403359671 0.7032865587226105 0.00146623699078903
v 0.033103059033596706 0.7116602957226105 0.003546126190789034
v 0.03273981343359671 0.7118450697226104 0.0024419128907890303
v 0.031564242233596704 0.7118450697226104 0.0024418904907890365
v 0.031200946333596706 0.7116602957226105 0.0035460888907890287
v 0.032151988733596704 0.7115460037226105 0.0042285471907890365
v 0.032739809733596706 0.7201084797226105 0.0042733028907890325
v 0.031564236633596705 0.7201084797226105 0.004273273090789037
v 0.031200944433596705 0.7198428217226105 0.005359537890789037
v 0.033103059033596706 0.7198428217226105 0.005359575190789029
v 0.032151986833596706 0.7196786107226105 0.006030909690789038
v 0.031564240333596706 0.7282453777226106 0.006452947890789026
v 0.031200944433596705 0.7279661297226105 0.007535569390789032
v 0.032151986833596706 0.7277935447226105 0.00820469109078903
v 0.033103059033596706 0.7279661297226105 0.007535614090789025
v 0.032739809733596706 0.7282453777226106 0.006452970190789026
v 0.031200944433596705 0.7361993197226104 0.009578719690789037
v 0.032151986833596706 0.7360593977226104 0.010255962590789036
v 0.033103059033596706 0.7361993197226104 0.009578756990789028
v 0.032739809733596706 0.7364257577226105 0.008482992690789032
v 0.031564240333596706 0.7364257577226105 0.008482970290789038
v 0.033103059033596706 0.7447118757226106 0.010990001290789031
v 0.032151986833596706 0.7446442847226105 0.011679209790789027
v 0.032739809733596706 0.7448211317226106 0.00987479839078903
v 0.031564240333596706 0.7448211317226106 0.009874775990789036
v 0.031200944433596705 0.7447118757226106 0.010989963990789026
v 0.033103059033596706 0.7539953287226104 0.012847438490789037
v 0.032151986833596706 0.7539739607226105 0.013538069990789034
v 0.032739809733596706 0.7540299597226106 0.011729940790789026
v 0.031200944433596705 0.7539953287226104 0.012847401190789032
v 0.031564240333596706 0.7540299597226106 0.011729903490789034
v -0.031058349666403293 0.8613087237226105 -0.07179061681421096
v -0.031058349666403293 0.8493650557226105 -0.07209041386521096
v -0.030107294166403294 0.8493477997226104 -0.07139964849921097
v -0.030107294166403294 0.8612914677226104 -0.07109985145521097
v -0.03200940506640329 0.8612914677226104 -0.07109984668221096
v -0.030470562166403294 0.8493197267226105 -0.07028196611921096
v -0.030470562166403294 0.8612633947226105 -0.06998216895921097
v -0.03200940506640329 0.8493477997226104 -0.07139964372621097
v -0.031646133366403296 0.8612633947226105 -0.06998216895921097
v -0.031646133366403296 0.8493197267226105 -0.07028196611921096
v -0.030107294166403294 0.8374041617226105 -0.07169944554321096
v -0.030470562166403294 0.8373760577226105 -0.07058176316921097
v -0.031646133366403296 0.8373760577226105 -0.07058176316921097
v -0.03200940506640329 0.8374041617226105 -0.07169944077021097
v -0.031058349666403293 0.8374213877226104 -0.07239021093121097
v -0.030470562166403294 0.8254324197226105 -0.07088156020921096
v -0.031646133366403296 0.8254324197226105 -0.07088156020921096
v -0.03200940506640329 0.8254604937226104 -0.07199923783451097
v -0.030107294166403294 0.8254604937226104 -0.07199924260381096
v -0.031058349666403293 0.8254777197226104 -0.07269000797521097
v -0.031646133366403296 0.8134887517226105 -0.07118135719821096
v -0.030470562166403294 0.8134887517226105 -0.07118135719821096
v -0.03200940876640329 0.8135168257226104 -0.07229903488721097
v -0.030107294166403294 0.8135168257226104 -0.07229903966121097
v -0.031058349666403293 0.8135340507226105 -0.07298980501921097
v 0.031058351533596706 0.8613087237226105 -0.07179060728221097
v 0.031058353333596706 0.8493650557226105 -0.07209040432621097
v 0.032009406933596704 0.8493477997226104 -0.07139963895321097
v 0.032009406933596704 0.8612914677226104 -0.07109984190921097
v 0.030107294233596708 0.8612914677226104 -0.07109984668221096
v 0.03164613343359671 0.8493197267226105 -0.07028195657921096
v 0.03164613343359671 0.8612633947226105 -0.06998215941921097
v 0.030107294233596708 0.8493477997226104 -0.07139964372621097
v 0.030470564033596707 0.8612633947226105 -0.06998216430921096
v 0.030470564033596707 0.8493197267226105 -0.07028196134921097
v 0.032009406933596704 0.8374041617226105 -0.07169943602621097
v 0.03164613713359671 0.8373760577226105 -0.07058175361921097
v 0.030470564033596707 0.8373760577226105 -0.07058175839921096
v 0.030107294233596708 0.8374041617226105 -0.07169944077021097
v 0.031058353333596706 0.8374213877226104 -0.07239020138521096
v 0.03164613713359671 0.8254324197226105 -0.07088155066921097
v 0.030470565933596705 0.8254324197226105 -0.07088155543921097
v 0.030107294233596708 0.8254604937226104 -0.07199923783451097
v 0.032009406933596704 0.8254604937226104 -0.07199923306691097
v 0.031058353333596706 0.8254777197226104 -0.07268999842921096
v 0.030470565933596705 0.8134887517226105 -0.07118135248321097
v 0.03164613713359671 0.8134887517226105 -0.07118134771021097
v 0.030107297933596705 0.8135168257226104 -0.07229903488721097
v 0.032009410633596705 0.8135168257226104 -0.07229903011421097
v 0.031058353333596706 0.8135340507226105 -0.07298979546921097
v -0.031058349666403293 0.8491366207226105 -0.07052245887921096
v -0.031058386866403297 0.8423751597226105 -0.06142046300921097
v -0.03200940506640329 0.8418205087226105 -0.06183251180921097
v -0.03200940506640329 0.8485819697226105 -0.07093450810921097
v -0.030107294166403294 0.8485819697226105 -0.07093450810921097
v -0.031646133366403296 0.8409229817226105 -0.06249922606921097
v -0.031646133366403296 0.8476844427226105 -0.07160121708921097
v -0.030107294166403294 0.8418205087226105 -0.06183251180921097
v -0.030470562166403294 0.8476844427226105 -0.07160121708921097
v -0.030470562166403294 0.8409229817226105 -0.06249922606921097
v -0.03200940506640329 0.8350590167226104 -0.05273052120921097
v -0.031058386866403297 0.8356136677226105 -0.05231847050921097
v -0.031646133366403296 0.8341614897226104 -0.05339722890921097
v -0.030107294166403294 0.8350590167226104 -0.05273052120921097
v -0.030470562166403294 0.8341614897226104 -0.05339722890921097
v -0.031058349666403293 0.8301317987226104 -0.07052245887921096
v -0.031058386866403297 0.8233703377226105 -0.06142046300921097
v -0.03200940506640329 0.8228156867226104 -0.06183251180921097
v -0.03200940506640329 0.8295771477226105 -0.07093450810921097
v -0.030107294166403294 0.8295771477226105 -0.07093450810921097
v -0.031646133366403296 0.8219181597226104 -0.06249922606921097
v -0.031646133366403296 0.8286796207226105 -0.07160121708921097
v -0.030107294166403294 0.8228156867226104 -0.06183251180921097
v -0.030470562166403294 0.8286796207226105 -0.07160121708921097
v -0.030470562166403294 0.8219181597226104 -0.06249922606921097
v -0.03200940506640329 0.8160541947226105 -0.05273052120921097
v -0.031058386866403297 0.8166088457226105 -0.05231847050921097
v -0.031646133366403296 0.8151566687226105 -0.05339722890921097
v -0.030107294166403294 0.8160541947226105 -0.05273052120921097
v -0.030470562166403294 0.8151566687226105 -0.05339722890921097
v -0.031058345966403292 0.8301317987226104 -0.07197598248717096
v -0.031058345966403292 0.8233703377226105 -0.08107797428921097
v -0.030107290466403293 0.8228156867226104 -0.08066592923921097
v -0.030107286766403292 0.8295771477226105 -0.07156393319021097
v -0.032009401366403296 0.8295771477226105 -0.07156393319021097
v -0.030470562166403294 0.8219181597226104 -0.07999921589921097
v -0.030470558466403293 0.8286796207226105 -0.07089722423921097
v -0.032009401366403296 0.8228156867226104 -0.08066592923921097
v -0.031646129666403296 0.8286796207226105 -0.07089722423921097
v -0.031646133366403296 0.8219181597226104 -0.07999921589921097
v -0.030107294166403294 0.8160541947226105 -0.08976793100921096
v -0.031058386866403297 0.8166088457226105 -0.09017995560921097
v -0.030470562166403294 0.8151566687226105 -0.08910121580921096
v -0.03200940506640329 0.8160541947226105 -0.08976793100921096
v -0.031646133366403296 0.8151566687226105 -0.08910121580921096
v -0.031058345966403292 0.8491366207226105 -0.07197598248717096
v -0.031058345966403292 0.8423751597226105 -0.08107797428921097
v -0.030107290466403293 0.8418205087226105 -0.08066592923921097
v -0.030107290466403293 0.8485819697226105 -0.07156393319021097
v -0.032009401366403296 0.8485819697226105 -0.07156393319021097
v -0.030470562166403294 0.8409229817226105 -0.07999921589921097
v -0.030470562166403294 0.8476844427226105 -0.07089722423921097
v -0.032009401366403296 0.8418205087226105 -0.08066592923921097
v -0.031646133366403296 0.8476844427226105 -0.07089722423921097
v -0.031646133366403296 0.8409229817226105 -0.07999921589921097
v -0.030107290466403293 0.8350590167226104 -0.08976791050921097
v -0.031058345966403292 0.8356136677226105 -0.09017995560921097
v -0.030470562166403294 0.8341614897226104 -0.08910119720921097
v -0.032009401366403296 0.8350590167226104 -0.08976791050921097
v -0.031646133366403296 0.8341614897226104 -0.08910119720921097
v 0.031058349633596705 0.8301317987226104 -0.07197597771892097
v 0.031058351533596706 0.8233703377226105 -0.08107797428921097
v 0.032009406933596704 0.8228156867226104 -0.08066592923921097
v 0.03200940513359671 0.8295771477226105 -0.07156392844621097
v 0.030107292333596707 0.8295771477226105 -0.07156392844621097
v 0.03164613713359671 0.8219181597226104 -0.07999921124921097
v 0.03164613343359671 0.8286796207226105 -0.07089721946921097
v 0.030107294233596708 0.8228156867226104 -0.08066592923921097
v 0.030470564033596707 0.8286796207226105 -0.07089721946921097
v 0.030470565933596705 0.8219181597226104 -0.07999921124921097
v 0.03200941253359671 0.8160541947226105 -0.08976791050921097
v 0.031058355233596707 0.8166088457226105 -0.09017995560921097
v 0.031646139033596705 0.8151566687226105 -0.08910121580921096
v 0.030107299833596706 0.8160541947226105 -0.08976791050921097
v 0.030470567733596705 0.8151566687226105 -0.08910121580921096
v 0.031058353333596706 0.8301317987226104 -0.07052244932921096
v 0.031058351533596706 0.8233703377226105 -0.06142045740921097
v 0.030107294233596708 0.8228156867226104 -0.06183250710921097
v 0.030107297933596705 0.8295771477226105 -0.07093449867921096
v 0.032009410633596705 0.8295771477226105 -0.07093449867921096
v 0.030470565933596705 0.8219181597226104 -0.06249921582921097
v 0.030470567733596705 0.8286796207226105 -0.07160121234521097
v 0.032009406933596704 0.8228156867226104 -0.06183250710921097
v 0.031646139033596705 0.8286796207226105 -0.07160121234521097
v 0.03164613713359671 0.8219181597226104 -0.06249921582921097
v 0.030107290533596707 0.8160541947226105 -0.052730515609210965
v 0.031058345933596708 0.8166088457226105 -0.05231846680921097
v 0.030470564033596707 0.8151566687226105 -0.05339722520921097
v 0.03200940513359671 0.8160541947226105 -0.052730515609210965
v 0.03164613343359671 0.8151566687226105 -0.05339722520921097
v 0.031058351533596706 0.8491366207226105 -0.07197597771892097
v 0.031058351533596706 0.8423751597226105 -0.08107797428921097
v 0.032009406933596704 0.8418205087226105 -0.08066591061921097
v 0.032009406933596704 0.8485819697226105 -0.07156392844621097
v 0.030107292333596707 0.8485819697226105 -0.07156392844621097
v 0.03164613713359671 0.8409229817226105 -0.07999921124921097
v 0.03164613343359671 0.8476844427226105 -0.07089721946921097
v 0.030107294233596708 0.8418205087226105 -0.08066591061921097
v 0.030470564033596707 0.8476844427226105 -0.07089721946921097
v 0.030470565933596705 0.8409229817226105 -0.07999921124921097
v 0.032009410633596705 0.8350590167226104 -0.08976791050921097
v 0.031058353333596706 0.8356136677226105 -0.09017995560921097
v 0.031646139033596705 0.8341614897226104 -0.08910119720921097
v 0.030107297933596705 0.8350590167226104 -0.08976791050921097
v 0.030470567733596705 0.8341614897226104 -0.08910119720921097
v 0.031058351533596706 0.8491366207226105 -0.07052244932921096
v 0.031058351533596706 0.8423751597226105 -0.06142045740921097
v 0.030107294233596708 0.8418205087226105 -0.06183250710921097
v 0.030107294233596708 0.8485819697226105 -0.07093449867921096
v 0.032009406933596704 0.8485819697226105 -0.07093449867921096
v 0.030470565933596705 0.8409229817226105 -0.06249921582921097
v 0.030470565933596705 0.8476844427226105 -0.07160121234521097
v 0.032009406933596704 0.8418205087226105 -0.06183250710921097
v 0.03164613713359671 0.8476844427226105 -0.07160121234521097
v 0.03164613713359671 0.8409229817226105 -0.06249921582921097
v 0.030107292333596707 0.8350590167226104 -0.052730515609210965
v 0.031058349633596705 0.8356136677226105 -0.05231846680921097
v 0.030470564033596707 0.8341614897226104 -0.05339722520921097
v 0.03200940513359671 0.8350590167226104 -0.052730515609210965
v 0.03164613343359671 0.8341614897226104 -0.05339722520921097
f 3/3/3 2/2/2 1/1/1
f 4/4/4 3/3/3 1/1/1
f 4/4/4 1/1/1 5/5/5
f 5/5/5 1/1/1 6/6/6
f 7/7/7 4/4/4 5/5/5
f 1/1/1 8/8/8 6/6/6
f 6/6/6 8/8/8 9/9/9
f 8/8/8 10/10/10 9/9/9
f 9/9/9 10/10/10 11/11/11
f 8/8/8 12/12/12 10/10/10
f 10/10/10 13/13/13 11/11/11
f 11/11/11 13/13/13 14/14/14
f 10/10/10 15/15/15 13/13/13
f 12/12/12 15/15/15 10/10/10
f 15/15/15 16/16/16 13/13/13
f 13/13/13 17/17/17 14/14/14
f 14/14/14 17/17/17 18/18/18
f 17/17/17 19/19/19 18/18/18
f 17/17/17 20/20/20 19/19/19
f 20/20/20 21/21/21 19/19/19
f 19/19/19 21/21/21 22/22/22
f 21/21/21 23/23/23 22/22/22
f 12/12/12 24/24/24 15/15/15
f 24/24/24 25/25/25 15/15/15
f 26/26/26 24/24/24 12/12/12
f 27/27/27 26/26/26 12/12/12
f 27/27/27 12/12/12 28/28/28
f 29/29/29 27/27/27 28/28/28
f 30/30/30 26/26/26 27/27/27
f 3/3/3 30/30/30 27/27/27
f 24/24/24 31/31/31 25/25/25
f 26/26/26 32/32/32 24/24/24
f 32/32/32 31/31/31 24/24/24
f 31/31/31 33/33/33 25/25/25
f 25/25/25 33/33/33 34/34/34
f 33/33/33 35/35/35 34/34/34
f 32/32/32 36/36/36 31/31/31
f 36/36/36 37/37/37 31/31/31
f 7/7/7 36/36/36 32/32/32
f 38/38/38 32/32/32 26/26/26
f 30/30/30 38/38/38 26/26/26
f 38/38/38 7/7/7 32/32/32
f 39/39/39 30/30/30 3/3/3
f 40/40/40 38/38/38 30/30/30
f 39/39/39 40/40/40 30/30/30
f 41/41/41 7/7/7 38/38/38
f 40/40/40 41/41/41 38/38/38
f 42/42/42 39/39/39 3/3/3
f 42/42/42 3/3/3 4/4/4
f 43/43/43 4/4/4 7/7/7
f 41/41/41 43/43/43 7/7/7
f 43/43/43 42/42/42 4/4/4
f 44/44/44 41/41/41 40/40/40
f 45/45/45 40/40/40 39/39/39
f 45/45/45 44/44/44 40/40/40
f 46/46/46 39/39/39 42/42/42
f 46/46/46 45/45/45 39/39/39
f 47/47/47 43/43/43 41/41/41
f 44/44/44 47/47/47 41/41/41
f 48/48/48 42/42/42 43/43/43
f 48/48/48 46/46/46 42/42/42
f 47/47/47 48/48/48 43/43/43
f 49/49/49 44/44/44 45/45/45
f 50/50/50 45/45/45 46/46/46
f 50/50/50 49/49/49 45/45/45
f 51/51/51 46/46/46 48/48/48
f 51/51/51 50/50/50 46/46/46
f 52/52/52 47/47/47 44/44/44
f 49/49/49 52/52/52 44/44/44
f 53/53/53 48/48/48 47/47/47
f 53/53/53 51/51/51 48/48/48
f 52/52/52 53/53/53 47/47/47
f 54/54/54 49/49/49 50/50/50
f 55/55/55 50/50/50 51/51/51
f 55/55/55 54/54/54 50/50/50
f 56/56/56 51/51/51 53/53/53
f 56/56/56 55/55/55 51/51/51
f 57/57/57 52/52/52 49/49/49
f 54/54/54 57/57/57 49/49/49
f 58/58/58 53/53/53 52/52/52
f 58/58/58 56/56/56 53/53/53
f 57/57/57 58/58/58 52/52/52
f 59/59/59 54/54/54 55/55/55
f 60/60/60 55/55/55 56/56/56
f 60/60/60 59/59/59 55/55/55
f 61/61/61 56/56/56 58/58/58
f 61/61/61 60/60/60 56/56/56
f 62/62/62 57/57/57 54/54/54
f 59/59/59 62/62/62 54/54/54
f 63/63/63 58/58/58 57/57/57
f 63/63/63 61/61/61 58/58/58
f 62/62/62 63/63/63 57/57/57
f 64/64/64 59/59/59 60/60/60
f 65/65/65 60/60/60 61/61/61
f 65/65/65 64/64/64 60/60/60
f 66/66/66 61/61/61 63/63/63
f 66/66/66 65/65/65 61/61/61
f 67/67/67 62/62/62 59/59/59
f 64/64/64 67/67/67 59/59/59
f 68/68/68 63/63/63 62/62/62
f 68/68/68 66/66/66 63/63/63
f 67/67/67 68/68/68 62/62/62
f 69/69/69 64/64/64 65/65/65
f 70/70/70 65/65/65 66/66/66
f 70/70/70 69/69/69 65/65/65
f 71/71/71 66/66/66 68/68/68
f 71/71/71 70/70/70 66/66/66
f 72/72/72 67/67/67 64/64/64
f 69/69/69 72/72/72 64/64/64
f 73/73/73 68/68/68 67/67/67
f 73/73/73 71/71/71 68/68/68
f 72/72/72 73/73/73 67/67/67
f 74/74/74 69/69/69 70/70/70
f 75/75/75 70/70/70 71/71/71
f 75/75/75 74/74/74 70/70/70
f 76/76/76 71/71/71 73/73/73
f 76/76/76 75/75/75 71/71/71
f 77/77/77 72/72/72 69/69/69
f 74/74/74 77/77/77 69/69/69
f 78/78/78 73/73/73 72/72/72
f 78/78/78 76/76/76 73/73/73
f 77/77/77 78/78/78 72/72/72
f 79/79/79 74/74/74 75/75/75
f 80/80/80 75/75/75 76/76/76
f 80/80/80 79/79/79 75/75/75
f 81/81/81 76/76/76 78/78/78
f 81/81/81 80/80/80 76/76/76
f 82/82/82 77/77/77 74/74/74
f 79/79/79 82/82/82 74/74/74
f 83/83/83 78/78/78 77/77/77
f 83/83/83 81/81/81 78/78/78
f 82/82/82 83/83/83 77/77/77
f 84/84/84 79/79/79 80/80/80
f 85/85/85 80/80/80 81/81/81
f 85/85/85 84/84/84 80/80/80
f 86/86/86 81/81/81 83/83/83
f 86/86/86 85/85/85 81/81/81
f 87/87/87 82/82/82 79/79/79
f 84/84/84 87/87/87 79/79/79
f 88/88/88 83/83/83 82/82/82
f 88/88/88 86/86/86 83/83/83
f 87/87/87 88/88/88 82/82/82
f 89/89/89 84/84/84 85/85/85
f 90/90/90 85/85/85 86/86/86
f 90/90/90 89/89/89 85/85/85
f 91/91/91 86/86/86 88/88/88
f 91/91/91 90/90/90 86/86/86
f 92/92/92 87/87/87 84/84/84
f 89/89/89 92/92/92 84/84/84
f 93/93/93 88/88/88 87/87/87
f 93/93/93 91/91/91 88/88/88
f 92/92/92 93/93/93 87/87/87
f 94/94/94 89/89/89 90/90/90
f 95/95/95 90/90/90 91/91/91
f 95/95/95 94/94/94 90/90/90
f 96/96/96 91/91/91 93/93/93
f 96/96/96 95/95/95 91/91/91
f 97/97/97 92/92/92 89/89/89
f 94/94/94 97/97/97 89/89/89
f 98/98/98 93/93/93 92/92/92
f 98/98/98 96/96/96 93/93/93
f 97/97/97 98/98/98 92/92/92
f 99/99/99 94/94/94 95/95/95
f 100/100/100 95/95/95 96/96/96
f 100/100/100 99/99/99 95/95/95
f 101/101/101 96/96/96 98/98/98
f 101/101/101 100/100/100 96/96/96
f 102/102/102 97/97/97 94/94/94
f 99/99/99 102/102/102 94/94/94
f 103/103/103 98/98/98 97/97/97
f 103/103/103 101/101/101 98/98/98
f 102/102/102 103/103/103 97/97/97
f 104/104/104 99/99/99 100/100/100
f 105/105/105 100/100/100 101/101/101
f 105/105/105 104/104/104 100/100/100
f 106/106/106 101/101/101 103/103/103
f 106/106/106 105/105/105 101/101/101
f 107/107/107 102/102/102 99/99/99
f 104/104/104 107/107/107 99/99/99
f 108/108/108 103/103/103 102/102/102
f 108/108/108 106/106/106 103/103/103
f 107/107/107 108/108/108 102/102/102
f 109/109/109 104/104/104 105/105/105
f 110/110/110 105/105/105 106/106/106
f 110/110/110 109/109/109 105/105/105
f 111/111/111 106/106/106 108/108/108
f 111/111/111 110/110/110 106/106/106
f 112/112/112 107/107/107 104/104/104
f 109/109/109 112/112/112 104/104/104
f 113/113/113 108/108/108 107/107/107
f 113/113/113 111/111/111 108/108/108
f 112/112/112 113/113/113 107/107/107
f 114/114/114 109/109/109 110/110/110
f 115/115/115 110/110/110 111/111/111
f 115/115/115 114/114/114 110/110/110
f 116/116/116 111/111/111 113/113/113
f 116/116/116 115/115/115 111/111/111
f 117/117/117 112/112/112 109/109/109
f 114/114/114 117/117/117 109/109/109
f 118/118/118 113/113/113 112/112/112
f 118/118/118 116/116/116 113/113/113
f 117/117/117 118/118/118 112/112/112
f 119/119/119 114/114/114 115/115/115
f 120/120/120 115/115/115 116/116/116
f 120/120/120 119/119/119 115/115/115
f 121/121/121 116/116/116 118/118/118
f 121/121/121 120/120/120 116/116/116
f 122/122/122 117/117/117 114/114/114
f 119/119/119 122/122/122 114/114/114
f 123/123/123 118/118/118 117/117/117
f 123/123/123 121/121/121 118/118/118
f 122/122/122 123/123/123 117/117/117
f 124/124/124 119/119/119 120/120/120
f 125/125/125 120/120/120 121/121/121
f 125/125/125 124/124/124 120/120/120
f 126/126/126 121/121/121 123/123/123
f 126/126/126 125/125/125 121/121/121
f 127/127/127 122/122/122 119/119/119
f 124/124/124 127/127/127 119/119/119
f 128/128/128 123/123/123 122/122/122
f 128/128/128 126/126/126 123/123/123
f 127/127/127 128/128/128 122/122/122
f 129/129/129 124/124/124 125/125/125
f 130/130/130 125/125/125 126/126/126
f 130/130/130 129/129/129 125/125/125
f 131/131/131 126/126/126 128/128/128
f 131/131/131 130/130/130 126/126/126
f 132/132/132 127/127/127 124/124/124
f 129/129/129 132/132/132 124/124/124
f 133/133/133 128/128/128 127/127/127
f 133/133/133 131/131/131 128/128/128
f 132/132/132 133/133/133 127/127/127
f 134/134/134 129/129/129 130/130/130
f 135/135/135 130/130/130 131/131/131
f 135/135/135 134/134/134 130/130/130
f 136/136/136 131/131/131 133/133/133
f 136/136/136 135/135/135 131/131/131
f 137/137/137 132/132/132 129/129/129
f 134/134/134 137/137/137 129/129/129
f 138/138/138 133/133/133 132/132/132
f 138/138/138 136/136/136 133/133/133
f 137/137/137 138/138/138 132/132/132
f 139/139/139 134/134/134 135/135/135
f 140/140/140 135/135/135 136/136/136
f 140/140/140 139/139/139 135/135/135
f 141/141/141 136/136/136 138/138/138
f 141/141/141 140/140/140 136/136/136
f 142/142/142 137/137/137 134/134/134
f 139/139/139 142/142/142 134/134/134
f 143/143/143 138/138/138 137/137/137
f 143/143/143 141/141/141 138/138/138
f 142/142/142 143/143/143 137/137/137
f 144/144/144 139/139/139 140/140/140
f 145/145/145 140/140/140 141/141/141
f 145/145/145 144/144/144 140/140/140
f 146/146/146 141/141/141 143/143/143
f 146/146/146 145/145/145 141/141/141
f 147/147/147 142/142/142 139/139/139
f 144/144/144 147/147/147 139/139/139
f 148/148/148 143/143/143 142/142/142
f 148/148/148 146/146/146 143/143/143
f 147/147/147 148/148/148 142/142/142
f 149/149/149 144/144/144 145/145/145
f 150/150/150 145/145/145 146/146/146
f 150/150/150 149/149/149 145/145/145
f 151/151/151 146/146/146 148/148/148
f 151/151/151 150/150/150 146/146/146
f 152/152/152 147/147/147 144/144/144
f 149/149/149 152/152/152 144/144/144
f 153/153/153 148/148/148 147/147/147
f 153/153/153 151/151/151 148/148/148
f 152/152/152 153/153/153 147/147/147
f 154/154/154 149/149/149 150/150/150
f 155/155/155 150/150/150 151/151/151
f 155/155/155 154/154/154 150/150/150
f 156/156/156 151/151/151 153/153/153
f 156/156/156 155/155/155 151/151/151
f 157/157/157 152/152/152 149/149/149
f 154/154/154 157/157/157 149/149/149
f 158/158/158 153/153/153 152/152/152
f 158/158/158 156/156/156 153/153/153
f 157/157/157 158/158/158 152/152/152
f 159/159/159 154/154/154 155/155/155
f 160/160/160 155/155/155 156/156/156
f 160/160/160 159/159/159 155/155/155
f 161/161/161 156/156/156 158/158/158
f 161/161/161 160/160/160 156/156/156
f 162/162/162 157/157/157 154/154/154
f 159/159/159 162/162/162 154/154/154
f 163/163/163 158/158/158 157/157/157
f 163/163/163 161/161/161 158/158/158
f 162/162/162 163/163/163 157/157/157
f 164/164/164 159/159/159 160/160/160
f 165/165/165 160/160/160 161/161/161
f 165/165/165 164/164/164 160/160/160
f 166/166/166 161/161/161 163/163/163
f 166/166/166 165/165/165 161/161/161
f 167/167/167 162/162/162 159/159/159
f 164/164/164 167/167/167 159/159/159
f 168/168/168 163/163/163 162/162/162
f 168/168/168 166/166/166 163/163/163
f 167/167/167 168/168/168 162/162/162
f 169/169/169 164/164/164 165/165/165
f 170/170/170 165/165/165 166/166/166
f 170/170/170 169/169/169 165/165/165
f 171/171/171 166/166/166 168/168/168
f 171/171/171 170/170/170 166/166/166
f 172/172/172 167/167/167 164/164/164
f 169/169/169 172/172/172 164/164/164
f 173/173/173 168/168/168 167/167/167
f 173/173/173 171/171/171 168/168/168
f 172/172/172 173/173/173 167/167/167
f 174/174/174 169/169/169 170/170/170
f 175/175/175 170/170/170 171/171/171
f 175/175/175 174/174/174 170/170/170
f 176/176/176 171/171/171 173/173/173
f 176/176/176 175/175/175 171/171/171
f 177/177/177 172/172/172 169/169/169
f 174/174/174 177/177/177 169/169/169
f 178/178/178 173/173/173 172/172/172
f 178/178/178 176/176/176 173/173/173
f 177/177/177 178/178/178 172/172/172
f 179/179/179 174/174/174 175/175/175
f 180/180/180 175/175/175 176/176/176
f 180/180/180 179/179/179 175/175/175
f 181/181/181 176/176/176 178/178/178
f 181/181/181 180/180/180 176/176/176
f 182/182/182 177/177/177 174/174/174
f 179/179/179 182/182/182 174/174/174
f 183/183/183 178/178/178 177/177/177
f 183/183/183 181/181/181 178/178/178
f 182/182/182 183/183/183 177/177/177
f 184/184/184 179/179/179 180/180/180
f 185/185/185 180/180/180 181/181/181
f 185/185/185 184/184/184 180/180/180
f 186/186/186 181/181/181 183/183/183
f 186/186/186 185/185/185 181/181/181
f 187/187/187 182/182/182 179/179/179
f 184/184/184 187/187/187 179/179/179
f 188/188/188 183/183/183 182/182/182
f 188/188/188 186/186/186 183/183/183
f 187/187/187 188/188/188 182/182/182
f 189/189/189 184/184/184 185/185/185
f 190/190/190 185/185/185 186/186/186
f 190/190/190 189/189/189 185/185/185
f 191/191/191 186/186/186 188/188/188
f 191/191/191 190/190/190 186/186/186
f 192/192/192 187/187/187 184/184/184
f 189/189/189 192/192/192 184/184/184
f 193/193/193 188/188/188 187/187/187
f 193/193/193 191/191/191 188/188/188
f 192/192/192 193/193/193 187/187/187
f 194/194/194 189/189/189 190/190/190
f 195/195/195 190/190/190 191/191/191
f 195/195/195 194/194/194 190/190/190
f 196/196/196 191/191/191 193/193/193
f 196/196/196 195/195/195 191/191/191
f 197/197/197 192/192/192 189/189/189
f 194/194/194 197/197/197 189/189/189
f 198/198/198 193/193/193 192/192/192
f 198/198/198 196/196/196 193/193/193
f 197/197/197 198/198/198 192/192/192
f 199/199/199 194/194/194 195/195/195
f 200/200/200 195/195/195 196/196/196
f 200/200/200 199/199/199 195/195/195
f 201/201/201 196/196/196 198/198/198
f 201/201/201 200/200/200 196/196/196
f 202/202/202 197/197/197 194/194/194
f 199/199/199 202/202/202 194/194/194
f 203/203/203 198/198/198 197/197/197
f 203/203/203 201/201/201 198/198/198
f 202/202/202 203/203/203 197/197/197
f 204/204/204 199/199/199 200/200/200
f 205/205/205 200/200/200 201/201/201
f 205/205/205 204/204/204 200/200/200
f 206/206/206 201/201/201 203/203/203
f 206/206/206 205/205/205 201/201/201
f 207/207/207 202/202/202 199/199/199
f 204/204/204 207/207/207 199/199/199
f 208/208/208 203/203/203 202/202/202
f 208/208/208 206/206/206 203/203/203
f 207/207/207 208/208/208 202/202/202
f 209/209/209 204/204/204 205/205/205
f 210/210/210 205/205/205 206/206/206
f 210/210/210 209/209/209 205/205/205
f 211/211/211 206/206/206 208/208/208
f 211/211/211 210/210/210 206/206/206
f 212/212/212 207/207/207 204/204/204
f 209/209/209 212/212/212 204/204/204
f 213/213/213 208/208/208 207/207/207
f 213/213/213 211/211/211 208/208/208
f 212/212/212 213/213/213 207/207/207
f 214/214/214 209/209/209 210/210/210
f 215/215/215 210/210/210 211/211/211
f 215/215/215 214/214/214 210/210/210
f 216/216/216 211/211/211 213/213/213
f 216/216/216 215/215/215 211/211/211
f 217/217/217 212/212/212 209/209/209
f 214/214/214 217/217/217 209/209/209
f 218/218/218 213/213/213 212/212/212
f 218/218/218 216/216/216 213/213/213
f 217/217/217 218/218/218 212/212/212
f 219/219/219 214/214/214 215/215/215
f 220/220/220 219/219/219 215/215/215
f 220/220/220 215/215/215 216/216/216
f 219/219/219 221/221/221 214/214/214
f 221/221/221 217/217/217 214/214/214
f 222/222/222 220/220/220 216/216/216
f 222/222/222 216/216/216 218/218/218
f 221/221/221 223/223/223 217/217/217
f 223/223/223 218/218/218 217/217/217
f 223/223/223 222/222/222 218/218/218
f 223/223/223 224/224/224 222/222/222
f 224/224/224 225/225/225 222/222/222
f 225/225/225 224/224/224 226/226/226
f 228/228/228 6/6/6 227/227/227
f 6/6/6 229/229/229 227/227/227
f 227/227/227 229/229/229 35/35/35
f 229/229/229 230/230/230 35/35/35
f 35/35/35 230/230/230 231/231/231
f 230/230/230 232/232/232 231/231/231
f 231/231/231 232/232/232 233/233/233
f 232/232/232 234/234/234 233/233/233
f 233/233/233 234/234/234 235/235/235
f 234/234/234 236/236/236 235/235/235
f 233/233/233 235/235/235 237/237/237
f 238/238/238 233/233/233 237/237/237
f 238/238/238 237/237/237 23/23/23
f 239/239/239 238/238/238 23/23/23
f 240/240/240 238/238/238 239/239/239
f 241/241/241 240/240/240 239/239/239
f 23/23/23 237/237/237 242/242/242
f 237/237/237 243/243/243 242/242/242
f 245/245/245 242/242/242 244/244/244
f 242/242/242 246/246/246 244/244/244
f 242/242/242 247/247/247 246/246/246
f 244/244/244 246/246/246 248/248/248
f 247/247/247 249/249/249 246/246/246
f 246/246/246 250/250/250 248/248/248
f 248/248/248 250/250/250 251/251/251
f 250/250/250 252/252/252 251/251/251
f 254/254/254 251/251/251 253/253/253
f 251/251/251 255/255/255 253/253/253
f 253/253/253 255/255/255 256/256/256
f 255/255/255 257/257/257 256/256/256
f 251/251/251 259/259/259 258/258/258
f 259/259/259 260/260/260 258/258/258
f 258/258/258 260/260/260 261/261/261
f 256/256/256 261/261/261 262/262/262
f 261/261/261 263/263/263 262/262/262
f 260/260/260 264/264/264 261/261/261
f 261/261/261 264/264/264 263/263/263
f 260/260/260 265/265/265 264/264/264
f 265/265/265 266/266/266 264/264/264
f 264/264/264 267/267/267 263/263/263
f 264/264/264 266/266/266 267/267/267
f 263/263/263 267/267/267 268/268/268
f 266/266/266 269/269/269 267/267/267
f 267/267/267 270/270/270 268/268/268
f 267/267/267 269/269/269 270/270/270
f 269/269/269 271/271/271 270/270/270
f 270/270/270 271/271/271 272/272/272
f 271/271/271 273/273/273 272/272/272
f 271/271/271 274/274/274 273/273/273
f 274/274/274 275/275/275 273/273/273
f 273/273/273 275/275/275 276/276/276
f 275/275/275 277/277/277 276/276/276
f 279/279/279 278/278/278 277/277/277
f 280/280/280 279/279/279 277/277/277
f 281/281/281 279/279/279 280/280/280
f 282/282/282 281/281/281 280/280/280
f 285/285/285 284/284/284 283/283/283
f 286/286/286 285/285/285 283/283/283
f 289/289/289 288/288/288 287/287/287
f 288/288/288 290/290/290 287/287/287
f 288/288/288 291/291/291 290/290/290
f 291/291/291 292/292/292 290/290/290
f 290/290/290 292/292/292 293/293/293
f 292/292/292 294/294/294 293/293/293
f 297/297/297 296/296/296 295/295/295
f 298/298/298 297/297/297 295/295/295
f 301/301/301 300/300/300 299/299/299
f 300/300/300 302/302/302 299/299/299
f 299/299/299 302/302/302 303/303/303
f 302/302/302 304/304/304 303/303/303
f 306/306/306 303/303/303 305/305/305
f 303/303/303 307/307/307 305/305/305
f 305/305/305 307/307/307 308/308/308
f 307/307/307 309/309/309 308/308/308
f 308/308/308 309/309/309 310/310/310
f 309/309/309 311/311/311 310/310/310
f 314/314/314 313/313/313 312/312/312
f 313/313/313 315/315/315 312/312/312
f 313/313/313 316/316/316 315/315/315
f 316/316/316 317/317/317 315/315/315
f 312/312/312 315/315/315 249/249/249
f 315/315/315 318/318/318 249/249/249
f 249/249/249 318/318/318 319/319/319
f 318/318/318 320/320/320 319/319/319
f 249/249/249 319/319/319 321/321/321
f 322/322/322 249/249/249 321/321/321
f 321/321/321 319/319/319 252/252/252
f 319/319/319 323/323/323 252/252/252
f 319/319/319 320/320/320 323/323/323
f 320/320/320 324/324/324 323/323/323
f 324/324/324 326/326/326 325/325/325
f 326/326/326 327/327/327 325/325/325
f 317/317/317 329/329/329 328/328/328
f 329/329/329 330/330/330 328/328/328
f 328/328/328 330/330/330 331/331/331
f 330/330/330 332/332/332 331/331/331
f 331/331/331 332/332/332 333/333/333
f 332/332/332 334/334/334 333/333/333
f 336/336/336 335/335/335 329/329/329
f 337/337/337 336/336/336 329/329/329
f 340/340/340 339/339/339 338/338/338
f 339/339/339 341/341/341 338/338/338
f 339/339/339 342/342/342 341/341/341
f 342/342/342 343/343/343 341/341/341
f 341/341/341 343/343/343 344/344/344
f 343/343/343 345/345/345 344/344/344
f 343/343/343 346/346/346 345/345/345
f 344/344/344 345/345/345 347/347/347
f 346/346/346 256/256/256 345/345/345
f 345/345/345 348/348/348 347/347/347
f 345/345/345 256/256/256 348/348/348
f 256/256/256 349/349/349 348/348/348
f 347/347/347 348/348/348 350/350/350
f 348/348/348 351/351/351 350/350/350
f 354/354/354 353/353/353 352/352/352
f 355/355/355 354/354/354 352/352/352
f 358/358/358 357/357/357 356/356/356
f 359/359/359 358/358/358 356/356/356
f 362/362/362 361/361/361 360/360/360
f 361/361/361 363/363/363 360/360/360
f 360/360/360 363/363/363 364/364/364
f 363/363/363 365/365/365 364/364/364
f 364/364/364 367/367/367 366/366/366
f 367/367/367 368/368/368 366/366/366
f 367/367/367 369/369/369 368/368/368
f 369/369/369 370/370/370 368/368/368
f 368/368/368 370/370/370 371/371/371
f 370/370/370 372/372/372 371/371/371
f 373/373/373 369/369/369 367/367/367
f 374/374/374 373/373/373 367/367/367
f 375/375/375 373/373/373 374/374/374
f 376/376/376 375/375/375 374/374/374
f 373/373/373 377/377/377 369/369/369
f 377/377/377 378/378/378 369/369/369
f 369/369/369 378/378/378 370/370/370
f 378/378/378 379/379/379 370/370/370
f 370/370/370 379/379/379 372/372/372
f 379/379/379 380/380/380 372/372/372
f 372/372/372 380/380/380 381/381/381
f 380/380/380 382/382/382 381/381/381
f 381/381/381 382/382/382 383/383/383
f 382/382/382 384/384/384 383/383/383
f 381/381/381 383/383/383 385/385/385
f 386/386/386 381/381/381 385/385/385
f 385/385/385 383/383/383 387/387/387
f 383/383/383 388/388/388 387/387/387
f 383/383/383 389/389/389 388/388/388
f 389/389/389 390/390/390 388/388/388
f 388/388/388 390/390/390 391/391/391
f 390/390/390 392/392/392 391/391/391
f 385/385/385 387/387/387 393/393/393
f 394/394/394 385/385/385 393/393/393
f 395/395/395 385/385/385 394/394/394
f 396/396/396 395/395/395 394/394/394
f 397/397/397 395/395/395 396/396/396
f 398/398/398 397/397/397 396/396/396
f 400/400/400 393/393/393 399/399/399
f 401/401/401 400/400/400 399/399/399
f 402/402/402 400/400/400 401/401/401
f 403/403/403 402/402/402 401/401/401
f 403/403/403 401/401/401 384/384/384
f 404/404/404 403/403/403 384/384/384
f 384/384/384 401/401/401 405/405/405
f 401/401/401 399/399/399 405/405/405
f 406/406/406 403/403/403 404/404/404
f 407/407/407 406/406/406 404/404/404
f 408/408/408 406/406/406 407/407/407
f 405/405/405 399/399/399 392/392/392
f 409/409/409 408/408/408 407/407/407
f 399/399/399 410/410/410 392/392/392
f 399/399/399 411/411/411 410/410/410
f 392/392/392 410/410/410 412/412/412
f 411/411/411 413/413/413 410/410/410
f 410/410/410 414/414/414 412/412/412
f 412/412/412 414/414/414 415/415/415
f 414/414/414 416/416/416 415/415/415
f 415/415/415 416/416/416 417/417/417
f 416/416/416 418/418/418 417/417/417
f 416/416/416 419/419/419 418/418/418
f 419/419/419 420/420/420 418/418/418
f 417/417/417 418/418/418 421/421/421
f 418/418/418 422/422/422 421/421/421
f 421/421/421 422/422/422 423/423/423
f 422/422/422 424/424/424 423/423/423
f 426/426/426 413/413/413 425/425/425
f 413/413/413 427/427/427 425/425/425
f 425/425/425 427/427/427 428/428/428
f 427/427/427 429/429/429 428/428/428
f 423/423/423 431/431/431 430/430/430
f 431/431/431 432/432/432 430/430/430
f 434/434/434 423/423/423 433/433/433
f 435/435/435 434/434/434 433/433/433
f 436/436/436 434/434/434 435/435/435
f 437/437/437 436/436/436 435/435/435
f 437/437/437 435/435/435 438/438/438
f 439/439/439 437/437/437 438/438/438
f 440/440/440 436/436/436 437/437/437
f 441/441/441 440/440/440 437/437/437
f 442/442/442 440/440/440 441/441/441
f 443/443/443 442/442/442 441/441/441
f 444/444/444 442/442/442 443/443/443
f 445/445/445 444/444/444 443/443/443
f 445/445/445 443/443/443 446/446/446
f 447/447/447 445/445/445 446/446/446
f 449/449/449 437/437/437 448/448/448
f 450/450/450 449/449/449 448/448/448
f 451/451/451 449/449/449 450/450/450
f 452/452/452 451/451/451 450/450/450
f 454/454/454 453/453/453 408/408/408
f 455/455/455 454/454/454 408/408/408
f 455/455/455 408/408/408 409/409/409
f 456/456/456 455/455/455 409/409/409
f 459/459/459 458/458/458 457/457/457
f 460/460/460 459/459/459 457/457/457
f 463/463/463 462/462/462 461/461/461
f 462/462/462 464/464/464 461/461/461
f 461/461/461 464/464/464 465/465/465
f 464/464/464 466/466/466 465/465/465
f 469/469/469 468/468/468 467/467/467
f 470/470/470 469/469/469 467/467/467
f 473/473/473 472/472/472 471/471/471
f 472/472/472 474/474/474 471/471/471
f 471/471/471 474/474/474 475/475/475
f 474/474/474 476/476/476 475/475/475
f 472/472/472 477/477/477 474/474/474
f 477/477/477 478/478/478 474/474/474
f 481/481/481 480/480/480 479/479/479
f 480/480/480 482/482/482 479/479/479
f 479/479/479 482/482/482 483/483/483
f 482/482/482 484/484/484 483/483/483
f 487/487/487 486/486/486 485/485/485
f 488/488/488 487/487/487 485/485/485
f 491/491/491 490/490/490 489/489/489
f 490/490/490 492/492/492 489/489/489
f 489/489/489 492/492/492 493/493/493
f 492/492/492 494/494/494 493/493/493
f 493/493/493 494/494/494 432/432/432
f 494/494/494 495/495/495 432/432/432
f 432/432/432 495/495/495 496/496/496
f 495/495/495 497/497/497 496/496/496
f 432/432/432 496/496/496 498/498/498
f 499/499/499 432/432/432 498/498/498
f 498/498/498 496/496/496 500/500/500
f 496/496/496 501/501/501 500/500/500
f 497/497/497 503/503/503 502/502/502
f 503/503/503 504/504/504 502/502/502
f 503/503/503 505/505/505 504/504/504
f 505/505/505 506/506/506 504/504/504
f 507/507/507 503/503/503 497/497/497
f 508/508/508 507/507/507 497/497/497
f 507/507/507 509/509/509 503/503/503
f 509/509/509 510/510/510 503/503/503
f 511/511/511 507/507/507 508/508/508
f 512/512/512 511/511/511 508/508/508
f 513/513/513 511/511/511 512/512/512
f 514/514/514 513/513/513 512/512/512
f 511/511/511 516/516/516 515/515/515
f 516/516/516 517/517/517 515/515/515
f 519/519/519 518/518/518 506/506/506
f 520/520/520 519/519/519 506/506/506
f 521/521/521 519/519/519 520/520/520
f 522/522/522 521/521/521 520/520/520
f 525/525/525 524/524/524 523/523/523
f 526/526/526 525/525/525 523/523/523
f 529/529/529 528/528/528 527/527/527
f 530/530/530 529/529/529 527/527/527
f 533/533/533 532/532/532 531/531/531
f 532/532/532 534/534/534 531/531/531
f 531/531/531 534/534/534 535/535/535
f 534/534/534 536/536/536 535/535/535
f 535/535/535 536/536/536 537/537/537
f 536/536/536 538/538/538 537/537/537
f 535/535/535 537/537/537 539/539/539
f 540/540/540 535/535/535 539/539/539
f 539/539/539 537/537/537 541/541/541
f 537/537/537 542/542/542 541/541/541
f 537/537/537 538/538/538 542/542/542
f 538/538/538 543/543/543 542/542/542
f 542/542/542 543/543/543 544/544/544
f 543/543/543 545/545/545 544/544/544
f 544/544/544 545/545/545 546/546/546
f 545/545/545 547/547/547 546/546/546
f 546/546/546 547/547/547 548/548/548
f 547/547/547 549/549/549 548/548/548
f 548/548/548 549/549/549 550/550/550
f 549/549/549 551/551/551 550/550/550
f 553/553/553 548/548/548 552/552/552
f 554/554/554 553/553/553 552/552/552
f 555/555/555 553/553/553 554/554/554
f 556/556/556 555/555/555 554/554/554
f 557/557/557 555/555/555 556/556/556
f 558/558/558 557/557/557 556/556/556
f 550/550/550 560/560/560 559/559/559
f 550/550/550 559/559/559 561/561/561
f 562/562/562 550/550/550 561/561/561
f 560/560/560 563/563/563 559/559/559
f 561/561/561 559/559/559 564/564/564
f 559/559/559 565/565/565 564/564/564
f 566/566/566 563/563/563 565/565/565
f 563/563/563 567/567/567 565/565/565
f 565/565/565 567/567/567 568/568/568
f 567/567/567 569/569/569 568/568/568
f 565/565/565 568/568/568 570/570/570
f 571/571/571 565/565/565 570/570/570
f 568/568/568 569/569/569 572/572/572
f 569/569/569 573/573/573 572/572/572
f 568/568/568 572/572/572 574/574/574
f 570/570/570 568/568/568 574/574/574
f 574/574/574 572/572/572 575/575/575
f 572/572/572 576/576/576 575/575/575
f 561/561/561 564/564/564 577/577/577
f 564/564/564 570/570/570 578/578/578
f 577/577/577 564/564/564 578/578/578
f 579/579/579 561/561/561 577/577/577
f 562/562/562 561/561/561 579/579/579
f 580/580/580 562/562/562 579/579/579
f 581/581/581 562/562/562 580/580/580
f 582/582/582 581/581/581 580/580/580
f 583/583/583 581/581/581 582/582/582
f 584/584/584 583/583/583 582/582/582
f 585/585/585 583/583/583 584/584/584
f 586/586/586 585/585/585 584/584/584
f 587/587/587 585/585/585 586/586/586
f 588/588/588 587/587/587 586/586/586
f 578/578/578 570/570/570 589/589/589
f 570/570/570 590/590/590 589/589/589
f 589/589/589 590/590/590 591/591/591
f 590/590/590 592/592/592 591/591/591
f 589/589/589 591/591/591 593/593/593
f 594/594/594 589/589/589 593/593/593
f 578/578/578 589/589/589 594/594/594
f 595/595/595 578/578/578 594/594/594
f 577/577/577 578/578/578 595/595/595
f 596/596/596 577/577/577 595/595/595
f 596/596/596 595/595/595 597/597/597
f 598/598/598 596/596/596 597/597/597
f 599/599/599 596/596/596 598/598/598
f 600/600/600 599/599/599 598/598/598
f 601/601/601 599/599/599 600/600/600
f 602/602/602 601/601/601 600/600/600
f 591/591/591 592/592/592 603/603/603
f 592/592/592 604/604/604 603/603/603
f 603/603/603 604/604/604 605/605/605
f 592/592/592 606/606/606 604/604/604
f 604/604/604 607/607/607 605/605/605
f 605/605/605 607/607/607 608/608/608
f 606/606/606 609/609/609 604/604/604
f 607/607/607 610/610/610 608/608/608
f 607/607/607 611/611/611 610/610/610
f 611/611/611 612/612/612 610/610/610
f 606/606/606 613/613/613 609/609/609
f 614/614/614 613/613/613 606/606/606
f 615/615/615 614/614/614 606/606/606
f 613/613/613 616/616/616 609/609/609
f 609/609/609 616/616/616 617/617/617
f 616/616/616 618/618/618 617/617/617
f 608/608/608 610/610/610 619/619/619
f 610/610/610 620/620/620 619/619/619
f 610/610/610 621/621/621 620/620/620
f 621/621/621 622/622/622 620/620/620
f 608/608/608 619/619/619 623/623/623
f 624/624/624 608/608/608 623/623/623
f 624/624/624 623/623/623 625/625/625
f 626/626/626 608/608/608 624/624/624
f 627/627/627 624/624/624 625/625/625
f 628/628/628 626/626/626 624/624/624
f 628/628/628 624/624/624 627/627/627
f 629/629/629 628/628/628 627/627/627
f 630/630/630 626/626/626 628/628/628
f 631/631/631 630/630/630 628/628/628
f 632/632/632 630/630/630 631/631/631
f 633/633/633 632/632/632 631/631/631
f 633/633/633 631/631/631 634/634/634
f 635/635/635 633/633/633 634/634/634
f 636/636/636 633/633/633 635/635/635
f 637/637/637 636/636/636 635/635/635
f 638/638/638 636/636/636 637/637/637
f 639/639/639 638/638/638 637/637/637
f 625/625/625 641/641/641 640/640/640
f 641/641/641 642/642/642 640/640/640
f 640/640/640 642/642/642 643/643/643
f 642/642/642 644/644/644 643/643/643
f 643/643/643 644/644/644 645/645/645
f 644/644/644 646/646/646 645/645/645
f 645/645/645 646/646/646 647/647/647
f 646/646/646 648/648/648 647/647/647
f 647/647/647 648/648/648 649/649/649
f 648/648/648 650/650/650 649/649/649
f 648/648/648 651/651/651 650/650/650
f 651/651/651 652/652/652 650/650/650
f 650/650/650 652/652/652 653/653/653
f 652/652/652 654/654/654 653/653/653
f 652/652/652 655/655/655 654/654/654
f 655/655/655 656/656/656 654/654/654
f 654/654/654 656/656/656 657/657/657
f 656/656/656 658/658/658 657/657/657
f 657/657/657 658/658/658 659/659/659
f 658/658/658 660/660/660 659/659/659
f 658/658/658 661/661/661 660/660/660
f 661/661/661 662/662/662 660/660/660
f 661/661/661 663/663/663 662/662/662
f 663/663/663 664/664/664 662/662/662
f 660/660/660 662/662/662 665/665/665
f 662/662/662 666/666/666 665/665/665
f 660/660/660 665/665/665 667/667/667
f 659/659/659 660/660/660 667/667/667
f 667/667/667 665/665/665 668/668/668
f 665/665/665 669/669/669 668/668/668
f 659/659/659 667/667/667 670/670/670
f 671/671/671 659/659/659 670/670/670
f 672/672/672 659/659/659 671/671/671
f 673/673/673 672/672/672 671/671/671
f 671/671/671 670/670/670 674/674/674
f 675/675/675 671/671/671 674/674/674
f 673/673/673 671/671/671 675/675/675
f 674/674/674 670/670/670 676/676/676
f 670/670/670 677/677/677 676/676/676
f 670/670/670 678/678/678 677/677/677
f 678/678/678 679/679/679 677/677/677
f 677/677/677 679/679/679 680/680/680
f 679/679/679 681/681/681 680/680/680
f 680/680/680 681/681/681 682/682/682
f 681/681/681 683/683/683 682/682/682
f 681/681/681 684/684/684 683/683/683
f 685/685/685 673/673/673 675/675/675
f 684/684/684 686/686/686 683/683/683
f 687/687/687 673/673/673 685/685/685
f 688/688/688 687/687/687 685/685/685
f 687/687/687 689/689/689 673/673/673
f 689/689/689 690/690/690 673/673/673
f 691/691/691 687/687/687 688/688/688
f 692/692/692 691/691/691 688/688/688
f 683/683/683 686/686/686 693/693/693
f 686/686/686 694/694/694 693/693/693
f 683/683/683 693/693/693 695/695/695
f 693/693/693 694/694/694 696/696/696
f 694/694/694 697/697/697 696/696/696
f 696/696/696 697/697/697 698/698/698
f 697/697/697 699/699/699 698/698/698
f 700/700/700 683/683/683 695/695/695
f 700/700/700 695/695/695 701/701/701
f 702/702/702 700/700/700 701/701/701
f 703/703/703 700/700/700 702/702/702
f 704/704/704 703/703/703 702/702/702
f 705/705/705 703/703/703 704/704/704
f 706/706/706 705/705/705 704/704/704
f 708/708/708 698/698/698 707/707/707
f 709/709/709 708/708/708 707/707/707
f 710/710/710 708/708/708 709/709/709
f 711/711/711 710/710/710 709/709/709
f 701/701/701 713/713/713 712/712/712
f 713/713/713 714/714/714 712/712/712
f 712/712/712 714/714/714 715/715/715
f 714/714/714 716/716/716 715/715/715
f 719/719/719 718/718/718 717/717/717
f 718/718/718 720/720/720 717/717/717
f 717/717/717 720/720/720 538/538/538
f 720/720/720 721/721/721 538/538/538
f 720/720/720 722/722/722 721/721/721
f 722/722/722 723/723/723 721/721/721
f 722/722/722 724/724/724 723/723/723
f 724/724/724 725/725/725 723/723/723
f 723/723/723 725/725/725 726/726/726
f 725/725/725 727/727/727 726/726/726
f 500/500/500 724/724/724 722/722/722
f 500/500/500 728/728/728 724/724/724
f 728/728/728 535/535/535 724/724/724
f 729/729/729 500/500/500 722/722/722
f 729/729/729 722/722/722 730/730/730
f 731/731/731 729/729/729 730/730/730
f 538/538/538 733/733/733 732/732/732
f 733/733/733 734/734/734 732/732/732
f 734/734/734 736/736/736 735/735/735
f 736/736/736 737/737/737 735/735/735
f 735/735/735 737/737/737 738/738/738
f 737/737/737 584/584/584 738/738/738
f 735/735/735 738/738/738 739/739/739
f 740/740/740 735/735/735 739/739/739
f 739/739/739 738/738/738 741/741/741
f 738/738/738 742/742/742 741/741/741
f 741/741/741 742/742/742 560/560/560
f 738/738/738 743/743/743 742/742/742
f 743/743/743 744/744/744 742/742/742
f 742/742/742 745/745/745 560/560/560
f 742/742/742 746/746/746 745/745/745
f 746/746/746 580/580/580 745/745/745
f 749/749/749 748/748/748 747/747/747
f 750/750/750 749/749/749 747/747/747
f 753/753/753 752/752/752 751/751/751
f 754/754/754 753/753/753 751/751/751
f 757/757/757 756/756/756 755/755/755
f 758/758/758 757/757/757 755/755/755
f 761/761/761 760/760/760 759/759/759
f 760/760/760 762/762/762 759/759/759
f 759/759/759 762/762/762 763/763/763
f 762/762/762 764/764/764 763/763/763
f 767/767/767 766/766/766 765/765/765
f 768/768/768 767/767/767 765/765/765
f 771/771/771 770/770/770 769/769/769
f 772/772/772 771/771/771 769/769/769
f 775/775/775 774/774/774 773/773/773
f 774/774/774 776/776/776 773/773/773
f 773/773/773 776/776/776 622/622/622
f 776/776/776 777/777/777 622/622/622
f 622/622/622 777/777/777 778/778/778
f 777/777/777 779/779/779 778/778/778
f 778/778/778 779/779/779 780/780/780
f 779/779/779 781/781/781 780/780/780
f 780/780/780 781/781/781 782/782/782
f 781/781/781 783/783/783 782/782/782
f 780/780/780 782/782/782 784/784/784
f 785/785/785 780/780/780 784/784/784
f 784/784/784 782/782/782 786/786/786
f 782/782/782 783/783/783 787/787/787
f 782/782/782 787/787/787 786/786/786
f 783/783/783 788/788/788 787/787/787
f 787/787/787 788/788/788 789/789/789
f 788/788/788 692/692/692 789/789/789
f 786/786/786 787/787/787 790/790/790
f 787/787/787 789/789/789 790/790/790
f 786/786/786 790/790/790 791/791/791
f 792/792/792 786/786/786 791/791/791
f 790/790/790 789/789/789 793/793/793
f 789/789/789 692/692/692 794/794/794
f 789/789/789 794/794/794 793/793/793
f 793/793/793 794/794/794 795/795/795
f 692/692/692 796/796/796 794/794/794
f 794/794/794 797/797/797 795/795/795
f 794/794/794 796/796/796 797/797/797
f 796/796/796 663/663/663 797/797/797
f 800/800/800 799/799/799 798/798/798
f 799/799/799 801/801/801 798/798/798
f 798/798/798 801/801/801 802/802/802
f 801/801/801 803/803/803 802/802/802
f 805/805/805 802/802/802 804/804/804
f 802/802/802 806/806/806 804/804/804
f 804/804/804 806/806/806 651/651/651
f 806/806/806 807/807/807 651/651/651
f 809/809/809 651/651/651 808/808/808
f 810/810/810 809/809/809 808/808/808
f 811/811/811 809/809/809 810/810/810
f 812/812/812 802/802/802 811/811/811
f 813/813/813 811/811/811 810/810/810
f 814/814/814 812/812/812 811/811/811
f 814/814/814 811/811/811 813/813/813
f 642/642/642 814/814/814 813/813/813
f 816/816/816 815/815/815 814/814/814
f 817/817/817 816/816/816 814/814/814
f 817/817/817 814/814/814 818/818/818
f 819/819/819 817/817/817 818/818/818
f 822/822/822 821/821/821 820/820/820
f 823/823/823 822/822/822 820/820/820
f 826/826/826 825/825/825 824/824/824
f 825/825/825 827/827/827 824/824/824
f 824/824/824 827/827/827 828/828/828
f 827/827/827 829/829/829 828/828/828
f 829/829/829 831/831/831 830/830/830
f 832/832/832 829/829/829 830/830/830
f 835/835/835 834/834/834 833/833/833
f 834/834/834 836/836/836 833/833/833
f 833/833/833 836/836/836 837/837/837
f 836/836/836 838/838/838 837/837/837
f 833/833/833 840/840/840 839/839/839
f 841/841/841 833/833/833 839/839/839
f 844/844/844 843/843/843 842/842/842
f 843/843/843 845/845/845 842/842/842
f 842/842/842 845/845/845 846/846/846
f 845/845/845 847/847/847 846/846/846
f 845/845/845 848/848/848 847/847/847
f 846/846/846 847/847/847 849/849/849
f 848/848/848 850/850/850 847/847/847
f 847/847/847 851/851/851 849/849/849
f 847/847/847 850/850/850 851/851/851
f 850/850/850 852/852/852 851/851/851
f 849/849/849 851/851/851 853/853/853
f 851/851/851 852/852/852 854/854/854
f 851/851/851 854/854/854 853/853/853
f 852/852/852 855/855/855 854/854/854
f 853/853/853 854/854/854 856/856/856
f 854/854/854 857/857/857 856/856/856
f 853/853/853 856/856/856 858/858/858
f 859/859/859 853/853/853 858/858/858
f 858/858/858 856/856/856 860/860/860
f 856/856/856 861/861/861 860/860/860
f 860/860/860 861/861/861 862/862/862
f 859/859/859 858/858/858 863/863/863
f 861/861/861 864/864/864 862/862/862
f 862/862/862 864/864/864 865/865/865
f 864/864/864 866/866/866 865/865/865
f 864/864/864 867/867/867 866/866/866
f 867/867/867 868/868/868 866/866/866
f 866/866/866 868/868/868 869/869/869
f 870/870/870 859/859/859 863/863/863
f 868/868/868 871/871/871 869/869/869
f 868/868/868 872/872/872 871/871/871
f 872/872/872 873/873/873 871/871/871
f 869/869/869 871/871/871 874/874/874
f 871/871/871 873/873/873 875/875/875
f 871/871/871 875/875/875 874/874/874
f 873/873/873 876/876/876 875/875/875
f 870/870/870 863/863/863 877/877/877
f 878/878/878 870/870/870 877/877/877
f 877/877/877 863/863/863 879/879/879
f 863/863/863 880/880/880 879/879/879
f 879/879/879 880/880/880 881/881/881
f 880/880/880 882/882/882 881/881/881
f 881/881/881 882/882/882 883/883/883
f 882/882/882 884/884/884 883/883/883
f 874/874/874 875/875/875 885/885/885
f 875/875/875 876/876/876 886/886/886
f 875/875/875 886/886/886 885/885/885
f 885/885/885 886/886/886 887/887/887
f 886/886/886 888/888/888 887/887/887
f 876/876/876 889/889/889 886/886/886
f 889/889/889 891/891/891 890/890/890
f 892/892/892 889/889/889 890/890/890
f 880/880/880 894/894/894 893/893/893
f 894/894/894 895/895/895 893/893/893
f 893/893/893 895/895/895 896/896/896
f 895/895/895 897/897/897 896/896/896
f 896/896/896 897/897/897 898/898/898
f 896/896/896 898/898/898 899/899/899
f 883/883/883 896/896/896 899/899/899
f 899/899/899 898/898/898 900/900/900
f 897/897/897 901/901/901 898/898/898
f 897/897/897 902/902/902 901/901/901
f 902/902/902 903/903/903 901/901/901
f 898/898/898 904/904/904 900/900/900
f 898/898/898 901/901/901 904/904/904
f 900/900/900 904/904/904 905/905/905
f 904/904/904 906/906/906 905/905/905
f 901/901/901 907/907/907 904/904/904
f 901/901/901 908/908/908 907/907/907
f 908/908/908 874/874/874 907/907/907
f 904/904/904 910/910/910 909/909/909
f 910/910/910 911/911/911 909/909/909
f 905/905/905 909/909/909 912/912/912
f 909/909/909 913/913/913 912/912/912
f 909/909/909 914/914/914 913/913/913
f 912/912/912 913/913/913 915/915/915
f 914/914/914 916/916/916 913/913/913
f 913/913/913 917/917/917 915/915/915
f 913/913/913 916/916/916 917/917/917
f 915/915/915 917/917/917 918/918/918
f 917/917/917 919/919/919 918/918/918
f 918/918/918 919/919/919 920/920/920
f 919/919/919 921/921/921 920/920/920
f 917/917/917 922/922/922 919/919/919
f 922/922/922 923/923/923 919/919/919
f 922/922/922 924/924/924 923/923/923
f 916/916/916 925/925/925 917/917/917
f 924/924/924 926/926/926 923/923/923
f 923/923/923 926/926/926 927/927/927
f 926/926/926 928/928/928 927/927/927
f 924/924/924 929/929/929 926/926/926
f 929/929/929 930/930/930 926/926/926
f 916/916/916 931/931/931 925/925/925
f 931/931/931 932/932/932 925/925/925
f 931/931/931 933/933/933 932/932/932
f 933/933/933 934/934/934 932/932/932
f 935/935/935 931/931/931 916/916/916
f 936/936/936 935/935/935 916/916/916
f 937/937/937 935/935/935 936/936/936
f 938/938/938 937/937/937 936/936/936
f 941/941/941 940/940/940 939/939/939
f 940/940/940 942/942/942 939/939/939
f 939/939/939 942/942/942 943/943/943
f 942/942/942 944/944/944 943/943/943
f 940/940/940 945/945/945 942/942/942
f 946/946/946 945/945/945 940/940/940
f 854/854/854 946/946/946 940/940/940
f 945/945/945 947/947/947 942/942/942
f 942/942/942 947/947/947 944/944/944
f 947/947/947 948/948/948 944/944/944
f 944/944/944 948/948/948 949/949/949
f 948/948/948 950/950/950 949/949/949
f 953/953/953 952/952/952 951/951/951
f 954/954/954 953/953/953 951/951/951
f 957/957/957 956/956/956 955/955/955
f 958/958/958 957/957/957 955/955/955
f 961/961/961 960/960/960 959/959/959
f 960/960/960 962/962/962 959/959/959
f 959/959/959 962/962/962 963/963/963
f 962/962/962 964/964/964 963/963/963
f 959/959/959 963/963/963 965/965/965
f 966/966/966 959/959/959 965/965/965
f 969/969/969 968/968/968 967/967/967
f 970/970/970 969/969/969 967/967/967
f 973/973/973 972/972/972 971/971/971
f 972/972/972 974/974/974 971/971/971
f 971/971/971 974/974/974 975/975/975
f 974/974/974 976/976/976 975/975/975
f 975/975/975 976/976/976 977/977/977
f 976/976/976 978/978/978 977/977/977
f 977/977/977 978/978/978 979/979/979
f 978/978/978 980/980/980 979/979/979
f 978/978/978 981/981/981 980/980/980
f 981/981/981 982/982/982 980/980/980
f 980/980/980 982/982/982 983/983/983
f 982/982/982 984/984/984 983/983/983
f 983/983/983 984/984/984 985/985/985
f 984/984/984 986/986/986 985/985/985
f 982/982/982 987/987/987 984/984/984
f 987/987/987 988/988/988 984/984/984
f 980/980/980 990/990/990 989/989/989
f 991/991/991 980/980/980 989/989/989
f 989/989/989 993/993/993 992/992/992
f 993/993/993 994/994/994 992/992/992
f 992/992/992 994/994/994 995/995/995
f 994/994/994 996/996/996 995/995/995
f 995/995/995 996/996/996 997/997/997
f 994/994/994 998/998/998 996/996/996
f 996/996/996 999/999/999 997/997/997
f 997/997/997 999/999/999 1000/1000/1000
f 999/999/999 1001/1001/1001 1000/1000/1000
f 996/996/996 1002/1002/1002 999/999/999
f 998/998/998 1002/1002/1002 996/996/996
f 1002/1002/1002 1003/1003/1003 999/999/999
f 1002/1002/1002 1004/1004/1004 1003/1003/1003
f 1004/1004/1004 1005/1005/1005 1003/1003/1003
f 998/998/998 1006/1006/1006 1002/1002/1002
f 1006/1006/1006 1004/1004/1004 1002/1002/1002
f 1007/1007/1007 1006/1006/1006 998/998/998
f 1008/1008/1008 1007/1007/1007 998/998/998
f 1004/1004/1004 1009/1009/1009 1005/1005/1005
f 1009/1009/1009 1010/1010/1010 1005/1005/1005
f 1011/1011/1011 1009/1009/1009 1004/1004/1004
f 1012/1012/1012 1011/1011/1011 1004/1004/1004
f 1013/1013/1013 1011/1011/1011 1012/1012/1012
f 1014/1014/1014 1013/1013/1013 1012/1012/1012
f 1009/1009/1009 1015/1015/1015 1010/1010/1010
f 1015/1015/1015 1016/1016/1016 1010/1010/1010
f 1010/1010/1010 1016/1016/1016 1017/1017/1017
f 1016/1016/1016 1000/1000/1000 1017/1017/1017
f 1018/1018/1018 1015/1015/1015 1009/1009/1009
f 1011/1011/1011 1018/1018/1018 1009/1009/1009
f 1019/1019/1019 1018/1018/1018 1011/1011/1011
f 1013/1013/1013 1019/1019/1019 1011/1011/1011
f 1020/1020/1020 1019/1019/1019 1013/1013/1013
f 1021/1021/1021 1020/1020/1020 1013/1013/1013
f 1021/1021/1021 1023/1023/1023 1022/1022/1022
f 1024/1024/1024 1021/1021/1021 1022/1022/1022
f 1025/1025/1025 1021/1021/1021 1024/1024/1024
f 1026/1026/1026 1025/1025/1025 1024/1024/1024
f 1026/1026/1026 1024/1024/1024 1027/1027/1027
f 1028/1028/1028 1026/1026/1026 1027/1027/1027
f 1025/1025/1025 1029/1029/1029 1021/1021/1021
f 1029/1029/1029 979/979/979 1021/1021/1021
f 1030/1030/1030 1029/1029/1029 1025/1025/1025
f 1031/1031/1031 1030/1030/1030 1025/1025/1025
f 1032/1032/1032 1030/1030/1030 1031/1031/1031
f 1033/1033/1033 1032/1032/1032 1031/1031/1031
f 1033/1033/1033 1031/1031/1031 1034/1034/1034
f 1035/1035/1035 1032/1032/1032 1033/1033/1033
f 1036/1036/1036 1033/1033/1033 1034/1034/1034
f 1037/1037/1037 1035/1035/1035 1033/1033/1033
f 1037/1037/1037 1033/1033/1033 1036/1036/1036
f 1038/1038/1038 1037/1037/1037 1036/1036/1036
f 1041/1041/1041 1040/1040/1040 1039/1039/1039
f 1040/1040/1040 1042/1042/1042 1039/1039/1039
f 1039/1039/1039 1042/1042/1042 1043/1043/1043
f 1042/1042/1042 1044/1044/1044 1043/1043/1043
f 1043/1043/1043 1044/1044/1044 1045/1045/1045
f 1044/1044/1044 1046/1046/1046 1045/1045/1045
f 1044/1044/1044 1047/1047/1047 1046/1046/1046
f 1047/1047/1047 1048/1048/1048 1046/1046/1046
f 1051/1051/1051 1050/1050/1050 1049/1049/1049
f 1050/1050/1050 1052/1052/1052 1049/1049/1049
f 1049/1049/1049 1052/1052/1052 1053/1053/1053
f 1052/1052/1052 1054/1054/1054 1053/1053/1053
f 1053/1053/1053 1054/1054/1054 1055/1055/1055
f 1054/1054/1054 1056/1056/1056 1055/1055/1055
f 1059/1059/1059 1058/1058/1058 1057/1057/1057
f 1060/1060/1060 1059/1059/1059 1057/1057/1057
f 1063/1063/1063 1062/1062/1062 1061/1061/1061
f 1062/1062/1062 1064/1064/1064 1061/1061/1061
f 1062/1062/1062 1065/1065/1065 1064/1064/1064
f 1065/1065/1065 1066/1066/1066 1064/1064/1064
f 1066/1066/1066 1067/1067/1067 1064/1064/1064
f 1068/1068/1068 1067/1067/1067 1066/1066/1066
f 1069/1069/1069 1067/1067/1067 1068/1068/1068
f 1072/1072/1072 1071/1071/1071 1070/1070/1070
f 1073/1073/1073 1071/1071/1071 1072/1072/1072
f 1074/1074/1074 1071/1071/1071 1073/1073/1073
f 1077/1077/1077 1076/1076/1076 1075/1075/1075
f 1078/1078/1078 1076/1076/1076 1077/1077/1077
f 1079/1079/1079 1076/1076/1076 1078/1078/1078
f 1082/1082/1082 1081/1081/1081 1080/1080/1080
f 1083/1083/1083 1082/1082/1082 1080/1080/1080
f 1084/1084/1084 1082/1082/1082 1083/1083/1083
f 1085/1085/1085 1084/1084/1084 1083/1083/1083
f 1086/1086/1086 1084/1084/1084 1085/1085/1085
f 1087/1087/1087 1086/1086/1086 1085/1085/1085
f 1088/1088/1088 1086/1086/1086 1087/1087/1087
f 1089/1089/1089 1088/1088/1088 1087/1087/1087
f 1090/1090/1090 1088/1088/1088 1089/1089/1089
f 1080/1080/1080 1090/1090/1090 1089/1089/1089
f 1083/1083/1083 1080/1080/1080 1091/1091/1091
f 1085/1085/1085 1083/1083/1083 1092/1092/1092
f 1092/1092/1092 1083/1083/1083 1091/1091/1091
f 1087/1087/1087 1085/1085/1085 1093/1093/1093
f 1093/1093/1093 1085/1085/1085 1092/1092/1092
f 1089/1089/1089 1087/1087/1087 1094/1094/1094
f 1094/1094/1094 1087/1087/1087 1093/1093/1093
f 1080/1080/1080 1089/1089/1089 1095/1095/1095
f 1091/1091/1091 1080/1080/1080 1095/1095/1095
f 1095/1095/1095 1089/1089/1089 1094/1094/1094
f 1092/1092/1092 1091/1091/1091 1096/1096/1096
f 1097/1097/1097 1092/1092/1092 1096/1096/1096
f 1093/1093/1093 1092/1092/1092 1097/1097/1097
f 1097/1097/1097 1096/1096/1096 1098/1098/1098
f 1094/1094/1094 1093/1093/1093 1099/1099/1099
f 1099/1099/1099 1093/1093/1093 1097/1097/1097
f 1100/1100/1100 1097/1097/1097 1098/1098/1098
f 1099/1099/1099 1097/1097/1097 1100/1100/1100
f 1100/1100/1100 1098/1098/1098 1101/1101/1101
f 1095/1095/1095 1094/1094/1094 1102/1102/1102
f 1102/1102/1102 1094/1094/1094 1099/1099/1099
f 1091/1091/1091 1095/1095/1095 1103/1103/1103
f 1103/1103/1103 1095/1095/1095 1102/1102/1102
f 1104/1104/1104 1091/1091/1091 1103/1103/1103
f 1105/1105/1105 1099/1099/1099 1100/1100/1100
f 1102/1102/1102 1099/1099/1099 1105/1105/1105
f 1103/1103/1103 1102/1102/1102 1106/1106/1106
f 1106/1106/1106 1102/1102/1102 1105/1105/1105
f 1104/1104/1104 1103/1103/1103 1107/1107/1107
f 1107/1107/1107 1103/1103/1103 1106/1106/1106
f 1108/1108/1108 1104/1104/1104 1107/1107/1107
f 1105/1105/1105 1100/1100/1100 1109/1109/1109
f 1109/1109/1109 1100/1100/1100 1101/1101/1101
f 1106/1106/1106 1105/1105/1105 1110/1110/1110
f 1110/1110/1110 1105/1105/1105 1109/1109/1109
f 1107/1107/1107 1106/1106/1106 1111/1111/1111
f 1111/1111/1111 1106/1106/1106 1110/1110/1110
f 1108/1108/1108 1107/1107/1107 1112/1112/1112
f 1101/1101/1101 1108/1108/1108 1112/1112/1112
f 1112/1112/1112 1107/1107/1107 1111/1111/1111
f 1109/1109/1109 1101/1101/1101 1113/1113/1113
f 1110/1110/1110 1109/1109/1109 1114/1114/1114
f 1114/1114/1114 1109/1109/1109 1113/1113/1113
f 1111/1111/1111 1110/1110/1110 1115/1115/1115
f 1115/1115/1115 1110/1110/1110 1114/1114/1114
f 1112/1112/1112 1111/1111/1111 1116/1116/1116
f 1116/1116/1116 1111/1111/1111 1115/1115/1115
f 1101/1101/1101 1112/1112/1112 1117/1117/1117
f 1113/1113/1113 1101/1101/1101 1117/1117/1117
f 1117/1117/1117 1112/1112/1112 1116/1116/1116
f 1114/1114/1114 1113/1113/1113 1118/1118/1118
f 1115/1115/1115 1114/1114/1114 1119/1119/1119
f 1119/1119/1119 1114/1114/1114 1118/1118/1118
f 1116/1116/1116 1115/1115/1115 1120/1120/1120
f 1120/1120/1120 1115/1115/1115 1119/1119/1119
f 1117/1117/1117 1116/1116/1116 1121/1121/1121
f 1121/1121/1121 1116/1116/1116 1120/1120/1120
f 1113/1113/1113 1117/1117/1117 1122/1122/1122
f 1118/1118/1118 1113/1113/1113 1122/1122/1122
f 1122/1122/1122 1117/1117/1117 1121/1121/1121
f 1119/1119/1119 1118/1118/1118 1123/1123/1123
f 1120/1120/1120 1119/1119/1119 1124/1124/1124
f 1124/1124/1124 1119/1119/1119 1123/1123/1123
f 1121/1121/1121 1120/1120/1120 1125/1125/1125
f 1125/1125/1125 1120/1120/1120 1124/1124/1124
f 1122/1122/1122 1121/1121/1121 1126/1126/1126
f 1126/1126/1126 1121/1121/1121 1125/1125/1125
f 1118/1118/1118 1122/1122/1122 1127/1127/1127
f 1123/1123/1123 1118/1118/1118 1127/1127/1127
f 1127/1127/1127 1122/1122/1122 1126/1126/1126
f 1124/1124/1124 1123/1123/1123 1128/1128/1128
f 1125/1125/1125 1124/1124/1124 1129/1129/1129
f 1129/1129/1129 1124/1124/1124 1128/1128/1128
f 1126/1126/1126 1125/1125/1125 1130/1130/1130
f 1130/1130/1130 1125/1125/1125 1129/1129/1129
f 1127/1127/1127 1126/1126/1126 1131/1131/1131
f 1131/1131/1131 1126/1126/1126 1130/1130/1130
f 1123/1123/1123 1127/1127/1127 1132/1132/1132
f 1128/1128/1128 1123/1123/1123 1132/1132/1132
f 1132/1132/1132 1127/1127/1127 1131/1131/1131
f 1129/1129/1129 1128/1128/1128 1133/1133/1133
f 1130/1130/1130 1129/1129/1129 1134/1134/1134
f 1134/1134/1134 1129/1129/1129 1133/1133/1133
f 1131/1131/1131 1130/1130/1130 1135/1135/1135
f 1135/1135/1135 1130/1130/1130 1134/1134/1134
f 1132/1132/1132 1131/1131/1131 1136/1136/1136
f 1136/1136/1136 1131/1131/1131 1135/1135/1135
f 1128/1128/1128 1132/1132/1132 1137/1137/1137
f 1133/1133/1133 1128/1128/1128 1137/1137/1137
f 1137/1137/1137 1132/1132/1132 1136/1136/1136
f 1134/1134/1134 1133/1133/1133 1138/1138/1138
f 1135/1135/1135 1134/1134/1134 1139/1139/1139
f 1139/1139/1139 1134/1134/1134 1138/1138/1138
f 1136/1136/1136 1135/1135/1135 1140/1140/1140
f 1140/1140/1140 1135/1135/1135 1139/1139/1139
f 1137/1137/1137 1136/1136/1136 1141/1141/1141
f 1141/1141/1141 1136/1136/1136 1140/1140/1140
f 1133/1133/1133 1137/1137/1137 1142/1142/1142
f 1138/1138/1138 1133/1133/1133 1142/1142/1142
f 1142/1142/1142 1137/1137/1137 1141/1141/1141
f 1139/1139/1139 1138/1138/1138 1143/1143/1143
f 1140/1140/1140 1139/1139/1139 1144/1144/1144
f 1144/1144/1144 1139/1139/1139 1143/1143/1143
f 1141/1141/1141 1140/1140/1140 1145/1145/1145
f 1145/1145/1145 1140/1140/1140 1144/1144/1144
f 1142/1142/1142 1141/1141/1141 1146/1146/1146
f 1146/1146/1146 1141/1141/1141 1145/1145/1145
f 1138/1138/1138 1142/1142/1142 1147/1147/1147
f 1143/1143/1143 1138/1138/1138 1147/1147/1147
f 1147/1147/1147 1142/1142/1142 1146/1146/1146
f 1144/1144/1144 1143/1143/1143 1148/1148/1148
f 1145/1145/1145 1144/1144/1144 1149/1149/1149
f 1149/1149/1149 1144/1144/1144 1148/1148/1148
f 1146/1146/1146 1145/1145/1145 1150/1150/1150
f 1150/1150/1150 1145/1145/1145 1149/1149/1149
f 1147/1147/1147 1146/1146/1146 1151/1151/1151
f 1151/1151/1151 1146/1146/1146 1150/1150/1150
f 1143/1143/1143 1147/1147/1147 1152/1152/1152
f 1148/1148/1148 1143/1143/1143 1152/1152/1152
f 1152/1152/1152 1147/1147/1147 1151/1151/1151
f 1149/1149/1149 1148/1148/1148 1153/1153/1153
f 1150/1150/1150 1149/1149/1149 1154/1154/1154
f 1154/1154/1154 1149/1149/1149 1153/1153/1153
f 1151/1151/1151 1150/1150/1150 1155/1155/1155
f 1155/1155/1155 1150/1150/1150 1154/1154/1154
f 1152/1152/1152 1151/1151/1151 1156/1156/1156
f 1156/1156/1156 1151/1151/1151 1155/1155/1155
f 1148/1148/1148 1152/1152/1152 1157/1157/1157
f 1153/1153/1153 1148/1148/1148 1157/1157/1157
f 1157/1157/1157 1152/1152/1152 1156/1156/1156
f 1154/1154/1154 1153/1153/1153 1158/1158/1158
f 1155/1155/1155 1154/1154/1154 1159/1159/1159
f 1159/1159/1159 1154/1154/1154 1158/1158/1158
f 1156/1156/1156 1155/1155/1155 1160/1160/1160
f 1160/1160/1160 1155/1155/1155 1159/1159/1159
f 1157/1157/1157 1156/1156/1156 1161/1161/1161
f 1161/1161/1161 1156/1156/1156 1160/1160/1160
f 1153/1153/1153 1157/1157/1157 1162/1162/1162
f 1158/1158/1158 1153/1153/1153 1162/1162/1162
f 1162/1162/1162 1157/1157/1157 1161/1161/1161
f 1159/1159/1159 1158/1158/1158 1163/1163/1163
f 1160/1160/1160 1159/1159/1159 1164/1164/1164
f 1164/1164/1164 1159/1159/1159 1163/1163/1163
f 1161/1161/1161 1160/1160/1160 1165/1165/1165
f 1165/1165/1165 1160/1160/1160 1164/1164/1164
f 1162/1162/1162 1161/1161/1161 1166/1166/1166
f 1166/1166/1166 1161/1161/1161 1165/1165/1165
f 1158/1158/1158 1162/1162/1162 1167/1167/1167
f 1163/1163/1163 1158/1158/1158 1167/1167/1167
f 1167/1167/1167 1162/1162/1162 1166/1166/1166
f 1164/1164/1164 1163/1163/1163 1168/1168/1168
f 1165/1165/1165 1164/1164/1164 1169/1169/1169
f 1169/1169/1169 1164/1164/1164 1168/1168/1168
f 1166/1166/1166 1165/1165/1165 1170/1170/1170
f 1170/1170/1170 1165/1165/1165 1169/1169/1169
f 1167/1167/1167 1166/1166/1166 1171/1171/1171
f 1171/1171/1171 1166/1166/1166 1170/1170/1170
f 1163/1163/1163 1167/1167/1167 1172/1172/1172
f 1168/1168/1168 1163/1163/1163 1172/1172/1172
f 1172/1172/1172 1167/1167/1167 1171/1171/1171
f 1169/1169/1169 1168/1168/1168 1173/1173/1173
f 1170/1170/1170 1169/1169/1169 1174/1174/1174
f 1174/1174/1174 1169/1169/1169 1173/1173/1173
f 1171/1171/1171 1170/1170/1170 1175/1175/1175
f 1175/1175/1175 1170/1170/1170 1174/1174/1174
f 1172/1172/1172 1171/1171/1171 1176/1176/1176
f 1176/1176/1176 1171/1171/1171 1175/1175/1175
f 1168/1168/1168 1172/1172/1172 1177/1177/1177
f 1173/1173/1173 1168/1168/1168 1177/1177/1177
f 1177/1177/1177 1172/1172/1172 1176/1176/1176
f 1174/1174/1174 1173/1173/1173 1178/1178/1178
f 1175/1175/1175 1174/1174/1174 1179/1179/1179
f 1179/1179/1179 1174/1174/1174 1178/1178/1178
f 1176/1176/1176 1175/1175/1175 1180/1180/1180
f 1180/1180/1180 1175/1175/1175 1179/1179/1179
f 1177/1177/1177 1176/1176/1176 1181/1181/1181
f 1181/1181/1181 1176/1176/1176 1180/1180/1180
f 1173/1173/1173 1177/1177/1177 1182/1182/1182
f 1178/1178/1178 1173/1173/1173 1182/1182/1182
f 1182/1182/1182 1177/1177/1177 1181/1181/1181
f 1179/1179/1179 1178/1178/1178 1183/1183/1183
f 1180/1180/1180 1179/1179/1179 1184/1184/1184
f 1184/1184/1184 1179/1179/1179 1183/1183/1183
f 1181/1181/1181 1180/1180/1180 1185/1185/1185
f 1185/1185/1185 1180/1180/1180 1184/1184/1184
f 1182/1182/1182 1181/1181/1181 1186/1186/1186
f 1186/1186/1186 1181/1181/1181 1185/1185/1185
f 1178/1178/1178 1182/1182/1182 1187/1187/1187
f 1183/1183/1183 1178/1178/1178 1187/1187/1187
f 1187/1187/1187 1182/1182/1182 1186/1186/1186
f 1184/1184/1184 1183/1183/1183 1188/1188/1188
f 1185/1185/1185 1184/1184/1184 1189/1189/1189
f 1189/1189/1189 1184/1184/1184 1188/1188/1188
f 1186/1186/1186 1185/1185/1185 1190/1190/1190
f 1190/1190/1190 1185/1185/1185 1189/1189/1189
f 1187/1187/1187 1186/1186/1186 1191/1191/1191
f 1191/1191/1191 1186/1186/1186 1190/1190/1190
f 1183/1183/1183 1187/1187/1187 1192/1192/1192
f 1188/1188/1188 1183/1183/1183 1192/1192/1192
f 1192/1192/1192 1187/1187/1187 1191/1191/1191
f 1189/1189/1189 1188/1188/1188 1193/1193/1193
f 1190/1190/1190 1189/1189/1189 1194/1194/1194
f 1194/1194/1194 1189/1189/1189 1193/1193/1193
f 1191/1191/1191 1190/1190/1190 1195/1195/1195
f 1195/1195/1195 1190/1190/1190 1194/1194/1194
f 1192/1192/1192 1191/1191/1191 1196/1196/1196
f 1196/1196/1196 1191/1191/1191 1195/1195/1195
f 1188/1188/1188 1192/1192/1192 1197/1197/1197
f 1193/1193/1193 1188/1188/1188 1197/1197/1197
f 1197/1197/1197 1192/1192/1192 1196/1196/1196
f 1194/1194/1194 1193/1193/1193 1198/1198/1198
f 1195/1195/1195 1194/1194/1194 1199/1199/1199
f 1199/1199/1199 1194/1194/1194 1198/1198/1198
f 1196/1196/1196 1195/1195/1195 1200/1200/1200
f 1200/1200/1200 1195/1195/1195 1199/1199/1199
f 1197/1197/1197 1196/1196/1196 1201/1201/1201
f 1201/1201/1201 1196/1196/1196 1200/1200/1200
f 1193/1193/1193 1197/1197/1197 1202/1202/1202
f 1198/1198/1198 1193/1193/1193 1202/1202/1202
f 1202/1202/1202 1197/1197/1197 1201/1201/1201
f 1199/1199/1199 1198/1198/1198 1203/1203/1203
f 1200/1200/1200 1199/1199/1199 1204/1204/1204
f 1204/1204/1204 1199/1199/1199 1203/1203/1203
f 1201/1201/1201 1200/1200/1200 1205/1205/1205
f 1205/1205/1205 1200/1200/1200 1204/1204/1204
f 1202/1202/1202 1201/1201/1201 1206/1206/1206
f 1206/1206/1206 1201/1201/1201 1205/1205/1205
f 1198/1198/1198 1202/1202/1202 1207/1207/1207
f 1203/1203/1203 1198/1198/1198 1207/1207/1207
f 1207/1207/1207 1202/1202/1202 1206/1206/1206
f 1204/1204/1204 1203/1203/1203 1208/1208/1208
f 1205/1205/1205 1204/1204/1204 1209/1209/1209
f 1209/1209/1209 1204/1204/1204 1208/1208/1208
f 1206/1206/1206 1205/1205/1205 1210/1210/1210
f 1210/1210/1210 1205/1205/1205 1209/1209/1209
f 1207/1207/1207 1206/1206/1206 1211/1211/1211
f 1211/1211/1211 1206/1206/1206 1210/1210/1210
f 1203/1203/1203 1207/1207/1207 1212/1212/1212
f 1208/1208/1208 1203/1203/1203 1212/1212/1212
f 1212/1212/1212 1207/1207/1207 1211/1211/1211
f 1209/1209/1209 1208/1208/1208 1213/1213/1213
f 1210/1210/1210 1209/1209/1209 1214/1214/1214
f 1214/1214/1214 1209/1209/1209 1213/1213/1213
f 1211/1211/1211 1210/1210/1210 1215/1215/1215
f 1215/1215/1215 1210/1210/1210 1214/1214/1214
f 1212/1212/1212 1211/1211/1211 1216/1216/1216
f 1216/1216/1216 1211/1211/1211 1215/1215/1215
f 1208/1208/1208 1212/1212/1212 1217/1217/1217
f 1213/1213/1213 1208/1208/1208 1217/1217/1217
f 1217/1217/1217 1212/1212/1212 1216/1216/1216
f 1214/1214/1214 1213/1213/1213 1218/1218/1218
f 1215/1215/1215 1214/1214/1214 1219/1219/1219
f 1219/1219/1219 1214/1214/1214 1218/1218/1218
f 1216/1216/1216 1215/1215/1215 1220/1220/1220
f 1220/1220/1220 1215/1215/1215 1219/1219/1219
f 1217/1217/1217 1216/1216/1216 1221/1221/1221
f 1221/1221/1221 1216/1216/1216 1220/1220/1220
f 1213/1213/1213 1217/1217/1217 1222/1222/1222
f 1218/1218/1218 1213/1213/1213 1222/1222/1222
f 1222/1222/1222 1217/1217/1217 1221/1221/1221
f 1219/1219/1219 1218/1218/1218 1223/1223/1223
f 1220/1220/1220 1219/1219/1219 1224/1224/1224
f 1224/1224/1224 1219/1219/1219 1223/1223/1223
f 1221/1221/1221 1220/1220/1220 1225/1225/1225
f 1225/1225/1225 1220/1220/1220 1224/1224/1224
f 1222/1222/1222 1221/1221/1221 1226/1226/1226
f 1226/1226/1226 1221/1221/1221 1225/1225/1225
f 1218/1218/1218 1222/1222/1222 1227/1227/1227
f 1223/1223/1223 1218/1218/1218 1227/1227/1227
f 1227/1227/1227 1222/1222/1222 1226/1226/1226
f 1224/1224/1224 1223/1223/1223 1228/1228/1228
f 1225/1225/1225 1224/1224/1224 1229/1229/1229
f 1229/1229/1229 1224/1224/1224 1228/1228/1228
f 1226/1226/1226 1225/1225/1225 1230/1230/1230
f 1230/1230/1230 1225/1225/1225 1229/1229/1229
f 1227/1227/1227 1226/1226/1226 1231/1231/1231
f 1231/1231/1231 1226/1226/1226 1230/1230/1230
f 1223/1223/1223 1227/1227/1227 1232/1232/1232
f 1228/1228/1228 1223/1223/1223 1232/1232/1232
f 1232/1232/1232 1227/1227/1227 1231/1231/1231
f 1229/1229/1229 1228/1228/1228 1233/1233/1233
f 1230/1230/1230 1229/1229/1229 1234/1234/1234
f 1234/1234/1234 1229/1229/1229 1233/1233/1233
f 1231/1231/1231 1230/1230/1230 1235/1235/1235
f 1235/1235/1235 1230/1230/1230 1234/1234/1234
f 1232/1232/1232 1231/1231/1231 1236/1236/1236
f 1236/1236/1236 1231/1231/1231 1235/1235/1235
f 1228/1228/1228 1232/1232/1232 1237/1237/1237
f 1233/1233/1233 1228/1228/1228 1237/1237/1237
f 1237/1237/1237 1232/1232/1232 1236/1236/1236
f 1234/1234/1234 1233/1233/1233 1238/1238/1238
f 1235/1235/1235 1234/1234/1234 1239/1239/1239
f 1239/1239/1239 1234/1234/1234 1238/1238/1238
f 1236/1236/1236 1235/1235/1235 1240/1240/1240
f 1240/1240/1240 1235/1235/1235 1239/1239/1239
f 1237/1237/1237 1236/1236/1236 1241/1241/1241
f 1241/1241/1241 1236/1236/1236 1240/1240/1240
f 1233/1233/1233 1237/1237/1237 1242/1242/1242
f 1238/1238/1238 1233/1233/1233 1242/1242/1242
f 1242/1242/1242 1237/1237/1237 1241/1241/1241
f 1239/1239/1239 1238/1238/1238 1243/1243/1243
f 1240/1240/1240 1239/1239/1239 1244/1244/1244
f 1244/1244/1244 1239/1239/1239 1243/1243/1243
f 1241/1241/1241 1240/1240/1240 1245/1245/1245
f 1245/1245/1245 1240/1240/1240 1244/1244/1244
f 1242/1242/1242 1241/1241/1241 1246/1246/1246
f 1246/1246/1246 1241/1241/1241 1245/1245/1245
f 1238/1238/1238 1242/1242/1242 1247/1247/1247
f 1243/1243/1243 1238/1238/1238 1247/1247/1247
f 1247/1247/1247 1242/1242/1242 1246/1246/1246
f 1244/1244/1244 1243/1243/1243 1248/1248/1248
f 1245/1245/1245 1244/1244/1244 1249/1249/1249
f 1249/1249/1249 1244/1244/1244 1248/1248/1248
f 1246/1246/1246 1245/1245/1245 1250/1250/1250
f 1250/1250/1250 1245/1245/1245 1249/1249/1249
f 1247/1247/1247 1246/1246/1246 1251/1251/1251
f 1251/1251/1251 1246/1246/1246 1250/1250/1250
f 1243/1243/1243 1247/1247/1247 1252/1252/1252
f 1248/1248/1248 1243/1243/1243 1252/1252/1252
f 1252/1252/1252 1247/1247/1247 1251/1251/1251
f 1249/1249/1249 1248/1248/1248 1253/1253/1253
f 1250/1250/1250 1249/1249/1249 1254/1254/1254
f 1254/1254/1254 1249/1249/1249 1253/1253/1253
f 1251/1251/1251 1250/1250/1250 1255/1255/1255
f 1255/1255/1255 1250/1250/1250 1254/1254/1254
f 1252/1252/1252 1251/1251/1251 1256/1256/1256
f 1256/1256/1256 1251/1251/1251 1255/1255/1255
f 1248/1248/1248 1252/1252/1252 1257/1257/1257
f 1253/1253/1253 1248/1248/1248 1257/1257/1257
f 1257/1257/1257 1252/1252/1252 1256/1256/1256
f 1254/1254/1254 1253/1253/1253 1258/1258/1258
f 1255/1255/1255 1254/1254/1254 1259/1259/1259
f 1259/1259/1259 1254/1254/1254 1258/1258/1258
f 1256/1256/1256 1255/1255/1255 1260/1260/1260
f 1260/1260/1260 1255/1255/1255 1259/1259/1259
f 1257/1257/1257 1256/1256/1256 1261/1261/1261
f 1261/1261/1261 1256/1256/1256 1260/1260/1260
f 1253/1253/1253 1257/1257/1257 1262/1262/1262
f 1258/1258/1258 1253/1253/1253 1262/1262/1262
f 1262/1262/1262 1257/1257/1257 1261/1261/1261
f 1259/1259/1259 1258/1258/1258 1263/1263/1263
f 1260/1260/1260 1259/1259/1259 1264/1264/1264
f 1264/1264/1264 1259/1259/1259 1263/1263/1263
f 1261/1261/1261 1260/1260/1260 1265/1265/1265
f 1265/1265/1265 1260/1260/1260 1264/1264/1264
f 1262/1262/1262 1261/1261/1261 1266/1266/1266
f 1266/1266/1266 1261/1261/1261 1265/1265/1265
f 1258/1258/1258 1262/1262/1262 1267/1267/1267
f 1263/1263/1263 1258/1258/1258 1267/1267/1267
f 1267/1267/1267 1262/1262/1262 1266/1266/1266
f 1264/1264/1264 1263/1263/1263 1268/1268/1268
f 1265/1265/1265 1264/1264/1264 1269/1269/1269
f 1269/1269/1269 1264/1264/1264 1268/1268/1268
f 1266/1266/1266 1265/1265/1265 1270/1270/1270
f 1270/1270/1270 1265/1265/1265 1269/1269/1269
f 1267/1267/1267 1266/1266/1266 1271/1271/1271
f 1271/1271/1271 1266/1266/1266 1270/1270/1270
f 1263/1263/1263 1267/1267/1267 1272/1272/1272
f 1268/1268/1268 1263/1263/1263 1272/1272/1272
f 1272/1272/1272 1267/1267/1267 1271/1271/1271
f 1269/1269/1269 1268/1268/1268 1273/1273/1273
f 1270/1270/1270 1269/1269/1269 1274/1274/1274
f 1274/1274/1274 1269/1269/1269 1273/1273/1273
f 1271/1271/1271 1270/1270/1270 1275/1275/1275
f 1275/1275/1275 1270/1270/1270 1274/1274/1274
f 1272/1272/1272 1271/1271/1271 1276/1276/1276
f 1276/1276/1276 1271/1271/1271 1275/1275/1275
f 1268/1268/1268 1272/1272/1272 1277/1277/1277
f 1273/1273/1273 1268/1268/1268 1277/1277/1277
f 1277/1277/1277 1272/1272/1272 1276/1276/1276
f 1274/1274/1274 1273/1273/1273 1278/1278/1278
f 1275/1275/1275 1274/1274/1274 1279/1279/1279
f 1279/1279/1279 1274/1274/1274 1278/1278/1278
f 1276/1276/1276 1275/1275/1275 1280/1280/1280
f 1280/1280/1280 1275/1275/1275 1279/1279/1279
f 1277/1277/1277 1276/1276/1276 1281/1281/1281
f 1281/1281/1281 1276/1276/1276 1280/1280/1280
f 1273/1273/1273 1277/1277/1277 1282/1282/1282
f 1278/1278/1278 1273/1273/1273 1282/1282/1282
f 1282/1282/1282 1277/1277/1277 1281/1281/1281
f 1279/1279/1279 1278/1278/1278 1283/1283/1283
f 1280/1280/1280 1279/1279/1279 1284/1284/1284
f 1284/1284/1284 1279/1279/1279 1283/1283/1283
f 1281/1281/1281 1280/1280/1280 1285/1285/1285
f 1285/1285/1285 1280/1280/1280 1284/1284/1284
f 1282/1282/1282 1281/1281/1281 1286/1286/1286
f 1286/1286/1286 1281/1281/1281 1285/1285/1285
f 1278/1278/1278 1282/1282/1282 1287/1287/1287
f 1283/1283/1283 1278/1278/1278 1287/1287/1287
f 1287/1287/1287 1282/1282/1282 1286/1286/1286
f 1284/1284/1284 1283/1283/1283 1288/1288/1288
f 1285/1285/1285 1284/1284/1284 1289/1289/1289
f 1289/1289/1289 1284/1284/1284 1288/1288/1288
f 1286/1286/1286 1285/1285/1285 1290/1290/1290
f 1290/1290/1290 1285/1285/1285 1289/1289/1289
f 1287/1287/1287 1286/1286/1286 1291/1291/1291
f 1291/1291/1291 1286/1286/1286 1290/1290/1290
f 1283/1283/1283 1287/1287/1287 1292/1292/1292
f 1288/1288/1288 1283/1283/1283 1292/1292/1292
f 1292/1292/1292 1287/1287/1287 1291/1291/1291
f 1289/1289/1289 1288/1288/1288 1293/1293/1293
f 1290/1290/1290 1289/1289/1289 1294/1294/1294
f 1294/1294/1294 1289/1289/1289 1293/1293/1293
f 1291/1291/1291 1290/1290/1290 1295/1295/1295
f 1295/1295/1295 1290/1290/1290 1294/1294/1294
f 1292/1292/1292 1291/1291/1291 1296/1296/1296
f 1296/1296/1296 1291/1291/1291 1295/1295/1295
f 1288/1288/1288 1292/1292/1292 1297/1297/1297
f 1293/1293/1293 1288/1288/1288 1297/1297/1297
f 1297/1297/1297 1292/1292/1292 1296/1296/1296
f 1294/1294/1294 1293/1293/1293 1298/1298/1298
f 1295/1295/1295 1294/1294/1294 1299/1299/1299
f 1299/1299/1299 1294/1294/1294 1298/1298/1298
f 1296/1296/1296 1295/1295/1295 1300/1300/1300
f 1300/1300/1300 1295/1295/1295 1299/1299/1299
f 1297/1297/1297 1296/1296/1296 1301/1301/1301
f 1301/1301/1301 1296/1296/1296 1300/1300/1300
f 1293/1293/1293 1297/1297/1297 1302/1302/1302
f 1298/1298/1298 1293/1293/1293 1302/1302/1302
f 1302/1302/1302 1297/1297/1297 1301/1301/1301
f 1299/1299/1299 1298/1298/1298 1303/1303/1303
f 1300/1300/1300 1299/1299/1299 1304/1304/1304
f 1304/1304/1304 1299/1299/1299 1303/1303/1303
f 1301/1301/1301 1300/1300/1300 1305/1305/1305
f 1305/1305/1305 1300/1300/1300 1304/1304/1304
f 1302/1302/1302 1301/1301/1301 1306/1306/1306
f 1306/1306/1306 1301/1301/1301 1305/1305/1305
f 1298/1298/1298 1302/1302/1302 1307/1307/1307
f 1303/1303/1303 1298/1298/1298 1307/1307/1307
f 1307/1307/1307 1302/1302/1302 1306/1306/1306
f 1304/1304/1304 1303/1303/1303 1308/1308/1308
f 1305/1305/1305 1304/1304/1304 1309/1309/1309
f 1309/1309/1309 1304/1304/1304 1308/1308/1308
f 1306/1306/1306 1305/1305/1305 1310/1310/1310
f 1310/1310/1310 1305/1305/1305 1309/1309/1309
f 1307/1307/1307 1306/1306/1306 1311/1311/1311
f 1311/1311/1311 1306/1306/1306 1310/1310/1310
f 1303/1303/1303 1307/1307/1307 1312/1312/1312
f 1308/1308/1308 1303/1303/1303 1312/1312/1312
f 1312/1312/1312 1307/1307/1307 1311/1311/1311
f 1309/1309/1309 1308/1308/1308 1313/1313/1313
f 1310/1310/1310 1309/1309/1309 1314/1314/1314
f 1314/1314/1314 1309/1309/1309 1313/1313/1313
f 1311/1311/1311 1310/1310/1310 1315/1315/1315
f 1315/1315/1315 1310/1310/1310 1314/1314/1314
f 1312/1312/1312 1311/1311/1311 1316/1316/1316
f 1316/1316/1316 1311/1311/1311 1315/1315/1315
f 1308/1308/1308 1312/1312/1312 1317/1317/1317
f 1313/1313/1313 1308/1308/1308 1317/1317/1317
f 1317/1317/1317 1312/1312/1312 1316/1316/1316
f 1314/1314/1314 1313/1313/1313 1318/1318/1318
f 1315/1315/1315 1314/1314/1314 1319/1319/1319
f 1319/1319/1319 1314/1314/1314 1318/1318/1318
f 1316/1316/1316 1315/1315/1315 1320/1320/1320
f 1320/1320/1320 1315/1315/1315 1319/1319/1319
f 1317/1317/1317 1316/1316/1316 1321/1321/1321
f 1321/1321/1321 1316/1316/1316 1320/1320/1320
f 1313/1313/1313 1317/1317/1317 1322/1322/1322
f 1318/1318/1318 1313/1313/1313 1322/1322/1322
f 1322/1322/1322 1317/1317/1317 1321/1321/1321
f 1319/1319/1319 1318/1318/1318 1323/1323/1323
f 1320/1320/1320 1319/1319/1319 1324/1324/1324
f 1324/1324/1324 1319/1319/1319 1323/1323/1323
f 1321/1321/1321 1320/1320/1320 1325/1325/1325
f 1325/1325/1325 1320/1320/1320 1324/1324/1324
f 1322/1322/1322 1321/1321/1321 1326/1326/1326
f 1326/1326/1326 1321/1321/1321 1325/1325/1325
f 1318/1318/1318 1322/1322/1322 1327/1327/1327
f 1323/1323/1323 1318/1318/1318 1327/1327/1327
f 1327/1327/1327 1322/1322/1322 1326/1326/1326
f 1324/1324/1324 1323/1323/1323 1328/1328/1328
f 1325/1325/1325 1324/1324/1324 1329/1329/1329
f 1329/1329/1329 1324/1324/1324 1328/1328/1328
f 1326/1326/1326 1325/1325/1325 1330/1330/1330
f 1330/1330/1330 1325/1325/1325 1329/1329/1329
f 1327/1327/1327 1326/1326/1326 1331/1331/1331
f 1331/1331/1331 1326/1326/1326 1330/1330/1330
f 1323/1323/1323 1327/1327/1327 1332/1332/1332
f 1328/1328/1328 1323/1323/1323 1332/1332/1332
f 1332/1332/1332 1327/1327/1327 1331/1331/1331
f 1329/1329/1329 1328/1328/1328 1333/1333/1333
f 1330/1330/1330 1329/1329/1329 1334/1334/1334
f 1334/1334/1334 1329/1329/1329 1333/1333/1333
f 1331/1331/1331 1330/1330/1330 1335/1335/1335
f 1335/1335/1335 1330/1330/1330 1334/1334/1334
f 1332/1332/1332 1331/1331/1331 1336/1336/1336
f 1336/1336/1336 1331/1331/1331 1335/1335/1335
f 1328/1328/1328 1332/1332/1332 1337/1337/1337
f 1333/1333/1333 1328/1328/1328 1337/1337/1337
f 1337/1337/1337 1332/1332/1332 1336/1336/1336
f 1334/1334/1334 1333/1333/1333 1338/1338/1338
f 1335/1335/1335 1334/1334/1334 1339/1339/1339
f 1339/1339/1339 1334/1334/1334 1338/1338/1338
f 1336/1336/1336 1335/1335/1335 1340/1340/1340
f 1340/1340/1340 1335/1335/1335 1339/1339/1339
f 1337/1337/1337 1336/1336/1336 1341/1341/1341
f 1341/1341/1341 1336/1336/1336 1340/1340/1340
f 1333/1333/1333 1337/1337/1337 1342/1342/1342
f 1338/1338/1338 1333/1333/1333 1342/1342/1342
f 1342/1342/1342 1337/1337/1337 1341/1341/1341
f 1339/1339/1339 1338/1338/1338 1343/1343/1343
f 1340/1340/1340 1339/1339/1339 1344/1344/1344
f 1344/1344/1344 1339/1339/1339 1343/1343/1343
f 1341/1341/1341 1340/1340/1340 1345/1345/1345
f 1345/1345/1345 1340/1340/1340 1344/1344/1344
f 1342/1342/1342 1341/1341/1341 1346/1346/1346
f 1346/1346/1346 1341/1341/1341 1345/1345/1345
f 1338/1338/1338 1342/1342/1342 1347/1347/1347
f 1343/1343/1343 1338/1338/1338 1347/1347/1347
f 1347/1347/1347 1342/1342/1342 1346/1346/1346
f 1344/1344/1344 1343/1343/1343 1348/1348/1348
f 1345/1345/1345 1344/1344/1344 1349/1349/1349
f 1349/1349/1349 1344/1344/1344 1348/1348/1348
f 1346/1346/1346 1345/1345/1345 1350/1350/1350
f 1350/1350/1350 1345/1345/1345 1349/1349/1349
f 1347/1347/1347 1346/1346/1346 1351/1351/1351
f 1351/1351/1351 1346/1346/1346 1350/1350/1350
f 1343/1343/1343 1347/1347/1347 1352/1352/1352
f 1348/1348/1348 1343/1343/1343 1352/1352/1352
f 1352/1352/1352 1347/1347/1347 1351/1351/1351
f 1349/1349/1349 1348/1348/1348 1353/1353/1353
f 1350/1350/1350 1349/1349/1349 1354/1354/1354
f 1354/1354/1354 1349/1349/1349 1353/1353/1353
f 1351/1351/1351 1350/1350/1350 1355/1355/1355
f 1355/1355/1355 1350/1350/1350 1354/1354/1354
f 1352/1352/1352 1351/1351/1351 1356/1356/1356
f 1356/1356/1356 1351/1351/1351 1355/1355/1355
f 1348/1348/1348 1352/1352/1352 1357/1357/1357
f 1353/1353/1353 1348/1348/1348 1357/1357/1357
f 1357/1357/1357 1352/1352/1352 1356/1356/1356
f 1354/1354/1354 1353/1353/1353 1358/1358/1358
f 1355/1355/1355 1354/1354/1354 1359/1359/1359
f 1359/1359/1359 1354/1354/1354 1358/1358/1358
f 1356/1356/1356 1355/1355/1355 1360/1360/1360
f 1360/1360/1360 1355/1355/1355 1359/1359/1359
f 1357/1357/1357 1356/1356/1356 1361/1361/1361
f 1361/1361/1361 1356/1356/1356 1360/1360/1360
f 1353/1353/1353 1357/1357/1357 1362/1362/1362
f 1358/1358/1358 1353/1353/1353 1362/1362/1362
f 1362/1362/1362 1357/1357/1357 1361/1361/1361
f 1359/1359/1359 1358/1358/1358 1363/1363/1363
f 1360/1360/1360 1359/1359/1359 1364/1364/1364
f 1364/1364/1364 1359/1359/1359 1363/1363/1363
f 1361/1361/1361 1360/1360/1360 1365/1365/1365
f 1365/1365/1365 1360/1360/1360 1364/1364/1364
f 1362/1362/1362 1361/1361/1361 1366/1366/1366
f 1366/1366/1366 1361/1361/1361 1365/1365/1365
f 1358/1358/1358 1362/1362/1362 1367/1367/1367
f 1363/1363/1363 1358/1358/1358 1367/1367/1367
f 1367/1367/1367 1362/1362/1362 1366/1366/1366
f 1364/1364/1364 1363/1363/1363 1368/1368/1368
f 1365/1365/1365 1364/1364/1364 1369/1369/1369
f 1369/1369/1369 1364/1364/1364 1368/1368/1368
f 1366/1366/1366 1365/1365/1365 1370/1370/1370
f 1370/1370/1370 1365/1365/1365 1369/1369/1369
f 1367/1367/1367 1366/1366/1366 1371/1371/1371
f 1371/1371/1371 1366/1366/1366 1370/1370/1370
f 1363/1363/1363 1367/1367/1367 1372/1372/1372
f 1368/1368/1368 1363/1363/1363 1372/1372/1372
f 1372/1372/1372 1367/1367/1367 1371/1371/1371
f 1369/1369/1369 1368/1368/1368 1373/1373/1373
f 1370/1370/1370 1369/1369/1369 1374/1374/1374
f 1374/1374/1374 1369/1369/1369 1373/1373/1373
f 1371/1371/1371 1370/1370/1370 1375/1375/1375
f 1375/1375/1375 1370/1370/1370 1374/1374/1374
f 1372/1372/1372 1371/1371/1371 1376/1376/1376
f 1376/1376/1376 1371/1371/1371 1375/1375/1375
f 1368/1368/1368 1372/1372/1372 1377/1377/1377
f 1373/1373/1373 1368/1368/1368 1377/1377/1377
f 1377/1377/1377 1372/1372/1372 1376/1376/1376
f 1374/1374/1374 1373/1373/1373 1378/1378/1378
f 1375/1375/1375 1374/1374/1374 1379/1379/1379
f 1379/1379/1379 1374/1374/1374 1378/1378/1378
f 1376/1376/1376 1375/1375/1375 1380/1380/1380
f 1380/1380/1380 1375/1375/1375 1379/1379/1379
f 1377/1377/1377 1376/1376/1376 1381/1381/1381
f 1381/1381/1381 1376/1376/1376 1380/1380/1380
f 1373/1373/1373 1377/1377/1377 1382/1382/1382
f 1378/1378/1378 1373/1373/1373 1382/1382/1382
f 1382/1382/1382 1377/1377/1377 1381/1381/1381
f 1379/1379/1379 1378/1378/1378 1383/1383/1383
f 1380/1380/1380 1379/1379/1379 1384/1384/1384
f 1384/1384/1384 1379/1379/1379 1383/1383/1383
f 1381/1381/1381 1380/1380/1380 1385/1385/1385
f 1385/1385/1385 1380/1380/1380 1384/1384/1384
f 1382/1382/1382 1381/1381/1381 1386/1386/1386
f 1386/1386/1386 1381/1381/1381 1385/1385/1385
f 1378/1378/1378 1382/1382/1382 1387/1387/1387
f 1383/1383/1383 1378/1378/1378 1387/1387/1387
f 1387/1387/1387 1382/1382/1382 1386/1386/1386
f 1384/1384/1384 1383/1383/1383 1388/1388/1388
f 1385/1385/1385 1384/1384/1384 1389/1389/1389
f 1389/1389/1389 1384/1384/1384 1388/1388/1388
f 1386/1386/1386 1385/1385/1385 1390/1390/1390
f 1390/1390/1390 1385/1385/1385 1389/1389/1389
f 1387/1387/1387 1386/1386/1386 1391/1391/1391
f 1391/1391/1391 1386/1386/1386 1390/1390/1390
f 1383/1383/1383 1387/1387/1387 1392/1392/1392
f 1388/1388/1388 1383/1383/1383 1392/1392/1392
f 1392/1392/1392 1387/1387/1387 1391/1391/1391
f 1389/1389/1389 1388/1388/1388 1393/1393/1393
f 1390/1390/1390 1389/1389/1389 1394/1394/1394
f 1394/1394/1394 1389/1389/1389 1393/1393/1393
f 1391/1391/1391 1390/1390/1390 1395/1395/1395
f 1395/1395/1395 1390/1390/1390 1394/1394/1394
f 1392/1392/1392 1391/1391/1391 1396/1396/1396
f 1396/1396/1396 1391/1391/1391 1395/1395/1395
f 1388/1388/1388 1392/1392/1392 1397/1397/1397
f 1393/1393/1393 1388/1388/1388 1397/1397/1397
f 1397/1397/1397 1392/1392/1392 1396/1396/1396
f 1394/1394/1394 1393/1393/1393 1398/1398/1398
f 1395/1395/1395 1394/1394/1394 1399/1399/1399
f 1399/1399/1399 1394/1394/1394 1398/1398/1398
f 1396/1396/1396 1395/1395/1395 1400/1400/1400
f 1400/1400/1400 1395/1395/1395 1399/1399/1399
f 1397/1397/1397 1396/1396/1396 1401/1401/1401
f 1401/1401/1401 1396/1396/1396 1400/1400/1400
f 1393/1393/1393 1397/1397/1397 1402/1402/1402
f 1398/1398/1398 1393/1393/1393 1402/1402/1402
f 1402/1402/1402 1397/1397/1397 1401/1401/1401
f 1399/1399/1399 1398/1398/1398 1403/1403/1403
f 1400/1400/1400 1399/1399/1399 1404/1404/1404
f 1404/1404/1404 1399/1399/1399 1403/1403/1403
f 1401/1401/1401 1400/1400/1400 1405/1405/1405
f 1405/1405/1405 1400/1400/1400 1404/1404/1404
f 1402/1402/1402 1401/1401/1401 1406/1406/1406
f 1406/1406/1406 1401/1401/1401 1405/1405/1405
f 1398/1398/1398 1402/1402/1402 1407/1407/1407
f 1403/1403/1403 1398/1398/1398 1407/1407/1407
f 1407/1407/1407 1402/1402/1402 1406/1406/1406
f 1404/1404/1404 1403/1403/1403 1408/1408/1408
f 1405/1405/1405 1404/1404/1404 1409/1409/1409
f 1409/1409/1409 1404/1404/1404 1408/1408/1408
f 1406/1406/1406 1405/1405/1405 1410/1410/1410
f 1410/1410/1410 1405/1405/1405 1409/1409/1409
f 1407/1407/1407 1406/1406/1406 1411/1411/1411
f 1411/1411/1411 1406/1406/1406 1410/1410/1410
f 1403/1403/1403 1407/1407/1407 1412/1412/1412
f 1408/1408/1408 1403/1403/1403 1412/1412/1412
f 1412/1412/1412 1407/1407/1407 1411/1411/1411
f 1409/1409/1409 1408/1408/1408 1413/1413/1413
f 1410/1410/1410 1409/1409/1409 1414/1414/1414
f 1414/1414/1414 1409/1409/1409 1413/1413/1413
f 1411/1411/1411 1410/1410/1410 1415/1415/1415
f 1415/1415/1415 1410/1410/1410 1414/1414/1414
f 1412/1412/1412 1411/1411/1411 1416/1416/1416
f 1416/1416/1416 1411/1411/1411 1415/1415/1415
f 1408/1408/1408 1412/1412/1412 1417/1417/1417
f 1413/1413/1413 1408/1408/1408 1417/1417/1417
f 1417/1417/1417 1412/1412/1412 1416/1416/1416
f 1414/1414/1414 1413/1413/1413 1418/1418/1418
f 1415/1415/1415 1414/1414/1414 1419/1419/1419
f 1419/1419/1419 1414/1414/1414 1418/1418/1418
f 1416/1416/1416 1415/1415/1415 1420/1420/1420
f 1420/1420/1420 1415/1415/1415 1419/1419/1419
f 1417/1417/1417 1416/1416/1416 1421/1421/1421
f 1421/1421/1421 1416/1416/1416 1420/1420/1420
f 1413/1413/1413 1417/1417/1417 1422/1422/1422
f 1418/1418/1418 1413/1413/1413 1422/1422/1422
f 1422/1422/1422 1417/1417/1417 1421/1421/1421
f 1419/1419/1419 1418/1418/1418 1423/1423/1423
f 1420/1420/1420 1419/1419/1419 1424/1424/1424
f 1424/1424/1424 1419/1419/1419 1423/1423/1423
f 1421/1421/1421 1420/1420/1420 1425/1425/1425
f 1425/1425/1425 1420/1420/1420 1424/1424/1424
f 1422/1422/1422 1421/1421/1421 1426/1426/1426
f 1426/1426/1426 1421/1421/1421 1425/1425/1425
f 1418/1418/1418 1422/1422/1422 1427/1427/1427
f 1423/1423/1423 1418/1418/1418 1427/1427/1427
f 1427/1427/1427 1422/1422/1422 1426/1426/1426
f 1424/1424/1424 1423/1423/1423 1428/1428/1428
f 1429/1429/1429 1424/1424/1424 1428/1428/1428
f 1425/1425/1425 1424/1424/1424 1429/1429/1429
f 1428/1428/1428 1423/1423/1423 1430/1430/1430
f 1423/1423/1423 1427/1427/1427 1430/1430/1430
f 1431/1431/1431 1425/1425/1425 1429/1429/1429
f 1426/1426/1426 1425/1425/1425 1431/1431/1431
f 1430/1430/1430 1427/1427/1427 1432/1432/1432
f 1432/1432/1432 1426/1426/1426 1431/1431/1431
f 1427/1427/1427 1426/1426/1426 1432/1432/1432
f 1435/1435/1435 1434/1434/1434 1433/1433/1433
f 1436/1436/1436 1434/1434/1434 1435/1435/1435
f 1437/1437/1437 1434/1434/1434 1436/1436/1436
f 1440/1440/1440 1439/1439/1439 1438/1438/1438
f 1441/1441/1441 1439/1439/1439 1440/1440/1440
f 1442/1442/1442 1439/1439/1439 1441/1441/1441
f 1445/1445/1445 1444/1444/1444 1443/1443/1443
f 1446/1446/1446 1444/1444/1444 1445/1445/1445
f 1447/1447/1447 1444/1444/1444 1446/1446/1446
f 1450/1450/1450 1449/1449/1449 1448/1448/1448
f 1451/1451/1451 1449/1449/1449 1450/1450/1450
f 1452/1452/1452 1449/1449/1449 1451/1451/1451
f 1455/1455/1455 1454/1454/1454 1453/1453/1453
f 1456/1456/1456 1454/1454/1454 1455/1455/1455
f 1457/1457/1457 1454/1454/1454 1456/1456/1456
f 1460/1460/1460 1459/1459/1459 1458/1458/1458
f 1461/1461/1461 1459/1459/1459 1460/1460/1460
f 1462/1462/1462 1459/1459/1459 1461/1461/1461
f 1465/1465/1465 1464/1464/1464 1463/1463/1463
f 1466/1466/1466 1464/1464/1464 1465/1465/1465
f 1467/1467/1467 1464/1464/1464 1466/1466/1466
f 1470/1470/1470 1469/1469/1469 1468/1468/1468
f 1471/1471/1471 1469/1469/1469 1470/1470/1470
f 1472/1472/1472 1469/1469/1469 1471/1471/1471
f 1475/1475/1475 1474/1474/1474 1473/1473/1473
f 1476/1476/1476 1474/1474/1474 1475/1475/1475
f 1477/1477/1477 1474/1474/1474 1476/1476/1476
f 1480/1480/1480 1479/1479/1479 1478/1478/1478
f 1481/1481/1481 1479/1479/1479 1480/1480/1480
f 1482/1482/1482 1479/1479/1479 1481/1481/1481
f 1485/1485/1485 1484/1484/1484 1483/1483/1483
f 1486/1486/1486 1484/1484/1484 1485/1485/1485
f 1487/1487/1487 1484/1484/1484 1486/1486/1486
f 1490/1490/1490 1489/1489/1489 1488/1488/1488
f 1491/1491/1491 1489/1489/1489 1490/1490/1490
f 1492/1492/1492 1489/1489/1489 1491/1491/1491
f 1495/1495/1495 1494/1494/1494 1493/1493/1493
f 1496/1496/1496 1494/1494/1494 1495/1495/1495
f 1497/1497/1497 1494/1494/1494 1496/1496/1496
f 1500/1500/1500 1499/1499/1499 1498/1498/1498
f 1501/1501/1501 1499/1499/1499 1500/1500/1500
f 1502/1502/1502 1499/1499/1499 1501/1501/1501
f 1505/1505/1505 1504/1504/1504 1503/1503/1503
f 1506/1506/1506 1504/1504/1504 1505/1505/1505
f 1507/1507/1507 1504/1504/1504 1506/1506/1506
f 1510/1510/1510 1509/1509/1509 1508/1508/1508
f 1511/1511/1511 1509/1509/1509 1510/1510/1510
f 1512/1512/1512 1509/1509/1509 1511/1511/1511
f 1515/1515/1515 1514/1514/1514 1513/1513/1513
f 1516/1516/1516 1514/1514/1514 1515/1515/1515
f 1517/1517/1517 1514/1514/1514 1516/1516/1516
f 1520/1520/1520 1519/1519/1519 1518/1518/1518
f 1521/1521/1521 1519/1519/1519 1520/1520/1520
f 1522/1522/1522 1519/1519/1519 1521/1521/1521
f 1525/1525/1525 1524/1524/1524 1523/1523/1523
f 1526/1526/1526 1524/1524/1524 1525/1525/1525
f 1527/1527/1527 1524/1524/1524 1526/1526/1526
f 1530/1530/1530 1529/1529/1529 1528/1528/1528
f 1531/1531/1531 1529/1529/1529 1530/1530/1530
f 1532/1532/1532 1529/1529/1529 1531/1531/1531
f 1535/1535/1535 1534/1534/1534 1533/1533/1533
f 1536/1536/1536 1534/1534/1534 1535/1535/1535
f 1537/1537/1537 1534/1534/1534 1536/1536/1536
f 1540/1540/1540 1539/1539/1539 1538/1538/1538
f 1541/1541/1541 1539/1539/1539 1540/1540/1540
f 1542/1542/1542 1539/1539/1539 1541/1541/1541
f 1545/1545/1545 1544/1544/1544 1543/1543/1543
f 1546/1546/1546 1544/1544/1544 1545/1545/1545
f 1547/1547/1547 1544/1544/1544 1546/1546/1546
f 1550/1550/1550 1549/1549/1549 1548/1548/1548
f 1551/1551/1551 1549/1549/1549 1550/1550/1550
f 1552/1552/1552 1549/1549/1549 1551/1551/1551
f 1555/1555/1555 1554/1554/1554 1553/1553/1553
f 1556/1556/1556 1554/1554/1554 1555/1555/1555
f 1557/1557/1557 1554/1554/1554 1556/1556/1556
f 1560/1560/1560 1559/1559/1559 1558/1558/1558
f 1561/1561/1561 1559/1559/1559 1560/1560/1560
f 1562/1562/1562 1559/1559/1559 1561/1561/1561
f 1565/1565/1565 1564/1564/1564 1563/1563/1563
f 1566/1566/1566 1564/1564/1564 1565/1565/1565
f 1567/1567/1567 1564/1564/1564 1566/1566/1566
f 1570/1570/1570 1569/1569/1569 1568/1568/1568
f 1571/1571/1571 1569/1569/1569 1570/1570/1570
f 1572/1572/1572 1569/1569/1569 1571/1571/1571
f 1575/1575/1575 1574/1574/1574 1573/1573/1573
f 1576/1576/1576 1574/1574/1574 1575/1575/1575
f 1577/1577/1577 1574/1574/1574 1576/1576/1576
f 1580/1580/1580 1579/1579/1579 1578/1578/1578
f 1581/1581/1581 1579/1579/1579 1580/1580/1580
f 1582/1582/1582 1579/1579/1579 1581/1581/1581
f 1585/1585/1585 1584/1584/1584 1583/1583/1583
f 1586/1586/1586 1584/1584/1584 1585/1585/1585
f 1587/1587/1587 1584/1584/1584 1586/1586/1586
f 1590/1590/1590 1589/1589/1589 1588/1588/1588
f 1591/1591/1591 1589/1589/1589 1590/1590/1590
f 1592/1592/1592 1589/1589/1589 1591/1591/1591
f 1595/1595/1595 1594/1594/1594 1593/1593/1593
f 1596/1596/1596 1594/1594/1594 1595/1595/1595
f 1597/1597/1597 1594/1594/1594 1596/1596/1596
f 1600/1600/1600 1599/1599/1599 1598/1598/1598
f 1601/1601/1601 1599/1599/1599 1600/1600/1600
f 1602/1602/1602 1599/1599/1599 1601/1601/1601
f 1605/1605/1605 1604/1604/1604 1603/1603/1603
f 1606/1606/1606 1604/1604/1604 1605/1605/1605
f 1607/1607/1607 1604/1604/1604 1606/1606/1606
f 1610/1610/1610 1609/1609/1609 1608/1608/1608
f 1611/1611/1611 1609/1609/1609 1610/1610/1610
f 1612/1612/1612 1609/1609/1609 1611/1611/1611
f 1615/1615/1615 1614/1614/1614 1613/1613/1613
f 1616/1616/1616 1614/1614/1614 1615/1615/1615
f 1617/1617/1617 1614/1614/1614 1616/1616/1616
f 1620/1620/1620 1619/1619/1619 1618/1618/1618
f 1621/1621/1621 1619/1619/1619 1620/1620/1620
f 1622/1622/1622 1619/1619/1619 1621/1621/1621
f 1625/1625/1625 1624/1624/1624 1623/1623/1623
f 1626/1626/1626 1624/1624/1624 1625/1625/1625
f 1627/1627/1627 1624/1624/1624 1626/1626/1626
f 1630/1630/1630 1629/1629/1629 1628/1628/1628
f 1631/1631/1631 1629/1629/1629 1630/1630/1630
f 1632/1632/1632 1629/1629/1629 1631/1631/1631
f 1635/1635/1635 1634/1634/1634 1633/1633/1633
f 1636/1636/1636 1634/1634/1634 1635/1635/1635
f 1637/1637/1637 1634/1634/1634 1636/1636/1636
f 1640/1640/1640 1639/1639/1639 1638/1638/1638
f 1641/1641/1641 1639/1639/1639 1640/1640/1640
f 1642/1642/1642 1639/1639/1639 1641/1641/1641
f 1645/1645/1645 1644/1644/1644 1643/1643/1643
f 1646/1646/1646 1644/1644/1644 1645/1645/1645
f 1647/1647/1647 1644/1644/1644 1646/1646/1646
f 1650/1650/1650 1649/1649/1649 1648/1648/1648
f 1651/1651/1651 1649/1649/1649 1650/1650/1650
f 1652/1652/1652 1649/1649/1649 1651/1651/1651
f 1655/1655/1655 1654/1654/1654 1653/1653/1653
f 1656/1656/1656 1654/1654/1654 1655/1655/1655
f 1657/1657/1657 1654/1654/1654 1656/1656/1656
f 1660/1660/1660 1659/1659/1659 1658/1658/1658
f 1661/1661/1661 1659/1659/1659 1660/1660/1660
f 1662/1662/1662 1659/1659/1659 1661/1661/1661
f 1665/1665/1665 1664/1664/1664 1663/1663/1663
f 1666/1666/1666 1664/1664/1664 1665/1665/1665
f 1667/1667/1667 1664/1664/1664 1666/1666/1666
f 1670/1670/1670 1669/1669/1669 1668/1668/1668
f 1671/1671/1671 1669/1669/1669 1670/1670/1670
f 1672/1672/1672 1669/1669/1669 1671/1671/1671
f 1675/1675/1675 1674/1674/1674 1673/1673/1673
f 1676/1676/1676 1674/1674/1674 1675/1675/1675
f 1677/1677/1677 1674/1674/1674 1676/1676/1676
f 1680/1680/1680 1679/1679/1679 1678/1678/1678
f 1681/1681/1681 1679/1679/1679 1680/1680/1680
f 1682/1682/1682 1679/1679/1679 1681/1681/1681
f 1685/1685/1685 1684/1684/1684 1683/1683/1683
f 1686/1686/1686 1684/1684/1684 1685/1685/1685
f 1687/1687/1687 1684/1684/1684 1686/1686/1686
f 1690/1690/1690 1689/1689/1689 1688/1688/1688
f 1691/1691/1691 1689/1689/1689 1690/1690/1690
f 1692/1692/1692 1689/1689/1689 1691/1691/1691
f 1695/1695/1695 1694/1694/1694 1693/1693/1693
f 1696/1696/1696 1694/1694/1694 1695/1695/1695
f 1697/1697/1697 1694/1694/1694 1696/1696/1696
f 1700/1700/1700 1699/1699/1699 1698/1698/1698
f 1701/1701/1701 1699/1699/1699 1700/1700/1700
f 1702/1702/1702 1699/1699/1699 1701/1701/1701
f 1705/1705/1705 1704/1704/1704 1703/1703/1703
f 1706/1706/1706 1704/1704/1704 1705/1705/1705
f 1707/1707/1707 1704/1704/1704 1706/1706/1706
f 1710/1710/1710 1709/1709/1709 1708/1708/1708
f 1711/1711/1711 1709/1709/1709 1710/1710/1710
f 1712/1712/1712 1709/1709/1709 1711/1711/1711
f 1715/1715/1715 1714/1714/1714 1713/1713/1713
f 1716/1716/1716 1714/1714/1714 1715/1715/1715
f 1717/1717/1717 1714/1714/1714 1716/1716/1716
f 1720/1720/1720 1719/1719/1719 1718/1718/1718
f 1721/1721/1721 1719/1719/1719 1720/1720/1720
f 1722/1722/1722 1719/1719/1719 1721/1721/1721
f 1725/1725/1725 1724/1724/1724 1723/1723/1723
f 1726/1726/1726 1724/1724/1724 1725/1725/1725
f 1727/1727/1727 1724/1724/1724 1726/1726/1726
f 1730/1730/1730 1729/1729/1729 1728/1728/1728
f 1731/1731/1731 1729/1729/1729 1730/1730/1730
f 1732/1732/1732 1729/1729/1729 1731/1731/1731
f 1735/1735/1735 1734/1734/1734 1733/1733/1733
f 1736/1736/1736 1735/1735/1735 1733/1733/1733
f 1733/1733/1733 1734/1734/1734 1737/1737/1737
f 1738/1738/1738 1735/1735/1735 1736/1736/1736
f 1739/1739/1739 1738/1738/1738 1736/1736/1736
f 1734/1734/1734 1740/1740/1740 1737/1737/1737
f 1737/1737/1737 1740/1740/1740 1741/1741/1741
f 1741/1741/1741 1742/1742/1742 1739/1739/1739
f 1742/1742/1742 1738/1738/1738 1739/1739/1739
f 1740/1740/1740 1742/1742/1742 1741/1741/1741
f 1735/1735/1735 1743/1743/1743 1734/1734/1734
f 1738/1738/1738 1744/1744/1744 1735/1735/1735
f 1744/1744/1744 1743/1743/1743 1735/1735/1735
f 1742/1742/1742 1745/1745/1745 1738/1738/1738
f 1745/1745/1745 1744/1744/1744 1738/1738/1738
f 1740/1740/1740 1746/1746/1746 1742/1742/1742
f 1746/1746/1746 1745/1745/1745 1742/1742/1742
f 1734/1734/1734 1747/1747/1747 1740/1740/1740
f 1743/1743/1743 1747/1747/1747 1734/1734/1734
f 1747/1747/1747 1746/1746/1746 1740/1740/1740
f 1744/1744/1744 1748/1748/1748 1743/1743/1743
f 1745/1745/1745 1749/1749/1749 1744/1744/1744
f 1749/1749/1749 1748/1748/1748 1744/1744/1744
f 1746/1746/1746 1750/1750/1750 1745/1745/1745
f 1750/1750/1750 1749/1749/1749 1745/1745/1745
f 1743/1743/1743 1751/1751/1751 1747/1747/1747
f 1748/1748/1748 1751/1751/1751 1743/1743/1743
f 1747/1747/1747 1752/1752/1752 1746/1746/1746
f 1752/1752/1752 1750/1750/1750 1746/1746/1746
f 1751/1751/1751 1752/1752/1752 1747/1747/1747
f 1749/1749/1749 1753/1753/1753 1748/1748/1748
f 1750/1750/1750 1754/1754/1754 1749/1749/1749
f 1754/1754/1754 1753/1753/1753 1749/1749/1749
f 1752/1752/1752 1755/1755/1755 1750/1750/1750
f 1755/1755/1755 1754/1754/1754 1750/1750/1750
f 1751/1751/1751 1756/1756/1756 1752/1752/1752
f 1756/1756/1756 1755/1755/1755 1752/1752/1752
f 1748/1748/1748 1757/1757/1757 1751/1751/1751
f 1753/1753/1753 1757/1757/1757 1748/1748/1748
f 1757/1757/1757 1756/1756/1756 1751/1751/1751
f 1754/1754/1754 1758/1758/1758 1753/1753/1753
f 1755/1755/1755 1759/1759/1759 1754/1754/1754
f 1759/1759/1759 1758/1758/1758 1754/1754/1754
f 1756/1756/1756 1760/1760/1760 1755/1755/1755
f 1760/1760/1760 1759/1759/1759 1755/1755/1755
f 1757/1757/1757 1761/1761/1761 1756/1756/1756
f 1761/1761/1761 1760/1760/1760 1756/1756/1756
f 1753/1753/1753 1762/1762/1762 1757/1757/1757
f 1758/1758/1758 1762/1762/1762 1753/1753/1753
f 1762/1762/1762 1761/1761/1761 1757/1757/1757
f 1760/1760/1760 1763/1763/1763 1759/1759/1759
f 1759/1759/1759 1764/1764/1764 1758/1758/1758
f 1763/1763/1763 1764/1764/1764 1759/1759/1759
f 1761/1761/1761 1765/1765/1765 1760/1760/1760
f 1765/1765/1765 1763/1763/1763 1760/1760/1760
f 1762/1762/1762 1766/1766/1766 1761/1761/1761
f 1766/1766/1766 1765/1765/1765 1761/1761/1761
f 1758/1758/1758 1767/1767/1767 1762/1762/1762
f 1764/1764/1764 1767/1767/1767 1758/1758/1758
f 1767/1767/1767 1766/1766/1766 1762/1762/1762
f 1763/1763/1763 1768/1768/1768 1764/1764/1764
f 1765/1765/1765 1769/1769/1769 1763/1763/1763
f 1769/1769/1769 1768/1768/1768 1763/1763/1763
f 1766/1766/1766 1770/1770/1770 1765/1765/1765
f 1770/1770/1770 1769/1769/1769 1765/1765/1765
f 1767/1767/1767 1771/1771/1771 1766/1766/1766
f 1771/1771/1771 1770/1770/1770 1766/1766/1766
f 1764/1764/1764 1772/1772/1772 1767/1767/1767
f 1768/1768/1768 1772/1772/1772 1764/1764/1764
f 1772/1772/1772 1771/1771/1771 1767/1767/1767
f 1769/1769/1769 1773/1773/1773 1768/1768/1768
f 1770/1770/1770 1774/1774/1774 1769/1769/1769
f 1774/1774/1774 1773/1773/1773 1769/1769/1769
f 1771/1771/1771 1775/1775/1775 1770/1770/1770
f 1775/1775/1775 1774/1774/1774 1770/1770/1770
f 1768/1768/1768 1776/1776/1776 1772/1772/1772
f 1773/1773/1773 1776/1776/1776 1768/1768/1768
f 1772/1772/1772 1777/1777/1777 1771/1771/1771
f 1777/1777/1777 1775/1775/1775 1771/1771/1771
f 1776/1776/1776 1777/1777/1777 1772/1772/1772
f 1774/1774/1774 1778/1778/1778 1773/1773/1773
f 1775/1775/1775 1779/1779/1779 1774/1774/1774
f 1779/1779/1779 1778/1778/1778 1774/1774/1774
f 1777/1777/1777 1780/1780/1780 1775/1775/1775
f 1780/1780/1780 1779/1779/1779 1775/1775/1775
f 1776/1776/1776 1781/1781/1781 1777/1777/1777
f 1781/1781/1781 1780/1780/1780 1777/1777/1777
f 1773/1773/1773 1782/1782/1782 1776/1776/1776
f 1778/1778/1778 1782/1782/1782 1773/1773/1773
f 1782/1782/1782 1781/1781/1781 1776/1776/1776
f 1779/1779/1779 1783/1783/1783 1778/1778/1778
f 1780/1780/1780 1784/1784/1784 1779/1779/1779
f 1784/1784/1784 1783/1783/1783 1779/1779/1779
f 1781/1781/1781 1785/1785/1785 1780/1780/1780
f 1785/1785/1785 1784/1784/1784 1780/1780/1780
f 1782/1782/1782 1786/1786/1786 1781/1781/1781
f 1786/1786/1786 1785/1785/1785 1781/1781/1781
f 1778/1778/1778 1787/1787/1787 1782/1782/1782
f 1783/1783/1783 1787/1787/1787 1778/1778/1778
f 1787/1787/1787 1786/1786/1786 1782/1782/1782
f 1785/1785/1785 1788/1788/1788 1784/1784/1784
f 1784/1784/1784 1789/1789/1789 1783/1783/1783
f 1788/1788/1788 1789/1789/1789 1784/1784/1784
f 1786/1786/1786 1790/1790/1790 1785/1785/1785
f 1790/1790/1790 1788/1788/1788 1785/1785/1785
f 1787/1787/1787 1791/1791/1791 1786/1786/1786
f 1791/1791/1791 1790/1790/1790 1786/1786/1786
f 1783/1783/1783 1792/1792/1792 1787/1787/1787
f 1789/1789/1789 1792/1792/1792 1783/1783/1783
f 1792/1792/1792 1791/1791/1791 1787/1787/1787
f 1788/1788/1788 1793/1793/1793 1789/1789/1789
f 1790/1790/1790 1794/1794/1794 1788/1788/1788
f 1794/1794/1794 1793/1793/1793 1788/1788/1788
f 1791/1791/1791 1795/1795/1795 1790/1790/1790
f 1795/1795/1795 1794/1794/1794 1790/1790/1790
f 1792/1792/1792 1796/1796/1796 1791/1791/1791
f 1796/1796/1796 1795/1795/1795 1791/1791/1791
f 1789/1789/1789 1797/1797/1797 1792/1792/1792
f 1793/1793/1793 1797/1797/1797 1789/1789/1789
f 1797/1797/1797 1796/1796/1796 1792/1792/1792
f 1794/1794/1794 1798/1798/1798 1793/1793/1793
f 1795/1795/1795 1799/1799/1799 1794/1794/1794
f 1799/1799/1799 1798/1798/1798 1794/1794/1794
f 1796/1796/1796 1800/1800/1800 1795/1795/1795
f 1800/1800/1800 1799/1799/1799 1795/1795/1795
f 1793/1793/1793 1801/1801/1801 1797/1797/1797
f 1798/1798/1798 1801/1801/1801 1793/1793/1793
f 1797/1797/1797 1802/1802/1802 1796/1796/1796
f 1802/1802/1802 1800/1800/1800 1796/1796/1796
f 1801/1801/1801 1802/1802/1802 1797/1797/1797
f 1799/1799/1799 1803/1803/1803 1798/1798/1798
f 1800/1800/1800 1804/1804/1804 1799/1799/1799
f 1804/1804/1804 1803/1803/1803 1799/1799/1799
f 1802/1802/1802 1805/1805/1805 1800/1800/1800
f 1805/1805/1805 1804/1804/1804 1800/1800/1800
f 1801/1801/1801 1806/1806/1806 1802/1802/1802
f 1806/1806/1806 1805/1805/1805 1802/1802/1802
f 1798/1798/1798 1807/1807/1807 1801/1801/1801
f 1803/1803/1803 1807/1807/1807 1798/1798/1798
f 1807/1807/1807 1806/1806/1806 1801/1801/1801
f 1804/1804/1804 1808/1808/1808 1803/1803/1803
f 1805/1805/1805 1809/1809/1809 1804/1804/1804
f 1809/1809/1809 1808/1808/1808 1804/1804/1804
f 1806/1806/1806 1810/1810/1810 1805/1805/1805
f 1810/1810/1810 1809/1809/1809 1805/1805/1805
f 1807/1807/1807 1811/1811/1811 1806/1806/1806
f 1811/1811/1811 1810/1810/1810 1806/1806/1806
f 1803/1803/1803 1812/1812/1812 1807/1807/1807
f 1808/1808/1808 1812/1812/1812 1803/1803/1803
f 1812/1812/1812 1811/1811/1811 1807/1807/1807
f 1810/1810/1810 1813/1813/1813 1809/1809/1809
f 1809/1809/1809 1814/1814/1814 1808/1808/1808
f 1813/1813/1813 1814/1814/1814 1809/1809/1809
f 1811/1811/1811 1815/1815/1815 1810/1810/1810
f 1815/1815/1815 1813/1813/1813 1810/1810/1810
f 1812/1812/1812 1816/1816/1816 1811/1811/1811
f 1816/1816/1816 1815/1815/1815 1811/1811/1811
f 1808/1808/1808 1817/1817/1817 1812/1812/1812
f 1814/1814/1814 1817/1817/1817 1808/1808/1808
f 1817/1817/1817 1816/1816/1816 1812/1812/1812
f 1813/1813/1813 1818/1818/1818 1814/1814/1814
f 1815/1815/1815 1819/1819/1819 1813/1813/1813
f 1819/1819/1819 1818/1818/1818 1813/1813/1813
f 1816/1816/1816 1820/1820/1820 1815/1815/1815
f 1820/1820/1820 1819/1819/1819 1815/1815/1815
f 1817/1817/1817 1821/1821/1821 1816/1816/1816
f 1821/1821/1821 1820/1820/1820 1816/1816/1816
f 1814/1814/1814 1822/1822/1822 1817/1817/1817
f 1818/1818/1818 1822/1822/1822 1814/1814/1814
f 1822/1822/1822 1821/1821/1821 1817/1817/1817
f 1819/1819/1819 1823/1823/1823 1818/1818/1818
f 1820/1820/1820 1824/1824/1824 1819/1819/1819
f 1824/1824/1824 1823/1823/1823 1819/1819/1819
f 1821/1821/1821 1825/1825/1825 1820/1820/1820
f 1825/1825/1825 1824/1824/1824 1820/1820/1820
f 1818/1818/1818 1826/1826/1826 1822/1822/1822
f 1823/1823/1823 1826/1826/1826 1818/1818/1818
f 1822/1822/1822 1827/1827/1827 1821/1821/1821
f 1827/1827/1827 1825/1825/1825 1821/1821/1821
f 1826/1826/1826 1827/1827/1827 1822/1822/1822
f 1824/1824/1824 1828/1828/1828 1823/1823/1823
f 1825/1825/1825 1829/1829/1829 1824/1824/1824
f 1829/1829/1829 1828/1828/1828 1824/1824/1824
f 1827/1827/1827 1830/1830/1830 1825/1825/1825
f 1830/1830/1830 1829/1829/1829 1825/1825/1825
f 1826/1826/1826 1831/1831/1831 1827/1827/1827
f 1831/1831/1831 1830/1830/1830 1827/1827/1827
f 1823/1823/1823 1832/1832/1832 1826/1826/1826
f 1828/1828/1828 1832/1832/1832 1823/1823/1823
f 1832/1832/1832 1831/1831/1831 1826/1826/1826
f 1829/1829/1829 1833/1833/1833 1828/1828/1828
f 1830/1830/1830 1834/1834/1834 1829/1829/1829
f 1834/1834/1834 1833/1833/1833 1829/1829/1829
f 1831/1831/1831 1835/1835/1835 1830/1830/1830
f 1835/1835/1835 1834/1834/1834 1830/1830/1830
f 1832/1832/1832 1836/1836/1836 1831/1831/1831
f 1836/1836/1836 1835/1835/1835 1831/1831/1831
f 1828/1828/1828 1837/1837/1837 1832/1832/1832
f 1833/1833/1833 1837/1837/1837 1828/1828/1828
f 1837/1837/1837 1836/1836/1836 1832/1832/1832
f 1835/1835/1835 1838/1838/1838 1834/1834/1834
f 1834/1834/1834 1839/1839/1839 1833/1833/1833
f 1838/1838/1838 1839/1839/1839 1834/1834/1834
f 1836/1836/1836 1840/1840/1840 1835/1835/1835
f 1840/1840/1840 1838/1838/1838 1835/1835/1835
f 1837/1837/1837 1841/1841/1841 1836/1836/1836
f 1841/1841/1841 1840/1840/1840 1836/1836/1836
f 1833/1833/1833 1842/1842/1842 1837/1837/1837
f 1839/1839/1839 1842/1842/1842 1833/1833/1833
f 1842/1842/1842 1841/1841/1841 1837/1837/1837
f 1838/1838/1838 1843/1843/1843 1839/1839/1839
f 1840/1840/1840 1844/1844/1844 1838/1838/1838
f 1844/1844/1844 1843/1843/1843 1838/1838/1838
f 1841/1841/1841 1845/1845/1845 1840/1840/1840
f 1845/1845/1845 1844/1844/1844 1840/1840/1840
f 1842/1842/1842 1846/1846/1846 1841/1841/1841
f 1846/1846/1846 1845/1845/1845 1841/1841/1841
f 1839/1839/1839 1847/1847/1847 1842/1842/1842
f 1843/1843/1843 1847/1847/1847 1839/1839/1839
f 1847/1847/1847 1846/1846/1846 1842/1842/1842
f 1844/1844/1844 1848/1848/1848 1843/1843/1843
f 1845/1845/1845 1849/1849/1849 1844/1844/1844
f 1849/1849/1849 1848/1848/1848 1844/1844/1844
f 1846/1846/1846 1850/1850/1850 1845/1845/1845
f 1850/1850/1850 1849/1849/1849 1845/1845/1845
f 1843/1843/1843 1851/1851/1851 1847/1847/1847
f 1848/1848/1848 1851/1851/1851 1843/1843/1843
f 1847/1847/1847 1852/1852/1852 1846/1846/1846
f 1852/1852/1852 1850/1850/1850 1846/1846/1846
f 1851/1851/1851 1852/1852/1852 1847/1847/1847
f 1849/1849/1849 1853/1853/1853 1848/1848/1848
f 1850/1850/1850 1854/1854/1854 1849/1849/1849
f 1854/1854/1854 1853/1853/1853 1849/1849/1849
f 1852/1852/1852 1855/1855/1855 1850/1850/1850
f 1855/1855/1855 1854/1854/1854 1850/1850/1850
f 1851/1851/1851 1856/1856/1856 1852/1852/1852
f 1856/1856/1856 1855/1855/1855 1852/1852/1852
f 1848/1848/1848 1857/1857/1857 1851/1851/1851
f 1853/1853/1853 1857/1857/1857 1848/1848/1848
f 1857/1857/1857 1856/1856/1856 1851/1851/1851
f 1854/1854/1854 1858/1858/1858 1853/1853/1853
f 1858/1858/1858 1859/1859/1859 1853/1853/1853
f 1853/1853/1853 1859/1859/1859 1857/1857/1857
f 1860/1860/1860 1858/1858/1858 1854/1854/1854
f 1855/1855/1855 1860/1860/1860 1854/1854/1854
f 1859/1859/1859 1861/1861/1861 1857/1857/1857
f 1857/1857/1857 1861/1861/1861 1856/1856/1856
f 1862/1862/1862 1860/1860/1860 1855/1855/1855
f 1856/1856/1856 1862/1862/1862 1855/1855/1855
f 1861/1861/1861 1862/1862/1862 1856/1856/1856
f 1865/1865/1865 1864/1864/1864 1863/1863/1863
f 1865/1865/1865 1866/1866/1866 1864/1864/1864
f 1866/1866/1866 1867/1867/1867 1864/1864/1864
f 1866/1866/1866 1868/1868/1868 1867/1867/1867
f 1868/1868/1868 1869/1869/1869 1867/1867/1867
f 1870/1870/1870 1866/1866/1866 1865/1865/1865
f 1871/1871/1871 1868/1868/1868 1866/1866/1866
f 1870/1870/1870 1871/1871/1871 1866/1866/1866
f 1872/1872/1872 1865/1865/1865 1863/1863/1863
f 1873/1873/1873 1870/1870/1870 1865/1865/1865
f 1873/1873/1873 1865/1865/1865 1872/1872/1872
f 1868/1868/1868 1874/1874/1874 1869/1869/1869
f 1871/1871/1871 1875/1875/1875 1868/1868/1868
f 1875/1875/1875 1874/1874/1874 1868/1868/1868
f 1876/1876/1876 1871/1871/1871 1870/1870/1870
f 1877/1877/1877 1870/1870/1870 1873/1873/1873
f 1877/1877/1877 1876/1876/1876 1870/1870/1870
f 1878/1878/1878 1875/1875/1875 1871/1871/1871
f 1876/1876/1876 1878/1878/1878 1871/1871/1871
f 1879/1879/1879 1873/1873/1873 1872/1872/1872
f 1880/1880/1880 1877/1877/1877 1873/1873/1873
f 1880/1880/1880 1873/1873/1873 1879/1879/1879
f 1881/1881/1881 1876/1876/1876 1877/1877/1877
f 1882/1882/1882 1878/1878/1878 1876/1876/1876
f 1881/1881/1881 1882/1882/1882 1876/1876/1876
f 1883/1883/1883 1877/1877/1877 1880/1880/1880
f 1883/1883/1883 1881/1881/1881 1877/1877/1877
f 1869/1869/1869 1881/1881/1881 1883/1883/1883
f 1869/1869/1869 1884/1884/1884 1881/1881/1881
f 1884/1884/1884 1882/1882/1882 1881/1881/1881
f 1874/1874/1874 1884/1884/1884 1869/1869/1869
f 1885/1885/1885 1869/1869/1869 1883/1883/1883
f 1885/1885/1885 1883/1883/1883 1886/1886/1886
f 1886/1886/1886 1883/1883/1883 1880/1880/1880
f 1887/1887/1887 1885/1885/1885 1886/1886/1886
f 1886/1886/1886 1880/1880/1880 1888/1888/1888
f 1888/1888/1888 1880/1880/1880 1879/1879/1879
f 1887/1887/1887 1886/1886/1886 1889/1889/1889
f 1889/1889/1889 1886/1886/1886 1888/1888/1888
f 1863/1863/1863 1887/1887/1887 1889/1889/1889
f 1884/1884/1884 1890/1890/1890 1882/1882/1882
f 1874/1874/1874 1891/1891/1891 1884/1884/1884
f 1891/1891/1891 1890/1890/1890 1884/1884/1884
f 1890/1890/1890 1892/1892/1892 1882/1882/1882
f 1882/1882/1882 1892/1892/1892 1878/1878/1878
f 1893/1893/1893 1891/1891/1891 1874/1874/1874
f 1875/1875/1875 1893/1893/1893 1874/1874/1874
f 1878/1878/1878 1894/1894/1894 1875/1875/1875
f 1892/1892/1892 1894/1894/1894 1878/1878/1878
f 1894/1894/1894 1893/1893/1893 1875/1875/1875
f 1891/1891/1891 1895/1895/1895 1890/1890/1890
f 1895/1895/1895 1896/1896/1896 1890/1890/1890
f 1890/1890/1890 1896/1896/1896 1892/1892/1892
f 1897/1897/1897 1895/1895/1895 1891/1891/1891
f 1893/1893/1893 1897/1897/1897 1891/1891/1891
f 1896/1896/1896 1898/1898/1898 1892/1892/1892
f 1892/1892/1892 1898/1898/1898 1894/1894/1894
f 1899/1899/1899 1897/1897/1897 1893/1893/1893
f 1894/1894/1894 1899/1899/1899 1893/1893/1893
f 1898/1898/1898 1899/1899/1899 1894/1894/1894
f 1872/1872/1872 1863/1863/1863 1900/1900/1900
f 1901/1901/1901 1872/1872/1872 1900/1900/1900
f 1879/1879/1879 1872/1872/1872 1901/1901/1901
f 1900/1900/1900 1863/1863/1863 1902/1902/1902
f 1863/1863/1863 1889/1889/1889 1902/1902/1902
f 1903/1903/1903 1879/1879/1879 1901/1901/1901
f 1888/1888/1888 1879/1879/1879 1903/1903/1903
f 1889/1889/1889 1888/1888/1888 1904/1904/1904
f 1902/1902/1902 1889/1889/1889 1904/1904/1904
f 1904/1904/1904 1888/1888/1888 1903/1903/1903
f 1901/1901/1901 1900/1900/1900 1905/1905/1905
f 1900/1900/1900 1902/1902/1902 1906/1906/1906
f 1905/1905/1905 1900/1900/1900 1906/1906/1906
f 1903/1903/1903 1901/1901/1901 1907/1907/1907
f 1907/1907/1907 1901/1901/1901 1905/1905/1905
f 1904/1904/1904 1903/1903/1903 1908/1908/1908
f 1908/1908/1908 1903/1903/1903 1907/1907/1907
f 1902/1902/1902 1904/1904/1904 1909/1909/1909
f 1906/1906/1906 1902/1902/1902 1909/1909/1909
f 1909/1909/1909 1904/1904/1904 1908/1908/1908
f 1907/1907/1907 1905/1905/1905 1910/1910/1910
f 1905/1905/1905 1906/1906/1906 1911/1911/1911
f 1910/1910/1910 1905/1905/1905 1911/1911/1911
f 1908/1908/1908 1907/1907/1907 1912/1912/1912
f 1912/1912/1912 1907/1907/1907 1910/1910/1910
f 1909/1909/1909 1908/1908/1908 1913/1913/1913
f 1913/1913/1913 1908/1908/1908 1912/1912/1912
f 1906/1906/1906 1909/1909/1909 1914/1914/1914
f 1911/1911/1911 1906/1906/1906 1914/1914/1914
f 1914/1914/1914 1909/1909/1909 1913/1913/1913
f 1912/1912/1912 1910/1910/1910 1915/1915/1915
f 1910/1910/1910 1911/1911/1911 1916/1916/1916
f 1915/1915/1915 1910/1910/1910 1916/1916/1916
f 1913/1913/1913 1912/1912/1912 1917/1917/1917
f 1917/1917/1917 1912/1912/1912 1915/1915/1915
f 1914/1914/1914 1913/1913/1913 1918/1918/1918
f 1918/1918/1918 1913/1913/1913 1917/1917/1917
f 1911/1911/1911 1914/1914/1914 1919/1919/1919
f 1916/1916/1916 1911/1911/1911 1919/1919/1919
f 1919/1919/1919 1914/1914/1914 1918/1918/1918
f 1917/1917/1917 1915/1915/1915 1920/1920/1920
f 1915/1915/1915 1916/1916/1916 1921/1921/1921
f 1920/1920/1920 1915/1915/1915 1921/1921/1921
f 1918/1918/1918 1917/1917/1917 1922/1922/1922
f 1922/1922/1922 1917/1917/1917 1920/1920/1920
f 1919/1919/1919 1918/1918/1918 1923/1923/1923
f 1923/1923/1923 1918/1918/1918 1922/1922/1922
f 1916/1916/1916 1919/1919/1919 1924/1924/1924
f 1921/1921/1921 1916/1916/1916 1924/1924/1924
f 1924/1924/1924 1919/1919/1919 1923/1923/1923
f 1922/1922/1922 1920/1920/1920 1925/1925/1925
f 1920/1920/1920 1921/1921/1921 1926/1926/1926
f 1925/1925/1925 1920/1920/1920 1926/1926/1926
f 1923/1923/1923 1922/1922/1922 1927/1927/1927
f 1927/1927/1927 1922/1922/1922 1925/1925/1925
f 1924/1924/1924 1923/1923/1923 1928/1928/1928
f 1928/1928/1928 1923/1923/1923 1927/1927/1927
f 1921/1921/1921 1924/1924/1924 1929/1929/1929
f 1926/1926/1926 1921/1921/1921 1929/1929/1929
f 1929/1929/1929 1924/1924/1924 1928/1928/1928
f 1927/1927/1927 1925/1925/1925 1930/1930/1930
f 1925/1925/1925 1926/1926/1926 1931/1931/1931
f 1930/1930/1930 1925/1925/1925 1931/1931/1931
f 1928/1928/1928 1927/1927/1927 1932/1932/1932
f 1932/1932/1932 1927/1927/1927 1930/1930/1930
f 1929/1929/1929 1928/1928/1928 1933/1933/1933
f 1933/1933/1933 1928/1928/1928 1932/1932/1932
f 1926/1926/1926 1929/1929/1929 1934/1934/1934
f 1931/1931/1931 1926/1926/1926 1934/1934/1934
f 1934/1934/1934 1929/1929/1929 1933/1933/1933
f 1932/1932/1932 1930/1930/1930 1935/1935/1935
f 1930/1930/1930 1931/1931/1931 1936/1936/1936
f 1935/1935/1935 1930/1930/1930 1936/1936/1936
f 1933/1933/1933 1932/1932/1932 1937/1937/1937
f 1937/1937/1937 1932/1932/1932 1935/1935/1935
f 1934/1934/1934 1933/1933/1933 1938/1938/1938
f 1938/1938/1938 1933/1933/1933 1937/1937/1937
f 1931/1931/1931 1934/1934/1934 1939/1939/1939
f 1936/1936/1936 1931/1931/1931 1939/1939/1939
f 1939/1939/1939 1934/1934/1934 1938/1938/1938
f 1937/1937/1937 1935/1935/1935 1940/1940/1940
f 1935/1935/1935 1936/1936/1936 1941/1941/1941
f 1940/1940/1940 1935/1935/1935 1941/1941/1941
f 1938/1938/1938 1937/1937/1937 1942/1942/1942
f 1942/1942/1942 1937/1937/1937 1940/1940/1940
f 1939/1939/1939 1938/1938/1938 1943/1943/1943
f 1943/1943/1943 1938/1938/1938 1942/1942/1942
f 1936/1936/1936 1939/1939/1939 1944/1944/1944
f 1941/1941/1941 1936/1936/1936 1944/1944/1944
f 1944/1944/1944 1939/1939/1939 1943/1943/1943
f 1942/1942/1942 1940/1940/1940 1945/1945/1945
f 1940/1940/1940 1941/1941/1941 1946/1946/1946
f 1945/1945/1945 1940/1940/1940 1946/1946/1946
f 1943/1943/1943 1942/1942/1942 1947/1947/1947
f 1947/1947/1947 1942/1942/1942 1945/1945/1945
f 1944/1944/1944 1943/1943/1943 1948/1948/1948
f 1948/1948/1948 1943/1943/1943 1947/1947/1947
f 1941/1941/1941 1944/1944/1944 1949/1949/1949
f 1946/1946/1946 1941/1941/1941 1949/1949/1949
f 1949/1949/1949 1944/1944/1944 1948/1948/1948
f 1947/1947/1947 1945/1945/1945 1950/1950/1950
f 1945/1945/1945 1946/1946/1946 1951/1951/1951
f 1950/1950/1950 1945/1945/1945 1951/1951/1951
f 1948/1948/1948 1947/1947/1947 1952/1952/1952
f 1952/1952/1952 1947/1947/1947 1950/1950/1950
f 1949/1949/1949 1948/1948/1948 1953/1953/1953
f 1953/1953/1953 1948/1948/1948 1952/1952/1952
f 1946/1946/1946 1949/1949/1949 1954/1954/1954
f 1951/1951/1951 1946/1946/1946 1954/1954/1954
f 1954/1954/1954 1949/1949/1949 1953/1953/1953
f 1952/1952/1952 1950/1950/1950 1955/1955/1955
f 1950/1950/1950 1951/1951/1951 1956/1956/1956
f 1955/1955/1955 1950/1950/1950 1956/1956/1956
f 1953/1953/1953 1952/1952/1952 1957/1957/1957
f 1957/1957/1957 1952/1952/1952 1955/1955/1955
f 1954/1954/1954 1953/1953/1953 1958/1958/1958
f 1958/1958/1958 1953/1953/1953 1957/1957/1957
f 1951/1951/1951 1954/1954/1954 1959/1959/1959
f 1956/1956/1956 1951/1951/1951 1959/1959/1959
f 1959/1959/1959 1954/1954/1954 1958/1958/1958
f 1957/1957/1957 1955/1955/1955 1960/1960/1960
f 1955/1955/1955 1956/1956/1956 1961/1961/1961
f 1960/1960/1960 1955/1955/1955 1961/1961/1961
f 1958/1958/1958 1957/1957/1957 1962/1962/1962
f 1962/1962/1962 1957/1957/1957 1960/1960/1960
f 1959/1959/1959 1958/1958/1958 1963/1963/1963
f 1963/1963/1963 1958/1958/1958 1962/1962/1962
f 1956/1956/1956 1959/1959/1959 1964/1964/1964
f 1961/1961/1961 1956/1956/1956 1964/1964/1964
f 1964/1964/1964 1959/1959/1959 1963/1963/1963
f 1962/1962/1962 1960/1960/1960 1965/1965/1965
f 1960/1960/1960 1961/1961/1961 1966/1966/1966
f 1965/1965/1965 1960/1960/1960 1966/1966/1966
f 1963/1963/1963 1962/1962/1962 1967/1967/1967
f 1967/1967/1967 1962/1962/1962 1965/1965/1965
f 1964/1964/1964 1963/1963/1963 1968/1968/1968
f 1968/1968/1968 1963/1963/1963 1967/1967/1967
f 1961/1961/1961 1964/1964/1964 1969/1969/1969
f 1966/1966/1966 1961/1961/1961 1969/1969/1969
f 1969/1969/1969 1964/1964/1964 1968/1968/1968
f 1967/1967/1967 1965/1965/1965 1970/1970/1970
f 1965/1965/1965 1966/1966/1966 1971/1971/1971
f 1970/1970/1970 1965/1965/1965 1971/1971/1971
f 1968/1968/1968 1967/1967/1967 1972/1972/1972
f 1972/1972/1972 1967/1967/1967 1970/1970/1970
f 1969/1969/1969 1968/1968/1968 1973/1973/1973
f 1973/1973/1973 1968/1968/1968 1972/1972/1972
f 1966/1966/1966 1969/1969/1969 1974/1974/1974
f 1971/1971/1971 1966/1966/1966 1974/1974/1974
f 1974/1974/1974 1969/1969/1969 1973/1973/1973
f 1972/1972/1972 1970/1970/1970 1975/1975/1975
f 1970/1970/1970 1971/1971/1971 1976/1976/1976
f 1975/1975/1975 1970/1970/1970 1976/1976/1976
f 1973/1973/1973 1972/1972/1972 1977/1977/1977
f 1977/1977/1977 1972/1972/1972 1975/1975/1975
f 1974/1974/1974 1973/1973/1973 1978/1978/1978
f 1978/1978/1978 1973/1973/1973 1977/1977/1977
f 1971/1971/1971 1974/1974/1974 1979/1979/1979
f 1976/1976/1976 1971/1971/1971 1979/1979/1979
f 1979/1979/1979 1974/1974/1974 1978/1978/1978
f 1977/1977/1977 1975/1975/1975 1980/1980/1980
f 1975/1975/1975 1976/1976/1976 1981/1981/1981
f 1980/1980/1980 1975/1975/1975 1981/1981/1981
f 1978/1978/1978 1977/1977/1977 1982/1982/1982
f 1982/1982/1982 1977/1977/1977 1980/1980/1980
f 1979/1979/1979 1978/1978/1978 1983/1983/1983
f 1983/1983/1983 1978/1978/1978 1982/1982/1982
f 1976/1976/1976 1979/1979/1979 1984/1984/1984
f 1981/1981/1981 1976/1976/1976 1984/1984/1984
f 1984/1984/1984 1979/1979/1979 1983/1983/1983
f 1982/1982/1982 1980/1980/1980 1985/1985/1985
f 1980/1980/1980 1981/1981/1981 1986/1986/1986
f 1985/1985/1985 1980/1980/1980 1986/1986/1986
f 1983/1983/1983 1982/1982/1982 1987/1987/1987
f 1987/1987/1987 1982/1982/1982 1985/1985/1985
f 1984/1984/1984 1983/1983/1983 1988/1988/1988
f 1988/1988/1988 1983/1983/1983 1987/1987/1987
f 1981/1981/1981 1984/1984/1984 1989/1989/1989
f 1986/1986/1986 1981/1981/1981 1989/1989/1989
f 1989/1989/1989 1984/1984/1984 1988/1988/1988
f 1987/1987/1987 1985/1985/1985 1990/1990/1990
f 1985/1985/1985 1986/1986/1986 1991/1991/1991
f 1990/1990/1990 1985/1985/1985 1991/1991/1991
f 1988/1988/1988 1987/1987/1987 1992/1992/1992
f 1992/1992/1992 1987/1987/1987 1990/1990/1990
f 1989/1989/1989 1988/1988/1988 1993/1993/1993
f 1993/1993/1993 1988/1988/1988 1992/1992/1992
f 1986/1986/1986 1989/1989/1989 1994/1994/1994
f 1991/1991/1991 1986/1986/1986 1994/1994/1994
f 1994/1994/1994 1989/1989/1989 1993/1993/1993
f 1992/1992/1992 1990/1990/1990 1995/1995/1995
f 1990/1990/1990 1991/1991/1991 1996/1996/1996
f 1995/1995/1995 1990/1990/1990 1996/1996/1996
f 1993/1993/1993 1992/1992/1992 1997/1997/1997
f 1997/1997/1997 1992/1992/1992 1995/1995/1995
f 1994/1994/1994 1993/1993/1993 1998/1998/1998
f 1998/1998/1998 1993/1993/1993 1997/1997/1997
f 1991/1991/1991 1994/1994/1994 1999/1999/1999
f 1996/1996/1996 1991/1991/1991 1999/1999/1999
f 1999/1999/1999 1994/1994/1994 1998/1998/1998
f 1997/1997/1997 1995/1995/1995 2000/2000/2000
f 1995/1995/1995 1996/1996/1996 2001/2001/2001
f 2000/2000/2000 1995/1995/1995 2001/2001/2001
f 1998/1998/1998 1997/1997/1997 2002/2002/2002
f 2002/2002/2002 1997/1997/1997 2000/2000/2000
f 1999/1999/1999 1998/1998/1998 2003/2003/2003
f 2003/2003/2003 1998/1998/1998 2002/2002/2002
f 1996/1996/1996 1999/1999/1999 2004/2004/2004
f 2001/2001/2001 1996/1996/1996 2004/2004/2004
f 2004/2004/2004 1999/1999/1999 2003/2003/2003
f 2002/2002/2002 2000/2000/2000 2005/2005/2005
f 2000/2000/2000 2001/2001/2001 2006/2006/2006
f 2005/2005/2005 2000/2000/2000 2006/2006/2006
f 2003/2003/2003 2002/2002/2002 2007/2007/2007
f 2007/2007/2007 2002/2002/2002 2005/2005/2005
f 2004/2004/2004 2003/2003/2003 2008/2008/2008
f 2008/2008/2008 2003/2003/2003 2007/2007/2007
f 2001/2001/2001 2004/2004/2004 2009/2009/2009
f 2006/2006/2006 2001/2001/2001 2009/2009/2009
f 2009/2009/2009 2004/2004/2004 2008/2008/2008
f 2007/2007/2007 2005/2005/2005 2010/2010/2010
f 2005/2005/2005 2006/2006/2006 2011/2011/2011
f 2010/2010/2010 2005/2005/2005 2011/2011/2011
f 2008/2008/2008 2007/2007/2007 2012/2012/2012
f 2012/2012/2012 2007/2007/2007 2010/2010/2010
f 2009/2009/2009 2008/2008/2008 2013/2013/2013
f 2013/2013/2013 2008/2008/2008 2012/2012/2012
f 2006/2006/2006 2009/2009/2009 2014/2014/2014
f 2011/2011/2011 2006/2006/2006 2014/2014/2014
f 2014/2014/2014 2009/2009/2009 2013/2013/2013
f 2012/2012/2012 2010/2010/2010 2015/2015/2015
f 2010/2010/2010 2011/2011/2011 2016/2016/2016
f 2015/2015/2015 2010/2010/2010 2016/2016/2016
f 2013/2013/2013 2012/2012/2012 2017/2017/2017
f 2017/2017/2017 2012/2012/2012 2015/2015/2015
f 2014/2014/2014 2013/2013/2013 2018/2018/2018
f 2018/2018/2018 2013/2013/2013 2017/2017/2017
f 2011/2011/2011 2014/2014/2014 2019/2019/2019
f 2016/2016/2016 2011/2011/2011 2019/2019/2019
f 2019/2019/2019 2014/2014/2014 2018/2018/2018
f 2017/2017/2017 2015/2015/2015 2020/2020/2020
f 2015/2015/2015 2016/2016/2016 2021/2021/2021
f 2020/2020/2020 2015/2015/2015 2021/2021/2021
f 2018/2018/2018 2017/2017/2017 2022/2022/2022
f 2022/2022/2022 2017/2017/2017 2020/2020/2020
f 2019/2019/2019 2018/2018/2018 2023/2023/2023
f 2023/2023/2023 2018/2018/2018 2022/2022/2022
f 2016/2016/2016 2019/2019/2019 2024/2024/2024
f 2021/2021/2021 2016/2016/2016 2024/2024/2024
f 2024/2024/2024 2019/2019/2019 2023/2023/2023
f 2022/2022/2022 2020/2020/2020 2025/2025/2025
f 2020/2020/2020 2021/2021/2021 2026/2026/2026
f 2025/2025/2025 2020/2020/2020 2026/2026/2026
f 2023/2023/2023 2022/2022/2022 2027/2027/2027
f 2027/2027/2027 2022/2022/2022 2025/2025/2025
f 2024/2024/2024 2023/2023/2023 2028/2028/2028
f 2028/2028/2028 2023/2023/2023 2027/2027/2027
f 2021/2021/2021 2024/2024/2024 2029/2029/2029
f 2026/2026/2026 2021/2021/2021 2029/2029/2029
f 2029/2029/2029 2024/2024/2024 2028/2028/2028
f 2027/2027/2027 2025/2025/2025 2030/2030/2030
f 2025/2025/2025 2026/2026/2026 2031/2031/2031
f 2030/2030/2030 2025/2025/2025 2031/2031/2031
f 2028/2028/2028 2027/2027/2027 2032/2032/2032
f 2032/2032/2032 2027/2027/2027 2030/2030/2030
f 2029/2029/2029 2028/2028/2028 2033/2033/2033
f 2033/2033/2033 2028/2028/2028 2032/2032/2032
f 2026/2026/2026 2029/2029/2029 2034/2034/2034
f 2031/2031/2031 2026/2026/2026 2034/2034/2034
f 2034/2034/2034 2029/2029/2029 2033/2033/2033
f 2032/2032/2032 2030/2030/2030 2035/2035/2035
f 2030/2030/2030 2031/2031/2031 2036/2036/2036
f 2035/2035/2035 2030/2030/2030 2036/2036/2036
f 2033/2033/2033 2032/2032/2032 2037/2037/2037
f 2037/2037/2037 2032/2032/2032 2035/2035/2035
f 2034/2034/2034 2033/2033/2033 2038/2038/2038
f 2038/2038/2038 2033/2033/2033 2037/2037/2037
f 2031/2031/2031 2034/2034/2034 2039/2039/2039
f 2036/2036/2036 2031/2031/2031 2039/2039/2039
f 2039/2039/2039 2034/2034/2034 2038/2038/2038
f 2037/2037/2037 2035/2035/2035 2040/2040/2040
f 2035/2035/2035 2036/2036/2036 2041/2041/2041
f 2040/2040/2040 2035/2035/2035 2041/2041/2041
f 2038/2038/2038 2037/2037/2037 2042/2042/2042
f 2042/2042/2042 2037/2037/2037 2040/2040/2040
f 2039/2039/2039 2038/2038/2038 2043/2043/2043
f 2043/2043/2043 2038/2038/2038 2042/2042/2042
f 2036/2036/2036 2039/2039/2039 2044/2044/2044
f 2041/2041/2041 2036/2036/2036 2044/2044/2044
f 2044/2044/2044 2039/2039/2039 2043/2043/2043
f 2042/2042/2042 2040/2040/2040 2045/2045/2045
f 2040/2040/2040 2041/2041/2041 2046/2046/2046
f 2045/2045/2045 2040/2040/2040 2046/2046/2046
f 2043/2043/2043 2042/2042/2042 2047/2047/2047
f 2047/2047/2047 2042/2042/2042 2045/2045/2045
f 2044/2044/2044 2043/2043/2043 2048/2048/2048
f 2048/2048/2048 2043/2043/2043 2047/2047/2047
f 2041/2041/2041 2044/2044/2044 2049/2049/2049
f 2046/2046/2046 2041/2041/2041 2049/2049/2049
f 2049/2049/2049 2044/2044/2044 2048/2048/2048
f 2047/2047/2047 2045/2045/2045 2050/2050/2050
f 2045/2045/2045 2046/2046/2046 2051/2051/2051
f 2050/2050/2050 2045/2045/2045 2051/2051/2051
f 2048/2048/2048 2047/2047/2047 2052/2052/2052
f 2052/2052/2052 2047/2047/2047 2050/2050/2050
f 2049/2049/2049 2048/2048/2048 2053/2053/2053
f 2053/2053/2053 2048/2048/2048 2052/2052/2052
f 2046/2046/2046 2049/2049/2049 2054/2054/2054
f 2051/2051/2051 2046/2046/2046 2054/2054/2054
f 2054/2054/2054 2049/2049/2049 2053/2053/2053
f 2052/2052/2052 2050/2050/2050 2055/2055/2055
f 2050/2050/2050 2051/2051/2051 2056/2056/2056
f 2055/2055/2055 2050/2050/2050 2056/2056/2056
f 2053/2053/2053 2052/2052/2052 2057/2057/2057
f 2057/2057/2057 2052/2052/2052 2055/2055/2055
f 2054/2054/2054 2053/2053/2053 2058/2058/2058
f 2058/2058/2058 2053/2053/2053 2057/2057/2057
f 2051/2051/2051 2054/2054/2054 2059/2059/2059
f 2056/2056/2056 2051/2051/2051 2059/2059/2059
f 2059/2059/2059 2054/2054/2054 2058/2058/2058
f 2057/2057/2057 2055/2055/2055 2060/2060/2060
f 2055/2055/2055 2056/2056/2056 2061/2061/2061
f 2060/2060/2060 2055/2055/2055 2061/2061/2061
f 2058/2058/2058 2057/2057/2057 2062/2062/2062
f 2062/2062/2062 2057/2057/2057 2060/2060/2060
f 2059/2059/2059 2058/2058/2058 2063/2063/2063
f 2063/2063/2063 2058/2058/2058 2062/2062/2062
f 2056/2056/2056 2059/2059/2059 2064/2064/2064
f 2061/2061/2061 2056/2056/2056 2064/2064/2064
f 2064/2064/2064 2059/2059/2059 2063/2063/2063
f 2062/2062/2062 2060/2060/2060 2065/2065/2065
f 2060/2060/2060 2061/2061/2061 2066/2066/2066
f 2065/2065/2065 2060/2060/2060 2066/2066/2066
f 2063/2063/2063 2062/2062/2062 2067/2067/2067
f 2067/2067/2067 2062/2062/2062 2065/2065/2065
f 2064/2064/2064 2063/2063/2063 2068/2068/2068
f 2068/2068/2068 2063/2063/2063 2067/2067/2067
f 2061/2061/2061 2064/2064/2064 2069/2069/2069
f 2066/2066/2066 2061/2061/2061 2069/2069/2069
f 2069/2069/2069 2064/2064/2064 2068/2068/2068
f 2067/2067/2067 2065/2065/2065 2070/2070/2070
f 2065/2065/2065 2066/2066/2066 2071/2071/2071
f 2070/2070/2070 2065/2065/2065 2071/2071/2071
f 2068/2068/2068 2067/2067/2067 2072/2072/2072
f 2072/2072/2072 2067/2067/2067 2070/2070/2070
f 2069/2069/2069 2068/2068/2068 2073/2073/2073
f 2073/2073/2073 2068/2068/2068 2072/2072/2072
f 2066/2066/2066 2069/2069/2069 2074/2074/2074
f 2071/2071/2071 2066/2066/2066 2074/2074/2074
f 2074/2074/2074 2069/2069/2069 2073/2073/2073
f 2072/2072/2072 2070/2070/2070 2075/2075/2075
f 2070/2070/2070 2071/2071/2071 2076/2076/2076
f 2075/2075/2075 2070/2070/2070 2076/2076/2076
f 2073/2073/2073 2072/2072/2072 2077/2077/2077
f 2077/2077/2077 2072/2072/2072 2075/2075/2075
f 2074/2074/2074 2073/2073/2073 2078/2078/2078
f 2078/2078/2078 2073/2073/2073 2077/2077/2077
f 2071/2071/2071 2074/2074/2074 2079/2079/2079
f 2076/2076/2076 2071/2071/2071 2079/2079/2079
f 2079/2079/2079 2074/2074/2074 2078/2078/2078
f 2077/2077/2077 2075/2075/2075 2080/2080/2080
f 2075/2075/2075 2076/2076/2076 2081/2081/2081
f 2080/2080/2080 2075/2075/2075 2081/2081/2081
f 2078/2078/2078 2077/2077/2077 2082/2082/2082
f 2082/2082/2082 2077/2077/2077 2080/2080/2080
f 2079/2079/2079 2078/2078/2078 2083/2083/2083
f 2083/2083/2083 2078/2078/2078 2082/2082/2082
f 2076/2076/2076 2079/2079/2079 2084/2084/2084
f 2081/2081/2081 2076/2076/2076 2084/2084/2084
f 2084/2084/2084 2079/2079/2079 2083/2083/2083
f 2082/2082/2082 2080/2080/2080 2085/2085/2085
f 2080/2080/2080 2081/2081/2081 2086/2086/2086
f 2085/2085/2085 2080/2080/2080 2086/2086/2086
f 2083/2083/2083 2082/2082/2082 2087/2087/2087
f 2087/2087/2087 2082/2082/2082 2085/2085/2085
f 2084/2084/2084 2083/2083/2083 2088/2088/2088
f 2088/2088/2088 2083/2083/2083 2087/2087/2087
f 2081/2081/2081 2084/2084/2084 2089/2089/2089
f 2086/2086/2086 2081/2081/2081 2089/2089/2089
f 2089/2089/2089 2084/2084/2084 2088/2088/2088
f 2087/2087/2087 2085/2085/2085 2090/2090/2090
f 2085/2085/2085 2086/2086/2086 2091/2091/2091
f 2090/2090/2090 2085/2085/2085 2091/2091/2091
f 2088/2088/2088 2087/2087/2087 2092/2092/2092
f 2092/2092/2092 2087/2087/2087 2090/2090/2090
f 2089/2089/2089 2088/2088/2088 2093/2093/2093
f 2093/2093/2093 2088/2088/2088 2092/2092/2092
f 2086/2086/2086 2089/2089/2089 2094/2094/2094
f 2091/2091/2091 2086/2086/2086 2094/2094/2094
f 2094/2094/2094 2089/2089/2089 2093/2093/2093
f 2092/2092/2092 2090/2090/2090 2095/2095/2095
f 2090/2090/2090 2091/2091/2091 2096/2096/2096
f 2095/2095/2095 2090/2090/2090 2096/2096/2096
f 2093/2093/2093 2092/2092/2092 2097/2097/2097
f 2097/2097/2097 2092/2092/2092 2095/2095/2095
f 2094/2094/2094 2093/2093/2093 2098/2098/2098
f 2098/2098/2098 2093/2093/2093 2097/2097/2097
f 2091/2091/2091 2094/2094/2094 2099/2099/2099
f 2096/2096/2096 2091/2091/2091 2099/2099/2099
f 2099/2099/2099 2094/2094/2094 2098/2098/2098
f 2097/2097/2097 2095/2095/2095 2100/2100/2100
f 2095/2095/2095 2096/2096/2096 2101/2101/2101
f 2100/2100/2100 2095/2095/2095 2101/2101/2101
f 2098/2098/2098 2097/2097/2097 2102/2102/2102
f 2102/2102/2102 2097/2097/2097 2100/2100/2100
f 2099/2099/2099 2098/2098/2098 2103/2103/2103
f 2103/2103/2103 2098/2098/2098 2102/2102/2102
f 2096/2096/2096 2099/2099/2099 2104/2104/2104
f 2101/2101/2101 2096/2096/2096 2104/2104/2104
f 2104/2104/2104 2099/2099/2099 2103/2103/2103
f 2102/2102/2102 2100/2100/2100 2105/2105/2105
f 2100/2100/2100 2101/2101/2101 2106/2106/2106
f 2105/2105/2105 2100/2100/2100 2106/2106/2106
f 2103/2103/2103 2102/2102/2102 2107/2107/2107
f 2107/2107/2107 2102/2102/2102 2105/2105/2105
f 2104/2104/2104 2103/2103/2103 2108/2108/2108
f 2108/2108/2108 2103/2103/2103 2107/2107/2107
f 2101/2101/2101 2104/2104/2104 2109/2109/2109
f 2106/2106/2106 2101/2101/2101 2109/2109/2109
f 2109/2109/2109 2104/2104/2104 2108/2108/2108
f 2107/2107/2107 2105/2105/2105 2110/2110/2110
f 2105/2105/2105 2106/2106/2106 2111/2111/2111
f 2110/2110/2110 2105/2105/2105 2111/2111/2111
f 2108/2108/2108 2107/2107/2107 2112/2112/2112
f 2112/2112/2112 2107/2107/2107 2110/2110/2110
f 2109/2109/2109 2108/2108/2108 2113/2113/2113
f 2113/2113/2113 2108/2108/2108 2112/2112/2112
f 2106/2106/2106 2109/2109/2109 2114/2114/2114
f 2111/2111/2111 2106/2106/2106 2114/2114/2114
f 2114/2114/2114 2109/2109/2109 2113/2113/2113
f 2112/2112/2112 2110/2110/2110 2115/2115/2115
f 2110/2110/2110 2111/2111/2111 2116/2116/2116
f 2115/2115/2115 2110/2110/2110 2116/2116/2116
f 2113/2113/2113 2112/2112/2112 2117/2117/2117
f 2117/2117/2117 2112/2112/2112 2115/2115/2115
f 2114/2114/2114 2113/2113/2113 2118/2118/2118
f 2118/2118/2118 2113/2113/2113 2117/2117/2117
f 2111/2111/2111 2114/2114/2114 2119/2119/2119
f 2116/2116/2116 2111/2111/2111 2119/2119/2119
f 2119/2119/2119 2114/2114/2114 2118/2118/2118
f 2117/2117/2117 2115/2115/2115 2120/2120/2120
f 2115/2115/2115 2116/2116/2116 2121/2121/2121
f 2120/2120/2120 2115/2115/2115 2121/2121/2121
f 2118/2118/2118 2117/2117/2117 2122/2122/2122
f 2122/2122/2122 2117/2117/2117 2120/2120/2120
f 2119/2119/2119 2118/2118/2118 2123/2123/2123
f 2123/2123/2123 2118/2118/2118 2122/2122/2122
f 2116/2116/2116 2119/2119/2119 2124/2124/2124
f 2121/2121/2121 2116/2116/2116 2124/2124/2124
f 2124/2124/2124 2119/2119/2119 2123/2123/2123
f 2122/2122/2122 2120/2120/2120 2125/2125/2125
f 2120/2120/2120 2121/2121/2121 2126/2126/2126
f 2125/2125/2125 2120/2120/2120 2126/2126/2126
f 2123/2123/2123 2122/2122/2122 2127/2127/2127
f 2127/2127/2127 2122/2122/2122 2125/2125/2125
f 2124/2124/2124 2123/2123/2123 2128/2128/2128
f 2128/2128/2128 2123/2123/2123 2127/2127/2127
f 2121/2121/2121 2124/2124/2124 2129/2129/2129
f 2126/2126/2126 2121/2121/2121 2129/2129/2129
f 2129/2129/2129 2124/2124/2124 2128/2128/2128
f 2127/2127/2127 2125/2125/2125 2130/2130/2130
f 2125/2125/2125 2126/2126/2126 2131/2131/2131
f 2130/2130/2130 2125/2125/2125 2131/2131/2131
f 2128/2128/2128 2127/2127/2127 2132/2132/2132
f 2132/2132/2132 2127/2127/2127 2130/2130/2130
f 2129/2129/2129 2128/2128/2128 2133/2133/2133
f 2133/2133/2133 2128/2128/2128 2132/2132/2132
f 2126/2126/2126 2129/2129/2129 2134/2134/2134
f 2131/2131/2131 2126/2126/2126 2134/2134/2134
f 2134/2134/2134 2129/2129/2129 2133/2133/2133
f 2132/2132/2132 2130/2130/2130 2135/2135/2135
f 2130/2130/2130 2131/2131/2131 2136/2136/2136
f 2135/2135/2135 2130/2130/2130 2136/2136/2136
f 2133/2133/2133 2132/2132/2132 2137/2137/2137
f 2137/2137/2137 2132/2132/2132 2135/2135/2135
f 2134/2134/2134 2133/2133/2133 2138/2138/2138
f 2138/2138/2138 2133/2133/2133 2137/2137/2137
f 2131/2131/2131 2134/2134/2134 2139/2139/2139
f 2136/2136/2136 2131/2131/2131 2139/2139/2139
f 2139/2139/2139 2134/2134/2134 2138/2138/2138
f 2137/2137/2137 2135/2135/2135 2140/2140/2140
f 2135/2135/2135 2136/2136/2136 2141/2141/2141
f 2140/2140/2140 2135/2135/2135 2141/2141/2141
f 2138/2138/2138 2137/2137/2137 2142/2142/2142
f 2142/2142/2142 2137/2137/2137 2140/2140/2140
f 2139/2139/2139 2138/2138/2138 2143/2143/2143
f 2143/2143/2143 2138/2138/2138 2142/2142/2142
f 2136/2136/2136 2139/2139/2139 2144/2144/2144
f 2141/2141/2141 2136/2136/2136 2144/2144/2144
f 2144/2144/2144 2139/2139/2139 2143/2143/2143
f 2142/2142/2142 2140/2140/2140 2145/2145/2145
f 2140/2140/2140 2141/2141/2141 2146/2146/2146
f 2145/2145/2145 2140/2140/2140 2146/2146/2146
f 2143/2143/2143 2142/2142/2142 2147/2147/2147
f 2147/2147/2147 2142/2142/2142 2145/2145/2145
f 2144/2144/2144 2143/2143/2143 2148/2148/2148
f 2148/2148/2148 2143/2143/2143 2147/2147/2147
f 2141/2141/2141 2144/2144/2144 2149/2149/2149
f 2146/2146/2146 2141/2141/2141 2149/2149/2149
f 2149/2149/2149 2144/2144/2144 2148/2148/2148
f 2147/2147/2147 2145/2145/2145 2150/2150/2150
f 2145/2145/2145 2146/2146/2146 2151/2151/2151
f 2150/2150/2150 2145/2145/2145 2151/2151/2151
f 2148/2148/2148 2147/2147/2147 2152/2152/2152
f 2152/2152/2152 2147/2147/2147 2150/2150/2150
f 2149/2149/2149 2148/2148/2148 2153/2153/2153
f 2153/2153/2153 2148/2148/2148 2152/2152/2152
f 2146/2146/2146 2149/2149/2149 2154/2154/2154
f 2151/2151/2151 2146/2146/2146 2154/2154/2154
f 2154/2154/2154 2149/2149/2149 2153/2153/2153
f 2152/2152/2152 2150/2150/2150 2155/2155/2155
f 2150/2150/2150 2151/2151/2151 2156/2156/2156
f 2155/2155/2155 2150/2150/2150 2156/2156/2156
f 2153/2153/2153 2152/2152/2152 2157/2157/2157
f 2157/2157/2157 2152/2152/2152 2155/2155/2155
f 2154/2154/2154 2153/2153/2153 2158/2158/2158
f 2158/2158/2158 2153/2153/2153 2157/2157/2157
f 2151/2151/2151 2154/2154/2154 2159/2159/2159
f 2156/2156/2156 2151/2151/2151 2159/2159/2159
f 2159/2159/2159 2154/2154/2154 2158/2158/2158
f 2157/2157/2157 2155/2155/2155 2160/2160/2160
f 2155/2155/2155 2156/2156/2156 2161/2161/2161
f 2160/2160/2160 2155/2155/2155 2161/2161/2161
f 2158/2158/2158 2157/2157/2157 2162/2162/2162
f 2162/2162/2162 2157/2157/2157 2160/2160/2160
f 2159/2159/2159 2158/2158/2158 2163/2163/2163
f 2163/2163/2163 2158/2158/2158 2162/2162/2162
f 2156/2156/2156 2159/2159/2159 2164/2164/2164
f 2161/2161/2161 2156/2156/2156 2164/2164/2164
f 2164/2164/2164 2159/2159/2159 2163/2163/2163
f 2162/2162/2162 2160/2160/2160 2165/2165/2165
f 2160/2160/2160 2161/2161/2161 2166/2166/2166
f 2165/2165/2165 2160/2160/2160 2166/2166/2166
f 2163/2163/2163 2162/2162/2162 2167/2167/2167
f 2167/2167/2167 2162/2162/2162 2165/2165/2165
f 2164/2164/2164 2163/2163/2163 2168/2168/2168
f 2168/2168/2168 2163/2163/2163 2167/2167/2167
f 2161/2161/2161 2164/2164/2164 2169/2169/2169
f 2166/2166/2166 2161/2161/2161 2169/2169/2169
f 2169/2169/2169 2164/2164/2164 2168/2168/2168
f 2167/2167/2167 2165/2165/2165 2170/2170/2170
f 2165/2165/2165 2166/2166/2166 2171/2171/2171
f 2170/2170/2170 2165/2165/2165 2171/2171/2171
f 2168/2168/2168 2167/2167/2167 2172/2172/2172
f 2172/2172/2172 2167/2167/2167 2170/2170/2170
f 2169/2169/2169 2168/2168/2168 2173/2173/2173
f 2173/2173/2173 2168/2168/2168 2172/2172/2172
f 2166/2166/2166 2169/2169/2169 2174/2174/2174
f 2171/2171/2171 2166/2166/2166 2174/2174/2174
f 2174/2174/2174 2169/2169/2169 2173/2173/2173
f 2172/2172/2172 2170/2170/2170 2175/2175/2175
f 2170/2170/2170 2171/2171/2171 2176/2176/2176
f 2175/2175/2175 2170/2170/2170 2176/2176/2176
f 2173/2173/2173 2172/2172/2172 2177/2177/2177
f 2177/2177/2177 2172/2172/2172 2175/2175/2175
f 2174/2174/2174 2173/2173/2173 2178/2178/2178
f 2178/2178/2178 2173/2173/2173 2177/2177/2177
f 2171/2171/2171 2174/2174/2174 2179/2179/2179
f 2176/2176/2176 2171/2171/2171 2179/2179/2179
f 2179/2179/2179 2174/2174/2174 2178/2178/2178
f 2177/2177/2177 2175/2175/2175 2180/2180/2180
f 2175/2175/2175 2176/2176/2176 2181/2181/2181
f 2180/2180/2180 2175/2175/2175 2181/2181/2181
f 2178/2178/2178 2177/2177/2177 2182/2182/2182
f 2182/2182/2182 2177/2177/2177 2180/2180/2180
f 2179/2179/2179 2178/2178/2178 2183/2183/2183
f 2183/2183/2183 2178/2178/2178 2182/2182/2182
f 2176/2176/2176 2179/2179/2179 2184/2184/2184
f 2181/2181/2181 2176/2176/2176 2184/2184/2184
f 2184/2184/2184 2179/2179/2179 2183/2183/2183
f 2182/2182/2182 2180/2180/2180 2185/2185/2185
f 2180/2180/2180 2181/2181/2181 2186/2186/2186
f 2185/2185/2185 2180/2180/2180 2186/2186/2186
f 2183/2183/2183 2182/2182/2182 2187/2187/2187
f 2187/2187/2187 2182/2182/2182 2185/2185/2185
f 2184/2184/2184 2183/2183/2183 2188/2188/2188
f 2188/2188/2188 2183/2183/2183 2187/2187/2187
f 2181/2181/2181 2184/2184/2184 2189/2189/2189
f 2186/2186/2186 2181/2181/2181 2189/2189/2189
f 2189/2189/2189 2184/2184/2184 2188/2188/2188
f 2187/2187/2187 2185/2185/2185 2190/2190/2190
f 2185/2185/2185 2186/2186/2186 2191/2191/2191
f 2190/2190/2190 2185/2185/2185 2191/2191/2191
f 2188/2188/2188 2187/2187/2187 2192/2192/2192
f 2192/2192/2192 2187/2187/2187 2190/2190/2190
f 2189/2189/2189 2188/2188/2188 2193/2193/2193
f 2193/2193/2193 2188/2188/2188 2192/2192/2192
f 2186/2186/2186 2189/2189/2189 2194/2194/2194
f 2191/2191/2191 2186/2186/2186 2194/2194/2194
f 2194/2194/2194 2189/2189/2189 2193/2193/2193
f 2192/2192/2192 2190/2190/2190 2195/2195/2195
f 2190/2190/2190 2191/2191/2191 2196/2196/2196
f 2195/2195/2195 2190/2190/2190 2196/2196/2196
f 2193/2193/2193 2192/2192/2192 2197/2197/2197
f 2197/2197/2197 2192/2192/2192 2195/2195/2195
f 2194/2194/2194 2193/2193/2193 2198/2198/2198
f 2198/2198/2198 2193/2193/2193 2197/2197/2197
f 2191/2191/2191 2194/2194/2194 2199/2199/2199
f 2196/2196/2196 2191/2191/2191 2199/2199/2199
f 2199/2199/2199 2194/2194/2194 2198/2198/2198
f 2197/2197/2197 2195/2195/2195 2200/2200/2200
f 2195/2195/2195 2196/2196/2196 2201/2201/2201
f 2200/2200/2200 2195/2195/2195 2201/2201/2201
f 2198/2198/2198 2197/2197/2197 2202/2202/2202
f 2202/2202/2202 2197/2197/2197 2200/2200/2200
f 2199/2199/2199 2198/2198/2198 2203/2203/2203
f 2203/2203/2203 2198/2198/2198 2202/2202/2202
f 2196/2196/2196 2199/2199/2199 2204/2204/2204
f 2201/2201/2201 2196/2196/2196 2204/2204/2204
f 2204/2204/2204 2199/2199/2199 2203/2203/2203
f 2202/2202/2202 2200/2200/2200 2205/2205/2205
f 2200/2200/2200 2201/2201/2201 2206/2206/2206
f 2205/2205/2205 2200/2200/2200 2206/2206/2206
f 2203/2203/2203 2202/2202/2202 2207/2207/2207
f 2207/2207/2207 2202/2202/2202 2205/2205/2205
f 2204/2204/2204 2203/2203/2203 2208/2208/2208
f 2208/2208/2208 2203/2203/2203 2207/2207/2207
f 2201/2201/2201 2204/2204/2204 2209/2209/2209
f 2206/2206/2206 2201/2201/2201 2209/2209/2209
f 2209/2209/2209 2204/2204/2204 2208/2208/2208
f 2207/2207/2207 2205/2205/2205 2210/2210/2210
f 2211/2211/2211 2207/2207/2207 2210/2210/2210
f 2208/2208/2208 2207/2207/2207 2211/2211/2211
f 2210/2210/2210 2205/2205/2205 2212/2212/2212
f 2205/2205/2205 2206/2206/2206 2212/2212/2212
f 2213/2213/2213 2208/2208/2208 2211/2211/2211
f 2209/2209/2209 2208/2208/2208 2213/2213/2213
f 2212/2212/2212 2206/2206/2206 2214/2214/2214
f 2214/2214/2214 2209/2209/2209 2213/2213/2213
f 2206/2206/2206 2209/2209/2209 2214/2214/2214
f 2217/2217/2217 2216/2216/2216 2215/2215/2215
f 2218/2218/2218 2217/2217/2217 2215/2215/2215
f 2215/2215/2215 2216/2216/2216 2219/2219/2219
f 2220/2220/2220 2217/2217/2217 2218/2218/2218
f 2221/2221/2221 2220/2220/2220 2218/2218/2218
f 2216/2216/2216 2222/2222/2222 2219/2219/2219
f 2219/2219/2219 2222/2222/2222 2223/2223/2223
f 2223/2223/2223 2224/2224/2224 2221/2221/2221
f 2224/2224/2224 2220/2220/2220 2221/2221/2221
f 2222/2222/2222 2224/2224/2224 2223/2223/2223
f 2217/2217/2217 2225/2225/2225 2216/2216/2216
f 2220/2220/2220 2226/2226/2226 2217/2217/2217
f 2226/2226/2226 2225/2225/2225 2217/2217/2217
f 2224/2224/2224 2227/2227/2227 2220/2220/2220
f 2227/2227/2227 2226/2226/2226 2220/2220/2220
f 2222/2222/2222 2228/2228/2228 2224/2224/2224
f 2228/2228/2228 2227/2227/2227 2224/2224/2224
f 2216/2216/2216 2229/2229/2229 2222/2222/2222
f 2225/2225/2225 2229/2229/2229 2216/2216/2216
f 2229/2229/2229 2228/2228/2228 2222/2222/2222
f 2226/2226/2226 2230/2230/2230 2225/2225/2225
f 2227/2227/2227 2231/2231/2231 2226/2226/2226
f 2231/2231/2231 2230/2230/2230 2226/2226/2226
f 2228/2228/2228 2232/2232/2232 2227/2227/2227
f 2232/2232/2232 2231/2231/2231 2227/2227/2227
f 2225/2225/2225 2233/2233/2233 2229/2229/2229
f 2230/2230/2230 2233/2233/2233 2225/2225/2225
f 2229/2229/2229 2234/2234/2234 2228/2228/2228
f 2234/2234/2234 2232/2232/2232 2228/2228/2228
f 2233/2233/2233 2234/2234/2234 2229/2229/2229
f 2231/2231/2231 2235/2235/2235 2230/2230/2230
f 2232/2232/2232 2236/2236/2236 2231/2231/2231
f 2236/2236/2236 2235/2235/2235 2231/2231/2231
f 2234/2234/2234 2237/2237/2237 2232/2232/2232
f 2237/2237/2237 2236/2236/2236 2232/2232/2232
f 2233/2233/2233 2238/2238/2238 2234/2234/2234
f 2238/2238/2238 2237/2237/2237 2234/2234/2234
f 2230/2230/2230 2239/2239/2239 2233/2233/2233
f 2235/2235/2235 2239/2239/2239 2230/2230/2230
f 2239/2239/2239 2238/2238/2238 2233/2233/2233
f 2236/2236/2236 2240/2240/2240 2235/2235/2235
f 2237/2237/2237 2241/2241/2241 2236/2236/2236
f 2241/2241/2241 2240/2240/2240 2236/2236/2236
f 2238/2238/2238 2242/2242/2242 2237/2237/2237
f 2242/2242/2242 2241/2241/2241 2237/2237/2237
f 2239/2239/2239 2243/2243/2243 2238/2238/2238
f 2243/2243/2243 2242/2242/2242 2238/2238/2238
f 2235/2235/2235 2244/2244/2244 2239/2239/2239
f 2240/2240/2240 2244/2244/2244 2235/2235/2235
f 2244/2244/2244 2243/2243/2243 2239/2239/2239
f 2242/2242/2242 2245/2245/2245 2241/2241/2241
f 2241/2241/2241 2246/2246/2246 2240/2240/2240
f 2245/2245/2245 2246/2246/2246 2241/2241/2241
f 2243/2243/2243 2247/2247/2247 2242/2242/2242
f 2247/2247/2247 2245/2245/2245 2242/2242/2242
f 2244/2244/2244 2248/2248/2248 2243/2243/2243
f 2248/2248/2248 2247/2247/2247 2243/2243/2243
f 2240/2240/2240 2249/2249/2249 2244/2244/2244
f 2246/2246/2246 2249/2249/2249 2240/2240/2240
f 2249/2249/2249 2248/2248/2248 2244/2244/2244
f 2245/2245/2245 2250/2250/2250 2246/2246/2246
f 2247/2247/2247 2251/2251/2251 2245/2245/2245
f 2251/2251/2251 2250/2250/2250 2245/2245/2245
f 2248/2248/2248 2252/2252/2252 2247/2247/2247
f 2252/2252/2252 2251/2251/2251 2247/2247/2247
f 2249/2249/2249 2253/2253/2253 2248/2248/2248
f 2253/2253/2253 2252/2252/2252 2248/2248/2248
f 2246/2246/2246 2254/2254/2254 2249/2249/2249
f 2250/2250/2250 2254/2254/2254 2246/2246/2246
f 2254/2254/2254 2253/2253/2253 2249/2249/2249
f 2251/2251/2251 2255/2255/2255 2250/2250/2250
f 2252/2252/2252 2256/2256/2256 2251/2251/2251
f 2256/2256/2256 2255/2255/2255 2251/2251/2251
f 2253/2253/2253 2257/2257/2257 2252/2252/2252
f 2257/2257/2257 2256/2256/2256 2252/2252/2252
f 2250/2250/2250 2258/2258/2258 2254/2254/2254
f 2255/2255/2255 2258/2258/2258 2250/2250/2250
f 2254/2254/2254 2259/2259/2259 2253/2253/2253
f 2259/2259/2259 2257/2257/2257 2253/2253/2253
f 2258/2258/2258 2259/2259/2259 2254/2254/2254
f 2256/2256/2256 2260/2260/2260 2255/2255/2255
f 2257/2257/2257 2261/2261/2261 2256/2256/2256
f 2261/2261/2261 2260/2260/2260 2256/2256/2256
f 2259/2259/2259 2262/2262/2262 2257/2257/2257
f 2262/2262/2262 2261/2261/2261 2257/2257/2257
f 2258/2258/2258 2263/2263/2263 2259/2259/2259
f 2263/2263/2263 2262/2262/2262 2259/2259/2259
f 2255/2255/2255 2264/2264/2264 2258/2258/2258
f 2260/2260/2260 2264/2264/2264 2255/2255/2255
f 2264/2264/2264 2263/2263/2263 2258/2258/2258
f 2261/2261/2261 2265/2265/2265 2260/2260/2260
f 2262/2262/2262 2266/2266/2266 2261/2261/2261
f 2266/2266/2266 2265/2265/2265 2261/2261/2261
f 2263/2263/2263 2267/2267/2267 2262/2262/2262
f 2267/2267/2267 2266/2266/2266 2262/2262/2262
f 2264/2264/2264 2268/2268/2268 2263/2263/2263
f 2268/2268/2268 2267/2267/2267 2263/2263/2263
f 2260/2260/2260 2269/2269/2269 2264/2264/2264
f 2265/2265/2265 2269/2269/2269 2260/2260/2260
f 2269/2269/2269 2268/2268/2268 2264/2264/2264
f 2267/2267/2267 2270/2270/2270 2266/2266/2266
f 2266/2266/2266 2271/2271/2271 2265/2265/2265
f 2270/2270/2270 2271/2271/2271 2266/2266/2266
f 2268/2268/2268 2272/2272/2272 2267/2267/2267
f 2272/2272/2272 2270/2270/2270 2267/2267/2267
f 2269/2269/2269 2273/2273/2273 2268/2268/2268
f 2273/2273/2273 2272/2272/2272 2268/2268/2268
f 2265/2265/2265 2274/2274/2274 2269/2269/2269
f 2271/2271/2271 2274/2274/2274 2265/2265/2265
f 2274/2274/2274 2273/2273/2273 2269/2269/2269
f 2270/2270/2270 2275/2275/2275 2271/2271/2271
f 2272/2272/2272 2276/2276/2276 2270/2270/2270
f 2276/2276/2276 2275/2275/2275 2270/2270/2270
f 2273/2273/2273 2277/2277/2277 2272/2272/2272
f 2277/2277/2277 2276/2276/2276 2272/2272/2272
f 2274/2274/2274 2278/2278/2278 2273/2273/2273
f 2278/2278/2278 2277/2277/2277 2273/2273/2273
f 2271/2271/2271 2279/2279/2279 2274/2274/2274
f 2275/2275/2275 2279/2279/2279 2271/2271/2271
f 2279/2279/2279 2278/2278/2278 2274/2274/2274
f 2276/2276/2276 2280/2280/2280 2275/2275/2275
f 2277/2277/2277 2281/2281/2281 2276/2276/2276
f 2281/2281/2281 2280/2280/2280 2276/2276/2276
f 2278/2278/2278 2282/2282/2282 2277/2277/2277
f 2282/2282/2282 2281/2281/2281 2277/2277/2277
f 2275/2275/2275 2283/2283/2283 2279/2279/2279
f 2280/2280/2280 2283/2283/2283 2275/2275/2275
f 2279/2279/2279 2284/2284/2284 2278/2278/2278
f 2284/2284/2284 2282/2282/2282 2278/2278/2278
f 2283/2283/2283 2284/2284/2284 2279/2279/2279
f 2281/2281/2281 2285/2285/2285 2280/2280/2280
f 2282/2282/2282 2286/2286/2286 2281/2281/2281
f 2286/2286/2286 2285/2285/2285 2281/2281/2281
f 2284/2284/2284 2287/2287/2287 2282/2282/2282
f 2287/2287/2287 2286/2286/2286 2282/2282/2282
f 2283/2283/2283 2288/2288/2288 2284/2284/2284
f 2288/2288/2288 2287/2287/2287 2284/2284/2284
f 2280/2280/2280 2289/2289/2289 2283/2283/2283
f 2285/2285/2285 2289/2289/2289 2280/2280/2280
f 2289/2289/2289 2288/2288/2288 2283/2283/2283
f 2286/2286/2286 2290/2290/2290 2285/2285/2285
f 2287/2287/2287 2291/2291/2291 2286/2286/2286
f 2291/2291/2291 2290/2290/2290 2286/2286/2286
f 2288/2288/2288 2292/2292/2292 2287/2287/2287
f 2292/2292/2292 2291/2291/2291 2287/2287/2287
f 2289/2289/2289 2293/2293/2293 2288/2288/2288
f 2293/2293/2293 2292/2292/2292 2288/2288/2288
f 2285/2285/2285 2294/2294/2294 2289/2289/2289
f 2290/2290/2290 2294/2294/2294 2285/2285/2285
f 2294/2294/2294 2293/2293/2293 2289/2289/2289
f 2292/2292/2292 2295/2295/2295 2291/2291/2291
f 2291/2291/2291 2296/2296/2296 2290/2290/2290
f 2295/2295/2295 2296/2296/2296 2291/2291/2291
f 2293/2293/2293 2297/2297/2297 2292/2292/2292
f 2297/2297/2297 2295/2295/2295 2292/2292/2292
f 2294/2294/2294 2298/2298/2298 2293/2293/2293
f 2298/2298/2298 2297/2297/2297 2293/2293/2293
f 2290/2290/2290 2299/2299/2299 2294/2294/2294
f 2296/2296/2296 2299/2299/2299 2290/2290/2290
f 2299/2299/2299 2298/2298/2298 2294/2294/2294
f 2295/2295/2295 2300/2300/2300 2296/2296/2296
f 2297/2297/2297 2301/2301/2301 2295/2295/2295
f 2301/2301/2301 2300/2300/2300 2295/2295/2295
f 2298/2298/2298 2302/2302/2302 2297/2297/2297
f 2302/2302/2302 2301/2301/2301 2297/2297/2297
f 2299/2299/2299 2303/2303/2303 2298/2298/2298
f 2303/2303/2303 2302/2302/2302 2298/2298/2298
f 2296/2296/2296 2304/2304/2304 2299/2299/2299
f 2300/2300/2300 2304/2304/2304 2296/2296/2296
f 2304/2304/2304 2303/2303/2303 2299/2299/2299
f 2301/2301/2301 2305/2305/2305 2300/2300/2300
f 2302/2302/2302 2306/2306/2306 2301/2301/2301
f 2306/2306/2306 2305/2305/2305 2301/2301/2301
f 2303/2303/2303 2307/2307/2307 2302/2302/2302
f 2307/2307/2307 2306/2306/2306 2302/2302/2302
f 2300/2300/2300 2308/2308/2308 2304/2304/2304
f 2305/2305/2305 2308/2308/2308 2300/2300/2300
f 2304/2304/2304 2309/2309/2309 2303/2303/2303
f 2309/2309/2309 2307/2307/2307 2303/2303/2303
f 2308/2308/2308 2309/2309/2309 2304/2304/2304
f 2306/2306/2306 2310/2310/2310 2305/2305/2305
f 2307/2307/2307 2311/2311/2311 2306/2306/2306
f 2311/2311/2311 2310/2310/2310 2306/2306/2306
f 2309/2309/2309 2312/2312/2312 2307/2307/2307
f 2312/2312/2312 2311/2311/2311 2307/2307/2307
f 2308/2308/2308 2313/2313/2313 2309/2309/2309
f 2313/2313/2313 2312/2312/2312 2309/2309/2309
f 2305/2305/2305 2314/2314/2314 2308/2308/2308
f 2310/2310/2310 2314/2314/2314 2305/2305/2305
f 2314/2314/2314 2313/2313/2313 2308/2308/2308
f 2311/2311/2311 2315/2315/2315 2310/2310/2310
f 2312/2312/2312 2316/2316/2316 2311/2311/2311
f 2316/2316/2316 2315/2315/2315 2311/2311/2311
f 2313/2313/2313 2317/2317/2317 2312/2312/2312
f 2317/2317/2317 2316/2316/2316 2312/2312/2312
f 2314/2314/2314 2318/2318/2318 2313/2313/2313
f 2318/2318/2318 2317/2317/2317 2313/2313/2313
f 2310/2310/2310 2319/2319/2319 2314/2314/2314
f 2315/2315/2315 2319/2319/2319 2310/2310/2310
f 2319/2319/2319 2318/2318/2318 2314/2314/2314
f 2317/2317/2317 2320/2320/2320 2316/2316/2316
f 2316/2316/2316 2321/2321/2321 2315/2315/2315
f 2320/2320/2320 2321/2321/2321 2316/2316/2316
f 2318/2318/2318 2322/2322/2322 2317/2317/2317
f 2322/2322/2322 2320/2320/2320 2317/2317/2317
f 2319/2319/2319 2323/2323/2323 2318/2318/2318
f 2323/2323/2323 2322/2322/2322 2318/2318/2318
f 2315/2315/2315 2324/2324/2324 2319/2319/2319
f 2321/2321/2321 2324/2324/2324 2315/2315/2315
f 2324/2324/2324 2323/2323/2323 2319/2319/2319
f 2320/2320/2320 2325/2325/2325 2321/2321/2321
f 2325/2325/2325 2326/2326/2326 2321/2321/2321
f 2321/2321/2321 2326/2326/2326 2324/2324/2324
f 2327/2327/2327 2325/2325/2325 2320/2320/2320
f 2322/2322/2322 2327/2327/2327 2320/2320/2320
f 2326/2326/2326 2328/2328/2328 2324/2324/2324
f 2324/2324/2324 2328/2328/2328 2323/2323/2323
f 2329/2329/2329 2327/2327/2327 2322/2322/2322
f 2323/2323/2323 2329/2329/2329 2322/2322/2322
f 2328/2328/2328 2329/2329/2329 2323/2323/2323
f 2332/2332/2332 2331/2331/2331 2330/2330/2330
f 2333/2333/2333 2332/2332/2332 2330/2330/2330
f 2330/2330/2330 2331/2331/2331 2334/2334/2334
f 2335/2335/2335 2332/2332/2332 2333/2333/2333
f 2336/2336/2336 2335/2335/2335 2333/2333/2333
f 2331/2331/2331 2337/2337/2337 2334/2334/2334
f 2334/2334/2334 2337/2337/2337 2338/2338/2338
f 2338/2338/2338 2339/2339/2339 2336/2336/2336
f 2339/2339/2339 2335/2335/2335 2336/2336/2336
f 2337/2337/2337 2339/2339/2339 2338/2338/2338
f 2332/2332/2332 2340/2340/2340 2331/2331/2331
f 2335/2335/2335 2341/2341/2341 2332/2332/2332
f 2341/2341/2341 2340/2340/2340 2332/2332/2332
f 2339/2339/2339 2342/2342/2342 2335/2335/2335
f 2342/2342/2342 2341/2341/2341 2335/2335/2335
f 2337/2337/2337 2343/2343/2343 2339/2339/2339
f 2343/2343/2343 2342/2342/2342 2339/2339/2339
f 2331/2331/2331 2344/2344/2344 2337/2337/2337
f 2340/2340/2340 2344/2344/2344 2331/2331/2331
f 2344/2344/2344 2343/2343/2343 2337/2337/2337
f 2341/2341/2341 2345/2345/2345 2340/2340/2340
f 2345/2345/2345 2346/2346/2346 2340/2340/2340
f 2340/2340/2340 2346/2346/2346 2344/2344/2344
f 2347/2347/2347 2345/2345/2345 2341/2341/2341
f 2342/2342/2342 2347/2347/2347 2341/2341/2341
f 2346/2346/2346 2348/2348/2348 2344/2344/2344
f 2344/2344/2344 2348/2348/2348 2343/2343/2343
f 2349/2349/2349 2347/2347/2347 2342/2342/2342
f 2343/2343/2343 2349/2349/2349 2342/2342/2342
f 2348/2348/2348 2349/2349/2349 2343/2343/2343
f 2352/2352/2352 2351/2351/2351 2350/2350/2350
f 2353/2353/2353 2352/2352/2352 2350/2350/2350
f 2350/2350/2350 2351/2351/2351 2354/2354/2354
f 2355/2355/2355 2352/2352/2352 2353/2353/2353
f 2356/2356/2356 2355/2355/2355 2353/2353/2353
f 2351/2351/2351 2357/2357/2357 2354/2354/2354
f 2354/2354/2354 2357/2357/2357 2358/2358/2358
f 2358/2358/2358 2359/2359/2359 2356/2356/2356
f 2359/2359/2359 2355/2355/2355 2356/2356/2356
f 2357/2357/2357 2359/2359/2359 2358/2358/2358
f 2352/2352/2352 2360/2360/2360 2351/2351/2351
f 2360/2360/2360 2361/2361/2361 2351/2351/2351
f 2351/2351/2351 2361/2361/2361 2357/2357/2357
f 2362/2362/2362 2360/2360/2360 2352/2352/2352
f 2355/2355/2355 2362/2362/2362 2352/2352/2352
f 2361/2361/2361 2363/2363/2363 2357/2357/2357
f 2357/2357/2357 2363/2363/2363 2359/2359/2359
f 2364/2364/2364 2362/2362/2362 2355/2355/2355
f 2359/2359/2359 2364/2364/2364 2355/2355/2355
f 2363/2363/2363 2364/2364/2364 2359/2359/2359
f 2367/2367/2367 2366/2366/2366 2365/2365/2365
f 2368/2368/2368 2367/2367/2367 2365/2365/2365
f 2365/2365/2365 2366/2366/2366 2369/2369/2369
f 2370/2370/2370 2367/2367/2367 2368/2368/2368
f 2371/2371/2371 2370/2370/2370 2368/2368/2368
f 2366/2366/2366 2372/2372/2372 2369/2369/2369
f 2369/2369/2369 2372/2372/2372 2373/2373/2373
f 2373/2373/2373 2374/2374/2374 2371/2371/2371
f 2374/2374/2374 2370/2370/2370 2371/2371/2371
f 2372/2372/2372 2374/2374/2374 2373/2373/2373
f 2367/2367/2367 2375/2375/2375 2366/2366/2366
f 2370/2370/2370 2376/2376/2376 2367/2367/2367
f 2376/2376/2376 2375/2375/2375 2367/2367/2367
f 2374/2374/2374 2377/2377/2377 2370/2370/2370
f 2377/2377/2377 2376/2376/2376 2370/2370/2370
f 2372/2372/2372 2378/2378/2378 2374/2374/2374
f 2378/2378/2378 2377/2377/2377 2374/2374/2374
f 2366/2366/2366 2379/2379/2379 2372/2372/2372
f 2375/2375/2375 2379/2379/2379 2366/2366/2366
f 2379/2379/2379 2378/2378/2378 2372/2372/2372
f 2376/2376/2376 2380/2380/2380 2375/2375/2375
f 2380/2380/2380 2381/2381/2381 2375/2375/2375
f 2375/2375/2375 2381/2381/2381 2379/2379/2379
f 2382/2382/2382 2380/2380/2380 2376/2376/2376
f 2377/2377/2377 2382/2382/2382 2376/2376/2376
f 2381/2381/2381 2383/2383/2383 2379/2379/2379
f 2379/2379/2379 2383/2383/2383 2378/2378/2378
f 2384/2384/2384 2382/2382/2382 2377/2377/2377
f 2378/2378/2378 2384/2384/2384 2377/2377/2377
f 2383/2383/2383 2384/2384/2384 2378/2378/2378
f 2387/2387/2387 2386/2386/2386 2385/2385/2385
f 2388/2388/2388 2387/2387/2387 2385/2385/2385
f 2385/2385/2385 2386/2386/2386 2389/2389/2389
f 2390/2390/2390 2387/2387/2387 2388/2388/2388
f 2391/2391/2391 2390/2390/2390 2388/2388/2388
f 2386/2386/2386 2392/2392/2392 2389/2389/2389
f 2389/2389/2389 2392/2392/2392 2393/2393/2393
f 2393/2393/2393 2394/2394/2394 2391/2391/2391
f 2394/2394/2394 2390/2390/2390 2391/2391/2391
f 2392/2392/2392 2394/2394/2394 2393/2393/2393
f 2387/2387/2387 2395/2395/2395 2386/2386/2386
f 2395/2395/2395 2396/2396/2396 2386/2386/2386
f 2386/2386/2386 2396/2396/2396 2392/2392/2392
f 2397/2397/2397 2395/2395/2395 2387/2387/2387
f 2390/2390/2390 2397/2397/2397 2387/2387/2387
f 2396/2396/2396 2398/2398/2398 2392/2392/2392
f 2392/2392/2392 2398/2398/2398 2394/2394/2394
f 2399/2399/2399 2397/2397/2397 2390/2390/2390
f 2394/2394/2394 2399/2399/2399 2390/2390/2390
f 2398/2398/2398 2399/2399/2399 2394/2394/2394
f 2402/2402/2402 2401/2401/2401 2400/2400/2400
f 2403/2403/2403 2402/2402/2402 2400/2400/2400
f 2400/2400/2400 2401/2401/2401 2404/2404/2404
f 2405/2405/2405 2402/2402/2402 2403/2403/2403
f 2406/2406/2406 2405/2405/2405 2403/2403/2403
f 2401/2401/2401 2407/2407/2407 2404/2404/2404
f 2404/2404/2404 2407/2407/2407 2408/2408/2408
f 2408/2408/2408 2409/2409/2409 2406/2406/2406
f 2409/2409/2409 2405/2405/2405 2406/2406/2406
f 2407/2407/2407 2409/2409/2409 2408/2408/2408
f 2402/2402/2402 2410/2410/2410 2401/2401/2401
f 2405/2405/2405 2411/2411/2411 2402/2402/2402
f 2411/2411/2411 2410/2410/2410 2402/2402/2402
f 2409/2409/2409 2412/2412/2412 2405/2405/2405
f 2412/2412/2412 2411/2411/2411 2405/2405/2405
f 2407/2407/2407 2413/2413/2413 2409/2409/2409
f 2413/2413/2413 2412/2412/2412 2409/2409/2409
f 2401/2401/2401 2414/2414/2414 2407/2407/2407
f 2410/2410/2410 2414/2414/2414 2401/2401/2401
f 2414/2414/2414 2413/2413/2413 2407/2407/2407
f 2411/2411/2411 2415/2415/2415 2410/2410/2410
f 2415/2415/2415 2416/2416/2416 2410/2410/2410
f 2410/2410/2410 2416/2416/2416 2414/2414/2414
f 2417/2417/2417 2415/2415/2415 2411/2411/2411
f 2412/2412/2412 2417/2417/2417 2411/2411/2411
f 2416/2416/2416 2418/2418/2418 2414/2414/2414
f 2414/2414/2414 2418/2418/2418 2413/2413/2413
f 2419/2419/2419 2417/2417/2417 2412/2412/2412
f 2413/2413/2413 2419/2419/2419 2412/2412/2412
f 2418/2418/2418 2419/2419/2419 2413/2413/2413
f 2422/2422/2422 2421/2421/2421 2420/2420/2420
f 2423/2423/2423 2422/2422/2422 2420/2420/2420
f 2420/2420/2420 2421/2421/2421 2424/2424/2424
f 2425/2425/2425 2422/2422/2422 2423/2423/2423
f 2426/2426/2426 2425/2425/2425 2423/2423/2423
f 2421/2421/2421 2427/2427/2427 2424/2424/2424
f 2424/2424/2424 2427/2427/2427 2428/2428/2428
f 2428/2428/2428 2429/2429/2429 2426/2426/2426
f 2429/2429/2429 2425/2425/2425 2426/2426/2426
f 2427/2427/2427 2429/2429/2429 2428/2428/2428
f 2422/2422/2422 2430/2430/2430 2421/2421/2421
f 2430/2430/2430 2431/2431/2431 2421/2421/2421
f 2421/2421/2421 2431/2431/2431 2427/2427/2427
f 2432/2432/2432 2430/2430/2430 2422/2422/2422
f 2425/2425/2425 2432/2432/2432 2422/2422/2422
f 2431/2431/2431 2433/2433/2433 2427/2427/2427
f 2427/2427/2427 2433/2433/2433 2429/2429/2429
f 2434/2434/2434 2432/2432/2432 2425/2425/2425
f 2429/2429/2429 2434/2434/2434 2425/2425/2425
f 2433/2433/2433 2434/2434/2434 2429/2429/2429
f 2437/2437/2437 2436/2436/2436 2435/2435/2435
f 2438/2438/2438 2437/2437/2437 2435/2435/2435
f 2435/2435/2435 2436/2436/2436 2439/2439/2439
f 2440/2440/2440 2437/2437/2437 2438/2438/2438
f 2441/2441/2441 2440/2440/2440 2438/2438/2438
f 2436/2436/2436 2442/2442/2442 2439/2439/2439
f 2439/2439/2439 2442/2442/2442 2443/2443/2443
f 2443/2443/2443 2444/2444/2444 2441/2441/2441
f 2444/2444/2444 2440/2440/2440 2441/2441/2441
f 2442/2442/2442 2444/2444/2444 2443/2443/2443
f 2437/2437/2437 2445/2445/2445 2436/2436/2436
f 2440/2440/2440 2446/2446/2446 2437/2437/2437
f 2446/2446/2446 2445/2445/2445 2437/2437/2437
f 2444/2444/2444 2447/2447/2447 2440/2440/2440
f 2447/2447/2447 2446/2446/2446 2440/2440/2440
f 2442/2442/2442 2448/2448/2448 2444/2444/2444
f 2448/2448/2448 2447/2447/2447 2444/2444/2444
f 2436/2436/2436 2449/2449/2449 2442/2442/2442
f 2445/2445/2445 2449/2449/2449 2436/2436/2436
f 2449/2449/2449 2448/2448/2448 2442/2442/2442
f 2446/2446/2446 2450/2450/2450 2445/2445/2445
f 2450/2450/2450 2451/2451/2451 2445/2445/2445
f 2445/2445/2445 2451/2451/2451 2449/2449/2449
f 2452/2452/2452 2450/2450/2450 2446/2446/2446
f 2447/2447/2447 2452/2452/2452 2446/2446/2446
f 2451/2451/2451 2453/2453/2453 2449/2449/2449
f 2449/2449/2449 2453/2453/2453 2448/2448/2448
f 2454/2454/2454 2452/2452/2452 2447/2447/2447
f 2448/2448/2448 2454/2454/2454 2447/2447/2447
f 2453/2453/2453 2454/2454/2454 2448/2448/2448
f 2457/2457/2457 2456/2456/2456 2455/2455/2455
f 2458/2458/2458 2457/2457/2457 2455/2455/2455
f 2455/2455/2455 2456/2456/2456 2459/2459/2459
f 2460/2460/2460 2457/2457/2457 2458/2458/2458
f 2461/2461/2461 2460/2460/2460 2458/2458/2458
f 2456/2456/2456 2462/2462/2462 2459/2459/2459
f 2459/2459/2459 2462/2462/2462 2463/2463/2463
f 2463/2463/2463 2464/2464/2464 2461/2461/2461
f 2464/2464/2464 2460/2460/2460 2461/2461/2461
f 2462/2462/2462 2464/2464/2464 2463/2463/2463
f 2457/2457/2457 2465/2465/2465 2456/2456/2456
f 2460/2460/2460 2466/2466/2466 2457/2457/2457
f 2466/2466/2466 2465/2465/2465 2457/2457/2457
f 2464/2464/2464 2467/2467/2467 2460/2460/2460
f 2467/2467/2467 2466/2466/2466 2460/2460/2460
f 2462/2462/2462 2468/2468/2468 2464/2464/2464
f 2468/2468/2468 2467/2467/2467 2464/2464/2464
f 2456/2456/2456 2469/2469/2469 2462/2462/2462
f 2465/2465/2465 2469/2469/2469 2456/2456/2456
f 2469/2469/2469 2468/2468/2468 2462/2462/2462
f 2466/2466/2466 2470/2470/2470 2465/2465/2465
f 2470/2470/2470 2471/2471/2471 2465/2465/2465
f 2465/2465/2465 2471/2471/2471 2469/2469/2469
f 2472/2472/2472 2470/2470/2470 2466/2466/2466
f 2467/2467/2467 2472/2472/2472 2466/2466/2466
f 2471/2471/2471 2473/2473/2473 2469/2469/2469
f 2469/2469/2469 2473/2473/2473 2468/2468/2468
f 2474/2474/2474 2472/2472/2472 2467/2467/2467
f 2468/2468/2468 2474/2474/2474 2467/2467/2467
f 2473/2473/2473 2474/2474/2474 2468/2468/2468
f 2477/2477/2477 2476/2476/2476 2475/2475/2475
f 2478/2478/2478 2477/2477/2477 2475/2475/2475
f 2475/2475/2475 2476/2476/2476 2479/2479/2479
f 2480/2480/2480 2477/2477/2477 2478/2478/2478
f 2481/2481/2481 2480/2480/2480 2478/2478/2478
f 2476/2476/2476 2482/2482/2482 2479/2479/2479
f 2479/2479/2479 2482/2482/2482 2483/2483/2483
f 2483/2483/2483 2484/2484/2484 2481/2481/2481
f 2484/2484/2484 2480/2480/2480 2481/2481/2481
f 2482/2482/2482 2484/2484/2484 2483/2483/2483
f 2477/2477/2477 2485/2485/2485 2476/2476/2476
f 2485/2485/2485 2486/2486/2486 2476/2476/2476
f 2476/2476/2476 2486/2486/2486 2482/2482/2482
f 2487/2487/2487 2485/2485/2485 2477/2477/2477
f 2480/2480/2480 2487/2487/2487 2477/2477/2477
f 2486/2486/2486 2488/2488/2488 2482/2482/2482
f 2482/2482/2482 2488/2488/2488 2484/2484/2484
f 2489/2489/2489 2487/2487/2487 2480/2480/2480
f 2484/2484/2484 2489/2489/2489 2480/2480/2480
f 2488/2488/2488 2489/2489/2489 2484/2484/2484
f 2492/2492/2492 2491/2491/2491 2490/2490/2490
f 2493/2493/2493 2492/2492/2492 2490/2490/2490
f 2490/2490/2490 2491/2491/2491 2494/2494/2494
f 2495/2495/2495 2492/2492/2492 2493/2493/2493
f 2496/2496/2496 2495/2495/2495 2493/2493/2493
f 2491/2491/2491 2497/2497/2497 2494/2494/2494
f 2494/2494/2494 2497/2497/2497 2498/2498/2498
f 2498/2498/2498 2499/2499/2499 2496/2496/2496
f 2499/2499/2499 2495/2495/2495 2496/2496/2496
f 2497/2497/2497 2499/2499/2499 2498/2498/2498
f 2492/2492/2492 2500/2500/2500 2491/2491/2491
f 2495/2495/2495 2501/2501/2501 2492/2492/2492
f 2501/2501/2501 2500/2500/2500 2492/2492/2492
f 2499/2499/2499 2502/2502/2502 2495/2495/2495
f 2502/2502/2502 2501/2501/2501 2495/2495/2495
f 2497/2497/2497 2503/2503/2503 2499/2499/2499
f 2503/2503/2503 2502/2502/2502 2499/2499/2499
f 2491/2491/2491 2504/2504/2504 2497/2497/2497
f 2500/2500/2500 2504/2504/2504 2491/2491/2491
f 2504/2504/2504 2503/2503/2503 2497/2497/2497
f 2501/2501/2501 2505/2505/2505 2500/2500/2500
f 2505/2505/2505 2506/2506/2506 2500/2500/2500
f 2500/2500/2500 2506/2506/2506 2504/2504/2504
f 2507/2507/2507 2505/2505/2505 2501/2501/2501
f 2502/2502/2502 2507/2507/2507 2501/2501/2501
f 2506/2506/2506 2508/2508/2508 2504/2504/2504
f 2504/2504/2504 2508/2508/2508 2503/2503/2503
f 2509/2509/2509 2507/2507/2507 2502/2502/2502
f 2503/2503/2503 2509/2509/2509 2502/2502/2502
f 2508/2508/2508 2509/2509/2509 2503/2503/2503
f 2512/2512/2512 2511/2511/2511 2510/2510/2510
f 2513/2513/2513 2512/2512/2512 2510/2510/2510
f 2510/2510/2510 2511/2511/2511 2514/2514/2514
f 2515/2515/2515 2512/2512/2512 2513/2513/2513
f 2516/2516/2516 2515/2515/2515 2513/2513/2513
f 2511/2511/2511 2517/2517/2517 2514/2514/2514
f 2514/2514/2514 2517/2517/2517 2518/2518/2518
f 2518/2518/2518 2519/2519/2519 2516/2516/2516
f 2519/2519/2519 2515/2515/2515 2516/2516/2516
f 2517/2517/2517 2519/2519/2519 2518/2518/2518
f 2512/2512/2512 2520/2520/2520 2511/2511/2511
f 2520/2520/2520 2521/2521/2521 2511/2511/2511
f 2511/2511/2511 2521/2521/2521 2517/2517/2517
f 2522/2522/2522 2520/2520/2520 2512/2512/2512
f 2515/2515/2515 2522/2522/2522 2512/2512/2512
f 2521/2521/2521 2523/2523/2523 2517/2517/2517
f 2517/2517/2517 2523/2523/2523 2519/2519/2519
f 2524/2524/2524 2522/2522/2522 2515/2515/2515
f 2519/2519/2519 2524/2524/2524 2515/2515/2515
f 2523/2523/2523 2524/2524/2524 2519/2519/2519
f 2527/2527/2527 2526/2526/2526 2525/2525/2525
f 2528/2528/2528 2527/2527/2527 2525/2525/2525
f 2525/2525/2525 2526/2526/2526 2529/2529/2529
f 2530/2530/2530 2527/2527/2527 2528/2528/2528
f 2531/2531/2531 2530/2530/2530 2528/2528/2528
f 2526/2526/2526 2532/2532/2532 2529/2529/2529
f 2529/2529/2529 2532/2532/2532 2533/2533/2533
f 2533/2533/2533 2534/2534/2534 2531/2531/2531
f 2534/2534/2534 2530/2530/2530 2531/2531/2531
f 2532/2532/2532 2534/2534/2534 2533/2533/2533
f 2527/2527/2527 2535/2535/2535 2526/2526/2526
f 2535/2535/2535 2536/2536/2536 2526/2526/2526
f 2526/2526/2526 2536/2536/2536 2532/2532/2532
f 2537/2537/2537 2535/2535/2535 2527/2527/2527
f 2530/2530/2530 2537/2537/2537 2527/2527/2527
f 2536/2536/2536 2538/2538/2538 2532/2532/2532
f 2532/2532/2532 2538/2538/2538 2534/2534/2534
f 2539/2539/2539 2537/2537/2537 2530/2530/2530
f 2534/2534/2534 2539/2539/2539 2530/2530/2530
f 2538/2538/2538 2539/2539/2539 2534/2534/2534
f 2542/2542/2542 2541/2541/2541 2540/2540/2540
f 2543/2543/2543 2542/2542/2542 2540/2540/2540
f 2540/2540/2540 2541/2541/2541 2544/2544/2544
f 2545/2545/2545 2542/2542/2542 2543/2543/2543
f 2546/2546/2546 2545/2545/2545 2543/2543/2543
f 2541/2541/2541 2547/2547/2547 2544/2544/2544
f 2544/2544/2544 2547/2547/2547 2548/2548/2548
f 2548/2548/2548 2549/2549/2549 2546/2546/2546
f 2549/2549/2549 2545/2545/2545 2546/2546/2546
f 2547/2547/2547 2549/2549/2549 2548/2548/2548
f 2542/2542/2542 2550/2550/2550 2541/2541/2541
f 2545/2545/2545 2551/2551/2551 2542/2542/2542
f 2551/2551/2551 2550/2550/2550 2542/2542/2542
f 2549/2549/2549 2552/2552/2552 2545/2545/2545
f 2552/2552/2552 2551/2551/2551 2545/2545/2545
f 2547/2547/2547 2553/2553/2553 2549/2549/2549
f 2553/2553/2553 2552/2552/2552 2549/2549/2549
f 2541/2541/2541 2554/2554/2554 2547/2547/2547
f 2550/2550/2550 2554/2554/2554 2541/2541/2541
f 2554/2554/2554 2553/2553/2553 2547/2547/2547
f 2551/2551/2551 2555/2555/2555 2550/2550/2550
f 2552/2552/2552 2556/2556/2556 2551/2551/2551
f 2556/2556/2556 2555/2555/2555 2551/2551/2551
f 2553/2553/2553 2557/2557/2557 2552/2552/2552
f 2557/2557/2557 2556/2556/2556 2552/2552/2552
f 2550/2550/2550 2558/2558/2558 2554/2554/2554
f 2555/2555/2555 2558/2558/2558 2550/2550/2550
f 2554/2554/2554 2559/2559/2559 2553/2553/2553
f 2559/2559/2559 2557/2557/2557 2553/2553/2553
f 2558/2558/2558 2559/2559/2559 2554/2554/2554
f 2556/2556/2556 2560/2560/2560 2555/2555/2555
f 2557/2557/2557 2561/2561/2561 2556/2556/2556
f 2561/2561/2561 2560/2560/2560 2556/2556/2556
f 2559/2559/2559 2562/2562/2562 2557/2557/2557
f 2562/2562/2562 2561/2561/2561 2557/2557/2557
f 2558/2558/2558 2563/2563/2563 2559/2559/2559
f 2563/2563/2563 2562/2562/2562 2559/2559/2559
f 2555/2555/2555 2564/2564/2564 2558/2558/2558
f 2560/2560/2560 2564/2564/2564 2555/2555/2555
f 2564/2564/2564 2563/2563/2563 2558/2558/2558
f 2561/2561/2561 2565/2565/2565 2560/2560/2560
f 2562/2562/2562 2566/2566/2566 2561/2561/2561
f 2566/2566/2566 2565/2565/2565 2561/2561/2561
f 2563/2563/2563 2567/2567/2567 2562/2562/2562
f 2567/2567/2567 2566/2566/2566 2562/2562/2562
f 2564/2564/2564 2568/2568/2568 2563/2563/2563
f 2568/2568/2568 2567/2567/2567 2563/2563/2563
f 2560/2560/2560 2569/2569/2569 2564/2564/2564
f 2565/2565/2565 2569/2569/2569 2560/2560/2560
f 2569/2569/2569 2568/2568/2568 2564/2564/2564
f 2567/2567/2567 2570/2570/2570 2566/2566/2566
f 2566/2566/2566 2571/2571/2571 2565/2565/2565
f 2570/2570/2570 2571/2571/2571 2566/2566/2566
f 2568/2568/2568 2572/2572/2572 2567/2567/2567
f 2572/2572/2572 2570/2570/2570 2567/2567/2567
f 2569/2569/2569 2573/2573/2573 2568/2568/2568
f 2573/2573/2573 2572/2572/2572 2568/2568/2568
f 2565/2565/2565 2574/2574/2574 2569/2569/2569
f 2571/2571/2571 2574/2574/2574 2565/2565/2565
f 2574/2574/2574 2573/2573/2573 2569/2569/2569
f 2570/2570/2570 2575/2575/2575 2571/2571/2571
f 2572/2572/2572 2576/2576/2576 2570/2570/2570
f 2576/2576/2576 2575/2575/2575 2570/2570/2570
f 2573/2573/2573 2577/2577/2577 2572/2572/2572
f 2577/2577/2577 2576/2576/2576 2572/2572/2572
f 2574/2574/2574 2578/2578/2578 2573/2573/2573
f 2578/2578/2578 2577/2577/2577 2573/2573/2573
f 2571/2571/2571 2579/2579/2579 2574/2574/2574
f 2575/2575/2575 2579/2579/2579 2571/2571/2571
f 2579/2579/2579 2578/2578/2578 2574/2574/2574
f 2576/2576/2576 2580/2580/2580 2575/2575/2575
f 2577/2577/2577 2581/2581/2581 2576/2576/2576
f 2581/2581/2581 2580/2580/2580 2576/2576/2576
f 2578/2578/2578 2582/2582/2582 2577/2577/2577
f 2582/2582/2582 2581/2581/2581 2577/2577/2577
f 2575/2575/2575 2583/2583/2583 2579/2579/2579
f 2580/2580/2580 2583/2583/2583 2575/2575/2575
f 2579/2579/2579 2584/2584/2584 2578/2578/2578
f 2584/2584/2584 2582/2582/2582 2578/2578/2578
f 2583/2583/2583 2584/2584/2584 2579/2579/2579
f 2581/2581/2581 2585/2585/2585 2580/2580/2580
f 2582/2582/2582 2586/2586/2586 2581/2581/2581
f 2586/2586/2586 2585/2585/2585 2581/2581/2581
f 2584/2584/2584 2587/2587/2587 2582/2582/2582
f 2587/2587/2587 2586/2586/2586 2582/2582/2582
f 2583/2583/2583 2588/2588/2588 2584/2584/2584
f 2588/2588/2588 2587/2587/2587 2584/2584/2584
f 2580/2580/2580 2589/2589/2589 2583/2583/2583
f 2585/2585/2585 2589/2589/2589 2580/2580/2580
f 2589/2589/2589 2588/2588/2588 2583/2583/2583
f 2586/2586/2586 2590/2590/2590 2585/2585/2585
f 2587/2587/2587 2591/2591/2591 2586/2586/2586
f 2591/2591/2591 2590/2590/2590 2586/2586/2586
f 2588/2588/2588 2592/2592/2592 2587/2587/2587
f 2592/2592/2592 2591/2591/2591 2587/2587/2587
f 2589/2589/2589 2593/2593/2593 2588/2588/2588
f 2593/2593/2593 2592/2592/2592 2588/2588/2588
f 2585/2585/2585 2594/2594/2594 2589/2589/2589
f 2590/2590/2590 2594/2594/2594 2585/2585/2585
f 2594/2594/2594 2593/2593/2593 2589/2589/2589
f 2592/2592/2592 2595/2595/2595 2591/2591/2591
f 2591/2591/2591 2596/2596/2596 2590/2590/2590
f 2595/2595/2595 2596/2596/2596 2591/2591/2591
f 2593/2593/2593 2597/2597/2597 2592/2592/2592
f 2597/2597/2597 2595/2595/2595 2592/2592/2592
f 2594/2594/2594 2598/2598/2598 2593/2593/2593
f 2598/2598/2598 2597/2597/2597 2593/2593/2593
f 2590/2590/2590 2599/2599/2599 2594/2594/2594
f 2596/2596/2596 2599/2599/2599 2590/2590/2590
f 2599/2599/2599 2598/2598/2598 2594/2594/2594
f 2595/2595/2595 2600/2600/2600 2596/2596/2596
f 2597/2597/2597 2601/2601/2601 2595/2595/2595
f 2601/2601/2601 2600/2600/2600 2595/2595/2595
f 2598/2598/2598 2602/2602/2602 2597/2597/2597
f 2602/2602/2602 2601/2601/2601 2597/2597/2597
f 2599/2599/2599 2603/2603/2603 2598/2598/2598
f 2603/2603/2603 2602/2602/2602 2598/2598/2598
f 2596/2596/2596 2604/2604/2604 2599/2599/2599
f 2600/2600/2600 2604/2604/2604 2596/2596/2596
f 2604/2604/2604 2603/2603/2603 2599/2599/2599
f 2601/2601/2601 2605/2605/2605 2600/2600/2600
f 2602/2602/2602 2606/2606/2606 2601/2601/2601
f 2606/2606/2606 2605/2605/2605 2601/2601/2601
f 2603/2603/2603 2607/2607/2607 2602/2602/2602
f 2607/2607/2607 2606/2606/2606 2602/2602/2602
f 2600/2600/2600 2608/2608/2608 2604/2604/2604
f 2605/2605/2605 2608/2608/2608 2600/2600/2600
f 2604/2604/2604 2609/2609/2609 2603/2603/2603
f 2609/2609/2609 2607/2607/2607 2603/2603/2603
f 2608/2608/2608 2609/2609/2609 2604/2604/2604
f 2606/2606/2606 2610/2610/2610 2605/2605/2605
f 2607/2607/2607 2611/2611/2611 2606/2606/2606
f 2611/2611/2611 2610/2610/2610 2606/2606/2606
f 2609/2609/2609 2612/2612/2612 2607/2607/2607
f 2612/2612/2612 2611/2611/2611 2607/2607/2607
f 2608/2608/2608 2613/2613/2613 2609/2609/2609
f 2613/2613/2613 2612/2612/2612 2609/2609/2609
f 2605/2605/2605 2614/2614/2614 2608/2608/2608
f 2610/2610/2610 2614/2614/2614 2605/2605/2605
f 2614/2614/2614 2613/2613/2613 2608/2608/2608
f 2611/2611/2611 2615/2615/2615 2610/2610/2610
f 2612/2612/2612 2616/2616/2616 2611/2611/2611
f 2616/2616/2616 2615/2615/2615 2611/2611/2611
f 2613/2613/2613 2617/2617/2617 2612/2612/2612
f 2617/2617/2617 2616/2616/2616 2612/2612/2612
f 2614/2614/2614 2618/2618/2618 2613/2613/2613
f 2618/2618/2618 2617/2617/2617 2613/2613/2613
f 2610/2610/2610 2619/2619/2619 2614/2614/2614
f 2615/2615/2615 2619/2619/2619 2610/2610/2610
f 2619/2619/2619 2618/2618/2618 2614/2614/2614
f 2617/2617/2617 2620/2620/2620 2616/2616/2616
f 2616/2616/2616 2621/2621/2621 2615/2615/2615
f 2620/2620/2620 2621/2621/2621 2616/2616/2616
f 2618/2618/2618 2622/2622/2622 2617/2617/2617
f 2622/2622/2622 2620/2620/2620 2617/2617/2617
f 2619/2619/2619 2623/2623/2623 2618/2618/2618
f 2623/2623/2623 2622/2622/2622 2618/2618/2618
f 2615/2615/2615 2624/2624/2624 2619/2619/2619
f 2621/2621/2621 2624/2624/2624 2615/2615/2615
f 2624/2624/2624 2623/2623/2623 2619/2619/2619
f 2620/2620/2620 2625/2625/2625 2621/2621/2621
f 2625/2625/2625 2626/2626/2626 2621/2621/2621
f 2621/2621/2621 2626/2626/2626 2624/2624/2624
f 2627/2627/2627 2625/2625/2625 2620/2620/2620
f 2622/2622/2622 2627/2627/2627 2620/2620/2620
f 2626/2626/2626 2628/2628/2628 2624/2624/2624
f 2624/2624/2624 2628/2628/2628 2623/2623/2623
f 2629/2629/2629 2627/2627/2627 2622/2622/2622
f 2623/2623/2623 2629/2629/2629 2622/2622/2622
f 2628/2628/2628 2629/2629/2629 2623/2623/2623
f 2632/2632/2632 2631/2631/2631 2630/2630/2630
f 2633/2633/2633 2632/2632/2632 2630/2630/2630
f 2630/2630/2630 2631/2631/2631 2634/2634/2634
f 2635/2635/2635 2632/2632/2632 2633/2633/2633
f 2636/2636/2636 2635/2635/2635 2633/2633/2633
f 2631/2631/2631 2637/2637/2637 2634/2634/2634
f 2634/2634/2634 2637/2637/2637 2638/2638/2638
f 2638/2638/2638 2639/2639/2639 2636/2636/2636
f 2639/2639/2639 2635/2635/2635 2636/2636/2636
f 2637/2637/2637 2639/2639/2639 2638/2638/2638
f 2632/2632/2632 2640/2640/2640 2631/2631/2631
f 2635/2635/2635 2641/2641/2641 2632/2632/2632
f 2641/2641/2641 2640/2640/2640 2632/2632/2632
f 2639/2639/2639 2642/2642/2642 2635/2635/2635
f 2642/2642/2642 2641/2641/2641 2635/2635/2635
f 2637/2637/2637 2643/2643/2643 2639/2639/2639
f 2643/2643/2643 2642/2642/2642 2639/2639/2639
f 2631/2631/2631 2644/2644/2644 2637/2637/2637
f 2640/2640/2640 2644/2644/2644 2631/2631/2631
f 2644/2644/2644 2643/2643/2643 2637/2637/2637
f 2641/2641/2641 2645/2645/2645 2640/2640/2640
f 2642/2642/2642 2646/2646/2646 2641/2641/2641
f 2646/2646/2646 2645/2645/2645 2641/2641/2641
f 2643/2643/2643 2647/2647/2647 2642/2642/2642
f 2647/2647/2647 2646/2646/2646 2642/2642/2642
f 2640/2640/2640 2648/2648/2648 2644/2644/2644
f 2645/2645/2645 2648/2648/2648 2640/2640/2640
f 2644/2644/2644 2649/2649/2649 2643/2643/2643
f 2649/2649/2649 2647/2647/2647 2643/2643/2643
f 2648/2648/2648 2649/2649/2649 2644/2644/2644
f 2646/2646/2646 2650/2650/2650 2645/2645/2645
f 2647/2647/2647 2651/2651/2651 2646/2646/2646
f 2651/2651/2651 2650/2650/2650 2646/2646/2646
f 2649/2649/2649 2652/2652/2652 2647/2647/2647
f 2652/2652/2652 2651/2651/2651 2647/2647/2647
f 2648/2648/2648 2653/2653/2653 2649/2649/2649
f 2653/2653/2653 2652/2652/2652 2649/2649/2649
f 2645/2645/2645 2654/2654/2654 2648/2648/2648
f 2650/2650/2650 2654/2654/2654 2645/2645/2645
f 2654/2654/2654 2653/2653/2653 2648/2648/2648
f 2651/2651/2651 2655/2655/2655 2650/2650/2650
f 2652/2652/2652 2656/2656/2656 2651/2651/2651
f 2656/2656/2656 2655/2655/2655 2651/2651/2651
f 2653/2653/2653 2657/2657/2657 2652/2652/2652
f 2657/2657/2657 2656/2656/2656 2652/2652/2652
f 2654/2654/2654 2658/2658/2658 2653/2653/2653
f 2658/2658/2658 2657/2657/2657 2653/2653/2653
f 2650/2650/2650 2659/2659/2659 2654/2654/2654
f 2655/2655/2655 2659/2659/2659 2650/2650/2650
f 2659/2659/2659 2658/2658/2658 2654/2654/2654
f 2657/2657/2657 2660/2660/2660 2656/2656/2656
f 2656/2656/2656 2661/2661/2661 2655/2655/2655
f 2660/2660/2660 2661/2661/2661 2656/2656/2656
f 2658/2658/2658 2662/2662/2662 2657/2657/2657
f 2662/2662/2662 2660/2660/2660 2657/2657/2657
f 2659/2659/2659 2663/2663/2663 2658/2658/2658
f 2663/2663/2663 2662/2662/2662 2658/2658/2658
f 2655/2655/2655 2664/2664/2664 2659/2659/2659
f 2661/2661/2661 2664/2664/2664 2655/2655/2655
f 2664/2664/2664 2663/2663/2663 2659/2659/2659
f 2660/2660/2660 2665/2665/2665 2661/2661/2661
f 2662/2662/2662 2666/2666/2666 2660/2660/2660
f 2666/2666/2666 2665/2665/2665 2660/2660/2660
f 2663/2663/2663 2667/2667/2667 2662/2662/2662
f 2667/2667/2667 2666/2666/2666 2662/2662/2662
f 2664/2664/2664 2668/2668/2668 2663/2663/2663
f 2668/2668/2668 2667/2667/2667 2663/2663/2663
f 2661/2661/2661 2669/2669/2669 2664/2664/2664
f 2665/2665/2665 2669/2669/2669 2661/2661/2661
f 2669/2669/2669 2668/2668/2668 2664/2664/2664
f 2666/2666/2666 2670/2670/2670 2665/2665/2665
f 2667/2667/2667 2671/2671/2671 2666/2666/2666
f 2671/2671/2671 2670/2670/2670 2666/2666/2666
f 2668/2668/2668 2672/2672/2672 2667/2667/2667
f 2672/2672/2672 2671/2671/2671 2667/2667/2667
f 2665/2665/2665 2673/2673/2673 2669/2669/2669
f 2670/2670/2670 2673/2673/2673 2665/2665/2665
f 2669/2669/2669 2674/2674/2674 2668/2668/2668
f 2674/2674/2674 2672/2672/2672 2668/2668/2668
f 2673/2673/2673 2674/2674/2674 2669/2669/2669
f 2671/2671/2671 2675/2675/2675 2670/2670/2670
f 2672/2672/2672 2676/2676/2676 2671/2671/2671
f 2676/2676/2676 2675/2675/2675 2671/2671/2671
f 2674/2674/2674 2677/2677/2677 2672/2672/2672
f 2677/2677/2677 2676/2676/2676 2672/2672/2672
f 2673/2673/2673 2678/2678/2678 2674/2674/2674
f 2678/2678/2678 2677/2677/2677 2674/2674/2674
f 2670/2670/2670 2679/2679/2679 2673/2673/2673
f 2675/2675/2675 2679/2679/2679 2670/2670/2670
f 2679/2679/2679 2678/2678/2678 2673/2673/2673
f 2676/2676/2676 2680/2680/2680 2675/2675/2675
f 2677/2677/2677 2681/2681/2681 2676/2676/2676
f 2681/2681/2681 2680/2680/2680 2676/2676/2676
f 2678/2678/2678 2682/2682/2682 2677/2677/2677
f 2682/2682/2682 2681/2681/2681 2677/2677/2677
f 2679/2679/2679 2683/2683/2683 2678/2678/2678
f 2683/2683/2683 2682/2682/2682 2678/2678/2678
f 2675/2675/2675 2684/2684/2684 2679/2679/2679
f 2680/2680/2680 2684/2684/2684 2675/2675/2675
f 2684/2684/2684 2683/2683/2683 2679/2679/2679
f 2682/2682/2682 2685/2685/2685 2681/2681/2681
f 2681/2681/2681 2686/2686/2686 2680/2680/2680
f 2685/2685/2685 2686/2686/2686 2681/2681/2681
f 2683/2683/2683 2687/2687/2687 2682/2682/2682
f 2687/2687/2687 2685/2685/2685 2682/2682/2682
f 2684/2684/2684 2688/2688/2688 2683/2683/2683
f 2688/2688/2688 2687/2687/2687 2683/2683/2683
f 2680/2680/2680 2689/2689/2689 2684/2684/2684
f 2686/2686/2686 2689/2689/2689 2680/2680/2680
f 2689/2689/2689 2688/2688/2688 2684/2684/2684
f 2685/2685/2685 2690/2690/2690 2686/2686/2686
f 2687/2687/2687 2691/2691/2691 2685/2685/2685
f 2691/2691/2691 2690/2690/2690 2685/2685/2685
f 2688/2688/2688 2692/2692/2692 2687/2687/2687
f 2692/2692/2692 2691/2691/2691 2687/2687/2687
f 2689/2689/2689 2693/2693/2693 2688/2688/2688
f 2693/2693/2693 2692/2692/2692 2688/2688/2688
f 2686/2686/2686 2694/2694/2694 2689/2689/2689
f 2690/2690/2690 2694/2694/2694 2686/2686/2686
f 2694/2694/2694 2693/2693/2693 2689/2689/2689
f 2691/2691/2691 2695/2695/2695 2690/2690/2690
f 2692/2692/2692 2696/2696/2696 2691/2691/2691
f 2696/2696/2696 2695/2695/2695 2691/2691/2691
f 2693/2693/2693 2697/2697/2697 2692/2692/2692
f 2697/2697/2697 2696/2696/2696 2692/2692/2692
f 2690/2690/2690 2698/2698/2698 2694/2694/2694
f 2695/2695/2695 2698/2698/2698 2690/2690/2690
f 2694/2694/2694 2699/2699/2699 2693/2693/2693
f 2699/2699/2699 2697/2697/2697 2693/2693/2693
f 2698/2698/2698 2699/2699/2699 2694/2694/2694
f 2696/2696/2696 2700/2700/2700 2695/2695/2695
f 2697/2697/2697 2701/2701/2701 2696/2696/2696
f 2701/2701/2701 2700/2700/2700 2696/2696/2696
f 2699/2699/2699 2702/2702/2702 2697/2697/2697
f 2702/2702/2702 2701/2701/2701 2697/2697/2697
f 2698/2698/2698 2703/2703/2703 2699/2699/2699
f 2703/2703/2703 2702/2702/2702 2699/2699/2699
f 2695/2695/2695 2704/2704/2704 2698/2698/2698
f 2700/2700/2700 2704/2704/2704 2695/2695/2695
f 2704/2704/2704 2703/2703/2703 2698/2698/2698
f 2701/2701/2701 2705/2705/2705 2700/2700/2700
f 2702/2702/2702 2706/2706/2706 2701/2701/2701
f 2706/2706/2706 2705/2705/2705 2701/2701/2701
f 2703/2703/2703 2707/2707/2707 2702/2702/2702
f 2707/2707/2707 2706/2706/2706 2702/2702/2702
f 2704/2704/2704 2708/2708/2708 2703/2703/2703
f 2708/2708/2708 2707/2707/2707 2703/2703/2703
f 2700/2700/2700 2709/2709/2709 2704/2704/2704
f 2705/2705/2705 2709/2709/2709 2700/2700/2700
f 2709/2709/2709 2708/2708/2708 2704/2704/2704
f 2707/2707/2707 2710/2710/2710 2706/2706/2706
f 2706/2706/2706 2711/2711/2711 2705/2705/2705
f 2710/2710/2710 2711/2711/2711 2706/2706/2706
f 2708/2708/2708 2712/2712/2712 2707/2707/2707
f 2712/2712/2712 2710/2710/2710 2707/2707/2707
f 2709/2709/2709 2713/2713/2713 2708/2708/2708
f 2713/2713/2713 2712/2712/2712 2708/2708/2708
f 2705/2705/2705 2714/2714/2714 2709/2709/2709
f 2711/2711/2711 2714/2714/2714 2705/2705/2705
f 2714/2714/2714 2713/2713/2713 2709/2709/2709
f 2710/2710/2710 2715/2715/2715 2711/2711/2711
f 2712/2712/2712 2716/2716/2716 2710/2710/2710
f 2716/2716/2716 2715/2715/2715 2710/2710/2710
f 2713/2713/2713 2717/2717/2717 2712/2712/2712
f 2717/2717/2717 2716/2716/2716 2712/2712/2712
f 2714/2714/2714 2718/2718/2718 2713/2713/2713
f 2718/2718/2718 2717/2717/2717 2713/2713/2713
f 2711/2711/2711 2719/2719/2719 2714/2714/2714
f 2715/2715/2715 2719/2719/2719 2711/2711/2711
f 2719/2719/2719 2718/2718/2718 2714/2714/2714
f 2716/2716/2716 2720/2720/2720 2715/2715/2715
f 2717/2717/2717 2721/2721/2721 2716/2716/2716
f 2721/2721/2721 2720/2720/2720 2716/2716/2716
f 2718/2718/2718 2722/2722/2722 2717/2717/2717
f 2722/2722/2722 2721/2721/2721 2717/2717/2717
f 2715/2715/2715 2723/2723/2723 2719/2719/2719
f 2720/2720/2720 2723/2723/2723 2715/2715/2715
f 2719/2719/2719 2724/2724/2724 2718/2718/2718
f 2724/2724/2724 2722/2722/2722 2718/2718/2718
f 2723/2723/2723 2724/2724/2724 2719/2719/2719
f 2721/2721/2721 2725/2725/2725 2720/2720/2720
f 2722/2722/2722 2726/2726/2726 2721/2721/2721
f 2726/2726/2726 2725/2725/2725 2721/2721/2721
f 2724/2724/2724 2727/2727/2727 2722/2722/2722
f 2727/2727/2727 2726/2726/2726 2722/2722/2722
f 2723/2723/2723 2728/2728/2728 2724/2724/2724
f 2728/2728/2728 2727/2727/2727 2724/2724/2724
f 2720/2720/2720 2729/2729/2729 2723/2723/2723
f 2725/2725/2725 2729/2729/2729 2720/2720/2720
f 2729/2729/2729 2728/2728/2728 2723/2723/2723
f 2726/2726/2726 2730/2730/2730 2725/2725/2725
f 2727/2727/2727 2731/2731/2731 2726/2726/2726
f 2731/2731/2731 2730/2730/2730 2726/2726/2726
f 2728/2728/2728 2732/2732/2732 2727/2727/2727
f 2732/2732/2732 2731/2731/2731 2727/2727/2727
f 2729/2729/2729 2733/2733/2733 2728/2728/2728
f 2733/2733/2733 2732/2732/2732 2728/2728/2728
f 2725/2725/2725 2734/2734/2734 2729/2729/2729
f 2730/2730/2730 2734/2734/2734 2725/2725/2725
f 2734/2734/2734 2733/2733/2733 2729/2729/2729
f 2732/2732/2732 2735/2735/2735 2731/2731/2731
f 2731/2731/2731 2736/2736/2736 2730/2730/2730
f 2735/2735/2735 2736/2736/2736 2731/2731/2731
f 2733/2733/2733 2737/2737/2737 2732/2732/2732
f 2737/2737/2737 2735/2735/2735 2732/2732/2732
f 2734/2734/2734 2738/2738/2738 2733/2733/2733
f 2738/2738/2738 2737/2737/2737 2733/2733/2733
f 2730/2730/2730 2739/2739/2739 2734/2734/2734
f 2736/2736/2736 2739/2739/2739 2730/2730/2730
f 2739/2739/2739 2738/2738/2738 2734/2734/2734
f 2735/2735/2735 2740/2740/2740 2736/2736/2736
f 2737/2737/2737 2741/2741/2741 2735/2735/2735
f 2741/2741/2741 2740/2740/2740 2735/2735/2735
f 2738/2738/2738 2742/2742/2742 2737/2737/2737
f 2742/2742/2742 2741/2741/2741 2737/2737/2737
f 2739/2739/2739 2743/2743/2743 2738/2738/2738
f 2743/2743/2743 2742/2742/2742 2738/2738/2738
f 2736/2736/2736 2744/2744/2744 2739/2739/2739
f 2740/2740/2740 2744/2744/2744 2736/2736/2736
f 2744/2744/2744 2743/2743/2743 2739/2739/2739
f 2741/2741/2741 2745/2745/2745 2740/2740/2740
f 2742/2742/2742 2746/2746/2746 2741/2741/2741
f 2746/2746/2746 2745/2745/2745 2741/2741/2741
f 2743/2743/2743 2747/2747/2747 2742/2742/2742
f 2747/2747/2747 2746/2746/2746 2742/2742/2742
f 2740/2740/2740 2748/2748/2748 2744/2744/2744
f 2745/2745/2745 2748/2748/2748 2740/2740/2740
f 2744/2744/2744 2749/2749/2749 2743/2743/2743
f 2749/2749/2749 2747/2747/2747 2743/2743/2743
f 2748/2748/2748 2749/2749/2749 2744/2744/2744
f 2746/2746/2746 2750/2750/2750 2745/2745/2745
f 2747/2747/2747 2751/2751/2751 2746/2746/2746
f 2751/2751/2751 2750/2750/2750 2746/2746/2746
f 2749/2749/2749 2752/2752/2752 2747/2747/2747
f 2752/2752/2752 2751/2751/2751 2747/2747/2747
f 2748/2748/2748 2753/2753/2753 2749/2749/2749
f 2753/2753/2753 2752/2752/2752 2749/2749/2749
f 2745/2745/2745 2754/2754/2754 2748/2748/2748
f 2750/2750/2750 2754/2754/2754 2745/2745/2745
f 2754/2754/2754 2753/2753/2753 2748/2748/2748
f 2751/2751/2751 2755/2755/2755 2750/2750/2750
f 2752/2752/2752 2756/2756/2756 2751/2751/2751
f 2756/2756/2756 2755/2755/2755 2751/2751/2751
f 2753/2753/2753 2757/2757/2757 2752/2752/2752
f 2757/2757/2757 2756/2756/2756 2752/2752/2752
f 2754/2754/2754 2758/2758/2758 2753/2753/2753
f 2758/2758/2758 2757/2757/2757 2753/2753/2753
f 2750/2750/2750 2759/2759/2759 2754/2754/2754
f 2755/2755/2755 2759/2759/2759 2750/2750/2750
f 2759/2759/2759 2758/2758/2758 2754/2754/2754
f 2757/2757/2757 2760/2760/2760 2756/2756/2756
f 2756/2756/2756 2761/2761/2761 2755/2755/2755
f 2760/2760/2760 2761/2761/2761 2756/2756/2756
f 2758/2758/2758 2762/2762/2762 2757/2757/2757
f 2762/2762/2762 2760/2760/2760 2757/2757/2757
f 2759/2759/2759 2763/2763/2763 2758/2758/2758
f 2763/2763/2763 2762/2762/2762 2758/2758/2758
f 2755/2755/2755 2764/2764/2764 2759/2759/2759
f 2761/2761/2761 2764/2764/2764 2755/2755/2755
f 2764/2764/2764 2763/2763/2763 2759/2759/2759
f 2760/2760/2760 2765/2765/2765 2761/2761/2761
f 2762/2762/2762 2766/2766/2766 2760/2760/2760
f 2766/2766/2766 2765/2765/2765 2760/2760/2760
f 2763/2763/2763 2767/2767/2767 2762/2762/2762
f 2767/2767/2767 2766/2766/2766 2762/2762/2762
f 2764/2764/2764 2768/2768/2768 2763/2763/2763
f 2768/2768/2768 2767/2767/2767 2763/2763/2763
f 2761/2761/2761 2769/2769/2769 2764/2764/2764
f 2765/2765/2765 2769/2769/2769 2761/2761/2761
f 2769/2769/2769 2768/2768/2768 2764/2764/2764
f 2766/2766/2766 2770/2770/2770 2765/2765/2765
f 2767/2767/2767 2771/2771/2771 2766/2766/2766
f 2771/2771/2771 2770/2770/2770 2766/2766/2766
f 2768/2768/2768 2772/2772/2772 2767/2767/2767
f 2772/2772/2772 2771/2771/2771 2767/2767/2767
f 2765/2765/2765 2773/2773/2773 2769/2769/2769
f 2770/2770/2770 2773/2773/2773 2765/2765/2765
f 2769/2769/2769 2774/2774/2774 2768/2768/2768
f 2774/2774/2774 2772/2772/2772 2768/2768/2768
f 2773/2773/2773 2774/2774/2774 2769/2769/2769
f 2771/2771/2771 2775/2775/2775 2770/2770/2770
f 2772/2772/2772 2776/2776/2776 2771/2771/2771
f 2776/2776/2776 2775/2775/2775 2771/2771/2771
f 2774/2774/2774 2777/2777/2777 2772/2772/2772
f 2777/2777/2777 2776/2776/2776 2772/2772/2772
f 2773/2773/2773 2778/2778/2778 2774/2774/2774
f 2778/2778/2778 2777/2777/2777 2774/2774/2774
f 2770/2770/2770 2779/2779/2779 2773/2773/2773
f 2775/2775/2775 2779/2779/2779 2770/2770/2770
f 2779/2779/2779 2778/2778/2778 2773/2773/2773
f 2776/2776/2776 2780/2780/2780 2775/2775/2775
f 2777/2777/2777 2781/2781/2781 2776/2776/2776
f 2781/2781/2781 2780/2780/2780 2776/2776/2776
f 2778/2778/2778 2782/2782/2782 2777/2777/2777
f 2782/2782/2782 2781/2781/2781 2777/2777/2777
f 2779/2779/2779 2783/2783/2783 2778/2778/2778
f 2783/2783/2783 2782/2782/2782 2778/2778/2778
f 2775/2775/2775 2784/2784/2784 2779/2779/2779
f 2780/2780/2780 2784/2784/2784 2775/2775/2775
f 2784/2784/2784 2783/2783/2783 2779/2779/2779
f 2782/2782/2782 2785/2785/2785 2781/2781/2781
f 2781/2781/2781 2786/2786/2786 2780/2780/2780
f 2785/2785/2785 2786/2786/2786 2781/2781/2781
f 2783/2783/2783 2787/2787/2787 2782/2782/2782
f 2787/2787/2787 2785/2785/2785 2782/2782/2782
f 2784/2784/2784 2788/2788/2788 2783/2783/2783
f 2788/2788/2788 2787/2787/2787 2783/2783/2783
f 2780/2780/2780 2789/2789/2789 2784/2784/2784
f 2786/2786/2786 2789/2789/2789 2780/2780/2780
f 2789/2789/2789 2788/2788/2788 2784/2784/2784
f 2785/2785/2785 2790/2790/2790 2786/2786/2786
f 2787/2787/2787 2791/2791/2791 2785/2785/2785
f 2791/2791/2791 2790/2790/2790 2785/2785/2785
f 2788/2788/2788 2792/2792/2792 2787/2787/2787
f 2792/2792/2792 2791/2791/2791 2787/2787/2787
f 2789/2789/2789 2793/2793/2793 2788/2788/2788
f 2793/2793/2793 2792/2792/2792 2788/2788/2788
f 2786/2786/2786 2794/2794/2794 2789/2789/2789
f 2790/2790/2790 2794/2794/2794 2786/2786/2786
f 2794/2794/2794 2793/2793/2793 2789/2789/2789
f 2791/2791/2791 2795/2795/2795 2790/2790/2790
f 2792/2792/2792 2796/2796/2796 2791/2791/2791
f 2796/2796/2796 2795/2795/2795 2791/2791/2791
f 2793/2793/2793 2797/2797/2797 2792/2792/2792
f 2797/2797/2797 2796/2796/2796 2792/2792/2792
f 2790/2790/2790 2798/2798/2798 2794/2794/2794
f 2795/2795/2795 2798/2798/2798 2790/2790/2790
f 2794/2794/2794 2799/2799/2799 2793/2793/2793
f 2799/2799/2799 2797/2797/2797 2793/2793/2793
f 2798/2798/2798 2799/2799/2799 2794/2794/2794
f 2796/2796/2796 2800/2800/2800 2795/2795/2795
f 2797/2797/2797 2801/2801/2801 2796/2796/2796
f 2801/2801/2801 2800/2800/2800 2796/2796/2796
f 2799/2799/2799 2802/2802/2802 2797/2797/2797
f 2802/2802/2802 2801/2801/2801 2797/2797/2797
f 2798/2798/2798 2803/2803/2803 2799/2799/2799
f 2803/2803/2803 2802/2802/2802 2799/2799/2799
f 2795/2795/2795 2804/2804/2804 2798/2798/2798
f 2800/2800/2800 2804/2804/2804 2795/2795/2795
f 2804/2804/2804 2803/2803/2803 2798/2798/2798
f 2801/2801/2801 2805/2805/2805 2800/2800/2800
f 2802/2802/2802 2806/2806/2806 2801/2801/2801
f 2806/2806/2806 2805/2805/2805 2801/2801/2801
f 2803/2803/2803 2807/2807/2807 2802/2802/2802
f 2807/2807/2807 2806/2806/2806 2802/2802/2802
f 2804/2804/2804 2808/2808/2808 2803/2803/2803
f 2808/2808/2808 2807/2807/2807 2803/2803/2803
f 2800/2800/2800 2809/2809/2809 2804/2804/2804
f 2805/2805/2805 2809/2809/2809 2800/2800/2800
f 2809/2809/2809 2808/2808/2808 2804/2804/2804
f 2807/2807/2807 2810/2810/2810 2806/2806/2806
f 2806/2806/2806 2811/2811/2811 2805/2805/2805
f 2810/2810/2810 2811/2811/2811 2806/2806/2806
f 2808/2808/2808 2812/2812/2812 2807/2807/2807
f 2812/2812/2812 2810/2810/2810 2807/2807/2807
f 2809/2809/2809 2813/2813/2813 2808/2808/2808
f 2813/2813/2813 2812/2812/2812 2808/2808/2808
f 2805/2805/2805 2814/2814/2814 2809/2809/2809
f 2811/2811/2811 2814/2814/2814 2805/2805/2805
f 2814/2814/2814 2813/2813/2813 2809/2809/2809
f 2810/2810/2810 2815/2815/2815 2811/2811/2811
f 2812/2812/2812 2816/2816/2816 2810/2810/2810
f 2816/2816/2816 2815/2815/2815 2810/2810/2810
f 2813/2813/2813 2817/2817/2817 2812/2812/2812
f 2817/2817/2817 2816/2816/2816 2812/2812/2812
f 2814/2814/2814 2818/2818/2818 2813/2813/2813
f 2818/2818/2818 2817/2817/2817 2813/2813/2813
f 2811/2811/2811 2819/2819/2819 2814/2814/2814
f 2815/2815/2815 2819/2819/2819 2811/2811/2811
f 2819/2819/2819 2818/2818/2818 2814/2814/2814
f 2816/2816/2816 2820/2820/2820 2815/2815/2815
f 2817/2817/2817 2821/2821/2821 2816/2816/2816
f 2821/2821/2821 2820/2820/2820 2816/2816/2816
f 2818/2818/2818 2822/2822/2822 2817/2817/2817
f 2822/2822/2822 2821/2821/2821 2817/2817/2817
f 2815/2815/2815 2823/2823/2823 2819/2819/2819
f 2820/2820/2820 2823/2823/2823 2815/2815/2815
f 2819/2819/2819 2824/2824/2824 2818/2818/2818
f 2824/2824/2824 2822/2822/2822 2818/2818/2818
f 2823/2823/2823 2824/2824/2824 2819/2819/2819
f 2821/2821/2821 2825/2825/2825 2820/2820/2820
f 2822/2822/2822 2826/2826/2826 2821/2821/2821
f 2826/2826/2826 2825/2825/2825 2821/2821/2821
f 2824/2824/2824 2827/2827/2827 2822/2822/2822
f 2827/2827/2827 2826/2826/2826 2822/2822/2822
f 2823/2823/2823 2828/2828/2828 2824/2824/2824
f 2828/2828/2828 2827/2827/2827 2824/2824/2824
f 2820/2820/2820 2829/2829/2829 2823/2823/2823
f 2825/2825/2825 2829/2829/2829 2820/2820/2820
f 2829/2829/2829 2828/2828/2828 2823/2823/2823
f 2826/2826/2826 2830/2830/2830 2825/2825/2825
f 2827/2827/2827 2831/2831/2831 2826/2826/2826
f 2831/2831/2831 2830/2830/2830 2826/2826/2826
f 2828/2828/2828 2832/2832/2832 2827/2827/2827
f 2832/2832/2832 2831/2831/2831 2827/2827/2827
f 2829/2829/2829 2833/2833/2833 2828/2828/2828
f 2833/2833/2833 2832/2832/2832 2828/2828/2828
f 2825/2825/2825 2834/2834/2834 2829/2829/2829
f 2830/2830/2830 2834/2834/2834 2825/2825/2825
f 2834/2834/2834 2833/2833/2833 2829/2829/2829
f 2832/2832/2832 2835/2835/2835 2831/2831/2831
f 2831/2831/2831 2836/2836/2836 2830/2830/2830
f 2835/2835/2835 2836/2836/2836 2831/2831/2831
f 2833/2833/2833 2837/2837/2837 2832/2832/2832
f 2837/2837/2837 2835/2835/2835 2832/2832/2832
f 2834/2834/2834 2838/2838/2838 2833/2833/2833
f 2838/2838/2838 2837/2837/2837 2833/2833/2833
f 2830/2830/2830 2839/2839/2839 2834/2834/2834
f 2836/2836/2836 2839/2839/2839 2830/2830/2830
f 2839/2839/2839 2838/2838/2838 2834/2834/2834
f 2835/2835/2835 2840/2840/2840 2836/2836/2836
f 2837/2837/2837 2841/2841/2841 2835/2835/2835
f 2841/2841/2841 2840/2840/2840 2835/2835/2835
f 2838/2838/2838 2842/2842/2842 2837/2837/2837
f 2842/2842/2842 2841/2841/2841 2837/2837/2837
f 2839/2839/2839 2843/2843/2843 2838/2838/2838
f 2843/2843/2843 2842/2842/2842 2838/2838/2838
f 2836/2836/2836 2844/2844/2844 2839/2839/2839
f 2840/2840/2840 2844/2844/2844 2836/2836/2836
f 2844/2844/2844 2843/2843/2843 2839/2839/2839
f 2841/2841/2841 2845/2845/2845 2840/2840/2840
f 2842/2842/2842 2846/2846/2846 2841/2841/2841
f 2846/2846/2846 2845/2845/2845 2841/2841/2841
f 2843/2843/2843 2847/2847/2847 2842/2842/2842
f 2847/2847/2847 2846/2846/2846 2842/2842/2842
f 2840/2840/2840 2848/2848/2848 2844/2844/2844
f 2845/2845/2845 2848/2848/2848 2840/2840/2840
f 2844/2844/2844 2849/2849/2849 2843/2843/2843
f 2849/2849/2849 2847/2847/2847 2843/2843/2843
f 2848/2848/2848 2849/2849/2849 2844/2844/2844
f 2846/2846/2846 2850/2850/2850 2845/2845/2845
f 2847/2847/2847 2851/2851/2851 2846/2846/2846
f 2851/2851/2851 2850/2850/2850 2846/2846/2846
f 2849/2849/2849 2852/2852/2852 2847/2847/2847
f 2852/2852/2852 2851/2851/2851 2847/2847/2847
f 2848/2848/2848 2853/2853/2853 2849/2849/2849
f 2853/2853/2853 2852/2852/2852 2849/2849/2849
f 2845/2845/2845 2854/2854/2854 2848/2848/2848
f 2850/2850/2850 2854/2854/2854 2845/2845/2845
f 2854/2854/2854 2853/2853/2853 2848/2848/2848
f 2851/2851/2851 2855/2855/2855 2850/2850/2850
f 2852/2852/2852 2856/2856/2856 2851/2851/2851
f 2856/2856/2856 2855/2855/2855 2851/2851/2851
f 2853/2853/2853 2857/2857/2857 2852/2852/2852
f 2857/2857/2857 2856/2856/2856 2852/2852/2852
f 2854/2854/2854 2858/2858/2858 2853/2853/2853
f 2858/2858/2858 2857/2857/2857 2853/2853/2853
f 2850/2850/2850 2859/2859/2859 2854/2854/2854
f 2855/2855/2855 2859/2859/2859 2850/2850/2850
f 2859/2859/2859 2858/2858/2858 2854/2854/2854
f 2857/2857/2857 2860/2860/2860 2856/2856/2856
f 2856/2856/2856 2861/2861/2861 2855/2855/2855
f 2860/2860/2860 2861/2861/2861 2856/2856/2856
f 2858/2858/2858 2862/2862/2862 2857/2857/2857
f 2862/2862/2862 2860/2860/2860 2857/2857/2857
f 2859/2859/2859 2863/2863/2863 2858/2858/2858
f 2863/2863/2863 2862/2862/2862 2858/2858/2858
f 2855/2855/2855 2864/2864/2864 2859/2859/2859
f 2861/2861/2861 2864/2864/2864 2855/2855/2855
f 2864/2864/2864 2863/2863/2863 2859/2859/2859
f 2860/2860/2860 2865/2865/2865 2861/2861/2861
f 2862/2862/2862 2866/2866/2866 2860/2860/2860
f 2866/2866/2866 2865/2865/2865 2860/2860/2860
f 2863/2863/2863 2867/2867/2867 2862/2862/2862
f 2867/2867/2867 2866/2866/2866 2862/2862/2862
f 2864/2864/2864 2868/2868/2868 2863/2863/2863
f 2868/2868/2868 2867/2867/2867 2863/2863/2863
f 2861/2861/2861 2869/2869/2869 2864/2864/2864
f 2865/2865/2865 2869/2869/2869 2861/2861/2861
f 2869/2869/2869 2868/2868/2868 2864/2864/2864
f 2866/2866/2866 2870/2870/2870 2865/2865/2865
f 2867/2867/2867 2871/2871/2871 2866/2866/2866
f 2871/2871/2871 2870/2870/2870 2866/2866/2866
f 2868/2868/2868 2872/2872/2872 2867/2867/2867
f 2872/2872/2872 2871/2871/2871 2867/2867/2867
f 2865/2865/2865 2873/2873/2873 2869/2869/2869
f 2870/2870/2870 2873/2873/2873 2865/2865/2865
f 2869/2869/2869 2874/2874/2874 2868/2868/2868
f 2874/2874/2874 2872/2872/2872 2868/2868/2868
f 2873/2873/2873 2874/2874/2874 2869/2869/2869
f 2871/2871/2871 2875/2875/2875 2870/2870/2870
f 2872/2872/2872 2876/2876/2876 2871/2871/2871
f 2876/2876/2876 2875/2875/2875 2871/2871/2871
f 2874/2874/2874 2877/2877/2877 2872/2872/2872
f 2877/2877/2877 2876/2876/2876 2872/2872/2872
f 2873/2873/2873 2878/2878/2878 2874/2874/2874
f 2878/2878/2878 2877/2877/2877 2874/2874/2874
f 2870/2870/2870 2879/2879/2879 2873/2873/2873
f 2875/2875/2875 2879/2879/2879 2870/2870/2870
f 2879/2879/2879 2878/2878/2878 2873/2873/2873
f 2876/2876/2876 2880/2880/2880 2875/2875/2875
f 2877/2877/2877 2881/2881/2881 2876/2876/2876
f 2881/2881/2881 2880/2880/2880 2876/2876/2876
f 2878/2878/2878 2882/2882/2882 2877/2877/2877
f 2882/2882/2882 2881/2881/2881 2877/2877/2877
f 2879/2879/2879 2883/2883/2883 2878/2878/2878
f 2883/2883/2883 2882/2882/2882 2878/2878/2878
f 2875/2875/2875 2884/2884/2884 2879/2879/2879
f 2880/2880/2880 2884/2884/2884 2875/2875/2875
f 2884/2884/2884 2883/2883/2883 2879/2879/2879
f 2882/2882/2882 2885/2885/2885 2881/2881/2881
f 2881/2881/2881 2886/2886/2886 2880/2880/2880
f 2885/2885/2885 2886/2886/2886 2881/2881/2881
f 2883/2883/2883 2887/2887/2887 2882/2882/2882
f 2887/2887/2887 2885/2885/2885 2882/2882/2882
f 2884/2884/2884 2888/2888/2888 2883/2883/2883
f 2888/2888/2888 2887/2887/2887 2883/2883/2883
f 2880/2880/2880 2889/2889/2889 2884/2884/2884
f 2886/2886/2886 2889/2889/2889 2880/2880/2880
f 2889/2889/2889 2888/2888/2888 2884/2884/2884
f 2885/2885/2885 2890/2890/2890 2886/2886/2886
f 2887/2887/2887 2891/2891/2891 2885/2885/2885
f 2891/2891/2891 2890/2890/2890 2885/2885/2885
f 2888/2888/2888 2892/2892/2892 2887/2887/2887
f 2892/2892/2892 2891/2891/2891 2887/2887/2887
f 2889/2889/2889 2893/2893/2893 2888/2888/2888
f 2893/2893/2893 2892/2892/2892 2888/2888/2888
f 2886/2886/2886 2894/2894/2894 2889/2889/2889
f 2890/2890/2890 2894/2894/2894 2886/2886/2886
f 2894/2894/2894 2893/2893/2893 2889/2889/2889
f 2891/2891/2891 2895/2895/2895 2890/2890/2890
f 2892/2892/2892 2896/2896/2896 2891/2891/2891
f 2896/2896/2896 2895/2895/2895 2891/2891/2891
f 2893/2893/2893 2897/2897/2897 2892/2892/2892
f 2897/2897/2897 2896/2896/2896 2892/2892/2892
f 2890/2890/2890 2898/2898/2898 2894/2894/2894
f 2895/2895/2895 2898/2898/2898 2890/2890/2890
f 2894/2894/2894 2899/2899/2899 2893/2893/2893
f 2899/2899/2899 2897/2897/2897 2893/2893/2893
f 2898/2898/2898 2899/2899/2899 2894/2894/2894
f 2896/2896/2896 2900/2900/2900 2895/2895/2895
f 2897/2897/2897 2901/2901/2901 2896/2896/2896
f 2901/2901/2901 2900/2900/2900 2896/2896/2896
f 2899/2899/2899 2902/2902/2902 2897/2897/2897
f 2902/2902/2902 2901/2901/2901 2897/2897/2897
f 2898/2898/2898 2903/2903/2903 2899/2899/2899
f 2903/2903/2903 2902/2902/2902 2899/2899/2899
f 2895/2895/2895 2904/2904/2904 2898/2898/2898
f 2900/2900/2900 2904/2904/2904 2895/2895/2895
f 2904/2904/2904 2903/2903/2903 2898/2898/2898
f 2901/2901/2901 2905/2905/2905 2900/2900/2900
f 2902/2902/2902 2906/2906/2906 2901/2901/2901
f 2906/2906/2906 2905/2905/2905 2901/2901/2901
f 2903/2903/2903 2907/2907/2907 2902/2902/2902
f 2907/2907/2907 2906/2906/2906 2902/2902/2902
f 2904/2904/2904 2908/2908/2908 2903/2903/2903
f 2908/2908/2908 2907/2907/2907 2903/2903/2903
f 2900/2900/2900 2909/2909/2909 2904/2904/2904
f 2905/2905/2905 2909/2909/2909 2900/2900/2900
f 2909/2909/2909 2908/2908/2908 2904/2904/2904
f 2907/2907/2907 2910/2910/2910 2906/2906/2906
f 2906/2906/2906 2911/2911/2911 2905/2905/2905
f 2910/2910/2910 2911/2911/2911 2906/2906/2906
f 2908/2908/2908 2912/2912/2912 2907/2907/2907
f 2912/2912/2912 2910/2910/2910 2907/2907/2907
f 2909/2909/2909 2913/2913/2913 2908/2908/2908
f 2913/2913/2913 2912/2912/2912 2908/2908/2908
f 2905/2905/2905 2914/2914/2914 2909/2909/2909
f 2911/2911/2911 2914/2914/2914 2905/2905/2905
f 2914/2914/2914 2913/2913/2913 2909/2909/2909
f 2910/2910/2910 2915/2915/2915 2911/2911/2911
f 2912/2912/2912 2916/2916/2916 2910/2910/2910
f 2916/2916/2916 2915/2915/2915 2910/2910/2910
f 2913/2913/2913 2917/2917/2917 2912/2912/2912
f 2917/2917/2917 2916/2916/2916 2912/2912/2912
f 2914/2914/2914 2918/2918/2918 2913/2913/2913
f 2918/2918/2918 2917/2917/2917 2913/2913/2913
f 2911/2911/2911 2919/2919/2919 2914/2914/2914
f 2915/2915/2915 2919/2919/2919 2911/2911/2911
f 2919/2919/2919 2918/2918/2918 2914/2914/2914
f 2916/2916/2916 2920/2920/2920 2915/2915/2915
f 2917/2917/2917 2921/2921/2921 2916/2916/2916
f 2921/2921/2921 2920/2920/2920 2916/2916/2916
f 2918/2918/2918 2922/2922/2922 2917/2917/2917
f 2922/2922/2922 2921/2921/2921 2917/2917/2917
f 2915/2915/2915 2923/2923/2923 2919/2919/2919
f 2920/2920/2920 2923/2923/2923 2915/2915/2915
f 2919/2919/2919 2924/2924/2924 2918/2918/2918
f 2924/2924/2924 2922/2922/2922 2918/2918/2918
f 2923/2923/2923 2924/2924/2924 2919/2919/2919
f 2921/2921/2921 2925/2925/2925 2920/2920/2920
f 2922/2922/2922 2926/2926/2926 2921/2921/2921
f 2926/2926/2926 2925/2925/2925 2921/2921/2921
f 2924/2924/2924 2927/2927/2927 2922/2922/2922
f 2927/2927/2927 2926/2926/2926 2922/2922/2922
f 2923/2923/2923 2928/2928/2928 2924/2924/2924
f 2928/2928/2928 2927/2927/2927 2924/2924/2924
f 2920/2920/2920 2929/2929/2929 2923/2923/2923
f 2925/2925/2925 2929/2929/2929 2920/2920/2920
f 2929/2929/2929 2928/2928/2928 2923/2923/2923
f 2926/2926/2926 2930/2930/2930 2925/2925/2925
f 2927/2927/2927 2931/2931/2931 2926/2926/2926
f 2931/2931/2931 2930/2930/2930 2926/2926/2926
f 2928/2928/2928 2932/2932/2932 2927/2927/2927
f 2932/2932/2932 2931/2931/2931 2927/2927/2927
f 2929/2929/2929 2933/2933/2933 2928/2928/2928
f 2933/2933/2933 2932/2932/2932 2928/2928/2928
f 2925/2925/2925 2934/2934/2934 2929/2929/2929
f 2930/2930/2930 2934/2934/2934 2925/2925/2925
f 2934/2934/2934 2933/2933/2933 2929/2929/2929
f 2932/2932/2932 2935/2935/2935 2931/2931/2931
f 2931/2931/2931 2936/2936/2936 2930/2930/2930
f 2935/2935/2935 2936/2936/2936 2931/2931/2931
f 2933/2933/2933 2937/2937/2937 2932/2932/2932
f 2937/2937/2937 2935/2935/2935 2932/2932/2932
f 2934/2934/2934 2938/2938/2938 2933/2933/2933
f 2938/2938/2938 2937/2937/2937 2933/2933/2933
f 2930/2930/2930 2939/2939/2939 2934/2934/2934
f 2936/2936/2936 2939/2939/2939 2930/2930/2930
f 2939/2939/2939 2938/2938/2938 2934/2934/2934
f 2935/2935/2935 2940/2940/2940 2936/2936/2936
f 2937/2937/2937 2941/2941/2941 2935/2935/2935
f 2941/2941/2941 2940/2940/2940 2935/2935/2935
f 2938/2938/2938 2942/2942/2942 2937/2937/2937
f 2942/2942/2942 2941/2941/2941 2937/2937/2937
f 2939/2939/2939 2943/2943/2943 2938/2938/2938
f 2943/2943/2943 2942/2942/2942 2938/2938/2938
f 2936/2936/2936 2944/2944/2944 2939/2939/2939
f 2940/2940/2940 2944/2944/2944 2936/2936/2936
f 2944/2944/2944 2943/2943/2943 2939/2939/2939
f 2941/2941/2941 2945/2945/2945 2940/2940/2940
f 2942/2942/2942 2946/2946/2946 2941/2941/2941
f 2946/2946/2946 2945/2945/2945 2941/2941/2941
f 2943/2943/2943 2947/2947/2947 2942/2942/2942
f 2947/2947/2947 2946/2946/2946 2942/2942/2942
f 2940/2940/2940 2948/2948/2948 2944/2944/2944
f 2945/2945/2945 2948/2948/2948 2940/2940/2940
f 2944/2944/2944 2949/2949/2949 2943/2943/2943
f 2949/2949/2949 2947/2947/2947 2943/2943/2943
f 2948/2948/2948 2949/2949/2949 2944/2944/2944
f 2946/2946/2946 2950/2950/2950 2945/2945/2945
f 2947/2947/2947 2951/2951/2951 2946/2946/2946
f 2951/2951/2951 2950/2950/2950 2946/2946/2946
f 2949/2949/2949 2952/2952/2952 2947/2947/2947
f 2952/2952/2952 2951/2951/2951 2947/2947/2947
f 2948/2948/2948 2953/2953/2953 2949/2949/2949
f 2953/2953/2953 2952/2952/2952 2949/2949/2949
f 2945/2945/2945 2954/2954/2954 2948/2948/2948
f 2950/2950/2950 2954/2954/2954 2945/2945/2945
f 2954/2954/2954 2953/2953/2953 2948/2948/2948
f 2951/2951/2951 2955/2955/2955 2950/2950/2950
f 2952/2952/2952 2956/2956/2956 2951/2951/2951
f 2956/2956/2956 2955/2955/2955 2951/2951/2951
f 2953/2953/2953 2957/2957/2957 2952/2952/2952
f 2957/2957/2957 2956/2956/2956 2952/2952/2952
f 2954/2954/2954 2958/2958/2958 2953/2953/2953
f 2958/2958/2958 2957/2957/2957 2953/2953/2953
f 2950/2950/2950 2959/2959/2959 2954/2954/2954
f 2955/2955/2955 2959/2959/2959 2950/2950/2950
f 2959/2959/2959 2958/2958/2958 2954/2954/2954
f 2957/2957/2957 2960/2960/2960 2956/2956/2956
f 2956/2956/2956 2961/2961/2961 2955/2955/2955
f 2960/2960/2960 2961/2961/2961 2956/2956/2956
f 2958/2958/2958 2962/2962/2962 2957/2957/2957
f 2962/2962/2962 2960/2960/2960 2957/2957/2957
f 2959/2959/2959 2963/2963/2963 2958/2958/2958
f 2963/2963/2963 2962/2962/2962 2958/2958/2958
f 2955/2955/2955 2964/2964/2964 2959/2959/2959
f 2961/2961/2961 2964/2964/2964 2955/2955/2955
f 2964/2964/2964 2963/2963/2963 2959/2959/2959
f 2960/2960/2960 2965/2965/2965 2961/2961/2961
f 2962/2962/2962 2966/2966/2966 2960/2960/2960
f 2966/2966/2966 2965/2965/2965 2960/2960/2960
f 2963/2963/2963 2967/2967/2967 2962/2962/2962
f 2967/2967/2967 2966/2966/2966 2962/2962/2962
f 2964/2964/2964 2968/2968/2968 2963/2963/2963
f 2968/2968/2968 2967/2967/2967 2963/2963/2963
f 2961/2961/2961 2969/2969/2969 2964/2964/2964
f 2965/2965/2965 2969/2969/2969 2961/2961/2961
f 2969/2969/2969 2968/2968/2968 2964/2964/2964
f 2966/2966/2966 2970/2970/2970 2965/2965/2965
f 2967/2967/2967 2971/2971/2971 2966/2966/2966
f 2971/2971/2971 2970/2970/2970 2966/2966/2966
f 2968/2968/2968 2972/2972/2972 2967/2967/2967
f 2972/2972/2972 2971/2971/2971 2967/2967/2967
f 2965/2965/2965 2973/2973/2973 2969/2969/2969
f 2970/2970/2970 2973/2973/2973 2965/2965/2965
f 2969/2969/2969 2974/2974/2974 2968/2968/2968
f 2974/2974/2974 2972/2972/2972 2968/2968/2968
f 2973/2973/2973 2974/2974/2974 2969/2969/2969
f 2971/2971/2971 2975/2975/2975 2970/2970/2970
f 2972/2972/2972 2976/2976/2976 2971/2971/2971
f 2976/2976/2976 2975/2975/2975 2971/2971/2971
f 2974/2974/2974 2977/2977/2977 2972/2972/2972
f 2977/2977/2977 2976/2976/2976 2972/2972/2972
f 2973/2973/2973 2978/2978/2978 2974/2974/2974
f 2978/2978/2978 2977/2977/2977 2974/2974/2974
f 2970/2970/2970 2979/2979/2979 2973/2973/2973
f 2975/2975/2975 2979/2979/2979 2970/2970/2970
f 2979/2979/2979 2978/2978/2978 2973/2973/2973
f 2976/2976/2976 2980/2980/2980 2975/2975/2975
f 2980/2980/2980 2981/2981/2981 2975/2975/2975
f 2975/2975/2975 2981/2981/2981 2979/2979/2979
f 2982/2982/2982 2980/2980/2980 2976/2976/2976
f 2977/2977/2977 2982/2982/2982 2976/2976/2976
f 2981/2981/2981 2983/2983/2983 2979/2979/2979
f 2979/2979/2979 2983/2983/2983 2978/2978/2978
f 2984/2984/2984 2982/2982/2982 2977/2977/2977
f 2978/2978/2978 2984/2984/2984 2977/2977/2977
f 2983/2983/2983 2984/2984/2984 2978/2978/2978
f 2987/2987/2987 2986/2986/2986 2985/2985/2985
f 2988/2988/2988 2987/2987/2987 2985/2985/2985
f 2985/2985/2985 2986/2986/2986 2989/2989/2989
f 2990/2990/2990 2987/2987/2987 2988/2988/2988
f 2991/2991/2991 2990/2990/2990 2988/2988/2988
f 2986/2986/2986 2992/2992/2992 2989/2989/2989
f 2989/2989/2989 2992/2992/2992 2993/2993/2993
f 2993/2993/2993 2994/2994/2994 2991/2991/2991
f 2994/2994/2994 2990/2990/2990 2991/2991/2991
f 2992/2992/2992 2994/2994/2994 2993/2993/2993
f 2987/2987/2987 2995/2995/2995 2986/2986/2986
f 2990/2990/2990 2996/2996/2996 2987/2987/2987
f 2996/2996/2996 2995/2995/2995 2987/2987/2987
f 2994/2994/2994 2997/2997/2997 2990/2990/2990
f 2997/2997/2997 2996/2996/2996 2990/2990/2990
f 2992/2992/2992 2998/2998/2998 2994/2994/2994
f 2998/2998/2998 2997/2997/2997 2994/2994/2994
f 2986/2986/2986 2999/2999/2999 2992/2992/2992
f 2995/2995/2995 2999/2999/2999 2986/2986/2986
f 2999/2999/2999 2998/2998/2998 2992/2992/2992
f 2996/2996/2996 3000/3000/3000 2995/2995/2995
f 2997/2997/2997 3001/3001/3001 2996/2996/2996
f 3001/3001/3001 3000/3000/3000 2996/2996/2996
f 2998/2998/2998 3002/3002/3002 2997/2997/2997
f 3002/3002/3002 3001/3001/3001 2997/2997/2997
f 2995/2995/2995 3003/3003/3003 2999/2999/2999
f 3000/3000/3000 3003/3003/3003 2995/2995/2995
f 2999/2999/2999 3004/3004/3004 2998/2998/2998
f 3004/3004/3004 3002/3002/3002 2998/2998/2998
f 3003/3003/3003 3004/3004/3004 2999/2999/2999
f 3001/3001/3001 3005/3005/3005 3000/3000/3000
f 3002/3002/3002 3006/3006/3006 3001/3001/3001
f 3006/3006/3006 3005/3005/3005 3001/3001/3001
f 3004/3004/3004 3007/3007/3007 3002/3002/3002
f 3007/3007/3007 3006/3006/3006 3002/3002/3002
f 3003/3003/3003 3008/3008/3008 3004/3004/3004
f 3008/3008/3008 3007/3007/3007 3004/3004/3004
f 3000/3000/3000 3009/3009/3009 3003/3003/3003
f 3005/3005/3005 3009/3009/3009 3000/3000/3000
f 3009/3009/3009 3008/3008/3008 3003/3003/3003
f 3006/3006/3006 3010/3010/3010 3005/3005/3005
f 3007/3007/3007 3011/3011/3011 3006/3006/3006
f 3011/3011/3011 3010/3010/3010 3006/3006/3006
f 3008/3008/3008 3012/3012/3012 3007/3007/3007
f 3012/3012/3012 3011/3011/3011 3007/3007/3007
f 3009/3009/3009 3013/3013/3013 3008/3008/3008
f 3013/3013/3013 3012/3012/3012 3008/3008/3008
f 3005/3005/3005 3014/3014/3014 3009/3009/3009
f 3010/3010/3010 3014/3014/3014 3005/3005/3005
f 3014/3014/3014 3013/3013/3013 3009/3009/3009
f 3012/3012/3012 3015/3015/3015 3011/3011/3011
f 3011/3011/3011 3016/3016/3016 3010/3010/3010
f 3015/3015/3015 3016/3016/3016 3011/3011/3011
f 3013/3013/3013 3017/3017/3017 3012/3012/3012
f 3017/3017/3017 3015/3015/3015 3012/3012/3012
f 3014/3014/3014 3018/3018/3018 3013/3013/3013
f 3018/3018/3018 3017/3017/3017 3013/3013/3013
f 3010/3010/3010 3019/3019/3019 3014/3014/3014
f 3016/3016/3016 3019/3019/3019 3010/3010/3010
f 3019/3019/3019 3018/3018/3018 3014/3014/3014
f 3015/3015/3015 3020/3020/3020 3016/3016/3016
f 3020/3020/3020 3021/3021/3021 3016/3016/3016
f 3016/3016/3016 3021/3021/3021 3019/3019/3019
f 3022/3022/3022 3020/3020/3020 3015/3015/3015
f 3017/3017/3017 3022/3022/3022 3015/3015/3015
f 3021/3021/3021 3023/3023/3023 3019/3019/3019
f 3019/3019/3019 3023/3023/3023 3018/3018/3018
f 3024/3024/3024 3022/3022/3022 3017/3017/3017
f 3018/3018/3018 3024/3024/3024 3017/3017/3017
f 3023/3023/3023 3024/3024/3024 3018/3018/3018
f 3027/3027/3027 3026/3026/3026 3025/3025/3025
f 3028/3028/3028 3027/3027/3027 3025/3025/3025
f 3025/3025/3025 3026/3026/3026 3029/3029/3029
f 3030/3030/3030 3027/3027/3027 3028/3028/3028
f 3031/3031/3031 3030/3030/3030 3028/3028/3028
f 3026/3026/3026 3032/3032/3032 3029/3029/3029
f 3029/3029/3029 3032/3032/3032 3033/3033/3033
f 3033/3033/3033 3034/3034/3034 3031/3031/3031
f 3034/3034/3034 3030/3030/3030 3031/3031/3031
f 3032/3032/3032 3034/3034/3034 3033/3033/3033
f 3027/3027/3027 3035/3035/3035 3026/3026/3026
f 3030/3030/3030 3036/3036/3036 3027/3027/3027
f 3036/3036/3036 3035/3035/3035 3027/3027/3027
f 3034/3034/3034 3037/3037/3037 3030/3030/3030
f 3037/3037/3037 3036/3036/3036 3030/3030/3030
f 3032/3032/3032 3038/3038/3038 3034/3034/3034
f 3038/3038/3038 3037/3037/3037 3034/3034/3034
f 3026/3026/3026 3039/3039/3039 3032/3032/3032
f 3035/3035/3035 3039/3039/3039 3026/3026/3026
f 3039/3039/3039 3038/3038/3038 3032/3032/3032
f 3036/3036/3036 3040/3040/3040 3035/3035/3035
f 3037/3037/3037 3041/3041/3041 3036/3036/3036
f 3041/3041/3041 3040/3040/3040 3036/3036/3036
f 3038/3038/3038 3042/3042/3042 3037/3037/3037
f 3042/3042/3042 3041/3041/3041 3037/3037/3037
f 3035/3035/3035 3043/3043/3043 3039/3039/3039
f 3040/3040/3040 3043/3043/3043 3035/3035/3035
f 3039/3039/3039 3044/3044/3044 3038/3038/3038
f 3044/3044/3044 3042/3042/3042 3038/3038/3038
f 3043/3043/3043 3044/3044/3044 3039/3039/3039
f 3041/3041/3041 3045/3045/3045 3040/3040/3040
f 3042/3042/3042 3046/3046/3046 3041/3041/3041
f 3046/3046/3046 3045/3045/3045 3041/3041/3041
f 3044/3044/3044 3047/3047/3047 3042/3042/3042
f 3047/3047/3047 3046/3046/3046 3042/3042/3042
f 3043/3043/3043 3048/3048/3048 3044/3044/3044
f 3048/3048/3048 3047/3047/3047 3044/3044/3044
f 3040/3040/3040 3049/3049/3049 3043/3043/3043
f 3045/3045/3045 3049/3049/3049 3040/3040/3040
f 3049/3049/3049 3048/3048/3048 3043/3043/3043
f 3046/3046/3046 3050/3050/3050 3045/3045/3045
f 3047/3047/3047 3051/3051/3051 3046/3046/3046
f 3051/3051/3051 3050/3050/3050 3046/3046/3046
f 3048/3048/3048 3052/3052/3052 3047/3047/3047
f 3052/3052/3052 3051/3051/3051 3047/3047/3047
f 3049/3049/3049 3053/3053/3053 3048/3048/3048
f 3053/3053/3053 3052/3052/3052 3048/3048/3048
f 3045/3045/3045 3054/3054/3054 3049/3049/3049
f 3050/3050/3050 3054/3054/3054 3045/3045/3045
f 3054/3054/3054 3053/3053/3053 3049/3049/3049
f 3052/3052/3052 3055/3055/3055 3051/3051/3051
f 3051/3051/3051 3056/3056/3056 3050/3050/3050
f 3055/3055/3055 3056/3056/3056 3051/3051/3051
f 3053/3053/3053 3057/3057/3057 3052/3052/3052
f 3057/3057/3057 3055/3055/3055 3052/3052/3052
f 3054/3054/3054 3058/3058/3058 3053/3053/3053
f 3058/3058/3058 3057/3057/3057 3053/3053/3053
f 3050/3050/3050 3059/3059/3059 3054/3054/3054
f 3056/3056/3056 3059/3059/3059 3050/3050/3050
f 3059/3059/3059 3058/3058/3058 3054/3054/3054
f 3055/3055/3055 3060/3060/3060 3056/3056/3056
f 3057/3057/3057 3061/3061/3061 3055/3055/3055
f 3061/3061/3061 3060/3060/3060 3055/3055/3055
f 3058/3058/3058 3062/3062/3062 3057/3057/3057
f 3062/3062/3062 3061/3061/3061 3057/3057/3057
f 3059/3059/3059 3063/3063/3063 3058/3058/3058
f 3063/3063/3063 3062/3062/3062 3058/3058/3058
f 3056/3056/3056 3064/3064/3064 3059/3059/3059
f 3060/3060/3060 3064/3064/3064 3056/3056/3056
f 3064/3064/3064 3063/3063/3063 3059/3059/3059
f 3061/3061/3061 3065/3065/3065 3060/3060/3060
f 3062/3062/3062 3066/3066/3066 3061/3061/3061
f 3066/3066/3066 3065/3065/3065 3061/3061/3061
f 3063/3063/3063 3067/3067/3067 3062/3062/3062
f 3067/3067/3067 3066/3066/3066 3062/3062/3062
f 3060/3060/3060 3068/3068/3068 3064/3064/3064
f 3065/3065/3065 3068/3068/3068 3060/3060/3060
f 3064/3064/3064 3069/3069/3069 3063/3063/3063
f 3069/3069/3069 3067/3067/3067 3063/3063/3063
f 3068/3068/3068 3069/3069/3069 3064/3064/3064
f 3066/3066/3066 3070/3070/3070 3065/3065/3065
f 3067/3067/3067 3071/3071/3071 3066/3066/3066
f 3071/3071/3071 3070/3070/3070 3066/3066/3066
f 3069/3069/3069 3072/3072/3072 3067/3067/3067
f 3072/3072/3072 3071/3071/3071 3067/3067/3067
f 3068/3068/3068 3073/3073/3073 3069/3069/3069
f 3073/3073/3073 3072/3072/3072 3069/3069/3069
f 3065/3065/3065 3074/3074/3074 3068/3068/3068
f 3070/3070/3070 3074/3074/3074 3065/3065/3065
f 3074/3074/3074 3073/3073/3073 3068/3068/3068
f 3071/3071/3071 3075/3075/3075 3070/3070/3070
f 3072/3072/3072 3076/3076/3076 3071/3071/3071
f 3076/3076/3076 3075/3075/3075 3071/3071/3071
f 3073/3073/3073 3077/3077/3077 3072/3072/3072
f 3077/3077/3077 3076/3076/3076 3072/3072/3072
f 3074/3074/3074 3078/3078/3078 3073/3073/3073
f 3078/3078/3078 3077/3077/3077 3073/3073/3073
f 3070/3070/3070 3079/3079/3079 3074/3074/3074
f 3075/3075/3075 3079/3079/3079 3070/3070/3070
f 3079/3079/3079 3078/3078/3078 3074/3074/3074
f 3077/3077/3077 3080/3080/3080 3076/3076/3076
f 3076/3076/3076 3081/3081/3081 3075/3075/3075
f 3080/3080/3080 3081/3081/3081 3076/3076/3076
f 3078/3078/3078 3082/3082/3082 3077/3077/3077
f 3082/3082/3082 3080/3080/3080 3077/3077/3077
f 3079/3079/3079 3083/3083/3083 3078/3078/3078
f 3083/3083/3083 3082/3082/3082 3078/3078/3078
f 3075/3075/3075 3084/3084/3084 3079/3079/3079
f 3081/3081/3081 3084/3084/3084 3075/3075/3075
f 3084/3084/3084 3083/3083/3083 3079/3079/3079
f 3080/3080/3080 3085/3085/3085 3081/3081/3081
f 3082/3082/3082 3086/3086/3086 3080/3080/3080
f 3086/3086/3086 3085/3085/3085 3080/3080/3080
f 3083/3083/3083 3087/3087/3087 3082/3082/3082
f 3087/3087/3087 3086/3086/3086 3082/3082/3082
f 3084/3084/3084 3088/3088/3088 3083/3083/3083
f 3088/3088/3088 3087/3087/3087 3083/3083/3083
f 3081/3081/3081 3089/3089/3089 3084/3084/3084
f 3085/3085/3085 3089/3089/3089 3081/3081/3081
f 3089/3089/3089 3088/3088/3088 3084/3084/3084
f 3086/3086/3086 3090/3090/3090 3085/3085/3085
f 3087/3087/3087 3091/3091/3091 3086/3086/3086
f 3091/3091/3091 3090/3090/3090 3086/3086/3086
f 3088/3088/3088 3092/3092/3092 3087/3087/3087
f 3092/3092/3092 3091/3091/3091 3087/3087/3087
f 3085/3085/3085 3093/3093/3093 3089/3089/3089
f 3090/3090/3090 3093/3093/3093 3085/3085/3085
f 3089/3089/3089 3094/3094/3094 3088/3088/3088
f 3094/3094/3094 3092/3092/3092 3088/3088/3088
f 3093/3093/3093 3094/3094/3094 3089/3089/3089
f 3091/3091/3091 3095/3095/3095 3090/3090/3090
f 3095/3095/3095 3096/3096/3096 3090/3090/3090
f 3090/3090/3090 3096/3096/3096 3093/3093/3093
f 3097/3097/3097 3095/3095/3095 3091/3091/3091
f 3092/3092/3092 3097/3097/3097 3091/3091/3091
f 3096/3096/3096 3098/3098/3098 3093/3093/3093
f 3093/3093/3093 3098/3098/3098 3094/3094/3094
f 3099/3099/3099 3097/3097/3097 3092/3092/3092
f 3098/3098/3098 3099/3099/3099 3094/3094/3094
f 3094/3094/3094 3099/3099/3099 3092/3092/3092
f 3102/3102/3102 3101/3101/3101 3100/3100/3100
f 3103/3103/3103 3102/3102/3102 3100/3100/3100
f 3100/3100/3100 3101/3101/3101 3104/3104/3104
f 3105/3105/3105 3102/3102/3102 3103/3103/3103
f 3106/3106/3106 3105/3105/3105 3103/3103/3103
f 3101/3101/3101 3107/3107/3107 3104/3104/3104
f 3104/3104/3104 3107/3107/3107 3108/3108/3108
f 3108/3108/3108 3109/3109/3109 3106/3106/3106
f 3109/3109/3109 3105/3105/3105 3106/3106/3106
f 3107/3107/3107 3109/3109/3109 3108/3108/3108
f 3102/3102/3102 3110/3110/3110 3101/3101/3101
f 3105/3105/3105 3111/3111/3111 3102/3102/3102
f 3111/3111/3111 3110/3110/3110 3102/3102/3102
f 3109/3109/3109 3112/3112/3112 3105/3105/3105
f 3112/3112/3112 3111/3111/3111 3105/3105/3105
f 3107/3107/3107 3113/3113/3113 3109/3109/3109
f 3113/3113/3113 3112/3112/3112 3109/3109/3109
f 3101/3101/3101 3114/3114/3114 3107/3107/3107
f 3110/3110/3110 3114/3114/3114 3101/3101/3101
f 3114/3114/3114 3113/3113/3113 3107/3107/3107
f 3111/3111/3111 3115/3115/3115 3110/3110/3110
f 3112/3112/3112 3116/3116/3116 3111/3111/3111
f 3116/3116/3116 3115/3115/3115 3111/3111/3111
f 3113/3113/3113 3117/3117/3117 3112/3112/3112
f 3117/3117/3117 3116/3116/3116 3112/3112/3112
f 3110/3110/3110 3118/3118/3118 3114/3114/3114
f 3115/3115/3115 3118/3118/3118 3110/3110/3110
f 3114/3114/3114 3119/3119/3119 3113/3113/3113
f 3119/3119/3119 3117/3117/3117 3113/3113/3113
f 3118/3118/3118 3119/3119/3119 3114/3114/3114
f 3116/3116/3116 3120/3120/3120 3115/3115/3115
f 3117/3117/3117 3121/3121/3121 3116/3116/3116
f 3121/3121/3121 3120/3120/3120 3116/3116/3116
f 3119/3119/3119 3122/3122/3122 3117/3117/3117
f 3122/3122/3122 3121/3121/3121 3117/3117/3117
f 3118/3118/3118 3123/3123/3123 3119/3119/3119
f 3123/3123/3123 3122/3122/3122 3119/3119/3119
f 3115/3115/3115 3124/3124/3124 3118/3118/3118
f 3120/3120/3120 3124/3124/3124 3115/3115/3115
f 3124/3124/3124 3123/3123/3123 3118/3118/3118
f 3121/3121/3121 3125/3125/3125 3120/3120/3120
f 3122/3122/3122 3126/3126/3126 3121/3121/3121
f 3126/3126/3126 3125/3125/3125 3121/3121/3121
f 3123/3123/3123 3127/3127/3127 3122/3122/3122
f 3127/3127/3127 3126/3126/3126 3122/3122/3122
f 3124/3124/3124 3128/3128/3128 3123/3123/3123
f 3128/3128/3128 3127/3127/3127 3123/3123/3123
f 3120/3120/3120 3129/3129/3129 3124/3124/3124
f 3125/3125/3125 3129/3129/3129 3120/3120/3120
f 3129/3129/3129 3128/3128/3128 3124/3124/3124
f 3127/3127/3127 3130/3130/3130 3126/3126/3126
f 3126/3126/3126 3131/3131/3131 3125/3125/3125
f 3130/3130/3130 3131/3131/3131 3126/3126/3126
f 3128/3128/3128 3132/3132/3132 3127/3127/3127
f 3132/3132/3132 3130/3130/3130 3127/3127/3127
f 3129/3129/3129 3133/3133/3133 3128/3128/3128
f 3133/3133/3133 3132/3132/3132 3128/3128/3128
f 3125/3125/3125 3134/3134/3134 3129/3129/3129
f 3131/3131/3131 3134/3134/3134 3125/3125/3125
f 3134/3134/3134 3133/3133/3133 3129/3129/3129
f 3130/3130/3130 3135/3135/3135 3131/3131/3131
f 3132/3132/3132 3136/3136/3136 3130/3130/3130
f 3136/3136/3136 3135/3135/3135 3130/3130/3130
f 3133/3133/3133 3137/3137/3137 3132/3132/3132
f 3137/3137/3137 3136/3136/3136 3132/3132/3132
f 3134/3134/3134 3138/3138/3138 3133/3133/3133
f 3138/3138/3138 3137/3137/3137 3133/3133/3133
f 3131/3131/3131 3139/3139/3139 3134/3134/3134
f 3135/3135/3135 3139/3139/3139 3131/3131/3131
f 3139/3139/3139 3138/3138/3138 3134/3134/3134
f 3136/3136/3136 3140/3140/3140 3135/3135/3135
f 3137/3137/3137 3141/3141/3141 3136/3136/3136
f 3141/3141/3141 3140/3140/3140 3136/3136/3136
f 3138/3138/3138 3142/3142/3142 3137/3137/3137
f 3142/3142/3142 3141/3141/3141 3137/3137/3137
f 3135/3135/3135 3143/3143/3143 3139/3139/3139
f 3140/3140/3140 3143/3143/3143 3135/3135/3135
f 3139/3139/3139 3144/3144/3144 3138/3138/3138
f 3144/3144/3144 3142/3142/3142 3138/3138/3138
f 3143/3143/3143 3144/3144/3144 3139/3139/3139
f 3141/3141/3141 3145/3145/3145 3140/3140/3140
f 3142/3142/3142 3146/3146/3146 3141/3141/3141
f 3146/3146/3146 3145/3145/3145 3141/3141/3141
f 3144/3144/3144 3147/3147/3147 3142/3142/3142
f 3147/3147/3147 3146/3146/3146 3142/3142/3142
f 3143/3143/3143 3148/3148/3148 3144/3144/3144
f 3148/3148/3148 3147/3147/3147 3144/3144/3144
f 3140/3140/3140 3149/3149/3149 3143/3143/3143
f 3145/3145/3145 3149/3149/3149 3140/3140/3140
f 3149/3149/3149 3148/3148/3148 3143/3143/3143
f 3146/3146/3146 3150/3150/3150 3145/3145/3145
f 3147/3147/3147 3151/3151/3151 3146/3146/3146
f 3151/3151/3151 3150/3150/3150 3146/3146/3146
f 3148/3148/3148 3152/3152/3152 3147/3147/3147
f 3152/3152/3152 3151/3151/3151 3147/3147/3147
f 3149/3149/3149 3153/3153/3153 3148/3148/3148
f 3153/3153/3153 3152/3152/3152 3148/3148/3148
f 3145/3145/3145 3154/3154/3154 3149/3149/3149
f 3150/3150/3150 3154/3154/3154 3145/3145/3145
f 3154/3154/3154 3153/3153/3153 3149/3149/3149
f 3152/3152/3152 3155/3155/3155 3151/3151/3151
f 3151/3151/3151 3156/3156/3156 3150/3150/3150
f 3155/3155/3155 3156/3156/3156 3151/3151/3151
f 3153/3153/3153 3157/3157/3157 3152/3152/3152
f 3157/3157/3157 3155/3155/3155 3152/3152/3152
f 3154/3154/3154 3158/3158/3158 3153/3153/3153
f 3158/3158/3158 3157/3157/3157 3153/3153/3153
f 3150/3150/3150 3159/3159/3159 3154/3154/3154
f 3156/3156/3156 3159/3159/3159 3150/3150/3150
f 3159/3159/3159 3158/3158/3158 3154/3154/3154
f 3155/3155/3155 3160/3160/3160 3156/3156/3156
f 3157/3157/3157 3161/3161/3161 3155/3155/3155
f 3161/3161/3161 3160/3160/3160 3155/3155/3155
f 3158/3158/3158 3162/3162/3162 3157/3157/3157
f 3162/3162/3162 3161/3161/3161 3157/3157/3157
f 3159/3159/3159 3163/3163/3163 3158/3158/3158
f 3163/3163/3163 3162/3162/3162 3158/3158/3158
f 3156/3156/3156 3164/3164/3164 3159/3159/3159
f 3160/3160/3160 3164/3164/3164 3156/3156/3156
f 3164/3164/3164 3163/3163/3163 3159/3159/3159
f 3161/3161/3161 3165/3165/3165 3160/3160/3160
f 3162/3162/3162 3166/3166/3166 3161/3161/3161
f 3166/3166/3166 3165/3165/3165 3161/3161/3161
f 3163/3163/3163 3167/3167/3167 3162/3162/3162
f 3167/3167/3167 3166/3166/3166 3162/3162/3162
f 3160/3160/3160 3168/3168/3168 3164/3164/3164
f 3165/3165/3165 3168/3168/3168 3160/3160/3160
f 3164/3164/3164 3169/3169/3169 3163/3163/3163
f 3169/3169/3169 3167/3167/3167 3163/3163/3163
f 3168/3168/3168 3169/3169/3169 3164/3164/3164
f 3166/3166/3166 3170/3170/3170 3165/3165/3165
f 3170/3170/3170 3171/3171/3171 3165/3165/3165
f 3165/3165/3165 3171/3171/3171 3168/3168/3168
f 3172/3172/3172 3170/3170/3170 3166/3166/3166
f 3167/3167/3167 3172/3172/3172 3166/3166/3166
f 3171/3171/3171 3173/3173/3173 3168/3168/3168
f 3168/3168/3168 3173/3173/3173 3169/3169/3169
f 3174/3174/3174 3172/3172/3172 3167/3167/3167
f 3173/3173/3173 3174/3174/3174 3169/3169/3169
f 3169/3169/3169 3174/3174/3174 3167/3167/3167
f 3177/3177/3177 3176/3176/3176 3175/3175/3175
f 3178/3178/3178 3177/3177/3177 3175/3175/3175
f 3175/3175/3175 3176/3176/3176 3179/3179/3179
f 3180/3180/3180 3177/3177/3177 3178/3178/3178
f 3181/3181/3181 3180/3180/3180 3178/3178/3178
f 3176/3176/3176 3182/3182/3182 3179/3179/3179
f 3179/3179/3179 3182/3182/3182 3183/3183/3183
f 3183/3183/3183 3184/3184/3184 3181/3181/3181
f 3184/3184/3184 3180/3180/3180 3181/3181/3181
f 3182/3182/3182 3184/3184/3184 3183/3183/3183
f 3177/3177/3177 3185/3185/3185 3176/3176/3176
f 3180/3180/3180 3186/3186/3186 3177/3177/3177
f 3186/3186/3186 3185/3185/3185 3177/3177/3177
f 3184/3184/3184 3187/3187/3187 3180/3180/3180
f 3187/3187/3187 3186/3186/3186 3180/3180/3180
f 3182/3182/3182 3188/3188/3188 3184/3184/3184
f 3188/3188/3188 3187/3187/3187 3184/3184/3184
f 3176/3176/3176 3189/3189/3189 3182/3182/3182
f 3185/3185/3185 3189/3189/3189 3176/3176/3176
f 3189/3189/3189 3188/3188/3188 3182/3182/3182
f 3186/3186/3186 3190/3190/3190 3185/3185/3185
f 3187/3187/3187 3191/3191/3191 3186/3186/3186
f 3191/3191/3191 3190/3190/3190 3186/3186/3186
f 3188/3188/3188 3192/3192/3192 3187/3187/3187
f 3192/3192/3192 3191/3191/3191 3187/3187/3187
f 3185/3185/3185 3193/3193/3193 3189/3189/3189
f 3190/3190/3190 3193/3193/3193 3185/3185/3185
f 3189/3189/3189 3194/3194/3194 3188/3188/3188
f 3194/3194/3194 3192/3192/3192 3188/3188/3188
f 3193/3193/3193 3194/3194/3194 3189/3189/3189
f 3191/3191/3191 3195/3195/3195 3190/3190/3190
f 3192/3192/3192 3196/3196/3196 3191/3191/3191
f 3196/3196/3196 3195/3195/3195 3191/3191/3191
f 3194/3194/3194 3197/3197/3197 3192/3192/3192
f 3197/3197/3197 3196/3196/3196 3192/3192/3192
f 3193/3193/3193 3198/3198/3198 3194/3194/3194
f 3198/3198/3198 3197/3197/3197 3194/3194/3194
f 3190/3190/3190 3199/3199/3199 3193/3193/3193
f 3195/3195/3195 3199/3199/3199 3190/3190/3190
f 3199/3199/3199 3198/3198/3198 3193/3193/3193
f 3196/3196/3196 3200/3200/3200 3195/3195/3195
f 3197/3197/3197 3201/3201/3201 3196/3196/3196
f 3201/3201/3201 3200/3200/3200 3196/3196/3196
f 3198/3198/3198 3202/3202/3202 3197/3197/3197
f 3202/3202/3202 3201/3201/3201 3197/3197/3197
f 3199/3199/3199 3203/3203/3203 3198/3198/3198
f 3203/3203/3203 3202/3202/3202 3198/3198/3198
f 3195/3195/3195 3204/3204/3204 3199/3199/3199
f 3200/3200/3200 3204/3204/3204 3195/3195/3195
f 3204/3204/3204 3203/3203/3203 3199/3199/3199
f 3202/3202/3202 3205/3205/3205 3201/3201/3201
f 3201/3201/3201 3206/3206/3206 3200/3200/3200
f 3205/3205/3205 3206/3206/3206 3201/3201/3201
f 3203/3203/3203 3207/3207/3207 3202/3202/3202
f 3207/3207/3207 3205/3205/3205 3202/3202/3202
f 3204/3204/3204 3208/3208/3208 3203/3203/3203
f 3208/3208/3208 3207/3207/3207 3203/3203/3203
f 3200/3200/3200 3209/3209/3209 3204/3204/3204
f 3206/3206/3206 3209/3209/3209 3200/3200/3200
f 3209/3209/3209 3208/3208/3208 3204/3204/3204
f 3205/3205/3205 3210/3210/3210 3206/3206/3206
f 3210/3210/3210 3211/3211/3211 3206/3206/3206
f 3206/3206/3206 3211/3211/3211 3209/3209/3209
f 3212/3212/3212 3210/3210/3210 3205/3205/3205
f 3207/3207/3207 3212/3212/3212 3205/3205/3205
f 3211/3211/3211 3213/3213/3213 3209/3209/3209
f 3209/3209/3209 3213/3213/3213 3208/3208/3208
f 3214/3214/3214 3212/3212/3212 3207/3207/3207
f 3208/3208/3208 3214/3214/3214 3207/3207/3207
f 3213/3213/3213 3214/3214/3214 3208/3208/3208
f 3217/3217/3217 3216/3216/3216 3215/3215/3215
f 3218/3218/3218 3217/3217/3217 3215/3215/3215
f 3215/3215/3215 3216/3216/3216 3219/3219/3219
f 3220/3220/3220 3217/3217/3217 3218/3218/3218
f 3221/3221/3221 3220/3220/3220 3218/3218/3218
f 3216/3216/3216 3222/3222/3222 3219/3219/3219
f 3219/3219/3219 3222/3222/3222 3223/3223/3223
f 3223/3223/3223 3224/3224/3224 3221/3221/3221
f 3224/3224/3224 3220/3220/3220 3221/3221/3221
f 3222/3222/3222 3224/3224/3224 3223/3223/3223
f 3217/3217/3217 3225/3225/3225 3216/3216/3216
f 3220/3220/3220 3226/3226/3226 3217/3217/3217
f 3226/3226/3226 3225/3225/3225 3217/3217/3217
f 3224/3224/3224 3227/3227/3227 3220/3220/3220
f 3227/3227/3227 3226/3226/3226 3220/3220/3220
f 3222/3222/3222 3228/3228/3228 3224/3224/3224
f 3228/3228/3228 3227/3227/3227 3224/3224/3224
f 3216/3216/3216 3229/3229/3229 3222/3222/3222
f 3225/3225/3225 3229/3229/3229 3216/3216/3216
f 3229/3229/3229 3228/3228/3228 3222/3222/3222
f 3226/3226/3226 3230/3230/3230 3225/3225/3225
f 3227/3227/3227 3231/3231/3231 3226/3226/3226
f 3231/3231/3231 3230/3230/3230 3226/3226/3226
f 3228/3228/3228 3232/3232/3232 3227/3227/3227
f 3232/3232/3232 3231/3231/3231 3227/3227/3227
f 3225/3225/3225 3233/3233/3233 3229/3229/3229
f 3230/3230/3230 3233/3233/3233 3225/3225/3225
f 3229/3229/3229 3234/3234/3234 3228/3228/3228
f 3234/3234/3234 3232/3232/3232 3228/3228/3228
f 3233/3233/3233 3234/3234/3234 3229/3229/3229
f 3231/3231/3231 3235/3235/3235 3230/3230/3230
f 3232/3232/3232 3236/3236/3236 3231/3231/3231
f 3236/3236/3236 3235/3235/3235 3231/3231/3231
f 3234/3234/3234 3237/3237/3237 3232/3232/3232
f 3237/3237/3237 3236/3236/3236 3232/3232/3232
f 3233/3233/3233 3238/3238/3238 3234/3234/3234
f 3238/3238/3238 3237/3237/3237 3234/3234/3234
f 3230/3230/3230 3239/3239/3239 3233/3233/3233
f 3235/3235/3235 3239/3239/3239 3230/3230/3230
f 3239/3239/3239 3238/3238/3238 3233/3233/3233
f 3236/3236/3236 3240/3240/3240 3235/3235/3235
f 3237/3237/3237 3241/3241/3241 3236/3236/3236
f 3241/3241/3241 3240/3240/3240 3236/3236/3236
f 3238/3238/3238 3242/3242/3242 3237/3237/3237
f 3242/3242/3242 3241/3241/3241 3237/3237/3237
f 3239/3239/3239 3243/3243/3243 3238/3238/3238
f 3243/3243/3243 3242/3242/3242 3238/3238/3238
f 3235/3235/3235 3244/3244/3244 3239/3239/3239
f 3240/3240/3240 3244/3244/3244 3235/3235/3235
f 3244/3244/3244 3243/3243/3243 3239/3239/3239
f 3242/3242/3242 3245/3245/3245 3241/3241/3241
f 3241/3241/3241 3246/3246/3246 3240/3240/3240
f 3245/3245/3245 3246/3246/3246 3241/3241/3241
f 3243/3243/3243 3247/3247/3247 3242/3242/3242
f 3247/3247/3247 3245/3245/3245 3242/3242/3242
f 3244/3244/3244 3248/3248/3248 3243/3243/3243
f 3248/3248/3248 3247/3247/3247 3243/3243/3243
f 3240/3240/3240 3249/3249/3249 3244/3244/3244
f 3246/3246/3246 3249/3249/3249 3240/3240/3240
f 3249/3249/3249 3248/3248/3248 3244/3244/3244
f 3245/3245/3245 3250/3250/3250 3246/3246/3246
f 3250/3250/3250 3251/3251/3251 3246/3246/3246
f 3246/3246/3246 3251/3251/3251 3249/3249/3249
f 3252/3252/3252 3250/3250/3250 3245/3245/3245
f 3247/3247/3247 3252/3252/3252 3245/3245/3245
f 3251/3251/3251 3253/3253/3253 3249/3249/3249
f 3249/3249/3249 3253/3253/3253 3248/3248/3248
f 3254/3254/3254 3252/3252/3252 3247/3247/3247
f 3248/3248/3248 3254/3254/3254 3247/3247/3247
f 3253/3253/3253 3254/3254/3254 3248/3248/3248
f 3257/3257/3257 3256/3256/3256 3255/3255/3255
f 3258/3258/3258 3257/3257/3257 3255/3255/3255
f 3255/3255/3255 3256/3256/3256 3259/3259/3259
f 3260/3260/3260 3257/3257/3257 3258/3258/3258
f 3261/3261/3261 3260/3260/3260 3258/3258/3258
f 3256/3256/3256 3262/3262/3262 3259/3259/3259
f 3259/3259/3259 3262/3262/3262 3263/3263/3263
f 3263/3263/3263 3264/3264/3264 3261/3261/3261
f 3264/3264/3264 3260/3260/3260 3261/3261/3261
f 3262/3262/3262 3264/3264/3264 3263/3263/3263
f 3257/3257/3257 3265/3265/3265 3256/3256/3256
f 3260/3260/3260 3266/3266/3266 3257/3257/3257
f 3266/3266/3266 3265/3265/3265 3257/3257/3257
f 3264/3264/3264 3267/3267/3267 3260/3260/3260
f 3267/3267/3267 3266/3266/3266 3260/3260/3260
f 3262/3262/3262 3268/3268/3268 3264/3264/3264
f 3268/3268/3268 3267/3267/3267 3264/3264/3264
f 3256/3256/3256 3269/3269/3269 3262/3262/3262
f 3265/3265/3265 3269/3269/3269 3256/3256/3256
f 3269/3269/3269 3268/3268/3268 3262/3262/3262
f 3266/3266/3266 3270/3270/3270 3265/3265/3265
f 3267/3267/3267 3271/3271/3271 3266/3266/3266
f 3271/3271/3271 3270/3270/3270 3266/3266/3266
f 3268/3268/3268 3272/3272/3272 3267/3267/3267
f 3272/3272/3272 3271/3271/3271 3267/3267/3267
f 3265/3265/3265 3273/3273/3273 3269/3269/3269
f 3270/3270/3270 3273/3273/3273 3265/3265/3265
f 3269/3269/3269 3274/3274/3274 3268/3268/3268
f 3274/3274/3274 3272/3272/3272 3268/3268/3268
f 3273/3273/3273 3274/3274/3274 3269/3269/3269
f 3271/3271/3271 3275/3275/3275 3270/3270/3270
f 3275/3275/3275 3276/3276/3276 3270/3270/3270
f 3270/3270/3270 3276/3276/3276 3273/3273/3273
f 3277/3277/3277 3275/3275/3275 3271/3271/3271
f 3272/3272/3272 3277/3277/3277 3271/3271/3271
f 3276/3276/3276 3278/3278/3278 3273/3273/3273
f 3273/3273/3273 3278/3278/3278 3274/3274/3274
f 3279/3279/3279 3277/3277/3277 3272/3272/3272
f 3278/3278/3278 3279/3279/3279 3274/3274/3274
f 3274/3274/3274 3279/3279/3279 3272/3272/3272
f 3282/3282/3282 3281/3281/3281 3280/3280/3280
f 3283/3283/3283 3282/3282/3282 3280/3280/3280
f 3280/3280/3280 3281/3281/3281 3284/3284/3284
f 3285/3285/3285 3282/3282/3282 3283/3283/3283
f 3286/3286/3286 3285/3285/3285 3283/3283/3283
f 3281/3281/3281 3287/3287/3287 3284/3284/3284
f 3284/3284/3284 3287/3287/3287 3288/3288/3288
f 3288/3288/3288 3289/3289/3289 3286/3286/3286
f 3289/3289/3289 3285/3285/3285 3286/3286/3286
f 3287/3287/3287 3289/3289/3289 3288/3288/3288
f 3282/3282/3282 3290/3290/3290 3281/3281/3281
f 3285/3285/3285 3291/3291/3291 3282/3282/3282
f 3291/3291/3291 3290/3290/3290 3282/3282/3282
f 3289/3289/3289 3292/3292/3292 3285/3285/3285
f 3292/3292/3292 3291/3291/3291 3285/3285/3285
f 3287/3287/3287 3293/3293/3293 3289/3289/3289
f 3293/3293/3293 3292/3292/3292 3289/3289/3289
f 3281/3281/3281 3294/3294/3294 3287/3287/3287
f 3290/3290/3290 3294/3294/3294 3281/3281/3281
f 3294/3294/3294 3293/3293/3293 3287/3287/3287
f 3291/3291/3291 3295/3295/3295 3290/3290/3290
f 3292/3292/3292 3296/3296/3296 3291/3291/3291
f 3296/3296/3296 3295/3295/3295 3291/3291/3291
f 3293/3293/3293 3297/3297/3297 3292/3292/3292
f 3297/3297/3297 3296/3296/3296 3292/3292/3292
f 3290/3290/3290 3298/3298/3298 3294/3294/3294
f 3295/3295/3295 3298/3298/3298 3290/3290/3290
f 3294/3294/3294 3299/3299/3299 3293/3293/3293
f 3299/3299/3299 3297/3297/3297 3293/3293/3293
f 3298/3298/3298 3299/3299/3299 3294/3294/3294
f 3296/3296/3296 3300/3300/3300 3295/3295/3295
f 3300/3300/3300 3301/3301/3301 3295/3295/3295
f 3295/3295/3295 3301/3301/3301 3298/3298/3298
f 3302/3302/3302 3300/3300/3300 3296/3296/3296
f 3297/3297/3297 3302/3302/3302 3296/3296/3296
f 3301/3301/3301 3303/3303/3303 3298/3298/3298
f 3298/3298/3298 3303/3303/3303 3299/3299/3299
f 3304/3304/3304 3302/3302/3302 3297/3297/3297
f 3303/3303/3303 3304/3304/3304 3299/3299/3299
f 3299/3299/3299 3304/3304/3304 3297/3297/3297
f 3307/3307/3307 3306/3306/3306 3305/3305/3305
f 3308/3308/3308 3307/3307/3307 3305/3305/3305
f 3305/3305/3305 3306/3306/3306 3309/3309/3309
f 3310/3310/3310 3307/3307/3307 3308/3308/3308
f 3311/3311/3311 3310/3310/3310 3308/3308/3308
f 3306/3306/3306 3312/3312/3312 3309/3309/3309
f 3309/3309/3309 3312/3312/3312 3313/3313/3313
f 3313/3313/3313 3314/3314/3314 3311/3311/3311
f 3314/3314/3314 3310/3310/3310 3311/3311/3311
f 3312/3312/3312 3314/3314/3314 3313/3313/3313
f 3307/3307/3307 3315/3315/3315 3306/3306/3306
f 3315/3315/3315 3316/3316/3316 3306/3306/3306
f 3306/3306/3306 3316/3316/3316 3312/3312/3312
f 3317/3317/3317 3315/3315/3315 3307/3307/3307
f 3310/3310/3310 3317/3317/3317 3307/3307/3307
f 3316/3316/3316 3318/3318/3318 3312/3312/3312
f 3312/3312/3312 3318/3318/3318 3314/3314/3314
f 3319/3319/3319 3317/3317/3317 3310/3310/3310
f 3314/3314/3314 3319/3319/3319 3310/3310/3310
f 3318/3318/3318 3319/3319/3319 3314/3314/3314
f 3322/3322/3322 3321/3321/3321 3320/3320/3320
f 3323/3323/3323 3322/3322/3322 3320/3320/3320
f 3320/3320/3320 3321/3321/3321 3324/3324/3324
f 3325/3325/3325 3322/3322/3322 3323/3323/3323
f 3326/3326/3326 3325/3325/3325 3323/3323/3323
f 3321/3321/3321 3327/3327/3327 3324/3324/3324
f 3324/3324/3324 3327/3327/3327 3328/3328/3328
f 3328/3328/3328 3329/3329/3329 3326/3326/3326
f 3329/3329/3329 3325/3325/3325 3326/3326/3326
f 3327/3327/3327 3329/3329/3329 3328/3328/3328
f 3322/3322/3322 3330/3330/3330 3321/3321/3321
f 3330/3330/3330 3331/3331/3331 3321/3321/3321
f 3321/3321/3321 3331/3331/3331 3327/3327/3327
f 3332/3332/3332 3330/3330/3330 3322/3322/3322
f 3325/3325/3325 3332/3332/3332 3322/3322/3322
f 3331/3331/3331 3333/3333/3333 3327/3327/3327
f 3327/3327/3327 3333/3333/3333 3329/3329/3329
f 3334/3334/3334 3332/3332/3332 3325/3325/3325
f 3329/3329/3329 3334/3334/3334 3325/3325/3325
f 3333/3333/3333 3334/3334/3334 3329/3329/3329
f 3337/3337/3337 3336/3336/3336 3335/3335/3335
f 3338/3338/3338 3337/3337/3337 3335/3335/3335
f 3335/3335/3335 3336/3336/3336 3339/3339/3339
f 3340/3340/3340 3337/3337/3337 3338/3338/3338
f 3341/3341/3341 3340/3340/3340 3338/3338/3338
f 3336/3336/3336 3342/3342/3342 3339/3339/3339
f 3339/3339/3339 3342/3342/3342 3343/3343/3343
f 3343/3343/3343 3344/3344/3344 3341/3341/3341
f 3344/3344/3344 3340/3340/3340 3341/3341/3341
f 3342/3342/3342 3344/3344/3344 3343/3343/3343
f 3337/3337/3337 3345/3345/3345 3336/3336/3336
f 3345/3345/3345 3346/3346/3346 3336/3336/3336
f 3336/3336/3336 3346/3346/3346 3342/3342/3342
f 3347/3347/3347 3345/3345/3345 3337/3337/3337
f 3340/3340/3340 3347/3347/3347 3337/3337/3337
f 3346/3346/3346 3348/3348/3348 3342/3342/3342
f 3342/3342/3342 3348/3348/3348 3344/3344/3344
f 3349/3349/3349 3347/3347/3347 3340/3340/3340
f 3344/3344/3344 3349/3349/3349 3340/3340/3340
f 3348/3348/3348 3349/3349/3349 3344/3344/3344
f 3352/3352/3352 3351/3351/3351 3350/3350/3350
f 3353/3353/3353 3352/3352/3352 3350/3350/3350
f 3350/3350/3350 3351/3351/3351 3354/3354/3354
f 3355/3355/3355 3352/3352/3352 3353/3353/3353
f 3356/3356/3356 3355/3355/3355 3353/3353/3353
f 3351/3351/3351 3357/3357/3357 3354/3354/3354
f 3354/3354/3354 3357/3357/3357 3358/3358/3358
f 3358/3358/3358 3359/3359/3359 3356/3356/3356
f 3359/3359/3359 3355/3355/3355 3356/3356/3356
f 3357/3357/3357 3359/3359/3359 3358/3358/3358
f 3352/3352/3352 3360/3360/3360 3351/3351/3351
f 3360/3360/3360 3361/3361/3361 3351/3351/3351
f 3351/3351/3351 3361/3361/3361 3357/3357/3357
f 3362/3362/3362 3360/3360/3360 3352/3352/3352
f 3355/3355/3355 3362/3362/3362 3352/3352/3352
f 3361/3361/3361 3363/3363/3363 3357/3357/3357
f 3357/3357/3357 3363/3363/3363 3359/3359/3359
f 3364/3364/3364 3362/3362/3362 3355/3355/3355
f 3359/3359/3359 3364/3364/3364 3355/3355/3355
f 3363/3363/3363 3364/3364/3364 3359/3359/3359
f 3367/3367/3367 3366/3366/3366 3365/3365/3365
f 3368/3368/3368 3367/3367/3367 3365/3365/3365
f 3365/3365/3365 3366/3366/3366 3369/3369/3369
f 3370/3370/3370 3367/3367/3367 3368/3368/3368
f 3371/3371/3371 3370/3370/3370 3368/3368/3368
f 3366/3366/3366 3372/3372/3372 3369/3369/3369
f 3369/3369/3369 3372/3372/3372 3373/3373/3373
f 3373/3373/3373 3374/3374/3374 3371/3371/3371
f 3374/3374/3374 3370/3370/3370 3371/3371/3371
f 3372/3372/3372 3374/3374/3374 3373/3373/3373
f 3367/3367/3367 3375/3375/3375 3366/3366/3366
f 3375/3375/3375 3376/3376/3376 3366/3366/3366
f 3366/3366/3366 3376/3376/3376 3372/3372/3372
f 3377/3377/3377 3375/3375/3375 3367/3367/3367
f 3370/3370/3370 3377/3377/3377 3367/3367/3367
f 3376/3376/3376 3378/3378/3378 3372/3372/3372
f 3372/3372/3372 3378/3378/3378 3374/3374/3374
f 3379/3379/3379 3377/3377/3377 3370/3370/3370
f 3374/3374/3374 3379/3379/3379 3370/3370/3370
f 3378/3378/3378 3379/3379/3379 3374/3374/3374
f 3382/3382/3382 3381/3381/3381 3380/3380/3380
f 3383/3383/3383 3382/3382/3382 3380/3380/3380
f 3380/3380/3380 3381/3381/3381 3384/3384/3384
f 3385/3385/3385 3382/3382/3382 3383/3383/3383
f 3386/3386/3386 3385/3385/3385 3383/3383/3383
f 3381/3381/3381 3387/3387/3387 3384/3384/3384
f 3384/3384/3384 3387/3387/3387 3388/3388/3388
f 3388/3388/3388 3389/3389/3389 3386/3386/3386
f 3389/3389/3389 3385/3385/3385 3386/3386/3386
f 3387/3387/3387 3389/3389/3389 3388/3388/3388
f 3382/3382/3382 3390/3390/3390 3381/3381/3381
f 3390/3390/3390 3391/3391/3391 3381/3381/3381
f 3381/3381/3381 3391/3391/3391 3387/3387/3387
f 3392/3392/3392 3390/3390/3390 3382/3382/3382
f 3385/3385/3385 3392/3392/3392 3382/3382/3382
f 3391/3391/3391 3393/3393/3393 3387/3387/3387
f 3387/3387/3387 3393/3393/3393 3389/3389/3389
f 3394/3394/3394 3392/3392/3392 3385/3385/3385
f 3389/3389/3389 3394/3394/3394 3385/3385/3385
f 3393/3393/3393 3394/3394/3394 3389/3389/3389
f 3397/3397/3397 3396/3396/3396 3395/3395/3395
f 3398/3398/3398 3397/3397/3397 3395/3395/3395
f 3395/3395/3395 3396/3396/3396 3399/3399/3399
f 3400/3400/3400 3397/3397/3397 3398/3398/3398
f 3401/3401/3401 3400/3400/3400 3398/3398/3398
f 3396/3396/3396 3402/3402/3402 3399/3399/3399
f 3399/3399/3399 3402/3402/3402 3403/3403/3403
f 3403/3403/3403 3404/3404/3404 3401/3401/3401
f 3404/3404/3404 3400/3400/3400 3401/3401/3401
f 3402/3402/3402 3404/3404/3404 3403/3403/3403
f 3397/3397/3397 3405/3405/3405 3396/3396/3396
f 3405/3405/3405 3406/3406/3406 3396/3396/3396
f 3396/3396/3396 3406/3406/3406 3402/3402/3402
f 3407/3407/3407 3405/3405/3405 3397/3397/3397
f 3400/3400/3400 3407/3407/3407 3397/3397/3397
f 3406/3406/3406 3408/3408/3408 3402/3402/3402
f 3402/3402/3402 3408/3408/3408 3404/3404/3404
f 3409/3409/3409 3407/3407/3407 3400/3400/3400
f 3404/3404/3404 3409/3409/3409 3400/3400/3400
f 3408/3408/3408 3409/3409/3409 3404/3404/3404
f 3412/3412/3412 3411/3411/3411 3410/3410/3410
f 3413/3413/3413 3412/3412/3412 3410/3410/3410
f 3410/3410/3410 3411/3411/3411 3414/3414/3414
f 3415/3415/3415 3412/3412/3412 3413/3413/3413
f 3416/3416/3416 3415/3415/3415 3413/3413/3413
f 3411/3411/3411 3417/3417/3417 3414/3414/3414
f 3414/3414/3414 3417/3417/3417 3418/3418/3418
f 3418/3418/3418 3419/3419/3419 3416/3416/3416
f 3419/3419/3419 3415/3415/3415 3416/3416/3416
f 3417/3417/3417 3419/3419/3419 3418/3418/3418
f 3412/3412/3412 3420/3420/3420 3411/3411/3411
f 3420/3420/3420 3421/3421/3421 3411/3411/3411
f 3411/3411/3411 3421/3421/3421 3417/3417/3417
f 3422/3422/3422 3420/3420/3420 3412/3412/3412
f 3415/3415/3415 3422/3422/3422 3412/3412/3412
f 3421/3421/3421 3423/3423/3423 3417/3417/3417
f 3417/3417/3417 3423/3423/3423 3419/3419/3419
f 3424/3424/3424 3422/3422/3422 3415/3415/3415
f 3419/3419/3419 3424/3424/3424 3415/3415/3415
f 3423/3423/3423 3424/3424/3424 3419/3419/3419
