# Meridian GB tube mesh
v 0.05946415150536545 0.7634561102425632 -0.010476954319900512
v 0.06078434199536545 0.7625204962425632 -0.00947685541990051
v 0.05968342069536545 0.7624642882425633 -0.009885352119900513
v 0.09245010097536545 -0.8252658807574368 -0.014626782419900515
v 0.09409377727536544 -0.8280454237574367 -0.010752707719900514
v 0.09339599307536545 -0.8272044027574368 -0.010319806619900514
v 0.09314849597536545 -0.8261082137574367 -0.015056889519900515
v 0.09176952017536545 -0.8230771977574367 -0.01905158161990051
v 0.09247127177536545 -0.8239262067574368 -0.019463092119900514
v 0.09149470927536545 -0.8209191527574368 -0.023710213619900514
v 0.09220081007536544 -0.8217785317574368 -0.02409101651990051
v 0.09159846977536545 -0.8190575797574368 -0.02818546441990051
v 0.09230777437536544 -0.8199315627574367 -0.028524976219900515
v 0.09199533057536545 -0.8176740367574368 -0.03316871451990051
v 0.09248847697536544 -0.8270603377574367 -0.01525709401990051
v 0.09180728527536544 -0.8248704037574367 -0.019685279619900513
v 0.09270440787536545 -0.8185657817574368 -0.03345882521990051
v 0.09163516757536544 -0.8208470907574368 -0.02882917971990051
v 0.09343482557536545 -0.8289993967574367 -0.010947916619900515
v 0.09409377727536544 -0.8280454237574367 -0.010752707719900514
v 0.09232978527536545 -0.8287473287574367 -0.010635711219900514
v 0.09138221477536546 -0.8268064227574368 -0.014950793219900511
v 0.09180728527536544 -0.8248704037574367 -0.019685279619900513
v 0.09444556947536545 -0.8312663997574368 -0.005863755919900515
v 0.09333808537536545 -0.8310106957574368 -0.005563758319900511
v 0.09510513027536545 -0.8303142747574368 -0.005665361919900511
v 0.09339599307536545 -0.8272044027574368 -0.010319806619900514
v 0.09440528597536545 -0.8294695577574368 -0.005242757519900512
v 0.09604987877536544 -0.8322681747574368 -0.0006403848199005163
v 0.09534621797536545 -0.8314161267574367 -0.00023828441990050853
v 0.09538978147536545 -0.8332197037574367 -0.000841595219900515
v 0.09427817907536545 -0.8329560127574368 -0.0005637854199005143
v 0.09331321347536545 -0.8298998437574368 -0.005180053419900507
v 0.09230582787536545 -0.8276383247574367 -0.010247509919900512
v 0.09425132347536544 -0.8318415247574368 -0.00019089131990050745
v 0.09440528597536545 -0.8294695577574368 -0.005242757519900512
v 0.09339599307536545 -0.8272044027574368 -0.010319806619900514
v 0.09135848657536545 -0.8256974187574367 -0.014561187519900515
v 0.09245010097536545 -0.8252658807574368 -0.014626782419900515
v 0.09069499557536545 -0.8246055207574368 -0.019410982719900514
v 0.09067172747536545 -0.8234971127574368 -0.01901938761990051
v 0.09508201297536545 -0.8351284227574367 0.0045239999800994884
v 0.09505218077536545 -0.8340077957574368 0.004878394280099493
v 0.09615127367536544 -0.8335909207574368 0.004857197380099487
v 0.09619956467536545 -0.8354036767574368 0.0042836889800994815
v 0.09686042367536545 -0.8344539967574367 0.004489600680099487
v 0.09153186527536544 -0.8227105107574367 -0.024348415419900515
v 0.09220081007536544 -0.8217785317574368 -0.02409101651990051
v 0.09247127177536545 -0.8239262067574368 -0.019463092119900514
v 0.09230777437536544 -0.8199315627574367 -0.028524976219900515
v 0.09041225167536544 -0.8224273287574367 -0.02412660791990051
v 0.09067172747536545 -0.8234971127574368 -0.01901938761990051
v 0.09568236957536545 -0.8368093337574367 0.009462192680099485
v 0.09680617977536544 -0.8371010977574368 0.009275689680099494
v 0.09746787697536545 -0.8361532057574368 0.009488590080099488
v 0.09564941007536545 -0.8356807787574367 0.009790390680099487
v 0.09675292667536545 -0.8352749307574368 0.009806685180099486
v 0.09051013547536545 -0.8205382787574368 -0.02867777271990051
v 0.09038921077536545 -0.8213201127574368 -0.023732207719900512
v 0.09203210477536544 -0.8194605667574367 -0.033819425819900516
v 0.09601211177536545 -0.8385831677574368 0.014556072680099494
v 0.09714057667536545 -0.8388944227574368 0.014440573780099483
v 0.09780288487536545 -0.8379490337574368 0.014662876680099482
v 0.09708366167536545 -0.8370529967574367 0.014915771780099493
v 0.09597701577536545 -0.8374448377574367 0.014849774580099492
v 0.09600471337536545 -0.8401456437574367 0.019774012280099493
v 0.09713302177536545 -0.8404782977574368 0.019747123080099488
v 0.09779532997536544 -0.8395352917574368 0.019980616880099486
v 0.09707633777536545 -0.8386197647574367 0.020151823780099484
v 0.09596961737536544 -0.8389970027574367 0.020024217680099488
v 0.09559348787536545 -0.8415757377574368 0.025066174580099493
v 0.09671462697536545 -0.8419266897574368 0.025129266080099494
v 0.09737548607536545 -0.8409873207574368 0.025381073380099484
v 0.09666282307536544 -0.8400565347574368 0.025473564880099483
v 0.09556151927536545 -0.8404203017574368 0.02527897808009949
v 0.09305869787536544 -0.8422953447574367 0.054150834180099486
v 0.09235107157536546 -0.8413584197574367 0.05420973118009949
v 0.09125472607536544 -0.8417161067574368 0.05398199718009948
v 0.09239959347536544 -0.8432322107574367 0.053886704180099484
v 0.09128471087536545 -0.8428739267574368 0.05378233618009949
v 0.09305869787536544 -0.8422953447574367 0.054150834180099486
v 0.09125472607536544 -0.8417161067574368 0.05398199718009948
v 0.09235107157536546 -0.8413584197574367 0.05420973118009949
v 0.09245010097536545 -0.8252658807574368 -0.014626782419900515
v 0.09135848657536545 -0.8256974187574367 -0.014561187519900515
v 0.09176952017536545 -0.8230771977574367 -0.01905158161990051
v 0.09149470927536545 -0.8209191527574368 -0.023710213619900514
v 0.09048747647536545 -0.8194323147574367 -0.02827997501990051
v 0.09159846977536545 -0.8190575797574368 -0.02818546441990051
v 0.09088472087536545 -0.8180176577574367 -0.03335002811990051
v 0.09090737997536545 -0.8191217747574367 -0.033752232819900516
v 0.09152736327536545 -0.8168857657574368 -0.03901356081990051
v 0.09155055697536545 -0.8179886897574368 -0.03942074251990051
v 0.09266627947536545 -0.8183616357574367 -0.03939545151990051
v 0.09262881987536545 -0.8165775497574368 -0.038736652619900516
v 0.09333263147536544 -0.8174894417574368 -0.03897266831990051
v 0.09223594327536544 -0.8166688047574368 -0.04523298141990051
v 0.09334113817536545 -0.8170618377574368 -0.04515329371990051
v 0.09221808987536545 -0.8155549127574367 -0.04485677741990052
v 0.09331214617536544 -0.8152588567574367 -0.04454458131990051
v 0.09400634467536545 -0.8161896427574368 -0.04472780231990051
v 0.09165891257536544 -0.8140304047574367 -0.05198145281990051
v 0.09277135507536545 -0.8144201007574368 -0.05193532821990052
v 0.09166447257536545 -0.8129093607574368 -0.05173235761990051
v 0.09277939427536544 -0.8125983437574368 -0.051526879919900515
v 0.09346500037536545 -0.8135407527574368 -0.05165954491990051
v 0.09134941737536545 -0.8119310697574368 -0.05724698961990051
v 0.09246881117536546 -0.8123198707574367 -0.05728281381990051
v 0.09137647227536545 -0.8108666497574367 -0.057187423119900514
v 0.09251170787536545 -0.8105862107574368 -0.05718386541990051
v 0.09318741407536545 -0.8114920817574367 -0.05724440051990051
v 0.09160986547536545 -0.8103563747574367 -0.06177373788990051
v 0.09272295607536545 -0.8107165057574367 -0.061851500529900516
v 0.09343643857536545 -0.8098950947574367 -0.061969717959900514
v 0.09309293327536544 -0.8094696957574368 -0.06578156840990051
v 0.09276193377536544 -0.8089989387574368 -0.06195862683990051
v 0.09163520487536544 -0.8093062597574368 -0.06184200662990051
v 0.09198965687536545 -0.8091295917574367 -0.06567246326990052
v 0.09285880627536544 -0.8081888517574367 -0.07026485329990051
v 0.09199646677536545 -0.8080367407574367 -0.06582858925990051
v 0.09310186097536545 -0.8076780397574368 -0.06602900870990051
v 0.09175950657536544 -0.8078281837574367 -0.07010933279990052
v 0.09378120117536545 -0.8085810507574368 -0.06600458989990052
v 0.09272295607536545 -0.8107165057574367 -0.061851500529900516
v 0.09309293327536544 -0.8094696957574368 -0.06578156840990051
v 0.09173965077536544 -0.8066323357574368 -0.07029818882990051
v 0.09282821227536545 -0.8062644567574367 -0.07057500723990051
v 0.09352149627536545 -0.8072347607574367 -0.07056266185990051
v 0.09285880627536544 -0.8081888517574367 -0.07026485329990051
v 0.09169861487536544 -0.8068413697574367 -0.07565850112990051
v 0.09060165097536545 -0.8064594227574368 -0.07547391298990051
v 0.09057102907536545 -0.8052645287574367 -0.07569918035990052
v 0.09165002407536545 -0.8049247227574368 -0.07602473161990052
v 0.09234687497536545 -0.8058979477574367 -0.07599940662990051
v 0.08842412567536545 -0.8050689067574367 -0.08207233711990052
v 0.08938747087536544 -0.8055397827574368 -0.08278862291990051
v 0.08872975037536544 -0.8036730247574367 -0.08096692431990052
v 0.08988236077536545 -0.8032841047574367 -0.08100066521990051
v 0.09028883647536545 -0.8044381107574368 -0.08212673481990052
v 0.08572318777536544 -0.7887935597574367 -0.08535710721990052
v 0.08605642987536545 -0.7878118117574368 -0.08425025271990051
v 0.08721828087536546 -0.7875217757574368 -0.08428142781990051
v 0.08760293577536545 -0.7883234587574367 -0.0854074042199005
v 0.08667881597536545 -0.7891086897574368 -0.08607193271990052
v 0.08608933167536545 -0.7727312407574367 -0.08605171551990051
v 0.08491985867536544 -0.7729398567574367 -0.08602264711990051
v 0.08456385317536545 -0.7735804277574367 -0.08713069181990052
v 0.08645600077536544 -0.7732425887574368 -0.08717761371990052
v 0.08551312047536544 -0.7737670507574368 -0.08784430841990051
v 0.08580228497536545 -0.7597208577574368 -0.08712139351990052
v 0.08462568927536546 -0.7598532997574368 -0.08709430131990051
v 0.08424841617536545 -0.7601748067574368 -0.08820345251990051
v 0.08615214007536545 -0.7599607077574367 -0.08824721721990052
v 0.08519174347536546 -0.7602413257574367 -0.08891594221990051
v 0.08579866957536544 -0.7428681217574368 -0.08861064351990051
v 0.08541334797536546 -0.7429610457574367 -0.08972279911990051
v 0.08635178207536545 -0.7429863777574367 -0.0904302727199005
v 0.08697458917536545 -0.7428365307574367 -0.08863065021990052
v 0.08731596547536545 -0.7429093677574368 -0.08975541401990052
v 0.08915389697536545 -0.7259586417574367 -0.08971084841990051
v 0.08881742137536544 -0.7260526377574368 -0.08858830851990052
v 0.09132157077536544 -0.7023502547574367 -0.08538628931990051
v 0.09100618957536545 -0.7025635797574368 -0.08426831471990051
v 0.08881742137536544 -0.7260526377574368 -0.08858830851990052
v 0.08764404057536546 -0.7259865957574367 -0.08855375651990051
v 0.09100618957536545 -0.7025635797574368 -0.08426831471990051
v 0.08725524507536545 -0.7258527837574368 -0.08965503051990051
v 0.08980326357536544 -0.7026285487574367 -0.08419804831990052
v 0.08818837817536546 -0.7258350807574367 -0.09037019121990052
v 0.08731596547536545 -0.7429093677574368 -0.08975541401990052
v 0.08915389697536545 -0.7259586417574367 -0.08971084841990051
v 0.09030909277536545 -0.7022744377574367 -0.08600892311990052
v 0.09132157077536544 -0.7023502547574367 -0.08538628931990051
v 0.08937672337536545 -0.7024444307574368 -0.08527360301990052
v 0.09030909277536545 -0.7022744377574367 -0.08600892311990052
v 0.09089124387536544 -0.6929270587574368 -0.0831559403199005
v 0.09208968837536545 -0.6929116207574367 -0.08325599971990051
v 0.09044744077536546 -0.6927456217574367 -0.0842262115199005
v 0.09136945377536546 -0.6926243267574368 -0.08498680401990051
v 0.09215109427536544 -0.6836463177574368 -0.08256271671990051
v 0.09333569187536545 -0.6836956107574368 -0.08268980311990051
v 0.09238435327536546 -0.6927244027574367 -0.08438741971990052
v 0.09132157077536544 -0.7023502547574367 -0.08538628931990051
v 0.09361107457536545 -0.6835377177574368 -0.0838323813199005
v 0.09259621237536544 -0.6833980637574367 -0.08441049981990051
v 0.09169590657536544 -0.6834607687574368 -0.0836261399199005
v 0.09376177377536545 -0.6746775467574367 -0.08220616631990052
v 0.09492985347536545 -0.6747834047574367 -0.08235401471990052
v 0.09329056367536545 -0.6744832957574367 -0.08326553641990052
v 0.09416699037536545 -0.6744703017574367 -0.08406780471990051
v 0.09501211717536545 -0.6655822357574368 -0.08170490621990051
v 0.09617035467536544 -0.6657277907574367 -0.08186591511990052
v 0.09453446047536546 -0.6653777327574367 -0.08276126251990051
v 0.09538961947536545 -0.6654148067574368 -0.08357423171990051
v 0.09608829017536545 -0.6569089847574368 -0.08259177491990051
v 0.09657520057536545 -0.6571111637574367 -0.08153628651990051
v 0.09774026647536545 -0.6488886437574367 -0.08277555831990051
v 0.09518120437536545 -0.6746543607574368 -0.0835045939199005
v 0.09361107457536545 -0.6835377177574368 -0.0838323813199005
v 0.09817284347536545 -0.6491831507574367 -0.08162242271990051
v 0.10119214657536545 -0.6307514277574368 -0.0841819215199005
v 0.09640194477536546 -0.6656240187574367 -0.08302152991990051
v 0.09492985347536545 -0.6747834047574367 -0.08235401471990052
v 0.09333569187536545 -0.6836956107574368 -0.08268980311990051
v 0.09238435327536546 -0.6927244027574367 -0.08438741971990052
v 0.09208968837536545 -0.6929116207574367 -0.08325599971990051
v 0.09132157077536544 -0.7023502547574367 -0.08538628931990051
v 0.09772489217536545 -0.6572927197574367 -0.0817015394199005
v 0.09794833887536544 -0.6572034917574368 -0.08285929071990052
v 0.09935677047536545 -0.6492763717574368 -0.08183513951990051
v 0.09693334247536545 -0.6569770537574368 -0.08340863511990051
v 0.09961936627536544 -0.6492072307574368 -0.08310034121990051
v 0.09862108897536545 -0.6489745337574367 -0.08368595411990051
v 0.10178546607536545 -0.6299710827574367 -0.08288327511990051
v 0.10287011787536546 -0.6306902727574367 -0.08316397941990052
v 0.10287011787536546 -0.6306902727574367 -0.08316397941990052
v 0.10294928027536546 -0.6319153267574368 -0.08464129831990051
v 0.10191371667536545 -0.6319531757574367 -0.08527406121990051
v 0.10751377787536545 -0.6317483147574368 -0.1058153286199005
v 0.10757721957536545 -0.6329604347574368 -0.10730915511990051
v 0.10913130637536544 -0.6229672987574367 -0.10161654651990051
v 0.10893044247536546 -0.6231366357574367 -0.10044789681990052
v 0.10811777787536545 -0.6227690537574367 -0.10216324031990051
v 0.10651536657536545 -0.6330106817574368 -0.10788122561990052
v 0.10628903287536545 -0.6308706367574367 -0.10488463561990051
v 0.10751377787536545 -0.6317483147574368 -0.1058153286199005
v 0.10893044247536546 -0.6231366357574367 -0.10044789681990052
v 0.10580004747536545 -0.6318240727574368 -0.1067636311199005
v 0.10651536657536545 -0.6330106817574368 -0.10788122561990052
v 0.10191371667536545 -0.6319531757574367 -0.08527406121990051
v 0.10779431087536545 -0.6230315527574367 -0.10027140001990051
v 0.10729350897536545 -0.6227958167574368 -0.10133091361990051
v 0.10884864627536545 -0.6146009527574368 -0.0962183121199005
v 0.10997575517536545 -0.6147150957574368 -0.09638470971990051
v 0.10837147757536544 -0.6143465007574368 -0.09726887011990051
v 0.10948098077536544 -0.6047840677574368 -0.09262430481990051
v 0.11061445997536545 -0.6049175817574367 -0.09277815181990051
v 0.10919959097536544 -0.6143293347574368 -0.09808282181990051
v 0.10811777787536545 -0.6227690537574367 -0.10216324031990051
v 0.10988358407536544 -0.6044878917574368 -0.0944873746199005
v 0.10902936757536544 -0.6045147737574368 -0.09368099461990051
v 0.11126462747536545 -0.5927973947574368 -0.09086292611990052
v 0.11036720127536545 -0.5928016867574367 -0.09009532261990051
v 0.11081084977536546 -0.5930817087574367 -0.08903796601990051
v 0.11195396257536544 -0.5932481847574368 -0.08915504811990052
v 0.11215415967536545 -0.5809403027574368 -0.08573604931990052
v 0.11331100387536544 -0.5811294277574367 -0.08582562761990051
v 0.11290550977536545 -0.5681656557574367 -0.08304521911990051
v 0.11405793207536545 -0.5683494177574367 -0.08312368671990052
v 0.11086194957536545 -0.6047406757574367 -0.09392917901990051
v 0.11061445997536545 -0.6049175817574367 -0.09277815181990051
v 0.11223645877536545 -0.5930725297574367 -0.0902828444199005
v 0.11331100387536544 -0.5811294277574367 -0.08582562761990051
v 0.11362226307536545 -0.5809611637574368 -0.08694679661990051
v 0.11405793207536545 -0.5683494177574367 -0.08312368671990052
v 0.11437668647536545 -0.5681804377574368 -0.08424230851990051
v 0.11455186827536545 -0.5561370217574367 -0.08065977411990051
v 0.11265535277536545 -0.5806683857574367 -0.08755064381990052
v 0.11487046997536546 -0.5559549297574368 -0.0817761076199005
v 0.11342108617536545 -0.5678923687574368 -0.08485512061990051
v 0.11391137917536545 -0.5557107287574368 -0.0823962623199005
v 0.11342108617536545 -0.5678923687574368 -0.08485512061990051
v 0.11174054817536544 -0.5806550347574367 -0.08680371571990052
v 0.11251194777536544 -0.5678830707574367 -0.08411529841990051
v 0.11391137917536545 -0.5557107287574368 -0.0823962623199005
v 0.11300439757536546 -0.5557425577574368 -0.0816628104199005
v 0.11369540917536544 -0.5428351727574368 -0.08002538981990051
v 0.11280012127536546 -0.5429267847574367 -0.07929981591990051
v 0.11215415967536545 -0.5809403027574368 -0.08573604931990052
v 0.11290550977536545 -0.5681656557574367 -0.08304521911990051
v 0.11081084977536546 -0.5930817087574367 -0.08903796601990051
v 0.11036720127536545 -0.5928016867574367 -0.09009532261990051
v 0.11126462747536545 -0.5927973947574368 -0.09086292611990052
v 0.11362226307536545 -0.5809611637574368 -0.08694679661990051
v 0.11223645877536545 -0.5930725297574367 -0.0902828444199005
v 0.10988358407536544 -0.6044878917574368 -0.0944873746199005
v 0.11086194957536545 -0.6047406757574367 -0.09392917901990051
v 0.10919959097536544 -0.6143293347574368 -0.09808282181990051
v 0.11019248887536545 -0.6145468917574367 -0.09753574621990052
v 0.11061445997536545 -0.6049175817574367 -0.09277815181990051
v 0.10811777787536545 -0.6227690537574367 -0.10216324031990051
v 0.10913130637536544 -0.6229672987574367 -0.10161654651990051
v 0.10997575517536545 -0.6147150957574368 -0.09638470971990051
v 0.10913130637536544 -0.6229672987574367 -0.10161654651990051
v 0.09862108897536545 -0.6489745337574367 -0.08368595411990051
v 0.09608829017536545 -0.6569089847574368 -0.08259177491990051
v 0.09693334247536545 -0.6569770537574368 -0.08340863511990051
v 0.09774026647536545 -0.6488886437574367 -0.08277555831990051
v 0.10191371667536545 -0.6319531757574367 -0.08527406121990051
v 0.10119214657536545 -0.6307514277574368 -0.0841819215199005
v 0.09693334247536545 -0.6569770537574368 -0.08340863511990051
v 0.09453446047536546 -0.6653777327574367 -0.08276126251990051
v 0.10757721957536545 -0.6329604347574368 -0.10730915511990051
v 0.10651536657536545 -0.6330106817574368 -0.10788122561990052
v 0.10191371667536545 -0.6319531757574367 -0.08527406121990051
v 0.10294928027536546 -0.6319153267574368 -0.08464129831990051
v 0.10651536657536545 -0.6330106817574368 -0.10788122561990052
v 0.10811777787536545 -0.6227690537574367 -0.10216324031990051
v 0.10729350897536545 -0.6227958167574368 -0.10133091361990051
v 0.10580004747536545 -0.6318240727574368 -0.1067636311199005
v 0.11340017247536545 -0.5560058317574368 -0.08058966041990051
v 0.11455186827536545 -0.5561370217574367 -0.08065977411990051
v 0.11405793207536545 -0.5683494177574367 -0.08312368671990052
v 0.11290550977536545 -0.5681656557574367 -0.08304521911990051
v 0.11300439757536546 -0.5557425577574368 -0.0816628104199005
v 0.11290550977536545 -0.5681656557574367 -0.08304521911990051
v 0.11251194777536544 -0.5678830707574367 -0.08411529841990051
v 0.11340017247536545 -0.5560058317574368 -0.08058966041990051
v 0.11280012127536546 -0.5429267847574367 -0.07929981591990051
v 0.11319063227536544 -0.5431613287574367 -0.07822303661990052
v 0.11455186827536545 -0.5561370217574367 -0.08065977411990051
v 0.11433378237536546 -0.5432155097574367 -0.07828272231990051
v 0.11186578497536545 -0.5306196177574367 -0.07590614677990051
v 0.11300862957536545 -0.5306051337574368 -0.07595748267990052
v 0.11146760727536545 -0.5304099877574368 -0.07698635942990051
v 0.11237338927536544 -0.5302663407574367 -0.07770472391990052
v 0.11369540917536544 -0.5428351727574368 -0.08002538981990051
v 0.11071229727536544 -0.5176154937574368 -0.07537531712990052
v 0.10980140417536545 -0.5178002677574367 -0.07466239807990051
v 0.11021617797536545 -0.5179901677574368 -0.0735789285999005
v 0.10810459037536545 -0.5054375487574367 -0.07226584292990051
v 0.10851985957536545 -0.5056154687574368 -0.07118056178990051
v 0.10617677497536546 -0.49274003175743675 -0.06982345936990052
v 0.10659158597536544 -0.4929118717574368 -0.06873695732790051
v 0.10708970947536545 -0.4925169907574367 -0.07052975054990052
v 0.10901859027536545 -0.5052272637574368 -0.0729746138699005
v 0.10980140417536545 -0.5178002677574367 -0.07466239807990051
v 0.11071229727536544 -0.5176154937574368 -0.07537531712990052
v 0.10494450477536545 -0.47999530675743673 -0.06812683463070052
v 0.10400035607536545 -0.47998004775743675 -0.0673742520739005
v 0.10969058797536545 -0.5055150347574368 -0.07121855602990051
v 0.11137517917536545 -0.5179226957574368 -0.07362267840990051
v 0.11021617797536545 -0.5179901677574368 -0.0735789285999005
v 0.11300862957536545 -0.5306051337574368 -0.07595748267990052
v 0.11186578497536545 -0.5306196177574367 -0.07590614677990051
v 0.10591870177536544 -0.47999313075743677 -0.06747040152590052
v 0.10708970947536545 -0.4925169907574367 -0.07052975054990052
v 0.10806871207536545 -0.4925508457574368 -0.06987984058990052
v 0.10557676107536546 -0.47997629275743675 -0.0663121831599005
v 0.10733819757536545 -0.45812880575743675 -0.06954105256990051
v 0.10637038947536545 -0.45807933475743673 -0.07020703679990051
v 0.10494450477536545 -0.47999530675743673 -0.06812683463070052
v 0.10918426517536545 -0.43413397275743676 -0.07462498032990052
v 0.11015275867536545 -0.43419393475743673 -0.07395861017990052
v 0.11223854867536545 -0.40847071675743674 -0.07781829218990051
v 0.10702196137536545 -0.45797118175743673 -0.0684132802419005
v 0.10982481017536544 -0.4341183267574368 -0.07281189318990051
v 0.11320655797536544 -0.40854608675743675 -0.07714727241990052
v 0.11287026107536545 -0.4085562787574368 -0.07600321154990052
v 0.12112550437536546 -0.38015418875743673 -0.07912928421990051
v 0.12143644317536545 -0.38033580375743675 -0.08023424441990051
v 0.12046012657536545 -0.38027292075743674 -0.08090445861990052
v 0.13187093287536544 -0.34939047275743673 -0.08438679021990052
v 0.13150823117536545 -0.34946950875743676 -0.08321422901990051
v 0.13613640517536546 -0.31486910175743676 -0.08845596571990051
v 0.13580472017536543 -0.31485962475743673 -0.08731363531990051
v 0.14038213337536545 -0.26880544075743673 -0.09213912301990052
v 0.13518876577536545 -0.31462943175743674 -0.08913966451990052
v 0.13093356047536545 -0.34915321675743677 -0.08506732251990051
v 0.14069051297536544 -0.26896488275743674 -0.09326506961990051
v 0.14548213037536545 -0.22361340775743674 -0.0972364843199005
v 0.13971833137536543 -0.26889255275743673 -0.0939272623199005
v 0.13427139077536543 -0.31447177775743673 -0.08841990861990051
v 0.14578959347536546 -0.22379880775743674 -0.09835708881990052
v 0.13880842177536545 -0.26868840675743677 -0.09321021291990052
v 0.14480914177536547 -0.22380917875743675 -0.09900558741990051
v 0.12999145687536545 -0.3490855357574367 -0.08431553281990051
v 0.13465145977536547 -0.31461384475743676 -0.08729371431990052
v 0.13921895627536546 -0.2686345537574368 -0.09210524891990052
v 0.13034627587536546 -0.34928088975743676 -0.0831698831199005
v 0.11954572427536544 -0.3800525327574368 -0.08021354021990051
v 0.11995702607536546 -0.37997927875743676 -0.07911641431990052
v 0.12046012657536545 -0.38027292075743674 -0.08090445861990052
v 0.11130389947536545 -0.40843435775743675 -0.07708879373990052
v 0.12143644317536545 -0.38033580375743675 -0.08023424441990051
v 0.13187093287536544 -0.34939047275743673 -0.08438679021990052
v 0.11223854867536545 -0.40847071675743674 -0.07781829218990051
v 0.10918426517536545 -0.43413397275743676 -0.07462498032990052
v 0.10825765507536544 -0.43402123075743676 -0.07389011233990052
v 0.10637038947536545 -0.45807933475743673 -0.07020703679990051
v 0.10545587537536544 -0.45789137075743674 -0.06949082249990052
v 0.10494450477536545 -0.47999530675743673 -0.06812683463070052
v 0.10400035607536545 -0.47998004775743675 -0.0673742520739005
v 0.10659158597536544 -0.4929118717574368 -0.06873695732790051
v 0.10617677497536546 -0.49274003175743675 -0.06982345936990052
v 0.10439103837536545 -0.47996836575743673 -0.0662527024999005
v 0.10585857187536545 -0.45782440575743677 -0.0683822333809005
v 0.10545587537536544 -0.45789137075743674 -0.06949082249990052
v 0.10865356397536545 -0.43401163475743676 -0.07276957854990052
v 0.10825765507536544 -0.43402123075743676 -0.07389011233990052
v 0.11169436197536545 -0.4084871967574368 -0.07596711487990052
v 0.11130389947536545 -0.40843435775743675 -0.07708879373990052
v 0.11954572427536544 -0.3800525327574368 -0.08021354021990051
v 0.11995702607536546 -0.37997927875743676 -0.07911641431990052
v 0.10776079077536545 -0.4927949867574367 -0.06877186178490051
v 0.10969058797536545 -0.5055150347574368 -0.07121855602990051
v 0.10851985957536545 -0.5056154687574368 -0.07118056178990051
v 0.10999874027536545 -0.5052751857574368 -0.07232733582990052
v 0.10969058797536545 -0.5055150347574368 -0.07121855602990051
v 0.10901859027536545 -0.5052272637574368 -0.0729746138699005
v 0.10708970947536545 -0.4925169907574367 -0.07052975054990052
v 0.11071229727536544 -0.5176154937574368 -0.07537531712990052
v 0.11168540637536545 -0.5176913107574368 -0.07473274552990052
v 0.11433378237536546 -0.5432155097574367 -0.07828272231990051
v 0.11487046997536546 -0.5559549297574368 -0.0817761076199005
v 0.11455186827536545 -0.5561370217574367 -0.08065977411990051
v 0.11464105547536545 -0.5430132707574368 -0.07939700501990052
v 0.11300862957536545 -0.5306051337574368 -0.07595748267990052
v 0.11331764237536546 -0.5303866227574368 -0.07706926203990051
v 0.11137517917536545 -0.5179226957574368 -0.07362267840990051
v 0.11168540637536545 -0.5176913107574368 -0.07473274552990052
v 0.10969058797536545 -0.5055150347574368 -0.07121855602990051
v 0.10999874027536545 -0.5052751857574368 -0.07232733582990052
v 0.11237338927536544 -0.5302663407574367 -0.07770472391990052
v 0.11071229727536544 -0.5176154937574368 -0.07537531712990052
v 0.11391137917536545 -0.5557107287574368 -0.0823962623199005
v 0.11995702607536546 -0.37997927875743676 -0.07911641431990052
v 0.12112550437536546 -0.38015418875743673 -0.07912928421990051
v 0.11287026107536545 -0.4085562787574368 -0.07600321154990052
v 0.11169436197536545 -0.4084871967574368 -0.07596711487990052
v 0.10865356397536545 -0.43401163475743676 -0.07276957854990052
v 0.10982481017536544 -0.4341183267574368 -0.07281189318990051
v 0.10585857187536545 -0.45782440575743677 -0.0683822333809005
v 0.10702196137536545 -0.45797118175743673 -0.0684132802419005
v 0.10439103837536545 -0.47996836575743673 -0.0662527024999005
v 0.10557676107536546 -0.47997629275743675 -0.0663121831599005
v 0.10586239767536545 -0.039871968357436754 -0.17624505581990052
v 0.11087571827536545 -0.049958903357436746 -0.1671507060199005
v 0.11185576397536545 -0.050093185157436756 -0.1676683575199005
v 0.10496538877536545 -0.03947895395743675 -0.1755786088199005
v 0.11140284317536545 -0.04975134505743675 -0.1659267247199005
v 0.11775267497536546 -0.06463943045743675 -0.15676412731990053
v 0.11825559287536544 -0.06445001435743675 -0.15555864571990052
v 0.12710156287536545 -0.08933999775743676 -0.13980381931990052
v 0.12757366147536545 -0.08919351175743676 -0.1386352256199005
v 0.13045707347536545 -0.10220489275743676 -0.1321069300199005
v 0.13091517237536543 -0.10207788975743676 -0.1309550851199005
v 0.13470497727536546 -0.11829424975743674 -0.12578998501990052
v 0.13515248897536544 -0.11818198475743674 -0.12465081361990052
v 0.14163291457536545 -0.15755241775743675 -0.11241797361990051
v 0.14204727117536545 -0.15748634575743675 -0.11131846531990051
v 0.14389574527536544 -0.22363020075743675 -0.09828567881990051
v 0.13214401897536543 -0.10207593775743676 -0.1308840364199005
v 0.13636793197536545 -0.11817973475743676 -0.1246106140199005
v 0.12882023307536544 -0.08919193175743675 -0.13852339981990053
v 0.11952700467536545 -0.06445218995743675 -0.1553656682199005
v 0.11271462217536544 -0.049750957657436756 -0.1656845882199005
v 0.14431162927536545 -0.22350918875743675 -0.09719238611990051
v 0.14322070027536543 -0.15748317175743676 -0.11137492211990052
v 0.10544195027536545 -0.03888200595743675 -0.17459087081990052
v 0.14038213337536545 -0.26880544075743673 -0.09213912301990052
v 0.13921895627536546 -0.2686345537574368 -0.09210524891990052
v 0.13580472017536543 -0.31485962475743673 -0.08731363531990051
v 0.13465145977536547 -0.31461384475743676 -0.08729371431990052
v 0.13034627587536546 -0.34928088975743676 -0.0831698831199005
v 0.13150823117536545 -0.34946950875743676 -0.08321422901990051
v 0.11995702607536546 -0.37997927875743676 -0.07911641431990052
v 0.12112550437536546 -0.38015418875743673 -0.07912928421990051
v 0.09543625447536544 -0.02352773025743675 -0.1848344948199005
v 0.09612677247536544 -0.024310991157436755 -0.18553774081990052
v 0.09627069157536544 -0.02268448475743675 -0.1842570828199005
v 0.10663802177536544 -0.03890313205743675 -0.17464164681990052
v 0.11299433557536545 -0.04996557165743676 -0.1667615324199005
v 0.11952700467536545 -0.06445218995743675 -0.1553656682199005
v 0.11982903257536545 -0.06464458625743676 -0.1564402357199005
v 0.12882023307536544 -0.08919193175743675 -0.13852339981990053
v 0.12911604347536543 -0.08934158475743675 -0.13962445411990052
v 0.13214401897536543 -0.10207593775743676 -0.1308840364199005
v 0.13244345787536543 -0.10220483275743675 -0.1319931820199005
v 0.13636793197536545 -0.11817973475743676 -0.1246106140199005
v 0.13667011257536543 -0.11829295375743676 -0.1257258802199005
v 0.14322070027536543 -0.15748317175743676 -0.11137492211990052
v 0.14353147147536544 -0.15754727675743677 -0.11250933631990051
v 0.14255017787536545 -0.15759005775743676 -0.11315401271990051
v 0.14163291457536545 -0.15755241775743675 -0.11241797361990051
v 0.14389574527536544 -0.22363020075743675 -0.09828567881990051
v 0.13470497727536546 -0.11829424975743674 -0.12578998501990052
v 0.13564170897536545 -0.11836343675743674 -0.1264550201199005
v 0.13045707347536545 -0.10220489275743676 -0.1321069300199005
v 0.13140001897536546 -0.10228415975743675 -0.13274928931990052
v 0.12710156287536545 -0.08933999775743676 -0.13980381931990052
v 0.12805271897536546 -0.08943257875743675 -0.1404162049199005
v 0.11775267497536546 -0.06463943045743675 -0.15676412731990053
v 0.11872192097536545 -0.06476131455743675 -0.1573105007199005
v 0.11087571827536545 -0.049958903357436746 -0.1671507060199005
v 0.11185576397536545 -0.050093185157436756 -0.1676683575199005
v 0.10689906027536544 -0.03951486195743675 -0.1756615418199005
v 0.09743720667536546 -0.02297437565743675 -0.18462771881990053
v 0.09733996917536544 -0.02397817005743675 -0.1854099858199005
v 0.09381544777536545 -0.01649051155743675 -0.1874477338199005
v 0.09476017577536544 -0.016618631757436754 -0.18784448481990051
v 0.09443024357536545 -0.017670679857436755 -0.18853061681990052
v 0.09291714247536545 -0.017452143157436754 -0.1878854708199005
v 0.09330116027536545 -0.01817791905743675 -0.18855785581990053
v 0.08718995747536545 -0.006492977957436752 -0.1937712278199005
v 0.08715469017536545 -0.007583001657436753 -0.19464363181990052
v 0.08636810067536545 -0.008418165157436753 -0.19453906981990052
v 0.08642965927536544 -0.0066484715574367526 -0.1931244058199005
v 0.08592599627536544 -0.007831240057436753 -0.1935965268199005
v 0.07926760337536545 -0.00044038335743675286 -0.1996793748199005
v 0.07838265127536545 -0.0009409375574367523 -0.19944989681990052
v 0.07840543427536545 -0.00034226295743675084 -0.19852830481990053
v 0.07983995137536545 0.0004684189425632479 -0.19890007381990052
v 0.07930428157536545 0.0005291774425632469 -0.1981884388199005
v 0.06972666922536545 0.006360566242563247 -0.20304149381990053
v 0.06982125481536544 0.006657876072563247 -0.20201270281990052
v 0.07051704591536545 0.007565569132563248 -0.20177678781990052
v 0.07036327570536545 0.007071654312563248 -0.2034461948199005
v 0.07085479935536544 0.007825936192563247 -0.2026636448199005
v 0.06156382779536545 0.012024544642563247 -0.20384824281990052
v 0.061730038835365444 0.010859014002563248 -0.20403031981990052
v 0.06150838104536545 0.012547937922563247 -0.2048356238199005
v 0.06164397927536545 0.011698812712563247 -0.20562423781990052
v 0.06177958217536545 0.010662015992563247 -0.20512340981990052
v 0.052666037375365446 0.01627809659156325 -0.2019903808199005
v 0.05291385387536545 0.015068379812563247 -0.20212720381990051
v 0.05245617127536545 0.016779219033563247 -0.2030526098199005
v 0.052857444575365446 0.014820364882563247 -0.2032741758199005
v 0.05257499497536545 0.01587190762756325 -0.20384612681990052
v 0.040986945875365444 0.02067036740256325 -0.20121419381990052
v 0.04129756237536544 0.019534019292563248 -0.2013588098199005
v 0.04066955297536545 0.021164666392563248 -0.2022400498199005
v 0.041177317475365446 0.01933531766256325 -0.20247548781990052
v 0.04078755157536545 0.020332030022563247 -0.2030197088199005
v 0.028585381775365445 0.024196418932563246 -0.19932925681990052
v 0.029000010375365447 0.02301910985256325 -0.1994688658199005
v 0.028182491675365448 0.02472739108256325 -0.2003365458199005
v 0.028854966175365447 0.022828880692563246 -0.20056338581990052
v 0.028343833975365447 0.023869472552563248 -0.2011029568199005
v 0.018394160975365448 0.02816311734256325 -0.1961825338199005
v 0.017276313175365446 0.027101679742563247 -0.1958386748199005
v 0.01823332907536545 0.028633447342563248 -0.1972916278199005
v 0.01641656457536545 0.026864251142563248 -0.19674603681990052
v 0.017018251075365448 0.027855704542563246 -0.19761864881990052
v 0.01714145767536545 0.037640763442563244 -0.19592083981990052
v 0.01797984537536545 0.03764468244256325 -0.1950671378199005
v 0.017690453675365446 0.038426700942563244 -0.19684417581990052
v 0.01903681457536545 0.03838081284256325 -0.19548885481990053
v 0.017998333975365446 0.049485590342563245 -0.1942320468199005
v 0.01885953177536545 0.03887132554256324 -0.1965941338199005
v 0.01883363347536545 0.04933321844256325 -0.19342763681990052
v 0.01852169257536545 0.050114814142563247 -0.1952013968199005
v 0.019036564975365447 0.06140075994256325 -0.19156392681990053
v 0.019537873575365447 0.06185656044256325 -0.1925793658199005
v 0.019867077475365445 0.049830436742563246 -0.19392020981990052
v 0.01988119257536545 0.061157580442563246 -0.19080548781990053
v 0.020897988275365445 0.061440709942563246 -0.1913675068199005
v 0.019675403875365448 0.05032013724256325 -0.1950221058199005
v 0.019675403875365448 0.05032013724256325 -0.1950221058199005
v 0.02068769927536545 0.06187736244256325 -0.19246787581990052
v 0.02068769927536545 0.06187736244256325 -0.19246787581990052
v 0.020452804875365445 0.07277693604256324 -0.1883704958199005
v 0.021841898575365448 0.07209930564256326 -0.18722976781990053
v 0.021605312775365447 0.07249585534256325 -0.18832921981990053
v 0.022033244375365447 0.08263429624256324 -0.18366716081990053
v 0.021715555375365445 0.08295780044256325 -0.18476457181990052
v 0.020835820575365448 0.07213503494256325 -0.1865962368199005
v 0.020897988275365445 0.061440709942563246 -0.1913675068199005
v 0.01988119257536545 0.061157580442563246 -0.19080548781990053
v 0.019036564975365447 0.06140075994256325 -0.19156392681990053
v 0.01883363347536545 0.04933321844256325 -0.19342763681990052
v 0.017998333975365446 0.049485590342563245 -0.1942320468199005
v 0.01997763667536545 0.07255338504256326 -0.18730688081990052
v 0.019537873575365447 0.06185656044256325 -0.1925793658199005
v 0.021007977475365446 0.08291706074256325 -0.1829552278199005
v 0.02049385007536545 0.08344060554256325 -0.1847285028199005
v 0.021959286175365446 0.09278592844256325 -0.1803618598199005
v 0.02168169247536545 0.09313634414256325 -0.18145713981990053
v 0.02168169247536545 0.09313634414256325 -0.18145713981990053
v 0.034480921875365445 0.09295566004256325 -0.18142060981990052
v 0.03434391687536545 0.09332065654256325 -0.18252976981990052
v 0.02104318517536545 0.09366108854256325 -0.1795714568199005
v 0.02005680277536545 0.08341516184256324 -0.18361387381990052
v 0.02019948887536545 0.09455228224256325 -0.18017814281990052
v 0.020594082775365445 0.09422803294256325 -0.18134376381990053
v 0.02005680277536545 0.08341516184256324 -0.18361387381990052
v 0.02019948887536545 0.09455228224256325 -0.18017814281990052
v 0.03434391687536545 0.09332065654256325 -0.18252976981990052
v 0.03425322287536545 0.09449260314256325 -0.1825178708199005
v 0.03433432427536545 0.09485202654256325 -0.1814013868199005
v 0.034475028475365446 0.09390216694256324 -0.18072328681990052
v 0.02019948887536545 0.09455228224256325 -0.18017814281990052
v 0.045065371275365446 0.09413074334256324 -0.18310444081990052
v 0.04498255437536545 0.09530330074256325 -0.18309345081990053
v 0.05312525017536545 0.09483600034256325 -0.18273498081990053
v 0.045040652175365445 0.09566095094256324 -0.18197498481990051
v 0.034475028475365446 0.09390216694256324 -0.18072328681990052
v 0.053055861075365446 0.09600955624256324 -0.18272445381990052
v 0.06186879845536545 0.09538356584256324 -0.18161184381990053
v 0.06181859713536545 0.09655803074256325 -0.1816017698199005
v 0.07114815432536545 0.09581391144256325 -0.1805678158199005
v 0.05307485817536545 0.09636453164256324 -0.18160369981990052
v 0.07112366380536544 0.09698929264256324 -0.18055637181990053
v 0.06178121315536545 0.09691013024256324 -0.18048024881990052
v 0.07878117267536544 0.09588592124256325 -0.17817106081990053
v 0.07101135933536545 0.09733894094256325 -0.1794388218199005
v 0.07878849657536545 0.09706153344256324 -0.1781553478199005
v 0.07858311387536544 0.09741042924256325 -0.1770502998199005
v 0.08656365047536545 0.09563972424256324 -0.17528354381990052
v 0.08661255427536545 0.09681418914256325 -0.17525775681990052
v 0.09363665247536546 0.09496224294256325 -0.1715931518199005
v 0.09373629277536545 0.09613311664256324 -0.1715482918199005
v 0.09978762267536545 0.09383370354256325 -0.1680391505199005
v 0.09993738677536546 0.09499779714256325 -0.1679677367199005
v 0.10596056657536546 0.09238815684256325 -0.1650889367199005
v 0.10512549427536544 0.09349518644256324 -0.16443231701990052
v 0.10911840197536544 0.09085014834256325 -0.1613027975199005
v 0.10935438797536545 0.09199498224256325 -0.16115655751990052
v 0.09941362957536545 0.09537063914256325 -0.16698247941990052
v 0.10556933287536545 0.09392876554256324 -0.16404401511990052
v 0.09893999617536545 0.09443695474256325 -0.1664449125199005
v 0.10501177607536545 0.09301178534256324 -0.1635619923199005
v 0.10873229057536545 0.09239002694256325 -0.16024057571990052
v 0.10746008907536544 0.09142174194256325 -0.1593844369199005
v 0.09373629277536545 0.09613311664256324 -0.1715482918199005
v 0.08629532527536544 0.09716598314256325 -0.17418003081990052
v 0.09330454467536545 0.09649337454256325 -0.1705140468199005
v 0.09993738677536546 0.09499779714256325 -0.1679677367199005
v 0.09941362957536545 0.09537063914256325 -0.16698247941990052
v 0.09293795187536545 0.09554534774256325 -0.1699200268199005
v 0.09893999617536545 0.09443695474256325 -0.1664449125199005
v 0.09314310737536545 0.09459900484256324 -0.17058698881990053
v 0.09917109087536545 0.09348709504256325 -0.16709798571990053
v 0.09314310737536545 0.09459900484256324 -0.17058698881990053
v 0.08621620757536545 0.09526566044256325 -0.17422168681990052
v 0.08605042097536544 0.09620894864256324 -0.17353961581990052
v 0.09978762267536545 0.09383370354256325 -0.1680391505199005
v 0.09363665247536546 0.09496224294256325 -0.1715931518199005
v 0.09314310737536545 0.09459900484256324 -0.17058698881990053
v 0.08656365047536545 0.09563972424256324 -0.17528354381990052
v 0.08621620757536545 0.09526566044256325 -0.17422168681990052
v 0.10525362937536545 0.09205963834256324 -0.1642077416199005
v 0.10596056657536546 0.09238815684256325 -0.1650889367199005
v 0.10769971837536545 0.09046955774256325 -0.1600453555199005
v 0.10911840197536544 0.09085014834256325 -0.1613027975199005
v 0.10746008907536544 0.09142174194256325 -0.1593844369199005
v 0.10525362937536545 0.09205963834256324 -0.1642077416199005
v 0.10501177607536545 0.09301178534256324 -0.1635619923199005
v 0.10525362937536545 0.09205963834256324 -0.1642077416199005
v 0.09917109087536545 0.09348709504256325 -0.16709798571990053
v 0.09893999617536545 0.09443695474256325 -0.1664449125199005
v 0.11352634427536545 0.08873280514256325 -0.15565865481990052
v 0.11330138887536545 0.08898410574256324 -0.1558960527199005
v 0.10769971837536545 0.09046955774256325 -0.1600453555199005
v 0.11737408487536545 0.08613612874256325 -0.1502465457199005
v 0.11819043007536545 0.08643031494256324 -0.1510395407199005
v 0.11330585177536545 0.08967916294256324 -0.1549596563199005
v 0.10746008907536544 0.09142174194256325 -0.1593844369199005
v 0.11397808787536545 0.09056199714256324 -0.15533588081990052
v 0.10873229057536545 0.09239002694256325 -0.16024057571990052
v 0.11791758237536545 0.08792601154256324 -0.1498371511199005
v 0.11720629407536545 0.08706020934256324 -0.14950710531990052
v 0.12199172007536545 0.08478629964256325 -0.14525835961990052
v 0.12118158117536545 0.08397248764256325 -0.1450139805199005
v 0.12732441727536545 0.08044780414256325 -0.1393603831199005
v 0.12129661437536546 0.08307876064256325 -0.1458216086199005
v 0.12217704577536545 0.08334067834256324 -0.14656120541990053
v 0.12638680267536545 0.07974561674256325 -0.13925226781990052
v 0.12649961187536546 0.07885752994256325 -0.1400724053199005
v 0.13506311177536545 0.07264589144256325 -0.1292501651199005
v 0.13405816997536546 0.07203393804256325 -0.1292388737199005
v 0.14183747767536545 0.06348173324256325 -0.11727771911990051
v 0.14255180207536544 0.06281523034256326 -0.11795421691990052
v 0.13580911607536544 0.07211099564256325 -0.1299874671199005
v 0.14075062427536544 0.06287752834256324 -0.1173683852199005
v 0.13418298217536545 0.07112069804256324 -0.1299693100199005
v 0.14075139907536544 0.061803177042563245 -0.11812526731990051
v 0.14917394517536545 0.054458390942563245 -0.10389583931990051
v 0.14799751337536543 0.05382305014256325 -0.10414126511990052
v 0.15605583787536545 0.04674735294256325 -0.09119813331990051
v 0.15495382247536543 0.04621357284256325 -0.09144549631990051
v 0.16017978637536545 0.04098350364256324 -0.07705362699990051
v 0.15507412697536543 0.04509212824256324 -0.09203601251990051
v 0.16032584757536544 0.03983521274256325 -0.07729897833990051
v 0.14797192067536546 0.05264943094256325 -0.10494494811990052
v 0.14799751337536543 0.05382305014256325 -0.10414126511990052
v 0.14075139907536544 0.061803177042563245 -0.11812526731990051
v 0.14075062427536544 0.06287752834256324 -0.1173683852199005
v 0.021959286175365446 0.09278592844256325 -0.1803618598199005
v 0.02104318517536545 0.09366108854256325 -0.1795714568199005
v 0.034480921875365445 0.09295566004256325 -0.18142060981990052
v 0.04517466387536545 0.09376361594256324 -0.1819929848199005
v 0.045065371275365446 0.09413074334256324 -0.18310444081990052
v 0.05318727717536545 0.09446582574256325 -0.1816204788199005
v 0.05312525017536545 0.09483600034256325 -0.18273498081990053
v 0.061862313425365446 0.09500972554256325 -0.18049657381990053
v 0.06186879845536545 0.09538356584256324 -0.18161184381990053
v 0.06180822104536545 0.09595315534256325 -0.17979726981990052
v 0.07096649846536544 0.09637961904256324 -0.1787595008199005
v 0.07105103228536545 0.09543708344256324 -0.17945728481990053
v 0.07844891217536545 0.09645049644256325 -0.17638318981990053
v 0.07857128787536545 0.09550834074256324 -0.1770759378199005
v 0.08605042097536544 0.09620894864256324 -0.17353961581990052
v 0.08621620757536545 0.09526566044256325 -0.17422168681990052
v 0.05315614957536545 0.09541040284256325 -0.18092147981990053
v 0.06178121315536545 0.09691013024256324 -0.18048024881990052
v 0.04515944237536545 0.09470942984256325 -0.18129474681990052
v 0.05315614957536545 0.09541040284256325 -0.18092147981990053
v 0.04517466387536545 0.09376361594256324 -0.1819929848199005
v 0.04515944237536545 0.09470942984256325 -0.18129474681990052
v 0.04515944237536545 0.09470942984256325 -0.18129474681990052
v 0.034480921875365445 0.09295566004256325 -0.18142060981990052
v 0.04517466387536545 0.09376361594256324 -0.1819929848199005
v 0.06181859713536545 0.09655803074256325 -0.1816017698199005
v 0.06178121315536545 0.09691013024256324 -0.18048024881990052
v 0.05307485817536545 0.09636453164256324 -0.18160369981990052
v 0.053055861075365446 0.09600955624256324 -0.18272445381990052
v 0.07105103228536545 0.09543708344256324 -0.17945728481990053
v 0.06186879845536545 0.09538356584256324 -0.18161184381990053
v 0.061862313425365446 0.09500972554256325 -0.18049657381990053
v 0.07114815432536545 0.09581391144256325 -0.1805678158199005
v 0.07857128787536545 0.09550834074256324 -0.1770759378199005
v 0.07878117267536544 0.09588592124256325 -0.17817106081990053
v 0.08621620757536545 0.09526566044256325 -0.17422168681990052
v 0.08656365047536545 0.09563972424256324 -0.17528354381990052
v 0.07101135933536545 0.09733894094256325 -0.1794388218199005
v 0.06180822104536545 0.09595315534256325 -0.17979726981990052
v 0.06178121315536545 0.09691013024256324 -0.18048024881990052
v 0.07096649846536544 0.09637961904256324 -0.1787595008199005
v 0.07858311387536544 0.09741042924256325 -0.1770502998199005
v 0.08629532527536544 0.09716598314256325 -0.17418003081990052
v 0.08605042097536544 0.09620894864256324 -0.17353961581990052
v 0.07844891217536545 0.09645049644256325 -0.17638318981990053
v 0.07858311387536544 0.09741042924256325 -0.1770502998199005
v 0.08661255427536545 0.09681418914256325 -0.17525775681990052
v 0.07878849657536545 0.09706153344256324 -0.1781553478199005
v 0.09330454467536545 0.09649337454256325 -0.1705140468199005
v 0.09293795187536545 0.09554534774256325 -0.1699200268199005
v 0.08605042097536544 0.09620894864256324 -0.17353961581990052
v 0.08629532527536544 0.09716598314256325 -0.17418003081990052
v 0.10935438797536545 0.09199498224256325 -0.16115655751990052
v 0.10873229057536545 0.09239002694256325 -0.16024057571990052
v 0.10556933287536545 0.09392876554256324 -0.16404401511990052
v 0.10512549427536544 0.09349518644256324 -0.16443231701990052
v 0.11330138887536545 0.08898410574256324 -0.1558960527199005
v 0.11357895657536544 0.09011529754256324 -0.1556886285199005
v 0.10935438797536545 0.09199498224256325 -0.16115655751990052
v 0.10911840197536544 0.09085014834256325 -0.1613027975199005
v 0.11357895657536544 0.09011529754256324 -0.1556886285199005
v 0.11397808787536545 0.09056199714256324 -0.15533588081990052
v 0.10873229057536545 0.09239002694256325 -0.16024057571990052
v 0.10935438797536545 0.09199498224256325 -0.16115655751990052
v 0.11819043007536545 0.08643031494256324 -0.1510395407199005
v 0.11330138887536545 0.08898410574256324 -0.1558960527199005
v 0.11852484567536545 0.08753718804256325 -0.1507799029199005
v 0.11397808787536545 0.09056199714256324 -0.15533588081990052
v 0.12217704577536545 0.08334067834256324 -0.14656120541990053
v 0.12260500717536545 0.08439676094256325 -0.14620539541990052
v 0.11791758237536545 0.08792601154256324 -0.1498371511199005
v 0.12750197197536545 0.07901326194256325 -0.1406651214199005
v 0.12199172007536545 0.08478629964256325 -0.14525835961990052
v 0.12801232187536543 0.07999578494256325 -0.1402274594199005
v 0.13526514177536544 0.07116845994256324 -0.1304319575199005
v 0.12732441727536545 0.08044780414256325 -0.1393603831199005
v 0.13580911607536544 0.07211099564256325 -0.1299874671199005
v 0.13506311177536545 0.07264589144256325 -0.1292501651199005
v 0.14187648887536544 0.06177730854256325 -0.11848034711990052
v 0.14255180207536544 0.06281523034256326 -0.11795421691990052
v 0.14913187177536547 0.052551835742563245 -0.1052045859199005
v 0.14987380807536543 0.053676325842563245 -0.10453510651990051
v 0.15625565497536545 0.044936502342563245 -0.09214226151990051
v 0.14183747767536545 0.06348173324256325 -0.11727771911990051
v 0.14917394517536545 0.054458390942563245 -0.10389583931990051
v 0.15686334667536544 0.04596163144256325 -0.09161860681990051
v 0.15605583787536545 0.04674735294256325 -0.09119813331990051
v 0.16208261247536543 0.040632141742563244 -0.07692162878990051
v 0.16126161067536543 0.04147602434256325 -0.07682268041990051
v 0.16166631127536546 0.03902980124256325 -0.06081509962990051
v 0.16089742627536546 0.03990663404256325 -0.06104149715990051
v 0.12649961187536546 0.07885752994256325 -0.1400724053199005
v 0.12217704577536545 0.08334067834256324 -0.14656120541990053
v 0.12129661437536546 0.08307876064256325 -0.1458216086199005
v 0.12750197197536545 0.07901326194256325 -0.1406651214199005
v 0.13418298217536545 0.07112069804256324 -0.1299693100199005
v 0.13526514177536544 0.07116845994256324 -0.1304319575199005
v 0.13405816997536546 0.07203393804256325 -0.1292388737199005
v 0.12638680267536545 0.07974561674256325 -0.13925226781990052
v 0.14075139907536544 0.061803177042563245 -0.11812526731990051
v 0.14187648887536544 0.06177730854256325 -0.11848034711990052
v 0.14797192067536546 0.05264943094256325 -0.10494494811990052
v 0.14187648887536544 0.06177730854256325 -0.11848034711990052
v 0.14075139907536544 0.061803177042563245 -0.11812526731990051
v 0.14913187177536547 0.052551835742563245 -0.1052045859199005
v 0.15507412697536543 0.04509212824256324 -0.09203601251990051
v 0.15625565497536545 0.044936502342563245 -0.09214226151990051
v 0.16032584757536544 0.03983521274256325 -0.07729897833990051
v 0.16150468587536543 0.03961809914256324 -0.07721586524990051
v 0.15994986147536544 0.03824613434256324 -0.061297906559900514
v 0.16108001767536545 0.03800358064256325 -0.06097381468990051
v 0.15983933957536545 0.03942216184256325 -0.061338318509900513
v 0.16017978637536545 0.04098350364256324 -0.07705362699990051
v 0.16089742627536546 0.03990663404256325 -0.06104149715990051
v 0.16126161067536543 0.04147602434256325 -0.07682268041990051
v 0.15495382247536543 0.04621357284256325 -0.09144549631990051
v 0.15605583787536545 0.04674735294256325 -0.09119813331990051
v 0.15665041657536544 0.04076075924256325 -0.05058671351990052
v 0.15668368337536545 0.03961489534256325 -0.05031048131990051
v 0.15771410617536546 0.03940216454256325 -0.04975430851990051
v 0.15217254307536543 0.043601006242563245 -0.04156379591990052
v 0.15211395177536546 0.04250901564256325 -0.041123012119900514
v 0.14802814277536547 0.04668308604256324 -0.034062877319900514
v 0.14787067477536545 0.04565449054256325 -0.03351126981990051
v 0.14244700967536544 0.04924295094256325 -0.02693761141990051
v 0.14220897107536545 0.048270851342563245 -0.026319116319900512
v 0.14866214247536547 0.04557896034256324 -0.032641578419900515
v 0.14290630067536544 0.04826124014256325 -0.025370914519900513
v 0.13396818187536547 0.05232721944256325 -0.019217800319900516
v 0.13367391377536544 0.05139642584256325 -0.01856220511990051
v 0.13478147237536545 0.05294129994256325 -0.018631614719900512
v 0.14329135417536545 0.04983415454256325 -0.02637181431990051
v 0.12387366217536544 0.055435441442563245 -0.01087316871990051
v 0.12354674187536545 0.05452914534256325 -0.010199263719900514
v 0.11294707287536546 0.058235496242563245 -0.005402304219900511
v 0.11173013597536545 0.05779335644256325 -0.004128895719900508
v 0.12414000187536545 0.054596629042563245 -0.00918656591990051
v 0.11245028297536544 0.057951163542563244 -0.0032026097199005094
v 0.12240942937536545 0.08163605254256324 -0.008147813419900514
v 0.12180563807536546 0.08228882774256324 -0.007342703619900512
v 0.12341429667536545 0.08121659234256325 -0.007651101819900516
v 0.11441938207536545 0.05866660924256325 -0.005262993319900516
v 0.13222433627536545 0.10039798544256325 -0.01260041821990051
v 0.13115179537536545 0.10059840604256325 -0.013037927419900515
v 0.13048338887536545 0.10103511434256325 -0.012175023519900512
v 0.13978947697536545 0.11663078924256325 -0.018201399619900513
v 0.13870686297536544 0.11679703324256324 -0.01862910391990051
v 0.13979481157536544 0.11698075024256324 -0.017078906319900514
v 0.13221900167536543 0.10071093964256325 -0.011467225819900513
v 0.14591230447536546 0.13124341924256325 -0.024528075019900515
v 0.14593458177536545 0.13165792424256323 -0.02342736351990051
v 0.13871555777536543 0.11736321124256324 -0.016812697019900513
v 0.13114286957536544 0.10110469534256325 -0.011204317219900513
v 0.12343161557536544 0.08160996064256325 -0.006539005819900516
v 0.12243735047536544 0.08227257804256324 -0.006348401319900512
v 0.14485021677536544 0.13202092424256323 -0.023154575419900514
v 0.14937408267536545 0.14758636424256324 -0.032666858319900516
v 0.14828345927536546 0.14792098524256325 -0.03238205241990051
v 0.14415769277536544 0.13183080024256325 -0.024086773419900516
v 0.14756690707536546 0.14761855124256323 -0.03326656671990051
v 0.13804318007536545 0.11724976124256324 -0.01777079701990051
v 0.13114286957536544 0.10110469534256325 -0.011204317219900513
v 0.13048338887536545 0.10103511434256325 -0.012175023519900512
v 0.12243735047536544 0.08227257804256324 -0.006348401319900512
v 0.12180563807536546 0.08228882774256324 -0.007342703619900512
v 0.11245028297536544 0.057951163542563244 -0.0032026097199005094
v 0.11173013597536545 0.05779335644256325 -0.004128895719900508
v 0.13115179537536545 0.10059840604256325 -0.013037927419900515
v 0.14481405167536543 0.13135030524256325 -0.024935562119900515
v 0.14821448917536545 0.14709715924256325 -0.034097939719900515
v 0.14933136107536543 0.14707732524256326 -0.03372734411990051
v 0.14945355807536545 0.16100250524256324 -0.04512884091990051
v 0.15058682857536543 0.16109709824256324 -0.044821528719900514
v 0.15064726027536546 0.16173080024256326 -0.04382982101990052
v 0.14881368727536545 0.16157775024256324 -0.04432714361990051
v 0.14955136927536544 0.16202773524256325 -0.043524226219900514
v 0.14881899957536543 0.17378844724256326 -0.05671163461990052
v 0.14888460937536546 0.17456695824256324 -0.05582773121990051
v 0.14768099787536543 0.17356063824256324 -0.05691991741990051
v 0.14778704197536546 0.17482039724256324 -0.055489634119900516
v 0.14704325797536544 0.17419845224256325 -0.05616472191990051
v 0.14470181617536543 0.18490004924256326 -0.0693013798399005
v 0.14475452897536545 0.18577422524256323 -0.06851627229490051
v 0.14357693497536544 0.18457046524256324 -0.0694055592199005
v 0.14366215467536544 0.18598494324256326 -0.06813518405030052
v 0.14293430747536545 0.18524077924256324 -0.06868488667490051
v 0.14264457677536546 0.19305599124256326 -0.07913699931990051
v 0.14269393677536546 0.19393946624256325 -0.07836284491990052
v 0.14153113957536545 0.19268276124256326 -0.07919132061990052
v 0.14161094277536546 0.19411234924256324 -0.07793865072990051
v 0.14089225237536546 0.19333568624256325 -0.07845058291990051
v 0.13970243187536546 0.20067948524256324 -0.08746625291990051
v 0.13976064327536544 0.20153321724256323 -0.08665990271990051
v 0.13859334587536545 0.20029145824256325 -0.08750462901990051
v 0.13868764787536544 0.20167284124256324 -0.08620000261990052
v 0.13796613367536545 0.20090547624256325 -0.08672215791990051
v 0.13662743567536545 0.21018658924256325 -0.09525256421990051
v 0.13669675587536545 0.21101694224256326 -0.09441093731990051
v 0.13552526387536545 0.20978799824256325 -0.0952683296199005
v 0.13563283537536547 0.21112879024256326 -0.09392326701990052
v 0.13490872827536543 0.21036920324256325 -0.09445312801990051
v 0.13351546977536544 0.21842948024256326 -0.10048608111990051
v 0.13359285887536543 0.21924069924256326 -0.09962140391990051
v 0.13241785767536546 0.21802167924256324 -0.10048825661990052
v 0.13254282627536546 0.21933423324256324 -0.09909008261990052
v 0.13181366027536545 0.21857913224256326 -0.09963693841990051
v 0.13197638097536546 0.22631830324256325 -0.1065481305199005
v 0.13203509897536544 0.22705951724256324 -0.10575826841990052
v 0.13088701667536545 0.22592893624256324 -0.1065206565199005
v 0.13098445537536546 0.22713594524256325 -0.10523417591990052
v 0.13027698547536545 0.22644126824256325 -0.10569666321990051
v 0.12986850737536543 0.23494185924256325 -0.11278666551990052
v 0.12992961707536543 0.23566821624256326 -0.1119983867199005
v 0.12878715987536543 0.23456679624256324 -0.11272976921990052
v 0.12888877837536544 0.23574974024256326 -0.11144375801990052
v 0.12818299237536546 0.23506980024256324 -0.11189463731990051
v 0.12783992287536544 0.24180816524256324 -0.11488873511990051
v 0.12993328277536545 0.24154116624256325 -0.11530403051990051
v 0.12994820627536546 0.23996287924256324 -0.1116150468199005
v 0.12857335807536546 0.24655409524256325 -0.11910508941990051
v 0.12705564497536545 0.24615303024256324 -0.11784667151990051
v 0.12783992287536544 0.24180816524256324 -0.11488873511990051
v 0.12648595497536544 0.24876130024256324 -0.12135354051990052
v 0.13103253397536546 0.24001704524256326 -0.1120676435199005
v 0.12975401427536545 0.24094537224256324 -0.11100295181990051
v 0.13071680067536545 0.24160218624256324 -0.11108337341990052
v 0.13150647287536543 0.24102712024256326 -0.11174326761990051
v 0.13274203237536544 0.23513198224256324 -0.10396395991990051
v 0.13250543177536545 0.23612115124256325 -0.10349974031990052
v 0.13382708277536545 0.23517811624256324 -0.10444156081990051
v 0.13344291597536545 0.23677769724256326 -0.10369265821990051
v 0.13426025957536544 0.23619531424256324 -0.10427392271990052
v 0.13455826787536546 0.23236170824256325 -0.09840947391990051
v 0.13428822157536546 0.23335755224256324 -0.09801791421990051
v 0.13564132157536546 0.23239078024256324 -0.0988906119199005
v 0.13520789887536544 0.23401075924256326 -0.0982438884199005
v 0.13604247567536545 0.23340808224256324 -0.09879018181990051
v 0.13607367127536546 0.22962436424256324 -0.09390912391990051
v 0.13579089937536545 0.23068957424256326 -0.09352652911990052
v 0.13717117907536547 0.22963907224256325 -0.09434832821990051
v 0.13671261817536545 0.23136286824256325 -0.09373214091990051
v 0.13756670807536545 0.23071538324256324 -0.09423615781990051
v 0.13813900947536545 0.22755690324256325 -0.08858849851990051
v 0.13781603427536543 0.22867398324256324 -0.08833130261990052
v 0.13926344367536544 0.22756337024256323 -0.08893577011990052
v 0.13873939957536546 0.22937022524256326 -0.08852485941990051
v 0.13963479547536545 0.22868441424256325 -0.08889527621990051
v 0.13993585107536544 0.22723830124256325 -0.08085855841990051
v 0.13954988117536543 0.22835570924256324 -0.08086183851990052
v 0.14109002797536546 0.22724913424256324 -0.08108576111990051
v 0.14046556507536545 0.22905715224256326 -0.0810911786199005
v 0.14141748097536544 0.22837324824256325 -0.08122957591990052
v 0.14110912387536545 0.22864088824256323 -0.07205029832990051
v 0.14068049937536545 0.22971237124256325 -0.07231839512990051
v 0.14227390287536545 0.22866484924256325 -0.07220929488990051
v 0.14158038797536543 0.23039870324256326 -0.07264310214990051
v 0.14256519077536545 0.22975127724256325 -0.0725757349299005
v 0.14165069167536545 0.23249328524256324 -0.06276248814990051
v 0.14119376987536544 0.23344740624256324 -0.06329440976990051
v 0.14281845097536544 0.23253143224256326 -0.06289237876990052
v 0.14207915957536543 0.23407546024256326 -0.06375308893990052
v 0.14308326687536543 0.23350936524256324 -0.06350467586990051
v 0.14100797477536545 0.23833556824256324 -0.05553202521990051
v 0.14053624867536546 0.23914000724256324 -0.05625494851990051
v 0.14217664297536545 0.23838256624256324 -0.05565043351990051
v 0.14141339807536546 0.23968398924256326 -0.05682024821990051
v 0.14242719117536545 0.23921583924256326 -0.05644663701990051
v 0.13927167657536543 0.24551955224256325 -0.049697861119900516
v 0.13879521937536543 0.24620421624256325 -0.050528472319900514
v 0.14044088127536544 0.24557982724256325 -0.04980398531990052
v 0.13967000697536547 0.24668760924256325 -0.051147980619900515
v 0.14068708567536545 0.24630171424256325 -0.05070024911990051
v 0.13794120397536547 0.25343536224256324 -0.045214271219900515
v 0.13746459777536546 0.25405043724256327 -0.04609577171990051
v 0.13911048327536546 0.25351332524256326 -0.04530719671990051
v 0.13833938537536544 0.25450866324256327 -0.04673358801990051
v 0.13935668767536546 0.2541766352425633 -0.04624618401990051
v 0.13714149597536546 0.2614840602425632 -0.04056245831990051
v 0.13666549327536545 0.26208389224256323 -0.04145433381990051
v 0.13831031317536546 0.2615846132425632 -0.04063985681990051
v 0.13754020627536545 0.2625552302425632 -0.04208302871990051
v 0.13855666667536545 0.26224670224256325 -0.04157964701990051
v 0.13677266987536546 0.26906645624256326 -0.03478901091990051
v 0.13629461077536545 0.26970854724256327 -0.03565092381990051
v 0.13793989267536544 0.26919615624256327 -0.03484531491990051
v 0.13716634367536545 0.2702352742425633 -0.03624000771990051
v 0.13818319137536544 0.2699186542425632 -0.03574201841990051
v 0.13612101967536544 0.2756030302425633 -0.028993129719900514
v 0.13563732057536543 0.27629438424256325 -0.029811915019900513
v 0.13728221507536545 0.27579680424256325 -0.028995417019900514
v 0.13649959117536545 0.27691558424256324 -0.03032022341990051
v 0.13751620797536546 0.27660811324256324 -0.029815617919900513
v 0.13426890967536545 0.28209409524256324 -0.02170455081990051
v 0.13378521057536547 0.28277892224256324 -0.022529155019900514
v 0.13540469857536547 0.28239256524256323 -0.021601859519900513
v 0.13462200017536546 0.28350082424256323 -0.022935956719900515
v 0.13562290367536545 0.28326201824256325 -0.02236285431990051
v 0.13242258127536544 0.28848600724256324 -0.01529849321990051
v 0.13195519897536545 0.28913665224256324 -0.01615929971990051
v 0.13351029907536544 0.2888854782425632 -0.015089295819900511
v 0.13275407257536545 0.28993803624256326 -0.01648199181990051
v 0.13371515277536544 0.28978300424256326 -0.015820696919900512
v 0.12945533547536545 0.29478973524256324 -0.007063552719900515
v 0.12900451567536544 0.29541594124256326 -0.007950853519900512
v 0.13049422947536543 0.29526153624256324 -0.006776448319900513
v 0.12976493687536544 0.29627439724256327 -0.008212052319900513
v 0.13068564977536545 0.29617888124256325 -0.007486250219900514
v 0.12531669437536544 0.30102324824256327 0.0004662498800994813
v 0.12487998977536545 0.3016323782425632 -0.00043945761990051013
v 0.12631431597536544 0.30154419324256326 0.0008075460800994888
v 0.12560768057536545 0.30252990524256324 -0.0006578564199005155
v 0.12649406117536544 0.30247557524256324 0.00011284648009948772
v 0.11999692767536545 0.30720428024256324 0.00793069598009949
v 0.11957059797536546 0.30780274024256327 0.007012993080099492
v 0.12096402797536546 0.3077566362425633 0.008307196180099494
v 0.12027425687536544 0.30872497324256326 0.006822295480099494
v 0.12113546207536545 0.30869660124256326 0.0076221972800994825
v 0.11346631867536544 0.31263226624256324 0.014386653880099493
v 0.11304616927536545 0.31322461724256323 0.013462245480099486
v 0.11441495637536545 0.31320232524256325 0.014782950280099488
v 0.11373525487536545 0.31416088724256325 0.013287246180099493
v 0.11458127947536545 0.31414714824256323 0.014103434980099486
v 0.10578368977536545 0.31976980324256327 0.02040028568009948
v 0.10557418687536545 0.32016653224256325 0.019256085180099483
v 0.10707252477536544 0.32003042524256325 0.020442984980099485
v 0.10673362757536545 0.32067221824256326 0.01859158278009948
v 0.10765960437536545 0.32058799624256323 0.01932509248009949
v 0.10837850347536546 0.32906687624256326 0.01911150668009949
v 0.10807462407536544 0.32912698724256323 0.017977416480099484
v 0.10951108857536546 0.32875743924256323 0.01916821298009949
v 0.10901937257536545 0.32885477324256324 0.01733320948009949
v 0.10990720617536545 0.32862621924256324 0.018069103380099483
v 0.11101507027536545 0.33716220024256327 0.01720412818009949
v 0.11071813477536545 0.33724764324256323 0.016069732580099486
v 0.11214719717536545 0.33685031924256326 0.017260834580099485
v 0.11166669797536545 0.33698854224256325 0.01542533938009949
v 0.11254987497536545 0.33674317924256325 0.016161441780099484
v 0.11373872677536545 0.34547892624256327 0.015206031480099483
v 0.11345354097536545 0.34560680724256326 0.014072433080099492
v 0.11486985907536545 0.34516337924256324 0.015262640980099482
v 0.11440828067536545 0.3453705942425632 0.01342853158009949
v 0.11528360097536544 0.34509653224256326 0.01416411998009949
v 0.11598528547536545 0.35355165924256327 0.012892350580099493
v 0.11571680757536545 0.35373965324256323 0.011762842580099492
v 0.11711504687536545 0.35323122524256323 0.012948654580099486
v 0.11668047677536544 0.35353547724256323 0.011121042080099494
v 0.11754473667536544 0.3532214802425632 0.011853940780099492
v 0.11820098757536546 0.36161962524256325 0.011482924180099482
v 0.11795417587536544 0.36188543224256325 0.01036371288009949
v 0.11932876337536545 0.36129278324256325 0.011538311880099489
v 0.11892944197536545 0.36172277124256325 0.009727418380099481
v 0.11977905037536545 0.36135656024256324 0.010453313580099488
v 0.12045600637536545 0.3699453512425632 0.011192440980099486
v 0.12023574857536545 0.37030485624256326 0.010093733680099484
v 0.12158164757536545 0.36961058124256324 0.011246137280099489
v 0.12122520427536546 0.3701919352425633 0.009468331980099484
v 0.12205703557536546 0.36976316924256325 0.010180540380099481
v 0.12270820517536545 0.37755906924256327 0.012581177080099482
v 0.12249702217536546 0.37795246024256324 0.011493593480099484
v 0.12383949007536545 0.37724414824256325 0.012640684880099493
v 0.12349769477536546 0.37788013024256323 0.010880798080099494
v 0.12432739137536544 0.37744251224256326 0.011589802780099481
v 0.12493207677536544 0.38471198424256325 0.014912314680099487
v 0.12469709287536546 0.38500801124256323 0.01379571858009948
v 0.12608083707536544 0.38447028724256327 0.014992922580099488
v 0.12570058557536545 0.38494909224256324 0.013186320680099492
v 0.12655576687536546 0.38461646824256324 0.013926215480099494
v 0.12711361047536546 0.3927115832425632 0.017156437080099493
v 0.12685489657536544 0.39279652024256323 0.016024537380099485
v 0.12827670577536543 0.39259004924256324 0.01724728198009949
v 0.12785800547536547 0.39273485924256324 0.015414737180099489
v 0.12873683867536545 0.39261210324256324 0.01616972688009949
v 0.12829185277536545 0.39875090524256324 0.018474921580099488
v 0.12802207467536544 0.39869517424256323 0.017339915080099494
v 0.12946166847536544 0.39870530724256326 0.018568910680099485
v 0.12902503457536546 0.39861533424256324 0.01673246918009949
v 0.12991477547536545 0.39862198024256323 0.017491988880099493
v 0.12894956767536545 0.40459624324256327 0.019375994780099492
v 0.12867625807536545 0.4044671392425632 0.01824200158009949
v 0.13012136517536543 0.40458158024256324 0.01947138458009949
v 0.12967916577536545 0.4043767492425632 0.017636060680099486
v 0.13057225947536544 0.40444395324256327 0.018396399880099487
v 0.12881174687536545 0.41078192324256324 0.01966452598009949
v 0.12853838507536544 0.4106017682425632 0.018533647080099483
v 0.12998354437536547 0.4107666652425632 0.019759058980099484
v 0.12954134497536546 0.41047710524256326 0.017928682280099487
v 0.13043459507536545 0.41057575124256324 0.018685974180099485
v 0.12840291117536545 0.4179967382425632 0.01959238948009949
v 0.12813040617536545 0.41778442624256323 0.018463768080099488
v 0.12957419457536545 0.41795668424256327 0.019685693080099487
v 0.12913336607536546 0.4176037942425633 0.017859697380099487
v 0.13002569977536543 0.41770297624256325 0.01861546938009949
v 0.12780084457536545 0.42845094624256325 0.019379854180099493
v 0.12753777947536543 0.42780614224256325 0.018322944680099484
v 0.12900461257536544 0.42751667324256326 0.019615434080099484
v 0.12857898327536543 0.4264698662425632 0.017905347080099485
v 0.12948543577536545 0.42629051624256326 0.018704146180099482
v 0.13692914697536546 0.42757982424256324 0.012385234280099494
v 0.13630498947536546 0.4270315212425633 0.011574931480099485
v 0.13736943897536547 0.4268800652425632 0.013142533580099494
v 0.13635953517536545 0.42598820124256326 0.01183377948009949
v 0.13701751827536546 0.42589927124256327 0.012801691880099483
v 0.14145702127536547 0.42758918224256326 0.006148748080099492
v 0.14077650007536546 0.42700845424256323 0.005385309480099493
v 0.14192912727536544 0.42687762124256323 0.006878346180099484
v 0.14082807297536545 0.4259469842425632 0.005643524180099488
v 0.14154033367536545 0.4258611832425632 0.006566494680099483
v 0.14646192637536545 0.42781782524256323 -0.0006828531199005172
v 0.14568983017536546 0.42720073824256327 -0.0013651997199005117
v 0.14698558297536546 0.42703909024256326 -5.662199005079804e-07
v 0.14573621747536544 0.42604056324256323 -0.0011046529199005145
v 0.14653699847536544 0.4259412922425633 -0.0002612322199005146
v 0.15059158947536544 0.42798468824256325 -0.010096807019900511
v 0.14970261607536545 0.42744973724256324 -0.01065880431990051
v 0.15118072927536547 0.42717078724256324 -0.009483810519900514
v 0.14974228297536546 0.42630532724256326 -0.010393012319900516
v 0.15065582837536545 0.42613292124256325 -0.009666811719900512
v 0.15400622787536544 0.4289218822425632 -0.01693804191990051
v 0.15300036967536546 0.42839107324256326 -0.017313033319900514
v 0.15466098487536545 0.4281160872425632 -0.01643003521990051
v 0.15303348007536544 0.42724877924256327 -0.017036736019900516
v 0.15405979007536547 0.42707372124256326 -0.016491033119900515
v 0.15929128227536543 0.43073016824256327 -0.028694767519900514
v 0.15820302817536547 0.4302123222425632 -0.02883926781990051
v 0.15999242667536545 0.42991102124256325 -0.028316367419900512
v 0.15823156387536547 0.42906549924256326 -0.028550058619900516
v 0.15933752057536543 0.4288771192425632 -0.028226856119900515
v 0.16211017217536544 0.43365931924256323 -0.038045154919900515
v 0.16095693407536543 0.4332104362425632 -0.03814367021990051
v 0.16280345617536546 0.43279534924256324 -0.03784472681990052
v 0.16094420847536545 0.4320736562425633 -0.03798558931990051
v 0.16208332027536543 0.43181971124256324 -0.037807591219900516
v 0.16392014917536546 0.43621331824256326 -0.04464923771990051
v 0.16275710607536545 0.43581059924256327 -0.04476585241990051
v 0.16461069117536545 0.43532169224256323 -0.04451376381990051
v 0.16273599117536547 0.43467352124256325 -0.04468205941990051
v 0.16387939457536543 0.43437311424256325 -0.04453184451990051
v 0.16507709017536545 0.43793327024256323 -0.049018206119900515
v 0.16394172607536545 0.43754995224256327 -0.04926651901990051
v 0.16581266417536544 0.4370531472425632 -0.04908659871990051
v 0.16398233177536545 0.43642867024256327 -0.049465870519900514
v 0.16513627817536544 0.43612310624256323 -0.04936130901990052
v 0.16626527117536544 0.4392145012425632 -0.052122049019900515
v 0.16515342117536547 0.43883747224256325 -0.05240982401990051
v 0.16702357717536545 0.4383568202425632 -0.052269762419900515
v 0.16523061717536547 0.4377399722425632 -0.052710865619900515
v 0.16638444317536544 0.43744528624256324 -0.05263219771990051
v 0.16733720117536544 0.4407277442425632 -0.05610012451990051
v 0.16626184417536544 0.44034243024256325 -0.05640306881990051
v 0.16813445817536543 0.43992045924256323 -0.056352742919900514
v 0.16639905417536544 0.43928698124256327 -0.05682072041990051
v 0.16755502717536547 0.43902984624256325 -0.05679752211990051
v 0.16772466117536544 0.44259184924256323 -0.060403870419900516
v 0.16664287417536544 0.44217574924256325 -0.06053590215990051
v 0.16850267317536544 0.4417748492425633 -0.06070616142990051
v 0.16675307617536544 0.44109732324256323 -0.060911044009900515
v 0.16790208217536545 0.44085142424256324 -0.061020349619900514
v 0.16747390517536545 0.44462600724256324 -0.06595655809990052
v 0.16639873417536544 0.44418421724256324 -0.06602625245990051
v 0.16825187217536544 0.44380605624256325 -0.06625675083990051
v 0.16651372617536545 0.44308391624256327 -0.06635230429990051
v 0.16765884317536545 0.44285148724256324 -0.06649838329990052
v 0.16627925617536543 0.44489387024256327 -0.06604675179990051
v 0.16810955117536547 0.44426668024256327 -0.06747923733190052
v 0.16762244717536545 0.44544813424256324 -0.07082751159990051
v 0.16609264117536543 0.4461534062425632 -0.0733134588199005
v 0.16655983017536546 0.44650736824256326 -0.06896263477390051
v 0.16809797317536546 0.44647336424256323 -0.061010588429900516
v 0.16908805817536543 0.44592413724256325 -0.061325658579900515
v 0.16982900317536545 0.44671744524256324 -0.06177383334990051
v 0.16822677117536544 0.44760761024256324 -0.06126728420990051
v 0.16929685317536544 0.44775748624256323 -0.06173613434990051
v 0.16937135117536545 0.44745982024256326 -0.05611585541990051
v 0.17033013717536544 0.44679302324256326 -0.056068243419900514
v 0.17115537117536544 0.44727427124256325 -0.05674978621990051
v 0.16960595517536545 0.4483530562425633 -0.056821369519900515
v 0.17070870817536543 0.44823831724256324 -0.05721234711990052
v 0.17117179917536546 0.44870162424256327 -0.051661638519900514
v 0.17216166817536543 0.44809401424256323 -0.051564006119900516
v 0.17297929517536545 0.44856214924256327 -0.05225775581990051
v 0.17137769617536547 0.44954541724256325 -0.05241581421990051
v 0.17249475417536544 0.44945907924256323 -0.052783888719900515
v 0.17216851517536547 0.45054796724256324 -0.04794513061990051
v 0.17319884917536543 0.45003375824256325 -0.047746334219900516
v 0.17400749017536543 0.45048115024256324 -0.04846329051990052
v 0.17234022217536543 0.45131305224256324 -0.048789514219900514
v 0.17347677017536545 0.45127183524256326 -0.04911249501990052
v 0.17257289617536545 0.45296499524256323 -0.04463145691990052
v 0.17362125217536545 0.45258531324256324 -0.04430793221990051
v 0.17442424617536545 0.45308146224256324 -0.04505728741990051
v 0.17272586417536545 0.45368940024256327 -0.04558593221990051
v 0.17386955017536543 0.4537500772425632 -0.04585051911990051
v 0.17208781817536545 0.4580230152425632 -0.04039022881990051
v 0.17314691117536546 0.45780849824256326 -0.03997218051990051
v 0.17394530817536547 0.4583037532425632 -0.040748706119900516
v 0.17223159217536543 0.45865059224256327 -0.04142505111990051
v 0.17337968217536545 0.45880952824256327 -0.04164625141990051
v 0.17061048017536545 0.46488151324256327 -0.035270746819900514
v 0.17167096617536545 0.46482059724256325 -0.03476323931990051
v 0.17247312517536545 0.4652442972425632 -0.03555284441990051
v 0.17075729417536545 0.46534559524256325 -0.03637392071990051
v 0.17190839317536544 0.46555412224256326 -0.036548331419900514
v 0.16620595717536546 0.47604194624256324 -0.02982853721990051
v 0.16724920317536546 0.47610319024256326 -0.02928604931990051
v 0.16805959517536545 0.47637755024256323 -0.030093446419900513
v 0.16637151717536547 0.47627807024256325 -0.030971154619900514
v 0.16751714817536545 0.47648567324256325 -0.03113484011990051
v 0.15876458587536546 0.48960146724256326 -0.02576555311990051
v 0.15978465977536543 0.48979196324256324 -0.02520944921990051
v 0.14860246327536544 0.5050129932425633 -0.023928213819900512
v 0.16061027347536544 0.4899807912425633 -0.026026040319900516
v 0.16061027347536544 0.4899807912425633 -0.026026040319900516
v 0.14959642287536545 0.5053209102425633 -0.023378517519900513
v 0.13790660347536543 0.5187529362425632 -0.024472791719900515
v 0.15044191477536545 0.5054197942425632 -0.02419051531990051
v 0.16010032597536544 0.4899073282425632 -0.027086757119900516
v 0.15044191477536545 0.5054197942425632 -0.02419051531990051
v 0.15895959737536544 0.48967287324256326 -0.026925850619900514
v 0.15876458587536546 0.48960146724256326 -0.02576555311990051
v 0.13887735457536543 0.5191524662425633 -0.023941900619900515
v 0.13974407317536547 0.5191680232425633 -0.024737093619900515
v 0.12583082167536544 0.5324263012425633 -0.026785053319900512
v 0.12678521867536546 0.5328848992425632 -0.02627422661990051
v 0.14997041227536545 0.5051732402425633 -0.02524220571990051
v 0.13974407317536547 0.5191680232425633 -0.024737093619900515
v 0.14883363247536546 0.5049218572425632 -0.025080099719900516
v 0.14860246327536544 0.5050129932425633 -0.023928213819900512
v 0.13817346097536545 0.5185216102425633 -0.025596085919900514
v 0.13790660347536543 0.5187529362425632 -0.024472791719900515
v 0.12612684067536545 0.5320878662425632 -0.02787232771990051
v 0.12583082167536544 0.5324263012425633 -0.026785053319900512
v 0.13930904117536547 0.5187779702425632 -0.025759395219900512
v 0.12767116727536545 0.5328300032425632 -0.027045834819900513
v 0.12726420907536545 0.5323374312425633 -0.02803352471990051
v 0.12678521867536546 0.5328848992425632 -0.02627422661990051
v 0.13887735457536543 0.5191524662425633 -0.023941900619900515
v 0.12612684067536545 0.5320878662425632 -0.02787232771990051
v 0.13817346097536545 0.5185216102425633 -0.025596085919900514
v 0.13930904117536547 0.5187779702425632 -0.025759395219900512
v 0.14883363247536546 0.5049218572425632 -0.025080099719900516
v 0.14997041227536545 0.5051732402425633 -0.02524220571990051
v 0.11387246847536545 0.5453103822425632 -0.030029457019900514
v 0.12583082167536544 0.5324263012425633 -0.026785053319900512
v 0.11481929567536545 0.5457977692425633 -0.029531329919900512
v 0.10456046837536545 0.5576305422425633 -0.03332073981990051
v 0.10548778247536544 0.5581911242425632 -0.03285881131990051
v 0.09753825887536545 0.5664866012425632 -0.036673758219900515
v 0.09841350097536544 0.5671964322425632 -0.03631994501990051
v 0.10640315707536545 0.5580275092425633 -0.03357883911990051
v 0.09934736047536545 0.5669811402425633 -0.037001451519900516
v 0.09235423807536544 0.5731916462425632 -0.04268225091990051
v 0.09151225727536545 0.5724223292425632 -0.04296720961990051
v 0.08548626677536544 0.5783580582425633 -0.04926065911990051
v 0.08629498067536545 0.5791868602425633 -0.049044555019900515
v 0.08903645167536545 0.5807885562425632 -0.05590871721990051
v 0.08974680487536545 0.5815775432425633 -0.05542591491990051
v 0.09355849957536545 0.5835915842425633 -0.06403348315990051
v 0.09419510517536545 0.5844993632425632 -0.06363494274990052
v 0.09853674467536544 0.5881239812425633 -0.07526896334990052
v 0.09903307627536545 0.5890863572425632 -0.07480203499990051
v 0.10391675677536545 0.5926387942425633 -0.08624435771990051
v 0.10310464347536545 0.5934840482425633 -0.08633211441990052
v 0.09932304917536544 0.5873149072425633 -0.07539619318990051
v 0.10483140867536545 0.5930744442425633 -0.08564726261990051
v 0.10030655567536545 0.5877746972425633 -0.0750076090899005
v 0.10458438847536544 0.5941890512425633 -0.08536585231990051
v 0.10012832287536544 0.5888701122425632 -0.07464002957990051
v 0.09539154727536545 0.5831764972425633 -0.0642355764299005
v 0.09532879477536545 0.5842433612425633 -0.06375995510990051
v 0.10909629617536545 0.5997643512425632 -0.09494568221990052
v 0.10931829367536544 0.5986366312425633 -0.09519340841990051
v 0.11198673027536545 0.6041274702425633 -0.10474319751990052
v 0.11218826097536544 0.6029897372425632 -0.10496126491990052
v 0.11086198687536544 0.6043527162425633 -0.10500334201990051
v 0.10800269987536545 0.6000060472425632 -0.09530374781990052
v 0.10800269987536545 0.6000060472425632 -0.09530374781990052
v 0.10351716727536545 0.5944422522425632 -0.08578920731990052
v 0.10012832287536544 0.5888701122425632 -0.07464002957990051
v 0.09903307627536545 0.5890863572425632 -0.07480203499990051
v 0.09532879477536545 0.5842433612425633 -0.06375995510990051
v 0.10310464347536545 0.5934840482425633 -0.08633211441990052
v 0.09853674467536544 0.5881239812425633 -0.07526896334990052
v 0.10754867267536544 0.5990277562425632 -0.09577278421990051
v 0.11036842317536544 0.6033541602425633 -0.10538221521990052
v 0.11086198687536544 0.6043527162425633 -0.10500334201990051
v 0.11223907397536545 0.6066244882425632 -0.11683954301990052
v 0.11279079317536544 0.6076590452425632 -0.11694397781990051
v 0.11451190707536545 0.6080059442425633 -0.12913002821990052
v 0.11509111147536545 0.6090123692425633 -0.12909338991990052
v 0.09932304917536544 0.5873149072425633 -0.07539619318990051
v 0.09355849957536545 0.5835915842425633 -0.06403348315990051
v 0.09429756737536545 0.5827745832425633 -0.06440544500990052
v 0.10030655567536545 0.5877746972425633 -0.0750076090899005
v 0.08903645167536545 0.5807885562425632 -0.05590871721990051
v 0.09539154727536545 0.5831764972425633 -0.0642355764299005
v 0.08964698387536545 0.5798624192425632 -0.05620324051990051
v 0.09073464947536544 0.5800786652425632 -0.05590255651990051
v 0.08702509477536545 0.5779601372425632 -0.05030585261990051
v 0.08593746837536545 0.5776000062425632 -0.05004015751990051
v 0.08548626677536544 0.5783580582425633 -0.04926065911990051
v 0.09151225727536545 0.5724223292425632 -0.04296720961990051
v 0.09193439227536546 0.5717161932425633 -0.043806999919900516
v 0.09303720107536545 0.5720491442425633 -0.044041169819900514
v 0.09904931857536545 0.5661381522425633 -0.037776486919900515
v 0.09793132547536545 0.5658323802425632 -0.037573840419900514
v 0.09753825887536545 0.5664866012425632 -0.036673758219900515
v 0.09532879477536545 0.5842433612425633 -0.06375995510990051
v 0.09073464947536544 0.5800786652425632 -0.05590255651990051
v 0.09079639987536545 0.5811390322425632 -0.05542210491990052
v 0.08724604357536545 0.5789415872425633 -0.049690527819900514
v 0.08702509477536545 0.5779601372425632 -0.05030585261990051
v 0.09303720107536545 0.5720491442425633 -0.044041169819900514
v 0.09329669547536545 0.5729613342425632 -0.043345989619900514
v 0.09904931857536545 0.5661381522425633 -0.037776486919900515
v 0.09934736047536545 0.5669811402425633 -0.037001451519900516
v 0.09934736047536545 0.5669811402425633 -0.037001451519900516
v 0.10604167727536545 0.5573656002425632 -0.034485820719900515
v 0.10640315707536545 0.5580275092425633 -0.03357883911990051
v 0.11533031237536545 0.5451318662425633 -0.031239055119900515
v 0.11572030927536545 0.5456875602425633 -0.03027893601990051
v 0.10548778247536544 0.5581911242425632 -0.03285881131990051
v 0.11481929567536545 0.5457977692425633 -0.029531329919900512
v 0.12767116727536545 0.5328300032425632 -0.027045834819900513
v 0.09793132547536545 0.5658323802425632 -0.037573840419900514
v 0.10490291567536544 0.5571202672425632 -0.03432632611990051
v 0.10604167727536545 0.5573656002425632 -0.034485820719900515
v 0.10456046837536545 0.5576305422425633 -0.03332073981990051
v 0.09753825887536545 0.5664866012425632 -0.036673758219900515
v 0.11418849977536545 0.5448988112425632 -0.031084865319900512
v 0.11533031237536545 0.5451318662425633 -0.031239055119900515
v 0.12726420907536545 0.5323374312425633 -0.02803352471990051
v 0.11572030927536545 0.5456875602425633 -0.03027893601990051
v 0.12767116727536545 0.5328300032425632 -0.027045834819900513
v 0.11418849977536545 0.5448988112425632 -0.031084865319900512
v 0.12583082167536544 0.5324263012425633 -0.026785053319900512
v 0.11387246847536545 0.5453103822425632 -0.030029457019900514
v 0.10490291567536544 0.5571202672425632 -0.03432632611990051
v 0.10456046837536545 0.5576305422425633 -0.03332073981990051
v 0.11418849977536545 0.5448988112425632 -0.031084865319900512
v 0.16150468587536543 0.03961809914256324 -0.07721586524990051
v 0.15686334667536544 0.04596163144256325 -0.09161860681990051
v 0.15625565497536545 0.044936502342563245 -0.09214226151990051
v 0.16208261247536543 0.040632141742563244 -0.07692162878990051
v 0.16108001767536545 0.03800358064256325 -0.06097381468990051
v 0.16166631127536546 0.03902980124256325 -0.06081509962990051
v 0.15771410617536546 0.03940216454256325 -0.04975430851990051
v 0.16166631127536546 0.03902980124256325 -0.06081509962990051
v 0.16108001767536545 0.03800358064256325 -0.06097381468990051
v 0.15831441427536547 0.04041639154256325 -0.049688534819900515
v 0.15302123877536544 0.04235909324256325 -0.04038292351990051
v 0.15364044157536544 0.043358504742563246 -0.04036640191990051
v 0.14866214247536547 0.04557896034256324 -0.032641578419900515
v 0.14930896457536547 0.046560786642563246 -0.03265567121990051
v 0.14357524367536545 0.04922742764256325 -0.025403510819900513
v 0.14891696717536546 0.04724315924256325 -0.03353406491990051
v 0.14329135417536545 0.04983415454256325 -0.02637181431990051
v 0.13498983527536546 0.052390001742563246 -0.01761360461990051
v 0.13478147237536545 0.05294129994256325 -0.018631614719900512
v 0.14802814277536547 0.04668308604256324 -0.034062877319900514
v 0.15217254307536543 0.043601006242563245 -0.04156379591990052
v 0.15311599527536546 0.04412601704256325 -0.041096190019900516
v 0.15665041657536544 0.04076075924256325 -0.05058671351990052
v 0.15765706447536545 0.04125612974256325 -0.05020302721990051
v 0.15983933957536545 0.03942216184256325 -0.061338318509900513
v 0.16089742627536546 0.03990663404256325 -0.06104149715990051
v 0.15364044157536544 0.043358504742563246 -0.04036640191990051
v 0.15765706447536545 0.04125612974256325 -0.05020302721990051
v 0.15831441427536547 0.04041639154256325 -0.049688534819900515
v 0.15765706447536545 0.04125612974256325 -0.05020302721990051
v 0.16089742627536546 0.03990663404256325 -0.06104149715990051
v 0.16166631127536546 0.03902980124256325 -0.06081509962990051
v 0.15211395177536546 0.04250901564256325 -0.041123012119900514
v 0.15771410617536546 0.03940216454256325 -0.04975430851990051
v 0.15668368337536545 0.03961489534256325 -0.05031048131990051
v 0.15302123877536544 0.04235909324256325 -0.04038292351990051
v 0.14787067477536545 0.04565449054256325 -0.03351126981990051
v 0.14866214247536547 0.04557896034256324 -0.032641578419900515
v 0.14930896457536547 0.046560786642563246 -0.03265567121990051
v 0.14891696717536546 0.04724315924256325 -0.03353406491990051
v 0.15311599527536546 0.04412601704256325 -0.041096190019900516
v 0.15364044157536544 0.043358504742563246 -0.04036640191990051
v 0.14290630067536544 0.04826124014256325 -0.025370914519900513
v 0.14930896457536547 0.046560786642563246 -0.03265567121990051
v 0.14866214247536547 0.04557896034256324 -0.032641578419900515
v 0.14357524367536545 0.04922742764256325 -0.025403510819900513
v 0.13430532067536544 0.051435220942563246 -0.017570707919900515
v 0.13498983527536546 0.052390001742563246 -0.01761360461990051
v 0.12414000187536545 0.054596629042563245 -0.00918656591990051
v 0.12483351677536544 0.055544655742563245 -0.009234469419900512
v 0.13478147237536545 0.05294129994256325 -0.018631614719900512
v 0.12466894837536545 0.05606303364256325 -0.010276872619900512
v 0.11411226917536545 0.05849085004256325 -0.003903515619900516
v 0.11441938207536545 0.05866660924256325 -0.005262993319900516
v 0.13367391377536544 0.05139642584256325 -0.01856220511990051
v 0.14290630067536544 0.04826124014256325 -0.025370914519900513
v 0.14220897107536545 0.048270851342563245 -0.026319116319900512
v 0.13430532067536544 0.051435220942563246 -0.017570707919900515
v 0.12354674187536545 0.05452914534256325 -0.010199263719900514
v 0.12414000187536545 0.054596629042563245 -0.00918656591990051
v 0.12466894837536545 0.05606303364256325 -0.010276872619900512
v 0.13396818187536547 0.05232721944256325 -0.019217800319900516
v 0.13478147237536545 0.05294129994256325 -0.018631614719900512
v 0.12387366217536544 0.055435441442563245 -0.01087316871990051
v 0.11441938207536545 0.05866660924256325 -0.005262993319900516
v 0.11294707287536546 0.058235496242563245 -0.005402304219900511
v 0.11245028297536544 0.057951163542563244 -0.0032026097199005094
v 0.12483351677536544 0.055544655742563245 -0.009234469419900512
v 0.12414000187536545 0.054596629042563245 -0.00918656591990051
v 0.11411226917536545 0.05849085004256325 -0.003903515619900516
v 0.12243735047536544 0.08227257804256324 -0.006348401319900512
v 0.12343161557536544 0.08160996064256325 -0.006539005819900516
v 0.11441938207536545 0.05866660924256325 -0.005262993319900516
v 0.12341429667536545 0.08121659234256325 -0.007651101819900516
v 0.13221900167536543 0.10071093964256325 -0.011467225819900513
v 0.13222433627536545 0.10039798544256325 -0.01260041821990051
v 0.09419510517536545 0.5844993632425632 -0.06363494274990052
v 0.09532879477536545 0.5842433612425633 -0.06375995510990051
v 0.09079639987536545 0.5811390322425632 -0.05542210491990052
v 0.08974680487536545 0.5815775432425633 -0.05542591491990051
v 0.08629498067536545 0.5791868602425633 -0.049044555019900515
v 0.08724604357536545 0.5789415872425633 -0.049690527819900514
v 0.09329669547536545 0.5729613342425632 -0.043345989619900514
v 0.09235423807536544 0.5731916462425632 -0.04268225091990051
v 0.09841350097536544 0.5671964322425632 -0.03631994501990051
v 0.09934736047536545 0.5669811402425633 -0.037001451519900516
v 0.10931829367536544 0.5986366312425633 -0.09519340841990051
v 0.10391675677536545 0.5926387942425633 -0.08624435771990051
v 0.10483140867536545 0.5930744442425633 -0.08564726261990051
v 0.10836183277536546 0.5981811922425633 -0.09570450151990051
v 0.11218826097536544 0.6029897372425632 -0.10496126491990052
v 0.11118806527536546 0.6025118862425632 -0.10535617921990051
v 0.10754867267536544 0.5990277562425632 -0.09577278421990051
v 0.11036842317536544 0.6033541602425633 -0.10538221521990052
v 0.11223907397536545 0.6066244882425632 -0.11683954301990052
v 0.11531263217536544 0.6071950832425632 -0.1291457377199005
v 0.11451190707536545 0.6080059442425633 -0.12913002821990052
v 0.11297191307536544 0.6057834662425633 -0.1172099896199005
v 0.11036842317536544 0.6033541602425633 -0.10538221521990052
v 0.11118806527536546 0.6025118862425632 -0.10535617921990051
v 0.11397660897536545 0.6062980332425633 -0.11754331741990051
v 0.11638543757536546 0.6077003512425633 -0.12911794711990052
v 0.11386472727536545 0.6074569862425633 -0.11737888301990052
v 0.11758748817536545 0.6024765412425632 -0.14200862501990053
v 0.11654594167536544 0.6019485032425632 -0.1418905407199005
v 0.11279079317536544 0.6076590452425632 -0.11694397781990051
v 0.11509111147536545 0.6090123692425633 -0.12909338991990052
v 0.11624687167536545 0.6088236012425633 -0.12908559661990052
v 0.11397660897536545 0.6062980332425633 -0.11754331741990051
v 0.11624687167536545 0.6088236012425633 -0.12908559661990052
v 0.11386472727536545 0.6074569862425633 -0.11737888301990052
v 0.11931854117536544 0.5918453972425632 -0.15196698901990052
v 0.11654594167536544 0.6019485032425632 -0.1418905407199005
v 0.11837796867536546 0.5912190112425633 -0.1516530067199005
v 0.11900682377536545 0.5926498812425632 -0.1526947766199005
v 0.11744472387536545 0.6034666932425633 -0.14252410831990053
v 0.11788251627536545 0.5925257842425633 -0.1528123840199005
v 0.11631894857536546 0.6035493052425632 -0.14272172751990053
v 0.12008302657536545 0.5814120212425632 -0.1583033725199005
v 0.11931854117536544 0.5918453972425632 -0.15196698901990052
v 0.11904827137536544 0.5808473262425633 -0.15814407171990053
v 0.11996768787536545 0.5717477832425633 -0.16357509791990052
v 0.11889558657536545 0.5712055602425632 -0.1634639576199005
v 0.11747470867536544 0.5916264692425632 -0.1522261053199005
v 0.11810897667536545 0.5811346212425632 -0.15936288981990052
v 0.11575854937536545 0.6026110682425633 -0.1423391923199005
v 0.11771438267536545 0.5717228692425632 -0.16484546661990052
v 0.11654594167536544 0.6019485032425632 -0.1418905407199005
v 0.11451190707536545 0.6080059442425633 -0.12913002821990052
v 0.11531263217536544 0.6071950832425632 -0.1291457377199005
v 0.11799394337536545 0.5601649922425632 -0.1695228738199005
v 0.11756704007536545 0.5623199382425632 -0.16974521381990051
v 0.11075073107536546 0.5653501192425633 -0.1704176888199005
v 0.11114156617536544 0.5661864322425633 -0.16975654681990052
v 0.10423743727536544 0.5713124312425633 -0.1689739228199005
v 0.10479312767536544 0.5720176732425633 -0.1682797078199005
v 0.10459836947536544 0.5715888182425632 -0.17003686681990052
v 0.11113641787536545 0.5655980742425633 -0.1714844708199005
v 0.10537679497536545 0.5724654832425633 -0.1699985488199005
v 0.11113641787536545 0.5655980742425633 -0.1714844708199005
v 0.11176536607536544 0.5665883462425633 -0.1714830548199005
v 0.10549753157536546 0.5727298892425633 -0.1689146978199005
v 0.11176942657536545 0.5669509802425633 -0.17041879881990052
v 0.10000773887536545 0.5776686702425633 -0.1666582301199005
v 0.09987914557536545 0.5774108212425633 -0.16775301101990053
v 0.11858804527536546 0.5596814792425633 -0.1704815478199005
v 0.11852811647536546 0.5615397732425632 -0.17129153781990053
v 0.11799394337536545 0.5601649922425632 -0.1695228738199005
v 0.11075073107536546 0.5653501192425633 -0.1704176888199005
v 0.11889558657536545 0.5712055602425632 -0.1634639576199005
v 0.11996768787536545 0.5717477832425633 -0.16357509791990052
v 0.11944781987536546 0.5726004282425633 -0.16502464561990052
v 0.12008302657536545 0.5814120212425632 -0.1583033725199005
v 0.11978257817536545 0.5820481222425632 -0.15962045641990052
v 0.11931854117536544 0.5918453972425632 -0.15196698901990052
v 0.11900682377536545 0.5926498812425632 -0.1526947766199005
v 0.11789707097536545 0.5631673972425633 -0.17084274481990053
v 0.11944781987536546 0.5726004282425633 -0.16502464561990052
v 0.11805692687536545 0.5725851692425632 -0.16581071911990053
v 0.11944781987536546 0.5726004282425633 -0.16502464561990052
v 0.11856298147536545 0.5818771162425632 -0.16027542201990053
v 0.11978257817536545 0.5820481222425632 -0.15962045641990052
v 0.11900682377536545 0.5926498812425632 -0.1526947766199005
v 0.11788251627536545 0.5925257842425633 -0.1528123840199005
v 0.11747470867536544 0.5916264692425632 -0.1522261053199005
v 0.11631894857536546 0.6035493052425632 -0.14272172751990053
v 0.11575854937536545 0.6026110682425633 -0.1423391923199005
v 0.11810897667536545 0.5811346212425632 -0.15936288981990052
v 0.11856298147536545 0.5818771162425632 -0.16027542201990053
v 0.11771438267536545 0.5717228692425632 -0.16484546661990052
v 0.11805692687536545 0.5725851692425632 -0.16581071911990053
v 0.11756704007536545 0.5623199382425632 -0.16974521381990051
v 0.11789707097536545 0.5631673972425633 -0.17084274481990053
v 0.11114156617536544 0.5661864322425633 -0.16975654681990052
v 0.11176942657536545 0.5669509802425633 -0.17041879881990052
v 0.11631894857536546 0.6035493052425632 -0.14272172751990053
v 0.11509111147536545 0.6090123692425633 -0.12909338991990052
v 0.11451190707536545 0.6080059442425633 -0.12913002821990052
v 0.11744472387536545 0.6034666932425633 -0.14252410831990053
v 0.11758748817536545 0.6024765412425632 -0.14200862501990053
v 0.11638543757536546 0.6077003512425633 -0.12911794711990052
v 0.11624687167536545 0.6088236012425633 -0.12908559661990052
v 0.11631894857536546 0.6035493052425632 -0.14272172751990053
v 0.11509111147536545 0.6090123692425633 -0.12909338991990052
v 0.11176942657536545 0.5669509802425633 -0.17041879881990052
v 0.11176536607536544 0.5665883462425633 -0.1714830548199005
v 0.11852811647536546 0.5615397732425632 -0.17129153781990053
v 0.11789707097536545 0.5631673972425633 -0.17084274481990053
v 0.10479312767536544 0.5720176732425633 -0.1682797078199005
v 0.11176942657536545 0.5669509802425633 -0.17041879881990052
v 0.11114156617536544 0.5661864322425633 -0.16975654681990052
v 0.10549753157536546 0.5727298892425633 -0.1689146978199005
v 0.09930682927536544 0.5769531762425633 -0.16603149471990053
v 0.10000773887536545 0.5776686702425633 -0.1666582301199005
v 0.09874559197536545 0.5762526432425632 -0.1667432040199005
v 0.09930682927536544 0.5769531762425633 -0.16603149471990053
v 0.10479312767536544 0.5720176732425633 -0.1682797078199005
v 0.10423743727536544 0.5713124312425633 -0.1689739228199005
v 0.09909949827536545 0.5765353482425633 -0.16780618581990053
v 0.10459836947536544 0.5715888182425632 -0.17003686681990052
v 0.09178281387536545 0.5883691942425633 -0.1604963839199005
v 0.09930682927536544 0.5769531762425633 -0.16603149471990053
v 0.09245603157536544 0.5890398062425632 -0.16117677841990052
v 0.09987914557536545 0.5774108212425633 -0.16775301101990053
v 0.08686712947536546 0.5966069142425633 -0.15537399051990053
v 0.08736794067536545 0.5974731482425633 -0.1559909060199005
v 0.09232891727536545 0.5887574592425633 -0.1623168140199005
v 0.10459836947536544 0.5715888182425632 -0.17003686681990052
v 0.09909949827536545 0.5765353482425633 -0.16780618581990053
v 0.09987914557536545 0.5774108212425633 -0.16775301101990053
v 0.09158402127536544 0.5878046792425633 -0.16243373601990052
v 0.09874559197536545 0.5762526432425632 -0.1667432040199005
v 0.09124447407536546 0.5875948112425633 -0.1612829417199005
v 0.08671713437536545 0.5961765092425633 -0.1572142988199005
v 0.08646500297536544 0.5958054102425633 -0.15613277251990051
v 0.09930682927536544 0.5769531762425633 -0.16603149471990053
v 0.09178281387536545 0.5883691942425633 -0.1604963839199005
v 0.07651808947536545 0.5948449412425633 -0.1589441672199005
v 0.08736794067536545 0.5974731482425633 -0.1559909060199005
v 0.07651481307536545 0.5956668892425633 -0.1597035974199005
v 0.08727514927536545 0.5972074902425633 -0.15712579341990052
v 0.07653214597536545 0.5955030952425633 -0.1607495099199005
v 0.09232891727536545 0.5887574592425633 -0.1623168140199005
v 0.08671713437536545 0.5961765092425633 -0.1572142988199005
v 0.08727514927536545 0.5972074902425633 -0.15712579341990052
v 0.07656197247536545 0.5943467652425632 -0.16082515571990053
v 0.09158402127536544 0.5878046792425633 -0.16243373601990052
v 0.09232891727536545 0.5887574592425633 -0.1623168140199005
v 0.08646500297536544 0.5958054102425633 -0.15613277251990051
v 0.07654836867536545 0.5939855612425633 -0.15967314691990053
v 0.06572282523536545 0.5934589542425632 -0.16372518241990053
v 0.06573133671536545 0.5930121582425633 -0.1626441926199005
v 0.05322873867536545 0.5920296942425632 -0.16634982821990052
v 0.053267252675365445 0.5915908852425632 -0.1652637124199005
v 0.07651808947536545 0.5948449412425633 -0.1589441672199005
v 0.06576272693536545 0.5939078962425632 -0.16188716891990051
v 0.08686712947536546 0.5966069142425633 -0.15537399051990053
v 0.07651808947536545 0.5948449412425633 -0.1589441672199005
v 0.09124447407536546 0.5875948112425633 -0.1612829417199005
v 0.053267252675365445 0.5915908852425632 -0.1652637124199005
v 0.05336681567536545 0.5924897232425632 -0.1645018980199005
v 0.06573133671536545 0.5930121582425633 -0.1626441926199005
v 0.04112509077536545 0.5901571552425633 -0.1660405323199005
v 0.05336681567536545 0.5924897232425632 -0.1645018980199005
v 0.04130081457536545 0.5910393632425632 -0.16528991611990052
v 0.03128598257536545 0.5891233122425632 -0.1657975018199005
v 0.04112509077536545 0.5901571552425633 -0.1660405323199005
v 0.03150088717536545 0.5899990242425632 -0.1650515348199005
v 0.02383377027536545 0.5884279052425633 -0.16511745001990052
v 0.024055041375365446 0.5893045102425633 -0.16437330091990052
v 0.01606065777536545 0.5879083312425633 -0.1635072678199005
v 0.016293164375365446 0.5887847582425633 -0.1627579480199005
v 0.008099641675365449 0.5875278152425633 -0.1623158231199005
v 0.00829975307536545 0.5884136002425633 -0.16156908121990052
v 0.04105860927536545 0.5906143222425633 -0.16711024941990052
v 0.04112509077536545 0.5901571552425633 -0.1660405323199005
v 0.05322873867536545 0.5920296942425632 -0.16634982821990052
v 0.03118691217536545 0.5895869772425633 -0.1668600440199005
v 0.04119337907536545 0.5917789972425632 -0.1670217514199005
v 0.03128598257536545 0.5891233122425632 -0.1657975018199005
v 0.05330422147536545 0.5932046812425632 -0.16625717281990052
v 0.023697499175365448 0.5888928812425632 -0.1661771759199005
v 0.06572282523536545 0.5934589542425632 -0.16372518241990053
v 0.02383377027536545 0.5884279052425633 -0.16511745001990052
v 0.015902403775365448 0.5883748572425632 -0.16457097981990051
v 0.01606065777536545 0.5879083312425633 -0.1635072678199005
v 0.007907371975365451 0.5879867712425633 -0.16338155421990053
v 0.06574882240536545 0.5946310202425632 -0.16363662481990052
v 0.07656197247536545 0.5943467652425632 -0.16082515571990053
v 0.07653214597536545 0.5955030952425633 -0.1607495099199005
v 0.06577358453536544 0.5949081812425633 -0.16250100731990053
v 0.07651481307536545 0.5956668892425633 -0.1597035974199005
v 0.008099641675365449 0.5875278152425633 -0.1623158231199005
v -0.0017774030246345551 0.5881848972425633 -0.1620266512199005
v -0.0017181933246345482 0.5876935762425632 -0.16096021231990051
v 0.00829975307536545 0.5884136002425633 -0.16156908121990052
v 0.0005353912753654488 0.5879163182425633 -0.1606214866199005
v 0.01071194557536545 0.5999177732425632 -0.1590492204199005
v 0.01143336297536545 0.5989899072425633 -0.15914123501990052
v 0.02163274957536545 0.6087786592425632 -0.15742234141990052
v 0.021591272175365446 0.6092906632425632 -0.15848040581990053
v 0.01064439867536545 0.6004102862425632 -0.1601155102199005
v 0.022364798975365446 0.6078596152425633 -0.15750632431990053
v 0.03180450577536545 0.6175916232425632 -0.1547400355199005
v 0.03255520017536545 0.6166889112425632 -0.1548026055199005
v 0.022364798975365446 0.6078596152425633 -0.15750632431990053
v 0.011811830075365445 0.5989096202425632 -0.16026607151990052
v 0.02277588847536545 0.6078039442425632 -0.1586178690199005
v 0.0018691196753654465 0.5885455052425632 -0.16148273641990052
v 0.0005353912753654488 0.5879163182425633 -0.1606214866199005
v 0.008231051275365449 0.5894202622425633 -0.16217268261990053
v 0.0018691196753654465 0.5885455052425632 -0.16148273641990052
v 0.01627894487536545 0.5897927922425632 -0.16336341951990052
v 0.016293164375365446 0.5887847582425633 -0.1627579480199005
v 0.02405554057536545 0.5903112922425633 -0.1649735272199005
v 0.024055041375365446 0.5893045102425633 -0.16437330091990052
v 0.02383469787536545 0.5900566612425633 -0.1660889983199005
v 0.016037199675365446 0.5895395912425633 -0.1644816175199005
v 0.008231051275365449 0.5894202622425633 -0.16217268261990053
v 0.007988579575365445 0.5891564522425633 -0.1632923856199005
v 0.008231051275365449 0.5894202622425633 -0.16217268261990053
v 0.0004394948753654454 0.5887115632425632 -0.1623469516199005
v 0.031534578675365445 0.5910037792425632 -0.16565421971990052
v 0.03150088717536545 0.5899990242425632 -0.1650515348199005
v 0.03134049847536545 0.5907490882425632 -0.1667715236199005
v 0.02383469787536545 0.5900566612425633 -0.1660889983199005
v 0.04119337907536545 0.5917789972425632 -0.1670217514199005
v 0.04134306127536545 0.5920415562425633 -0.16589738431990053
v 0.011324245475365445 0.5997870002425633 -0.1608664915199005
v 0.02229775487536545 0.6086884772425633 -0.1592182517199005
v 0.03302419927536545 0.6166797322425632 -0.1558817103199005
v 0.01064439867536545 0.6004102862425632 -0.1601155102199005
v 0.03256340327536545 0.6175769602425633 -0.1564859450199005
v 0.021591272175365446 0.6092906632425632 -0.15848040581990053
v 0.031809505075365445 0.6181403432425633 -0.1557803824199005
v 0.02163274957536545 0.6087786592425632 -0.15742234141990052
v 0.03180450577536545 0.6175916232425632 -0.1547400355199005
v 0.041764795775365446 0.6256668012425632 -0.15164624151990053
v 0.040937388275365444 0.6261697452425633 -0.15097683671990053
v 0.049538615175365446 0.6321853432425633 -0.14598441121990052
v 0.048609392675365445 0.6325973312425632 -0.14538672561990051
v -0.0017774030246345551 0.5881848972425633 -0.1620266512199005
v 0.007907371975365451 0.5879867712425633 -0.16338155421990053
v 0.015902403775365448 0.5883748572425632 -0.16457097981990051
v 0.016037199675365446 0.5895395912425633 -0.1644816175199005
v 0.023697499175365448 0.5888928812425632 -0.1661771759199005
v 0.03118691217536545 0.5895869772425633 -0.1668600440199005
v 0.03134049847536545 0.5907490882425632 -0.1667715236199005
v 0.04105860927536545 0.5906143222425633 -0.16711024941990052
v 0.04119337907536545 0.5917789972425632 -0.1670217514199005
v 0.06576272693536545 0.5939078962425632 -0.16188716891990051
v 0.07651481307536545 0.5956668892425633 -0.1597035974199005
v 0.07651808947536545 0.5948449412425633 -0.1589441672199005
v 0.06577358453536544 0.5949081812425633 -0.16250100731990053
v 0.05336681567536545 0.5924897232425632 -0.1645018980199005
v 0.05338889827536545 0.5934951942425633 -0.1651111617199005
v 0.06574882240536545 0.5946310202425632 -0.16363662481990052
v 0.05330422147536545 0.5932046812425632 -0.16625717281990052
v 0.04134306127536545 0.5920415562425633 -0.16589738431990053
v 0.04119337907536545 0.5917789972425632 -0.1670217514199005
v 0.04130081457536545 0.5910393632425632 -0.16528991611990052
v 0.04134306127536545 0.5920415562425633 -0.16589738431990053
v 0.05338889827536545 0.5934951942425633 -0.1651111617199005
v 0.05336681567536545 0.5924897232425632 -0.1645018980199005
v 0.03150088717536545 0.5899990242425632 -0.1650515348199005
v 0.031534578675365445 0.5910037792425632 -0.16565421971990052
v 0.04134306127536545 0.5920415562425633 -0.16589738431990053
v 0.04130081457536545 0.5910393632425632 -0.16528991611990052
v 0.01064439867536545 0.6004102862425632 -0.1601155102199005
v 0.01071194557536545 0.5999177732425632 -0.1590492204199005
v -0.0017181933246345482 0.5876935762425632 -0.16096021231990051
v -0.0017774030246345551 0.5881848972425633 -0.1620266512199005
v 0.011324245475365445 0.5997870002425633 -0.1608664915199005
v 0.01064439867536545 0.6004102862425632 -0.1601155102199005
v -0.0017774030246345551 0.5881848972425633 -0.1620266512199005
v 0.0004394948753654454 0.5887115632425632 -0.1623469516199005
v 0.03255520017536545 0.6166889112425632 -0.1548026055199005
v 0.02277588847536545 0.6078039442425632 -0.1586178690199005
v 0.022364798975365446 0.6078596152425633 -0.15750632431990053
v 0.03302419927536545 0.6166797322425632 -0.1558817103199005
v 0.04164150547536545 0.6246840992425633 -0.15001934761990052
v 0.04220001397536545 0.6247488302425632 -0.15105450901990053
v 0.03256340327536545 0.6175769602425633 -0.1564859450199005
v 0.041764795775365446 0.6256668012425632 -0.15164624151990053
v 0.04993809017536545 0.6312356632425632 -0.1454178542199005
v 0.049538615175365446 0.6321853432425633 -0.14598441121990052
v 0.05586910434536545 0.6364810502425633 -0.13787204031990052
v 0.055511705575365444 0.6374741232425633 -0.1384119689199005
v 0.048609392675365445 0.6325973312425632 -0.14538672561990051
v 0.05446201567536545 0.6377621922425633 -0.1379683241199005
v 0.05926349852536545 0.6419964472425632 -0.1298544705199005
v 0.04843471757536545 0.6319021622425632 -0.14445059741990052
v 0.05417068677536545 0.6369468012425632 -0.1371521055199005
v 0.04925590757536545 0.6310604852425632 -0.1444699764199005
v 0.055040285925365445 0.6361551322425633 -0.13709303731990052
v 0.05812641372536545 0.6421636972425633 -0.12960893661990053
v 0.06089512095536545 0.6460992132425633 -0.12241678311990051
v 0.05972660286536545 0.6461865342425632 -0.1223244108199005
v 0.05775890592536545 0.6412414352425633 -0.1289276108199005
v 0.05933918198536545 0.6452117602425632 -0.12171180541990051
v 0.061536905585365446 0.6503716742425633 -0.11447500061990051
v 0.06036110129536545 0.6504101192425632 -0.1144798659199005
v 0.06136421416536545 0.6548022072425632 -0.10592802241990051
v 0.05997028574536545 0.6494128142425633 -0.11387977751990051
v 0.060268213505365445 0.6445220742425632 -0.12142816561990051
v 0.06018970720536545 0.6548059022425633 -0.10600332541990051
v 0.060542299415365444 0.6593597572425632 -0.09666494651990051
v 0.06090458133536545 0.6487579382425632 -0.11350683121990052
v 0.05979950167536545 0.6537920872425632 -0.10540787131990051
v 0.06073280540536545 0.6531622442425632 -0.1049673110199005
v 0.05937210284536545 0.6593390142425632 -0.09679044971990051
v 0.058983881495365445 0.6583142322425632 -0.09619959261990052
v 0.05991409532536545 0.6577020322425633 -0.09571091081990052
v 0.059234697835365446 0.6650807302425632 -0.08697214351990051
v 0.058069002345365446 0.6650441322425632 -0.08713737871990052
v 0.05771195655536545 0.6718217772425632 -0.07487830006990051
v 0.05654927436536545 0.6717760002425632 -0.07506272661990052
v 0.05768280243536545 0.6640126142425632 -0.08655781111990052
v 0.058609812055365446 0.6634120382425632 -0.08603739181990051
v 0.05616444814536545 0.6707402502425632 -0.07450094073990052
v 0.05708935949536545 0.6701457542425633 -0.07397590483990052
v 0.06087719183536545 0.6583477892425632 -0.09599657351990051
v 0.06136421416536545 0.6548022072425632 -0.10592802241990051
v 0.06169990752536545 0.6537871992425632 -0.10528690741990052
v 0.05991409532536545 0.6577020322425633 -0.09571091081990052
v 0.058609812055365446 0.6634120382425632 -0.08603739181990051
v 0.06073280540536545 0.6531622442425632 -0.1049673110199005
v 0.059569017495365445 0.6640718022425632 -0.08629124051990052
v 0.060542299415365444 0.6593597572425632 -0.09666494651990051
v 0.05708935949536545 0.6701457542425633 -0.07397590483990052
v 0.059234697835365446 0.6650807302425632 -0.08697214351990051
v 0.058045780285365445 0.6708141002425633 -0.07420308934990051
v 0.05771195655536545 0.6718217772425632 -0.07487830006990051
v 0.05501836072536545 0.6756407652425632 -0.06353941326990051
v 0.05620175600536545 0.6757048402425633 -0.06491994740990051
v 0.05606606695536545 0.6783824602425632 -0.06768257025390051
v 0.05694356188536545 0.6776451502425632 -0.06783876777590052
v 0.05671415058536545 0.6801115912425633 -0.07023517484990051
v 0.05759316682536545 0.6793785132425633 -0.0703946722199005
v 0.061872789635365445 0.6493511832425632 -0.1138729863199005
v 0.06090458133536545 0.6487579382425632 -0.11350683121990052
v 0.061536905585365446 0.6503716742425633 -0.11447500061990051
v 0.06136421416536545 0.6548022072425632 -0.10592802241990051
v 0.06089512095536545 0.6460992132425633 -0.12241678311990051
v 0.06122982245536545 0.6450707952425633 -0.12186263871990051
v 0.060268213505365445 0.6445220742425632 -0.12142816561990051
v 0.059598810505365446 0.6409710682425632 -0.1293268576199005
v 0.05866890167536545 0.6405047212425633 -0.1287545971199005
v 0.05926349852536545 0.6419964472425632 -0.1298544705199005
v 0.055511705575365444 0.6374741232425633 -0.1384119689199005
v 0.05586910434536545 0.6364810502425633 -0.13787204031990052
v 0.055040285925365445 0.6361551322425633 -0.13709303731990052
v 0.04993809017536545 0.6312356632425632 -0.1454178542199005
v 0.04925590757536545 0.6310604852425632 -0.1444699764199005
v 0.04220001397536545 0.6247488302425632 -0.15105450901990053
v 0.04164150547536545 0.6246840992425633 -0.15001934761990052
v 0.04086109437536545 0.6255624332425632 -0.1499712840199005
v 0.03255520017536545 0.6166889112425632 -0.1548026055199005
v 0.03180450577536545 0.6175916232425632 -0.1547400355199005
v 0.04164150547536545 0.6246840992425633 -0.15001934761990052
v 0.04843471757536545 0.6319021622425632 -0.14445059741990052
v 0.04925590757536545 0.6310604852425632 -0.1444699764199005
v 0.048609392675365445 0.6325973312425632 -0.14538672561990051
v 0.04086109437536545 0.6255624332425632 -0.1499712840199005
v 0.040937388275365444 0.6261697452425633 -0.15097683671990053
v 0.04086109437536545 0.6255624332425632 -0.1499712840199005
v 0.03180450577536545 0.6175916232425632 -0.1547400355199005
v 0.031809505075365445 0.6181403432425633 -0.1557803824199005
v 0.05812641372536545 0.6421636972425633 -0.12960893661990053
v 0.05417068677536545 0.6369468012425632 -0.1371521055199005
v 0.05446201567536545 0.6377621922425633 -0.1379683241199005
v 0.05775890592536545 0.6412414352425633 -0.1289276108199005
v 0.055040285925365445 0.6361551322425633 -0.13709303731990052
v 0.05866890167536545 0.6405047212425633 -0.1287545971199005
v 0.05933918198536545 0.6452117602425632 -0.12171180541990051
v 0.056169063785365445 0.6759032052425632 -0.06703578831990051
v 0.05654927436536545 0.6717760002425632 -0.07506272661990052
v 0.05771195655536545 0.6718217772425632 -0.07487830006990051
v 0.054965374055365446 0.6759623922425633 -0.06697450042990051
v 0.05616444814536545 0.6707402502425632 -0.07450094073990052
v 0.05425427667536545 0.6758000292425632 -0.06481669796990051
v 0.05535744875536545 0.6769841352425633 -0.06850650667890051
v 0.05708935949536545 0.6701457542425633 -0.07397590483990052
v 0.05501836072536545 0.6756407652425632 -0.06353941326990051
v 0.05508576612536545 0.6779735122425633 -0.06809480547990052
v 0.05606606695536545 0.6783824602425632 -0.06768257025390051
v 0.05573315825536545 0.6797007952425632 -0.07064709066990052
v 0.05671415058536545 0.6801115912425633 -0.07023517484990051
v 0.05620175600536545 0.6757048402425633 -0.06491994740990051
v 0.05771195655536545 0.6718217772425632 -0.07487830006990051
v 0.058045780285365445 0.6708141002425633 -0.07420308934990051
v 0.056169063785365445 0.6759032052425632 -0.06703578831990051
v 0.05620175600536545 0.6757048402425633 -0.06491994740990051
v 0.05650567263536545 0.6767808832425632 -0.06834899305290051
v 0.054965374055365446 0.6759623922425633 -0.06697450042990051
v 0.05535744875536545 0.6769841352425633 -0.06850650667890051
v 0.05759316682536545 0.6793785132425633 -0.0703946722199005
v 0.05650567263536545 0.6767808832425632 -0.06834899305290051
v 0.05715527757536545 0.6785142462425633 -0.07090776785990051
v 0.056005680005365446 0.6787138622425632 -0.0710635983899005
v 0.05573315825536545 0.6797007952425632 -0.07064709066990052
v 0.05508576612536545 0.6779735122425633 -0.06809480547990052
v 0.05535744875536545 0.6769841352425633 -0.06850650667890051
v 0.05715527757536545 0.6785142462425633 -0.07090776785990051
v 0.056005680005365446 0.6787138622425632 -0.0710635983899005
v 0.05535744875536545 0.6769841352425633 -0.06850650667890051
v 0.05650567263536545 0.6767808832425632 -0.06834899305290051
v 0.03309681267536545 0.8337104952425632 -0.16330940271990052
v 0.03431230597536545 0.8269497792425633 -0.1674144938199005
v 0.033561192475365445 0.8266293442425633 -0.1665697247199005
v 0.03384269957536545 0.8341115152425632 -0.1641255021199005
v 0.03368730657536545 0.8272122182425633 -0.1683602478199005
v 0.03321119767536545 0.8344777262425632 -0.16504658011990053
v 0.033471301175365446 0.8407428302425632 -0.1604390740199005
v 0.032549995975365446 0.8270535502425632 -0.1681035384199005
v 0.03283340857536545 0.8412249722425632 -0.1613037884199005
v 0.033179897775365445 0.8466711682425633 -0.1563315540199005
v 0.032536603475365446 0.8472625652425633 -0.15712028741990053
v 0.03207491337536545 0.8343031442425632 -0.16480054701990052
v 0.03283340857536545 0.8412249722425632 -0.1613037884199005
v 0.03207491337536545 0.8343031442425632 -0.16480054701990052
v 0.031698495175365445 0.8410260122425632 -0.16106971351990051
v 0.03247210007536545 0.8266934192425632 -0.16699501131990052
v 0.032549995975365446 0.8270535502425632 -0.1681035384199005
v 0.03200420737536545 0.8338289302425632 -0.1637258678199005
v 0.033561192475365445 0.8266293442425633 -0.1665697247199005
v 0.03309681267536545 0.8337104952425632 -0.16330940271990052
v 0.03163500127536545 0.8404217992425632 -0.1600603461199005
v 0.03273069487536545 0.8402466212425632 -0.1596706360199005
v 0.03134550527536545 0.8463104402425633 -0.15598014741990052
v 0.03244381397536545 0.8460828102425633 -0.15562705691990053
v 0.03384269957536545 0.8341115152425632 -0.1641255021199005
v 0.03309681267536545 0.8337104952425632 -0.16330940271990052
v 0.033471301175365446 0.8407428302425632 -0.1604390740199005
v 0.03244381397536545 0.8460828102425633 -0.15562705691990053
v 0.033179897775365445 0.8466711682425633 -0.1563315540199005
v 0.032220806975365446 0.8514093202425632 -0.1508806571199005
v 0.031120892575365447 0.8516784942425633 -0.15119727701990052
v 0.03134550527536545 0.8463104402425633 -0.15598014741990052
v 0.032954201075365445 0.8520642552425632 -0.1515262574199005
v 0.032536603475365446 0.8472625652425633 -0.15712028741990053
v 0.032065603875365445 0.8567242662425633 -0.14523269231990052
v 0.032797511675365446 0.8574316542425633 -0.14582283051990053
v 0.03230749447536545 0.8527374302425632 -0.1522419005199005
v 0.03140289707536545 0.8470398222425632 -0.15690299871990052
v 0.03214880447536545 0.8581725992425633 -0.1464668289199005
v 0.03273620827536545 0.8625056782425633 -0.1392574310199005
v 0.03208670017536545 0.8633111752425633 -0.13981384041990053
v 0.03101601077536545 0.8579236302425632 -0.14627479761990053
v 0.03095409647536545 0.8630517762425632 -0.13963554051990051
v 0.03214821217536545 0.8678827322425633 -0.1323146075199005
v 0.031174395275365446 0.8524994292425633 -0.15203864871990053
v 0.031120892575365447 0.8516784942425633 -0.15119727701990052
v 0.03101601077536545 0.8579236302425632 -0.14627479761990053
v 0.030964605475365448 0.8570288452425633 -0.1455120072199005
v 0.03163500127536545 0.8404217992425632 -0.1600603461199005
v 0.031698495175365445 0.8410260122425632 -0.16106971351990051
v 0.03200420737536545 0.8338289302425632 -0.1637258678199005
v 0.03207491337536545 0.8343031442425632 -0.16480054701990052
v 0.031015492975365447 0.8676129612425633 -0.1321530938199005
v 0.03236049787536545 0.8716157712425633 -0.12400184571990051
v 0.03122720867536545 0.8713336622425633 -0.1238607019199005
v 0.03090360757536545 0.8620831412425632 -0.1389688104199005
v 0.03096399457536545 0.8665722642425633 -0.1316042319199005
v 0.03200500827536545 0.8617469702425632 -0.1387351230199005
v 0.03206499297536545 0.8662034902425633 -0.1314266175199005
v 0.03117210787536545 0.8702315132425632 -0.1234545149199005
v 0.032271407575365445 0.8698379432425632 -0.12334464861990052
v 0.031554207175365445 0.8727850352425632 -0.11455474791990052
v 0.03264999757536545 0.8723643462425632 -0.11452438311990051
v 0.032137207675365445 0.8739770692425632 -0.10492721941990052
v 0.03322920207536545 0.8735424912425632 -0.10496109351990052
v 0.03255461157536545 0.8744719062425632 -0.09801613161990051
v 0.03364549947536545 0.8740373292425633 -0.09806907921990052
v 0.03282610327536545 0.8748086732425633 -0.09157053381990052
v 0.033917296675365444 0.8743740952425633 -0.09161890301990051
v 0.032976001475365446 0.8747012652425632 -0.08552399091990051
v 0.03406719487536545 0.8742666882425633 -0.08556823991990051
v 0.03220819677536545 0.8751483592425633 -0.10501793021990051
v 0.03161650147536545 0.8739386242425633 -0.11479331921990052
v 0.03263010457536545 0.8756449852425633 -0.09802831891990052
v 0.03290340677536545 0.8759817522425632 -0.09154114131990052
v 0.03305420277536545 0.8758724962425632 -0.08545593541990051
v 0.03310690077536545 0.8756111302425632 -0.07978150711990051
v 0.03419380447536545 0.8761612212425632 -0.08545822461990052
v 0.03302839397536545 0.8744435352425632 -0.07988305391990051
v 0.03404230437536545 0.8762716692425633 -0.0915712770199005
v 0.03376770207536545 0.8759355582425632 -0.09808866861990051
v 0.033086206775365445 0.8752966562425633 -0.07421812414990052
v 0.03300769997536545 0.8741325772425632 -0.07434569717990051
v 0.033016398575365445 0.8750177062425633 -0.06891210912690052
v 0.03293819727536545 0.8738547002425633 -0.06905537482790051
v 0.034156000275365445 0.8753015432425633 -0.06885992403890051
v 0.03422590527536545 0.8755807912425633 -0.07417754502990051
v 0.034782107875365446 0.8743143122425633 -0.06897099374290051
v 0.03485189747536545 0.8745926062425633 -0.07427996023990051
v 0.03406170197536545 0.8748266732425632 -0.06375337950990051
v 0.03424669617536545 0.8758969342425632 -0.0797595726199005
v 0.03292210027536545 0.8745428362425632 -0.06380438198990052
v 0.034039709675365445 0.8742071422425632 -0.05916557646990051
v 0.03290010617536545 0.8739227692425633 -0.05921219288990051
v 0.03293819727536545 0.8738547002425633 -0.06905537482790051
v 0.03284410757536545 0.8733801282425633 -0.06396028864990051
v 0.034872706975365445 0.8749067822425632 -0.07984757791990052
v 0.03409900887536545 0.8736980002425633 -0.07438387721990052
v 0.03419380447536545 0.8761612212425632 -0.08545822461990052
v 0.03411970477536545 0.8740084802425633 -0.07992388591990052
v 0.03481991027536545 0.8751688042425633 -0.08552765291990051
v 0.03406719487536545 0.8742666882425633 -0.08556823991990051
v 0.034668905675365444 0.8752780592425633 -0.09161941891990051
v 0.033917296675365444 0.8743740952425633 -0.09161890301990051
v 0.03439529617536545 0.8749418892425632 -0.09811384421990052
v 0.03364549947536545 0.8740373292425633 -0.09806907921990052
v 0.03376770207536545 0.8759355582425632 -0.09808866861990051
v 0.03334409927536545 0.8754376212425633 -0.10510803381990051
v 0.033975202575365446 0.8744452032425633 -0.10507293791990052
v 0.032536603475365446 0.8472625652425633 -0.15712028741990053
v 0.031698495175365445 0.8410260122425632 -0.16106971351990051
v 0.03283340857536545 0.8412249722425632 -0.1613037884199005
v 0.030964605475365448 0.8570288452425633 -0.1455120072199005
v 0.031120892575365447 0.8516784942425633 -0.15119727701990052
v 0.032065603875365445 0.8567242662425633 -0.14523269231990052
v 0.03090360757536545 0.8620831412425632 -0.1389688104199005
v 0.03200500827536545 0.8617469702425632 -0.1387351230199005
v 0.03095409647536545 0.8630517762425632 -0.13963554051990051
v 0.03101601077536545 0.8579236302425632 -0.14627479761990053
v 0.03200500827536545 0.8617469702425632 -0.1387351230199005
v 0.032797511675365446 0.8574316542425633 -0.14582283051990053
v 0.03273620827536545 0.8625056782425633 -0.1392574310199005
v 0.03206499297536545 0.8662034902425633 -0.1314266175199005
v 0.03279690067536545 0.8670133982425633 -0.13186561311990053
v 0.03208670017536545 0.8633111752425633 -0.13981384041990053
v 0.03214821217536545 0.8678827322425633 -0.1323146075199005
v 0.032271407575365445 0.8698379432425632 -0.12334464861990052
v 0.03300579267536545 0.8706930912425632 -0.1236829385199005
v 0.03214821217536545 0.8678827322425633 -0.1323146075199005
v 0.03264999757536545 0.8723643462425632 -0.11452438311990051
v 0.033389609275365446 0.8732536472425633 -0.11474433911990051
v 0.03322920207536545 0.8735424912425632 -0.10496109351990052
v 0.033975202575365446 0.8744452032425633 -0.10507293791990052
v 0.03364549947536545 0.8740373292425633 -0.09806907921990052
v 0.03439529617536545 0.8749418892425632 -0.09811384421990052
v 0.033389609275365446 0.8732536472425633 -0.11474433911990051
v 0.03236049787536545 0.8716157712425633 -0.12400184571990051
v 0.03275080027536545 0.8742242492425633 -0.11491050571990051
v 0.034668905675365444 0.8752780592425633 -0.09161941891990051
v 0.03376770207536545 0.8759355582425632 -0.09808866861990051
v 0.03404230437536545 0.8762716692425633 -0.0915712770199005
v 0.03481991027536545 0.8751688042425633 -0.08552765291990051
v 0.03419380447536545 0.8761612212425632 -0.08545822461990052
v 0.03275080027536545 0.8742242492425633 -0.11491050571990051
v 0.033389609275365446 0.8732536472425633 -0.11474433911990051
v 0.03334409927536545 0.8754376212425633 -0.10510803381990051
v 0.03161650147536545 0.8739386242425633 -0.11479331921990052
v 0.03220819677536545 0.8751483592425633 -0.10501793021990051
v 0.03376770207536545 0.8759355582425632 -0.09808866861990051
v 0.03263010457536545 0.8756449852425633 -0.09802831891990052
v 0.03122720867536545 0.8713336622425633 -0.1238607019199005
v 0.03236049787536545 0.8716157712425633 -0.12400184571990051
v 0.03117210787536545 0.8702315132425632 -0.1234545149199005
v 0.03096399457536545 0.8665722642425633 -0.1316042319199005
v 0.031015492975365447 0.8676129612425633 -0.1321530938199005
v 0.03214880447536545 0.8581725992425633 -0.1464668289199005
v 0.03101601077536545 0.8579236302425632 -0.14627479761990053
v 0.031174395275365446 0.8524994292425633 -0.15203864871990053
v 0.03230749447536545 0.8527374302425632 -0.1522419005199005
v 0.03302839397536545 0.8744435352425632 -0.07988305391990051
v 0.03406719487536545 0.8742666882425633 -0.08556823991990051
v 0.032976001475365446 0.8747012652425632 -0.08552399091990051
v 0.03411970477536545 0.8740084802425633 -0.07992388591990052
v 0.03300769997536545 0.8741325772425632 -0.07434569717990051
v 0.03409900887536545 0.8736980002425633 -0.07438387721990052
v 0.03293819727536545 0.8738547002425633 -0.06905537482790051
v 0.034029506175365445 0.8734195272425632 -0.06909169076290052
v 0.03393551147536544 0.8729455512425632 -0.06400568363990052
v 0.03424669617536545 0.8758969342425632 -0.0797595726199005
v 0.03305420277536545 0.8758724962425632 -0.08545593541990051
v 0.03419380447536545 0.8761612212425632 -0.08545822461990052
v 0.03310690077536545 0.8756111302425632 -0.07978150711990051
v 0.03422590527536545 0.8755807912425633 -0.07417754502990051
v 0.034029506175365445 0.8734195272425632 -0.06909169076290052
v 0.03485189747536545 0.8745926062425633 -0.07427996023990051
v 0.03409900887536545 0.8736980002425633 -0.07438387721990052
v 0.034782107875365446 0.8743143122425633 -0.06897099374290051
v 0.03393551147536544 0.8729455512425632 -0.06400568363990052
v 0.03468799777536545 0.8738397392425632 -0.06387789127990051
v 0.03391359557536545 0.8723285232425633 -0.059435580859900514
v 0.034156000275365445 0.8753015432425633 -0.06885992403890051
v 0.03406170197536545 0.8748266732425632 -0.06375337950990051
v 0.03466610237536545 0.8732220572425633 -0.059303669259900514
v 0.034039709675365445 0.8742071422425632 -0.05916557646990051
v 0.03464420507536545 0.8725045952425633 -0.05496252881990051
v 0.034017698875365446 0.8734884892425633 -0.05481604481990052
v 0.03290010617536545 0.8739227692425633 -0.05921219288990051
v 0.032878097175365446 0.8732046522425633 -0.05486506411990051
v 0.032822210375365445 0.8727618492425633 -0.05937908589990051
v 0.03284410757536545 0.8733801282425633 -0.06396028864990051
v 0.03280020137536545 0.8720449842425633 -0.05504183661990052
v 0.03285610307536545 0.8723056352425632 -0.05058656631990051
v 0.03277830407536545 0.8711496032425633 -0.05077906511990051
v 0.032822210375365445 0.8727618492425633 -0.05937908589990051
v 0.03393551147536544 0.8729455512425632 -0.06400568363990052
v 0.03284410757536545 0.8733801282425633 -0.06396028864990051
v 0.03391359557536545 0.8723285232425633 -0.059435580859900514
v 0.03280020137536545 0.8720449842425633 -0.05504183661990052
v 0.03389170017536545 0.8716122542425633 -0.055102032619900515
v 0.03277830407536545 0.8711496032425633 -0.05077906511990051
v 0.033869802975365446 0.8707174692425632 -0.05084517411990051
v 0.03384800257536545 0.8697186742425632 -0.04658031831990051
v 0.03462219427536545 0.8716073672425633 -0.05069345421990051
v 0.03460029887536545 0.8706036842425633 -0.04641121811990051
v 0.03283409397536545 0.8712974822425632 -0.04629066961990051
v 0.03275640677536545 0.8701471132425632 -0.04650574551990051
v 0.03285610307536545 0.8723056352425632 -0.05058656631990051
v 0.032812103675365446 0.8702607792425633 -0.04208147901990052
v 0.032734509575365445 0.8691171442425633 -0.04232548731990052
v 0.03278999777536545 0.8688856402425632 -0.03748843071990052
v 0.03271270917536545 0.8677455222425633 -0.037766523619900516
v 0.03392950257536545 0.8691644702425633 -0.03741434591990051
v 0.032767910475365446 0.8673947492425632 -0.03331444411990051
v 0.03269090877536545 0.8662686382425633 -0.033644549519900514
v 0.03395161037536545 0.8705406222425632 -0.04201585241990051
v 0.03397369567536545 0.8715800682425633 -0.04623226631990052
v 0.03399570657536545 0.8725894132425632 -0.05053369511990051
v 0.032878097175365446 0.8732046522425633 -0.05486506411990051
v 0.034017698875365446 0.8734884892425633 -0.05481604481990052
v 0.03462219427536545 0.8716073672425633 -0.05069345421990051
v 0.03464420507536545 0.8725045952425633 -0.05496252881990051
v 0.03269090877536545 0.8662686382425633 -0.033644549519900514
v 0.03380430487536545 0.8673213162425633 -0.037864420519900514
v 0.03378259947536545 0.8658474722425632 -0.033758550919900515
v 0.03264759477536545 0.8647363222425632 -0.029903039319900515
v 0.03373960777536544 0.8643218912425632 -0.03003542871990051
v 0.03272381047536545 0.8658386502425632 -0.029499538219900513
v 0.032767910475365446 0.8673947492425632 -0.03331444411990051
v 0.03386289817536545 0.8661053812425632 -0.029382541819900514
v 0.03377519917536545 0.8648010532425633 -0.025531228619900516
v 0.03263679887536545 0.8645459452425632 -0.025676414419900512
v 0.033907301675365445 0.8676700032425633 -0.03322445601990051
v 0.03278999777536545 0.8688856402425632 -0.03748843071990052
v 0.03392950257536545 0.8691644702425633 -0.03741434591990051
v 0.03453449527536545 0.8667135872425632 -0.03349894281990051
v 0.03455641117536545 0.8681978022425633 -0.03764681701990051
v 0.03395161037536545 0.8705406222425632 -0.04201585241990051
v 0.034578401575365444 0.8695707952425632 -0.04221937991990051
v 0.03380430487536545 0.8673213162425633 -0.037864420519900514
v 0.03382610527536545 0.8686907922425633 -0.04241078341990051
v 0.03460029887536545 0.8706036842425633 -0.04641121811990051
v 0.03384800257536545 0.8697186742425632 -0.04658031831990051
v 0.03397369567536545 0.8715800682425633 -0.04623226631990052
v 0.03397369567536545 0.8715800682425633 -0.04623226631990052
v 0.03399570657536545 0.8725894132425632 -0.05053369511990051
v 0.03462219427536545 0.8716073672425633 -0.05069345421990051
v 0.03389170017536545 0.8716122542425633 -0.055102032619900515
v 0.03464420507536545 0.8725045952425633 -0.05496252881990051
v 0.03466610237536545 0.8732220572425633 -0.059303669259900514
v 0.03391359557536545 0.8723285232425633 -0.059435580859900514
v 0.033869802975365446 0.8707174692425632 -0.05084517411990051
v 0.03462219427536545 0.8716073672425633 -0.05069345421990051
v 0.03464420507536545 0.8725045952425633 -0.05496252881990051
v 0.03389170017536545 0.8716122542425633 -0.055102032619900515
v 0.03275640677536545 0.8701471132425632 -0.04650574551990051
v 0.03277830407536545 0.8711496032425633 -0.05077906511990051
v 0.03384800257536545 0.8697186742425632 -0.04658031831990051
v 0.032734509575365445 0.8691171442425633 -0.04232548731990052
v 0.03382610527536545 0.8686907922425633 -0.04241078341990051
v 0.03271270917536545 0.8677455222425633 -0.037766523619900516
v 0.03380430487536545 0.8673213162425633 -0.037864420519900514
v 0.03378259947536545 0.8658474722425632 -0.033758550919900515
v 0.03455641117536545 0.8681978022425633 -0.03764681701990051
v 0.03380430487536545 0.8673213162425633 -0.037864420519900514
v 0.03453449527536545 0.8667135872425632 -0.03349894281990051
v 0.03373960777536544 0.8643218912425632 -0.03003542871990051
v 0.03449070267536545 0.8651678602425632 -0.02971373501990051
v 0.033907301675365445 0.8676700032425633 -0.03322445601990051
v 0.033654713975365444 0.8630651872425632 -0.02630212161990051
v 0.03386289817536545 0.8661053812425632 -0.029382541819900514
v 0.034404396975365445 0.8638853472425633 -0.025917924919900512
v 0.033534608775365446 0.8615928922425633 -0.02264653521990051
v 0.03377519917536545 0.8648010532425633 -0.025531228619900516
v 0.03428261357536545 0.8623893892425633 -0.022213030619900515
v 0.03365200567536544 0.8632835782425633 -0.021782532319900516
v 0.03263679887536545 0.8645459452425632 -0.025676414419900512
v 0.03251431137536545 0.8630394372425633 -0.02194993201990051
v 0.03413240987536545 0.8601725732425632 -0.017716124619900513
v 0.03350050557536545 0.8610490602425632 -0.017252828919900515
v 0.03251431137536545 0.8630394372425633 -0.02194993201990051
v 0.03396110977536545 0.8581321872425632 -0.014230329519900511
v 0.03236349297536545 0.8608140982425633 -0.017436925319900515
v 0.03332800417536545 0.8589952032425633 -0.013743925819900513
v 0.03244169797536545 0.8619940322425632 -0.022483933719900512
v 0.033654713975365444 0.8630651872425632 -0.02630212161990051
v 0.032562300575365445 0.8634729422425632 -0.026152811919900515
v 0.03373960777536544 0.8643218912425632 -0.03003542871990051
v 0.03264759477536545 0.8647363222425632 -0.029903039319900515
v 0.03263679887536545 0.8645459452425632 -0.025676414419900512
v 0.03272381047536545 0.8658386502425632 -0.029499538219900513
v 0.03332800417536545 0.8589952032425633 -0.013743925819900513
v 0.03350050557536545 0.8610490602425632 -0.017252828919900515
v 0.03377560337536545 0.8560032882425632 -0.010780528219900512
v 0.03314181047536545 0.8568583762425632 -0.010280735819900515
v 0.032191604375365446 0.8587669772425632 -0.013939820219900513
v 0.03200569377536545 0.8566337862425633 -0.010483428819900512
v 0.03212231027536545 0.8577623402425633 -0.01454722511990051
v 0.03193750977536545 0.8556407132425633 -0.011108428219900511
v 0.03181009737536545 0.8544248972425632 -0.0069959275199005105
v 0.03174601127536545 0.8534795082425632 -0.00769643111990051
v 0.03303129597536545 0.8552507202425632 -0.01129202921990051
v 0.03321600337536545 0.8573704992425633 -0.014726728219900516
v 0.03377560337536545 0.8560032882425632 -0.010780528219900512
v 0.03284250947536545 0.8531212252425633 -0.007929328819900515
v 0.03358440847536545 0.8538450632425633 -0.007372830019900516
v 0.03284519537536545 0.8505790862425633 -0.004961825919900506
v 0.03314181047536545 0.8568583762425632 -0.010280735819900515
v 0.03358709627536545 0.8512687722425633 -0.004364930119900509
v 0.032946307175365445 0.8546507392425633 -0.006795931619900511
v 0.03294901547536545 0.8520146642425632 -0.003717929119900515
v 0.03358980637536545 0.8486430682425632 -0.001373931719900509
v 0.03295170517536545 0.8493772782425633 -0.0007135346199005077
v 0.03181280937536545 0.8517857822425633 -0.003914929919900514
v 0.031815513975365445 0.8491520922425633 -0.0009146333199005069
v 0.03200569377536545 0.8566337862425633 -0.010483428819900512
v 0.03181009737536545 0.8544248972425632 -0.0069959275199005105
v 0.032191604375365446 0.8587669772425632 -0.013939820219900513
v 0.03332800417536545 0.8589952032425633 -0.013743925819900513
v 0.03174601127536545 0.8534795082425632 -0.00769643111990051
v 0.03181009737536545 0.8544248972425632 -0.0069959275199005105
v 0.031748700875365445 0.8508989252425633 -0.004683733019900507
v 0.03294901547536545 0.8520146642425632 -0.003717929119900515
v 0.03181009737536545 0.8544248972425632 -0.0069959275199005105
v 0.03181280937536545 0.8517857822425633 -0.003914929919900514
v 0.031751405475365445 0.8482793012425632 -0.0016993359199005131
v 0.03284790737536545 0.8479643502425632 -0.00198323281990051
v 0.03175410257536545 0.8456022772425632 0.0012046694800994934
v 0.03285061567536545 0.8452965062425633 0.0009111687800994889
v 0.03175671397536545 0.8428385892425633 0.003991164280099491
v 0.03285330157536545 0.8425456322425633 0.0036846622800994905
v 0.03175939987536545 0.8399565252425633 0.006623268080099484
v 0.032855898175365446 0.8396812712425632 0.006300963480099481
v 0.031815513975365445 0.8491520922425633 -0.0009146333199005069
v 0.031748700875365445 0.8508989252425633 -0.004683733019900507
v 0.031751405475365445 0.8482793012425632 -0.0016993359199005131
v 0.03181820367536545 0.8464512862425633 0.0020159706800994825
v 0.03175410257536545 0.8456022772425632 0.0012046694800994934
v 0.03182091187536545 0.8436510002425632 0.00483855608009949
v 0.03175410257536545 0.8456022772425632 0.0012046694800994934
v 0.032957103075365445 0.8438609282425632 0.0050558671800994825
v 0.03295441347536545 0.8466697972425632 0.0022239684800994808
v 0.03295441347536545 0.8466697972425632 0.0022239684800994808
v 0.031815513975365445 0.8491520922425633 -0.0009146333199005069
v 0.03359249607536545 0.8459562692425633 0.001541174980099494
v 0.03358980637536545 0.8486430682425632 -0.001373931719900509
v 0.03359520437536545 0.8431773822425632 0.0043426602800994835
v 0.032957103075365445 0.8438609282425632 0.0050558671800994825
v 0.03359249607536545 0.8459562692425633 0.001541174980099494
v 0.03284790737536545 0.8479643502425632 -0.00198323281990051
v 0.03358709627536545 0.8512687722425633 -0.004364930119900509
v 0.03284519537536545 0.8505790862425633 -0.004961825919900506
v 0.03285061567536545 0.8452965062425633 0.0009111687800994889
v 0.03359249607536545 0.8459562692425633 0.001541174980099494
v 0.03285330157536545 0.8425456322425633 0.0036846622800994905
v 0.03359520437536545 0.8431773822425632 0.0043426602800994835
v 0.032855898175365446 0.8396812712425632 0.006300963480099481
v 0.033597798975365446 0.8402757682425632 0.006993062780099493
v 0.03295990447536545 0.8409184252425632 0.007743060580099492
v 0.03341949917536545 0.8360012802425633 0.009927414380099489
v 0.03278160837536545 0.8365268152425632 0.010764509480099493
v 0.03251431137536545 0.8630394372425633 -0.02194993201990051
v 0.032562300575365445 0.8634729422425632 -0.026152811919900515
v 0.03263679887536545 0.8645459452425632 -0.025676414419900512
v 0.03244169797536545 0.8619940322425632 -0.022483933719900512
v 0.03229281307536545 0.8597917592425632 -0.01801412921990051
v 0.033534608775365446 0.8615928922425633 -0.02264653521990051
v 0.03338600697536545 0.8593956272425632 -0.018186628819900512
v 0.03212231027536545 0.8577623402425633 -0.01454722511990051
v 0.03321600337536545 0.8573704992425633 -0.014726728219900516
v 0.03338600697536545 0.8593956272425632 -0.018186628819900512
v 0.03428261357536545 0.8623893892425633 -0.022213030619900515
v 0.033534608775365446 0.8615928922425633 -0.02264653521990051
v 0.03413240987536545 0.8601725732425632 -0.017716124619900513
v 0.03321600337536545 0.8573704992425633 -0.014726728219900516
v 0.03396110977536545 0.8581321872425632 -0.014230329519900511
v 0.032191604375365446 0.8587669772425632 -0.013939820219900513
v 0.03212231027536545 0.8577623402425633 -0.01454722511990051
v 0.03229281307536545 0.8597917592425632 -0.01801412921990051
v 0.03236349297536545 0.8608140982425633 -0.017436925319900515
v 0.03193750977536545 0.8556407132425633 -0.011108428219900511
v 0.03212231027536545 0.8577623402425633 -0.01454722511990051
v 0.03303129597536545 0.8552507202425632 -0.01129202921990051
v 0.03174601127536545 0.8534795082425632 -0.00769643111990051
v 0.03284250947536545 0.8531212252425633 -0.007929328819900515
v 0.031748700875365445 0.8508989252425633 -0.004683733019900507
v 0.03284519537536545 0.8505790862425633 -0.004961825919900506
v 0.03284250947536545 0.8531212252425633 -0.007929328819900515
v 0.03174601127536545 0.8534795082425632 -0.00769643111990051
v 0.03182369467536545 0.8407213132425633 0.0075145587800994895
v 0.03175939987536545 0.8399565252425633 0.006623268080099484
v 0.03175671397536545 0.8428385892425633 0.003991164280099491
v 0.03182091187536545 0.8436510002425632 0.00483855608009949
v 0.03295990447536545 0.8409184252425632 0.007743060580099492
v 0.03182091187536545 0.8436510002425632 0.00483855608009949
v 0.032957103075365445 0.8438609282425632 0.0050558671800994825
v 0.03182369467536545 0.8407213132425633 0.0075145587800994895
v 0.03278160837536545 0.8365268152425632 0.010764509480099493
v 0.03164529797536545 0.8363711872425632 0.010505512380099488
v 0.03158109637536545 0.8357493912425632 0.009508214880099494
v 0.032855898175365446 0.8396812712425632 0.006300963480099481
v 0.032677616875365446 0.8355211052425633 0.00915091488009949
v 0.03164113687536545 0.8309712442425633 0.01365631078009949
v 0.03158093987536545 0.8305415552425632 0.012562699580099493
v 0.03193226087536545 0.8236764702425633 0.01700808108009949
v 0.03187894077536545 0.8233865532425633 0.015869684480099483
v 0.033063653875365445 0.8236897622425633 0.017327085180099483
v 0.032775629275365446 0.8310469422425633 0.013955600580099481
v 0.03382779097536545 0.8168678322425632 0.019337125080099493
v 0.03269837427536545 0.8168843422425632 0.019011430480099484
v 0.03187894077536545 0.8233865532425633 0.015869684480099483
v 0.03264977407536545 0.8166645802425633 0.017857521780099486
v 0.03297756237536545 0.8232217472425633 0.015484988680099482
v 0.03263959287536545 0.8088305632425632 0.018963515780099485
v 0.03374918177536545 0.8165118732425632 0.017470121380099485
v 0.03275951367536545 0.8114012512425632 0.018718011680099483
v 0.03377388977536545 0.8169557492425632 0.01738602668009949
v 0.03164529797536545 0.8363711872425632 0.010505512380099488
v 0.032775629275365446 0.8310469422425633 0.013955600580099481
v 0.03278160837536545 0.8365268152425632 0.010764509480099493
v 0.033063653875365445 0.8236897622425633 0.017327085180099483
v 0.034477183575365444 0.8166375792425632 0.018384635480099484
v 0.03370975707536544 0.8234091442425633 0.01638567448009949
v 0.032775629275365446 0.8310469422425633 0.013955600580099481
v 0.03341662887536545 0.8306636252425632 0.013047002280099487
v 0.03297756237536545 0.8232217472425633 0.015484988680099482
v 0.032678231575365445 0.8303517142425633 0.012186102580099487
v 0.03374918177536545 0.8165118732425632 0.017470121380099485
v 0.03377388977536545 0.8169557492425632 0.01738602668009949
v 0.03455285167536545 0.8201678432425632 0.017722420380099482
v 0.03346416727536545 0.8160499972425632 0.017643533680099494
v 0.03346737477536545 0.8163763322425632 0.018772929880099487
v 0.035415651275365445 0.8216791192425632 0.014944449080099481
v 0.03545614707536544 0.8221122662425633 0.016037248080099487
v 0.03455285167536545 0.8201678432425632 0.017722420380099482
v 0.03382779097536545 0.8168678322425632 0.019337125080099493
v 0.03380938987536545 0.8121328982425633 0.01923803988009949
v 0.03455285167536545 0.8201678432425632 0.017722420380099482
v 0.03453188947536545 0.8161450662425632 0.019214920680099487
v 0.03346737477536545 0.8163763322425632 0.018772929880099487
v 0.03545614707536544 0.8221122662425633 0.016037248080099487
v 0.036528158975365446 0.8219021592425633 0.01647184048009949
v 0.033597798975365446 0.8402757682425632 0.006993062780099493
v 0.032855898175365446 0.8396812712425632 0.006300963480099481
v 0.032677616875365446 0.8355211052425633 0.00915091488009949
v 0.03341949917536545 0.8360012802425633 0.009927414380099489
v 0.032678231575365445 0.8303517142425633 0.012186102580099487
v 0.03341662887536545 0.8306636252425632 0.013047002280099487
v 0.03278160837536545 0.8365268152425632 0.010764509480099493
v 0.032775629275365446 0.8310469422425633 0.013955600580099481
v 0.03158109637536545 0.8357493912425632 0.009508214880099494
v 0.03158093987536545 0.8305415552425632 0.012562699580099493
v 0.032678231575365445 0.8303517142425633 0.012186102580099487
v 0.03297756237536545 0.8232217472425633 0.015484988680099482
v 0.03380938987536545 0.8121328982425633 0.01923803988009949
v 0.03269837427536545 0.8168843422425632 0.019011430480099484
v 0.03382779097536545 0.8168678322425632 0.019337125080099493
v 0.03263959287536545 0.8088305632425632 0.018963515780099485
v 0.03453188947536545 0.8161450662425632 0.019214920680099487
v 0.03518657947536545 0.8156756792425632 0.01835861798009948
v 0.036528158975365446 0.8219021592425633 0.01647184048009949
v 0.037150163175365444 0.8213396112425633 0.015647634880099487
v 0.03275951367536545 0.8114012512425632 0.018718011680099483
v 0.034526681575365446 0.8156164922425633 0.017387434880099487
v 0.03346416727536545 0.8160499972425632 0.017643533680099494
v 0.03377388977536545 0.8169557492425632 0.01738602668009949
v 0.036462563975365445 0.8212018052425633 0.014703646280099486
v 0.035415651275365445 0.8216791192425632 0.014944449080099481
v 0.034526681575365446 0.8156164922425633 0.017387434880099487
v 0.03518657947536545 0.8156756792425632 0.01835861798009948
v 0.037150163175365444 0.8213396112425633 0.015647634880099487
v 0.036462563975365445 0.8212018052425633 0.014703646280099486
v 0.07000258145536545 0.7751722972425632 -0.03474736211990051
v 0.07037716591536544 0.7823622262425632 -0.032021984419900514
v 0.06920996867536544 0.7822468912425633 -0.031940579419900514
v 0.07116785738536545 0.7753102222425633 -0.03481965141990051
v 0.07084705540536544 0.7820277842425633 -0.030997280019900514
v 0.07164298230536545 0.7749140892425632 -0.03381935881990051
v 0.07092522829536545 0.7683355842425632 -0.03805066461990052
v 0.07208893960536544 0.7684894242425633 -0.038115154919900515
v 0.07120041549536545 0.7618066702425632 -0.04188796501990051
v 0.07208893960536544 0.7684894242425633 -0.038115154919900515
v 0.07236302085536545 0.7619702252425632 -0.04194646331990051
v 0.07208893960536544 0.7684894242425633 -0.038115154919900515
v 0.07164298230536545 0.7749140892425632 -0.03381935881990051
v 0.07257092650536545 0.7680230772425632 -0.037148851919900513
v 0.07077129092536545 0.7745314282425633 -0.03312886131990051
v 0.07170502375536544 0.7675805722425633 -0.036487158419900516
v 0.06997035676536545 0.7817060982425632 -0.03028248251990051
v 0.07084705540536544 0.7820277842425633 -0.030997280019900514
v 0.07264199014536545 0.7558209332425633 -0.04635233801990051
v 0.07285332400536546 0.7614252012425633 -0.04102635751990051
v 0.07314148638536545 0.7551910322425632 -0.04549277761990051
v 0.07226980384536545 0.7500958482425633 -0.051382260419900516
v 0.07199371512536545 0.7609247002425632 -0.040399050319900515
v 0.07228790968536544 0.7546337882425632 -0.04490596241990051
v 0.07277651037536545 0.7493963872425633 -0.05058418211990051
v 0.07207500189536545 0.7475079332425633 -0.053979648319900514
v 0.07091258699536544 0.7473419342425632 -0.05392227601990052
v 0.07110758032536545 0.7499285972425632 -0.05132667901990051
v 0.07074830261536545 0.7449640072425633 -0.056444853519900515
v 0.07191078877536544 0.7451282182425633 -0.05650405771990051
v 0.07056482043536545 0.7427673372425633 -0.05889854300990051
v 0.07258529402536545 0.7467700282425632 -0.05321975611990051
v 0.07192739658536546 0.7487958112425632 -0.05003517121990052
v 0.07173820678536545 0.7461481132425632 -0.052692646119900516
v 0.07242287788536544 0.7443689142425632 -0.05576675291990051
v 0.07258529402536545 0.7467700282425632 -0.05321975611990051
v 0.07157688820536545 0.7437359732425632 -0.055251845119900514
v 0.07192739658536546 0.7487958112425632 -0.05003517121990052
v 0.07070450019536545 0.7465015092425632 -0.053126873419900515
v 0.07172749703536545 0.7429302972425632 -0.05895927361990051
v 0.07003720011536545 0.7385798732425632 -0.06427804380990051
v 0.07119991956536545 0.7387416402425633 -0.06434014695990051
v 0.06986378878536545 0.7366351522425633 -0.06663853057990052
v 0.07126099290536544 0.7549194732425633 -0.04540286401990051
v 0.07089590281536545 0.7491253652425632 -0.05049407851990051
v 0.07102666096536545 0.7367962632425632 -0.06670162558990052
v 0.07171482732536545 0.7379481832425633 -0.06364182382990051
v 0.07154233194536545 0.7359912432425633 -0.06601734528990051
v 0.07127638533536546 0.7323944012425633 -0.07240886566990051
v 0.06909022526536544 0.7323642412425633 -0.07235133042990051
v 0.07221831986536545 0.7322863972425633 -0.07133843283990052
v 0.07061437331536545 0.7321901362425632 -0.07061881897990051
v 0.06994494143536545 0.7280621562425632 -0.06819791674616052
v 0.07087189378536544 0.7353334462425632 -0.06553132412990051
v 0.06945692747536544 0.7270923292425633 -0.06864815115090052
v 0.06829031673536545 0.7272369302425632 -0.06864393589790051
v 0.06763707846536544 0.7227016132425632 -0.060572108249900516
v 0.06880315486536545 0.7225764432425632 -0.06049098865990051
v 0.06762267788536545 0.7229908742425633 -0.05187688771990051
v 0.06868114182536544 0.7322379982425632 -0.07124487752990051
v 0.06966088479536545 0.7357312482425632 -0.06591514939990051
v 0.06805731495536545 0.7282962242425632 -0.06819091200850051
v 0.06907992064536544 0.7288063202425632 -0.06791515232190051
v 0.06929109292536545 0.7236401472425632 -0.060601800679900515
v 0.06907992064536544 0.7288063202425632 -0.06791515232190051
v 0.06842656806536544 0.7244224582425632 -0.060751556419900515
v 0.06878787698536545 0.7229054612425633 -0.051746921619900514
v 0.06778163625536544 0.7260254062425633 -0.04521956291990051
v 0.06927566230536544 0.7238765392425632 -0.05219449851990052
v 0.06894999230536544 0.7259472642425633 -0.04507456721990051
v 0.06784491264536545 0.7311702412425632 -0.039128307219900516
v 0.06901556672536545 0.7311012182425632 -0.03896622171990051
v 0.06804907042536545 0.7358304302425632 -0.03417440871990051
v 0.06921817967536545 0.7357760702425632 -0.03398281711990051
v 0.06775359832536546 0.7415594492425632 -0.030073761919900514
v 0.06955550890536545 0.7320747412425632 -0.039408611119900516
v 0.06977232638536544 0.7367550772425633 -0.03441582251990051
v 0.06891480646536545 0.7415307802425632 -0.029832959219900514
v 0.06718560424536545 0.7455969492425633 -0.026614371719900512
v 0.06833430496536545 0.7455945052425632 -0.026321269619900514
v 0.06946715060536544 0.7425201572425633 -0.030245061919900514
v 0.06886463379536545 0.7465961012425633 -0.026710368719900512
v 0.06755187711536545 0.7496320042425633 -0.023088764419900515
v 0.06804903713536545 0.7506427202425633 -0.023459456819900512
v 0.06655800063536545 0.7532920872425632 -0.01989065481990051
v 0.06702579697536545 0.7543095392425633 -0.02024745191990051
v 0.06544189661536545 0.7532560862425632 -0.020258352119900513
v 0.06735930172536544 0.7496130502425632 -0.023424152319900512
v 0.06416533680736544 0.7560948172425632 -0.01746307681990051
v 0.06527316302536545 0.7561418452425632 -0.017072584519900513
v 0.06267620774536545 0.7593255672425633 -0.013477232319900515
v 0.06377880781636545 0.7593799272425632 -0.013073131419900512
v 0.05968342069536545 0.7624642882425633 -0.009885352119900513
v 0.06078434199536545 0.7625204962425632 -0.00947685541990051
v 0.06863978086536544 0.7431610262425632 -0.03074057031990051
v 0.06893593026536544 0.7374142442425633 -0.03487491981990051
v 0.06977232638536544 0.7367550772425633 -0.03441582251990051
v 0.06975749693536545 0.7746913472425633 -0.03370236981990051
v 0.06920996867536544 0.7822468912425633 -0.031940579419900514
v 0.06895858468536545 0.7818415802425632 -0.030865386119900515
v 0.07000258145536545 0.7751722972425632 -0.03474736211990051
v 0.07068802555536545 0.7677740492425632 -0.03704455871990051
v 0.07092522829536545 0.7683355842425632 -0.03805066461990052
v 0.07077129092536545 0.7745314282425633 -0.03312886131990051
v 0.06895858468536545 0.7818415802425632 -0.030865386119900515
v 0.06997035676536545 0.7817060982425632 -0.03028248251990051
v 0.06975749693536545 0.7746913472425633 -0.03370236981990051
v 0.07068802555536545 0.7677740492425632 -0.03704455871990051
v 0.07199371512536545 0.7609247002425632 -0.040399050319900515
v 0.07097213948536545 0.7611603182425632 -0.04093156191990051
v 0.07092522829536545 0.7683355842425632 -0.03805066461990052
v 0.07120041549536545 0.7618066702425632 -0.04188796501990051
v 0.07147979922536545 0.7556530872425632 -0.046296838719900514
v 0.07110758032536545 0.7499285972425632 -0.05132667901990051
v 0.07091258699536544 0.7473419342425632 -0.05392227601990052
v 0.07054188940536545 0.7441034352425633 -0.05567096641990051
v 0.07074830261536545 0.7449640072425633 -0.056444853519900515
v 0.07139588566536545 0.7415087852425633 -0.057739376119900515
v 0.07035988988536544 0.7418890632425632 -0.05814456841990051
v 0.07056482043536545 0.7427673372425633 -0.05889854300990051
v 0.06983341881536545 0.7376869362425632 -0.06354134436990051
v 0.07003720011536545 0.7385798732425632 -0.06427804380990051
v 0.06966088479536545 0.7357312482425632 -0.06591514939990051
v 0.06986378878536545 0.7366351522425633 -0.06663853057990052
v 0.06909022526536544 0.7323642412425633 -0.07235133042990051
v 0.06868114182536544 0.7322379982425632 -0.07124487752990051
v 0.06829031673536545 0.7272369302425632 -0.06864393589790051
v 0.06805731495536545 0.7282962242425632 -0.06819091200850051
v 0.06740438193536545 0.7238426242425633 -0.060733198189900514
v 0.06763707846536544 0.7227016132425632 -0.060572108249900516
v 0.06842656806536544 0.7244224582425632 -0.060751556419900515
v 0.06907992064536544 0.7288063202425632 -0.06791515232190051
v 0.06841186247536545 0.7245625292425633 -0.05260110741990051
v 0.06739024841536545 0.7240150612425632 -0.05240480411990051
v 0.06929109292536545 0.7236401472425632 -0.060601800679900515
v 0.06859541637536545 0.7275989092425632 -0.045939968919900515
v 0.06757471756536544 0.7270458972425633 -0.04575434701990051
v 0.07087189378536544 0.7353334462425632 -0.06553132412990051
v 0.06983341881536545 0.7376869362425632 -0.06354134436990051
v 0.07087021553536545 0.7372962872425632 -0.06314813019990051
v 0.07199371512536545 0.7609247002425632 -0.040399050319900515
v 0.07170502375536544 0.7675805722425633 -0.036487158419900516
v 0.07257092650536545 0.7680230772425632 -0.037148851919900513
v 0.07236302085536545 0.7619702252425632 -0.04194646331990051
v 0.07285332400536546 0.7614252012425633 -0.04102635751990051
v 0.07257092650536545 0.7680230772425632 -0.037148851919900513
v 0.07208893960536544 0.7684894242425633 -0.038115154919900515
v 0.07147979922536545 0.7556530872425632 -0.046296838719900514
v 0.07120041549536545 0.7618066702425632 -0.04188796501990051
v 0.07264199014536545 0.7558209332425633 -0.04635233801990051
v 0.07226980384536545 0.7500958482425633 -0.051382260419900516
v 0.07173820678536545 0.7461481132425632 -0.052692646119900516
v 0.07070450019536545 0.7465015092425632 -0.053126873419900515
v 0.07089590281536545 0.7491253652425632 -0.05049407851990051
v 0.07192739658536546 0.7487958112425632 -0.05003517121990052
v 0.07224107440536545 0.7421527542425632 -0.058242873289900514
v 0.07139588566536545 0.7415087852425633 -0.057739376119900515
v 0.07157688820536545 0.7437359732425632 -0.055251845119900514
v 0.07242287788536544 0.7443689142425632 -0.05576675291990051
v 0.07087021553536545 0.7372962872425632 -0.06314813019990051
v 0.06983341881536545 0.7376869362425632 -0.06354134436990051
v 0.07035988988536544 0.7418890632425632 -0.05814456841990051
v 0.07171482732536545 0.7379481832425633 -0.06364182382990051
v 0.07087021553536545 0.7372962872425632 -0.06314813019990051
v 0.07224107440536545 0.7421527542425632 -0.058242873289900514
v 0.07154233194536545 0.7359912432425633 -0.06601734528990051
v 0.07087189378536544 0.7353334462425632 -0.06553132412990051
v 0.07119991956536545 0.7387416402425633 -0.06434014695990051
v 0.07172749703536545 0.7429302972425632 -0.05895927361990051
v 0.07172749703536545 0.7429302972425632 -0.05895927361990051
v 0.07242287788536544 0.7443689142425632 -0.05576675291990051
v 0.07221831986536545 0.7322863972425633 -0.07133843283990052
v 0.06994494143536545 0.7280621562425632 -0.06819791674616052
v 0.06907992064536544 0.7288063202425632 -0.06791515232190051
v 0.07061437331536545 0.7321901362425632 -0.07061881897990051
v 0.06739024841536545 0.7240150612425632 -0.05240480411990051
v 0.06763707846536544 0.7227016132425632 -0.060572108249900516
v 0.06740438193536545 0.7238426242425633 -0.060733198189900514
v 0.06762267788536545 0.7229908742425633 -0.05187688771990051
v 0.06757471756536544 0.7270458972425633 -0.04575434701990051
v 0.06778163625536544 0.7260254062425633 -0.04521956291990051
v 0.06945810979536544 0.7269195952425632 -0.04551974311990051
v 0.06859541637536545 0.7275989092425632 -0.045939968919900515
v 0.06841186247536545 0.7245625292425633 -0.05260110741990051
v 0.06927566230536544 0.7238765392425632 -0.05219449851990052
v 0.06894999230536544 0.7259472642425633 -0.04507456721990051
v 0.06927566230536544 0.7238765392425632 -0.05219449851990052
v 0.06878787698536545 0.7229054612425633 -0.051746921619900514
v 0.06945810979536544 0.7269195952425632 -0.04551974311990051
v 0.06894999230536544 0.7259472642425633 -0.04507456721990051
v 0.06955550890536545 0.7320747412425632 -0.039408611119900516
v 0.06859541637536545 0.7275989092425632 -0.045939968919900515
v 0.06870665261536545 0.7327461282425632 -0.03984409751990051
v 0.06977232638536544 0.7367550772425633 -0.03441582251990051
v 0.06893593026536544 0.7374142442425633 -0.03487491981990051
v 0.06766405794536545 0.7321870362425632 -0.03967079521990051
v 0.06788608268536545 0.7368429932425632 -0.03472570701990051
v 0.06863978086536544 0.7431610262425632 -0.03074057031990051
v 0.06759714335536544 0.7425671852425633 -0.030634675219900515
v 0.06784491264536545 0.7311702412425632 -0.039128307219900516
v 0.06778163625536544 0.7260254062425633 -0.04521956291990051
v 0.06757471756536544 0.7270458972425633 -0.04575434701990051
v 0.06804907042536545 0.7358304302425632 -0.03417440871990051
v 0.06775359832536546 0.7415594492425632 -0.030073761919900514
v 0.06701306556536545 0.7465997372425632 -0.027184668919900512
v 0.06718560424536545 0.7455969492425633 -0.026614371719900512
v 0.06622070993536545 0.7506116072425633 -0.024002153419900515
v 0.06718560424536545 0.7455969492425633 -0.026614371719900512
v 0.06735930172536544 0.7496130502425632 -0.023424152319900512
v 0.06721426686536545 0.7512481842425632 -0.02402395381990051
v 0.06622070993536545 0.7506116072425633 -0.024002153419900515
v 0.06803370686536545 0.7472174202425632 -0.027243968119900513
v 0.06804903713536545 0.7506427202425633 -0.023459456819900512
v 0.06886463379536545 0.7465961012425633 -0.026710368719900512
v 0.06863978086536544 0.7431610262425632 -0.03074057031990051
v 0.06946715060536544 0.7425201572425633 -0.030245061919900514
v 0.06702579697536545 0.7543095392425633 -0.02024745191990051
v 0.06619869440536545 0.7549028432425633 -0.02083575351990051
v 0.06521991937236545 0.7542516032425632 -0.020842459019900512
v 0.06491633623936545 0.7577500972425633 -0.018024381219900514
v 0.06735930172536544 0.7496130502425632 -0.023424152319900512
v 0.06544189661536545 0.7532560862425632 -0.020258352119900513
v 0.06394473282836545 0.7570884862425632 -0.01805137841990051
v 0.06416533680736544 0.7560948172425632 -0.01746307681990051
v 0.06245651934536545 0.7603179852425632 -0.014067634919900512
v 0.06267620774536545 0.7593255672425633 -0.013477232319900515
v 0.05946415150536545 0.7634561102425632 -0.010476954319900512
v 0.05968342069536545 0.7624642882425633 -0.009885352119900513
v 0.06870665261536545 0.7327461282425632 -0.03984409751990051
v 0.06766405794536545 0.7321870362425632 -0.03967079521990051
v 0.06757471756536544 0.7270458972425633 -0.04575434701990051
v 0.06859541637536545 0.7275989092425632 -0.045939968919900515
v 0.06891480646536545 0.7415307802425632 -0.029832959219900514
v 0.06946715060536544 0.7425201572425633 -0.030245061919900514
v 0.06977232638536544 0.7367550772425633 -0.03441582251990051
v 0.06921817967536545 0.7357760702425632 -0.03398281711990051
v 0.06803370686536545 0.7472174202425632 -0.027243968119900513
v 0.06701306556536545 0.7465997372425632 -0.027184668919900512
v 0.06759714335536544 0.7425671852425633 -0.030634675219900515
v 0.06863978086536544 0.7431610262425632 -0.03074057031990051
v 0.06735930172536544 0.7496130502425632 -0.023424152319900512
v 0.06755187711536545 0.7496320042425633 -0.023088764419900515
v 0.06833430496536545 0.7455945052425632 -0.026321269619900514
v 0.06718560424536545 0.7455969492425633 -0.026614371719900512
v 0.06573733536536545 0.7571647802425633 -0.01741948351990051
v 0.06619869440536545 0.7549028432425633 -0.02083575351990051
v 0.06702579697536545 0.7543095392425633 -0.02024745191990051
v 0.06491633623936545 0.7577500972425633 -0.018024381219900514
v 0.06424061507236545 0.7604053062425632 -0.013413831619900514
v 0.06342331622536544 0.7609857362425633 -0.014028437419900515
v 0.061245424435365445 0.7635476622425632 -0.009815856819900513
v 0.06394473282836545 0.7570884862425632 -0.01805137841990051
v 0.060429537205365445 0.7641257082425632 -0.01043395321990051
v 0.06245651934536545 0.7603179852425632 -0.014067634919900512
v 0.05946415150536545 0.7634561102425632 -0.010476954319900512
v 0.06527316302536545 0.7561418452425632 -0.017072584519900513
v 0.06702579697536545 0.7543095392425633 -0.02024745191990051
v 0.06655800063536545 0.7532920872425632 -0.01989065481990051
v 0.06573733536536545 0.7571647802425633 -0.01741948351990051
v 0.06377880781636545 0.7593799272425632 -0.013073131419900512
v 0.06424061507236545 0.7604053062425632 -0.013413831619900514
v 0.06078434199536545 0.7625204962425632 -0.00947685541990051
v 0.061245424435365445 0.7635476622425632 -0.009815856819900513
v 0.060429537205365445 0.7641257082425632 -0.01043395321990051
v 0.06078434199536545 0.7625204962425632 -0.00947685541990051
v 0.05946415150536545 0.7634561102425632 -0.010476954319900512
v 0.061245424435365445 0.7635476622425632 -0.009815856819900513
v 0.11070119587536545 -0.012710524757436753 -0.10746355351990051
v 0.11183177677536545 -0.007215566957436751 -0.07090333802990051
v 0.11105923357536546 -0.007063558357436751 -0.07184471468990052
v 0.11174780877536544 -0.012628084057436751 -0.10634930061990051
v 0.11028594897536545 -0.02676924315743675 -0.14346356691990053
v 0.10899565737536546 -0.027051106057436755 -0.1447276324199005
v 0.11049789187536545 -0.027276482457436753 -0.1425094232199005
v 0.11191657927536544 -0.013433508557436753 -0.10575143991990052
v 0.10936921087536544 -0.02784262965743675 -0.1431464031199005
v 0.11195564267536545 -0.008371531957436753 -0.07072283140990052
v 0.09181444717536545 -0.012809257957436752 -0.05439891291990051
v 0.11098891127536545 -0.013997960857436754 -0.10647645221990051
v 0.10843620077536545 -0.027708493157436752 -0.14452749491990052
v 0.09189687487536545 -0.013964576657436754 -0.054193872919900514
v 0.11125965787536544 -0.008933987457436753 -0.07155253272990052
v 0.11023489757536545 -0.013553891357436752 -0.10754046591990052
v 0.10899565737536546 -0.027051106057436755 -0.1447276324199005
v 0.11070119587536545 -0.012710524757436753 -0.10746355351990051
v 0.11070370677536545 -0.008125569657436753 -0.07224700785990051
v 0.11105923357536546 -0.007063558357436751 -0.07184471468990052
v 0.09128875467536544 -0.012659583257436751 -0.05545194541990051
v 0.09104588257536544 -0.013722395557436751 -0.055897902719900514
v 0.07335869036536545 -0.015238886657436751 -0.04598050561990051
v 0.07362124603536545 -0.015386361657436752 -0.04482508641990052
v 0.07365137804536545 -0.016541134557436755 -0.04460165831990051
v 0.04527915637536545 -0.012762103257436753 -0.04352850281990051
v 0.07322707865536544 -0.016302511057436755 -0.04647094201990051
v 0.04587596657536545 -0.011594448257436753 -0.04490676891990052
v 0.04553224337536545 -0.012601161357436753 -0.04540706051990051
v 0.07177205290536545 -0.017107386157436753 -0.046008052319900516
v 0.045163376275365444 -0.013322811557436753 -0.04455525801990051
v 0.09142224867536544 -0.014528980457436752 -0.05512003781990051
v 0.07177205290536545 -0.017107386157436753 -0.046008052319900516
v 0.09189687487536545 -0.013964576657436754 -0.054193872919900514
v 0.11195564267536545 -0.008371531957436753 -0.07072283140990052
v 0.04607887567536545 -0.012260412757436754 -0.04371725581990051
v 0.03248185667536545 -0.004798028657436754 -0.037679424519900515
v 0.07335869036536545 -0.015238886657436751 -0.04598050561990051
v 0.09128875467536544 -0.012659583257436751 -0.05545194541990051
v 0.04587596657536545 -0.011594448257436753 -0.04490676891990052
v 0.03342263587536545 -0.004127433557436753 -0.037896636919900514
v 0.03360803797536545 -0.004126336457436753 -0.03905760681990052
v 0.027861554175365448 0.008903084322563247 -0.03054064141990051
v 0.02801067007536545 0.008932795842563249 -0.03170784561990051
v 0.02884992207536545 0.02641423794256325 -0.018769767119900513
v 0.02896196397536545 0.026563926642563247 -0.019934013519900512
v 0.03208573167536545 -0.005211541457436752 -0.038706192719900515
v 0.04527915637536545 -0.012762103257436753 -0.04352850281990051
v 0.04527915637536545 -0.012762103257436753 -0.04352850281990051
v 0.07365137804536545 -0.016541134557436755 -0.04460165831990051
v 0.07177205290536545 -0.017107386157436753 -0.046008052319900516
v 0.09142224867536544 -0.014528980457436752 -0.05512003781990051
v 0.02775077517536545 0.02605609964256325 -0.018550861619900515
v 0.027861554175365448 0.008903084322563247 -0.03054064141990051
v 0.02680315077536545 0.008440442382563248 -0.030320163819900513
v 0.03342263587536545 -0.004127433557436753 -0.037896636919900514
v 0.027183432175365445 0.025984454902563247 -0.019579857619900512
v 0.03248185667536545 -0.004798028657436754 -0.037679424519900515
v 0.026298016275365446 0.008184240202563248 -0.03135104481990051
v 0.03208573167536545 -0.005211541457436752 -0.038706192719900515
v 0.02793203667536545 0.02629828084256325 -0.02043456951990051
v 0.027044363275365448 0.008488534022563249 -0.032208722119900515
v 0.032781772275365446 -0.004796346657436751 -0.03955800081990051
v 0.027044363275365448 0.008488534022563249 -0.032208722119900515
v 0.02896196397536545 0.026563926642563247 -0.019934013519900512
v 0.02801067007536545 0.008932795842563249 -0.03170784561990051
v 0.032781772275365446 -0.004796346657436751 -0.03955800081990051
v 0.03360803797536545 -0.004126336457436753 -0.03905760681990052
v 0.023288194075365448 0.048492487542563245 -0.014793798319900513
v 0.02222764117536545 0.048364475342563246 -0.015286657919900512
v 0.01853976397536545 0.07498801504256325 -0.012217886719900511
v 0.019172802575365445 0.07498271394256326 -0.01218029851990051
v 0.02222764117536545 0.048364475342563246 -0.015286657919900512
v 0.027183432175365445 0.025984454902563247 -0.019579857619900512
v 0.02150028197536545 0.04792929444256325 -0.014465276119900512
v 0.019172802575365445 0.07498271394256326 -0.01218029851990051
v 0.02222764117536545 0.048364475342563246 -0.015286657919900512
v 0.01862123607536545 0.07468448584256325 -0.011183150119900516
v 0.013090211875365451 0.10121133554256324 -0.012268871019900512
v 0.01258067037536545 0.10066630314256325 -0.011359892819900512
v 0.014180909875365445 0.10151078924256325 -0.011946298219900515
v 0.01853976397536545 0.07498801504256325 -0.012217886719900511
v 0.008215207575365445 0.12668666624256325 -0.014450579919900515
v 0.007194321575365446 0.12611738224256325 -0.01457694171990051
v 0.003941986675365446 0.15278745024256324 -0.019493419719900512
v 0.002905886575365446 0.15223303824256323 -0.01945498581990051
v 0.006961908175365447 0.12556049624256324 -0.01356800271990051
v 0.002674486475365445 0.15197286424256326 -0.018332075319900512
v 0.007194321575365446 0.12611738224256325 -0.01457694171990051
v 0.01258067037536545 0.10066630314256325 -0.011359892819900512
v 0.006961908175365447 0.12556049624256324 -0.01356800271990051
v 0.013356287075365451 0.10062864054256325 -0.010475400819900511
v 0.01933748277536545 0.07492909584256324 -0.01027748361990051
v 0.01862123607536545 0.07468448584256325 -0.011183150119900516
v 0.022111292975365446 0.04778826604256325 -0.013464681819900515
v 0.02150028197536545 0.04792929444256325 -0.014465276119900512
v 0.02775077517536545 0.02605609964256325 -0.018550861619900515
v 0.027183432175365445 0.025984454902563247 -0.019579857619900512
v 0.03360803797536545 -0.004126336457436753 -0.03905760681990052
v 0.032781772275365446 -0.004796346657436751 -0.03955800081990051
v 0.04553224337536545 -0.012601161357436753 -0.04540706051990051
v 0.04587596657536545 -0.011594448257436753 -0.04490676891990052
v 0.032781772275365446 -0.004796346657436751 -0.03955800081990051
v 0.03208573167536545 -0.005211541457436752 -0.038706192719900515
v 0.045163376275365444 -0.013322811557436753 -0.04455525801990051
v 0.04553224337536545 -0.012601161357436753 -0.04540706051990051
v 0.02321628477536545 0.048136338542563245 -0.013667698919900516
v 0.023288194075365448 0.048492487542563245 -0.014793798319900513
v 0.02896196397536545 0.026563926642563247 -0.019934013519900512
v 0.02884992207536545 0.02641423794256325 -0.018769767119900513
v 0.022111292975365446 0.04778826604256325 -0.013464681819900515
v 0.02775077517536545 0.02605609964256325 -0.018550861619900515
v 0.01933748277536545 0.07492909584256324 -0.01027748361990051
v 0.020331889375365446 0.07537856694256326 -0.010714963119900514
v 0.013356287075365451 0.10062864054256325 -0.010475400819900511
v 0.014345381375365451 0.10115053874256325 -0.010837871619900512
v 0.014180909875365445 0.10151078924256325 -0.011946298219900515
v 0.020331889375365446 0.07537856694256326 -0.010714963119900514
v 0.023288194075365448 0.048492487542563245 -0.014793798319900513
v 0.02321628477536545 0.048136338542563245 -0.013667698919900516
v 0.008613921675365448 0.12648135824256324 -0.013363458219900516
v 0.008215207575365445 0.12668666624256325 -0.014450579919900515
v 0.004350788875365448 0.15286979424256325 -0.01839424301990051
v 0.003941986675365446 0.15278745024256324 -0.019493419719900512
v -0.0012442693246345476 0.18240909624256324 -0.024521704719900513
v -0.0016371608246345537 0.18232606724256326 -0.025627080319900512
v -0.009408988024634551 0.20345086224256326 -0.024783328219900515
v -0.009753190024634553 0.20404245324256326 -0.02574202791990051
v -0.0020434633246345507 0.18191689624256324 -0.02381356431990051
v 0.003567382675365445 0.15236644824256323 -0.01767660301990051
v 0.003567382675365445 0.15236644824256323 -0.01767660301990051
v 0.008613921675365448 0.12648135824256324 -0.013363458219900516
v 0.007839214075365447 0.12578532424256325 -0.01281804221990051
v 0.014345381375365451 0.10115053874256325 -0.010837871619900512
v 0.013356287075365451 0.10062864054256325 -0.010475400819900511
v 0.006961908175365447 0.12556049624256324 -0.01356800271990051
v 0.01258067037536545 0.10066630314256325 -0.011359892819900512
v 0.002674486475365445 0.15197286424256326 -0.018332075319900512
v 0.003567382675365445 0.15236644824256323 -0.01767660301990051
v 0.007839214075365447 0.12578532424256325 -0.01281804221990051
v 0.006961908175365447 0.12556049624256324 -0.01356800271990051
v -0.0016371608246345537 0.18232606724256326 -0.025627080319900512
v 0.002905886575365446 0.15223303824256323 -0.01945498581990051
v 0.003941986675365446 0.15278745024256324 -0.019493419719900512
v -0.002679362924634554 0.18178262224256325 -0.025601960719900514
v 0.002674486475365445 0.15197286424256326 -0.018332075319900512
v -0.009753190024634553 0.20404245324256326 -0.02574202791990051
v -0.002930469824634546 0.18152973424256325 -0.024481166119900512
v -0.01079278442463455 0.20361075224256325 -0.02608112621990051
v -0.018571905824634555 0.21972987424256324 -0.022086299919900514
v -0.019621811824634558 0.21931298424256324 -0.022412892419900514
v -0.011090993924634557 0.20275244524256325 -0.02533203361990051
v -0.019621811824634558 0.21931298424256324 -0.022412892419900514
v -0.011090993924634557 0.20275244524256325 -0.02533203361990051
v -0.022861801124634554 0.23137663724256324 -0.01762486621990051
v -0.019982300724634555 0.21854930024256325 -0.021592691519900516
v -0.023951798724634557 0.23103240524256324 -0.01790666951990051
v -0.027247503424634556 0.24242049824256326 -0.01104806361990051
v -0.024347491524634557 0.23033583524256324 -0.01704596731990051
v -0.028372801824634558 0.24216521124256324 -0.011277269619900512
v -0.030656695324634553 0.2539262362425633 -0.004443258019900517
v -0.028783895124634556 0.24150664024256324 -0.01039405911990051
v -0.031799599524634556 0.25373061324256324 -0.00463846321990051
v -0.028783895124634556 0.24150664024256324 -0.01039405911990051
v -0.032224193224634545 0.25311705824256325 -0.0037297532199005168
v -0.03345529732463455 0.26583007324256325 0.0018589347800994915
v -0.03460510072463455 0.2656643572425632 0.001679033080099493
v -0.035042300824634554 0.26510315024256326 0.0026155337800994882
v -0.036009788824634556 0.2780680692425632 0.0075273364800994835
v -0.03715930882463456 0.2779008482425632 0.007346540680099489
v -0.03868720682463456 0.29057586524256324 0.012231029580099487
v -0.039829216824634556 0.29037383524256327 0.012036733280099493
v -0.03760959182463455 0.2774012722425632 0.008311443080099484
v -0.035749584824634556 0.27767196624256324 0.008604034780099482
v -0.038447491824634555 0.29027402724256324 0.013343237380099487
v -0.03868720682463456 0.29057586524256324 0.012231029580099487
v -0.04162540282463455 0.30303314724256325 0.016761235880099493
v -0.04184268382463455 0.3032354752425632 0.015622831880099483
v -0.03318180142463455 0.26537138624256323 0.0029065385800994825
v -0.030656695324634553 0.2539262362425633 -0.004443258019900517
v -0.03673831382463455 0.27725983024256323 0.009088635480099486
v -0.04029522082463455 0.28994688724256323 0.013028934580099488
v -0.03944129482463456 0.2898852562425632 0.013836331680099484
v -0.034162595824634545 0.2649220262425632 0.0033741369800994875
v -0.030374906924634557 0.25343338024256323 -0.003413759219900517
v -0.027247503424634556 0.24242049824256326 -0.01104806361990051
v -0.026963099824634545 0.24191970024256323 -0.010023262319900514
v -0.022861801124634554 0.23137663724256324 -0.01762486621990051
v -0.022583790124634545 0.23089294524256324 -0.016589865119900515
v -0.018571905824634555 0.21972987424256324 -0.022086299919900514
v -0.018283404424634553 0.21922387524256326 -0.02106409151990051
v -0.03134359422463455 0.25293319324256325 -0.002972863619900512
v -0.032224193224634545 0.25311705824256325 -0.0037297532199005168
v -0.02791259442463455 0.24135497624256325 -0.00961906831990051
v -0.023502007124634558 0.23024978124256323 -0.01623217011990051
v -0.024347491524634557 0.23033583524256324 -0.01704596731990051
v -0.019155100024634553 0.21849422524256326 -0.020759087019900514
v -0.019982300724634555 0.21854930024256325 -0.021592691519900516
v -0.010235793924634556 0.20265373924256325 -0.024529937619900515
v -0.011090993924634557 0.20275244524256325 -0.02533203361990051
v -0.002930469824634546 0.18152973424256325 -0.024481166119900512
v 0.003567382675365445 0.15236644824256323 -0.01767660301990051
v 0.002674486475365445 0.15197286424256326 -0.018332075319900512
v -0.0020434633246345507 0.18191689624256324 -0.02381356431990051
v -0.010235793924634556 0.20265373924256325 -0.024529937619900515
v -0.0012442693246345476 0.18240909624256324 -0.024521704719900513
v -0.009408988024634551 0.20345086224256326 -0.024783328219900515
v -0.019155100024634553 0.21849422524256326 -0.020759087019900514
v -0.018283404424634553 0.21922387524256326 -0.02106409151990051
v -0.009753190024634553 0.20404245324256326 -0.02574202791990051
v -0.018571905824634555 0.21972987424256324 -0.022086299919900514
v -0.023502007124634558 0.23024978124256323 -0.01623217011990051
v -0.022583790124634545 0.23089294524256324 -0.016589865119900515
v -0.02791259442463455 0.24135497624256325 -0.00961906831990051
v -0.026963099824634545 0.24191970024256323 -0.010023262319900514
v -0.03134359422463455 0.25293319324256325 -0.002972863619900512
v -0.030374906924634557 0.25343338024256323 -0.003413759219900517
v -0.03944129482463456 0.2898852562425632 0.013836331680099484
v -0.038447491824634555 0.29027402724256324 0.013343237380099487
v -0.035749584824634556 0.27767196624256324 0.008604034780099482
v -0.03673831382463455 0.27725983024256323 0.009088635480099486
v -0.04348751182463455 0.30276060524256326 0.016465537280099488
v -0.04029522082463455 0.28994688724256323 0.013028934580099488
v -0.04264190782463455 0.30273956424256326 0.01728203148009949
v -0.038447491824634555 0.29027402724256324 0.013343237380099487
v -0.04548141382463455 0.32029539724256323 0.01924914118009949
v -0.04462379182463455 0.32018340024256325 0.020049445380099493
v -0.04266780582463456 0.33791807624256326 0.020506858780099488
v -0.04183128482463455 0.33767545624256323 0.021298058380099488
v -0.043579592824634555 0.32022399124256323 0.019486337880099486
v -0.03638751782463455 0.35547605524256326 0.020470663880099493
v -0.04083099182463455 0.33743957024256327 0.020715557080099492
v -0.043791882824634545 0.32036072424256323 0.01833803948009949
v -0.03557689482463455 0.35516202824256327 0.02126227318009949
v -0.04104930882463455 0.33753660724256324 0.019564360380099483
v -0.03463899342463456 0.35475126324256323 0.02068047228009949
v -0.03486989442463455 0.35481170224256325 0.01952927558009948
v -0.026273898824634545 0.37211087724256325 0.01960176978009949
v -0.026520706724634552 0.37213805724256327 0.018452554980099484
v -0.02716770022463455 0.37261352324256325 0.020177654880099483
v -0.027966991024634555 0.37295073624256325 0.019384369280099484
v -0.017902299724634557 0.39000273124256324 0.01827745888009949
v -0.017023295124634547 0.38947204124256324 0.01770496368009948
v -0.01871000232463456 0.3903237912425632 0.01748576758009948
v -0.027567006624634557 0.37265715424256324 0.018318161380099493
v -0.018330194024634552 0.38999143624256327 0.016423962980099488
v -0.03595057882463455 0.35525969024256326 0.01939957588009948
v -0.04266780582463456 0.33791807624256326 0.020506858780099488
v -0.017287902524634552 0.38946500824256325 0.016559362380099488
v -0.03486989442463455 0.35481170224256325 0.01952927558009948
v -0.04218448682463455 0.33783233524256323 0.01943534608009949
v -0.04548141382463455 0.32029539724256323 0.01924914118009949
v -0.04104930882463455 0.33753660724256324 0.019564360380099483
v -0.04496730882463455 0.32040495024256327 0.01819156108009949
v -0.043791882824634545 0.32036072424256323 0.01833803948009949
v -0.009534701724634553 0.40722594024256326 0.013948969580099488
v -0.008465096324634547 0.40675291824256327 0.01407717168009949
v -0.008181296324634546 0.40679809824256324 0.015217274380099483
v -0.009911894824634546 0.40756377924256326 0.015009969480099486
v -0.009075500024634559 0.40729949224256323 0.01579377058009948
v -0.0013663023246345551 0.42393461224256324 0.011239364780099487
v -0.0010581016246345581 0.42403808624256323 0.012369774280099485
v -0.002471104224634549 0.42432248924256327 0.011125668880099485
v -0.001972399624634552 0.42449003824256326 0.012954778980099488
v -0.002845697124634547 0.4246658122425632 0.012185864180099482
v 0.0025281049753654514 0.43574643524256323 0.008644074180099492
v 0.0028631984753654457 0.43592924224256324 0.009756877980099485
v 0.001405708475365447 0.43608123424256323 0.008542776080099485
v 0.001047007775365441 0.43647063124256325 0.009593076980099494
v 0.001047007775365441 0.43647063124256325 0.009593076980099494
v 0.0019478052753654496 0.43637663524256326 0.010343380280099485
v 0.00689851867536545 0.4500536362425632 0.0037768631800994823
v 0.005769912175365446 0.45036888524256324 0.0036815628800994926
v 0.01037012037536545 0.4615709522425632 -0.000424340319900518
v 0.009237613575365448 0.46187308824256323 -0.0005149469199005191
v 0.013734418875365445 0.47302419324256323 -0.005053438219900508
v 0.007255919275365445 0.45030752224256326 0.004868052880099491
v 0.00689851867536545 0.4500536362425632 0.0037768631800994823
v 0.006348315675365451 0.45077994824256323 0.005447156680099485
v 0.00542991607536545 0.45081779724256327 0.0047137587800994835
v 0.010742016175365451 0.46187308824256323 0.0006493553800994839
v 0.01037012037536545 0.4615709522425632 -0.000424340319900518
v 0.005769912175365446 0.45036888524256324 0.0036815628800994926
v 0.001405708475365447 0.43608123424256323 0.008542776080099485
v 0.009237613575365448 0.46187308824256323 -0.0005149469199005191
v 0.008909616575365445 0.46236196524256323 0.0005027576800994832
v 0.00983931497536545 0.46236196524256323 0.0012223571800994842
v 0.01411371307536545 0.4733516612425632 -0.003989934919900517
v 0.01321372017536545 0.47384938924256326 -0.0034205392199005147
v 0.01227811727536545 0.47382957124256325 -0.004132032419900511
v 0.01259991897536545 0.47331962324256327 -0.0051412433199005125
v 0.01671270277536545 0.48210904424256323 -0.007448121919900512
v 0.015812996775365448 0.48260772624256326 -0.006879229119900514
v 0.014876604075365445 0.4825851362425633 -0.0075895227199005155
v 0.016332302275365446 0.48177794024256326 -0.008510123919900511
v 0.01519760117536545 0.48207244624256324 -0.008597519219900512
v 0.01915470137536545 0.49404478424256326 -0.011592429119900514
v 0.018222503375365448 0.49403623124256324 -0.012308627319900511
v 0.020056210475365446 0.49355224124256325 -0.012163925919900516
v 0.01968111097536545 0.49323913824256327 -0.013233330119900515
v 0.018547803175365446 0.49353850224256324 -0.01332272591990051
v 0.02258640527536545 0.5055465442425633 -0.015968516419900512
v 0.021659698375365445 0.5055566172425632 -0.016691818819900513
v 0.023486692475365445 0.5050497392425632 -0.01653831821990051
v 0.02311649547536545 0.5047527882425633 -0.017613813319900515
v 0.02198730407536545 0.5050662192425632 -0.01770871501990051
v 0.025888998075365446 0.5158477762425633 -0.01993272081990051
v 0.024963706775365448 0.5158621112425632 -0.020657721919900514
v 0.02677959577536545 0.5153204242425633 -0.02049071711990051
v 0.02640470857536545 0.5150088402425632 -0.021560624219900515
v 0.02528250217536545 0.5153436102425633 -0.02166381101990051
v 0.029430009375365447 0.5259173552425632 -0.02430100741990051
v 0.02850320937536545 0.5259271302425632 -0.02502411971990051
v 0.03030769527536545 0.5253533762425633 -0.024843111619900514
v 0.029923308675365447 0.5250146422425632 -0.025901213319900515
v 0.02880810197536545 0.5253692302425632 -0.02601311731990051
v 0.03361549597536545 0.5348556672425633 -0.030535820919900515
v 0.03250521047536545 0.5352233682425632 -0.030653905119900515
v 0.03741791097536545 0.5445971522425632 -0.03535631671990051
v 0.032210294175365445 0.5358077922425633 -0.029677320319900516
v 0.03631031327536545 0.5449718872425633 -0.03547781331990051
v 0.04126678777536545 0.5543047822425633 -0.040254311619900514
v 0.04015968557536545 0.5546807682425633 -0.04037641921990051
v 0.04509849847536545 0.5640450752425632 -0.045121291619900514
v 0.04398941247536545 0.5644158762425633 -0.04524092191990051
v 0.036020815375365445 0.5455703772425633 -0.03450821341990051
v 0.03313820067536545 0.5358010572425632 -0.02895571291990051
v 0.03313820067536545 0.5358010572425632 -0.02895571291990051
v 0.036949388675365444 0.5455651912425632 -0.033787313819900515
v 0.03987099047536545 0.5552810472425632 -0.039407828819900514
v 0.03400669437536545 0.5352124012425632 -0.029486209119900512
v 0.036949388675365444 0.5455651912425632 -0.033787313819900515
v 0.03361549597536545 0.5348556672425633 -0.030535820919900515
v 0.03781292217536544 0.5449636612425632 -0.034311506919900515
v 0.03741791097536545 0.5445971522425632 -0.03535631671990051
v 0.04166229437536545 0.5546728412425632 -0.039210228219900514
v 0.04126678777536545 0.5543047822425633 -0.040254311619900514
v 0.04079971647536545 0.5552761592425632 -0.03868700381990051
v 0.03781292217536544 0.5449636612425632 -0.034311506919900515
v 0.043696787175365445 0.5650063792425633 -0.04426729681990051
v 0.04166229437536545 0.5546728412425632 -0.039210228219900514
v 0.04462509417536545 0.5650002992425632 -0.04354601351990051
v 0.04549141227536545 0.5644063982425632 -0.04407370091990051
v 0.04742809567536545 0.5747942962425633 -0.04896959291990051
v 0.04837700167536545 0.5748419202425632 -0.048274287919900516
v 0.04398941247536545 0.5644158762425633 -0.04524092191990051
v 0.03987099047536545 0.5552810472425632 -0.039407828819900514
v 0.04015968557536545 0.5546807682425633 -0.04037641921990051
v 0.03987099047536545 0.5552810472425632 -0.039407828819900514
v 0.036020815375365445 0.5455703772425633 -0.03450821341990051
v 0.03631031327536545 0.5449718872425633 -0.03547781331990051
v 0.04549141227536545 0.5644063982425632 -0.04407370091990051
v 0.04126678777536545 0.5543047822425633 -0.040254311619900514
v 0.04509849847536545 0.5640450752425632 -0.045121291619900514
v 0.04925201647536545 0.5742712062425632 -0.048813495819900514
v 0.048843882975365446 0.5738708412425633 -0.049842013019900516
v 0.04837700167536545 0.5748419202425632 -0.048274287919900516
v 0.04462509417536545 0.5650002992425632 -0.04354601351990051
v 0.04978569317536545 0.5798473992425632 -0.05108690261990051
v 0.05067081657536545 0.5793127452425633 -0.05164651761990051
v 0.04879570197536545 0.5796545182425632 -0.05170019161990051
v 0.04742809567536545 0.5747942962425633 -0.04896959291990051
v 0.050227701675365444 0.5787890592425633 -0.052605685819900515
v 0.051230890675365445 0.5841620002425633 -0.05513502001990051
v 0.05077438617536545 0.5835186872425633 -0.05600809021990051
v 0.05034111257536545 0.5846575532425633 -0.054547518519900515
v 0.04933460517536545 0.5843206682425632 -0.05505750611990051
v 0.04906891097536545 0.5790002382425633 -0.052638797119900514
v 0.04960251137536545 0.5836163202425633 -0.055960292019900514
v 0.04771660077536545 0.5741937202425632 -0.049938410519900514
v 0.043696787175365445 0.5650063792425633 -0.04426729681990051
v 0.04398941247536545 0.5644158762425633 -0.04524092191990051
v 0.04509849847536545 0.5640450752425632 -0.045121291619900514
v 0.050227701675365444 0.5787890592425633 -0.052605685819900515
v 0.05071121457536545 0.5881756582425632 -0.05978681426990051
v 0.04954021707536545 0.5882000362425632 -0.059679698199900516
v 0.05026409397536545 0.5928637422425632 -0.06366781144990051
v 0.04909691117536545 0.5928472912425633 -0.06352739221990052
v 0.049271814475365446 0.5889166032425632 -0.058787401769900514
v 0.04883018697536545 0.5935430562425632 -0.06261800648990051
v 0.04849571547536545 0.5976598892425633 -0.06722711445790051
v 0.04823551517536545 0.5983001622425632 -0.06627511861990051
v 0.04796581527536545 0.6027495902425632 -0.07049890397990051
v 0.047715494375365444 0.6032916342425633 -0.06948350788990051
v 0.04924049597536545 0.5987243692425632 -0.06583570362990052
v 0.04872871567536545 0.6036345992425632 -0.06899160263090051
v 0.05027691087536545 0.5893353262425632 -0.058342984879900514
v 0.04883018697536545 0.5935430562425632 -0.06261800648990051
v 0.049832423175365445 0.5939898532425633 -0.06219652061990051
v 0.04823551517536545 0.5983001622425632 -0.06627511861990051
v 0.04924049597536545 0.5987243692425632 -0.06583570362990052
v 0.05116649907536545 0.5888775622425633 -0.05896070412990051
v 0.05071121457536545 0.5881756582425632 -0.05978681426990051
v 0.05071861487536545 0.5935699382425632 -0.06284540052990051
v 0.05026409397536545 0.5928637422425632 -0.06366781144990051
v 0.050121691075365446 0.5983459392425633 -0.06651609308990052
v 0.04872871567536545 0.6036345992425632 -0.06899160263090051
v 0.04960521957536545 0.6033050452425632 -0.06970289104990052
v 0.049661410075365446 0.5976879632425632 -0.0673761165239005
v 0.04913372267536545 0.6027581732425632 -0.07063459278990052
v 0.04849571547536545 0.5976598892425633 -0.06722711445790051
v 0.04909691117536545 0.5928472912425633 -0.06352739221990052
v 0.05026409397536545 0.5928637422425632 -0.06366781144990051
v 0.04796581527536545 0.6027495902425632 -0.07049890397990051
v 0.048913194775365446 0.6081860102425632 -0.07316342694990051
v 0.047744486475365444 0.6082012692425632 -0.07303799967990052
v 0.048835413575365444 0.6135900652425632 -0.07472592684990051
v 0.04766700977536545 0.6135864292425632 -0.0745940147899005
v 0.047744486475365444 0.6082012692425632 -0.07303799967990052
v 0.047715494375365444 0.6032916342425633 -0.06948350788990051
v 0.04750068857536545 0.6086004412425633 -0.07195599912990051
v 0.04766700977536545 0.6135864292425632 -0.0745940147899005
v 0.04742649387536545 0.6138281262425632 -0.07346631399990051
v -0.039829216824634556 0.29037383524256327 0.012036733280099493
v -0.04029522082463455 0.28994688724256323 0.013028934580099488
v -0.03760959182463455 0.2774012722425632 0.008311443080099484
v -0.03715930882463456 0.2779008482425632 0.007346540680099489
v -0.04184268382463455 0.3032354752425632 0.015622831880099483
v -0.039829216824634556 0.29037383524256327 0.012036733280099493
v -0.03868720682463456 0.29057586524256324 0.012231029580099487
v -0.042993507824634555 0.3030670022425632 0.015440136180099484
v -0.04496730882463455 0.32040495024256327 0.01819156108009949
v -0.042993507824634555 0.3030670022425632 0.015440136180099484
v -0.04029522082463455 0.28994688724256323 0.013028934580099488
v -0.039829216824634556 0.29037383524256327 0.012036733280099493
v -0.04348751182463455 0.30276060524256326 0.016465537280099488
v -0.04496730882463455 0.32040495024256327 0.01819156108009949
v -0.04462379182463455 0.32018340024256325 0.020049445380099493
v -0.04264190782463455 0.30273956424256326 0.01728203148009949
v -0.043579592824634555 0.32022399124256323 0.019486337880099486
v 0.04851879367536545 0.6088311712425633 -0.07141263363990051
v 0.04960521957536545 0.6033050452425632 -0.06970289104990052
v 0.04872871567536545 0.6036345992425632 -0.06899160263090051
v 0.04939178747536545 0.6085754072425632 -0.07215878832990051
v 0.04913372267536545 0.6027581732425632 -0.07063459278990052
v 0.048913194775365446 0.6081860102425632 -0.07316342694990051
v 0.04844631437536545 0.6139807142425633 -0.07290112832990052
v 0.04931701907536545 0.6138336102425632 -0.07367963203990051
v 0.048835413575365444 0.6135900652425632 -0.07472592684990051
v 0.049093897475365446 0.6193218862425632 -0.07452982756990051
v 0.04860748537536545 0.6191973722425632 -0.0755842290799005
v 0.048227809375365444 0.6193535962425633 -0.07374125811990051
v 0.04876350607536545 0.6249254982425633 -0.07482510897990051
v 0.04827080107536545 0.6249102392425633 -0.0758694061099005
v 0.04836628217536545 0.6305584352425633 -0.0746453367199005
v 0.04786651767536545 0.6306451002425633 -0.07566467625990052
v 0.04790329187536545 0.6248577872425632 -0.07404621922990051
v 0.04720611867536545 0.6192486322425632 -0.07431392045990051
v 0.04742649387536545 0.6138281262425632 -0.07346631399990051
v 0.046878816575365446 0.6248003882425632 -0.07460366095990051
v 0.04648430087536545 0.6303948792425632 -0.07442770339990051
v 0.04751209537536545 0.6304046552425633 -0.07388286943990051
v 0.04606251047536545 0.6359466352425632 -0.07383073213990052
v 0.04709400427536545 0.6359063422425633 -0.07330025545990052
v 0.04565349777536545 0.6413672012425633 -0.07285067904990052
v 0.046688882675365445 0.6412743962425632 -0.07235014764990051
v 0.04529888367536545 0.6465520892425632 -0.07154795038990051
v 0.04633609947536545 0.6464367542425632 -0.07105844374990052
v 0.04753269437536545 0.6415679492425632 -0.07306575169990051
v 0.047174990175365444 0.6467968862425633 -0.07175221316990052
v 0.04472900557536545 0.6517083682425633 -0.07000600685990051
v 0.04576408677536545 0.6516131202425632 -0.06952257512990051
v 0.04549678977536545 0.6469836272425632 -0.07254836428990051
v 0.045857394075365446 0.6417174972425632 -0.07388864363990051
v 0.04665630497536545 0.6471343672425632 -0.07267230376990051
v 0.04701889307536545 0.6418414152425632 -0.07401764718990052
v 0.04607448917536545 0.6523956102425632 -0.07108357292990052
v 0.04627361517536545 0.6361999552425632 -0.07489683012990052
v 0.04492080957536545 0.6521917622425633 -0.07097175949990052
v 0.047435609575365446 0.6363165412425632 -0.0750317941399005
v 0.04519298857536545 0.6577252182425632 -0.06935534835990051
v 0.04404381107536545 0.6574945482425633 -0.06924597138990052
v 0.046703416875365444 0.6305438312425633 -0.07552704214990051
v 0.04786651767536545 0.6306451002425633 -0.07566467625990052
v 0.04710598287536545 0.6248327532425633 -0.07573016965990051
v 0.04827080107536545 0.6249102392425633 -0.0758694061099005
v 0.04744079897536545 0.6191521922425632 -0.07544598448990052
v 0.04860748537536545 0.6191973722425632 -0.0755842290799005
v 0.04766700977536545 0.6135864292425632 -0.0745940147899005
v 0.048835413575365444 0.6135900652425632 -0.07472592684990051
v 0.04433120977536545 0.6630127462425632 -0.06765241507690051
v 0.04404381107536545 0.6574945482425633 -0.06924597138990052
v 0.04317760657536544 0.6628082432425633 -0.06748669029890052
v 0.043804705175365444 0.6681469712425633 -0.06586119066990051
v 0.04264271077536545 0.6680255572425633 -0.06566278822990052
v 0.04299381557536545 0.6622741852425632 -0.0664683568799005
v 0.04245991077536545 0.6674792802425632 -0.06464842217990051
v 0.04385689087536545 0.6569806372425633 -0.06830602526290051
v 0.04299381557536545 0.6622741852425632 -0.0664683568799005
v 0.04472900557536545 0.6517083682425633 -0.07000600685990051
v 0.04492080957536545 0.6521917622425633 -0.07097175949990052
v 0.04529888367536545 0.6465520892425632 -0.07154795038990051
v 0.04549678977536545 0.6469836272425632 -0.07254836428990051
v 0.04576408677536545 0.6516131202425632 -0.06952257512990051
v 0.04489048197536545 0.6568933162425632 -0.0678318011919005
v 0.04659569077536545 0.6520373262425633 -0.07018730509990051
v 0.045716287575365444 0.6573535242425632 -0.06847650409290051
v 0.04403370247536545 0.6621478232425633 -0.0660048329699005
v 0.04486030897536545 0.6626043952425632 -0.06673693540990051
v 0.047174990175365444 0.6467968862425633 -0.07175221316990052
v 0.04633609947536545 0.6464367542425632 -0.07105844374990052
v 0.04519298857536545 0.6577252182425632 -0.06935534835990051
v 0.04433120977536545 0.6630127462425632 -0.06765241507690051
v 0.04607448917536545 0.6523956102425632 -0.07108357292990052
v 0.04434009827536545 0.6676757972425632 -0.06497360113990051
v 0.04665630497536545 0.6471343672425632 -0.07267230376990051
v 0.043804705175365444 0.6681469712425633 -0.06586119066990051
v 0.04701889307536545 0.6418414152425632 -0.07401764718990052
v 0.044458391175365444 0.6724493542425632 -0.06316110956990051
v 0.04753269437536545 0.6415679492425632 -0.07306575169990051
v 0.047435609575365446 0.6363165412425632 -0.0750317941399005
v 0.04392551627536545 0.6730151812425632 -0.06401122919990052
v 0.04794262167536545 0.6361352242425633 -0.07404046412990051
v 0.046688882675365445 0.6412743962425632 -0.07235014764990051
v 0.04786651767536545 0.6306451002425633 -0.07566467625990052
v 0.04709400427536545 0.6359063422425633 -0.07330025545990052
v 0.04836628217536545 0.6305584352425633 -0.0746453367199005
v 0.04751209537536545 0.6304046552425633 -0.07388286943990051
v 0.04876350607536545 0.6249254982425633 -0.07482510897990051
v 0.04790329187536545 0.6248577872425632 -0.07404621922990051
v 0.045501597275365444 0.6768133682425632 -0.061328748709900516
v 0.044998895375365444 0.6775049012425632 -0.06212523346990051
v 0.04470401997536545 0.6766217392425633 -0.06048673996990051
v 0.04362919177536545 0.6721246282425632 -0.062376979739900515
v 0.04362919177536545 0.6721246282425632 -0.062376979739900515
v 0.04434009827536545 0.6676757972425632 -0.06497360113990051
v 0.04350898977536545 0.6672632132425632 -0.06422224873990051
v 0.04434009827536545 0.6676757972425632 -0.06497360113990051
v 0.04486030897536545 0.6626043952425632 -0.06673693540990051
v 0.04403370247536545 0.6621478232425633 -0.0660048329699005
v 0.04299381557536545 0.6622741852425632 -0.0664683568799005
v 0.04489048197536545 0.6568933162425632 -0.0678318011919005
v 0.04385689087536545 0.6569806372425633 -0.06830602526290051
v 0.04750068857536545 0.6086004412425633 -0.07195599912990051
v 0.04851879367536545 0.6088311712425633 -0.07141263363990051
v 0.04872871567536545 0.6036345992425632 -0.06899160263090051
v 0.047715494375365444 0.6032916342425633 -0.06948350788990051
v 0.04742649387536545 0.6138281262425632 -0.07346631399990051
v 0.04851879367536545 0.6088311712425633 -0.07141263363990051
v 0.04744079897536545 0.6191521922425632 -0.07544598448990052
v 0.04742649387536545 0.6138281262425632 -0.07346631399990051
v 0.04766700977536545 0.6135864292425632 -0.0745940147899005
v 0.04720611867536545 0.6192486322425632 -0.07431392045990051
v 0.04710598287536545 0.6248327532425633 -0.07573016965990051
v 0.046703416875365444 0.6305438312425633 -0.07552704214990051
v 0.046878816575365446 0.6248003882425632 -0.07460366095990051
v 0.04710598287536545 0.6248327532425633 -0.07573016965990051
v 0.04648430087536545 0.6303948792425632 -0.07442770339990051
v 0.04627361517536545 0.6361999552425632 -0.07489683012990052
v 0.04606251047536545 0.6359466352425632 -0.07383073213990052
v 0.045857394075365446 0.6417174972425632 -0.07388864363990051
v 0.04565349777536545 0.6413672012425633 -0.07285067904990052
v 0.04392551627536545 0.6730151812425632 -0.06401122919990052
v 0.04264271077536545 0.6680255572425633 -0.06566278822990052
v 0.043804705175365444 0.6681469712425633 -0.06586119066990051
v 0.04276699387536545 0.6730401552425632 -0.06375193502990051
v 0.044998895375365444 0.6775049012425632 -0.06212523346990051
v 0.04389068857536545 0.6777398622425632 -0.06177969835990051
v 0.04735130627536545 0.6815588512425632 -0.060211957429900514
v 0.04632049797536544 0.6819269102425632 -0.05980060435990051
v 0.04370838407536545 0.6771942412425632 -0.06076272855990051
v 0.04613449427536545 0.6813727062425633 -0.05879293847990051
v 0.050467112075365445 0.6861041222425632 -0.05766579511990051
v 0.04941189007536545 0.6864355842425632 -0.057274245619900514
v 0.052927400875365446 0.6910504142425632 -0.05440605061990051
v 0.051822321475365446 0.6912817392425632 -0.05407405741990051
v 0.04389068857536545 0.6777398622425632 -0.06177969835990051
v 0.04258388837536545 0.6724896472425632 -0.06274008145990051
v 0.04370838407536545 0.6771942412425632 -0.06076272855990051
v 0.04258388837536545 0.6724896472425632 -0.06274008145990051
v 0.04362919177536545 0.6721246282425632 -0.062376979739900515
v 0.04350898977536545 0.6672632132425632 -0.06422224873990051
v 0.04245991077536545 0.6674792802425632 -0.06464842217990051
v 0.04276699387536545 0.6730401552425632 -0.06375193502990051
v 0.04264271077536545 0.6680255572425633 -0.06566278822990052
v 0.04370838407536545 0.6771942412425632 -0.06076272855990051
v 0.04470401997536545 0.6766217392425633 -0.06048673996990051
v 0.04362919177536545 0.6721246282425632 -0.062376979739900515
v 0.04258388837536545 0.6724896472425632 -0.06274008145990051
v 0.04780239427536545 0.6807770172425632 -0.059457753789900515
v 0.04735130627536545 0.6815588512425632 -0.060211957429900514
v 0.044998895375365444 0.6775049012425632 -0.06212523346990051
v 0.045501597275365444 0.6768133682425632 -0.061328748709900516
v 0.04705040157536545 0.6806622782425632 -0.05858151800990051
v 0.04470401997536545 0.6766217392425633 -0.06048673996990051
v 0.04613449427536545 0.6813727062425633 -0.05879293847990051
v 0.04705040157536545 0.6806622782425632 -0.05858151800990051
v 0.04470401997536545 0.6766217392425633 -0.06048673996990051
v 0.04370838407536545 0.6771942412425632 -0.06076272855990051
v 0.050910417875365446 0.6853100692425632 -0.056920784519900514
v 0.050467112075365445 0.6861041222425632 -0.05766579511990051
v 0.04735130627536545 0.6815588512425632 -0.060211957429900514
v 0.04780239427536545 0.6807770172425632 -0.059457753789900515
v 0.05012920587536545 0.6851508062425632 -0.05606895311990051
v 0.04705040157536545 0.6806622782425632 -0.05858151800990051
v 0.052554018775365446 0.6900262872425632 -0.052846869419900515
v 0.05337959527536545 0.6902746592425633 -0.05364753681990051
v 0.05446270197536545 0.6950537602425633 -0.04904976301990051
v 0.05531231127536545 0.6953650152425632 -0.04980118201990051
v 0.049203111775365446 0.6858465712425632 -0.05628655381990051
v 0.04705040157536545 0.6806622782425632 -0.05858151800990051
v 0.04613449427536545 0.6813727062425633 -0.05879293847990051
v 0.05012920587536545 0.6851508062425632 -0.05606895311990051
v 0.05159149407536545 0.6906487982425632 -0.05311046541990051
v 0.052554018775365446 0.6900262872425632 -0.052846869419900515
v 0.05348331667536545 0.6956317462425633 -0.04934845301990051
v 0.05446270197536545 0.6950537602425633 -0.04904976301990051
v 0.053727610075365445 0.6963000932425633 -0.05028435211990051
v 0.051822321475365446 0.6912817392425632 -0.05407405741990051
v 0.05459461919536545 0.7005676662425633 -0.04527336541990051
v 0.05558176245536545 0.7000091712425632 -0.04495846291990051
v 0.05531231127536545 0.6953650152425632 -0.04980118201990051
v 0.05646862275536545 0.7003625672425633 -0.04567516781990051
v 0.051822321475365446 0.6912817392425632 -0.05407405741990051
v 0.049203111775365446 0.6858465712425632 -0.05628655381990051
v 0.04941189007536545 0.6864355842425632 -0.057274245619900514
v 0.04613449427536545 0.6813727062425633 -0.05879293847990051
v 0.04632049797536544 0.6819269102425632 -0.05980060435990051
v 0.054858019575365444 0.6961352862425633 -0.05056415871990051
v 0.052927400875365446 0.6910504142425632 -0.05440605061990051
v 0.05337959527536545 0.6902746592425633 -0.05364753681990051
v 0.050467112075365445 0.6861041222425632 -0.05766579511990051
v 0.050910417875365446 0.6853100692425632 -0.056920784519900514
v 0.05646862275536545 0.7003625672425633 -0.04567516781990051
v 0.054858019575365444 0.6961352862425633 -0.05056415871990051
v 0.056029188445365447 0.7011395732425633 -0.04643288071990051
v 0.054858019575365444 0.6961352862425633 -0.05056415871990051
v 0.051822321475365446 0.6912817392425632 -0.05407405741990051
v 0.052927400875365446 0.6910504142425632 -0.05440605061990051
v 0.053727610075365445 0.6963000932425633 -0.05028435211990051
v 0.056029188445365447 0.7011395732425633 -0.04643288071990051
v 0.05487130861536545 0.7012665312425632 -0.04618458261990051
v 0.05348331667536545 0.6956317462425633 -0.04934845301990051
v 0.05459461919536545 0.7005676662425633 -0.04527336541990051
v 0.056326786985365446 0.7058410682425632 -0.04232887741990051
v 0.05487130861536545 0.7012665312425632 -0.04618458261990051
v 0.056029188445365447 0.7011395732425633 -0.04643288071990051
v 0.05515174660536545 0.7059570592425632 -0.042090667419900515
v 0.05459461919536545 0.7005676662425633 -0.04527336541990051
v 0.05484966468536545 0.7052313722425633 -0.041203273419900516
v 0.056331246155365444 0.7100189362425633 -0.03842796571990051
v 0.05514153744536545 0.7101532262425633 -0.03817276101990051
v 0.05659893713536545 0.7134857212425633 -0.03487085551990051
v 0.05539418477536545 0.7136071962425633 -0.03462686761990051
v 0.056663462895365446 0.7157586852425633 -0.03207235041990051
v 0.054821679365365444 0.7094000612425633 -0.03731086851990051
v 0.05545654986536545 0.7157965342425633 -0.03192975741990051
v 0.05629081465536545 0.7182183902425633 -0.02858217061990051
v 0.05510530713536545 0.7181677262425632 -0.028564468019900514
v 0.05577838141536545 0.7207946812425633 -0.024662964019900514
v 0.05460917670536545 0.7206860822425633 -0.02473307031990051
v 0.055059668605365444 0.7128003272425633 -0.03381996231990051
v 0.055814139545365446 0.7088012732425633 -0.03703336971990051
v 0.056058251295365444 0.7121802012425632 -0.03356537221990051
v 0.05583857279536545 0.7046673932425632 -0.04089306291990051
v 0.05484966468536545 0.7052313722425633 -0.041203273419900516
v 0.05675165401536545 0.7050439752425632 -0.041588768319900514
v 0.056029188445365447 0.7011395732425633 -0.04643288071990051
v 0.05646862275536545 0.7003625672425633 -0.04567516781990051
v 0.056326786985365446 0.7058410682425632 -0.04232887741990051
v 0.05674715246536545 0.7091833982425633 -0.03772386721990051
v 0.056331246155365444 0.7100189362425633 -0.03842796571990051
v 0.05700939381536545 0.7126037512425633 -0.03421476481990051
v 0.05659893713536545 0.7134857212425633 -0.03487085551990051
v 0.055814139545365446 0.7088012732425633 -0.03703336971990051
v 0.05674715246536545 0.7091833982425633 -0.03772386721990051
v 0.05583857279536545 0.7046673932425632 -0.04089306291990051
v 0.056058251295365444 0.7121802012425632 -0.03356537221990051
v 0.05674715246536545 0.7091833982425633 -0.03772386721990051
v 0.05700939381536545 0.7126037512425633 -0.03421476481990051
v 0.05583857279536545 0.7046673932425632 -0.04089306291990051
v 0.05675165401536545 0.7050439752425632 -0.041588768319900514
v 0.05646862275536545 0.7003625672425633 -0.04567516781990051
v 0.05558176245536545 0.7000091712425632 -0.04495846291990051
v 0.05484966468536545 0.7052313722425633 -0.041203273419900516
v 0.05459461919536545 0.7005676662425633 -0.04527336541990051
v 0.05514153744536545 0.7101532262425633 -0.03817276101990051
v 0.054821679365365444 0.7094000612425633 -0.03731086851990051
v 0.05484966468536545 0.7052313722425633 -0.041203273419900516
v 0.05515174660536545 0.7059570592425632 -0.042090667419900515
v 0.057075145185365446 0.7148529332425633 -0.031446855519900514
v 0.05659893713536545 0.7134857212425633 -0.03487085551990051
v 0.05700939381536545 0.7126037512425633 -0.03421476481990051
v 0.056663462895365446 0.7157586852425633 -0.03207235041990051
v 0.05670261150536545 0.7173107902425633 -0.027958873619900515
v 0.05629081465536545 0.7182183902425633 -0.02858217061990051
v 0.05618968233536545 0.7198944132425632 -0.024028666319900513
v 0.05577838141536545 0.7207946812425633 -0.024662964019900514
v 0.05527449864536545 0.7192291652425632 -0.023706868319900515
v 0.05577169638536545 0.7166992462425632 -0.027555868019900516
v 0.05574395880536545 0.7225604692425632 -0.019874565319900513
v 0.05533616803536545 0.7234466712425632 -0.020530466019900516
v 0.056122634555365446 0.7143304382425633 -0.030917756219900512
v 0.05700939381536545 0.7126037512425633 -0.03421476481990051
v 0.056058251295365444 0.7121802012425632 -0.03356537221990051
v 0.057075145185365446 0.7148529332425633 -0.031446855519900514
v 0.05577169638536545 0.7166992462425632 -0.027555868019900516
v 0.05670261150536545 0.7173107902425633 -0.027958873619900515
v 0.05478576850536545 0.7172290122425633 -0.027930166619900512
v 0.05512192938536545 0.7149133722425632 -0.03121615941990051
v 0.05429770707536545 0.7197186392425633 -0.024142161019900514
v 0.05527449864536545 0.7192291652425632 -0.023706868319900515
v 0.05386246927536545 0.7223132292425632 -0.020098269019900514
v 0.054834167475365445 0.7218597572425632 -0.01960746201990051
v 0.05618968233536545 0.7198944132425632 -0.024028666319900513
v 0.05574395880536545 0.7225604692425632 -0.019874565319900513
v 0.055430748495365445 0.7252606192425632 -0.01571866121990051
v 0.05533616803536545 0.7234466712425632 -0.020530466019900516
v 0.05501707270536545 0.7261248862425632 -0.016407959119900513
v 0.055123317055365446 0.7279461662425633 -0.011784259219900513
v 0.05471098609536545 0.7287774722425633 -0.012522757019900514
v 0.054176871675365446 0.7272027772425632 -0.011595927219900513
v 0.05450276564536545 0.7245349322425633 -0.01549493891990051
v 0.05321157727536545 0.7275738752425632 -0.01220756771990051
v 0.053525325875365445 0.7249512112425632 -0.016042739119900513
v 0.05371571797536545 0.7298071422425633 -0.008130867019900512
v 0.05464951228536545 0.7305688892425632 -0.008297961219900514
v 0.05286192617536545 0.7325812022425633 -0.004852041619900507
v 0.054253270875365446 0.7313525712425633 -0.009098656519900515
v 0.053763568375365445 0.7333642882425633 -0.004999861119900514
v 0.053395755575365446 0.7340997492425633 -0.005857661319900516
v 0.05238094557536545 0.7361536062425632 -0.001999162119900519
v 0.05205238147536545 0.7368487752425632 -0.0029005557199005133
v 0.05046249177536545 0.7389349382425633 0.0007514431800994814
v 0.05018196347536545 0.7395965492425632 -0.00018375361990051464
v 0.04962444587536545 0.7381097712425633 0.0008603483800994904
v 0.05151536227536545 0.7353473342425633 -0.0018709600199005166
v 0.04804039187536545 0.7417078052425633 0.0033004358800994837
v 0.04779838767536545 0.7423419392425632 0.0023403316800994917
v 0.04722431487536545 0.7408673202425633 0.00339543078009949
v 0.045414812875365446 0.7444714342425632 0.005696929980099491
v 0.045191310375365445 0.7450860772425633 0.004720039680099486
v 0.04270859067536545 0.7472259442425633 0.007989734380099492
v 0.04249660667536545 0.7478290242425633 0.007003135980099481
v 0.04190921967536545 0.7463678162425632 0.00806993248009949
v 0.04460899527536545 0.7436200422425633 0.005782537180099481
v 0.040326502175365445 0.7479473982425633 0.009356334780099493
v 0.03955040317536545 0.7503827252425632 0.010568641080099486
v 0.03754603117536545 0.7098730842425632 0.0036752223800994854
v 0.03689166347536545 0.7097430862425632 0.0046392380800994865
v 0.03680831377536545 0.7099584972425632 0.0027292668800994874
v 0.039599917875365445 0.7480475342425632 0.008436441380099483
v 0.03705279527536545 0.7055871522425633 0.00285376608009949
v 0.03638614717536545 0.7054290812425632 0.0038082301800994867
v 0.03573905307536544 0.7097491662425632 0.004284292480099483
v 0.03525290447536544 0.7055072222425632 0.0034722611800994813
v 0.036659702675365446 0.7013440172425632 0.0018215924800994848
v 0.035986905875365446 0.7011407652425633 0.002764292080099484
v 0.03647650967536545 0.6971862952425633 0.0006309598800994937
v 0.03580352847536545 0.6969342272425633 0.0015605315800994862
v 0.03654656187536545 0.6931384242425632 -0.000699341319900515
v 0.03588323857536545 0.6928345002425632 0.00021714718009949174
v 0.03468291647536545 0.6971551812425633 0.0012633576800994833
v 0.03475178587536545 0.6930975352425632 -7.063891990051474e-05
v 0.03580352847536545 0.6969342272425633 0.0015605315800994862
v 0.034864813075365444 0.7013006842425632 0.002449989280099485
v 0.035986905875365446 0.7011407652425633 0.002764292080099484
v 0.03525290447536544 0.7055072222425632 0.0034722611800994813
v 0.03638614717536545 0.7054290812425632 0.0038082301800994867
v 0.035766547575365445 0.6975628772425633 -0.00024310501990051914
v 0.036659702675365446 0.7013440172425632 0.0018215924800994848
v 0.03595341187536545 0.7016296422425633 0.0009248032800994871
v 0.03705279527536545 0.7055871522425633 0.00285376608009949
v 0.03465803337536545 0.6975439822425632 0.00014779718009948206
v 0.036329748075365445 0.7057629862425633 0.001926980880099488
v 0.03754603117536545 0.7098730842425632 0.0036752223800994854
v 0.03680831377536545 0.7099584972425632 0.0027292668800994874
v 0.03484421227536545 0.7016028202425633 0.0013131946800994804
v 0.03468291647536545 0.6971551812425633 0.0012633576800994833
v 0.034864813075365444 0.7013006842425632 0.002449989280099485
v 0.03475178587536545 0.6930975352425632 -7.063891990051474e-05
v 0.03521932847536545 0.7057135142425632 0.002310186580099488
v 0.03472285527536545 0.6935644782425633 -0.0011617020199005124
v 0.035044252875365445 0.6891522442425633 -0.0015676543199005105
v 0.035012641875365444 0.6896917852425632 -0.0026301220199005104
v 0.03525290447536544 0.7055072222425632 0.0034722611800994813
v 0.03569014187536545 0.7098822032425632 0.0031050145800994855
v 0.03573905307536544 0.7097491662425632 0.004284292480099483
v 0.038374902675365447 0.7505450882425633 0.009080141780099485
v 0.038344308775365446 0.7519885342425633 0.010397933380099492
v 0.039599917875365445 0.7480475342425632 0.008436441380099483
v 0.03680831377536545 0.7099584972425632 0.0027292668800994874
v 0.041566088775365446 0.7473431862425632 0.006473436980099487
v 0.04249660667536545 0.7478290242425633 0.007003135980099481
v 0.04120312067536545 0.7464404742425632 0.007132835680099481
v 0.04424739997536545 0.7446143072425633 0.004201732580099482
v 0.045191310375365445 0.7450860772425633 0.004720039680099486
v 0.04190921967536545 0.7463678162425632 0.00806993248009949
v 0.040326502175365445 0.7479473982425633 0.009356334780099493
v 0.04460899527536545 0.7436200422425633 0.005782537180099481
v 0.04388752207536545 0.7437078992425632 0.004858434180099486
v 0.04683281107536545 0.7418926992425633 0.0018419325800994868
v 0.04779838767536545 0.7423419392425632 0.0023403316800994917
v 0.046477893375365446 0.7409814632425632 0.0024940371800994815
v 0.04388752207536545 0.7437078992425632 0.004858434180099486
v 0.04916938117536545 0.7391790782425632 -0.0006528571199005129
v 0.05018196347536545 0.7395965492425632 -0.00018375361990051464
v 0.05098710767536545 0.7364727892425632 -0.0033294633199005136
v 0.05205238147536545 0.7368487752425632 -0.0029005557199005133
v 0.04882641137536545 0.7382605112425632 -7.554919900509827e-06
v 0.04916938117536545 0.7391790782425632 -0.0006528571199005129
v 0.046477893375365446 0.7409814632425632 0.0024940371800994815
v 0.04388752207536545 0.7437078992425632 0.004858434180099486
v 0.04460899527536545 0.7436200422425633 0.005782537180099481
v 0.04916938117536545 0.7391790782425632 -0.0006528571199005129
v 0.05065571517536545 0.7355444472425633 -0.0026930570199005105
v 0.05098710767536545 0.7364727892425632 -0.0033294633199005136
v 0.04460899527536545 0.7436200422425633 0.005782537180099481
v 0.04804039187536545 0.7417078052425633 0.0033004358800994837
v 0.045414812875365446 0.7444714342425632 0.005696929980099491
v 0.05512192938536545 0.7149133722425632 -0.03121615941990051
v 0.056122634555365446 0.7143304382425633 -0.030917756219900512
v 0.056058251295365444 0.7121802012425632 -0.03356537221990051
v 0.055059668605365444 0.7128003272425633 -0.03381996231990051
v 0.05545654986536545 0.7157965342425633 -0.03192975741990051
v 0.05539418477536545 0.7136071962425633 -0.03462686761990051
v 0.05510530713536545 0.7181677262425632 -0.028564468019900514
v 0.05478576850536545 0.7172290122425633 -0.027930166619900512
v 0.05460917670536545 0.7206860822425633 -0.02473307031990051
v 0.05429770707536545 0.7197186392425633 -0.024142161019900514
v 0.05417039147536545 0.7232940832425633 -0.02066866311990051
v 0.05386246927536545 0.7223132292425632 -0.020098269019900514
v 0.05533616803536545 0.7234466712425632 -0.020530466019900516
v 0.05577838141536545 0.7207946812425633 -0.024662964019900514
v 0.05501707270536545 0.7261248862425632 -0.016407959119900513
v 0.05417039147536545 0.7232940832425633 -0.02066866311990051
v 0.05533616803536545 0.7234466712425632 -0.020530466019900516
v 0.053849065675365446 0.7259338532425632 -0.016604959919900512
v 0.05386246927536545 0.7223132292425632 -0.020098269019900514
v 0.053525325875365445 0.7249512112425632 -0.016042739119900513
v 0.05450276564536545 0.7245349322425633 -0.01549493891990051
v 0.055430748495365445 0.7252606192425632 -0.01571866121990051
v 0.05574395880536545 0.7225604692425632 -0.019874565319900513
v 0.054834167475365445 0.7218597572425632 -0.01960746201990051
v 0.053525325875365445 0.7249512112425632 -0.016042739119900513
v 0.05386246927536545 0.7223132292425632 -0.020098269019900514
v 0.05471098609536545 0.7287774722425633 -0.012522757019900514
v 0.053849065675365446 0.7259338532425632 -0.016604959919900512
v 0.05501707270536545 0.7261248862425632 -0.016407959119900513
v 0.05355230997536545 0.7285473982425632 -0.012777160819900511
v 0.054253270875365446 0.7313525712425633 -0.009098656519900515
v 0.053525325875365445 0.7249512112425632 -0.016042739119900513
v 0.05321157727536545 0.7275738752425632 -0.01220756771990051
v 0.05311170317536545 0.7310760652425633 -0.009414561119900515
v 0.053395755575365446 0.7340997492425633 -0.005857661319900516
v 0.05228567407536545 0.7337713872425633 -0.006234761319900514
v 0.054253270875365446 0.7313525712425633 -0.009098656519900515
v 0.05205238147536545 0.7368487752425632 -0.0029005557199005133
v 0.05228567407536545 0.7337713872425633 -0.006234761319900514
v 0.05098710767536545 0.7364727892425632 -0.0033294633199005136
v 0.05228567407536545 0.7337713872425633 -0.006234761319900514
v 0.05276794637536545 0.7301208412425633 -0.00882096591990051
v 0.05195541117536545 0.7328326742425633 -0.005613178019900508
v 0.05098710767536545 0.7364727892425632 -0.0033294633199005136
v 0.05065571517536545 0.7355444472425633 -0.0026930570199005105
v 0.05371571797536545 0.7298071422425633 -0.008130867019900512
v 0.05286192617536545 0.7325812022425633 -0.004852041619900507
v 0.054176871675365446 0.7272027772425632 -0.011595927219900513
v 0.05321157727536545 0.7275738752425632 -0.01220756771990051
v 0.05311170317536545 0.7310760652425633 -0.009414561119900515
v 0.05276794637536545 0.7301208412425633 -0.00882096591990051
v 0.05321157727536545 0.7275738752425632 -0.01220756771990051
v 0.05355230997536545 0.7285473982425632 -0.012777160819900511
v 0.05151536227536545 0.7353473342425633 -0.0018709600199005166
v 0.05238094557536545 0.7361536062425632 -0.001999162119900519
v 0.053763568375365445 0.7333642882425633 -0.004999861119900514
v 0.05286192617536545 0.7325812022425633 -0.004852041619900507
v 0.05065571517536545 0.7355444472425633 -0.0026930570199005105
v 0.05151536227536545 0.7353473342425633 -0.0018709600199005166
v 0.05286192617536545 0.7325812022425633 -0.004852041619900507
v 0.05195541117536545 0.7328326742425633 -0.005613178019900508
v 0.04882641137536545 0.7382605112425632 -7.554919900509827e-06
v 0.04962444587536545 0.7381097712425633 0.0008603483800994904
v 0.05151536227536545 0.7353473342425633 -0.0018709600199005166
v 0.05065571517536545 0.7355444472425633 -0.0026930570199005105
v 0.041566088775365446 0.7473431862425632 0.006473436980099487
v 0.04120312067536545 0.7464404742425632 0.007132835680099481
v 0.04388752207536545 0.7437078992425632 0.004858434180099486
v 0.04424739997536545 0.7446143072425633 0.004201732580099482
v 0.03955040317536545 0.7503827252425632 0.010568641080099486
v 0.04249660667536545 0.7478290242425633 0.007003135980099481
v 0.04270859067536545 0.7472259442425633 0.007989734380099492
v 0.038344308775365446 0.7519885342425633 0.010397933380099492
v 0.03689166347536545 0.7097430862425632 0.0046392380800994865
v 0.03521932847536545 0.7057135142425632 0.002310186580099488
v 0.036329748075365445 0.7057629862425633 0.001926980880099488
v 0.03680831377536545 0.7099584972425632 0.0027292668800994874
v 0.03569014187536545 0.7098822032425632 0.0031050145800994855
v 0.03484421227536545 0.7016028202425633 0.0013131946800994804
v 0.036329748075365445 0.7057629862425633 0.001926980880099488
v 0.03583205487536545 0.6935901082425633 -0.001550197619900509
v 0.03647650967536545 0.6971862952425633 0.0006309598800994937
v 0.035766547575365445 0.6975628772425633 -0.00024310501990051914
v 0.03654656187536545 0.6931384242425632 -0.000699341319900515
v 0.03612443427536545 0.6897363702425633 -0.003009520519900513
v 0.036835815775365446 0.6892249022425633 -0.0021850243199005165
v 0.03588323857536545 0.6928345002425632 0.00021714718009949174
v 0.036181798175365446 0.6888641752425633 -0.0012877285199005134
v 0.03475178587536545 0.6930975352425632 -7.063891990051474e-05
v 0.035044252875365445 0.6891522442425633 -0.0015676543199005105
v 0.03664316977536545 0.6850482262425632 -0.0029810667199005186
v 0.03551159617536545 0.6853460702425632 -0.003253549319900517
v 0.037296900575365444 0.6854705852425632 -0.0038480088199005086
v 0.03658273447536545 0.6860290802425633 -0.004650220319900519
v 0.03713576127536545 0.6825274862425632 -0.006485264719900512
v 0.03784590957536545 0.6819293532425632 -0.005709249519900511
v 0.03547996467536545 0.6859521902425633 -0.004282556519900518
v 0.03551159617536545 0.6853460702425632 -0.003253549319900517
v 0.035044252875365445 0.6891522442425633 -0.0015676543199005105
v 0.03607827047536545 0.6816638152425633 -0.005189538019900519
v 0.03604539487536545 0.6823639312425632 -0.006163094219900515
v 0.03713576127536545 0.6825274862425632 -0.006485264719900512
v 0.03678309167536545 0.6796582382425632 -0.008114293219900516
v 0.037845220375365446 0.6799688972425633 -0.008325330919900516
v 0.037845220375365446 0.6799688972425633 -0.008325330919900516
v 0.03784590957536545 0.6819293532425632 -0.005709249519900511
v 0.038555525275365446 0.6793298762425632 -0.007583744819900512
v 0.035012641875365444 0.6896917852425632 -0.0026301220199005104
v 0.03583205487536545 0.6935901082425633 -0.001550197619900509
v 0.03472285527536545 0.6935644782425633 -0.0011617020199005124
v 0.03583205487536545 0.6935901082425633 -0.001550197619900509
v 0.035766547575365445 0.6975628772425633 -0.00024310501990051914
v 0.03465803337536545 0.6975439822425632 0.00014779718009948206
v 0.03893420657536545 0.6777240072425632 -0.010699503119900512
v 0.037845220375365446 0.6799688972425633 -0.008325330919900516
v 0.03964994657536545 0.6770422492425633 -0.01000918821990051
v 0.04023125027536545 0.6758679192425633 -0.013521865019900513
v 0.04095789227536545 0.6751440802425632 -0.01290319861990051
v 0.03792976587536545 0.6786242762425633 -0.006915476219900511
v 0.03905884917536545 0.6761859092425633 -0.009517911819900512
v 0.03719617427536545 0.6813952962425632 -0.004906751219900515
v 0.03784590957536545 0.6819293532425632 -0.005709249519900511
v 0.03664316977536545 0.6850482262425632 -0.0029810667199005186
v 0.037296900575365444 0.6854705852425632 -0.0038480088199005086
v 0.03551159617536545 0.6853460702425632 -0.003253549319900517
v 0.03607827047536545 0.6816638152425633 -0.005189538019900519
v 0.04157507237536545 0.6745062512425632 -0.016658145919900516
v 0.04095789227536545 0.6751440802425632 -0.01290319861990051
v 0.04231785607536545 0.6737433112425633 -0.016137972519900512
v 0.040390266075365444 0.6741864122425633 -0.012588351919900514
v 0.04177120517536545 0.6727173362425632 -0.01600217071990051
v 0.04284160957536545 0.6737365762425632 -0.01995057241990051
v 0.04362121787536545 0.6729437742425632 -0.019560977819900516
v 0.04401889997536545 0.6736456792425632 -0.023188773519900514
v 0.04362121787536545 0.6729437742425632 -0.019560977819900516
v 0.04486171897536545 0.6728473342425633 -0.022974472519900514
v 0.04499592077536545 0.6743054422425633 -0.026224281619900515
v 0.04401889997536545 0.6736456792425632 -0.023188773519900514
v 0.04589821027536545 0.6735479872425633 -0.02618838471990051
v 0.04443130827536545 0.6717755232425633 -0.023222677419900514
v 0.04311851787536545 0.6718781032425633 -0.01960857581990051
v 0.04362121787536545 0.6729437742425632 -0.019560977819900516
v 0.04177120517536545 0.6727173362425632 -0.01600217071990051
v 0.04231785607536545 0.6737433112425633 -0.016137972519900512
v 0.04554931817536545 0.6725286882425633 -0.026681166119900512
v 0.04332241227536544 0.6719116602425632 -0.02359037471990051
v 0.04669861127536545 0.6746893562425632 -0.028340272619900513
v 0.04644550567536545 0.6738007102425633 -0.02908177301990051
v 0.04443130827536545 0.6726556462425632 -0.027021668819900514
v 0.04769821467536545 0.6763061922425633 -0.030100278519900513
v 0.04644550567536545 0.6738007102425633 -0.02908177301990051
v 0.04754791597536545 0.6755835452425633 -0.03102286161990051
v 0.04649071027536544 0.6758019962425632 -0.03149046751990051
v 0.04534801657536545 0.6739538942425632 -0.02947846431990051
v 0.04644550567536545 0.6738007102425633 -0.02908177301990051
v 0.04443130827536545 0.6726556462425632 -0.027021668819900514
v 0.04554931817536545 0.6725286882425633 -0.026681166119900512
v 0.048862116375365444 0.6783258352425633 -0.031521674219900514
v 0.048801500375365445 0.6777588162425633 -0.032553873919900514
v 0.04769821467536545 0.6763061922425633 -0.030100278519900513
v 0.04787681807536545 0.6789544862425633 -0.03139347581990051
v 0.04673382077536545 0.6769708432425633 -0.029997568619900515
v 0.04669861127536545 0.6746893562425632 -0.028340272619900513
v 0.045757601075365445 0.6753924522425633 -0.02827877921990051
v 0.04589821027536545 0.6735479872425633 -0.02618838471990051
v 0.04499592077536545 0.6743054422425633 -0.026224281619900515
v 0.05013290607536545 0.6806366482425632 -0.03261085971990051
v 0.048801500375365445 0.6777588162425633 -0.032553873919900514
v 0.050146219275365445 0.6802045142425632 -0.033706460119900514
v 0.04720741507536545 0.6787762682425632 -0.03234646091990051
v 0.04673382077536545 0.6769708432425633 -0.029997568619900515
v 0.04598751287536545 0.6766595882425632 -0.03085676951990051
v 0.04777889507536545 0.6780371102425633 -0.03306357191990051
v 0.04649071027536544 0.6758019962425632 -0.03149046751990051
v 0.044922906875365445 0.6749377882425632 -0.028982266819900515
v 0.04534801657536545 0.6739538942425632 -0.02947846431990051
v 0.045757601075365445 0.6753924522425633 -0.02827877921990051
v 0.04673382077536545 0.6769708432425633 -0.029997568619900515
v 0.04499592077536545 0.6743054422425633 -0.026224281619900515
v 0.044089319175365446 0.6737536822425633 -0.026739265719900512
v 0.04306759127536545 0.6730676332425632 -0.023569472119900514
v 0.04332241227536544 0.6719116602425632 -0.02359037471990051
v 0.04306759127536545 0.6730676332425632 -0.023569472119900514
v 0.041857112175365446 0.6731604372425632 -0.020239077519900513
v 0.04202820177536545 0.6720117372425632 -0.02002767841990051
v 0.04057093897536545 0.6739520472425633 -0.016843073119900513
v 0.04068779197536545 0.6728460822425633 -0.01643957201990051
v 0.04443130827536545 0.6717755232425633 -0.023222677419900514
v 0.04332241227536544 0.6719116602425632 -0.02359037471990051
v 0.04311851787536545 0.6718781032425633 -0.01960857581990051
v 0.04068779197536545 0.6728460822425633 -0.01643957201990051
v 0.04177120517536545 0.6727173362425632 -0.01600217071990051
v 0.03683380597536545 0.6788269322425633 -0.0072436631199005105
v 0.03604539487536545 0.6823639312425632 -0.006163094219900515
v 0.03607827047536545 0.6816638152425633 -0.005189538019900519
v 0.03678309167536545 0.6796582382425632 -0.008114293219900516
v 0.03797897697536545 0.6763384972425632 -0.009904023219900512
v 0.037904990875365446 0.6772894302425633 -0.010632917319900514
v 0.03931445817536545 0.6743182572425632 -0.013011772219900512
v 0.03893420657536545 0.6777240072425632 -0.010699503119900512
v 0.03922054547536545 0.6753577032425633 -0.013586722319900511
v 0.04068779197536545 0.6728460822425633 -0.01643957201990051
v 0.04023125027536545 0.6758679192425633 -0.013521865019900513
v 0.04057093897536545 0.6739520472425633 -0.016843073119900513
v 0.04157507237536545 0.6745062512425632 -0.016658145919900516
v 0.041857112175365446 0.6731604372425632 -0.020239077519900513
v 0.04284160957536545 0.6737365762425632 -0.01995057241990051
v 0.04306759127536545 0.6730676332425632 -0.023569472119900514
v 0.04401889997536545 0.6736456792425632 -0.023188773519900514
v 0.03792976587536545 0.6786242762425633 -0.006915476219900511
v 0.03607827047536545 0.6816638152425633 -0.005189538019900519
v 0.03719617427536545 0.6813952962425632 -0.004906751219900515
v 0.03683380597536545 0.6788269322425633 -0.0072436631199005105
v 0.03905884917536545 0.6761859092425633 -0.009517911819900512
v 0.03797897697536545 0.6763384972425632 -0.009904023219900512
v 0.040390266075365444 0.6741864122425633 -0.012588351919900514
v 0.03931445817536545 0.6743182572425632 -0.013011772219900512
v 0.03797897697536545 0.6763384972425632 -0.009904023219900512
v 0.03905884917536545 0.6761859092425633 -0.009517911819900512
v 0.04095789227536545 0.6751440802425632 -0.01290319861990051
v 0.040390266075365444 0.6741864122425633 -0.012588351919900514
v 0.03905884917536545 0.6761859092425633 -0.009517911819900512
v 0.03964994657536545 0.6770422492425633 -0.01000918821990051
v 0.04177120517536545 0.6727173362425632 -0.01600217071990051
v 0.04068779197536545 0.6728460822425633 -0.01643957201990051
v 0.03931445817536545 0.6743182572425632 -0.013011772219900512
v 0.040390266075365444 0.6741864122425633 -0.012588351919900514
v 0.044089319175365446 0.6737536822425633 -0.026739265719900512
v 0.04499592077536545 0.6743054422425633 -0.026224281619900515
v 0.04401889997536545 0.6736456792425632 -0.023188773519900514
v 0.04306759127536545 0.6730676332425632 -0.023569472119900514
v 0.048801500375365445 0.6777588162425633 -0.032553873919900514
v 0.04649071027536544 0.6758019962425632 -0.03149046751990051
v 0.04754791597536545 0.6755835452425633 -0.03102286161990051
v 0.04777889507536545 0.6780371102425633 -0.03306357191990051
v 0.049151804275365446 0.6805340682425632 -0.034240365019900514
v 0.049151804275365446 0.6805340682425632 -0.034240365019900514
v 0.04852379117536545 0.6811700502425633 -0.03347477311990051
v 0.04720741507536545 0.6787762682425632 -0.03234646091990051
v 0.04777889507536545 0.6780371102425633 -0.03306357191990051
v 0.04913021347536545 0.6812335292425632 -0.03246767441990051
v 0.05013290607536545 0.6806366482425632 -0.03261085971990051
v 0.048862116375365444 0.6783258352425633 -0.031521674219900514
v 0.04787681807536545 0.6789544862425633 -0.03139347581990051
v 0.04852379117536545 0.6811700502425633 -0.03347477311990051
v 0.04720741507536545 0.6787762682425632 -0.03234646091990051
v 0.05055359097536545 0.6831781302425632 -0.03505735471990051
v 0.04987812317536545 0.6837244072425632 -0.03426406901990051
v 0.04852379117536545 0.6811700502425633 -0.03347477311990051
v 0.049151804275365446 0.6805340682425632 -0.034240365019900514
v 0.04987812317536545 0.6837244072425632 -0.03426406901990051
v 0.04913021347536545 0.6812335292425632 -0.03246767441990051
v 0.04852379117536545 0.6811700502425633 -0.03347477311990051
v 0.050432093475365446 0.6836890022425632 -0.03322647141990051
v 0.05013290607536545 0.6806366482425632 -0.03261085971990051
v 0.05145000667536545 0.6831207312425632 -0.033378470719900515
v 0.050146219275365445 0.6802045142425632 -0.033706460119900514
v 0.05152511877536545 0.6828045882425633 -0.034510061119900515
v 0.05275200117536545 0.6856567892425632 -0.03383957221990051
v 0.049151804275365446 0.6805340682425632 -0.034240365019900514
v 0.05055359097536545 0.6831781302425632 -0.03505735471990051
v 0.05288158637536545 0.6854473982425633 -0.03499046341990051
v 0.05192970487536545 0.6858587902425632 -0.03554466361990051
v 0.05414204857536545 0.6880347172425633 -0.035172272519900516
v 0.05319043437536545 0.6884478962425632 -0.03572576861990051
v 0.05192970487536545 0.6858587902425632 -0.03554466361990051
v 0.04987812317536545 0.6837244072425632 -0.03426406901990051
v 0.05055359097536545 0.6831781302425632 -0.03505735471990051
v 0.05121181717536545 0.6863226332425633 -0.034736271919900516
v 0.05319043437536545 0.6884478962425632 -0.03572576861990051
v 0.05241059977536545 0.6888195912425632 -0.03491035471990051
v 0.054533798245365445 0.6923919952425632 -0.03571315851990051
v 0.05368336477536545 0.6926544342425632 -0.03489755841990051
v 0.05517510604536545 0.6965002452425633 -0.03554025661990051
v 0.05427892877536545 0.6966546812425632 -0.034729462119900516
v 0.05529785901536545 0.7007232942425633 -0.03517166151990051
v 0.054375856175365445 0.7007886212425632 -0.03436895461990051
v 0.05511734262536545 0.7049914632425632 -0.03457216541990051
v 0.05469435453536545 0.6964679402425632 -0.03367197141990051
v 0.054177015075365445 0.7049853842425633 -0.03377956521990051
v 0.054856226775365446 0.7092352542425633 -0.03370556231990051
v 0.05390230377536545 0.7091754112425632 -0.03292427211990051
v 0.05475839413536545 0.7133856452425632 -0.032535269819900514
v 0.05379509177536545 0.7132886092425632 -0.03176466001990051
v 0.05476294271536545 0.7005816732425633 -0.03331316261990051
v 0.054266503075365444 0.7088562282425632 -0.03188837321990051
v 0.05584989301536545 0.6961981692425633 -0.03382927181990051
v 0.05592625401536545 0.7003881972425633 -0.03346336631990051
v 0.05525183863536545 0.6920843762425632 -0.03400257231990051
v 0.054125292275365444 0.6924639982425632 -0.033840466319900515
v 0.05414944887536545 0.7128766212425632 -0.03075475991990051
v 0.05406263567536545 0.7172088662425632 -0.030277553919900516
v 0.05543453898536545 0.7087188992425633 -0.032029457419900514
v 0.055708052595365445 0.7045849602425632 -0.03287367151990051
v 0.05454489495536545 0.7047345082425632 -0.032729856719900516
v 0.05592625401536545 0.7003881972425633 -0.03346336631990051
v 0.05476294271536545 0.7005816732425633 -0.03331316261990051
v 0.056062499995365445 0.7047442832425632 -0.03401226181990051
v 0.05533307325536545 0.7127191462425633 -0.030901260719900514
v 0.05580494180536545 0.7089526692425633 -0.03315256161990051
v 0.05441289677536545 0.7167254722425632 -0.02929496391990051
v 0.05559938680536545 0.7165619172425632 -0.029444366719900514
v 0.05502061638536545 0.7237139982425632 -0.027445070419900512
v 0.05537819117536545 0.7232269682425633 -0.02646406371990051
v 0.05559938680536545 0.7165619172425632 -0.029444366719900514
v 0.05654424428536545 0.7231170572425633 -0.026590675119900514
v 0.05511734262536545 0.7049914632425632 -0.03457216541990051
v 0.054856226775365446 0.7092352542425633 -0.03370556231990051
v 0.05529785901536545 0.7007232942425633 -0.03517166151990051
v 0.05625735968536545 0.7004761132425632 -0.034612067019900515
v 0.055708052595365445 0.7045849602425632 -0.03287367151990051
v 0.05614716280536545 0.6962182562425633 -0.03498386591990051
v 0.05584989301536545 0.6961981692425633 -0.03382927181990051
v 0.055503766055365444 0.6920397912425632 -0.03515997151990051
v 0.05525183863536545 0.6920843762425632 -0.03400257231990051
v 0.054533798245365445 0.6923919952425632 -0.03571315851990051
v 0.05319043437536545 0.6884478962425632 -0.03572576861990051
v 0.05414204857536545 0.6880347172425633 -0.035172272519900516
v 0.05121181717536545 0.6863226332425633 -0.034736271919900516
v 0.050432093475365446 0.6836890022425632 -0.03322647141990051
v 0.04987812317536545 0.6837244072425632 -0.03426406901990051
v 0.051720011075365446 0.6861981192425632 -0.03368246181990051
v 0.05145000667536545 0.6831207312425632 -0.033378470719900515
v 0.05275200117536545 0.6856567892425632 -0.03383957221990051
v 0.05287504477536545 0.6886370812425633 -0.033852864019900515
v 0.05241059977536545 0.6888195912425632 -0.03491035471990051
v 0.053950288375365446 0.6881518992425633 -0.03401466461990051
v 0.05288158637536545 0.6854473982425633 -0.03499046341990051
v 0.05414204857536545 0.6880347172425633 -0.035172272519900516
v 0.054125292275365444 0.6924639982425632 -0.033840466319900515
v 0.05525183863536545 0.6920843762425632 -0.03400257231990051
v 0.05368336477536545 0.6926544342425632 -0.03489755841990051
v 0.05241059977536545 0.6888195912425632 -0.03491035471990051
v 0.05427892877536545 0.6966546812425632 -0.034729462119900516
v 0.05469435453536545 0.6964679402425632 -0.03367197141990051
v 0.05525183863536545 0.6920843762425632 -0.03400257231990051
v 0.05414204857536545 0.6880347172425633 -0.035172272519900516
v 0.053950288375365446 0.6881518992425633 -0.03401466461990051
v 0.055503766055365444 0.6920397912425632 -0.03515997151990051
v 0.05614716280536545 0.6962182562425633 -0.03498386591990051
v 0.054533798245365445 0.6923919952425632 -0.03571315851990051
v 0.05517510604536545 0.6965002452425633 -0.03554025661990051
v 0.05625735968536545 0.7004761132425632 -0.034612067019900515
v 0.05529785901536545 0.7007232942425633 -0.03517166151990051
v 0.054177015075365445 0.7049853842425633 -0.03377956521990051
v 0.05476294271536545 0.7005816732425633 -0.03331316261990051
v 0.054375856175365445 0.7007886212425632 -0.03436895461990051
v 0.05454489495536545 0.7047345082425632 -0.032729856719900516
v 0.05390230377536545 0.7091754112425632 -0.03292427211990051
v 0.054266503075365444 0.7088562282425632 -0.03188837321990051
v 0.05570942629536545 0.7130334412425633 -0.03200167041990051
v 0.054856226775365446 0.7092352542425633 -0.03370556231990051
v 0.05580494180536545 0.7089526692425633 -0.03315256161990051
v 0.05475839413536545 0.7133856452425632 -0.032535269819900514
v 0.05597306042536545 0.7169439832425633 -0.030519254519900514
v 0.05501924734536545 0.7173437512425632 -0.031034160419900515
v 0.05691243894536545 0.7235357802425633 -0.027649860819900514
v 0.05597411841536545 0.7239044342425632 -0.028177868619900515
v 0.05559938680536545 0.7165619172425632 -0.029444366719900514
v 0.057878563185365446 0.7297675052425633 -0.023712255019900513
v 0.05824677692536545 0.7302038702425633 -0.024763654919900513
v 0.05874177208536545 0.7364485302425633 -0.020704891519900515
v 0.059092743325365446 0.7368995582425633 -0.021749995619900514
v 0.058117525655365446 0.7371431032425633 -0.022332195219900514
v 0.05728675099536545 0.7305035632425633 -0.02532165871990051
v 0.05824677692536545 0.7302038702425633 -0.024763654919900513
v 0.05597411841536545 0.7239044342425632 -0.028177868619900515
v 0.05691243894536545 0.7235357802425633 -0.027649860819900514
v 0.05533307325536545 0.7127191462425633 -0.030901260719900514
v 0.05580494180536545 0.7089526692425633 -0.03315256161990051
v 0.05543453898536545 0.7087188992425633 -0.032029457419900514
v 0.05570942629536545 0.7130334412425633 -0.03200167041990051
v 0.05559938680536545 0.7165619172425632 -0.029444366719900514
v 0.05597306042536545 0.7169439832425633 -0.030519254519900514
v 0.05501924734536545 0.7173437512425632 -0.031034160419900515
v 0.05406263567536545 0.7172088662425632 -0.030277553919900516
v 0.05379509177536545 0.7132886092425632 -0.03176466001990051
v 0.05475839413536545 0.7133856452425632 -0.032535269819900514
v 0.05597411841536545 0.7239044342425632 -0.028177868619900515
v 0.05502061638536545 0.7237139982425632 -0.027445070419900512
v 0.05501924734536545 0.7173437512425632 -0.031034160419900515
v 0.05728675099536545 0.7305035632425633 -0.02532165871990051
v 0.05502061638536545 0.7237139982425632 -0.027445070419900512
v 0.05633208993536545 0.7302526872425632 -0.02461505311990051
v 0.058117525655365446 0.7371431032425633 -0.022332195219900514
v 0.056697418445365445 0.7297973672425633 -0.023620456419900515
v 0.057163975205365446 0.7368422192425632 -0.021646987619900512
v 0.056697418445365445 0.7297973672425633 -0.023620456419900515
v 0.05754948826536545 0.7364131252425632 -0.020641289619900513
v 0.05874177208536545 0.7364485302425633 -0.020704891519900515
v 0.057878563185365446 0.7297675052425633 -0.023712255019900513
v 0.056697418445365445 0.7297973672425633 -0.023620456419900515
v 0.05654424428536545 0.7231170572425633 -0.026590675119900514
v 0.05537819117536545 0.7232269682425633 -0.02646406371990051
v 0.05880929669536545 0.7439566292425632 -0.019291471719900512
v 0.05786873586536545 0.7436178962425632 -0.018622677819900513
v 0.057163975205365446 0.7368422192425632 -0.021646987619900512
v 0.058117525655365446 0.7371431032425633 -0.022332195219900514
v 0.05786873586536545 0.7436178962425632 -0.018622677819900513
v 0.05754948826536545 0.7364131252425632 -0.020641289619900513
v 0.057163975205365446 0.7368422192425632 -0.021646987619900512
v 0.05827479576536545 0.7432083522425632 -0.017608474919900516
v 0.05874177208536545 0.7364485302425633 -0.020704891519900515
v 0.05946685513536545 0.7432944212425633 -0.017650473819900515
v 0.059092743325365446 0.7368995582425633 -0.021749995619900514
v 0.059797060205365446 0.7437570132425633 -0.018690675519900515
v 0.058117525655365446 0.7371431032425633 -0.022332195219900514
v 0.05880929669536545 0.7439566292425632 -0.019291471719900512
v 0.060068666935365445 0.7504544292425632 -0.015833266119900512
v 0.059080431235365445 0.7506241242425632 -0.01644726841990051
v 0.059080431235365445 0.7506241242425632 -0.01644726841990051
v 0.05816247221536545 0.7502579132425633 -0.015789970719900515
v 0.05786873586536545 0.7436178962425632 -0.018622677819900513
v 0.05880929669536545 0.7439566292425632 -0.019291471719900512
v 0.05816247221536545 0.7502579132425633 -0.015789970719900515
v 0.05827479576536545 0.7432083522425632 -0.017608474919900516
v 0.05786873586536545 0.7436178962425632 -0.018622677819900513
v 0.05858453037536545 0.7498623762425632 -0.014769766519900515
v 0.05946685513536545 0.7432944212425633 -0.017650473819900515
v 0.05976387252536545 0.7499838512425633 -0.014796573619900513
v 0.059797060205365446 0.7437570132425633 -0.018690675519900515
v 0.060068666935365445 0.7504544292425632 -0.015833266119900512
v 0.06001863209536545 0.7562849562425632 -0.01216654851990051
v 0.060310723725365445 0.7567604222425632 -0.013201247919900516
v 0.06095382897536545 0.7629861872425633 -0.00928025321990051
v 0.06124572968536545 0.7634628452425632 -0.010314255919900511
v 0.059080431235365445 0.7506241242425632 -0.01644726841990051
v 0.059324548115365444 0.7569118182425633 -0.01382295041990051
v 0.059324548115365444 0.7569118182425633 -0.01382295041990051
v 0.05816247221536545 0.7502579132425633 -0.015789970719900515
v 0.059080431235365445 0.7506241242425632 -0.01644726841990051
v 0.05842282995536545 0.7565296922425633 -0.013172552019900516
v 0.06026024091536545 0.7636081022425633 -0.010938551319900514
v 0.05935924733536545 0.7632205522425632 -0.010290358219900514
v 0.05885183066536545 0.7561421432425632 -0.012148849619900516
v 0.05978782894536545 0.7628360432425633 -0.009265452619900513
v 0.05842282995536545 0.7565296922425633 -0.013172552019900516
v 0.05858453037536545 0.7498623762425632 -0.014769766519900515
v 0.05816247221536545 0.7502579132425633 -0.015789970719900515
v 0.05885183066536545 0.7561421432425632 -0.012148849619900516
v 0.05976387252536545 0.7499838512425633 -0.014796573619900513
v 0.06001863209536545 0.7562849562425632 -0.01216654851990051
v 0.05978782894536545 0.7628360432425633 -0.009265452619900513
v 0.06095382897536545 0.7629861872425633 -0.00928025321990051
v 0.05935924733536545 0.7632205522425632 -0.010290358219900514
v 0.06124572968536545 0.7634628452425632 -0.010314255919900511
v 0.06026024091536545 0.7636081022425633 -0.010938551319900514
v 0.06124572968536545 0.7634628452425632 -0.010314255919900511
v 0.06026024091536545 0.7636081022425633 -0.010938551319900514
v 0.059324548115365444 0.7569118182425633 -0.01382295041990051
v 0.060310723725365445 0.7567604222425632 -0.013201247919900516
v 0.10574735697536544 -0.03872164715743675 -0.17613151681990052
v 0.10508959737536544 -0.03955002875743675 -0.1757002998199005
v 0.10685333237536546 -0.039063118357436755 -0.17589484881990053
v 0.10717847567536545 -0.03977944325743675 -0.1754694138199005
v 0.10580978167536545 -0.040391687257436755 -0.17519088881990053
v 0.10927866767536545 -0.034026384357436754 -0.1620000824199005
v 0.10797127707536544 -0.034627951657436755 -0.16199367491990052
v 0.10508959737536544 -0.03955002875743675 -0.1757002998199005
v 0.10898962987536545 -0.03336665035743675 -0.1625780836199005
v 0.10685333237536546 -0.039063118357436755 -0.17589484881990053
v 0.10782395307536545 -0.03320809825743675 -0.1631177142199005
v 0.10574735697536544 -0.03872164715743675 -0.17613151681990052
v 0.10782395307536545 -0.03320809825743675 -0.1631177142199005
v 0.11028594897536545 -0.02676924315743675 -0.14346356691990053
v 0.10899565737536546 -0.027051106057436755 -0.1447276324199005
v 0.11049789187536545 -0.027276482457436753 -0.1425094232199005
v 0.10936921087536544 -0.02784262965743675 -0.1431464031199005
v 0.10719432677536544 -0.03398630025743675 -0.16275449841990053
v 0.10843620077536545 -0.027708493157436752 -0.14452749491990052
v 0.10899565737536546 -0.027051106057436755 -0.1447276324199005
v 0.09389939907536544 -0.8157062497574368 -0.046255139619900514
v 0.09335719797536544 -0.8150209747574367 -0.04704156331990052
v 0.09355569447536545 -0.8168149557574368 -0.04644116761990051
v 0.09280107167536544 -0.8168149557574368 -0.04734256121990051
v 0.09267837177536545 -0.8157079777574368 -0.047714365619900515
v 0.046637184875365445 -0.8423998317574367 0.0660333181800995
v 0.04770291597536545 -0.8428731527574368 0.06588460518009948
v 0.04584008457536545 -0.8432561717574367 0.06591869918009949
v 0.046413185075365446 -0.8442589607574368 0.0656991601800995
v 0.04756447487536545 -0.8440221507574368 0.0656780751800995
v 0.11183177677536545 -0.007215566957436751 -0.07090333802990051
v 0.09181444717536545 -0.012809257957436752 -0.05439891291990051
v 0.09128875467536544 -0.012659583257436751 -0.05545194541990051
v 0.11105923357536546 -0.007063558357436751 -0.07184471468990052
v 0.038498742475365444 0.7067875902425632 -0.13453181091990052
v 0.037623379375365446 0.7067935502425633 -0.1344266534199005
v 0.03904092867536545 0.7061368262425632 -0.12571464481990052
v 0.03990459627536545 0.7061255012425632 -0.1259168535199005
v 0.03876924517536545 0.7076228302425632 -0.13461147991990052
v 0.041762735675365446 0.7064590492425632 -0.1180474944199005
v 0.04017216897536545 0.7069594302425632 -0.1260208301199005
v 0.03806106187536545 0.7081451452425632 -0.13455554841990053
v 0.04257080887536545 0.7064402732425632 -0.11840623991990051
v 0.04547980617536545 0.7068859972425633 -0.1111853905199005
v 0.03947387077536545 0.7074862752425632 -0.12588288261990052
v 0.037352876775365446 0.7076324862425633 -0.1344413161199005
v 0.042821142775365445 0.7072720562425633 -0.11856069411990051
v 0.04624094257536544 0.7068612612425632 -0.1116307266199005
v 0.04952171537536545 0.7076933422425632 -0.10483651611990051
v 0.038774725075365446 0.7069778482425633 -0.1256936565199005
v 0.037623379375365446 0.7067935502425633 -0.1344266534199005
v 0.03904092867536545 0.7061368262425632 -0.12571464481990052
v 0.042167784675365444 0.7078047432425633 -0.1182974055199005
v 0.04151364977536545 0.7073022762425633 -0.11798023061990051
v 0.041762735675365446 0.7064590492425632 -0.1180474944199005
v 0.04646293447536545 0.7076892292425633 -0.1118390374199005
v 0.05027288667536545 0.7076657452425632 -0.10529745371990051
v 0.053222610575365446 0.7091543712425632 -0.09870756421990051
v 0.045231392575365445 0.7077295222425632 -0.11111845821990052
v 0.04547980617536545 0.7068859972425633 -0.1111853905199005
v 0.045838996775365445 0.7082259092425632 -0.11152244731990052
v 0.05045936817536545 0.7084862032425633 -0.10556306321990051
v 0.054008786575365446 0.7091395892425633 -0.09911049161990051
v 0.05592126585536545 0.7115396302425633 -0.09250804221990051
v 0.04924394837536545 0.7085310852425633 -0.10481724891990052
v 0.04952171537536545 0.7076933422425632 -0.10483651611990051
v 0.04982344897536545 0.7090210352425632 -0.10526627671990052
v 0.05415797417536545 0.7099447882425632 -0.09943955761990052
v 0.05676633119536545 0.7115759292425633 -0.09277573971990051
v 0.05716365063536545 0.7156126532425633 -0.08499422481990052
v 0.05288591607536545 0.7099687492425633 -0.09878760571990051
v 0.053222610575365446 0.7091543712425632 -0.09870756421990051
v 0.05346400477536545 0.7104573282425632 -0.09924000131990052
v 0.056886546315365445 0.7123544252425632 -0.0931736119199005
v 0.05794924963536545 0.7155444662425633 -0.08557981811990051
v 0.05725613841536545 0.7189520632425632 -0.08925941771990051
v 0.05551920644536545 0.7122958342425633 -0.09274047241990051
v 0.05592126585536545 0.7115396302425633 -0.09250804221990051
v 0.05611578188536545 0.7127993742425632 -0.0931518208199005
v 0.05781884398536545 0.7156826892425633 -0.0871644430199005
v 0.05803664447536545 0.7186421192425633 -0.08953031901990051
v 0.057476656515365446 0.7243400852425632 -0.09384800311990052
v 0.05654772464536545 0.7157930172425633 -0.08621696751990052
v 0.05716365063536545 0.7156126532425633 -0.08499422481990052
v 0.05695265997536545 0.7158363502425632 -0.08755823411990052
v 0.05788832902536545 0.7180144232425633 -0.09013784671990051
v 0.05825887899536545 0.7240715062425632 -0.09415411201990051
v 0.057828152085365445 0.7315319812425632 -0.09873592671990052
v 0.05662544444536545 0.7185158172425632 -0.08969951981990051
v 0.05725613841536545 0.7189520632425632 -0.08925941771990051
v 0.05701615568536545 0.7179362812425633 -0.09024242681990051
v 0.05811487417536545 0.7235477012425633 -0.09485010431990051
v 0.05861184326536545 0.7312932052425632 -0.09906223601990051
v 0.05829313024536545 0.7395136992425633 -0.1029723398199005
v 0.05684920540536545 0.7239820992425633 -0.0943548046199005
v 0.057476656515365446 0.7243400852425632 -0.09384800311990052
v 0.05724364519536545 0.7234923282425633 -0.09497413971990051
v 0.058471743945365445 0.7308487332425633 -0.0998122059199005
v 0.05907900072536545 0.7393122952425633 -0.10331842671990052
v 0.05885168304536545 0.7472609322425633 -0.1056288555199005
v 0.05720370029536545 0.7312350902425633 -0.09928423161990052
v 0.057828152085365445 0.7315319812425632 -0.09873592671990052
v 0.057601458855365446 0.7308128512425632 -0.09994940091990051
v 0.05894499039536545 0.7389718932425633 -0.10412363331990052
v 0.05964238848536545 0.7471263442425633 -0.10599781201990052
v 0.059472953905365444 0.7536857762425633 -0.10583548991990052
v 0.05767341842536545 0.7392978112425632 -0.1035636738199005
v 0.05829313024536545 0.7395136992425633 -0.1029723398199005
v 0.05807628855536545 0.7389628922425633 -0.1042752117199005
v 0.05952216358536545 0.7469767962425633 -0.1068684980199005
v 0.06027766456536545 0.7536956702425632 -0.10620905081990051
v 0.060132753565365446 0.7579525742425632 -0.1029081940199005
v 0.058242781085365444 0.7471947112425632 -0.10627151651990052
v 0.05885168304536545 0.7472609322425633 -0.1056288555199005
v 0.05865715723536545 0.7470190562425633 -0.10703765971990051
v 0.06019787071536545 0.7539636532425632 -0.10709316651990052
v 0.06096174451536545 0.7581080832425633 -0.10317754001990051
v 0.06092291092536545 0.7594494852425633 -0.09804482761990052
v 0.05889581888536545 0.7539476192425633 -0.1064887270199005
v 0.059472953905365444 0.7536857762425633 -0.10583548991990052
v 0.05934383626536545 0.7541192802425633 -0.10726602001990052
v 0.06096076220536545 0.7588592802425632 -0.10373026131990051
v 0.061770860805365445 0.7596350352425633 -0.09820340391990051
v 0.06187481130536545 0.7584001462425632 -0.09304301621990052
v 0.05961943836536545 0.7586075102425632 -0.10329444331990051
v 0.060132753565365446 0.7579525742425632 -0.1029081940199005
v 0.06013117544536545 0.7591679732425632 -0.10380250211990051
v 0.061855003705365445 0.7605383432425632 -0.09826026301990051
v 0.06273326603536544 0.7585742512425633 -0.09314608941990052
v 0.06289971084536544 0.7555554542425632 -0.08800987521990052
v 0.06048299046536545 0.7602382342425632 -0.09800368551990052
v 0.06092291092536545 0.7594494852425633 -0.09804482761990052
v 0.061059052825365445 0.7609112892425632 -0.09813683851990052
v 0.06288211082536545 0.7594059742425633 -0.09286155921990051
v 0.06376447889536545 0.7557121552425633 -0.08808171561990051
v 0.06389567587736544 0.7517671622425632 -0.08310905751990051
v 0.06149309384536545 0.7591243422425632 -0.09269479101990051
v 0.06187481130536545 0.7584001462425632 -0.09304301621990052
v 0.06211563805536545 0.7597461382425632 -0.09258263931990052
v 0.06394728395436544 0.7564491662425632 -0.08762934061990052
v 0.06476390094036545 0.7519108692425632 -0.08316369351990051
v 0.06476238934536545 0.7479336892425632 -0.07847840151990051
v 0.06254805775536545 0.7561955492425633 -0.0875130966199005
v 0.06289971084536544 0.7555554542425632 -0.08800987521990052
v 0.06319548818536545 0.7567479052425633 -0.0872779116199005
v 0.06495897501036545 0.7526004352425633 -0.0826499974199005
v 0.06563261232536545 0.7480683962425633 -0.07852212241990052
v 0.06540677277336544 0.7449429672425633 -0.07419756752990052
v 0.06355415552436544 0.7523681562425633 -0.08256159161990051
v 0.06389567587736544 0.7517671622425632 -0.08310905751990051
v 0.06421131343836545 0.7528831402425632 -0.08227787351990051
v 0.06582504475536545 0.7487689292425632 -0.07802136241990051
v 0.06627811631536545 0.7450727862425632 -0.0742334159999005
v 0.06572489463536545 0.7437542712425632 -0.07031833054990051
v 0.06441699236896545 0.7485507172425633 -0.07795061915990051
v 0.06476238934536545 0.7479336892425632 -0.07847840151990051
v 0.06507374969036545 0.7490669522425633 -0.0776681508899005
v 0.06645007338536545 0.7458667192425632 -0.07386625138990051
v 0.06659903260536545 0.7438728252425633 -0.07032332289990051
v 0.06543450563936545 0.7449215692425633 -0.06577906500990051
v 0.06504021852736545 0.7456566132425633 -0.07380824908990051
v 0.06540677277336544 0.7449429672425633 -0.07419756752990052
v 0.06568500725536545 0.7462274472425633 -0.07360348104990051
v 0.06674402928536545 0.7447730932425632 -0.07030406826990052
v 0.06630582059536545 0.7450509702425633 -0.06573602556990052
v 0.06455957621076545 0.7476765552425633 -0.05954305082990051
v 0.06532963959036545 0.7445811662425632 -0.07029599067990051
v 0.06572489463536545 0.7437542712425632 -0.07031833054990051
v 0.06595950329536544 0.7452108892425633 -0.07028717873990051
v 0.06647079670536545 0.7458766142425632 -0.06600549094990052
v 0.06542783946536544 0.7478154342425632 -0.05947824846990051
v 0.06334849563536545 0.7513855132425632 -0.05179261601990051
v 0.06506098003636544 0.7456674612425632 -0.06607512360990052
v 0.06543450563936545 0.7449215692425633 -0.06577906500990051
v 0.06570143904536545 0.7462576662425633 -0.06621506576990051
v 0.06560267659536545 0.7486102622425632 -0.05981790925990051
v 0.06421657293636544 0.7515249882425632 -0.05172664111990051
v 0.06204790319536545 0.7554124632425633 -0.042794823619900516
v 0.06419779986036545 0.7483854922425632 -0.059922765939900514
v 0.06455957621076545 0.7476765552425633 -0.05954305082990051
v 0.06484247415236545 0.7489624062425633 -0.060092639179900514
v 0.06439166278146545 0.7523189222425632 -0.05206786471990051
v 0.06291727279536545 0.7555479442425632 -0.042737750319900514
v 0.06090583535536545 0.7591162362425633 -0.032836455819900516
v 0.06298707693536545 0.7520931992425632 -0.052174620319900514
v 0.06334849563536545 0.7513855132425632 -0.05179261601990051
v 0.06363179418236545 0.7526701722425633 -0.05234473201990052
v 0.06308767525536545 0.7563563622425632 -0.043046517319900515
v 0.061777241065365446 0.7592451612425632 -0.03279711681990051
v 0.060170080515365446 0.7618557852425633 -0.022210143519900513
v 0.061681005635365445 0.7561372552425633 -0.043138856019900515
v 0.06204790319536545 0.7554124632425633 -0.042794823619900516
v 0.06232361053536545 0.7567206062425632 -0.043294409319900515
v 0.06194045767536545 0.7600769442425632 -0.033043228119900514
v 0.06104342685536545 0.7619773782425633 -0.022198833519900513
v 0.05943577503536545 0.7629993002425632 -0.011157535019900515
v 0.06030925037536545 0.7631192242425633 -0.011163324119900515
v 0.06119984853536545 0.7628344932425632 -0.02234675731990051
v 0.06046521384536545 0.7639824192425633 -0.01125145331990051
v 0.06116992700536545 0.7604620492425632 -0.033234667019900514
v 0.06053049303536545 0.7598683272425633 -0.03310687841990051
v 0.06090583535536545 0.7591162362425633 -0.032836455819900516
v 0.06042317626536545 0.7632426652425632 -0.022449504619900515
v 0.05968813644536545 0.7643960752425633 -0.011300135419900513
v 0.05978674627536545 0.7626377982425633 -0.02236507461990051
v 0.060170080515365446 0.7618557852425633 -0.022210143519900513
v 0.059051906685365446 0.7637884652425633 -0.01124209541990051
v 0.05943577503536545 0.7629993002425632 -0.011157535019900515
v 0.038498742475365444 0.7067875902425632 -0.13453181091990052
v 0.03876924517536545 0.7076228302425632 -0.13461147991990052
v 0.03806106187536545 0.7081451452425632 -0.13455554841990053
v 0.037623379375365446 0.7067935502425633 -0.1344266534199005
v 0.037352876775365446 0.7076324862425633 -0.1344413161199005
v 0.06030925037536545 0.7631192242425633 -0.011163324119900515
v 0.05968813644536545 0.7643960752425633 -0.011300135419900513
v 0.06046521384536545 0.7639824192425633 -0.01125145331990051
v 0.05943577503536545 0.7629993002425632 -0.011157535019900515
v 0.059051906685365446 0.7637884652425633 -0.01124209541990051
v 0.12911604347536543 -0.08934158475743675 -0.13962445411990052
v 0.11982903257536545 -0.06464458625743676 -0.1564402357199005
v 0.11872192097536545 -0.06476131455743675 -0.1573105007199005
v 0.12805271897536546 -0.08943257875743675 -0.1404162049199005
v 0.13244345787536543 -0.10220483275743675 -0.1319931820199005
v 0.13140001897536546 -0.10228415975743675 -0.13274928931990052
v 0.13667011257536543 -0.11829295375743676 -0.1257258802199005
v 0.13564170897536545 -0.11836343675743674 -0.1264550201199005
v 0.14353147147536544 -0.15754727675743677 -0.11250933631990051
v 0.14255017787536545 -0.15759005775743676 -0.11315401271990051
v 0.14204727117536545 -0.15748634575743675 -0.11131846531990051
v 0.13515248897536544 -0.11818198475743674 -0.12465081361990052
v 0.13636793197536545 -0.11817973475743676 -0.1246106140199005
v 0.07037716591536544 0.7823622262425632 -0.032021984419900514
v 0.07006219588536544 0.7922900352425633 -0.028155270919900513
v 0.06921302992536545 0.7923771772425633 -0.02878148111990051
v 0.06920996867536544 0.7822468912425633 -0.031940579419900514
v 0.06973216263536544 0.7919929662425632 -0.02719371021990051
v 0.06997035676536545 0.7817060982425632 -0.03028248251990051
v 0.06835817545536545 0.7921338122425633 -0.028206933319900512
v 0.06895858468536545 0.7818415802425632 -0.030865386119900515
v 0.06867902493536544 0.7918964062425633 -0.027225628519900513
v 0.06905012344536544 0.7992175262425633 -0.026630584119900512
v 0.06871060561536545 0.7990103402425632 -0.025649253319900513
v 0.06820821482536545 0.7992358842425632 -0.027271959919900515
v 0.06765887467536545 0.7989004892425633 -0.02568411081990051
v 0.06734837731536544 0.7990397852425632 -0.026686996219900512
v 0.06881956756536545 0.8060043492425633 -0.02516740931990051
v 0.06847112858536544 0.8058748282425633 -0.024176217619900513
v 0.06798450672536545 0.8059629832425632 -0.025816328819900515
v 0.06742072314536544 0.8057534732425633 -0.024212542919900513
v 0.06711997231536544 0.8058079522425633 -0.025226183219900514
v 0.06795628275536544 0.8128824272425632 -0.024507809419900516
v 0.06760023324536545 0.8128149542425632 -0.023513413919900514
v 0.06712704850536545 0.8127934372425633 -0.025159169019900514
v 0.06655095773536544 0.8126843612425633 -0.023550216119900512
v 0.06625850882536545 0.8126710692425633 -0.024567347019900515
v 0.06678255763536545 0.8197503722425632 -0.023976270119900514
v 0.06642077176536546 0.8197277822425633 -0.02298213171990051
v 0.06595772469536546 0.8196271102425633 -0.02462745081990051
v 0.06537233560836544 0.8195904532425633 -0.023018885419900513
v 0.06508616177636545 0.8195282262425633 -0.02403575181990051
v 0.06501337257236545 0.8257040422425632 -0.02366445581990051
v 0.06464803426936545 0.8257083332425632 -0.02267148721990051
v 0.06419126718536544 0.8255601562425633 -0.024314731319900515
v 0.06360013218336545 0.8255671892425632 -0.022708080719900513
v 0.06331782555536544 0.8254754582425633 -0.023723658219900516
v 0.06448767870646545 0.8296225112425633 -0.02391421051990051
v 0.06023837299536545 0.8350813422425633 -0.023248907219900514
v 0.06382468913236544 0.8282710352425633 -0.02448529001990051
v 0.05873615480536545 0.8366109172425632 -0.023408819019900516
v 0.05960620613536545 0.8331329262425633 -0.024172943119900515
v 0.06819002353536545 0.8200111422425632 -0.028285823719900516
v 0.06859091483536545 0.8204388652425633 -0.029166899619900516
v 0.06717166141536544 0.8197862542425632 -0.02846646681990051
v 0.06782032223536545 0.8204780852425633 -0.029892075819900513
v 0.06694317539536544 0.8200748002425633 -0.029459185919900516
v 0.07099250517536544 0.8093522822425633 -0.032908517819900514
v 0.07138179987536544 0.8098245302425633 -0.033772036419900515
v 0.06995935644536545 0.8091846142425633 -0.03306650741990051
v 0.07058922946536544 0.8099487462425633 -0.034463711119900514
v 0.06971011823536545 0.8095532692425632 -0.034027665819900514
v 0.07204960053536545 0.8001321592425632 -0.037833839619900514
v 0.07242726068536545 0.8006615082425632 -0.038669195019900515
v 0.07100473577536545 0.8000226062425633 -0.03796300291990051
v 0.07161579327536545 0.8008790652425632 -0.03931463141990051
v 0.07073662476536545 0.8004840052425632 -0.03887818571990051
v 0.07289912458536545 0.7926153582425632 -0.04276864971990051
v 0.07326733786536545 0.7932090792425632 -0.04356421341990051
v 0.07184702111536545 0.7925556932425633 -0.04286667331990052
v 0.07244279608536544 0.7935162822425632 -0.04415392871990051
v 0.07156499102536545 0.7931125202425633 -0.04372281951990051
v 0.07362765539536545 0.7855418362425632 -0.048371199519900515
v 0.07398966047536545 0.7861981432425632 -0.049118984519900516
v 0.07257234305536545 0.7855153122425632 -0.04844359311990051
v 0.07315807510536546 0.7865771692425633 -0.04965353381990051
v 0.07228213036536545 0.7861552872425632 -0.04923611501990051
v 0.07414751220536545 0.7789989152425633 -0.05473675671990051
v 0.07450576037536545 0.7797073762425633 -0.05543675361990051
v 0.07309131789536545 0.7789848482425632 -0.05479724331990051
v 0.07367098517536545 0.7801314032425632 -0.05592985541990051
v 0.07279680483536545 0.7796849052425633 -0.055534619819900516
v 0.07425634562536546 0.7727527062425632 -0.06077890749990051
v 0.07463465907536544 0.7731832902425633 -0.06176857836990051
v 0.07319943141536545 0.7727499642425633 -0.060828842219900515
v 0.07381155714536544 0.7734465042425632 -0.06243017548990051
v 0.07292453478536545 0.7731787602425633 -0.06184938316990051
v 0.07342993002536545 0.7624974292425633 -0.060785158999900515
v 0.07380693592536544 0.7640640172425632 -0.06177943106990051
v 0.07237293478536545 0.7625413572425632 -0.06082185171990051
v 0.07298294268536545 0.7650764622425632 -0.062430623919900514
v 0.07209668355536544 0.7641353052425632 -0.061838811729900516
v 0.07445941120536545 0.7655767832425633 -0.06736221670890051
v 0.07479901987536544 0.7664856352425633 -0.06694003461990052
v 0.07340198662536544 0.7656051552425632 -0.06739163282290052
v 0.07395149394536545 0.7670756612425632 -0.06670853017990051
v 0.07308808062536545 0.7665315312425632 -0.06698763253990052
v 0.07543104327536544 0.7676684892425633 -0.07220160820990051
v 0.07577159067536544 0.7685840162425632 -0.07179495202990051
v 0.07437599822536545 0.7677137892425633 -0.07227025366990052
v 0.07492702177536545 0.7691951432425632 -0.07161226612990051
v 0.07406449038536544 0.7686573902425633 -0.07190601690990052
v 0.07647240347536545 0.7693581022425633 -0.07648178934990052
v 0.07681469157536544 0.7702801862425632 -0.07609171233990052
v 0.07542174957536545 0.7694198522425633 -0.07659231964990051
v 0.07597558197536544 0.7709118762425633 -0.07596115907990052
v 0.07511469997536545 0.7703802622425633 -0.07627056445990052
v 0.07697498517536545 0.7707273992425633 -0.08031751961990051
v 0.07731971427536545 0.7716552652425632 -0.07994373611990051
v 0.07593047807536545 0.7708038722425632 -0.08046916311990052
v 0.07648825827536544 0.7723051942425633 -0.07986438091990052
v 0.07562967017536545 0.7717790642425633 -0.08018911721990052
v 0.07740531117536545 0.7718583982425632 -0.08382515231990051
v 0.07775270657536545 0.7727908532425632 -0.08346535081990052
v 0.07636754677536545 0.7719464342425633 -0.08401218801990051
v 0.07692964277536544 0.7734550872425633 -0.08343001731990052
v 0.07607356737536544 0.7729330692425632 -0.08376798031990051
v 0.07762170957536545 0.7728328142425632 -0.08712152761990051
v 0.07797121717536545 0.7737680112425632 -0.08677126281990051
v 0.07658931887536545 0.7729278842425632 -0.08733270871990051
v 0.07715484317536545 0.7744410672425632 -0.0867659785199005
v 0.07630077567536545 0.7739218512425633 -0.08711297441990051
v 0.07758768277536544 0.7738987842425632 -0.09092530611990052
v 0.07773427667536545 0.7745912112425632 -0.0897149499199005
v 0.07656494337536544 0.7740086352425632 -0.09117523581990052
v 0.07680213637536545 0.7751289642425633 -0.08921684511990051
v 0.07607945147536545 0.7747688332425633 -0.09011934511990051
v 0.07742561497536544 0.7783534562425632 -0.09006067551990052
v 0.07748928297536545 0.7781465092425632 -0.08902506161990051
v 0.07640553177536545 0.7784936462425632 -0.09030395741990052
v 0.07650856207536545 0.7781587282425633 -0.0886282958199005
v 0.07583877257536545 0.7783734242425633 -0.08941870931990051
v 0.07758061587536545 0.7821831142425633 -0.08931695301990052
v 0.07764431647536545 0.7819764652425633 -0.08828127201990052
v 0.07656003627536545 0.7823177012425633 -0.08956133201990052
v 0.07666311417536545 0.7819833792425632 -0.08788554551990052
v 0.07599299587536545 0.7821942602425632 -0.08867666501990051
v 0.07773479167536546 0.7860153352425633 -0.08857271451990051
v 0.07779853507536545 0.7858093422425633 -0.08753691981990051
v 0.07671344467536545 0.7861406242425633 -0.08881889651990052
v 0.07681659427536544 0.7858070772425633 -0.08714293871990052
v 0.07614598427536545 0.7860119972425632 -0.08793524091990051
v 0.07786259797536545 0.7898498812425633 -0.08782797121990052
v 0.07792639917536545 0.7896447812425632 -0.08679199591990051
v 0.07684033547536545 0.7899619972425632 -0.08807669021990051
v 0.07694358097536545 0.7896299992425633 -0.08640047351990052
v 0.07627235077536546 0.7898262182425633 -0.0871944651199005
v 0.07807338887536544 0.7936871682425632 -0.08708271381990051
v 0.07813725617536545 0.7934831422425632 -0.08604654671990052
v 0.07705020627536545 0.7937823572425633 -0.08733473161990052
v 0.07715354117536545 0.7934521472425633 -0.08565819081990052
v 0.07648170647536545 0.7936371002425633 -0.08645431881990051
v 0.07826624067536544 0.7975270192425632 -0.08633699821990051
v 0.07833015637536545 0.7973242442425632 -0.08530058151990051
v 0.07724231857536545 0.7976016442425633 -0.0865930393199005
v 0.07734573077536545 0.7972734012425633 -0.08491607941990051
v 0.07667341457536545 0.7974447642425633 -0.08571485801990052
v 0.07830298137536545 0.8006514352425632 -0.08573398921990051
v 0.07838871147536544 0.8017187752425633 -0.08445123951990051
v 0.07727383817536546 0.8004251162425633 -0.08604288471990051
v 0.07741255497536545 0.8021521012425632 -0.08396734481990051
v 0.07672352527536545 0.8013525642425633 -0.08495104121990052
v 0.07824340087536545 0.8005986252425632 -0.09074036031990051
v 0.07834449507536545 0.8016513022425632 -0.09080335871990051
v 0.07721040867536545 0.8003686702425632 -0.0907279048199005
v 0.07737398797536545 0.8020716942425632 -0.09082983251990051
v 0.07667308487536545 0.8012790122425633 -0.09078321791990052
v 0.07803092147536544 0.7999833862425633 -0.09640024411990052
v 0.07813052367536545 0.8010243212425633 -0.09656978961990051
v 0.07699869297536545 0.7997590932425632 -0.09633432701990051
v 0.07715985457536545 0.8014435212425632 -0.0966086425199005
v 0.07646034377536545 0.8006616272425633 -0.09646311031990051
v 0.07789171857536545 0.7988267582425632 -0.10184768961990051
v 0.07798645177536545 0.7998439112425633 -0.10212940351990052
v 0.07686177917536545 0.7986137312425633 -0.10172948981990051
v 0.07701504877536544 0.8002595942425632 -0.10218530891990052
v 0.07631996837536545 0.7994992172425632 -0.10193813591990052
v 0.07769947217536545 0.7971386942425632 -0.10692224651990051
v 0.07778515017536544 0.7981147802425632 -0.1073275022199005
v 0.07667346667536545 0.7969435492425633 -0.10675045101990052
v 0.07681209777536545 0.7985228332425632 -0.10740614311990052
v 0.07612504157536545 0.7977991142425632 -0.10704952481990052
v 0.07718857007536545 0.7949307602425633 -0.11146369951990051
v 0.07725935147536545 0.7958387772425632 -0.11200862751990051
v 0.07616865357536545 0.7947632112425632 -0.11123504491990052
v 0.07628318017536545 0.7962327632425632 -0.11211675781990052
v 0.07560908517536545 0.7955679332425633 -0.11163864281990052
v 0.07666671457536545 0.7922175562425633 -0.11531352991990051
v 0.07671415527536544 0.7930153052425633 -0.11601509151990051
v 0.07565581517536545 0.7920927442425633 -0.11502446981990051
v 0.07573256637536545 0.7933836612425632 -0.11615962911990052
v 0.07507847997536544 0.7928136032425632 -0.11554738881990051
v 0.07589222117536545 0.7890054622425633 -0.11832910401990052
v 0.07590939667536545 0.7896522912425632 -0.11917230481990052
v 0.07489274717536545 0.7889376912425633 -0.1179865263199005
v 0.07492053697536545 0.7899842892425633 -0.11935089151990051
v 0.07429222296536545 0.7895427382425633 -0.11861803011990052
v 0.07518759927536545 0.7853938382425633 -0.1205917746199005
v 0.07518230187536545 0.7859243792425632 -0.1215078719199005
v 0.07419668417536544 0.7853703532425632 -0.12022148071990052
v 0.07418809086536544 0.7862288392425633 -0.12170377741990052
v 0.07357895560536545 0.7858864102425632 -0.12090872601990052
v 0.07434382662536546 0.7815842072425633 -0.12261596691990051
v 0.07432610727536546 0.7820497192425633 -0.12356660891990051
v 0.07335743587536545 0.7815845052425633 -0.12223306671990052
v 0.07332876883536545 0.7823376692425632 -0.12377124651990051
v 0.07273010443536546 0.7820501962425632 -0.12294709311990051
v 0.07339071016536544 0.7776443402425632 -0.12435982751990052
v 0.07336024008536544 0.7780414262425632 -0.1253407746199005
v 0.07240846380536545 0.7776668112425632 -0.12396712231990051
v 0.07235917262536545 0.7783093492425632 -0.12555431201990053
v 0.07177093718536545 0.7780778442425632 -0.12470536301990051
v 0.07238323427536544 0.7736175692425632 -0.12579739461990053
v 0.07233967538536545 0.7739410442425633 -0.12680460881990052
v 0.07140473090536545 0.7736610812425633 -0.12539723511990053
v 0.07133424933536545 0.7741845882425632 -0.1270269118199005
v 0.07075641350536545 0.7740115562425632 -0.12615711241990052
v 0.07139776879536545 0.7695472872425633 -0.1269030459199005
v 0.07134076766536544 0.7697902362425633 -0.1279321387199005
v 0.07042261306536544 0.7696109452425632 -0.12649744001990051
v 0.07033038791536544 0.7700041572425632 -0.12816252561990052
v 0.06976293772536545 0.7698932322425632 -0.1272758283199005
v 0.07034817896536545 0.7654767072425632 -0.1276515275199005
v 0.07027754979536545 0.7656301892425632 -0.12869707871990052
v 0.06937597459536544 0.7655598562425633 -0.12724236401990052
v 0.06926171015536545 0.7658082882425632 -0.1289340965199005
v 0.06870450684536544 0.7657647762425632 -0.1280350499199005
v 0.06935371132536544 0.7614200152425632 -0.1280212588199005
v 0.06927175726536544 0.7614932692425632 -0.1290740669199005
v 0.06838707625536544 0.7615429792425632 -0.12760793791990052
v 0.06825447757536544 0.7616615332425632 -0.1293114200199005
v 0.06770772184536544 0.7616922292425633 -0.12840529531990053
v 0.06808801367536545 0.7563725742425632 -0.1281444467199005
v 0.06799267977536545 0.7563673892425632 -0.1291991621199005
v 0.06713429652536544 0.7565713562425632 -0.12772922591990052
v 0.06698003504536545 0.7565629522425632 -0.1294357888199005
v 0.06644952506536544 0.7566890162425632 -0.12852731721990052
v 0.06672539911536544 0.7509706062425633 -0.12776119261990052
v 0.06660204147536544 0.7508375682425632 -0.1288069635199005
v 0.06579018325536545 0.7512525952425633 -0.1273528002199005
v 0.06559058872536545 0.7510373032425632 -0.1290449127199005
v 0.06508884159836545 0.7512938422425632 -0.1281461902199005
v 0.06537621229636545 0.7452052272425632 -0.1263698563199005
v 0.06520999158936545 0.7448909322425632 -0.1273719966199005
v 0.06445679396436545 0.7455542122425632 -0.1259783171199005
v 0.06418784349836545 0.7450454872425633 -0.12759979071990052
v 0.06372233602436544 0.7454553282425632 -0.12673843281990052
v 0.06431103438036545 0.7390182652425632 -0.12346355621990052
v 0.06410363406736545 0.7385125792425632 -0.12437593561990051
v 0.06340182991536544 0.7394149932425632 -0.12309492001990052
v 0.06306624622536544 0.7385966812425633 -0.12457118931990052
v 0.06263251043536545 0.7391544022425632 -0.1237794868199005
v 0.06382333487236545 0.7323521412425632 -0.1185181029199005
v 0.06358913634936544 0.7316839732425633 -0.1193100363199005
v 0.06291888444536545 0.7327781952425633 -0.11817150191990052
v 0.06253994675536545 0.7316969672425633 -0.1194528974199005
v 0.06212570890536545 0.7323732412425632 -0.1187492162199005
v 0.06426097602536544 0.7251637612425632 -0.11099924151990051
v 0.06401589125736545 0.7243771592425633 -0.1116673276199005
v 0.06335790373536544 0.7256051932425632 -0.11066903921990051
v 0.06296134681536544 0.7243322762425632 -0.11175002901990051
v 0.06255468586536544 0.7250914012425632 -0.11113304271990052
v 0.06355878565236545 0.7186340722425633 -0.10365051401990051
v 0.06398846834736545 0.7193219102425632 -0.10508299241990052
v 0.06266399600536544 0.7195041212425632 -0.10388864951990051
v 0.06293990346536545 0.7221894902425633 -0.10913932691990051
v 0.06254069542536544 0.7207298312425633 -0.10546833271990051
v 0.06191545212536545 0.7213918012425633 -0.11275325711990052
v 0.06284114578536545 0.7218956392425633 -0.11264463511990051
v 0.06116505362536545 0.7219931522425632 -0.11230989541990051
v 0.06266286107536545 0.7228084242425632 -0.11213415111990052
v 0.06162697519536545 0.7228685062425633 -0.11192728201990051
v 0.05987073620536545 0.7282406722425633 -0.12361057101990051
v 0.06081060157536545 0.7286860982425633 -0.12340925261990052
v 0.05913089495536545 0.7287983932425632 -0.12309810521990051
v 0.06065162876536545 0.7295190732425633 -0.1227723695199005
v 0.059613520745365446 0.7295885122425633 -0.12258007001990051
v 0.058151423935365446 0.7364407812425633 -0.1331644654199005
v 0.05910072568536545 0.7368170652425633 -0.13288246091990052
v 0.05741856805536545 0.7369471822425633 -0.13259231301990052
v 0.058954560665365446 0.7375558652425632 -0.13213601711990053
v 0.05791493179536545 0.7376364502425633 -0.1319567114199005
v 0.057123005385365445 0.7456268702425632 -0.1411949545199005
v 0.05807738518536545 0.7459214962425632 -0.14084159581990052
v 0.05639386363536545 0.7460734882425633 -0.14057046921990052
v 0.05793808214536545 0.7465500272425633 -0.13999870421990052
v 0.056897618805365445 0.7466440242425633 -0.1398311406199005
v 0.056977307885365445 0.7554379742425632 -0.1474804580199005
v 0.05793192144536545 0.7556334172425633 -0.14706366511990052
v 0.05624833796536545 0.7558124102425633 -0.1468098536199005
v 0.057792923415365446 0.7561288512425632 -0.14613545681990053
v 0.05675241211536545 0.7562394772425632 -0.1459785923199005
v 0.057944281025365446 0.7655168212425633 -0.1517950371199005
v 0.05889229057536545 0.7655878102425633 -0.15132485331990053
v 0.05721054319536545 0.7658015522425633 -0.15108595041990053
v 0.05874446127536545 0.7659161722425633 -0.1503251716199005
v 0.05770508525536545 0.7660483162425632 -0.15017752351990052
v 0.05936929443536545 0.7754672202425632 -0.15389462561990053
v 0.06030584545536545 0.7754289542425632 -0.1534024328199005
v 0.05862444126536545 0.7756434712425633 -0.15316183861990051
v 0.06013982044536545 0.7755815422425633 -0.1523654461199005
v 0.05910064419536545 0.7757139842425632 -0.15221674741990052
v 0.060728151585365445 0.7855673472425633 -0.1543976515199005
v 0.06166129326536545 0.7854930202425633 -0.1539045796199005
v 0.05997225036536545 0.7856347602425633 -0.15365872531990052
v 0.06148210749536545 0.7855145372425633 -0.15286091711990052
v 0.060438215735365446 0.7856021562425632 -0.1527089476199005
v 0.06157101364536545 0.7961563502425633 -0.15400825441990051
v 0.06250381213536545 0.7960777322425633 -0.1535151452199005
v 0.060809275835365446 0.7961253562425632 -0.15327308321990052
v 0.06231857510536545 0.7959982792425633 -0.1524752006199005
v 0.061271297745365445 0.7960278432425633 -0.1523256078199005
v 0.061809284375365446 0.8068836962425633 -0.1526088714199005
v 0.06274152011536545 0.8067837992425633 -0.15211837741990053
v 0.06104528158536545 0.8067569172425633 -0.1518863290199005
v 0.06255366536536545 0.8065953292425633 -0.15109270061990052
v 0.06150533421536545 0.8065788182425633 -0.15094928441990052
v 0.061774599365365446 0.8173633252425633 -0.1500775516199005
v 0.06270686362536544 0.8172244462425633 -0.1495962888199005
v 0.061010782605365445 0.8171364102425632 -0.14937936511990052
v 0.06251922342536545 0.8169118202425633 -0.1486006751199005
v 0.06147098750536545 0.8168573412425633 -0.14846662431990051
v 0.06156827183536545 0.8272081052425633 -0.1462882831199005
v 0.06250165193536544 0.8270111122425633 -0.14582920071990052
v 0.06080660549536545 0.8268721142425632 -0.14563230421990053
v 0.062316844235365446 0.8265532292425632 -0.1448895037199005
v 0.061269247205365446 0.8264674582425633 -0.14476779851990051
v 0.06129191140536545 0.8360270892425632 -0.1411096453199005
v 0.06222759932536545 0.8357529082425632 -0.1406956389199005
v 0.06053381180536545 0.8355722462425632 -0.14052373911990051
v 0.06204778398536545 0.8351284902425632 -0.13985385001990053
v 0.06100095971536545 0.8350166712425633 -0.1397476122199005
v 0.06104758009536545 0.8434166352425633 -0.13440792261990053
v 0.06198610993536545 0.8430632392425632 -0.1340662390199005
v 0.06029408192536545 0.8428325092425633 -0.13393861051990053
v 0.061812665315365445 0.8422607812425632 -0.1333857626199005
v 0.06076692789536545 0.8421182672425632 -0.13330687581990053
v 0.06036770064536545 0.8532562292425633 -0.11948207021990051
v 0.06131025520536545 0.8528500832425633 -0.11922184001990052
v 0.05962236132536545 0.8525608812425632 -0.1191804968199005
v 0.06114745838536545 0.8519036802425632 -0.1187594123199005
v 0.06010427698536545 0.8517250452425632 -0.11873387171990052
v 0.05880580656536545 0.8592934052425633 -0.1025676392199005
v 0.05975366802536545 0.8588620462425632 -0.10237818211990052
v 0.05807352764536545 0.8585359492425633 -0.10244045401990051
v 0.05960721708536545 0.8578378592425633 -0.10213392601990051
v 0.058568832925365445 0.8576360982425633 -0.1021723971199005
v 0.05631962511536545 0.8619990982425633 -0.08446182491990051
v 0.057273108975365444 0.8615590372425632 -0.08433056251990051
v 0.055601622905365446 0.8612195292425633 -0.08448259721990051
v 0.05714439135536545 0.8605073732425632 -0.08427019421990051
v 0.05611135251536545 0.8602973852425633 -0.08436414971990051
v 0.05420446117536545 0.8618477022425632 -0.06593522428990051
v 0.05516322329536545 0.8614081182425632 -0.06585002783990052
v 0.053500516375365445 0.8610690272425633 -0.06607886682990051
v 0.05505182500536545 0.8603575262425632 -0.06594101315990052
v 0.054024216675365444 0.8601480162425632 -0.06608244310990051
v 0.05181934127536545 0.8593055642425632 -0.04775157941990051
v 0.05278297697536545 0.8588710462425633 -0.04770339841990051
v 0.05112932437536545 0.8585416112425632 -0.04800117391990051
v 0.052688514775365444 0.8578386342425632 -0.04792322031990051
v 0.051666505675365446 0.8576350842425633 -0.04810726081990051
v 0.049266536675365444 0.8551486172425633 -0.030607908919900513
v 0.050234868175365446 0.8547223252425632 -0.03059102591990051
v 0.04859133437536545 0.8544105922425632 -0.03095640241990051
v 0.05015813097536545 0.8537208472425633 -0.03092908481990051
v 0.04914237277536545 0.8535281452425633 -0.031154900819900515
v 0.04664833847536545 0.8490306172425632 -0.014321051519900513
v 0.04761996497536545 0.8486120742425632 -0.014322437319900516
v 0.04599129037536545 0.8483330052425633 -0.014773465719900514
v 0.04756342247536545 0.8476554792425632 -0.014775708319900514
v 0.04655683787536545 0.8474832212425633 -0.01505445691990051
v 0.045259015675365444 0.8457099832425633 -0.00814722481990051
v 0.04623108167536545 0.8452923932425632 -0.008150111919900511
v 0.04462501777536545 0.8450670282425633 -0.008701384019900511
v 0.04619785027536545 0.8443911712425632 -0.008706066719900513
v 0.04520525227536545 0.8442518752425633 -0.009046766919900515
v 0.04341478087536545 0.8414238132425632 -0.001863636119900508
v 0.044386651375365446 0.8410057462425633 -0.0018660649199005175
v 0.04280635157536545 0.8408406412425633 -0.0025051981199005063
v 0.044378865475365445 0.8401638902425632 -0.002509139519900519
v 0.043402178175365444 0.8400617872425632 -0.002904139419900517
v 0.041224081075365446 0.8362576402425632 0.0042371079800994915
v 0.042198020975365444 0.8358442822425632 0.004228733480099486
v 0.040643418175365445 0.8357400932425633 0.003517985380099481
v 0.04221929427536544 0.8350712692425633 0.0035044327800994868
v 0.04125849907536545 0.8350068962425633 0.0030651613800994904
v 0.04015159797536545 0.8328608912425632 0.007901020380099488
v 0.041130106875365446 0.8324586782425633 0.007881961780099492
v 0.03960260187536545 0.8324213062425633 0.00710847228009949
v 0.04118586327536545 0.8317706622425632 0.007077634380099493
v 0.04024181697536545 0.8317472972425632 0.006599597680099489
v 0.037946591175365446 0.8270856182425632 0.013013191480099481
v 0.038932498575365446 0.8267028962425632 0.012980006680099493
v 0.03743490767536545 0.8267434872425633 0.012149989580099482
v 0.03903014217536545 0.8261243142425633 0.012096308180099491
v 0.038104575175365446 0.8261495862425633 0.011583313380099491
v 0.03545614707536544 0.8221122662425633 0.016037248080099487
v 0.035415651275365445 0.8216791192425632 0.014944449080099481
v 0.036528158975365446 0.8219021592425633 0.01647184048009949
v 0.036462563975365445 0.8212018052425633 0.014703646280099486
v 0.037150163175365444 0.8213396112425633 0.015647634880099487
v 0.09335719797536544 -0.8150209747574367 -0.04704156331990052
v 0.08464324657536546 -0.8132514317574367 -0.040310392119900514
v 0.08396560327536545 -0.8139368857574367 -0.04098341801990051
v 0.09267837177536545 -0.8157079777574368 -0.047714365619900515
v 0.09389939907536544 -0.8157062497574368 -0.046255139619900514
v 0.08415836097536544 -0.8150574527574368 -0.04067103381990052
v 0.09280107167536544 -0.8168149557574368 -0.04734256121990051
v 0.08525483687536545 -0.8139484487574368 -0.039582051319900516
v 0.09355569447536545 -0.8168149557574368 -0.04644116761990051
v 0.08495515587536545 -0.8150646647574368 -0.03980493921990051
v 0.07712921317536545 -0.8139858207574368 -0.03407202291990051
v 0.07743292487536545 -0.8151055537574368 -0.033871911419900515
v 0.07829722107536545 -0.8151124077574368 -0.03307406231990051
v 0.07852767127536545 -0.8139966687574367 -0.032781079419900515
v 0.07780580227536545 -0.8133004267574367 -0.03339784961990051
v 0.07108653243536545 -0.8160839047574368 -0.026508830519900516
v 0.07199875079536545 -0.8160834867574368 -0.025766585019900513
v 0.07218270003536545 -0.8149749007574367 -0.025419533219900516
v 0.07070670323536545 -0.8149758537574368 -0.026620514719900512
v 0.07138416962536545 -0.8142904007574367 -0.025947295119900515
v 0.06637990206536545 -0.8177074757574367 -0.01844037321990051
v 0.06652925698536545 -0.8166091407574367 -0.01804807041990051
v 0.06567031587536545 -0.8159420457574368 -0.018496971619900514
v 0.06499010295336545 -0.8166280347574367 -0.019166700519900513
v 0.06542865006436545 -0.8177192177574367 -0.01913172001990051
v 0.06187600828536545 -0.8186228237574368 -0.011218961319900515
v 0.06096012331536545 -0.8179802857574368 -0.011584159019900515
v 0.06027452228536545 -0.8186685997574368 -0.012246124419900514
v 0.06076668482536545 -0.8197365957574367 -0.012290041919900511
v 0.06175645557536545 -0.8197083437574367 -0.011655218919900512
v 0.05685145594536545 -0.8208321297574368 -0.006380427619900514
v 0.05754786217536545 -0.8201372587574367 -0.005736686319900514
v 0.057407419665365444 -0.8218597137574367 -0.006534121919900514
v 0.05844743456536545 -0.8217998707574368 -0.005985375519900513
v 0.05853423336536545 -0.8207353907574367 -0.00549253071990051
v 0.05504245962536545 -0.8228446207574368 -0.0021231547199005163
v 0.05563288927536545 -0.8238314357574368 -0.002368383119900508
v 0.056726500855365444 -0.8237171137574367 -0.0019448176199005074
v 0.05681195482536545 -0.8226595487574367 -0.001437813019900508
v 0.05577116273536545 -0.8221203047574368 -0.0015480369199005195
v 0.05431684757536545 -0.8260128457574367 0.002690255680099493
v 0.05543379019536545 -0.8258637157574368 0.00302557648009949
v 0.05553914792536545 -0.8247785527574367 0.0034678354800994904
v 0.05373189687536545 -0.8250199517574367 0.0029252618800994917
v 0.05448732618536545 -0.8242570127574368 0.003405824280099487
v 0.053502762675365446 -0.8285894357574367 0.011116571680099482
v 0.05362317807536545 -0.8274823987574368 0.011494234180099483
v 0.05257334467536545 -0.8269582357574368 0.011423155680099481
v 0.05180410107536545 -0.8277412017574367 0.011001564580099488
v 0.05237851387536545 -0.8287493547574367 0.01081208888009949
v 0.05145016867536545 -0.8313346467574367 0.021589562280099492
v 0.050397675475365444 -0.8308141787574368 0.021530628180099487
v 0.049619304975365444 -0.8316100797574367 0.021152406980099486
v 0.05019074217536545 -0.8326224647574367 0.02097758648009948
v 0.051322281375365444 -0.8324521747574367 0.02124777438009949
v 0.047553507575365445 -0.8354836667574368 0.03241391518009949
v 0.04834013247536545 -0.8346749507574368 0.03274564418009948
v 0.048124754775365444 -0.8364963497574367 0.03224077818009949
v 0.04926442817536545 -0.8363137207574367 0.032465502180099484
v 0.04939753747536545 -0.8351879087574368 0.03277752518009949
v 0.04598251547536544 -0.8388510907574368 0.04422389018009949
v 0.046554991975365445 -0.8398616877574367 0.04404218518009949
v 0.04770348777536545 -0.8396622497574368 0.04420008518009949
v 0.04784081687536545 -0.8385285097574368 0.04447938518009949
v 0.04677719807536545 -0.8380271157574367 0.044494100180099486
v 0.04585793797536545 -0.8422858677574367 0.05546257618009949
v 0.04701316167536545 -0.8420619927574368 0.05551090118009949
v 0.04715315067536545 -0.8409182387574368 0.05574482718009949
v 0.04528395827536545 -0.8412803377574367 0.05566662518009949
v 0.046084448675365444 -0.8404349647574367 0.05584107318009948
v 0.04756447487536545 -0.8440221507574368 0.0656780751800995
v 0.046413185075365446 -0.8442589607574368 0.0656991601800995
v 0.04770291597536545 -0.8428731527574368 0.06588460518009948
v 0.04584008457536545 -0.8432561717574367 0.06591869918009949
v 0.046637184875365445 -0.8423998317574367 0.0660333181800995
v 0.03301521767536545 0.8171035682425632 -0.17113458381990052
v 0.03368730657536545 0.8272122182425633 -0.1683602478199005
v 0.03396880817536545 0.8169206422425632 -0.17181386781990052
v 0.03431230597536545 0.8269497792425633 -0.1674144938199005
v 0.03228849547536545 0.8168547192425633 -0.1704064008199005
v 0.03247210007536545 0.8266934192425632 -0.16699501131990052
v 0.03383144177536545 0.8166487252425633 -0.17079629781990052
v 0.033561192475365445 0.8266293442425633 -0.1665697247199005
v 0.03279295187536545 0.8166636862425632 -0.1694881618199005
v 0.03423616477536545 0.8001874122425633 -0.17519548581990052
v 0.033502018075365445 0.7999901212425633 -0.1744592638199005
v 0.03516616667536544 0.8003119272425633 -0.1747026448199005
v 0.035006802575365446 0.8001918232425632 -0.17366184281990052
v 0.03397830757536545 0.7999926842425632 -0.1735114678199005
v 0.03615633767536545 0.7842355412425632 -0.17412918081990053
v 0.03540977837536545 0.7840980922425632 -0.1733911108199005
v 0.03706321117536544 0.7844693102425633 -0.17363445481990053
v 0.036877131075365444 0.7844763432425632 -0.1725906728199005
v 0.035855255975365444 0.7842471632425633 -0.1724402608199005
v 0.038067169475365446 0.7715022602425633 -0.1715216408199005
v 0.037302093575365444 0.7714404502425632 -0.17079238581990053
v 0.03895525637536545 0.7718123232425632 -0.1710364148199005
v 0.03873905907536545 0.7719421422425633 -0.17000728881990051
v 0.03771734047536544 0.7717124852425632 -0.1698564518199005
v 0.040487449575365445 0.7580815592425633 -0.16615131501990052
v 0.03970101287536545 0.7581051622425633 -0.16544208671990052
v 0.04136481507536545 0.7584345972425632 -0.16567680241990052
v 0.04112060737536545 0.7586766522425632 -0.16467434171990053
v 0.04009231737536545 0.7584729232425632 -0.1645292640199005
v 0.04203876297536545 0.7471168672425632 -0.15869518371990052
v 0.04122764807536545 0.7472514542425632 -0.1580257192199005
v 0.04291342567536545 0.7474830782425632 -0.1582258791199005
v 0.04264289697536545 0.7478439252425633 -0.15726637091990053
v 0.04160101707536545 0.7477008142425633 -0.1571426987199005
v 0.04196123777536545 0.7378715912425633 -0.15329520401990052
v 0.04113197137536545 0.7381421362425632 -0.15269079801990051
v 0.04285016837536545 0.7381531032425632 -0.15278656781990052
v 0.042570274275365444 0.7385975752425632 -0.1518678218199005
v 0.04150837287536545 0.7385909002425632 -0.1518086493199005
v 0.04114602877536545 0.7290272752425633 -0.1477471217199005
v 0.04032315127536545 0.7293791212425632 -0.1471827179199005
v 0.04202783297536545 0.7292223012425633 -0.14719589801990052
v 0.04174993747536545 0.7296946682425632 -0.1462908461199005
v 0.04069638067536545 0.7297915852425633 -0.1462826803199005
v 0.04177685077536545 0.7233557142425633 -0.1437806710199005
v 0.04089484547536545 0.7231591972425633 -0.1443309933199005
v 0.041503488975365446 0.7238716522425632 -0.1428980827199005
v 0.04045254547536545 0.7239937222425632 -0.1429029256199005
v 0.040076376875365444 0.7235534822425632 -0.1437885314199005
v 0.04054680097536545 0.7183302682425633 -0.14161790911990052
v 0.04143029077536545 0.7185385262425632 -0.14107432961990052
v 0.03973206317536545 0.7187539972425633 -0.14109232271990052
v 0.04116156887536545 0.7190913592425633 -0.14021276681990053
v 0.04011201117536545 0.7192243972425633 -0.14022386821990052
v 0.04002755507536545 0.7140857022425633 -0.13963080201990052
v 0.03921745717536545 0.7145430482425632 -0.13912623371990052
v 0.04091369357536545 0.7143133912425632 -0.13909927011990053
v 0.04065128597536545 0.7149113452425633 -0.13826622071990052
v 0.03960295957536544 0.7150531452425632 -0.1382829025199005
v 0.03914307617536544 0.7105028072425632 -0.1376610026199005
v 0.03833826257536545 0.7109950222425633 -0.1371813789199005
v 0.04003307597536545 0.7107559482425633 -0.13714762031990052
v 0.03977832757536545 0.7114044462425633 -0.13635070621990053
v 0.03873087277536545 0.7115521472425632 -0.13637157531990052
v 0.03840575927536545 0.7066805992425632 -0.13528258351990052
v 0.03758071177536545 0.7070627252425632 -0.13471743461990052
v 0.03933051787536545 0.7071675102425633 -0.1349551454199005
v 0.03907700257536545 0.7078502212425632 -0.13418763871990053
v 0.03799556937536545 0.7077854912425633 -0.1340407282199005
v 0.04440408947536545 0.7033455412425632 -0.1307098493199005
v 0.04362389817536545 0.7036676442425632 -0.1300693713199005
v 0.04522758347536544 0.7039960062425632 -0.1305749118199005
v 0.04495634887536545 0.7047202032425632 -0.12985108421990052
v 0.04396522227536545 0.7045172492425632 -0.1295386404199005
v 0.050010492975365445 0.7003181612425633 -0.12350155781990052
v 0.04919661297536545 0.7007019552425633 -0.12294278291990052
v 0.05084315037536545 0.7009519972425633 -0.12334496531990051
v 0.050543887575365445 0.7017277512425633 -0.1226894185199005
v 0.04952626487536545 0.7015731972425633 -0.12244086341990051
v 0.05534688197536545 0.6976535362425632 -0.11522470411990052
v 0.05450980924536545 0.6980905572425632 -0.11474517731990051
v 0.05618990212536545 0.6982640062425632 -0.11503333971990051
v 0.05587385408536545 0.6990783852425633 -0.11443556841990052
v 0.05483550298536545 0.6989710962425633 -0.11425746981990051
v 0.059534618635365445 0.6939215102425632 -0.1038471907199005
v 0.05868312576536545 0.6944075262425633 -0.1034465991199005
v 0.06038653105536545 0.6945025962425633 -0.10360813511990051
v 0.060061547435365445 0.6953474912425632 -0.10305982831990051
v 0.05900878645536545 0.6952887212425632 -0.10295998681990051
v 0.060953571465365446 0.6887424032425632 -0.09023013341990052
v 0.06009620428536545 0.6892753872425632 -0.08990998561990052
v 0.061810104645365446 0.6892876062425632 -0.0899300892199005
v 0.06148210260536545 0.6901574772425633 -0.08942450771990051
v 0.060422851705365446 0.6901498472425632 -0.08941208201990052
v 0.05715527757536545 0.6785142462425633 -0.07090776785990051
v 0.05759316682536545 0.6793785132425633 -0.0703946722199005
v 0.056005680005365446 0.6787138622425632 -0.0710635983899005
v 0.05671415058536545 0.6801115912425633 -0.07023517484990051
v 0.05573315825536545 0.6797007952425632 -0.07064709066990052
f 3/3/3 2/2/2 1/1/1
f 6/6/6 5/5/5 4/4/4
f 5/5/5 7/7/7 4/4/4
f 4/4/4 7/7/7 8/8/8
f 7/7/7 9/9/9 8/8/8
f 8/8/8 9/9/9 10/10/10
f 9/9/9 11/11/11 10/10/10
f 10/10/10 11/11/11 12/12/12
f 11/11/11 13/13/13 12/12/12
f 12/12/12 13/13/13 14/14/14
f 7/7/7 15/15/15 9/9/9
f 15/15/15 16/16/16 9/9/9
f 13/13/13 17/17/17 14/14/14
f 13/13/13 18/18/18 17/17/17
f 19/19/19 15/15/15 7/7/7
f 20/20/20 19/19/19 7/7/7
f 19/19/19 21/21/21 15/15/15
f 21/21/21 22/22/22 15/15/15
f 15/15/15 22/22/22 23/23/23
f 24/24/24 19/19/19 20/20/20
f 25/25/25 21/21/21 19/19/19
f 24/24/24 25/25/25 19/19/19
f 26/26/26 24/24/24 20/20/20
f 26/26/26 20/20/20 27/27/27
f 28/28/28 26/26/26 27/27/27
f 29/29/29 26/26/26 28/28/28
f 30/30/30 29/29/29 28/28/28
f 31/31/31 24/24/24 26/26/26
f 29/29/29 31/31/31 26/26/26
f 32/32/32 25/25/25 24/24/24
f 31/31/31 32/32/32 24/24/24
f 25/25/25 33/33/33 21/21/21
f 21/21/21 34/34/34 22/22/22
f 33/33/33 34/34/34 21/21/21
f 32/32/32 35/35/35 25/25/25
f 35/35/35 33/33/33 25/25/25
f 35/35/35 30/30/30 33/33/33
f 33/33/33 36/36/36 34/34/34
f 30/30/30 36/36/36 33/33/33
f 36/36/36 37/37/37 34/34/34
f 34/34/34 37/37/37 38/38/38
f 34/34/34 38/38/38 22/22/22
f 37/37/37 39/39/39 38/38/38
f 22/22/22 38/38/38 40/40/40
f 38/38/38 41/41/41 40/40/40
f 22/22/22 40/40/40 23/23/23
f 42/42/42 32/32/32 31/31/31
f 43/43/43 35/35/35 32/32/32
f 42/42/42 43/43/43 32/32/32
f 44/44/44 30/30/30 35/35/35
f 43/43/43 44/44/44 35/35/35
f 45/45/45 42/42/42 31/31/31
f 45/45/45 31/31/31 29/29/29
f 46/46/46 29/29/29 30/30/30
f 44/44/44 46/46/46 30/30/30
f 46/46/46 45/45/45 29/29/29
f 23/23/23 40/40/40 47/47/47
f 23/23/23 47/47/47 48/48/48
f 49/49/49 23/23/23 48/48/48
f 48/48/48 47/47/47 50/50/50
f 47/47/47 18/18/18 50/50/50
f 40/40/40 51/51/51 47/47/47
f 47/47/47 51/51/51 18/18/18
f 40/40/40 52/52/52 51/51/51
f 53/53/53 42/42/42 45/45/45
f 54/54/54 45/45/45 46/46/46
f 54/54/54 53/53/53 45/45/45
f 55/55/55 46/46/46 44/44/44
f 55/55/55 54/54/54 46/46/46
f 53/53/53 56/56/56 42/42/42
f 56/56/56 43/43/43 42/42/42
f 57/57/57 44/44/44 43/43/43
f 57/57/57 55/55/55 44/44/44
f 56/56/56 57/57/57 43/43/43
f 51/51/51 58/58/58 18/18/18
f 52/52/52 59/59/59 51/51/51
f 51/51/51 59/59/59 58/58/58
f 18/18/18 58/58/58 60/60/60
f 18/18/18 60/60/60 17/17/17
f 61/61/61 53/53/53 54/54/54
f 62/62/62 54/54/54 55/55/55
f 62/62/62 61/61/61 54/54/54
f 63/63/63 55/55/55 57/57/57
f 63/63/63 62/62/62 55/55/55
f 64/64/64 57/57/57 56/56/56
f 64/64/64 63/63/63 57/57/57
f 65/65/65 56/56/56 53/53/53
f 61/61/61 65/65/65 53/53/53
f 65/65/65 64/64/64 56/56/56
f 66/66/66 61/61/61 62/62/62
f 67/67/67 62/62/62 63/63/63
f 67/67/67 66/66/66 62/62/62
f 68/68/68 63/63/63 64/64/64
f 68/68/68 67/67/67 63/63/63
f 69/69/69 64/64/64 65/65/65
f 69/69/69 68/68/68 64/64/64
f 70/70/70 65/65/65 61/61/61
f 66/66/66 70/70/70 61/61/61
f 70/70/70 69/69/69 65/65/65
f 71/71/71 66/66/66 67/67/67
f 72/72/72 67/67/67 68/68/68
f 72/72/72 71/71/71 67/67/67
f 73/73/73 68/68/68 69/69/69
f 73/73/73 72/72/72 68/68/68
f 74/74/74 69/69/69 70/70/70
f 74/74/74 73/73/73 69/69/69
f 75/75/75 70/70/70 66/66/66
f 71/71/71 75/75/75 66/66/66
f 75/75/75 74/74/74 70/70/70
f 76/76/76 73/73/73 74/74/74
f 77/77/77 76/76/76 74/74/74
f 77/77/77 74/74/74 75/75/75
f 78/78/78 77/77/77 75/75/75
f 78/78/78 75/75/75 71/71/71
f 76/76/76 79/79/79 73/73/73
f 79/79/79 72/72/72 73/73/73
f 80/80/80 78/78/78 71/71/71
f 80/80/80 71/71/71 72/72/72
f 79/79/79 80/80/80 72/72/72
f 79/79/79 81/81/81 80/80/80
f 81/81/81 82/82/82 80/80/80
f 82/82/82 81/81/81 83/83/83
f 85/85/85 84/84/84 52/52/52
f 84/84/84 86/86/86 52/52/52
f 52/52/52 86/86/86 59/59/59
f 86/86/86 87/87/87 59/59/59
f 59/59/59 87/87/87 88/88/88
f 87/87/87 89/89/89 88/88/88
f 59/59/59 88/88/88 58/58/58
f 88/88/88 89/89/89 90/90/90
f 89/89/89 14/14/14 90/90/90
f 58/58/58 88/88/88 91/91/91
f 88/88/88 90/90/90 91/91/91
f 58/58/58 91/91/91 60/60/60
f 90/90/90 14/14/14 92/92/92
f 91/91/91 90/90/90 93/93/93
f 90/90/90 92/92/92 93/93/93
f 60/60/60 91/91/91 94/94/94
f 91/91/91 93/93/93 94/94/94
f 14/14/14 95/95/95 92/92/92
f 14/14/14 17/17/17 95/95/95
f 17/17/17 60/60/60 96/96/96
f 60/60/60 94/94/94 96/96/96
f 17/17/17 96/96/96 95/95/95
f 93/93/93 92/92/92 97/97/97
f 94/94/94 93/93/93 98/98/98
f 93/93/93 97/97/97 98/98/98
f 92/92/92 95/95/95 99/99/99
f 92/92/92 99/99/99 97/97/97
f 95/95/95 96/96/96 100/100/100
f 95/95/95 100/100/100 99/99/99
f 96/96/96 94/94/94 101/101/101
f 94/94/94 98/98/98 101/101/101
f 96/96/96 101/101/101 100/100/100
f 97/97/97 99/99/99 102/102/102
f 98/98/98 97/97/97 103/103/103
f 97/97/97 102/102/102 103/103/103
f 99/99/99 100/100/100 104/104/104
f 99/99/99 104/104/104 102/102/102
f 100/100/100 101/101/101 105/105/105
f 100/100/100 105/105/105 104/104/104
f 101/101/101 98/98/98 106/106/106
f 98/98/98 103/103/103 106/106/106
f 101/101/101 106/106/106 105/105/105
f 102/102/102 104/104/104 107/107/107
f 103/103/103 102/102/102 108/108/108
f 102/102/102 107/107/107 108/108/108
f 104/104/104 105/105/105 109/109/109
f 104/104/104 109/109/109 107/107/107
f 105/105/105 106/106/106 110/110/110
f 105/105/105 110/110/110 109/109/109
f 106/106/106 103/103/103 111/111/111
f 103/103/103 108/108/108 111/111/111
f 106/106/106 111/111/111 110/110/110
f 107/107/107 109/109/109 112/112/112
f 108/108/108 107/107/107 113/113/113
f 107/107/107 112/112/112 113/113/113
f 108/108/108 113/113/113 114/114/114
f 111/111/111 108/108/108 114/114/114
f 113/113/113 112/112/112 115/115/115
f 110/110/110 111/111/111 116/116/116
f 111/111/111 114/114/114 116/116/116
f 109/109/109 110/110/110 117/117/117
f 109/109/109 117/117/117 112/112/112
f 110/110/110 116/116/116 117/117/117
f 112/112/112 118/118/118 115/115/115
f 112/112/112 117/117/117 118/118/118
f 115/115/115 118/118/118 119/119/119
f 117/117/117 116/116/116 120/120/120
f 117/117/117 120/120/120 118/118/118
f 116/116/116 114/114/114 121/121/121
f 116/116/116 121/121/121 120/120/120
f 118/118/118 120/120/120 122/122/122
f 118/118/118 122/122/122 119/119/119
f 114/114/114 123/123/123 121/121/121
f 114/114/114 124/124/124 123/123/123
f 124/124/124 125/125/125 123/123/123
f 120/120/120 121/121/121 126/126/126
f 120/120/120 126/126/126 122/122/122
f 121/121/121 123/123/123 127/127/127
f 121/121/121 127/127/127 126/126/126
f 123/123/123 125/125/125 128/128/128
f 123/123/123 128/128/128 127/127/127
f 125/125/125 129/129/129 128/128/128
f 119/119/119 122/122/122 130/130/130
f 122/122/122 126/126/126 131/131/131
f 122/122/122 131/131/131 130/130/130
f 126/126/126 127/127/127 132/132/132
f 126/126/126 132/132/132 131/131/131
f 127/127/127 128/128/128 133/133/133
f 127/127/127 133/133/133 132/132/132
f 128/128/128 119/119/119 134/134/134
f 119/119/119 130/130/130 134/134/134
f 128/128/128 134/134/134 133/133/133
f 131/131/131 132/132/132 135/135/135
f 130/130/130 131/131/131 136/136/136
f 131/131/131 135/135/135 136/136/136
f 132/132/132 133/133/133 137/137/137
f 132/132/132 137/137/137 135/135/135
f 133/133/133 134/134/134 138/138/138
f 133/133/133 138/138/138 137/137/137
f 134/134/134 130/130/130 139/139/139
f 130/130/130 136/136/136 139/139/139
f 134/134/134 139/139/139 138/138/138
f 136/136/136 135/135/135 140/140/140
f 135/135/135 137/137/137 141/141/141
f 140/140/140 135/135/135 141/141/141
f 137/137/137 138/138/138 142/142/142
f 141/141/141 137/137/137 142/142/142
f 138/138/138 139/139/139 143/143/143
f 142/142/142 138/138/138 143/143/143
f 139/139/139 136/136/136 144/144/144
f 144/144/144 136/136/136 140/140/140
f 143/143/143 139/139/139 144/144/144
f 141/141/141 142/142/142 145/145/145
f 140/140/140 141/141/141 146/146/146
f 146/146/146 141/141/141 145/145/145
f 144/144/144 140/140/140 147/147/147
f 147/147/147 140/140/140 146/146/146
f 142/142/142 143/143/143 148/148/148
f 145/145/145 142/142/142 148/148/148
f 143/143/143 144/144/144 149/149/149
f 149/149/149 144/144/144 147/147/147
f 148/148/148 143/143/143 149/149/149
f 146/146/146 145/145/145 150/150/150
f 147/147/147 146/146/146 151/151/151
f 151/151/151 146/146/146 150/150/150
f 149/149/149 147/147/147 152/152/152
f 152/152/152 147/147/147 151/151/151
f 145/145/145 148/148/148 153/153/153
f 150/150/150 145/145/145 153/153/153
f 148/148/148 149/149/149 154/154/154
f 154/154/154 149/149/149 152/152/152
f 153/153/153 148/148/148 154/154/154
f 151/151/151 150/150/150 155/155/155
f 152/152/152 151/151/151 156/156/156
f 151/151/151 155/155/155 156/156/156
f 154/154/154 152/152/152 157/157/157
f 152/152/152 156/156/156 157/157/157
f 150/150/150 153/153/153 158/158/158
f 150/150/150 158/158/158 155/155/155
f 153/153/153 154/154/154 159/159/159
f 154/154/154 157/157/157 159/159/159
f 153/153/153 159/159/159 158/158/158
f 159/159/159 160/160/160 158/158/158
f 160/160/160 161/161/161 158/158/158
f 160/160/160 162/162/162 161/161/161
f 162/162/162 163/163/163 161/161/161
f 158/158/158 164/164/164 155/155/155
f 164/164/164 165/165/165 155/155/155
f 155/155/155 165/165/165 156/156/156
f 164/164/164 166/166/166 165/165/165
f 156/156/156 167/167/167 157/157/157
f 165/165/165 167/167/167 156/156/156
f 166/166/166 168/168/168 165/165/165
f 165/165/165 168/168/168 167/167/167
f 167/167/167 169/169/169 157/157/157
f 157/157/157 169/169/169 170/170/170
f 169/169/169 171/171/171 170/170/170
f 169/169/169 172/172/172 171/171/171
f 172/172/172 173/173/173 171/171/171
f 167/167/167 174/174/174 169/169/169
f 168/168/168 174/174/174 167/167/167
f 174/174/174 175/175/175 169/169/169
f 168/168/168 166/166/166 176/176/176
f 166/166/166 177/177/177 176/176/176
f 174/174/174 168/168/168 178/178/178
f 168/168/168 176/176/176 178/178/178
f 175/175/175 174/174/174 179/179/179
f 174/174/174 178/178/178 179/179/179
f 176/176/176 177/177/177 180/180/180
f 177/177/177 181/181/181 180/180/180
f 175/175/175 179/179/179 182/182/182
f 183/183/183 175/175/175 182/182/182
f 182/182/182 179/179/179 184/184/184
f 179/179/179 185/185/185 184/184/184
f 179/179/179 178/178/178 185/185/185
f 178/178/178 176/176/176 186/186/186
f 176/176/176 180/180/180 186/186/186
f 178/178/178 186/186/186 185/185/185
f 180/180/180 181/181/181 187/187/187
f 181/181/181 188/188/188 187/187/187
f 186/186/186 180/180/180 189/189/189
f 180/180/180 187/187/187 189/189/189
f 185/185/185 186/186/186 190/190/190
f 186/186/186 189/189/189 190/190/190
f 187/187/187 188/188/188 191/191/191
f 188/188/188 192/192/192 191/191/191
f 189/189/189 187/187/187 193/193/193
f 187/187/187 191/191/191 193/193/193
f 189/189/189 193/193/193 194/194/194
f 190/190/190 189/189/189 194/194/194
f 193/193/193 191/191/191 195/195/195
f 191/191/191 196/196/196 195/195/195
f 191/191/191 192/192/192 196/196/196
f 195/195/195 196/196/196 197/197/197
f 185/185/185 190/190/190 198/198/198
f 199/199/199 185/185/185 198/198/198
f 196/196/196 200/200/200 197/197/197
f 197/197/197 200/200/200 201/201/201
f 190/190/190 194/194/194 202/202/202
f 198/198/198 190/190/190 202/202/202
f 198/198/198 202/202/202 192/192/192
f 199/199/199 198/198/198 203/203/203
f 203/203/203 198/198/198 192/192/192
f 204/204/204 199/199/199 203/203/203
f 205/205/205 199/199/199 204/204/204
f 206/206/206 205/205/205 204/204/204
f 207/207/207 205/205/205 206/206/206
f 163/163/163 207/207/207 206/206/206
f 192/192/192 208/208/208 196/196/196
f 192/192/192 202/202/202 208/208/208
f 196/196/196 208/208/208 200/200/200
f 202/202/202 194/194/194 209/209/209
f 202/202/202 209/209/209 208/208/208
f 208/208/208 210/210/210 200/200/200
f 208/208/208 209/209/209 210/210/210
f 194/194/194 211/211/211 209/209/209
f 209/209/209 211/211/211 212/212/212
f 209/209/209 212/212/212 210/210/210
f 211/211/211 213/213/213 212/212/212
f 200/200/200 210/210/210 214/214/214
f 200/200/200 214/214/214 201/201/201
f 210/210/210 212/212/212 215/215/215
f 210/210/210 216/216/216 214/214/214
f 212/212/212 213/213/213 217/217/217
f 212/212/212 217/217/217 215/215/215
f 213/213/213 218/218/218 217/217/217
f 215/215/215 217/217/217 219/219/219
f 217/217/217 220/220/220 219/219/219
f 220/220/220 221/221/221 219/219/219
f 221/221/221 222/222/222 219/219/219
f 223/223/223 221/221/221 220/220/220
f 224/224/224 223/223/223 220/220/220
f 214/214/214 216/216/216 225/225/225
f 216/216/216 226/226/226 225/225/225
f 226/226/226 227/227/227 225/225/225
f 214/214/214 225/225/225 228/228/228
f 201/201/201 214/214/214 228/228/228
f 201/201/201 228/228/228 229/229/229
f 230/230/230 201/201/201 229/229/229
f 225/225/225 231/231/231 228/228/228
f 227/227/227 231/231/231 225/225/225
f 231/231/231 232/232/232 228/228/228
f 231/231/231 227/227/227 233/233/233
f 227/227/227 234/234/234 233/233/233
f 232/232/232 231/231/231 235/235/235
f 231/231/231 233/233/233 235/235/235
f 233/233/233 234/234/234 236/236/236
f 234/234/234 237/237/237 236/236/236
f 232/232/232 235/235/235 238/238/238
f 239/239/239 232/232/232 238/238/238
f 238/238/238 235/235/235 240/240/240
f 235/235/235 233/233/233 241/241/241
f 235/235/235 241/241/241 240/240/240
f 233/233/233 236/236/236 241/241/241
f 240/240/240 241/241/241 242/242/242
f 241/241/241 243/243/243 242/242/242
f 241/241/241 236/236/236 243/243/243
f 236/236/236 244/244/244 243/243/243
f 236/236/236 237/237/237 244/244/244
f 237/237/237 245/245/245 244/244/244
f 244/244/244 245/245/245 246/246/246
f 245/245/245 247/247/247 246/246/246
f 246/246/246 247/247/247 248/248/248
f 247/247/247 249/249/249 248/248/248
f 251/251/251 250/250/250 245/245/245
f 250/250/250 252/252/252 245/245/245
f 245/245/245 252/252/252 253/253/253
f 252/252/252 254/254/254 253/253/253
f 253/253/253 254/254/254 255/255/255
f 254/254/254 256/256/256 255/255/255
f 255/255/255 256/256/256 257/257/257
f 254/254/254 258/258/258 256/256/256
f 256/256/256 259/259/259 257/257/257
f 256/256/256 260/260/260 259/259/259
f 260/260/260 261/261/261 259/259/259
f 258/258/258 262/262/262 256/256/256
f 258/258/258 263/263/263 262/262/262
f 263/263/263 264/264/264 262/262/262
f 262/262/262 264/264/264 265/265/265
f 264/264/264 266/266/266 265/265/265
f 265/265/265 266/266/266 267/267/267
f 266/266/266 268/268/268 267/267/267
f 263/263/263 269/269/269 264/264/264
f 269/269/269 270/270/270 264/264/264
f 271/271/271 269/269/269 263/263/263
f 272/272/272 271/271/271 263/263/263
f 272/272/272 263/263/263 258/258/258
f 273/273/273 272/272/272 258/258/258
f 273/273/273 258/258/258 274/274/274
f 275/275/275 273/273/273 274/274/274
f 276/276/276 273/273/273 275/275/275
f 277/277/277 276/276/276 275/275/275
f 278/278/278 276/276/276 277/277/277
f 279/279/279 278/278/278 277/277/277
f 279/279/279 277/277/277 280/280/280
f 281/281/281 278/278/278 279/279/279
f 282/282/282 281/281/281 279/279/279
f 283/283/283 279/279/279 280/280/280
f 284/284/284 279/279/279 283/283/283
f 222/222/222 284/284/284 283/283/283
f 287/287/287 286/286/286 285/285/285
f 286/286/286 288/288/288 285/285/285
f 285/285/285 288/288/288 289/289/289
f 288/288/288 290/290/290 289/289/289
f 292/292/292 286/286/286 291/291/291
f 194/194/194 292/292/292 291/291/291
f 295/295/295 294/294/294 293/293/293
f 296/296/296 295/295/295 293/293/293
f 299/299/299 298/298/298 297/297/297
f 300/300/300 299/299/299 297/297/297
f 303/303/303 302/302/302 301/301/301
f 304/304/304 303/303/303 301/301/301
f 307/307/307 306/306/306 305/305/305
f 306/306/306 308/308/308 305/305/305
f 305/305/305 308/308/308 309/309/309
f 308/308/308 310/310/310 309/309/309
f 308/308/308 311/311/311 310/310/310
f 311/311/311 312/312/312 310/310/310
f 310/310/310 312/312/312 313/313/313
f 312/312/312 314/314/314 313/313/313
f 309/309/309 310/310/310 315/315/315
f 310/310/310 313/313/313 315/315/315
f 309/309/309 315/315/315 316/316/316
f 317/317/317 309/309/309 316/316/316
f 316/316/316 315/315/315 318/318/318
f 315/315/315 319/319/319 318/318/318
f 315/315/315 313/313/313 319/319/319
f 313/313/313 320/320/320 319/319/319
f 319/319/319 320/320/320 321/321/321
f 320/320/320 322/322/322 321/321/321
f 321/321/321 322/322/322 323/323/323
f 322/322/322 324/324/324 323/323/323
f 321/321/321 323/323/323 325/325/325
f 326/326/326 321/321/321 325/325/325
f 327/327/327 321/321/321 326/326/326
f 328/328/328 327/327/327 326/326/326
f 325/325/325 323/323/323 329/329/329
f 323/323/323 330/330/330 329/329/329
f 332/332/332 331/331/331 322/322/322
f 333/333/333 332/332/332 322/322/322
f 334/334/334 332/332/332 333/333/333
f 335/335/335 334/334/334 333/333/333
f 337/337/337 329/329/329 336/336/336
f 338/338/338 337/337/337 336/336/336
f 338/338/338 336/336/336 339/339/339
f 339/339/339 336/336/336 340/340/340
f 340/340/340 336/336/336 341/341/341
f 336/336/336 342/342/342 341/341/341
f 340/340/340 341/341/341 343/343/343
f 344/344/344 340/340/340 343/343/343
f 344/344/344 343/343/343 345/345/345
f 346/346/346 339/339/339 340/340/340
f 346/346/346 340/340/340 344/344/344
f 347/347/347 346/346/346 344/344/344
f 347/347/347 344/344/344 348/348/348
f 348/348/348 344/344/344 345/345/345
f 349/349/349 347/347/347 348/348/348
f 349/349/349 348/348/348 350/350/350
f 348/348/348 345/345/345 351/351/351
f 348/348/348 351/351/351 350/350/350
f 345/345/345 352/352/352 351/351/351
f 350/350/350 351/351/351 353/353/353
f 354/354/354 350/350/350 353/353/353
f 354/354/354 353/353/353 355/355/355
f 356/356/356 354/354/354 355/355/355
f 356/356/356 355/355/355 357/357/357
f 355/355/355 353/353/353 358/358/358
f 353/353/353 359/359/359 358/358/358
f 355/355/355 360/360/360 357/357/357
f 355/355/355 358/358/358 360/360/360
f 357/357/357 360/360/360 361/361/361
f 358/358/358 362/362/362 360/360/360
f 358/358/358 359/359/359 363/363/363
f 358/358/358 363/363/363 362/362/362
f 360/360/360 364/364/364 361/361/361
f 360/360/360 362/362/362 364/364/364
f 363/363/363 365/365/365 362/362/362
f 362/362/362 366/366/366 364/364/364
f 362/362/362 365/365/365 366/366/366
f 359/359/359 367/367/367 363/363/363
f 363/363/363 368/368/368 365/365/365
f 363/363/363 367/367/367 368/368/368
f 368/368/368 369/369/369 365/365/365
f 367/367/367 370/370/370 368/368/368
f 367/367/367 371/371/371 370/370/370
f 371/371/371 372/372/372 370/370/370
f 373/373/373 371/371/371 367/367/367
f 359/359/359 373/373/373 367/367/367
f 374/374/374 371/371/371 373/373/373
f 375/375/375 373/373/373 359/359/359
f 376/376/376 375/375/375 359/359/359
f 377/377/377 374/374/374 373/373/373
f 377/377/377 378/378/378 374/374/374
f 378/378/378 379/379/379 374/374/374
f 378/378/378 380/380/380 379/379/379
f 380/380/380 381/381/381 379/379/379
f 380/380/380 382/382/382 381/381/381
f 382/382/382 383/383/383 381/381/381
f 385/385/385 384/384/384 383/383/383
f 384/384/384 386/386/386 383/383/383
f 383/383/383 386/386/386 387/387/387
f 388/388/388 383/383/383 387/387/387
f 388/388/388 387/387/387 389/389/389
f 390/390/390 388/388/388 389/389/389
f 390/390/390 389/389/389 391/391/391
f 392/392/392 390/390/390 391/391/391
f 392/392/392 391/391/391 393/393/393
f 391/391/391 394/394/394 393/393/393
f 384/384/384 395/395/395 386/386/386
f 395/395/395 339/339/339 386/386/386
f 395/395/395 338/338/338 339/339/339
f 396/396/396 395/395/395 384/384/384
f 397/397/397 396/396/396 384/384/384
f 398/398/398 338/338/338 395/395/395
f 399/399/399 398/398/398 395/395/395
f 398/398/398 400/400/400 338/338/338
f 400/400/400 401/401/401 338/338/338
f 402/402/402 400/400/400 398/398/398
f 403/403/403 402/402/402 398/398/398
f 406/406/406 405/405/405 404/404/404
f 405/405/405 407/407/407 404/404/404
f 404/404/404 407/407/407 408/408/408
f 407/407/407 409/409/409 408/408/408
f 408/408/408 409/409/409 410/410/410
f 409/409/409 411/411/411 410/410/410
f 410/410/410 411/411/411 412/412/412
f 411/411/411 413/413/413 412/412/412
f 409/409/409 414/414/414 411/411/411
f 414/414/414 415/415/415 411/411/411
f 267/267/267 414/414/414 409/409/409
f 407/407/407 267/267/267 409/409/409
f 416/416/416 267/267/267 407/407/407
f 259/259/259 416/416/416 407/407/407
f 419/419/419 418/418/418 417/417/417
f 420/420/420 419/419/419 417/417/417
f 420/420/420 421/421/421 419/419/419
f 421/421/421 422/422/422 419/419/419
f 421/421/421 423/423/423 422/422/422
f 423/423/423 424/424/424 422/422/422
f 423/423/423 425/425/425 424/424/424
f 425/425/425 426/426/426 424/424/424
f 429/429/429 428/428/428 427/427/427
f 428/428/428 430/430/430 427/427/427
f 428/428/428 431/431/431 430/430/430
f 431/431/431 428/428/428 432/432/432
f 433/433/433 431/431/431 432/432/432
f 433/433/433 432/432/432 434/434/434
f 435/435/435 433/433/433 434/434/434
f 435/435/435 434/434/434 436/436/436
f 437/437/437 435/435/435 436/436/436
f 437/437/437 436/436/436 438/438/438
f 439/439/439 437/437/437 438/438/438
f 439/439/439 438/438/438 440/440/440
f 441/441/441 439/439/439 440/440/440
f 440/440/440 442/442/442 441/441/441
f 443/443/443 437/437/437 439/439/439
f 444/444/444 443/443/443 439/439/439
f 443/443/443 445/445/445 437/437/437
f 445/445/445 435/435/435 437/437/437
f 445/445/445 446/446/446 435/435/435
f 446/446/446 433/433/433 435/435/435
f 446/446/446 447/447/447 433/433/433
f 447/447/447 431/431/431 433/433/433
f 442/442/442 448/448/448 441/441/441
f 441/441/441 448/448/448 449/449/449
f 448/448/448 361/361/361 449/449/449
f 431/431/431 447/447/447 450/450/450
f 431/431/431 450/450/450 430/430/430
f 451/451/451 361/361/361 448/448/448
f 452/452/452 451/451/451 448/448/448
f 452/452/452 448/448/448 442/442/442
f 453/453/453 451/451/451 452/452/452
f 365/365/365 452/452/452 442/442/442
f 365/365/365 442/442/442 366/366/366
f 454/454/454 453/453/453 452/452/452
f 454/454/454 455/455/455 453/453/453
f 455/455/455 456/456/456 453/453/453
f 455/455/455 457/457/457 456/456/456
f 457/457/457 458/458/458 456/456/456
f 430/430/430 450/450/450 459/459/459
f 430/430/430 459/459/459 460/460/460
f 427/427/427 430/430/430 460/460/460
f 450/450/450 461/461/461 459/459/459
f 450/450/450 462/462/462 461/461/461
f 447/447/447 462/462/462 450/450/450
f 447/447/447 463/463/463 462/462/462
f 463/463/463 447/447/447 464/464/464
f 465/465/465 463/463/463 464/464/464
f 465/465/465 464/464/464 466/466/466
f 467/467/467 465/465/465 466/466/466
f 467/467/467 466/466/466 468/468/468
f 469/469/469 467/467/467 468/468/468
f 469/469/469 468/468/468 470/470/470
f 471/471/471 469/469/469 470/470/470
f 471/471/471 470/470/470 472/472/472
f 473/473/473 471/471/471 472/472/472
f 472/472/472 361/361/361 473/473/473
f 361/361/361 364/364/364 473/473/473
f 473/473/473 364/364/364 474/474/474
f 364/364/364 366/366/366 474/474/474
f 474/474/474 366/366/366 475/475/475
f 366/366/366 476/476/476 475/475/475
f 475/475/475 477/477/477 474/474/474
f 477/477/477 478/478/478 474/474/474
f 477/477/477 479/479/479 478/478/478
f 479/479/479 480/480/480 478/478/478
f 479/479/479 481/481/481 480/480/480
f 481/481/481 482/482/482 480/480/480
f 481/481/481 483/483/483 482/482/482
f 483/483/483 484/484/484 482/482/482
f 483/483/483 485/485/485 484/484/484
f 485/485/485 486/486/486 484/484/484
f 484/484/484 486/486/486 465/465/465
f 486/486/486 463/463/463 465/465/465
f 463/463/463 486/486/486 487/487/487
f 463/463/463 487/487/487 462/462/462
f 486/486/486 427/427/427 487/487/487
f 462/462/462 487/487/487 488/488/488
f 462/462/462 488/488/488 461/461/461
f 487/487/487 427/427/427 489/489/489
f 487/487/487 489/489/489 488/488/488
f 427/427/427 460/460/460 489/489/489
f 461/461/461 488/488/488 490/490/490
f 488/488/488 489/489/489 491/491/491
f 488/488/488 491/491/491 490/490/490
f 489/489/489 460/460/460 492/492/492
f 489/489/489 492/492/492 491/491/491
f 461/461/461 490/490/490 493/493/493
f 459/459/459 461/461/461 493/493/493
f 460/460/460 459/459/459 494/494/494
f 460/460/460 494/494/494 492/492/492
f 459/459/459 493/493/493 494/494/494
f 491/491/491 495/495/495 490/490/490
f 492/492/492 496/496/496 491/491/491
f 496/496/496 495/495/495 491/491/491
f 494/494/494 497/497/497 492/492/492
f 497/497/497 496/496/496 492/492/492
f 490/490/490 498/498/498 493/493/493
f 495/495/495 498/498/498 490/490/490
f 493/493/493 499/499/499 494/494/494
f 499/499/499 497/497/497 494/494/494
f 498/498/498 499/499/499 493/493/493
f 496/496/496 500/500/500 495/495/495
f 497/497/497 501/501/501 496/496/496
f 501/501/501 500/500/500 496/496/496
f 499/499/499 502/502/502 497/497/497
f 502/502/502 501/501/501 497/497/497
f 495/495/495 503/503/503 498/498/498
f 500/500/500 503/503/503 495/495/495
f 498/498/498 504/504/504 499/499/499
f 504/504/504 502/502/502 499/499/499
f 503/503/503 504/504/504 498/498/498
f 501/501/501 505/505/505 500/500/500
f 502/502/502 506/506/506 501/501/501
f 506/506/506 505/505/505 501/501/501
f 504/504/504 507/507/507 502/502/502
f 507/507/507 506/506/506 502/502/502
f 500/500/500 508/508/508 503/503/503
f 505/505/505 508/508/508 500/500/500
f 503/503/503 509/509/509 504/504/504
f 509/509/509 507/507/507 504/504/504
f 508/508/508 509/509/509 503/503/503
f 507/507/507 510/510/510 506/506/506
f 506/506/506 511/511/511 505/505/505
f 510/510/510 511/511/511 506/506/506
f 509/509/509 512/512/512 507/507/507
f 512/512/512 510/510/510 507/507/507
f 508/508/508 513/513/513 509/509/509
f 513/513/513 512/512/512 509/509/509
f 505/505/505 514/514/514 508/508/508
f 511/511/511 514/514/514 505/505/505
f 514/514/514 513/513/513 508/508/508
f 510/510/510 512/512/512 515/515/515
f 511/511/511 510/510/510 516/516/516
f 510/510/510 515/515/515 516/516/516
f 512/512/512 513/513/513 517/517/517
f 512/512/512 517/517/517 515/515/515
f 514/514/514 511/511/511 518/518/518
f 511/511/511 516/516/516 518/518/518
f 513/513/513 514/514/514 519/519/519
f 513/513/513 519/519/519 517/517/517
f 514/514/514 518/518/518 519/519/519
f 515/515/515 517/517/517 520/520/520
f 516/516/516 515/515/515 521/521/521
f 515/515/515 520/520/520 521/521/521
f 517/517/517 519/519/519 522/522/522
f 517/517/517 522/522/522 520/520/520
f 518/518/518 516/516/516 523/523/523
f 516/516/516 521/521/521 523/523/523
f 519/519/519 518/518/518 524/524/524
f 519/519/519 524/524/524 522/522/522
f 518/518/518 523/523/523 524/524/524
f 520/520/520 522/522/522 525/525/525
f 521/521/521 520/520/520 526/526/526
f 520/520/520 525/525/525 526/526/526
f 522/522/522 524/524/524 527/527/527
f 522/522/522 527/527/527 525/525/525
f 523/523/523 521/521/521 528/528/528
f 521/521/521 526/526/526 528/528/528
f 524/524/524 523/523/523 529/529/529
f 524/524/524 529/529/529 527/527/527
f 523/523/523 528/528/528 529/529/529
f 525/525/525 527/527/527 530/530/530
f 526/526/526 525/525/525 531/531/531
f 525/525/525 530/530/530 531/531/531
f 527/527/527 529/529/529 532/532/532
f 527/527/527 532/532/532 530/530/530
f 528/528/528 526/526/526 533/533/533
f 526/526/526 531/531/531 533/533/533
f 529/529/529 528/528/528 534/534/534
f 528/528/528 533/533/533 534/534/534
f 529/529/529 534/534/534 532/532/532
f 533/533/533 531/531/531 535/535/535
f 533/533/533 535/535/535 534/534/534
f 531/531/531 530/530/530 536/536/536
f 531/531/531 536/536/536 535/535/535
f 535/535/535 537/537/537 534/534/534
f 534/534/534 537/537/537 532/532/532
f 530/530/530 532/532/532 538/538/538
f 530/530/530 538/538/538 536/536/536
f 535/535/535 536/536/536 539/539/539
f 535/535/535 539/539/539 537/537/537
f 537/537/537 540/540/540 532/532/532
f 532/532/532 540/540/540 538/538/538
f 536/536/536 538/538/538 541/541/541
f 536/536/536 541/541/541 539/539/539
f 539/539/539 542/542/542 537/537/537
f 537/537/537 542/542/542 540/540/540
f 539/539/539 543/543/543 542/542/542
f 543/543/543 544/544/544 542/542/542
f 538/538/538 545/545/545 541/541/541
f 538/538/538 540/540/540 545/545/545
f 541/541/541 545/545/545 546/546/546
f 545/545/545 547/547/547 546/546/546
f 542/542/542 548/548/548 540/540/540
f 542/542/542 544/544/544 548/548/548
f 540/540/540 549/549/549 545/545/545
f 545/545/545 549/549/549 547/547/547
f 544/544/544 550/550/550 548/548/548
f 549/549/549 551/551/551 547/547/547
f 544/544/544 552/552/552 550/550/550
f 547/547/547 551/551/551 553/553/553
f 552/552/552 554/554/554 550/550/550
f 551/551/551 554/554/554 553/553/553
f 555/555/555 553/553/553 554/554/554
f 556/556/556 554/554/554 552/552/552
f 556/556/556 555/555/555 554/554/554
f 557/557/557 553/553/553 555/555/555
f 558/558/558 553/553/553 557/557/557
f 559/559/559 558/558/558 557/557/557
f 559/559/559 557/557/557 560/560/560
f 561/561/561 559/559/559 560/560/560
f 562/562/562 561/561/561 560/560/560
f 557/557/557 563/563/563 560/560/560
f 560/560/560 563/563/563 564/564/564
f 563/563/563 552/552/552 564/564/564
f 565/565/565 557/557/557 555/555/555
f 563/563/563 557/557/557 565/565/565
f 566/566/566 552/552/552 563/563/563
f 566/566/566 556/556/556 552/552/552
f 567/567/567 555/555/555 556/556/556
f 565/565/565 555/555/555 567/567/567
f 568/568/568 567/567/567 556/556/556
f 569/569/569 556/556/556 566/566/566
f 567/567/567 568/568/568 570/570/570
f 568/568/568 571/571/571 570/570/570
f 572/572/572 565/565/565 567/567/567
f 573/573/573 563/563/563 565/565/565
f 573/573/573 566/566/566 563/563/563
f 573/573/573 565/565/565 572/572/572
f 574/574/574 573/573/573 572/572/572
f 575/575/575 569/569/569 566/566/566
f 575/575/575 566/566/566 576/576/576
f 577/577/577 575/575/575 576/576/576
f 569/569/569 575/575/575 578/578/578
f 575/575/575 577/577/577 579/579/579
f 575/575/575 579/579/579 578/578/578
f 577/577/577 580/580/580 579/579/579
f 572/572/572 581/581/581 580/580/580
f 582/582/582 572/572/572 580/580/580
f 578/578/578 579/579/579 583/583/583
f 579/579/579 584/584/584 583/583/583
f 579/579/579 580/580/580 584/584/584
f 583/583/583 584/584/584 585/585/585
f 580/580/580 586/586/586 584/584/584
f 580/580/580 587/587/587 586/586/586
f 584/584/584 588/588/588 585/585/585
f 584/584/584 586/586/586 588/588/588
f 585/585/585 588/588/588 589/589/589
f 588/588/588 590/590/590 589/589/589
f 589/589/589 590/590/590 591/591/591
f 586/586/586 592/592/592 588/588/588
f 590/590/590 593/593/593 591/591/591
f 590/590/590 594/594/594 593/593/593
f 591/591/591 593/593/593 595/595/595
f 594/594/594 596/596/596 593/593/593
f 593/593/593 597/597/597 595/595/595
f 593/593/593 596/596/596 597/597/597
f 596/596/596 598/598/598 597/597/597
f 595/595/595 597/597/597 599/599/599
f 597/597/597 600/600/600 599/599/599
f 599/599/599 600/600/600 601/601/601
f 600/600/600 602/602/602 601/601/601
f 601/601/601 602/602/602 603/603/603
f 602/602/602 604/604/604 603/603/603
f 603/603/603 604/604/604 605/605/605
f 604/604/604 606/606/606 605/605/605
f 605/605/605 606/606/606 607/607/607
f 606/606/606 608/608/608 607/607/607
f 604/604/604 609/609/609 606/606/606
f 609/609/609 610/610/610 606/606/606
f 609/609/609 611/611/611 610/610/610
f 611/611/611 612/612/612 610/610/610
f 610/610/610 612/612/612 613/613/613
f 612/612/612 614/614/614 613/613/613
f 600/600/600 616/616/616 615/615/615
f 616/616/616 617/617/617 615/615/615
f 615/615/615 617/617/617 618/618/618
f 617/617/617 619/619/619 618/618/618
f 617/617/617 620/620/620 619/619/619
f 620/620/620 621/621/621 619/619/619
f 620/620/620 622/622/622 621/621/621
f 622/622/622 623/623/623 621/621/621
f 625/625/625 624/624/624 620/620/620
f 626/626/626 625/625/625 620/620/620
f 628/628/628 627/627/627 623/623/623
f 629/629/629 628/628/628 623/623/623
f 630/630/630 628/628/628 629/629/629
f 631/631/631 630/630/630 629/629/629
f 623/623/623 627/627/627 632/632/632
f 627/627/627 633/633/633 632/632/632
f 632/632/632 633/633/633 634/634/634
f 633/633/633 635/635/635 634/634/634
f 637/637/637 634/634/634 636/636/636
f 638/638/638 637/637/637 636/636/636
f 640/640/640 639/639/639 638/638/638
f 641/641/641 640/640/640 638/638/638
f 635/635/635 643/643/643 642/642/642
f 644/644/644 635/635/635 642/642/642
f 642/642/642 643/643/643 645/645/645
f 643/643/643 646/646/646 645/645/645
f 644/644/644 642/642/642 647/647/647
f 648/648/648 644/644/644 647/647/647
f 648/648/648 647/647/647 649/649/649
f 650/650/650 648/648/648 649/649/649
f 649/649/649 647/647/647 651/651/651
f 647/647/647 642/642/642 652/652/652
f 647/647/647 652/652/652 651/651/651
f 642/642/642 645/645/645 652/652/652
f 651/651/651 652/652/652 653/653/653
f 652/652/652 654/654/654 653/653/653
f 652/652/652 645/645/645 654/654/654
f 653/653/653 654/654/654 655/655/655
f 645/645/645 646/646/646 656/656/656
f 645/645/645 656/656/656 654/654/654
f 646/646/646 657/657/657 656/656/656
f 654/654/654 658/658/658 655/655/655
f 654/654/654 656/656/656 658/658/658
f 656/656/656 659/659/659 658/658/658
f 655/655/655 658/658/658 660/660/660
f 658/658/658 661/661/661 660/660/660
f 660/660/660 661/661/661 662/662/662
f 660/660/660 662/662/662 663/663/663
f 664/664/664 660/660/660 663/663/663
f 661/661/661 665/665/665 662/662/662
f 661/661/661 666/666/666 665/665/665
f 666/666/666 667/667/667 665/665/665
f 662/662/662 665/665/665 668/668/668
f 665/665/665 669/669/669 668/668/668
f 668/668/668 669/669/669 670/670/670
f 669/669/669 671/671/671 670/670/670
f 671/671/671 673/673/673 672/672/672
f 673/673/673 674/674/674 672/672/672
f 675/675/675 673/673/673 671/671/671
f 676/676/676 675/675/675 671/671/671
f 677/677/677 675/675/675 676/676/676
f 678/678/678 677/677/677 676/676/676
f 680/680/680 679/679/679 587/587/587
f 679/679/679 681/681/681 587/587/587
f 681/681/681 578/578/578 682/682/682
f 578/578/578 683/683/683 682/682/682
f 682/682/682 683/683/683 684/684/684
f 683/683/683 685/685/685 684/684/684
f 684/684/684 685/685/685 686/686/686
f 685/685/685 687/687/687 686/686/686
f 684/684/684 686/686/686 688/688/688
f 688/688/688 686/686/686 689/689/689
f 686/686/686 690/690/690 689/689/689
f 689/689/689 690/690/690 691/691/691
f 690/690/690 692/692/692 691/691/691
f 691/691/691 692/692/692 693/693/693
f 692/692/692 694/694/694 693/693/693
f 695/695/695 684/684/684 688/688/688
f 695/695/695 688/688/688 696/696/696
f 592/592/592 695/695/695 696/696/696
f 697/697/697 695/695/695 592/592/592
f 586/586/586 697/697/697 592/592/592
f 587/587/587 697/697/697 586/586/586
f 699/699/699 684/684/684 698/698/698
f 700/700/700 699/699/699 698/698/698
f 587/587/587 702/702/702 701/701/701
f 702/702/702 703/703/703 701/701/701
f 706/706/706 705/705/705 704/704/704
f 707/707/707 706/706/706 704/704/704
f 710/710/710 709/709/709 708/708/708
f 709/709/709 711/711/711 708/708/708
f 708/708/708 711/711/711 712/712/712
f 711/711/711 713/713/713 712/712/712
f 712/712/712 713/713/713 714/714/714
f 713/713/713 715/715/715 714/714/714
f 718/718/718 717/717/717 716/716/716
f 717/717/717 719/719/719 716/716/716
f 716/716/716 719/719/719 720/720/720
f 719/719/719 691/691/691 720/720/720
f 723/723/723 722/722/722 721/721/721
f 724/724/724 723/723/723 721/721/721
f 724/724/724 721/721/721 725/725/725
f 726/726/726 724/724/724 725/725/725
f 729/729/729 728/728/728 727/727/727
f 730/730/730 729/729/729 727/727/727
f 733/733/733 732/732/732 731/731/731
f 734/734/734 733/733/733 731/731/731
f 737/737/737 736/736/736 735/735/735
f 738/738/738 737/737/737 735/735/735
f 741/741/741 740/740/740 739/739/739
f 742/742/742 741/741/741 739/739/739
f 744/744/744 739/739/739 743/743/743
f 739/739/739 745/745/745 743/743/743
f 739/739/739 746/746/746 745/745/745
f 746/746/746 651/651/651 745/745/745
f 743/743/743 745/745/745 747/747/747
f 745/745/745 748/748/748 747/747/747
f 745/745/745 749/749/749 748/748/748
f 747/747/747 748/748/748 750/750/750
f 749/749/749 751/751/751 748/748/748
f 748/748/748 752/752/752 750/750/750
f 748/748/748 751/751/751 752/752/752
f 750/750/750 752/752/752 753/753/753
f 751/751/751 754/754/754 752/752/752
f 752/752/752 755/755/755 753/753/753
f 752/752/752 754/754/754 755/755/755
f 754/754/754 756/756/756 755/755/755
f 753/753/753 755/755/755 757/757/757
f 755/755/755 758/758/758 757/757/757
f 757/757/757 758/758/758 759/759/759
f 758/758/758 760/760/760 759/759/759
f 759/759/759 760/760/760 761/761/761
f 758/758/758 762/762/762 760/760/760
f 762/762/762 763/763/763 760/760/760
f 760/760/760 764/764/764 761/761/761
f 760/760/760 763/763/763 764/764/764
f 763/763/763 765/765/765 764/764/764
f 764/764/764 765/765/765 766/766/766
f 765/765/765 767/767/767 766/766/766
f 766/766/766 767/767/767 768/768/768
f 767/767/767 769/769/769 768/768/768
f 772/772/772 771/771/771 770/770/770
f 771/771/771 773/773/773 770/770/770
f 770/770/770 773/773/773 774/774/774
f 773/773/773 775/775/775 774/774/774
f 770/770/770 774/774/774 776/776/776
f 777/777/777 770/770/770 776/776/776
f 774/774/774 775/775/775 778/778/778
f 775/775/775 779/779/779 778/778/778
f 782/782/782 781/781/781 780/780/780
f 781/781/781 783/783/783 780/780/780
f 780/780/780 783/783/783 784/784/784
f 783/783/783 785/785/785 784/784/784
f 784/784/784 785/785/785 786/786/786
f 785/785/785 787/787/787 786/786/786
f 786/786/786 787/787/787 788/788/788
f 787/787/787 789/789/789 788/788/788
f 786/786/786 788/788/788 790/790/790
f 791/791/791 786/786/786 790/790/790
f 791/791/791 790/790/790 792/792/792
f 793/793/793 791/791/791 792/792/792
f 794/794/794 791/791/791 793/793/793
f 795/795/795 794/794/794 793/793/793
f 790/790/790 788/788/788 796/796/796
f 788/788/788 789/789/789 797/797/797
f 788/788/788 797/797/797 796/796/796
f 789/789/789 798/798/798 797/797/797
f 796/796/796 797/797/797 799/799/799
f 797/797/797 800/800/800 799/799/799
f 799/799/799 800/800/800 801/801/801
f 800/800/800 802/802/802 801/801/801
f 801/801/801 802/802/802 803/803/803
f 802/802/802 804/804/804 803/803/803
f 802/802/802 805/805/805 804/804/804
f 805/805/805 806/806/806 804/804/804
f 803/803/803 804/804/804 807/807/807
f 804/804/804 808/808/808 807/807/807
f 803/803/803 807/807/807 809/809/809
f 810/810/810 803/803/803 809/809/809
f 807/807/807 808/808/808 811/811/811
f 808/808/808 812/812/812 811/811/811
f 811/811/811 812/812/812 813/813/813
f 812/812/812 814/814/814 813/813/813
f 812/812/812 815/815/815 814/814/814
f 815/815/815 816/816/816 814/814/814
f 813/813/813 814/814/814 817/817/817
f 814/814/814 818/818/818 817/817/817
f 813/813/813 817/817/817 819/819/819
f 820/820/820 813/813/813 819/819/819
f 819/819/819 817/817/817 821/821/821
f 817/817/817 818/818/818 822/822/822
f 817/817/817 822/822/822 821/821/821
f 818/818/818 823/823/823 822/822/822
f 821/821/821 822/822/822 824/824/824
f 822/822/822 825/825/825 824/824/824
f 821/821/821 824/824/824 826/826/826
f 827/827/827 821/821/821 826/826/826
f 824/824/824 825/825/825 828/828/828
f 826/826/826 824/824/824 829/829/829
f 824/824/824 828/828/828 829/829/829
f 827/827/827 826/826/826 830/830/830
f 831/831/831 827/827/827 830/830/830
f 832/832/832 827/827/827 831/831/831
f 833/833/833 832/832/832 831/831/831
f 826/826/826 829/829/829 834/834/834
f 830/830/830 826/826/826 834/834/834
f 829/829/829 828/828/828 835/835/835
f 834/834/834 829/829/829 836/836/836
f 829/829/829 835/835/835 836/836/836
f 830/830/830 834/834/834 837/837/837
f 834/834/834 836/836/836 838/838/838
f 837/837/837 834/834/834 838/838/838
f 839/839/839 830/830/830 837/837/837
f 840/840/840 830/830/830 839/839/839
f 841/841/841 840/840/840 839/839/839
f 842/842/842 840/840/840 841/841/841
f 843/843/843 842/842/842 841/841/841
f 844/844/844 842/842/842 843/843/843
f 845/845/845 844/844/844 843/843/843
f 841/841/841 839/839/839 825/825/825
f 846/846/846 841/841/841 825/825/825
f 825/825/825 839/839/839 847/847/847
f 839/839/839 837/837/837 847/847/847
f 825/825/825 847/847/847 828/828/828
f 847/847/847 837/837/837 848/848/848
f 837/837/837 838/838/838 848/848/848
f 828/828/828 847/847/847 849/849/849
f 847/847/847 848/848/848 849/849/849
f 828/828/828 849/849/849 835/835/835
f 848/848/848 838/838/838 850/850/850
f 849/849/849 848/848/848 851/851/851
f 848/848/848 850/850/850 851/851/851
f 835/835/835 849/849/849 852/852/852
f 849/849/849 851/851/851 852/852/852
f 838/838/838 853/853/853 850/850/850
f 838/838/838 836/836/836 853/853/853
f 836/836/836 835/835/835 854/854/854
f 835/835/835 852/852/852 854/854/854
f 836/836/836 854/854/854 853/853/853
f 851/851/851 850/850/850 855/855/855
f 852/852/852 851/851/851 856/856/856
f 851/851/851 855/855/855 856/856/856
f 850/850/850 853/853/853 857/857/857
f 850/850/850 857/857/857 855/855/855
f 854/854/854 852/852/852 858/858/858
f 852/852/852 856/856/856 858/858/858
f 853/853/853 854/854/854 859/859/859
f 853/853/853 859/859/859 857/857/857
f 854/854/854 858/858/858 859/859/859
f 855/855/855 857/857/857 860/860/860
f 856/856/856 855/855/855 861/861/861
f 855/855/855 860/860/860 861/861/861
f 857/857/857 859/859/859 862/862/862
f 857/857/857 862/862/862 860/860/860
f 858/858/858 856/856/856 863/863/863
f 856/856/856 861/861/861 863/863/863
f 859/859/859 858/858/858 864/864/864
f 859/859/859 864/864/864 862/862/862
f 858/858/858 863/863/863 864/864/864
f 860/860/860 862/862/862 865/865/865
f 861/861/861 860/860/860 866/866/866
f 860/860/860 865/865/865 866/866/866
f 862/862/862 864/864/864 867/867/867
f 862/862/862 867/867/867 865/865/865
f 863/863/863 861/861/861 868/868/868
f 861/861/861 866/866/866 868/868/868
f 864/864/864 863/863/863 869/869/869
f 864/864/864 869/869/869 867/867/867
f 863/863/863 868/868/868 869/869/869
f 865/865/865 867/867/867 870/870/870
f 866/866/866 865/865/865 871/871/871
f 865/865/865 870/870/870 871/871/871
f 867/867/867 869/869/869 872/872/872
f 867/867/867 872/872/872 870/870/870
f 868/868/868 866/866/866 873/873/873
f 866/866/866 871/871/871 873/873/873
f 869/869/869 868/868/868 874/874/874
f 869/869/869 874/874/874 872/872/872
f 868/868/868 873/873/873 874/874/874
f 870/870/870 872/872/872 875/875/875
f 871/871/871 870/870/870 876/876/876
f 870/870/870 875/875/875 876/876/876
f 872/872/872 874/874/874 877/877/877
f 872/872/872 877/877/877 875/875/875
f 873/873/873 871/871/871 878/878/878
f 871/871/871 876/876/876 878/878/878
f 874/874/874 873/873/873 879/879/879
f 874/874/874 879/879/879 877/877/877
f 873/873/873 878/878/878 879/879/879
f 875/875/875 877/877/877 880/880/880
f 876/876/876 875/875/875 881/881/881
f 875/875/875 880/880/880 881/881/881
f 877/877/877 879/879/879 882/882/882
f 877/877/877 882/882/882 880/880/880
f 878/878/878 876/876/876 883/883/883
f 876/876/876 881/881/881 883/883/883
f 879/879/879 878/878/878 884/884/884
f 879/879/879 884/884/884 882/882/882
f 878/878/878 883/883/883 884/884/884
f 880/880/880 882/882/882 885/885/885
f 881/881/881 880/880/880 886/886/886
f 880/880/880 885/885/885 886/886/886
f 882/882/882 884/884/884 887/887/887
f 882/882/882 887/887/887 885/885/885
f 883/883/883 881/881/881 888/888/888
f 881/881/881 886/886/886 888/888/888
f 884/884/884 883/883/883 889/889/889
f 884/884/884 889/889/889 887/887/887
f 883/883/883 888/888/888 889/889/889
f 885/885/885 887/887/887 890/890/890
f 886/886/886 885/885/885 891/891/891
f 885/885/885 890/890/890 891/891/891
f 887/887/887 889/889/889 892/892/892
f 887/887/887 892/892/892 890/890/890
f 888/888/888 886/886/886 893/893/893
f 886/886/886 891/891/891 893/893/893
f 889/889/889 888/888/888 894/894/894
f 889/889/889 894/894/894 892/892/892
f 888/888/888 893/893/893 894/894/894
f 893/893/893 891/891/891 895/895/895
f 891/891/891 896/896/896 895/895/895
f 891/891/891 890/890/890 896/896/896
f 895/895/895 896/896/896 897/897/897
f 890/890/890 892/892/892 898/898/898
f 890/890/890 898/898/898 896/896/896
f 894/894/894 893/893/893 899/899/899
f 893/893/893 900/900/900 899/899/899
f 892/892/892 894/894/894 901/901/901
f 892/892/892 901/901/901 898/898/898
f 894/894/894 899/899/899 901/901/901
f 896/896/896 898/898/898 902/902/902
f 896/896/896 902/902/902 897/897/897
f 899/899/899 900/900/900 903/903/903
f 900/900/900 897/897/897 903/903/903
f 901/901/901 899/899/899 904/904/904
f 899/899/899 903/903/903 904/904/904
f 898/898/898 901/901/901 905/905/905
f 898/898/898 905/905/905 902/902/902
f 901/901/901 904/904/904 905/905/905
f 897/897/897 902/902/902 906/906/906
f 903/903/903 897/897/897 907/907/907
f 897/897/897 906/906/906 907/907/907
f 902/902/902 905/905/905 908/908/908
f 902/902/902 908/908/908 906/906/906
f 904/904/904 903/903/903 909/909/909
f 903/903/903 907/907/907 909/909/909
f 905/905/905 904/904/904 910/910/910
f 905/905/905 910/910/910 908/908/908
f 904/904/904 909/909/909 910/910/910
f 906/906/906 908/908/908 911/911/911
f 907/907/907 906/906/906 912/912/912
f 906/906/906 911/911/911 912/912/912
f 908/908/908 910/910/910 913/913/913
f 908/908/908 913/913/913 911/911/911
f 909/909/909 907/907/907 914/914/914
f 907/907/907 912/912/912 914/914/914
f 910/910/910 909/909/909 915/915/915
f 910/910/910 915/915/915 913/913/913
f 909/909/909 914/914/914 915/915/915
f 911/911/911 913/913/913 916/916/916
f 912/912/912 911/911/911 917/917/917
f 911/911/911 916/916/916 917/917/917
f 913/913/913 915/915/915 918/918/918
f 913/913/913 918/918/918 916/916/916
f 914/914/914 912/912/912 919/919/919
f 912/912/912 917/917/917 919/919/919
f 915/915/915 914/914/914 920/920/920
f 915/915/915 920/920/920 918/918/918
f 914/914/914 919/919/919 920/920/920
f 916/916/916 918/918/918 921/921/921
f 917/917/917 916/916/916 922/922/922
f 916/916/916 921/921/921 922/922/922
f 918/918/918 920/920/920 923/923/923
f 918/918/918 923/923/923 921/921/921
f 919/919/919 917/917/917 924/924/924
f 917/917/917 922/922/922 924/924/924
f 920/920/920 919/919/919 925/925/925
f 920/920/920 925/925/925 923/923/923
f 919/919/919 924/924/924 925/925/925
f 921/921/921 923/923/923 926/926/926
f 922/922/922 921/921/921 927/927/927
f 921/921/921 926/926/926 927/927/927
f 923/923/923 925/925/925 928/928/928
f 923/923/923 928/928/928 926/926/926
f 924/924/924 922/922/922 929/929/929
f 922/922/922 927/927/927 929/929/929
f 925/925/925 924/924/924 930/930/930
f 925/925/925 930/930/930 928/928/928
f 924/924/924 929/929/929 930/930/930
f 926/926/926 928/928/928 931/931/931
f 927/927/927 926/926/926 932/932/932
f 926/926/926 931/931/931 932/932/932
f 928/928/928 930/930/930 933/933/933
f 928/928/928 933/933/933 931/931/931
f 929/929/929 927/927/927 934/934/934
f 927/927/927 932/932/932 934/934/934
f 930/930/930 929/929/929 935/935/935
f 930/930/930 935/935/935 933/933/933
f 929/929/929 934/934/934 935/935/935
f 931/931/931 933/933/933 936/936/936
f 932/932/932 931/931/931 937/937/937
f 931/931/931 936/936/936 937/937/937
f 933/933/933 935/935/935 938/938/938
f 933/933/933 938/938/938 936/936/936
f 934/934/934 932/932/932 939/939/939
f 932/932/932 937/937/937 939/939/939
f 935/935/935 934/934/934 940/940/940
f 935/935/935 940/940/940 938/938/938
f 934/934/934 939/939/939 940/940/940
f 936/936/936 938/938/938 941/941/941
f 937/937/937 936/936/936 942/942/942
f 936/936/936 941/941/941 942/942/942
f 938/938/938 940/940/940 943/943/943
f 938/938/938 943/943/943 941/941/941
f 939/939/939 937/937/937 944/944/944
f 937/937/937 942/942/942 944/944/944
f 940/940/940 939/939/939 945/945/945
f 940/940/940 945/945/945 943/943/943
f 939/939/939 944/944/944 945/945/945
f 941/941/941 943/943/943 946/946/946
f 942/942/942 941/941/941 947/947/947
f 941/941/941 946/946/946 947/947/947
f 943/943/943 945/945/945 948/948/948
f 943/943/943 948/948/948 946/946/946
f 944/944/944 942/942/942 949/949/949
f 942/942/942 947/947/947 949/949/949
f 945/945/945 944/944/944 950/950/950
f 945/945/945 950/950/950 948/948/948
f 944/944/944 949/949/949 950/950/950
f 946/946/946 948/948/948 951/951/951
f 947/947/947 946/946/946 952/952/952
f 946/946/946 951/951/951 952/952/952
f 948/948/948 950/950/950 953/953/953
f 948/948/948 953/953/953 951/951/951
f 949/949/949 947/947/947 954/954/954
f 947/947/947 952/952/952 954/954/954
f 950/950/950 949/949/949 955/955/955
f 950/950/950 955/955/955 953/953/953
f 949/949/949 954/954/954 955/955/955
f 951/951/951 953/953/953 956/956/956
f 952/952/952 951/951/951 957/957/957
f 951/951/951 956/956/956 957/957/957
f 953/953/953 955/955/955 958/958/958
f 953/953/953 958/958/958 956/956/956
f 954/954/954 952/952/952 959/959/959
f 952/952/952 957/957/957 959/959/959
f 955/955/955 954/954/954 960/960/960
f 955/955/955 960/960/960 958/958/958
f 954/954/954 959/959/959 960/960/960
f 956/956/956 958/958/958 961/961/961
f 957/957/957 956/956/956 962/962/962
f 956/956/956 961/961/961 962/962/962
f 958/958/958 960/960/960 963/963/963
f 958/958/958 963/963/963 961/961/961
f 959/959/959 957/957/957 964/964/964
f 957/957/957 962/962/962 964/964/964
f 960/960/960 959/959/959 965/965/965
f 960/960/960 965/965/965 963/963/963
f 959/959/959 964/964/964 965/965/965
f 961/961/961 963/963/963 966/966/966
f 962/962/962 961/961/961 967/967/967
f 961/961/961 966/966/966 967/967/967
f 963/963/963 965/965/965 968/968/968
f 963/963/963 968/968/968 966/966/966
f 964/964/964 962/962/962 969/969/969
f 962/962/962 967/967/967 969/969/969
f 965/965/965 964/964/964 970/970/970
f 965/965/965 970/970/970 968/968/968
f 964/964/964 969/969/969 970/970/970
f 966/966/966 968/968/968 971/971/971
f 967/967/967 966/966/966 972/972/972
f 966/966/966 971/971/971 972/972/972
f 968/968/968 970/970/970 973/973/973
f 968/968/968 973/973/973 971/971/971
f 969/969/969 967/967/967 974/974/974
f 967/967/967 972/972/972 974/974/974
f 970/970/970 969/969/969 975/975/975
f 970/970/970 975/975/975 973/973/973
f 969/969/969 974/974/974 975/975/975
f 971/971/971 973/973/973 976/976/976
f 972/972/972 971/971/971 977/977/977
f 971/971/971 976/976/976 977/977/977
f 973/973/973 975/975/975 978/978/978
f 973/973/973 978/978/978 976/976/976
f 974/974/974 972/972/972 979/979/979
f 972/972/972 977/977/977 979/979/979
f 975/975/975 974/974/974 980/980/980
f 975/975/975 980/980/980 978/978/978
f 974/974/974 979/979/979 980/980/980
f 976/976/976 978/978/978 981/981/981
f 977/977/977 976/976/976 982/982/982
f 976/976/976 981/981/981 982/982/982
f 978/978/978 980/980/980 983/983/983
f 978/978/978 983/983/983 981/981/981
f 979/979/979 977/977/977 984/984/984
f 977/977/977 982/982/982 984/984/984
f 980/980/980 979/979/979 985/985/985
f 980/980/980 985/985/985 983/983/983
f 979/979/979 984/984/984 985/985/985
f 981/981/981 983/983/983 986/986/986
f 982/982/982 981/981/981 987/987/987
f 981/981/981 986/986/986 987/987/987
f 983/983/983 985/985/985 988/988/988
f 983/983/983 988/988/988 986/986/986
f 984/984/984 982/982/982 989/989/989
f 982/982/982 987/987/987 989/989/989
f 985/985/985 984/984/984 990/990/990
f 985/985/985 990/990/990 988/988/988
f 984/984/984 989/989/989 990/990/990
f 986/986/986 988/988/988 991/991/991
f 987/987/987 986/986/986 992/992/992
f 986/986/986 991/991/991 992/992/992
f 988/988/988 990/990/990 993/993/993
f 988/988/988 993/993/993 991/991/991
f 989/989/989 987/987/987 994/994/994
f 987/987/987 992/992/992 994/994/994
f 990/990/990 989/989/989 995/995/995
f 990/990/990 995/995/995 993/993/993
f 989/989/989 994/994/994 995/995/995
f 991/991/991 993/993/993 996/996/996
f 992/992/992 991/991/991 997/997/997
f 991/991/991 996/996/996 997/997/997
f 993/993/993 995/995/995 998/998/998
f 993/993/993 998/998/998 996/996/996
f 994/994/994 992/992/992 999/999/999
f 992/992/992 997/997/997 999/999/999
f 995/995/995 994/994/994 1000/1000/1000
f 995/995/995 1000/1000/1000 998/998/998
f 994/994/994 999/999/999 1000/1000/1000
f 996/996/996 998/998/998 1001/1001/1001
f 997/997/997 996/996/996 1002/1002/1002
f 996/996/996 1001/1001/1001 1002/1002/1002
f 998/998/998 1000/1000/1000 1003/1003/1003
f 998/998/998 1003/1003/1003 1001/1001/1001
f 999/999/999 997/997/997 1004/1004/1004
f 997/997/997 1002/1002/1002 1004/1004/1004
f 1000/1000/1000 999/999/999 1005/1005/1005
f 1000/1000/1000 1005/1005/1005 1003/1003/1003
f 999/999/999 1004/1004/1004 1005/1005/1005
f 1001/1001/1001 1003/1003/1003 1006/1006/1006
f 1002/1002/1002 1001/1001/1001 1007/1007/1007
f 1001/1001/1001 1006/1006/1006 1007/1007/1007
f 1003/1003/1003 1005/1005/1005 1008/1008/1008
f 1003/1003/1003 1008/1008/1008 1006/1006/1006
f 1004/1004/1004 1002/1002/1002 1009/1009/1009
f 1002/1002/1002 1007/1007/1007 1009/1009/1009
f 1005/1005/1005 1004/1004/1004 1010/1010/1010
f 1005/1005/1005 1010/1010/1010 1008/1008/1008
f 1004/1004/1004 1009/1009/1009 1010/1010/1010
f 1006/1006/1006 1008/1008/1008 1011/1011/1011
f 1007/1007/1007 1006/1006/1006 1012/1012/1012
f 1006/1006/1006 1011/1011/1011 1012/1012/1012
f 1008/1008/1008 1010/1010/1010 1013/1013/1013
f 1008/1008/1008 1013/1013/1013 1011/1011/1011
f 1009/1009/1009 1007/1007/1007 1014/1014/1014
f 1007/1007/1007 1012/1012/1012 1014/1014/1014
f 1010/1010/1010 1009/1009/1009 1015/1015/1015
f 1010/1010/1010 1015/1015/1015 1013/1013/1013
f 1009/1009/1009 1014/1014/1014 1015/1015/1015
f 1011/1011/1011 1013/1013/1013 1016/1016/1016
f 1012/1012/1012 1011/1011/1011 1017/1017/1017
f 1011/1011/1011 1016/1016/1016 1017/1017/1017
f 1013/1013/1013 1015/1015/1015 1018/1018/1018
f 1013/1013/1013 1018/1018/1018 1016/1016/1016
f 1014/1014/1014 1012/1012/1012 1019/1019/1019
f 1012/1012/1012 1017/1017/1017 1019/1019/1019
f 1015/1015/1015 1014/1014/1014 1020/1020/1020
f 1015/1015/1015 1020/1020/1020 1018/1018/1018
f 1014/1014/1014 1019/1019/1019 1020/1020/1020
f 1016/1016/1016 1018/1018/1018 1021/1021/1021
f 1017/1017/1017 1016/1016/1016 1022/1022/1022
f 1016/1016/1016 1021/1021/1021 1022/1022/1022
f 1018/1018/1018 1020/1020/1020 1023/1023/1023
f 1018/1018/1018 1023/1023/1023 1021/1021/1021
f 1019/1019/1019 1017/1017/1017 1024/1024/1024
f 1017/1017/1017 1022/1022/1022 1024/1024/1024
f 1020/1020/1020 1019/1019/1019 1025/1025/1025
f 1020/1020/1020 1025/1025/1025 1023/1023/1023
f 1019/1019/1019 1024/1024/1024 1025/1025/1025
f 1021/1021/1021 1023/1023/1023 1026/1026/1026
f 1022/1022/1022 1021/1021/1021 1027/1027/1027
f 1021/1021/1021 1026/1026/1026 1027/1027/1027
f 1023/1023/1023 1025/1025/1025 1028/1028/1028
f 1023/1023/1023 1028/1028/1028 1026/1026/1026
f 1024/1024/1024 1022/1022/1022 1029/1029/1029
f 1022/1022/1022 1027/1027/1027 1029/1029/1029
f 1025/1025/1025 1024/1024/1024 1030/1030/1030
f 1025/1025/1025 1030/1030/1030 1028/1028/1028
f 1024/1024/1024 1029/1029/1029 1030/1030/1030
f 1026/1026/1026 1028/1028/1028 1031/1031/1031
f 1027/1027/1027 1026/1026/1026 1032/1032/1032
f 1026/1026/1026 1031/1031/1031 1032/1032/1032
f 1028/1028/1028 1030/1030/1030 1033/1033/1033
f 1028/1028/1028 1033/1033/1033 1031/1031/1031
f 1029/1029/1029 1027/1027/1027 1034/1034/1034
f 1027/1027/1027 1032/1032/1032 1034/1034/1034
f 1030/1030/1030 1029/1029/1029 1035/1035/1035
f 1030/1030/1030 1035/1035/1035 1033/1033/1033
f 1029/1029/1029 1034/1034/1034 1035/1035/1035
f 1031/1031/1031 1033/1033/1033 1036/1036/1036
f 1032/1032/1032 1031/1031/1031 1037/1037/1037
f 1031/1031/1031 1036/1036/1036 1037/1037/1037
f 1033/1033/1033 1035/1035/1035 1038/1038/1038
f 1033/1033/1033 1038/1038/1038 1036/1036/1036
f 1034/1034/1034 1032/1032/1032 1039/1039/1039
f 1032/1032/1032 1037/1037/1037 1039/1039/1039
f 1035/1035/1035 1034/1034/1034 1040/1040/1040
f 1035/1035/1035 1040/1040/1040 1038/1038/1038
f 1034/1034/1034 1039/1039/1039 1040/1040/1040
f 1036/1036/1036 1038/1038/1038 1041/1041/1041
f 1037/1037/1037 1036/1036/1036 1042/1042/1042
f 1036/1036/1036 1041/1041/1041 1042/1042/1042
f 1038/1038/1038 1040/1040/1040 1043/1043/1043
f 1038/1038/1038 1043/1043/1043 1041/1041/1041
f 1039/1039/1039 1037/1037/1037 1044/1044/1044
f 1037/1037/1037 1042/1042/1042 1044/1044/1044
f 1040/1040/1040 1039/1039/1039 1045/1045/1045
f 1040/1040/1040 1045/1045/1045 1043/1043/1043
f 1039/1039/1039 1044/1044/1044 1045/1045/1045
f 1041/1041/1041 1043/1043/1043 1046/1046/1046
f 1042/1042/1042 1041/1041/1041 1047/1047/1047
f 1041/1041/1041 1046/1046/1046 1047/1047/1047
f 1043/1043/1043 1045/1045/1045 1048/1048/1048
f 1043/1043/1043 1048/1048/1048 1046/1046/1046
f 1044/1044/1044 1042/1042/1042 1049/1049/1049
f 1042/1042/1042 1047/1047/1047 1049/1049/1049
f 1045/1045/1045 1044/1044/1044 1050/1050/1050
f 1045/1045/1045 1050/1050/1050 1048/1048/1048
f 1044/1044/1044 1049/1049/1049 1050/1050/1050
f 1046/1046/1046 1048/1048/1048 1051/1051/1051
f 1047/1047/1047 1046/1046/1046 1052/1052/1052
f 1046/1046/1046 1051/1051/1051 1052/1052/1052
f 1048/1048/1048 1050/1050/1050 1053/1053/1053
f 1048/1048/1048 1053/1053/1053 1051/1051/1051
f 1049/1049/1049 1047/1047/1047 1054/1054/1054
f 1047/1047/1047 1052/1052/1052 1054/1054/1054
f 1050/1050/1050 1049/1049/1049 1055/1055/1055
f 1050/1050/1050 1055/1055/1055 1053/1053/1053
f 1049/1049/1049 1054/1054/1054 1055/1055/1055
f 1051/1051/1051 1053/1053/1053 1056/1056/1056
f 1052/1052/1052 1051/1051/1051 1057/1057/1057
f 1051/1051/1051 1056/1056/1056 1057/1057/1057
f 1053/1053/1053 1055/1055/1055 1058/1058/1058
f 1053/1053/1053 1058/1058/1058 1056/1056/1056
f 1054/1054/1054 1052/1052/1052 1059/1059/1059
f 1052/1052/1052 1057/1057/1057 1059/1059/1059
f 1055/1055/1055 1054/1054/1054 1060/1060/1060
f 1055/1055/1055 1060/1060/1060 1058/1058/1058
f 1054/1054/1054 1059/1059/1059 1060/1060/1060
f 1056/1056/1056 1058/1058/1058 1061/1061/1061
f 1057/1057/1057 1056/1056/1056 1062/1062/1062
f 1056/1056/1056 1061/1061/1061 1062/1062/1062
f 1058/1058/1058 1060/1060/1060 1063/1063/1063
f 1058/1058/1058 1063/1063/1063 1061/1061/1061
f 1059/1059/1059 1057/1057/1057 1064/1064/1064
f 1057/1057/1057 1062/1062/1062 1064/1064/1064
f 1060/1060/1060 1059/1059/1059 1065/1065/1065
f 1060/1060/1060 1065/1065/1065 1063/1063/1063
f 1059/1059/1059 1064/1064/1064 1065/1065/1065
f 1061/1061/1061 1063/1063/1063 1066/1066/1066
f 1062/1062/1062 1061/1061/1061 1067/1067/1067
f 1061/1061/1061 1066/1066/1066 1067/1067/1067
f 1063/1063/1063 1065/1065/1065 1068/1068/1068
f 1063/1063/1063 1068/1068/1068 1066/1066/1066
f 1064/1064/1064 1062/1062/1062 1069/1069/1069
f 1062/1062/1062 1067/1067/1067 1069/1069/1069
f 1065/1065/1065 1064/1064/1064 1070/1070/1070
f 1065/1065/1065 1070/1070/1070 1068/1068/1068
f 1064/1064/1064 1069/1069/1069 1070/1070/1070
f 1066/1066/1066 1068/1068/1068 1071/1071/1071
f 1067/1067/1067 1066/1066/1066 1072/1072/1072
f 1066/1066/1066 1071/1071/1071 1072/1072/1072
f 1068/1068/1068 1070/1070/1070 1073/1073/1073
f 1068/1068/1068 1073/1073/1073 1071/1071/1071
f 1069/1069/1069 1067/1067/1067 1074/1074/1074
f 1067/1067/1067 1072/1072/1072 1074/1074/1074
f 1070/1070/1070 1069/1069/1069 1075/1075/1075
f 1070/1070/1070 1075/1075/1075 1073/1073/1073
f 1069/1069/1069 1074/1074/1074 1075/1075/1075
f 1071/1071/1071 1073/1073/1073 1076/1076/1076
f 1072/1072/1072 1071/1071/1071 1077/1077/1077
f 1071/1071/1071 1076/1076/1076 1077/1077/1077
f 1073/1073/1073 1075/1075/1075 1078/1078/1078
f 1073/1073/1073 1078/1078/1078 1076/1076/1076
f 1074/1074/1074 1072/1072/1072 1079/1079/1079
f 1072/1072/1072 1077/1077/1077 1079/1079/1079
f 1075/1075/1075 1074/1074/1074 1080/1080/1080
f 1075/1075/1075 1080/1080/1080 1078/1078/1078
f 1074/1074/1074 1079/1079/1079 1080/1080/1080
f 1076/1076/1076 1078/1078/1078 1081/1081/1081
f 1077/1077/1077 1076/1076/1076 1082/1082/1082
f 1076/1076/1076 1081/1081/1081 1082/1082/1082
f 1078/1078/1078 1080/1080/1080 1083/1083/1083
f 1078/1078/1078 1083/1083/1083 1081/1081/1081
f 1079/1079/1079 1077/1077/1077 1084/1084/1084
f 1077/1077/1077 1082/1082/1082 1084/1084/1084
f 1080/1080/1080 1079/1079/1079 1085/1085/1085
f 1080/1080/1080 1085/1085/1085 1083/1083/1083
f 1079/1079/1079 1084/1084/1084 1085/1085/1085
f 1081/1081/1081 1083/1083/1083 1086/1086/1086
f 1082/1082/1082 1081/1081/1081 1087/1087/1087
f 1081/1081/1081 1086/1086/1086 1087/1087/1087
f 1083/1083/1083 1085/1085/1085 1088/1088/1088
f 1083/1083/1083 1088/1088/1088 1086/1086/1086
f 1084/1084/1084 1082/1082/1082 1089/1089/1089
f 1082/1082/1082 1087/1087/1087 1089/1089/1089
f 1085/1085/1085 1084/1084/1084 1090/1090/1090
f 1085/1085/1085 1090/1090/1090 1088/1088/1088
f 1084/1084/1084 1089/1089/1089 1090/1090/1090
f 1086/1086/1086 1088/1088/1088 1091/1091/1091
f 1087/1087/1087 1086/1086/1086 1092/1092/1092
f 1086/1086/1086 1091/1091/1091 1092/1092/1092
f 1088/1088/1088 1090/1090/1090 1093/1093/1093
f 1088/1088/1088 1093/1093/1093 1091/1091/1091
f 1089/1089/1089 1087/1087/1087 1094/1094/1094
f 1087/1087/1087 1092/1092/1092 1094/1094/1094
f 1090/1090/1090 1089/1089/1089 1095/1095/1095
f 1090/1090/1090 1095/1095/1095 1093/1093/1093
f 1089/1089/1089 1094/1094/1094 1095/1095/1095
f 1091/1091/1091 1093/1093/1093 1096/1096/1096
f 1092/1092/1092 1091/1091/1091 1097/1097/1097
f 1091/1091/1091 1096/1096/1096 1097/1097/1097
f 1093/1093/1093 1095/1095/1095 1098/1098/1098
f 1093/1093/1093 1098/1098/1098 1096/1096/1096
f 1094/1094/1094 1092/1092/1092 1099/1099/1099
f 1092/1092/1092 1097/1097/1097 1099/1099/1099
f 1095/1095/1095 1094/1094/1094 1100/1100/1100
f 1095/1095/1095 1100/1100/1100 1098/1098/1098
f 1094/1094/1094 1099/1099/1099 1100/1100/1100
f 1096/1096/1096 1098/1098/1098 1101/1101/1101
f 1097/1097/1097 1096/1096/1096 1102/1102/1102
f 1096/1096/1096 1101/1101/1101 1102/1102/1102
f 1098/1098/1098 1100/1100/1100 1103/1103/1103
f 1098/1098/1098 1103/1103/1103 1101/1101/1101
f 1099/1099/1099 1097/1097/1097 1104/1104/1104
f 1097/1097/1097 1102/1102/1102 1104/1104/1104
f 1100/1100/1100 1099/1099/1099 1105/1105/1105
f 1100/1100/1100 1105/1105/1105 1103/1103/1103
f 1099/1099/1099 1104/1104/1104 1105/1105/1105
f 1101/1101/1101 1103/1103/1103 1106/1106/1106
f 1102/1102/1102 1101/1101/1101 1107/1107/1107
f 1101/1101/1101 1106/1106/1106 1107/1107/1107
f 1103/1103/1103 1105/1105/1105 1108/1108/1108
f 1103/1103/1103 1108/1108/1108 1106/1106/1106
f 1104/1104/1104 1102/1102/1102 1109/1109/1109
f 1102/1102/1102 1107/1107/1107 1109/1109/1109
f 1105/1105/1105 1104/1104/1104 1110/1110/1110
f 1105/1105/1105 1110/1110/1110 1108/1108/1108
f 1104/1104/1104 1109/1109/1109 1110/1110/1110
f 1106/1106/1106 1108/1108/1108 1111/1111/1111
f 1107/1107/1107 1106/1106/1106 1112/1112/1112
f 1106/1106/1106 1111/1111/1111 1112/1112/1112
f 1108/1108/1108 1110/1110/1110 1113/1113/1113
f 1108/1108/1108 1113/1113/1113 1111/1111/1111
f 1109/1109/1109 1107/1107/1107 1114/1114/1114
f 1107/1107/1107 1112/1112/1112 1114/1114/1114
f 1110/1110/1110 1109/1109/1109 1115/1115/1115
f 1110/1110/1110 1115/1115/1115 1113/1113/1113
f 1109/1109/1109 1114/1114/1114 1115/1115/1115
f 1111/1111/1111 1113/1113/1113 1116/1116/1116
f 1112/1112/1112 1111/1111/1111 1117/1117/1117
f 1111/1111/1111 1116/1116/1116 1117/1117/1117
f 1113/1113/1113 1115/1115/1115 1118/1118/1118
f 1113/1113/1113 1118/1118/1118 1116/1116/1116
f 1114/1114/1114 1112/1112/1112 1119/1119/1119
f 1112/1112/1112 1117/1117/1117 1119/1119/1119
f 1115/1115/1115 1114/1114/1114 1120/1120/1120
f 1115/1115/1115 1120/1120/1120 1118/1118/1118
f 1114/1114/1114 1119/1119/1119 1120/1120/1120
f 1116/1116/1116 1118/1118/1118 1121/1121/1121
f 1117/1117/1117 1116/1116/1116 1122/1122/1122
f 1116/1116/1116 1121/1121/1121 1122/1122/1122
f 1118/1118/1118 1120/1120/1120 1123/1123/1123
f 1118/1118/1118 1123/1123/1123 1121/1121/1121
f 1119/1119/1119 1117/1117/1117 1124/1124/1124
f 1117/1117/1117 1122/1122/1122 1124/1124/1124
f 1120/1120/1120 1119/1119/1119 1125/1125/1125
f 1120/1120/1120 1125/1125/1125 1123/1123/1123
f 1119/1119/1119 1124/1124/1124 1125/1125/1125
f 1121/1121/1121 1123/1123/1123 1126/1126/1126
f 1122/1122/1122 1121/1121/1121 1127/1127/1127
f 1121/1121/1121 1126/1126/1126 1127/1127/1127
f 1123/1123/1123 1125/1125/1125 1128/1128/1128
f 1123/1123/1123 1128/1128/1128 1126/1126/1126
f 1124/1124/1124 1122/1122/1122 1129/1129/1129
f 1122/1122/1122 1127/1127/1127 1129/1129/1129
f 1125/1125/1125 1124/1124/1124 1130/1130/1130
f 1125/1125/1125 1130/1130/1130 1128/1128/1128
f 1124/1124/1124 1129/1129/1129 1130/1130/1130
f 1126/1126/1126 1128/1128/1128 1131/1131/1131
f 1127/1127/1127 1126/1126/1126 1132/1132/1132
f 1126/1126/1126 1131/1131/1131 1132/1132/1132
f 1128/1128/1128 1130/1130/1130 1133/1133/1133
f 1128/1128/1128 1133/1133/1133 1131/1131/1131
f 1129/1129/1129 1127/1127/1127 1134/1134/1134
f 1127/1127/1127 1132/1132/1132 1134/1134/1134
f 1130/1130/1130 1129/1129/1129 1135/1135/1135
f 1130/1130/1130 1135/1135/1135 1133/1133/1133
f 1129/1129/1129 1134/1134/1134 1135/1135/1135
f 1131/1131/1131 1133/1133/1133 1136/1136/1136
f 1132/1132/1132 1131/1131/1131 1137/1137/1137
f 1131/1131/1131 1136/1136/1136 1137/1137/1137
f 1133/1133/1133 1135/1135/1135 1138/1138/1138
f 1133/1133/1133 1138/1138/1138 1136/1136/1136
f 1134/1134/1134 1132/1132/1132 1139/1139/1139
f 1132/1132/1132 1137/1137/1137 1139/1139/1139
f 1135/1135/1135 1134/1134/1134 1140/1140/1140
f 1135/1135/1135 1140/1140/1140 1138/1138/1138
f 1134/1134/1134 1139/1139/1139 1140/1140/1140
f 1136/1136/1136 1138/1138/1138 1141/1141/1141
f 1136/1136/1136 1141/1141/1141 1137/1137/1137
f 1138/1138/1138 1140/1140/1140 1142/1142/1142
f 1138/1138/1138 1142/1142/1142 1141/1141/1141
f 1140/1140/1140 1139/1139/1139 1143/1143/1143
f 1140/1140/1140 1143/1143/1143 1142/1142/1142
f 1139/1139/1139 1137/1137/1137 1144/1144/1144
f 1139/1139/1139 1144/1144/1144 1143/1143/1143
f 1141/1141/1141 1145/1145/1145 1137/1137/1137
f 1137/1137/1137 1145/1145/1145 1144/1144/1144
f 1141/1141/1141 1142/1142/1142 1146/1146/1146
f 1142/1142/1142 1143/1143/1143 1147/1147/1147
f 1142/1142/1142 1147/1147/1147 1146/1146/1146
f 1143/1143/1143 1144/1144/1144 1148/1148/1148
f 1143/1143/1143 1148/1148/1148 1147/1147/1147
f 1145/1145/1145 1141/1141/1141 1149/1149/1149
f 1141/1141/1141 1146/1146/1146 1149/1149/1149
f 1144/1144/1144 1145/1145/1145 1150/1150/1150
f 1144/1144/1144 1150/1150/1150 1148/1148/1148
f 1145/1145/1145 1149/1149/1149 1150/1150/1150
f 1146/1146/1146 1147/1147/1147 1151/1151/1151
f 1147/1147/1147 1148/1148/1148 1152/1152/1152
f 1147/1147/1147 1152/1152/1152 1151/1151/1151
f 1148/1148/1148 1150/1150/1150 1153/1153/1153
f 1148/1148/1148 1153/1153/1153 1152/1152/1152
f 1149/1149/1149 1146/1146/1146 1154/1154/1154
f 1146/1146/1146 1151/1151/1151 1154/1154/1154
f 1150/1150/1150 1149/1149/1149 1155/1155/1155
f 1150/1150/1150 1155/1155/1155 1153/1153/1153
f 1149/1149/1149 1154/1154/1154 1155/1155/1155
f 1151/1151/1151 1152/1152/1152 1156/1156/1156
f 1152/1152/1152 1153/1153/1153 1157/1157/1157
f 1152/1152/1152 1157/1157/1157 1156/1156/1156
f 1153/1153/1153 1155/1155/1155 1158/1158/1158
f 1153/1153/1153 1158/1158/1158 1157/1157/1157
f 1154/1154/1154 1151/1151/1151 1159/1159/1159
f 1151/1151/1151 1156/1156/1156 1159/1159/1159
f 1155/1155/1155 1154/1154/1154 1160/1160/1160
f 1155/1155/1155 1160/1160/1160 1158/1158/1158
f 1154/1154/1154 1159/1159/1159 1160/1160/1160
f 1156/1156/1156 1157/1157/1157 1161/1161/1161
f 1157/1157/1157 1158/1158/1158 1162/1162/1162
f 1157/1157/1157 1162/1162/1162 1161/1161/1161
f 1158/1158/1158 1160/1160/1160 1163/1163/1163
f 1158/1158/1158 1163/1163/1163 1162/1162/1162
f 1159/1159/1159 1156/1156/1156 1164/1164/1164
f 1156/1156/1156 1161/1161/1161 1164/1164/1164
f 1160/1160/1160 1159/1159/1159 1165/1165/1165
f 1160/1160/1160 1165/1165/1165 1163/1163/1163
f 1159/1159/1159 1164/1164/1164 1165/1165/1165
f 1161/1161/1161 1162/1162/1162 1166/1166/1166
f 1162/1162/1162 1163/1163/1163 1167/1167/1167
f 1162/1162/1162 1167/1167/1167 1166/1166/1166
f 1163/1163/1163 1165/1165/1165 1168/1168/1168
f 1163/1163/1163 1168/1168/1168 1167/1167/1167
f 1164/1164/1164 1161/1161/1161 1169/1169/1169
f 1161/1161/1161 1166/1166/1166 1169/1169/1169
f 1165/1165/1165 1164/1164/1164 1170/1170/1170
f 1165/1165/1165 1170/1170/1170 1168/1168/1168
f 1164/1164/1164 1169/1169/1169 1170/1170/1170
f 1166/1166/1166 1167/1167/1167 1171/1171/1171
f 1167/1167/1167 1168/1168/1168 1172/1172/1172
f 1167/1167/1167 1172/1172/1172 1171/1171/1171
f 1168/1168/1168 1170/1170/1170 1173/1173/1173
f 1168/1168/1168 1173/1173/1173 1172/1172/1172
f 1169/1169/1169 1166/1166/1166 1174/1174/1174
f 1166/1166/1166 1171/1171/1171 1174/1174/1174
f 1170/1170/1170 1169/1169/1169 1175/1175/1175
f 1170/1170/1170 1175/1175/1175 1173/1173/1173
f 1169/1169/1169 1174/1174/1174 1175/1175/1175
f 1171/1171/1171 1172/1172/1172 1176/1176/1176
f 1172/1172/1172 1173/1173/1173 1177/1177/1177
f 1172/1172/1172 1177/1177/1177 1176/1176/1176
f 1173/1173/1173 1175/1175/1175 1178/1178/1178
f 1173/1173/1173 1178/1178/1178 1177/1177/1177
f 1174/1174/1174 1171/1171/1171 1179/1179/1179
f 1171/1171/1171 1176/1176/1176 1179/1179/1179
f 1175/1175/1175 1174/1174/1174 1180/1180/1180
f 1175/1175/1175 1180/1180/1180 1178/1178/1178
f 1174/1174/1174 1179/1179/1179 1180/1180/1180
f 1176/1176/1176 1177/1177/1177 1181/1181/1181
f 1177/1177/1177 1178/1178/1178 1182/1182/1182
f 1177/1177/1177 1182/1182/1182 1181/1181/1181
f 1178/1178/1178 1180/1180/1180 1183/1183/1183
f 1178/1178/1178 1183/1183/1183 1182/1182/1182
f 1179/1179/1179 1176/1176/1176 1184/1184/1184
f 1176/1176/1176 1181/1181/1181 1184/1184/1184
f 1180/1180/1180 1179/1179/1179 1185/1185/1185
f 1180/1180/1180 1185/1185/1185 1183/1183/1183
f 1179/1179/1179 1184/1184/1184 1185/1185/1185
f 1181/1181/1181 1182/1182/1182 1186/1186/1186
f 1182/1182/1182 1187/1187/1187 1186/1186/1186
f 1182/1182/1182 1183/1183/1183 1187/1187/1187
f 1186/1186/1186 1187/1187/1187 1188/1188/1188
f 1183/1183/1183 1185/1185/1185 1189/1189/1189
f 1183/1183/1183 1190/1190/1190 1187/1187/1187
f 1187/1187/1187 1191/1191/1191 1188/1188/1188
f 1187/1187/1187 1190/1190/1190 1191/1191/1191
f 1188/1188/1188 1191/1191/1191 1192/1192/1192
f 1190/1190/1190 1193/1193/1193 1191/1191/1191
f 1185/1185/1185 1194/1194/1194 1189/1189/1189
f 1185/1185/1185 1184/1184/1184 1194/1194/1194
f 1189/1189/1189 1194/1194/1194 1195/1195/1195
f 1184/1184/1184 1181/1181/1181 1196/1196/1196
f 1184/1184/1184 1196/1196/1196 1194/1194/1194
f 1181/1181/1181 1197/1197/1197 1196/1196/1196
f 1191/1191/1191 1198/1198/1198 1192/1192/1192
f 1191/1191/1191 1193/1193/1193 1198/1198/1198
f 1193/1193/1193 1199/1199/1199 1198/1198/1198
f 1192/1192/1192 1198/1198/1198 1200/1200/1200
f 1198/1198/1198 1201/1201/1201 1200/1200/1200
f 1194/1194/1194 1202/1202/1202 1195/1195/1195
f 1194/1194/1194 1196/1196/1196 1202/1202/1202
f 1195/1195/1195 1202/1202/1202 1203/1203/1203
f 1196/1196/1196 1197/1197/1197 1204/1204/1204
f 1196/1196/1196 1204/1204/1204 1202/1202/1202
f 1197/1197/1197 1205/1205/1205 1204/1204/1204
f 1204/1204/1204 1205/1205/1205 1206/1206/1206
f 1205/1205/1205 1207/1207/1207 1206/1206/1206
f 1206/1206/1206 1207/1207/1207 1208/1208/1208
f 1207/1207/1207 1209/1209/1209 1208/1208/1208
f 1202/1202/1202 1210/1210/1210 1203/1203/1203
f 1203/1203/1203 1210/1210/1210 1211/1211/1211
f 1210/1210/1210 1212/1212/1212 1211/1211/1211
f 1203/1203/1203 1211/1211/1211 1213/1213/1213
f 1214/1214/1214 1203/1203/1203 1213/1213/1213
f 1216/1216/1216 1215/1215/1215 1212/1212/1212
f 1217/1217/1217 1216/1216/1216 1212/1212/1212
f 1218/1218/1218 1216/1216/1216 1217/1217/1217
f 1219/1219/1219 1218/1218/1218 1217/1217/1217
f 1221/1221/1221 1213/1213/1213 1220/1220/1220
f 1213/1213/1213 1222/1222/1222 1220/1220/1220
f 1220/1220/1220 1222/1222/1222 1223/1223/1223
f 1222/1222/1222 1224/1224/1224 1223/1223/1223
f 1223/1223/1223 1224/1224/1224 1225/1225/1225
f 1224/1224/1224 1226/1226/1226 1225/1225/1225
f 1224/1224/1224 1227/1227/1227 1226/1226/1226
f 1227/1227/1227 1228/1228/1228 1226/1226/1226
f 1225/1225/1225 1226/1226/1226 1229/1229/1229
f 1230/1230/1230 1225/1225/1225 1229/1229/1229
f 1230/1230/1230 1229/1229/1229 1231/1231/1231
f 1229/1229/1229 1232/1232/1232 1231/1231/1231
f 1231/1231/1231 1232/1232/1232 1233/1233/1233
f 1232/1232/1232 1234/1234/1234 1233/1233/1233
f 1233/1233/1233 1234/1234/1234 1235/1235/1235
f 1234/1234/1234 1236/1236/1236 1235/1235/1235
f 1235/1235/1235 1236/1236/1236 1237/1237/1237
f 1236/1236/1236 1238/1238/1238 1237/1237/1237
f 1237/1237/1237 1240/1240/1240 1239/1239/1239
f 1241/1241/1241 1237/1237/1237 1239/1239/1239
f 1241/1241/1241 1239/1239/1239 1242/1242/1242
f 1243/1243/1243 1241/1241/1241 1242/1242/1242
f 1243/1243/1243 1242/1242/1242 1244/1244/1244
f 1245/1245/1245 1243/1243/1243 1244/1244/1244
f 1246/1246/1246 1243/1243/1243 1245/1245/1245
f 1247/1247/1247 1246/1246/1246 1245/1245/1245
f 1244/1244/1244 1242/1242/1242 1248/1248/1248
f 1242/1242/1242 1249/1249/1249 1248/1248/1248
f 1248/1248/1248 1249/1249/1249 1250/1250/1250
f 1249/1249/1249 1251/1251/1251 1250/1250/1250
f 1248/1248/1248 1250/1250/1250 1252/1252/1252
f 1253/1253/1253 1248/1248/1248 1252/1252/1252
f 1244/1244/1244 1248/1248/1248 1254/1254/1254
f 1255/1255/1255 1244/1244/1244 1254/1254/1254
f 1256/1256/1256 1244/1244/1244 1255/1255/1255
f 1257/1257/1257 1256/1256/1256 1255/1255/1255
f 1258/1258/1258 1256/1256/1256 1257/1257/1257
f 1236/1236/1236 1258/1258/1258 1257/1257/1257
f 1257/1257/1257 1255/1255/1255 1259/1259/1259
f 1260/1260/1260 1257/1257/1257 1259/1259/1259
f 1255/1255/1255 1254/1254/1254 1261/1261/1261
f 1259/1259/1259 1255/1255/1255 1261/1261/1261
f 1261/1261/1261 1254/1254/1254 1262/1262/1262
f 1254/1254/1254 1263/1263/1263 1262/1262/1262
f 1264/1264/1264 1262/1262/1262 1263/1263/1263
f 1265/1265/1265 1264/1264/1264 1263/1263/1263
f 1266/1266/1266 1264/1264/1264 1265/1265/1265
f 1267/1267/1267 1266/1266/1266 1265/1265/1265
f 1269/1269/1269 1260/1260/1260 1268/1268/1268
f 1270/1270/1270 1269/1269/1269 1268/1268/1268
f 1270/1270/1270 1268/1268/1268 1271/1271/1271
f 1272/1272/1272 1269/1269/1269 1270/1270/1270
f 1273/1273/1273 1270/1270/1270 1271/1271/1271
f 1274/1274/1274 1272/1272/1272 1270/1270/1270
f 1274/1274/1274 1270/1270/1270 1273/1273/1273
f 1275/1275/1275 1274/1274/1274 1273/1273/1273
f 1275/1275/1275 1276/1276/1276 1274/1274/1274
f 1274/1274/1274 1277/1277/1277 1272/1272/1272
f 1276/1276/1276 1277/1277/1277 1274/1274/1274
f 1277/1277/1277 1278/1278/1278 1272/1272/1272
f 1279/1279/1279 1278/1278/1278 1277/1277/1277
f 1280/1280/1280 1277/1277/1277 1276/1276/1276
f 1280/1280/1280 1279/1279/1279 1277/1277/1277
f 1281/1281/1281 1280/1280/1280 1276/1276/1276
f 1281/1281/1281 1282/1282/1282 1280/1280/1280
f 1282/1282/1282 1283/1283/1283 1280/1280/1280
f 1280/1280/1280 1283/1283/1283 1279/1279/1279
f 1283/1283/1283 1284/1284/1284 1279/1279/1279
f 1286/1286/1286 1273/1273/1273 1285/1285/1285
f 1287/1287/1287 1286/1286/1286 1285/1285/1285
f 1287/1287/1287 1288/1288/1288 1286/1286/1286
f 1288/1288/1288 1289/1289/1289 1286/1286/1286
f 1290/1290/1290 1289/1289/1289 1288/1288/1288
f 1291/1291/1291 1290/1290/1290 1288/1288/1288
f 1292/1292/1292 1290/1290/1290 1291/1291/1291
f 1293/1293/1293 1292/1292/1292 1291/1291/1291
f 1295/1295/1295 1292/1292/1292 1294/1294/1294
f 1296/1296/1296 1295/1295/1295 1294/1294/1294
f 1297/1297/1297 1295/1295/1295 1296/1296/1296
f 1298/1298/1298 1297/1297/1297 1296/1296/1296
f 1298/1298/1298 1296/1296/1296 1299/1299/1299
f 1300/1300/1300 1298/1298/1298 1299/1299/1299
f 1301/1301/1301 1298/1298/1298 1300/1300/1300
f 1201/1201/1201 1301/1301/1301 1300/1300/1300
f 1303/1303/1303 1302/1302/1302 1292/1292/1292
f 1304/1304/1304 1303/1303/1303 1292/1292/1292
f 1303/1303/1303 1305/1305/1305 1302/1302/1302
f 1305/1305/1305 1306/1306/1306 1302/1302/1302
f 1307/1307/1307 1303/1303/1303 1304/1304/1304
f 1308/1308/1308 1307/1307/1307 1304/1304/1304
f 1208/1208/1208 1307/1307/1307 1308/1308/1308
f 1309/1309/1309 1208/1208/1208 1308/1308/1308
f 1309/1309/1309 1308/1308/1308 1310/1310/1310
f 1311/1311/1311 1309/1309/1309 1310/1310/1310
f 1208/1208/1208 1313/1313/1313 1312/1312/1312
f 1313/1313/1313 1314/1314/1314 1312/1312/1312
f 1314/1314/1314 1316/1316/1316 1315/1315/1315
f 1317/1317/1317 1314/1314/1314 1315/1315/1315
f 1320/1320/1320 1319/1319/1319 1318/1318/1318
f 1319/1319/1319 1321/1321/1321 1318/1318/1318
f 1318/1318/1318 1321/1321/1321 1322/1322/1322
f 1321/1321/1321 1323/1323/1323 1322/1322/1322
f 1326/1326/1326 1325/1325/1325 1324/1324/1324
f 1325/1325/1325 1327/1327/1327 1324/1324/1324
f 1324/1324/1324 1327/1327/1327 1328/1328/1328
f 1327/1327/1327 1329/1329/1329 1328/1328/1328
f 1328/1328/1328 1329/1329/1329 1330/1330/1330
f 1329/1329/1329 1331/1331/1331 1330/1330/1330
f 1331/1331/1331 1333/1333/1333 1332/1332/1332
f 1333/1333/1333 1334/1334/1334 1332/1332/1332
f 1332/1332/1332 1334/1334/1334 1335/1335/1335
f 1334/1334/1334 1336/1336/1336 1335/1335/1335
f 1333/1333/1333 1337/1337/1337 1334/1334/1334
f 1337/1337/1337 803/803/803 1334/1334/1334
f 1338/1338/1338 1337/1337/1337 1333/1333/1333
f 1339/1339/1339 1338/1338/1338 1333/1333/1333
f 1340/1340/1340 1338/1338/1338 1339/1339/1339
f 1341/1341/1341 1340/1340/1340 1339/1339/1339
f 1342/1342/1342 1340/1340/1340 1341/1341/1341
f 1343/1343/1343 1342/1342/1342 1341/1341/1341
f 1345/1345/1345 1339/1339/1339 1344/1344/1344
f 1346/1346/1346 1345/1345/1345 1344/1344/1344
f 1348/1348/1348 1347/1347/1347 1346/1346/1346
f 1349/1349/1349 1348/1348/1348 1346/1346/1346
f 1352/1352/1352 1351/1351/1351 1350/1350/1350
f 1351/1351/1351 1353/1353/1353 1350/1350/1350
f 1350/1350/1350 1353/1353/1353 1354/1354/1354
f 1353/1353/1353 1355/1355/1355 1354/1354/1354
f 1358/1358/1358 1357/1357/1357 1356/1356/1356
f 1359/1359/1359 1358/1358/1358 1356/1356/1356
f 1362/1362/1362 1361/1361/1361 1360/1360/1360
f 1361/1361/1361 1363/1363/1363 1360/1360/1360
f 1360/1360/1360 1363/1363/1363 1364/1364/1364
f 1363/1363/1363 1365/1365/1365 1364/1364/1364
f 1364/1364/1364 1365/1365/1365 1366/1366/1366
f 1365/1365/1365 1367/1367/1367 1366/1366/1366
f 1365/1365/1365 1368/1368/1368 1367/1367/1367
f 1368/1368/1368 1369/1369/1369 1367/1367/1367
f 1367/1367/1367 1369/1369/1369 1370/1370/1370
f 1369/1369/1369 1371/1371/1371 1370/1370/1370
f 1374/1374/1374 1373/1373/1373 1372/1372/1372
f 1373/1373/1373 1375/1375/1375 1372/1372/1372
f 1372/1372/1372 1375/1375/1375 1376/1376/1376
f 1375/1375/1375 1377/1377/1377 1376/1376/1376
f 1380/1380/1380 1379/1379/1379 1378/1378/1378
f 1379/1379/1379 1381/1381/1381 1378/1378/1378
f 1378/1378/1378 1381/1381/1381 1382/1382/1382
f 1381/1381/1381 1383/1383/1383 1382/1382/1382
f 1386/1386/1386 1385/1385/1385 1384/1384/1384
f 1385/1385/1385 1387/1387/1387 1384/1384/1384
f 1384/1384/1384 1387/1387/1387 1388/1388/1388
f 1387/1387/1387 1389/1389/1389 1388/1388/1388
f 1387/1387/1387 1390/1390/1390 1389/1389/1389
f 1390/1390/1390 1391/1391/1391 1389/1389/1389
f 1389/1389/1389 1391/1391/1391 1392/1392/1392
f 1391/1391/1391 1393/1393/1393 1392/1392/1392
f 1396/1396/1396 1395/1395/1395 1394/1394/1394
f 1397/1397/1397 1396/1396/1396 1394/1394/1394
f 1397/1397/1397 1398/1398/1398 1396/1396/1396
f 1398/1398/1398 1399/1399/1399 1396/1396/1396
f 1400/1400/1400 1399/1399/1399 1398/1398/1398
f 1401/1401/1401 1400/1400/1400 1398/1398/1398
f 1401/1401/1401 1402/1402/1402 1400/1400/1400
f 1402/1402/1402 1403/1403/1403 1400/1400/1400
f 1406/1406/1406 1405/1405/1405 1404/1404/1404
f 1405/1405/1405 1407/1407/1407 1404/1404/1404
f 1404/1404/1404 1407/1407/1407 1408/1408/1408
f 1405/1405/1405 1259/1259/1259 1407/1407/1407
f 1407/1407/1407 1409/1409/1409 1408/1408/1408
f 1259/1259/1259 1410/1410/1410 1407/1407/1407
f 1407/1407/1407 1410/1410/1410 1409/1409/1409
f 1410/1410/1410 1411/1411/1411 1409/1409/1409
f 1414/1414/1414 1413/1413/1413 1412/1412/1412
f 1413/1413/1413 1415/1415/1415 1412/1412/1412
f 1412/1412/1412 1415/1415/1415 1416/1416/1416
f 1415/1415/1415 1417/1417/1417 1416/1416/1416
f 1415/1415/1415 1418/1418/1418 1417/1417/1417
f 1418/1418/1418 1251/1251/1251 1417/1417/1417
f 1419/1419/1419 1418/1418/1418 1415/1415/1415
f 1413/1413/1413 1419/1419/1419 1415/1415/1415
f 1418/1418/1418 1420/1420/1420 1251/1251/1251
f 1420/1420/1420 1250/1250/1250 1251/1251/1251
f 1419/1419/1419 1413/1413/1413 1421/1421/1421
f 1413/1413/1413 1422/1422/1422 1421/1421/1421
f 1420/1420/1420 1423/1423/1423 1250/1250/1250
f 1423/1423/1423 1263/1263/1263 1250/1250/1250
f 1424/1424/1424 1423/1423/1423 1420/1420/1420
f 1425/1425/1425 1424/1424/1424 1420/1420/1420
f 1419/1419/1419 1427/1427/1427 1426/1426/1426
f 1427/1427/1427 1428/1428/1428 1426/1426/1426
f 1421/1421/1421 1430/1430/1430 1429/1429/1429
f 1430/1430/1430 1431/1431/1431 1429/1429/1429
f 1421/1421/1421 1429/1429/1429 1432/1432/1432
f 1433/1433/1433 1421/1421/1421 1432/1432/1432
f 1433/1433/1433 1432/1432/1432 1434/1434/1434
f 1435/1435/1435 1433/1433/1433 1434/1434/1434
f 1437/1437/1437 1431/1431/1431 1436/1436/1436
f 1431/1431/1431 1438/1438/1438 1436/1436/1436
f 1436/1436/1436 1438/1438/1438 1439/1439/1439
f 1438/1438/1438 1440/1440/1440 1439/1439/1439
f 1431/1431/1431 1441/1441/1441 1438/1438/1438
f 1441/1441/1441 1442/1442/1442 1438/1438/1438
f 1438/1438/1438 1442/1442/1442 1440/1440/1440
f 1443/1443/1443 1441/1441/1441 1431/1431/1431
f 1442/1442/1442 1444/1444/1444 1440/1440/1440
f 1445/1445/1445 1443/1443/1443 1431/1431/1431
f 1446/1446/1446 1443/1443/1443 1445/1445/1445
f 1447/1447/1447 1446/1446/1446 1445/1445/1445
f 1440/1440/1440 1444/1444/1444 1448/1448/1448
f 1444/1444/1444 1449/1449/1449 1448/1448/1448
f 1448/1448/1448 1449/1449/1449 1450/1450/1450
f 1449/1449/1449 1451/1451/1451 1450/1450/1450
f 1450/1450/1450 1451/1451/1451 1452/1452/1452
f 1451/1451/1451 1453/1453/1453 1452/1452/1452
f 1450/1450/1450 1452/1452/1452 1454/1454/1454
f 1455/1455/1455 1450/1450/1450 1454/1454/1454
f 1457/1457/1457 1454/1454/1454 1456/1456/1456
f 1458/1458/1458 1457/1457/1457 1456/1456/1456
f 1458/1458/1458 1456/1456/1456 1459/1459/1459
f 1460/1460/1460 1458/1458/1458 1459/1459/1459
f 1459/1459/1459 1456/1456/1456 1461/1461/1461
f 1456/1456/1456 1462/1462/1462 1461/1461/1461
f 1463/1463/1463 1457/1457/1457 1458/1458/1458
f 1464/1464/1464 1463/1463/1463 1458/1458/1458
f 1463/1463/1463 1465/1465/1465 1457/1457/1457
f 1465/1465/1465 1466/1466/1466 1457/1457/1457
f 1467/1467/1467 1465/1465/1465 1463/1463/1463
f 1468/1468/1468 1467/1467/1467 1463/1463/1463
f 1468/1468/1468 1463/1463/1463 1464/1464/1464
f 1469/1469/1469 1468/1468/1468 1464/1464/1464
f 1470/1470/1470 1468/1468/1468 1469/1469/1469
f 1471/1471/1471 1470/1470/1470 1469/1469/1469
f 1472/1472/1472 1470/1470/1470 1471/1471/1471
f 1473/1473/1473 1472/1472/1472 1471/1471/1471
f 1475/1475/1475 1464/1464/1464 1474/1474/1474
f 1476/1476/1476 1475/1475/1475 1474/1474/1474
f 1476/1476/1476 1478/1478/1478 1477/1477/1477
f 1478/1478/1478 1479/1479/1479 1477/1477/1477
f 1480/1480/1480 1479/1479/1479 1478/1478/1478
f 1481/1481/1481 1480/1480/1480 1478/1478/1478
f 1483/1483/1483 1481/1481/1481 1482/1482/1482
f 1484/1484/1484 1483/1483/1483 1482/1482/1482
f 1482/1482/1482 1481/1481/1481 1485/1485/1485
f 1481/1481/1481 1486/1486/1486 1485/1485/1485
f 1485/1485/1485 1486/1486/1486 1487/1487/1487
f 1486/1486/1486 1488/1488/1488 1487/1487/1487
f 1487/1487/1487 1488/1488/1488 1489/1489/1489
f 1488/1488/1488 1490/1490/1490 1489/1489/1489
f 1489/1489/1489 1490/1490/1490 1491/1491/1491
f 1490/1490/1490 1492/1492/1492 1491/1491/1491
f 1494/1494/1494 1493/1493/1493 1484/1484/1484
f 1495/1495/1495 1494/1494/1494 1484/1484/1484
f 1498/1498/1498 1497/1497/1497 1496/1496/1496
f 1499/1499/1499 1498/1498/1498 1496/1496/1496
f 1499/1499/1499 1496/1496/1496 1500/1500/1500
f 1501/1501/1501 1499/1499/1499 1500/1500/1500
f 1504/1504/1504 1503/1503/1503 1502/1502/1502
f 1505/1505/1505 1504/1504/1504 1502/1502/1502
f 1508/1508/1508 1507/1507/1507 1506/1506/1506
f 1507/1507/1507 1509/1509/1509 1506/1506/1506
f 1506/1506/1506 1509/1509/1509 1510/1510/1510
f 1509/1509/1509 1511/1511/1511 1510/1510/1510
f 1514/1514/1514 1513/1513/1513 1512/1512/1512
f 1515/1515/1515 1514/1514/1514 1512/1512/1512
f 1515/1515/1515 1512/1512/1512 1516/1516/1516
f 1517/1517/1517 1515/1515/1515 1516/1516/1516
f 1519/1519/1519 1461/1461/1461 1518/1518/1518
f 1461/1461/1461 1520/1520/1520 1518/1518/1518
f 1461/1461/1461 1521/1521/1521 1520/1520/1520
f 1518/1518/1518 1520/1520/1520 1522/1522/1522
f 1520/1520/1520 1523/1523/1523 1522/1522/1522
f 1521/1521/1521 1524/1524/1524 1520/1520/1520
f 1456/1456/1456 1525/1525/1525 1521/1521/1521
f 1525/1525/1525 1526/1526/1526 1521/1521/1521
f 1527/1527/1527 1526/1526/1526 1524/1524/1524
f 1526/1526/1526 1528/1528/1528 1524/1524/1524
f 1526/1526/1526 1529/1529/1529 1528/1528/1528
f 1529/1529/1529 1530/1530/1530 1528/1528/1528
f 1528/1528/1528 1530/1530/1530 1531/1531/1531
f 1530/1530/1530 1532/1532/1532 1531/1531/1531
f 1529/1529/1529 1533/1533/1533 1530/1530/1530
f 1533/1533/1533 1534/1534/1534 1530/1530/1530
f 1522/1522/1522 1536/1536/1536 1535/1535/1535
f 1536/1536/1536 1537/1537/1537 1535/1535/1535
f 1536/1536/1536 1538/1538/1538 1537/1537/1537
f 1538/1538/1538 1539/1539/1539 1537/1537/1537
f 1540/1540/1540 1538/1538/1538 1536/1536/1536
f 1520/1520/1520 1540/1540/1540 1536/1536/1536
f 1542/1542/1542 1541/1541/1541 1539/1539/1539
f 1541/1541/1541 1543/1543/1543 1539/1539/1539
f 1544/1544/1544 1541/1541/1541 1542/1542/1542
f 1545/1545/1545 1544/1544/1544 1542/1542/1542
f 1541/1541/1541 1546/1546/1546 1543/1543/1543
f 1546/1546/1546 1547/1547/1547 1543/1543/1543
f 1543/1543/1543 1547/1547/1547 1548/1548/1548
f 1547/1547/1547 1549/1549/1549 1548/1548/1548
f 1548/1548/1548 1549/1549/1549 1550/1550/1550
f 1549/1549/1549 1551/1551/1551 1550/1550/1550
f 1547/1547/1547 1552/1552/1552 1549/1549/1549
f 1552/1552/1552 1553/1553/1553 1549/1549/1549
f 1546/1546/1546 1554/1554/1554 1547/1547/1547
f 1554/1554/1554 1555/1555/1555 1547/1547/1547
f 1518/1518/1518 1554/1554/1554 1546/1546/1546
f 1556/1556/1556 1518/1518/1518 1546/1546/1546
f 1553/1553/1553 1558/1558/1558 1557/1557/1557
f 1559/1559/1559 1553/1553/1553 1557/1557/1557
f 1557/1557/1557 1561/1561/1561 1560/1560/1560
f 1561/1561/1561 1562/1562/1562 1560/1560/1560
f 1564/1564/1564 1562/1562/1562 1563/1563/1563
f 1562/1562/1562 1565/1565/1565 1563/1563/1563
f 1563/1563/1563 1565/1565/1565 1566/1566/1566
f 1565/1565/1565 1567/1567/1567 1566/1566/1566
f 1566/1566/1566 1567/1567/1567 1568/1568/1568
f 1567/1567/1567 1569/1569/1569 1568/1568/1568
f 1568/1568/1568 1569/1569/1569 1570/1570/1570
f 1569/1569/1569 1571/1571/1571 1570/1570/1570
f 1557/1557/1557 1573/1573/1573 1572/1572/1572
f 1574/1574/1574 1557/1557/1557 1572/1572/1572
f 1572/1572/1572 1573/1573/1573 1575/1575/1575
f 1574/1574/1574 1572/1572/1572 1576/1576/1576
f 1573/1573/1573 1577/1577/1577 1575/1575/1575
f 1578/1578/1578 1574/1574/1574 1576/1576/1576
f 1575/1575/1575 1577/1577/1577 1579/1579/1579
f 1580/1580/1580 1574/1574/1574 1578/1578/1578
f 1577/1577/1577 1581/1581/1581 1579/1579/1579
f 1579/1579/1579 1581/1581/1581 1582/1582/1582
f 1581/1581/1581 1583/1583/1583 1582/1582/1582
f 1582/1582/1582 1583/1583/1583 1584/1584/1584
f 1585/1585/1585 1580/1580/1580 1578/1578/1578
f 1586/1586/1586 1580/1580/1580 1585/1585/1585
f 1587/1587/1587 1586/1586/1586 1585/1585/1585
f 1587/1587/1587 1585/1585/1585 1588/1588/1588
f 1589/1589/1589 1587/1587/1587 1588/1588/1588
f 1583/1583/1583 1590/1590/1590 1584/1584/1584
f 1584/1584/1584 1590/1590/1590 1591/1591/1591
f 1590/1590/1590 1592/1592/1592 1591/1591/1591
f 1590/1590/1590 1593/1593/1593 1592/1592/1592
f 1593/1593/1593 1594/1594/1594 1592/1592/1592
f 1592/1592/1592 1594/1594/1594 1595/1595/1595
f 1594/1594/1594 1596/1596/1596 1595/1595/1595
f 1595/1595/1595 1596/1596/1596 1597/1597/1597
f 1595/1595/1595 1597/1597/1597 1598/1598/1598
f 1599/1599/1599 1595/1595/1595 1598/1598/1598
f 1596/1596/1596 1600/1600/1600 1597/1597/1597
f 1597/1597/1597 1600/1600/1600 1601/1601/1601
f 1600/1600/1600 1602/1602/1602 1601/1601/1601
f 1596/1596/1596 1604/1604/1604 1603/1603/1603
f 1604/1604/1604 1605/1605/1605 1603/1603/1603
f 1606/1606/1606 1604/1604/1604 1596/1596/1596
f 1607/1607/1607 1606/1606/1606 1596/1596/1596
f 1593/1593/1593 1608/1608/1608 1607/1607/1607
f 1608/1608/1608 1609/1609/1609 1607/1607/1607
f 1610/1610/1610 1608/1608/1608 1593/1593/1593
f 1611/1611/1611 1610/1610/1610 1593/1593/1593
f 1612/1612/1612 1610/1610/1610 1611/1611/1611
f 1613/1613/1613 1612/1612/1612 1611/1611/1611
f 1612/1612/1612 1614/1614/1614 1610/1610/1610
f 1614/1614/1614 1615/1615/1615 1610/1610/1610
f 1610/1610/1610 1615/1615/1615 1616/1616/1616
f 1615/1615/1615 1617/1617/1617 1616/1616/1616
f 1618/1618/1618 1617/1617/1617 1606/1606/1606
f 1606/1606/1606 1619/1619/1619 1604/1604/1604
f 1617/1617/1617 1619/1619/1619 1606/1606/1606
f 1620/1620/1620 1612/1612/1612 1613/1613/1613
f 1621/1621/1621 1620/1620/1620 1613/1613/1613
f 1620/1620/1620 1622/1622/1622 1612/1612/1612
f 1622/1622/1622 1623/1623/1623 1612/1612/1612
f 1624/1624/1624 1622/1622/1622 1620/1620/1620
f 1625/1625/1625 1624/1624/1624 1620/1620/1620
f 1619/1619/1619 1626/1626/1626 1604/1604/1604
f 1604/1604/1604 1626/1626/1626 1605/1605/1605
f 1626/1626/1626 1627/1627/1627 1605/1605/1605
f 1605/1605/1605 1627/1627/1627 1628/1628/1628
f 1626/1626/1626 1629/1629/1629 1627/1627/1627
f 1627/1627/1627 1630/1630/1630 1628/1628/1628
f 1629/1629/1629 1631/1631/1631 1627/1627/1627
f 1627/1627/1627 1631/1631/1631 1630/1630/1630
f 1631/1631/1631 1632/1632/1632 1630/1630/1630
f 1631/1631/1631 1633/1633/1633 1632/1632/1632
f 1633/1633/1633 1634/1634/1634 1632/1632/1632
f 1630/1630/1630 1632/1632/1632 1635/1635/1635
f 1632/1632/1632 1636/1636/1636 1635/1635/1635
f 1635/1635/1635 1636/1636/1636 1637/1637/1637
f 1636/1636/1636 1638/1638/1638 1637/1637/1637
f 1640/1640/1640 1639/1639/1639 1619/1619/1619
f 1617/1617/1617 1640/1640/1640 1619/1619/1619
f 1641/1641/1641 1640/1640/1640 1617/1617/1617
f 1642/1642/1642 1641/1641/1641 1617/1617/1617
f 1643/1643/1643 1641/1641/1641 1642/1642/1642
f 1623/1623/1623 1643/1643/1643 1642/1642/1642
f 1644/1644/1644 1643/1643/1643 1623/1623/1623
f 1645/1645/1645 1644/1644/1644 1623/1623/1623
f 1646/1646/1646 1644/1644/1644 1645/1645/1645
f 1647/1647/1647 1646/1646/1646 1645/1645/1645
f 1650/1650/1650 1649/1649/1649 1648/1648/1648
f 1649/1649/1649 1651/1651/1651 1648/1648/1648
f 1648/1648/1648 1651/1651/1651 1652/1652/1652
f 1651/1651/1651 1653/1653/1653 1652/1652/1652
f 1651/1651/1651 1654/1654/1654 1653/1653/1653
f 1654/1654/1654 1655/1655/1655 1653/1653/1653
f 1653/1653/1653 1655/1655/1655 1656/1656/1656
f 1655/1655/1655 1657/1657/1657 1656/1656/1656
f 1660/1660/1660 1659/1659/1659 1658/1658/1658
f 1661/1661/1661 1660/1660/1660 1658/1658/1658
f 1664/1664/1664 1663/1663/1663 1662/1662/1662
f 1665/1665/1665 1664/1664/1664 1662/1662/1662
f 1668/1668/1668 1667/1667/1667 1666/1666/1666
f 1669/1669/1669 1668/1668/1668 1666/1666/1666
f 1672/1672/1672 1671/1671/1671 1670/1670/1670
f 1673/1673/1673 1672/1672/1672 1670/1670/1670
f 1676/1676/1676 1675/1675/1675 1674/1674/1674
f 1675/1675/1675 1677/1677/1677 1674/1674/1674
f 1674/1674/1674 1677/1677/1677 1678/1678/1678
f 1677/1677/1677 1679/1679/1679 1678/1678/1678
f 1677/1677/1677 1680/1680/1680 1679/1679/1679
f 1680/1680/1680 1681/1681/1681 1679/1679/1679
f 1679/1679/1679 1681/1681/1681 1682/1682/1682
f 1681/1681/1681 1683/1683/1683 1682/1682/1682
f 1682/1682/1682 1683/1683/1683 1684/1684/1684
f 1683/1683/1683 1685/1685/1685 1684/1684/1684
f 1683/1683/1683 1686/1686/1686 1685/1685/1685
f 1686/1686/1686 1687/1687/1687 1685/1685/1685
f 1685/1685/1685 1687/1687/1687 1688/1688/1688
f 1686/1686/1686 1689/1689/1689 1687/1687/1687
f 1689/1689/1689 1690/1690/1690 1687/1687/1687
f 1689/1689/1689 1691/1691/1691 1690/1690/1690
f 1691/1691/1691 1692/1692/1692 1690/1690/1690
f 1687/1687/1687 1693/1693/1693 1688/1688/1688
f 1688/1688/1688 1693/1693/1693 1694/1694/1694
f 1693/1693/1693 1695/1695/1695 1694/1694/1694
f 1693/1693/1693 1696/1696/1696 1695/1695/1695
f 1696/1696/1696 1697/1697/1697 1695/1695/1695
f 1694/1694/1694 1695/1695/1695 1698/1698/1698
f 1695/1695/1695 1699/1699/1699 1698/1698/1698
f 1695/1695/1695 1697/1697/1697 1699/1699/1699
f 1698/1698/1698 1699/1699/1699 1700/1700/1700
f 1697/1697/1697 1701/1701/1701 1699/1699/1699
f 1697/1697/1697 1702/1702/1702 1701/1701/1701
f 1699/1699/1699 1703/1703/1703 1700/1700/1700
f 1699/1699/1699 1701/1701/1701 1703/1703/1703
f 1700/1700/1700 1703/1703/1703 1704/1704/1704
f 1702/1702/1702 1705/1705/1705 1701/1701/1701
f 1701/1701/1701 1705/1705/1705 1706/1706/1706
f 1701/1701/1701 1706/1706/1706 1703/1703/1703
f 1705/1705/1705 1707/1707/1707 1706/1706/1706
f 1703/1703/1703 1708/1708/1708 1704/1704/1704
f 1703/1703/1703 1706/1706/1706 1708/1708/1708
f 1706/1706/1706 1707/1707/1707 1709/1709/1709
f 1706/1706/1706 1709/1709/1709 1708/1708/1708
f 1707/1707/1707 1710/1710/1710 1709/1709/1709
f 1704/1704/1704 1708/1708/1708 1711/1711/1711
f 1708/1708/1708 1712/1712/1712 1711/1711/1711
f 1708/1708/1708 1709/1709/1709 1712/1712/1712
f 1711/1711/1711 1712/1712/1712 1713/1713/1713
f 1712/1712/1712 1714/1714/1714 1713/1713/1713
f 1709/1709/1709 1710/1710/1710 1715/1715/1715
f 1709/1709/1709 1715/1715/1715 1712/1712/1712
f 1712/1712/1712 1715/1715/1715 1714/1714/1714
f 1710/1710/1710 1716/1716/1716 1715/1715/1715
f 1715/1715/1715 1717/1717/1717 1714/1714/1714
f 1715/1715/1715 1716/1716/1716 1717/1717/1717
f 1716/1716/1716 1718/1718/1718 1717/1717/1717
f 1720/1720/1720 1704/1704/1704 1719/1719/1719
f 1721/1721/1721 1720/1720/1720 1719/1719/1719
f 1721/1721/1721 1719/1719/1719 1722/1722/1722
f 1722/1722/1722 1719/1719/1719 1723/1723/1723
f 1724/1724/1724 1721/1721/1721 1722/1722/1722
f 1719/1719/1719 1725/1725/1725 1723/1723/1723
f 1719/1719/1719 1726/1726/1726 1725/1725/1725
f 1723/1723/1723 1725/1725/1725 1727/1727/1727
f 1726/1726/1726 1728/1728/1728 1725/1725/1725
f 1725/1725/1725 1729/1729/1729 1727/1727/1727
f 1725/1725/1725 1728/1728/1728 1729/1729/1729
f 1728/1728/1728 1730/1730/1730 1729/1729/1729
f 1727/1727/1727 1729/1729/1729 1731/1731/1731
f 1729/1729/1729 1732/1732/1732 1731/1731/1731
f 1731/1731/1731 1732/1732/1732 1733/1733/1733
f 1732/1732/1732 1734/1734/1734 1733/1733/1733
f 1733/1733/1733 1734/1734/1734 1735/1735/1735
f 1734/1734/1734 1736/1736/1736 1735/1735/1735
f 1737/1737/1737 1721/1721/1721 1724/1724/1724
f 1738/1738/1738 1737/1737/1737 1724/1724/1724
f 1737/1737/1737 1739/1739/1739 1721/1721/1721
f 1739/1739/1739 1740/1740/1740 1721/1721/1721
f 1741/1741/1741 1739/1739/1739 1737/1737/1737
f 1742/1742/1742 1741/1741/1741 1737/1737/1737
f 1742/1742/1742 1737/1737/1737 1738/1738/1738
f 1743/1743/1743 1742/1742/1742 1738/1738/1738
f 1744/1744/1744 1742/1742/1742 1743/1743/1743
f 1745/1745/1745 1744/1744/1744 1743/1743/1743
f 1744/1744/1744 1746/1746/1746 1742/1742/1742
f 1746/1746/1746 1694/1694/1694 1742/1742/1742
f 1747/1747/1747 1746/1746/1746 1744/1744/1744
f 1748/1748/1748 1747/1747/1747 1744/1744/1744
f 1748/1748/1748 1744/1744/1744 1745/1745/1745
f 1749/1749/1749 1748/1748/1748 1745/1745/1745
f 1750/1750/1750 1748/1748/1748 1749/1749/1749
f 1751/1751/1751 1750/1750/1750 1749/1749/1749
f 1752/1752/1752 1750/1750/1750 1751/1751/1751
f 1753/1753/1753 1752/1752/1752 1751/1751/1751
f 1756/1756/1756 1755/1755/1755 1754/1754/1754
f 1755/1755/1755 1757/1757/1757 1754/1754/1754
f 1754/1754/1754 1757/1757/1757 1758/1758/1758
f 1757/1757/1757 1759/1759/1759 1758/1758/1758
f 1761/1761/1761 1758/1758/1758 1760/1760/1760
f 1762/1762/1762 1761/1761/1761 1760/1760/1760
f 1764/1764/1764 1763/1763/1763 1762/1762/1762
f 1765/1765/1765 1764/1764/1764 1762/1762/1762
f 1768/1768/1768 1767/1767/1767 1766/1766/1766
f 1767/1767/1767 1769/1769/1769 1766/1766/1766
f 1767/1767/1767 1770/1770/1770 1769/1769/1769
f 1770/1770/1770 1771/1771/1771 1769/1769/1769
f 1769/1769/1769 1771/1771/1771 1772/1772/1772
f 1771/1771/1771 1702/1702/1702 1772/1772/1772
f 1775/1775/1775 1774/1774/1774 1773/1773/1773
f 1774/1774/1774 1776/1776/1776 1773/1773/1773
f 1774/1774/1774 1777/1777/1777 1776/1776/1776
f 1777/1777/1777 1778/1778/1778 1776/1776/1776
f 1776/1776/1776 1778/1778/1778 1779/1779/1779
f 1777/1777/1777 1780/1780/1780 1778/1778/1778
f 1780/1780/1780 1781/1781/1781 1778/1778/1778
f 1778/1778/1778 1782/1782/1782 1779/1779/1779
f 1778/1778/1778 1781/1781/1781 1782/1782/1782
f 1781/1781/1781 1783/1783/1783 1782/1782/1782
f 1782/1782/1782 1783/1783/1783 1784/1784/1784
f 1783/1783/1783 1785/1785/1785 1784/1784/1784
f 1788/1788/1788 1787/1787/1787 1786/1786/1786
f 1787/1787/1787 1789/1789/1789 1786/1786/1786
f 1790/1790/1790 1789/1789/1789 1734/1734/1734
f 1789/1789/1789 1791/1791/1791 1734/1734/1734
f 1789/1789/1789 1792/1792/1792 1791/1791/1791
f 1792/1792/1792 1793/1793/1793 1791/1791/1791
f 1734/1734/1734 1795/1795/1795 1794/1794/1794
f 1795/1795/1795 1796/1796/1796 1794/1794/1794
f 1799/1799/1799 1798/1798/1798 1797/1797/1797
f 1800/1800/1800 1799/1799/1799 1797/1797/1797
f 1803/1803/1803 1802/1802/1802 1801/1801/1801
f 1804/1804/1804 1803/1803/1803 1801/1801/1801
f 1807/1807/1807 1806/1806/1806 1805/1805/1805
f 1806/1806/1806 1808/1808/1808 1805/1805/1805
f 1806/1806/1806 1809/1809/1809 1808/1808/1808
f 1809/1809/1809 1810/1810/1810 1808/1808/1808
f 1808/1808/1808 1810/1810/1810 1811/1811/1811
f 1809/1809/1809 1812/1812/1812 1810/1810/1810
f 1810/1810/1810 1813/1813/1813 1811/1811/1811
f 1811/1811/1811 1813/1813/1813 1814/1814/1814
f 1813/1813/1813 1815/1815/1815 1814/1814/1814
f 1812/1812/1812 1816/1816/1816 1810/1810/1810
f 1810/1810/1810 1818/1818/1818 1817/1817/1817
f 1818/1818/1818 1819/1819/1819 1817/1817/1817
f 1821/1821/1821 1820/1820/1820 1816/1816/1816
f 1820/1820/1820 1822/1822/1822 1816/1816/1816
f 1820/1820/1820 1823/1823/1823 1822/1822/1822
f 1823/1823/1823 1824/1824/1824 1822/1822/1822
f 1822/1822/1822 1824/1824/1824 1825/1825/1825
f 1824/1824/1824 1826/1826/1826 1825/1825/1825
f 1825/1825/1825 1826/1826/1826 1827/1827/1827
f 1826/1826/1826 1828/1828/1828 1827/1827/1827
f 1830/1830/1830 1829/1829/1829 1826/1826/1826
f 1829/1829/1829 1831/1831/1831 1826/1826/1826
f 1826/1826/1826 1831/1831/1831 1832/1832/1832
f 1831/1831/1831 1833/1833/1833 1832/1832/1832
f 1832/1832/1832 1833/1833/1833 1834/1834/1834
f 1832/1832/1832 1834/1834/1834 1835/1835/1835
f 1836/1836/1836 1832/1832/1832 1835/1835/1835
f 1833/1833/1833 1837/1837/1837 1834/1834/1834
f 1833/1833/1833 1838/1838/1838 1837/1837/1837
f 1834/1834/1834 1837/1837/1837 1839/1839/1839
f 1837/1837/1837 1840/1840/1840 1839/1839/1839
f 1838/1838/1838 1841/1841/1841 1837/1837/1837
f 1837/1837/1837 1841/1841/1841 1840/1840/1840
f 1838/1838/1838 1842/1842/1842 1841/1841/1841
f 1841/1841/1841 1843/1843/1843 1840/1840/1840
f 1840/1840/1840 1843/1843/1843 1844/1844/1844
f 1843/1843/1843 1845/1845/1845 1844/1844/1844
f 1843/1843/1843 1846/1846/1846 1845/1845/1845
f 1846/1846/1846 1847/1847/1847 1845/1845/1845
f 1845/1845/1845 1847/1847/1847 1848/1848/1848
f 1842/1842/1842 1849/1849/1849 1841/1841/1841
f 1842/1842/1842 1836/1836/1836 1849/1849/1849
f 1836/1836/1836 1850/1850/1850 1849/1849/1849
f 1849/1849/1849 1850/1850/1850 1851/1851/1851
f 1850/1850/1850 1852/1852/1852 1851/1851/1851
f 1853/1853/1853 1836/1836/1836 1842/1842/1842
f 1854/1854/1854 1853/1853/1853 1842/1842/1842
f 1855/1855/1855 1853/1853/1853 1854/1854/1854
f 1856/1856/1856 1855/1855/1855 1854/1854/1854
f 1847/1847/1847 1857/1857/1857 1848/1848/1848
f 1848/1848/1848 1857/1857/1857 1858/1858/1858
f 1857/1857/1857 1859/1859/1859 1858/1858/1858
f 1847/1847/1847 1860/1860/1860 1857/1857/1857
f 1860/1860/1860 1861/1861/1861 1857/1857/1857
f 1860/1860/1860 1862/1862/1862 1861/1861/1861
f 1862/1862/1862 1863/1863/1863 1861/1861/1861
f 1861/1861/1861 1863/1863/1863 1864/1864/1864
f 1863/1863/1863 1865/1865/1865 1864/1864/1864
f 1864/1864/1864 1865/1865/1865 1866/1866/1866
f 1865/1865/1865 1867/1867/1867 1866/1866/1866
f 1866/1866/1866 1867/1867/1867 1868/1868/1868
f 1867/1867/1867 1869/1869/1869 1868/1868/1868
f 1868/1868/1868 1869/1869/1869 1870/1870/1870
f 1869/1869/1869 1871/1871/1871 1870/1870/1870
f 1870/1870/1870 1871/1871/1871 1872/1872/1872
f 1871/1871/1871 1873/1873/1873 1872/1872/1872
f 1872/1872/1872 1873/1873/1873 1874/1874/1874
f 1873/1873/1873 1875/1875/1875 1874/1874/1874
f 1866/1866/1866 1868/1868/1868 1876/1876/1876
f 1877/1877/1877 1866/1866/1866 1876/1876/1876
f 1876/1876/1876 1868/1868/1868 1878/1878/1878
f 1868/1868/1868 1870/1870/1870 1878/1878/1878
f 1870/1870/1870 1872/1872/1872 1879/1879/1879
f 1878/1878/1878 1870/1870/1870 1879/1879/1879
f 1872/1872/1872 1874/1874/1874 1880/1880/1880
f 1879/1879/1879 1872/1872/1872 1880/1880/1880
f 1880/1880/1880 1874/1874/1874 1881/1881/1881
f 1879/1879/1879 1880/1880/1880 1882/1882/1882
f 1874/1874/1874 1883/1883/1883 1881/1881/1881
f 1884/1884/1884 1879/1879/1879 1882/1882/1882
f 1878/1878/1878 1879/1879/1879 1884/1884/1884
f 1885/1885/1885 1878/1878/1878 1884/1884/1884
f 1881/1881/1881 1883/1883/1883 1886/1886/1886
f 1883/1883/1883 1887/1887/1887 1886/1886/1886
f 1886/1886/1886 1887/1887/1887 1888/1888/1888
f 1887/1887/1887 1889/1889/1889 1888/1888/1888
f 1886/1886/1886 1888/1888/1888 1890/1890/1890
f 1891/1891/1891 1886/1886/1886 1890/1890/1890
f 1891/1891/1891 1890/1890/1890 1892/1892/1892
f 1893/1893/1893 1891/1891/1891 1892/1892/1892
f 1890/1890/1890 1888/1888/1888 1894/1894/1894
f 1895/1895/1895 1891/1891/1891 1893/1893/1893
f 1888/1888/1888 1896/1896/1896 1894/1894/1894
f 1894/1894/1894 1896/1896/1896 1897/1897/1897
f 1896/1896/1896 1898/1898/1898 1897/1897/1897
f 1888/1888/1888 1899/1899/1899 1896/1896/1896
f 1899/1899/1899 1900/1900/1900 1896/1896/1896
f 1901/1901/1901 1895/1895/1895 1893/1893/1893
f 1901/1901/1901 1893/1893/1893 1902/1902/1902
f 1903/1903/1903 1895/1895/1895 1901/1901/1901
f 1904/1904/1904 1901/1901/1901 1902/1902/1902
f 1905/1905/1905 1903/1903/1903 1901/1901/1901
f 1905/1905/1905 1901/1901/1901 1904/1904/1904
f 1906/1906/1906 1905/1905/1905 1904/1904/1904
f 1907/1907/1907 1905/1905/1905 1906/1906/1906
f 1908/1908/1908 1907/1907/1907 1906/1906/1906
f 1909/1909/1909 1907/1907/1907 1908/1908/1908
f 1910/1910/1910 1909/1909/1909 1908/1908/1908
f 1912/1912/1912 1911/1911/1911 1909/1909/1909
f 1913/1913/1913 1912/1912/1912 1909/1909/1909
f 1916/1916/1916 1915/1915/1915 1914/1914/1914
f 1915/1915/1915 1842/1842/1842 1914/1914/1914
f 1918/1918/1918 1834/1834/1834 1917/1917/1917
f 1834/1834/1834 1919/1919/1919 1917/1917/1917
f 1917/1917/1917 1919/1919/1919 1920/1920/1920
f 1919/1919/1919 1921/1921/1921 1920/1920/1920
f 1917/1917/1917 1920/1920/1920 1922/1922/1922
f 1923/1923/1923 1917/1917/1917 1922/1922/1922
f 1919/1919/1919 1925/1925/1925 1924/1924/1924
f 1925/1925/1925 1926/1926/1926 1924/1924/1924
f 1924/1924/1924 1926/1926/1926 1927/1927/1927
f 1926/1926/1926 1928/1928/1928 1927/1927/1927
f 1926/1926/1926 1929/1929/1929 1928/1928/1928
f 1929/1929/1929 1930/1930/1930 1928/1928/1928
f 1927/1927/1927 1928/1928/1928 1931/1931/1931
f 1928/1928/1928 1932/1932/1932 1931/1931/1931
f 1928/1928/1928 1933/1933/1933 1932/1932/1932
f 1933/1933/1933 1858/1858/1858 1932/1932/1932
f 1931/1931/1931 1932/1932/1932 1934/1934/1934
f 1932/1932/1932 1935/1935/1935 1934/1934/1934
f 1934/1934/1934 1935/1935/1935 1936/1936/1936
f 1935/1935/1935 1937/1937/1937 1936/1936/1936
f 1936/1936/1936 1937/1937/1937 1938/1938/1938
f 1937/1937/1937 1939/1939/1939 1938/1938/1938
f 1932/1932/1932 1941/1941/1941 1940/1940/1940
f 1941/1941/1941 1942/1942/1942 1940/1940/1940
f 1939/1939/1939 1944/1944/1944 1943/1943/1943
f 1944/1944/1944 1945/1945/1945 1943/1943/1943
f 1943/1943/1943 1945/1945/1945 1946/1946/1946
f 1945/1945/1945 1947/1947/1947 1946/1946/1946
f 1949/1949/1949 1948/1948/1948 1937/1937/1937
f 1948/1948/1948 1950/1950/1950 1937/1937/1937
f 1948/1948/1948 1951/1951/1951 1950/1950/1950
f 1951/1951/1951 1952/1952/1952 1950/1950/1950
f 1950/1950/1950 1952/1952/1952 1953/1953/1953
f 1952/1952/1952 1954/1954/1954 1953/1953/1953
f 1955/1955/1955 1951/1951/1951 1948/1948/1948
f 1956/1956/1956 1955/1955/1955 1948/1948/1948
f 1955/1955/1955 1957/1957/1957 1951/1951/1951
f 1957/1957/1957 1866/1866/1866 1951/1951/1951
f 1958/1958/1958 1957/1957/1957 1955/1955/1955
f 1959/1959/1959 1958/1958/1958 1955/1955/1955
f 1962/1962/1962 1961/1961/1961 1960/1960/1960
f 1963/1963/1963 1962/1962/1962 1960/1960/1960
f 1966/1966/1966 1965/1965/1965 1964/1964/1964
f 1965/1965/1965 1967/1967/1967 1964/1964/1964
f 1964/1964/1964 1967/1967/1967 1968/1968/1968
f 1967/1967/1967 1969/1969/1969 1968/1968/1968
f 1968/1968/1968 1969/1969/1969 1970/1970/1970
f 1969/1969/1969 1971/1971/1971 1970/1970/1970
f 1970/1970/1970 1971/1971/1971 1900/1900/1900
f 1971/1971/1971 1972/1972/1972 1900/1900/1900
f 1975/1975/1975 1974/1974/1974 1973/1973/1973
f 1974/1974/1974 1976/1976/1976 1973/1973/1973
f 1973/1973/1973 1976/1976/1976 1977/1977/1977
f 1976/1976/1976 1886/1886/1886 1977/1977/1977
f 1980/1980/1980 1979/1979/1979 1978/1978/1978
f 1979/1979/1979 1981/1981/1981 1978/1978/1978
f 1978/1978/1978 1981/1981/1981 1982/1982/1982
f 1981/1981/1981 1983/1983/1983 1982/1982/1982
f 1982/1982/1982 1983/1983/1983 1984/1984/1984
f 1981/1981/1981 1985/1985/1985 1983/1983/1983
f 1985/1985/1985 1986/1986/1986 1983/1983/1983
f 1983/1983/1983 1987/1987/1987 1984/1984/1984
f 1983/1983/1983 1986/1986/1986 1987/1987/1987
f 1986/1986/1986 1988/1988/1988 1987/1987/1987
f 1987/1987/1987 1988/1988/1988 1989/1989/1989
f 1988/1988/1988 1990/1990/1990 1989/1989/1989
f 1988/1988/1988 1991/1991/1991 1990/1990/1990
f 1991/1991/1991 1992/1992/1992 1990/1990/1990
f 1991/1991/1991 1993/1993/1993 1992/1992/1992
f 1994/1994/1994 1993/1993/1993 1991/1991/1991
f 1896/1896/1896 1994/1994/1994 1991/1991/1991
f 1993/1993/1993 1995/1995/1995 1992/1992/1992
f 1992/1992/1992 1995/1995/1995 1996/1996/1996
f 1995/1995/1995 1997/1997/1997 1996/1996/1996
f 2000/2000/2000 1999/1999/1999 1998/1998/1998
f 1999/1999/1999 2001/2001/2001 1998/1998/1998
f 1998/1998/1998 2001/2001/2001 2002/2002/2002
f 2001/2001/2001 2003/2003/2003 2002/2002/2002
f 2002/2002/2002 2003/2003/2003 2004/2004/2004
f 2003/2003/2003 2005/2005/2005 2004/2004/2004
f 2005/2005/2005 2007/2007/2007 2006/2006/2006
f 2007/2007/2007 2008/2008/2008 2006/2006/2006
f 2004/2004/2004 2010/2010/2010 2009/2009/2009
f 2011/2011/2011 2004/2004/2004 2009/2009/2009
f 2009/2009/2009 2010/2010/2010 2012/2012/2012
f 2010/2010/2010 2013/2013/2013 2012/2012/2012
f 2012/2012/2012 2013/2013/2013 2014/2014/2014
f 2013/2013/2013 2015/2015/2015 2014/2014/2014
f 2012/2012/2012 2014/2014/2014 2016/2016/2016
f 2014/2014/2014 2015/2015/2015 2017/2017/2017
f 2015/2015/2015 2018/2018/2018 2017/2017/2017
f 2019/2019/2019 2012/2012/2012 2016/2016/2016
f 2009/2009/2009 2012/2012/2012 2019/2019/2019
f 2020/2020/2020 2009/2009/2009 2019/2019/2019
f 2011/2011/2011 2009/2009/2009 2020/2020/2020
f 2021/2021/2021 2011/2011/2011 2020/2020/2020
f 2022/2022/2022 2011/2011/2011 2021/2021/2021
f 2023/2023/2023 2022/2022/2022 2021/2021/2021
f 2023/2023/2023 2021/2021/2021 2024/2024/2024
f 2025/2025/2025 2023/2023/2023 2024/2024/2024
f 2015/2015/2015 2027/2027/2027 2026/2026/2026
f 2027/2027/2027 2028/2028/2028 2026/2026/2026
f 2026/2026/2026 2028/2028/2028 2029/2029/2029
f 2028/2028/2028 2030/2030/2030 2029/2029/2029
f 2026/2026/2026 2029/2029/2029 2031/2031/2031
f 2032/2032/2032 2026/2026/2026 2031/2031/2031
f 2032/2032/2032 2031/2031/2031 2033/2033/2033
f 2033/2033/2033 2031/2031/2031 2034/2034/2034
f 2031/2031/2031 2035/2035/2035 2034/2034/2034
f 2036/2036/2036 2032/2032/2032 2033/2033/2033
f 2037/2037/2037 2032/2032/2032 2036/2036/2036
f 2038/2038/2038 2037/2037/2037 2036/2036/2036
f 2038/2038/2038 2036/2036/2036 2039/2039/2039
f 2040/2040/2040 2038/2038/2038 2039/2039/2039
f 2041/2041/2041 2038/2038/2038 2040/2040/2040
f 2042/2042/2042 2041/2041/2041 2040/2040/2040
f 2042/2042/2042 2040/2040/2040 2043/2043/2043
f 2044/2044/2044 2042/2042/2042 2043/2043/2043
f 2045/2045/2045 2042/2042/2042 2044/2044/2044
f 2046/2046/2046 2045/2045/2045 2044/2044/2044
f 2045/2045/2045 2047/2047/2047 2042/2042/2042
f 2047/2047/2047 2019/2019/2019 2042/2042/2042
f 2049/2049/2049 2048/2048/2048 2045/2045/2045
f 2050/2050/2050 2049/2049/2049 2045/2045/2045
f 2053/2053/2053 2052/2052/2052 2051/2051/2051
f 2054/2054/2054 2053/2053/2053 2051/2051/2051
f 2057/2057/2057 2056/2056/2056 2055/2055/2055
f 2058/2058/2058 2057/2057/2057 2055/2055/2055
f 2060/2060/2060 2055/2055/2055 2059/2059/2059
f 2055/2055/2055 2061/2061/2061 2059/2059/2059
f 2059/2059/2059 2061/2061/2061 2062/2062/2062
f 2061/2061/2061 2063/2063/2063 2062/2062/2062
f 2062/2062/2062 2063/2063/2063 2064/2064/2064
f 2063/2063/2063 2065/2065/2065 2064/2064/2064
f 2068/2068/2068 2067/2067/2067 2066/2066/2066
f 2067/2067/2067 2069/2069/2069 2066/2066/2066
f 2066/2066/2066 2069/2069/2069 2070/2070/2070
f 2069/2069/2069 2071/2071/2071 2070/2070/2070
f 2069/2069/2069 2072/2072/2072 2071/2071/2071
f 2070/2070/2070 2071/2071/2071 2073/2073/2073
f 2072/2072/2072 2074/2074/2074 2071/2071/2071
f 2071/2071/2071 2075/2075/2075 2073/2073/2073
f 2071/2071/2071 2074/2074/2074 2075/2075/2075
f 2073/2073/2073 2075/2075/2075 2076/2076/2076
f 2074/2074/2074 2077/2077/2077 2075/2075/2075
f 2075/2075/2075 2078/2078/2078 2076/2076/2076
f 2075/2075/2075 2077/2077/2077 2078/2078/2078
f 2077/2077/2077 2079/2079/2079 2078/2078/2078
f 2077/2077/2077 2080/2080/2080 2079/2079/2079
f 2080/2080/2080 2081/2081/2081 2079/2079/2079
f 2078/2078/2078 2079/2079/2079 2082/2082/2082
f 2079/2079/2079 2083/2083/2083 2082/2082/2082
f 2079/2079/2079 2084/2084/2084 2083/2083/2083
f 2082/2082/2082 2083/2083/2083 2085/2085/2085
f 2084/2084/2084 2086/2086/2086 2083/2083/2083
f 2083/2083/2083 2087/2087/2087 2085/2085/2085
f 2089/2089/2089 2076/2076/2076 2088/2088/2088
f 2090/2090/2090 2089/2089/2089 2088/2088/2088
f 2091/2091/2091 2089/2089/2089 2090/2090/2090
f 2092/2092/2092 2091/2091/2091 2090/2090/2090
f 2092/2092/2092 2090/2090/2090 2093/2093/2093
f 2094/2094/2094 2092/2092/2092 2093/2093/2093
f 2096/2096/2096 2086/2086/2086 2095/2095/2095
f 2085/2085/2085 2095/2095/2095 2097/2097/2097
f 2095/2095/2095 2098/2098/2098 2097/2097/2097
f 2086/2086/2086 2099/2099/2099 2095/2095/2095
f 2099/2099/2099 2101/2101/2101 2100/2100/2100
f 2101/2101/2101 2102/2102/2102 2100/2100/2100
f 2100/2100/2100 2102/2102/2102 2103/2103/2103
f 2102/2102/2102 2104/2104/2104 2103/2103/2103
f 2106/2106/2106 2085/2085/2085 2105/2105/2105
f 2085/2085/2085 2107/2107/2107 2105/2105/2105
f 2105/2105/2105 2107/2107/2107 2108/2108/2108
f 2107/2107/2107 2109/2109/2109 2108/2108/2108
f 2108/2108/2108 2109/2109/2109 2110/2110/2110
f 2107/2107/2107 2111/2111/2111 2109/2109/2109
f 2109/2109/2109 2112/2112/2112 2110/2110/2110
f 2109/2109/2109 2113/2113/2113 2112/2112/2112
f 2111/2111/2111 2113/2113/2113 2109/2109/2109
f 2113/2113/2113 2114/2114/2114 2112/2112/2112
f 2112/2112/2112 2114/2114/2114 2115/2115/2115
f 2114/2114/2114 2116/2116/2116 2115/2115/2115
f 2114/2114/2114 2117/2117/2117 2116/2116/2116
f 2117/2117/2117 2118/2118/2118 2116/2116/2116
f 2111/2111/2111 2119/2119/2119 2113/2113/2113
f 2119/2119/2119 2120/2120/2120 2113/2113/2113
f 2121/2121/2121 2119/2119/2119 2111/2111/2111
f 2122/2122/2122 2121/2121/2121 2111/2111/2111
f 2124/2124/2124 2123/2123/2123 2117/2117/2117
f 2123/2123/2123 2125/2125/2125 2117/2117/2117
f 2113/2113/2113 2127/2127/2127 2126/2126/2126
f 2127/2127/2127 2128/2128/2128 2126/2126/2126
f 2125/2125/2125 2110/2110/2110 2129/2129/2129
f 2110/2110/2110 2130/2130/2130 2129/2129/2129
f 2129/2129/2129 2130/2130/2130 2131/2131/2131
f 2130/2130/2130 2132/2132/2132 2131/2131/2131
f 2131/2131/2131 2132/2132/2132 2133/2133/2133
f 2132/2132/2132 2134/2134/2134 2133/2133/2133
f 2133/2133/2133 2134/2134/2134 2135/2135/2135
f 2134/2134/2134 2136/2136/2136 2135/2135/2135
f 2128/2128/2128 2138/2138/2138 2137/2137/2137
f 2138/2138/2138 2139/2139/2139 2137/2137/2137
f 2137/2137/2137 2139/2139/2139 2140/2140/2140
f 2139/2139/2139 2141/2141/2141 2140/2140/2140
f 2143/2143/2143 2133/2133/2133 2142/2142/2142
f 2140/2140/2140 2143/2143/2143 2142/2142/2142
f 2140/2140/2140 2142/2142/2142 2144/2144/2144
f 2145/2145/2145 2140/2140/2140 2144/2144/2144
f 2147/2147/2147 2140/2140/2140 2146/2146/2146
f 2116/2116/2116 2147/2147/2147 2146/2146/2146
f 2116/2116/2116 2146/2146/2146 2148/2148/2148
f 2149/2149/2149 2116/2116/2116 2148/2148/2148
f 2146/2146/2146 2151/2151/2151 2150/2150/2150
f 2152/2152/2152 2146/2146/2146 2150/2150/2150
f 2154/2154/2154 2149/2149/2149 2153/2153/2153
f 2155/2155/2155 2154/2154/2154 2153/2153/2153
f 2153/2153/2153 2149/2149/2149 2156/2156/2156
f 2149/2149/2149 2157/2157/2157 2156/2156/2156
f 2156/2156/2156 2157/2157/2157 2158/2158/2158
f 2157/2157/2157 2159/2159/2159 2158/2158/2158
f 2158/2158/2158 2159/2159/2159 2160/2160/2160
f 2159/2159/2159 2161/2161/2161 2160/2160/2160
f 2159/2159/2159 2144/2144/2144 2161/2161/2161
f 2144/2144/2144 2162/2162/2162 2161/2161/2161
f 2163/2163/2163 2161/2161/2161 2162/2162/2162
f 2164/2164/2164 2163/2163/2163 2162/2162/2162
f 2167/2167/2167 2166/2166/2166 2165/2165/2165
f 2166/2166/2166 2168/2168/2168 2165/2165/2165
f 2165/2165/2165 2168/2168/2168 2086/2086/2086
f 2168/2168/2168 2169/2169/2169 2086/2086/2086
f 2168/2168/2168 2170/2170/2170 2169/2169/2169
f 2170/2170/2170 2171/2171/2171 2169/2169/2169
f 2169/2169/2169 2171/2171/2171 2172/2172/2172
f 2171/2171/2171 2173/2173/2173 2172/2172/2172
f 2176/2176/2176 2175/2175/2175 2174/2174/2174
f 2175/2175/2175 2177/2177/2177 2174/2174/2174
f 2174/2174/2174 2177/2177/2177 2178/2178/2178
f 2177/2177/2177 2179/2179/2179 2178/2178/2178
f 2182/2182/2182 2181/2181/2181 2180/2180/2180
f 2183/2183/2183 2182/2182/2182 2180/2180/2180
f 2185/2185/2185 2106/2106/2106 2184/2184/2184
f 2106/2106/2106 2186/2186/2186 2184/2184/2184
f 2184/2184/2184 2186/2186/2186 2187/2187/2187
f 2186/2186/2186 2188/2188/2188 2187/2187/2187
f 2191/2191/2191 2190/2190/2190 2189/2189/2189
f 2192/2192/2192 2191/2191/2191 2189/2189/2189
f 2195/2195/2195 2194/2194/2194 2193/2193/2193
f 2196/2196/2196 2195/2195/2195 2193/2193/2193
f 2199/2199/2199 2198/2198/2198 2197/2197/2197
f 2198/2198/2198 2200/2200/2200 2197/2197/2197
f 2201/2201/2201 2197/2197/2197 2200/2200/2200
f 2202/2202/2202 2201/2201/2201 2200/2200/2200
f 2202/2202/2202 2200/2200/2200 2135/2135/2135
f 2203/2203/2203 2202/2202/2202 2135/2135/2135
f 2203/2203/2203 2135/2135/2135 2204/2204/2204
f 2205/2205/2205 2203/2203/2203 2204/2204/2204
f 2206/2206/2206 2202/2202/2202 2203/2203/2203
f 2207/2207/2207 2206/2206/2206 2203/2203/2203
f 2208/2208/2208 2206/2206/2206 2207/2207/2207
f 2209/2209/2209 2208/2208/2208 2207/2207/2207
f 2208/2208/2208 2210/2210/2210 2206/2206/2206
f 2210/2210/2210 2211/2211/2211 2206/2206/2206
f 2212/2212/2212 2210/2210/2210 2208/2208/2208
f 2213/2213/2213 2212/2212/2212 2208/2208/2208
f 2213/2213/2213 2208/2208/2208 2214/2214/2214
f 2215/2215/2215 2213/2213/2213 2214/2214/2214
f 2215/2215/2215 2214/2214/2214 2216/2216/2216
f 2213/2213/2213 2215/2215/2215 2217/2217/2217
f 2218/2218/2218 2215/2215/2215 2216/2216/2216
f 2215/2215/2215 2219/2219/2219 2217/2217/2217
f 2218/2218/2218 2220/2220/2220 2215/2215/2215
f 2220/2220/2220 2219/2219/2219 2215/2215/2215
f 2206/2206/2206 2222/2222/2222 2221/2221/2221
f 2222/2222/2222 2223/2223/2223 2221/2221/2221
f 2212/2212/2212 2225/2225/2225 2224/2224/2224
f 2225/2225/2225 2226/2226/2226 2224/2224/2224
f 2224/2224/2224 2226/2226/2226 2227/2227/2227
f 2226/2226/2226 2228/2228/2228 2227/2227/2227
f 2226/2226/2226 2229/2229/2229 2228/2228/2228
f 2229/2229/2229 2230/2230/2230 2228/2228/2228
f 2231/2231/2231 2229/2229/2229 2226/2226/2226
f 2225/2225/2225 2231/2231/2231 2226/2226/2226
f 2231/2231/2231 2225/2225/2225 2232/2232/2232
f 2225/2225/2225 2233/2233/2233 2232/2232/2232
f 2232/2232/2232 2233/2233/2233 2234/2234/2234
f 2233/2233/2233 2235/2235/2235 2234/2234/2234
f 2236/2236/2236 2234/2234/2234 2235/2235/2235
f 2237/2237/2237 2236/2236/2236 2235/2235/2235
f 2225/2225/2225 2239/2239/2239 2238/2238/2238
f 2239/2239/2239 2240/2240/2240 2238/2238/2238
f 2240/2240/2240 2242/2242/2242 2241/2241/2241
f 2242/2242/2242 2243/2243/2243 2241/2241/2241
f 2244/2244/2244 2243/2243/2243 2242/2242/2242
f 2245/2245/2245 2244/2244/2244 2242/2242/2242
f 2248/2248/2248 2247/2247/2247 2246/2246/2246
f 2249/2249/2249 2248/2248/2248 2246/2246/2246
f 2250/2250/2250 2248/2248/2248 2249/2249/2249
f 2251/2251/2251 2250/2250/2250 2249/2249/2249
f 2251/2251/2251 2249/2249/2249 2252/2252/2252
f 2253/2253/2253 2251/2251/2251 2252/2252/2252
f 2255/2255/2255 2254/2254/2254 2205/2205/2205
f 2256/2256/2256 2255/2255/2255 2205/2205/2205
f 2209/2209/2209 2255/2255/2255 2256/2256/2256
f 2257/2257/2257 2209/2209/2209 2256/2256/2256
f 2260/2260/2260 2259/2259/2259 2258/2258/2258
f 2259/2259/2259 2261/2261/2261 2258/2258/2258
f 2258/2258/2258 2261/2261/2261 2262/2262/2262
f 2261/2261/2261 2263/2263/2263 2262/2262/2262
f 2264/2264/2264 2262/2262/2262 2263/2263/2263
f 2265/2265/2265 2264/2264/2264 2263/2263/2263
f 2261/2261/2261 2266/2266/2266 2263/2263/2263
f 2266/2266/2266 2267/2267/2267 2263/2263/2263
f 2268/2268/2268 2267/2267/2267 2266/2266/2266
f 2269/2269/2269 2268/2268/2268 2266/2266/2266
f 2270/2270/2270 2267/2267/2267 2268/2268/2268
f 2271/2271/2271 2270/2270/2270 2268/2268/2268
f 2274/2274/2274 2273/2273/2273 2272/2272/2272
f 2275/2275/2275 2274/2274/2274 2272/2272/2272
f 2278/2278/2278 2277/2277/2277 2276/2276/2276
f 2277/2277/2277 2279/2279/2279 2276/2276/2276
f 2277/2277/2277 2280/2280/2280 2279/2279/2279
f 2280/2280/2280 2281/2281/2281 2279/2279/2279
f 2276/2276/2276 2279/2279/2279 2282/2282/2282
f 2279/2279/2279 2283/2283/2283 2282/2282/2282
f 2282/2282/2282 2285/2285/2285 2284/2284/2284
f 2285/2285/2285 2286/2286/2286 2284/2284/2284
f 2279/2279/2279 2288/2288/2288 2287/2287/2287
f 2288/2288/2288 2289/2289/2289 2287/2287/2287
f 2288/2288/2288 2290/2290/2290 2289/2289/2289
f 2290/2290/2290 2291/2291/2291 2289/2289/2289
f 2292/2292/2292 2290/2290/2290 2288/2288/2288
f 2293/2293/2293 2292/2292/2292 2288/2288/2288
f 2286/2286/2286 2295/2295/2295 2294/2294/2294
f 2295/2295/2295 2296/2296/2296 2294/2294/2294
f 2294/2294/2294 2296/2296/2296 2297/2297/2297
f 2295/2295/2295 2298/2298/2298 2296/2296/2296
f 2298/2298/2298 2299/2299/2299 2296/2296/2296
f 2296/2296/2296 2300/2300/2300 2297/2297/2297
f 2296/2296/2296 2299/2299/2299 2300/2300/2300
f 2297/2297/2297 2300/2300/2300 2301/2301/2301
f 2297/2297/2297 2301/2301/2301 2302/2302/2302
f 2303/2303/2303 2297/2297/2297 2302/2302/2302
f 2302/2302/2302 2301/2301/2301 2304/2304/2304
f 2301/2301/2301 2305/2305/2305 2304/2304/2304
f 2304/2304/2304 2305/2305/2305 2306/2306/2306
f 2300/2300/2300 2307/2307/2307 2301/2301/2301
f 2301/2301/2301 2307/2307/2307 2305/2305/2305
f 2300/2300/2300 2308/2308/2308 2307/2307/2307
f 2308/2308/2308 2309/2309/2309 2307/2307/2307
f 2307/2307/2307 2310/2310/2310 2305/2305/2305
f 2311/2311/2311 2309/2309/2309 2310/2310/2310
f 2309/2309/2309 2312/2312/2312 2310/2310/2310
f 2299/2299/2299 2313/2313/2313 2300/2300/2300
f 2309/2309/2309 2314/2314/2314 2312/2312/2312
f 2305/2305/2305 2315/2315/2315 2306/2306/2306
f 2306/2306/2306 2315/2315/2315 2316/2316/2316
f 2315/2315/2315 2317/2317/2317 2316/2316/2316
f 2316/2316/2316 2317/2317/2317 2318/2318/2318
f 2299/2299/2299 2319/2319/2319 2313/2313/2313
f 2319/2319/2319 2320/2320/2320 2313/2313/2313
f 2317/2317/2317 2321/2321/2321 2318/2318/2318
f 2317/2317/2317 2322/2322/2322 2321/2321/2321
f 2322/2322/2322 2323/2323/2323 2321/2321/2321
f 2321/2321/2321 2324/2324/2324 2318/2318/2318
f 2324/2324/2324 2325/2325/2325 2318/2318/2318
f 2323/2323/2323 2326/2326/2326 2321/2321/2321
f 2326/2326/2326 2324/2324/2324 2321/2321/2321
f 2327/2327/2327 2326/2326/2326 2323/2323/2323
f 2326/2326/2326 2328/2328/2328 2324/2324/2324
f 2329/2329/2329 2327/2327/2327 2323/2323/2323
f 2324/2324/2324 2330/2330/2330 2325/2325/2325
f 2328/2328/2328 2330/2330/2330 2324/2324/2324
f 2330/2330/2330 2331/2331/2331 2325/2325/2325
f 2331/2331/2331 2330/2330/2330 2332/2332/2332
f 2330/2330/2330 2333/2333/2333 2332/2332/2332
f 2330/2330/2330 2328/2328/2328 2333/2333/2333
f 2332/2332/2332 2333/2333/2333 2334/2334/2334
f 2335/2335/2335 2327/2327/2327 2329/2329/2329
f 2336/2336/2336 2335/2335/2335 2329/2329/2329
f 2335/2335/2335 2337/2337/2337 2327/2327/2327
f 2337/2337/2337 2338/2338/2338 2327/2327/2327
f 2328/2328/2328 2339/2339/2339 2333/2333/2333
f 2328/2328/2328 2340/2340/2340 2339/2339/2339
f 2340/2340/2340 2341/2341/2341 2339/2339/2339
f 2333/2333/2333 2342/2342/2342 2334/2334/2334
f 2333/2333/2333 2339/2339/2339 2342/2342/2342
f 2334/2334/2334 2342/2342/2342 2343/2343/2343
f 2339/2339/2339 2344/2344/2344 2342/2342/2342
f 2342/2342/2342 2345/2345/2345 2343/2343/2343
f 2343/2343/2343 2345/2345/2345 2346/2346/2346
f 2345/2345/2345 2347/2347/2347 2346/2346/2346
f 2346/2346/2346 2347/2347/2347 2348/2348/2348
f 2347/2347/2347 2349/2349/2349 2348/2348/2348
f 2348/2348/2348 2349/2349/2349 2350/2350/2350
f 2347/2347/2347 2351/2351/2351 2349/2349/2349
f 2351/2351/2351 2352/2352/2352 2349/2349/2349
f 2349/2349/2349 2353/2353/2353 2350/2350/2350
f 2350/2350/2350 2353/2353/2353 2354/2354/2354
f 2353/2353/2353 2355/2355/2355 2354/2354/2354
f 2353/2353/2353 2356/2356/2356 2355/2355/2355
f 2356/2356/2356 2357/2357/2357 2355/2355/2355
f 2355/2355/2355 2357/2357/2357 2358/2358/2358
f 2357/2357/2357 2359/2359/2359 2358/2358/2358
f 2358/2358/2358 2359/2359/2359 2360/2360/2360
f 2359/2359/2359 2361/2361/2361 2360/2360/2360
f 2358/2358/2358 2360/2360/2360 2362/2362/2362
f 2363/2363/2363 2358/2358/2358 2362/2362/2362
f 2362/2362/2362 2360/2360/2360 2364/2364/2364
f 2360/2360/2360 2365/2365/2365 2364/2364/2364
f 2364/2364/2364 2365/2365/2365 2366/2366/2366
f 2365/2365/2365 2367/2367/2367 2366/2366/2366
f 2366/2366/2366 2367/2367/2367 2368/2368/2368
f 2367/2367/2367 2369/2369/2369 2368/2368/2368
f 2371/2371/2371 2370/2370/2370 2356/2356/2356
f 2372/2372/2372 2371/2371/2371 2356/2356/2356
f 2375/2375/2375 2374/2374/2374 2373/2373/2373
f 2374/2374/2374 2376/2376/2376 2373/2373/2373
f 2373/2373/2373 2376/2376/2376 2377/2377/2377
f 2376/2376/2376 2378/2378/2378 2377/2377/2377
f 2381/2381/2381 2380/2380/2380 2379/2379/2379
f 2380/2380/2380 2382/2382/2382 2379/2379/2379
f 2379/2379/2379 2382/2382/2382 2291/2291/2291
f 2382/2382/2382 2383/2383/2383 2291/2291/2291
f 2291/2291/2291 2383/2383/2383 2384/2384/2384
f 2383/2383/2383 2385/2385/2385 2384/2384/2384
f 2384/2384/2384 2385/2385/2385 2299/2299/2299
f 2383/2383/2383 2386/2386/2386 2385/2385/2385
f 2386/2386/2386 2387/2387/2387 2385/2385/2385
f 2385/2385/2385 2319/2319/2319 2299/2299/2299
f 2385/2385/2385 2387/2387/2387 2319/2319/2319
f 2387/2387/2387 2388/2388/2388 2319/2319/2319
f 2319/2319/2319 2388/2388/2388 2320/2320/2320
f 2388/2388/2388 2389/2389/2389 2320/2320/2320
f 2320/2320/2320 2389/2389/2389 2314/2314/2314
f 2389/2389/2389 2390/2390/2390 2314/2314/2314
f 2314/2314/2314 2390/2390/2390 2391/2391/2391
f 2314/2314/2314 2391/2391/2391 2312/2312/2312
f 2390/2390/2390 2392/2392/2392 2391/2391/2391
f 2312/2312/2312 2391/2391/2391 2393/2393/2393
f 2391/2391/2391 2392/2392/2392 2394/2394/2394
f 2391/2391/2391 2394/2394/2394 2393/2393/2393
f 2392/2392/2392 2395/2395/2395 2394/2394/2394
f 2394/2394/2394 2395/2395/2395 2396/2396/2396
f 2395/2395/2395 2397/2397/2397 2396/2396/2396
f 2396/2396/2396 2397/2397/2397 2398/2398/2398
f 2397/2397/2397 2399/2399/2399 2398/2398/2398
f 2399/2399/2399 2400/2400/2400 2398/2398/2398
f 2400/2400/2400 2401/2401/2401 2398/2398/2398
f 2400/2400/2400 2402/2402/2402 2401/2401/2401
f 2402/2402/2402 2403/2403/2403 2401/2401/2401
f 2403/2403/2403 2402/2402/2402 2404/2404/2404
f 2402/2402/2402 2405/2405/2405 2404/2404/2404
f 2403/2403/2403 2404/2404/2404 2406/2406/2406
f 2407/2407/2407 2403/2403/2403 2406/2406/2406
f 2406/2406/2406 2404/2404/2404 2408/2408/2408
f 2404/2404/2404 2409/2409/2409 2408/2408/2408
f 2406/2406/2406 2408/2408/2408 2344/2344/2344
f 2410/2410/2410 2406/2406/2406 2344/2344/2344
f 2408/2408/2408 2409/2409/2409 2411/2411/2411
f 2409/2409/2409 2412/2412/2412 2411/2411/2411
f 2414/2414/2414 2398/2398/2398 2413/2413/2413
f 2415/2415/2415 2414/2414/2414 2413/2413/2413
f 2417/2417/2417 2416/2416/2416 2295/2295/2295
f 2418/2418/2418 2417/2417/2417 2295/2295/2295
f 2421/2421/2421 2420/2420/2420 2419/2419/2419
f 2422/2422/2422 2421/2421/2421 2419/2419/2419
f 2424/2424/2424 2419/2419/2419 2423/2423/2423
f 2419/2419/2419 2425/2425/2425 2423/2423/2423
f 2423/2423/2423 2425/2425/2425 2303/2303/2303
f 2425/2425/2425 2426/2426/2426 2303/2303/2303
f 2429/2429/2429 2428/2428/2428 2427/2427/2427
f 2430/2430/2430 2429/2429/2429 2427/2427/2427
f 2433/2433/2433 2432/2432/2432 2431/2431/2431
f 2434/2434/2434 2433/2433/2433 2431/2431/2431
f 2437/2437/2437 2436/2436/2436 2435/2435/2435
f 2393/2393/2393 2437/2437/2437 2435/2435/2435
f 2393/2393/2393 2439/2439/2439 2438/2438/2438
f 2440/2440/2440 2393/2393/2393 2438/2438/2438
f 2438/2438/2438 2439/2439/2439 2441/2441/2441
f 2439/2439/2439 2442/2442/2442 2441/2441/2441
f 2440/2440/2440 2438/2438/2438 2443/2443/2443
f 2444/2444/2444 2440/2440/2440 2443/2443/2443
f 2446/2446/2446 2440/2440/2440 2445/2445/2445
f 2305/2305/2305 2446/2446/2446 2445/2445/2445
f 2449/2449/2449 2448/2448/2448 2447/2447/2447
f 2450/2450/2450 2449/2449/2449 2447/2447/2447
f 2453/2453/2453 2452/2452/2452 2451/2451/2451
f 2452/2452/2452 2454/2454/2454 2451/2451/2451
f 2451/2451/2451 2454/2454/2454 2455/2455/2455
f 2454/2454/2454 2456/2456/2456 2455/2455/2455
f 2459/2459/2459 2458/2458/2458 2457/2457/2457
f 2460/2460/2460 2459/2459/2459 2457/2457/2457
f 2463/2463/2463 2462/2462/2462 2461/2461/2461
f 2462/2462/2462 2464/2464/2464 2461/2461/2461
f 2465/2465/2465 2464/2464/2464 2347/2347/2347
f 2464/2464/2464 2466/2466/2466 2347/2347/2347
f 2464/2464/2464 2467/2467/2467 2466/2466/2466
f 2467/2467/2467 2468/2468/2468 2466/2466/2466
f 2466/2466/2466 2468/2468/2468 2469/2469/2469
f 2468/2468/2468 2470/2470/2470 2469/2469/2469
f 2468/2468/2468 2471/2471/2471 2470/2470/2470
f 2471/2471/2471 2472/2472/2472 2470/2470/2470
f 2470/2470/2470 2472/2472/2472 2473/2473/2473
f 2472/2472/2472 2474/2474/2474 2473/2473/2473
f 2471/2471/2471 2475/2475/2475 2472/2472/2472
f 2476/2476/2476 2475/2475/2475 2471/2471/2471
f 2477/2477/2477 2476/2476/2476 2471/2471/2471
f 2475/2475/2475 2478/2478/2478 2472/2472/2472
f 2472/2472/2472 2478/2478/2478 2474/2474/2474
f 2478/2478/2478 2479/2479/2479 2474/2474/2474
f 2474/2474/2474 2479/2479/2479 2480/2480/2480
f 2479/2479/2479 2481/2481/2481 2480/2480/2480
f 2480/2480/2480 2483/2483/2483 2482/2482/2482
f 2483/2483/2483 2484/2484/2484 2482/2482/2482
f 2480/2480/2480 2486/2486/2486 2485/2485/2485
f 2487/2487/2487 2480/2480/2480 2485/2485/2485
f 2487/2487/2487 2485/2485/2485 2488/2488/2488
f 2489/2489/2489 2487/2487/2487 2488/2488/2488
f 2490/2490/2490 2487/2487/2487 2489/2489/2489
f 2491/2491/2491 2490/2490/2490 2489/2489/2489
f 2488/2488/2488 2485/2485/2485 2492/2492/2492
f 2485/2485/2485 2493/2493/2493 2492/2492/2492
f 2485/2485/2485 2486/2486/2486 2493/2493/2493
f 2486/2486/2486 2494/2494/2494 2493/2493/2493
f 2493/2493/2493 2494/2494/2494 2495/2495/2495
f 2486/2486/2486 2496/2496/2496 2494/2494/2494
f 2496/2496/2496 2497/2497/2497 2494/2494/2494
f 2494/2494/2494 2498/2498/2498 2495/2495/2495
f 2494/2494/2494 2497/2497/2497 2498/2498/2498
f 2497/2497/2497 2499/2499/2499 2498/2498/2498
f 2498/2498/2498 2499/2499/2499 2500/2500/2500
f 2499/2499/2499 2501/2501/2501 2500/2500/2500
f 2500/2500/2500 2501/2501/2501 2502/2502/2502
f 2501/2501/2501 2503/2503/2503 2502/2502/2502
f 2506/2506/2506 2505/2505/2505 2504/2504/2504
f 2507/2507/2507 2506/2506/2506 2504/2504/2504
f 2510/2510/2510 2509/2509/2509 2508/2508/2508
f 2511/2511/2511 2510/2510/2510 2508/2508/2508
f 2514/2514/2514 2513/2513/2513 2512/2512/2512
f 2515/2515/2515 2514/2514/2514 2512/2512/2512
f 2518/2518/2518 2517/2517/2517 2516/2516/2516
f 2519/2519/2519 2518/2518/2518 2516/2516/2516
f 2522/2522/2522 2521/2521/2521 2520/2520/2520
f 2521/2521/2521 2523/2523/2523 2520/2520/2520
f 2520/2520/2520 2523/2523/2523 2524/2524/2524
f 2523/2523/2523 2525/2525/2525 2524/2524/2524
f 2524/2524/2524 2525/2525/2525 2526/2526/2526
f 2523/2523/2523 2527/2527/2527 2525/2525/2525
f 2525/2525/2525 2528/2528/2528 2526/2526/2526
f 2527/2527/2527 2529/2529/2529 2525/2525/2525
f 2525/2525/2525 2529/2529/2529 2528/2528/2528
f 2529/2529/2529 2530/2530/2530 2528/2528/2528
f 2533/2533/2533 2532/2532/2532 2531/2531/2531
f 2532/2532/2532 2534/2534/2534 2531/2531/2531
f 2531/2531/2531 2534/2534/2534 2535/2535/2535
f 2534/2534/2534 2536/2536/2536 2535/2535/2535
f 2535/2535/2535 2536/2536/2536 2537/2537/2537
f 2536/2536/2536 2538/2538/2538 2537/2537/2537
f 2541/2541/2541 2540/2540/2540 2539/2539/2539
f 2539/2539/2539 2540/2540/2540 2542/2542/2542
f 2545/2545/2545 2544/2544/2544 2543/2543/2543
f 2544/2544/2544 2546/2546/2546 2543/2543/2543
f 2543/2543/2543 2546/2546/2546 2547/2547/2547
f 2548/2548/2548 2543/2543/2543 2547/2547/2547
f 2547/2547/2547 2546/2546/2546 2549/2549/2549
f 2546/2546/2546 2550/2550/2550 2549/2549/2549
f 2550/2550/2550 2546/2546/2546 2544/2544/2544
f 2551/2551/2551 2549/2549/2549 2550/2550/2550
f 2552/2552/2552 2550/2550/2550 2544/2544/2544
f 2544/2544/2544 2553/2553/2553 2552/2552/2552
f 2554/2554/2554 2551/2551/2551 2550/2550/2550
f 2554/2554/2554 2550/2550/2550 2552/2552/2552
f 2555/2555/2555 2551/2551/2551 2554/2554/2554
f 2553/2553/2553 2556/2556/2556 2552/2552/2552
f 2557/2557/2557 2554/2554/2554 2552/2552/2552
f 2558/2558/2558 2555/2555/2555 2554/2554/2554
f 2558/2558/2558 2554/2554/2554 2557/2557/2557
f 2555/2555/2555 2558/2558/2558 2559/2559/2559
f 2558/2558/2558 2560/2560/2560 2559/2559/2559
f 2560/2560/2560 2558/2558/2558 2561/2561/2561
f 2561/2561/2561 2558/2558/2558 2557/2557/2557
f 2562/2562/2562 2560/2560/2560 2561/2561/2561
f 2562/2562/2562 2561/2561/2561 2563/2563/2563
f 2561/2561/2561 2564/2564/2564 2563/2563/2563
f 2561/2561/2561 2557/2557/2557 2564/2564/2564
f 2563/2563/2563 2564/2564/2564 2565/2565/2565
f 2553/2553/2553 2566/2566/2566 2556/2556/2556
f 2566/2566/2566 2567/2567/2567 2556/2556/2556
f 2567/2567/2567 2566/2566/2566 2568/2568/2568
f 2564/2564/2564 2569/2569/2569 2565/2565/2565
f 2565/2565/2565 2569/2569/2569 2570/2570/2570
f 2569/2569/2569 2571/2571/2571 2570/2570/2570
f 2569/2569/2569 2572/2572/2572 2571/2571/2571
f 2572/2572/2572 2573/2573/2573 2571/2571/2571
f 2564/2564/2564 2574/2574/2574 2569/2569/2569
f 2557/2557/2557 2574/2574/2574 2564/2564/2564
f 2574/2574/2574 2575/2575/2575 2569/2569/2569
f 2576/2576/2576 2574/2574/2574 2557/2557/2557
f 2577/2577/2577 2576/2576/2576 2557/2557/2557
f 2566/2566/2566 2578/2578/2578 2568/2568/2568
f 2568/2568/2568 2578/2578/2578 2579/2579/2579
f 2566/2566/2566 2580/2580/2580 2578/2578/2578
f 2580/2580/2580 2566/2566/2566 2553/2553/2553
f 2581/2581/2581 2580/2580/2580 2553/2553/2553
f 2580/2580/2580 2582/2582/2582 2578/2578/2578
f 2578/2578/2578 2583/2583/2583 2579/2579/2579
f 2578/2578/2578 2582/2582/2582 2583/2583/2583
f 2582/2582/2582 2584/2584/2584 2583/2583/2583
f 2583/2583/2583 2584/2584/2584 2585/2585/2585
f 2584/2584/2584 2586/2586/2586 2585/2585/2585
f 2585/2585/2585 2586/2586/2586 2587/2587/2587
f 2586/2586/2586 2588/2588/2588 2587/2587/2587
f 2590/2590/2590 2579/2579/2579 2589/2589/2589
f 2573/2573/2573 2590/2590/2590 2589/2589/2589
f 2592/2592/2592 2591/2591/2591 2573/2573/2573
f 2593/2593/2593 2592/2592/2592 2573/2573/2573
f 2576/2576/2576 2592/2592/2592 2593/2593/2593
f 2594/2594/2594 2576/2576/2576 2593/2593/2593
f 2596/2596/2596 2587/2587/2587 2595/2595/2595
f 2597/2597/2597 2596/2596/2596 2595/2595/2595
f 2598/2598/2598 2596/2596/2596 2597/2597/2597
f 2597/2597/2597 2595/2595/2595 2599/2599/2599
f 2600/2600/2600 2598/2598/2598 2597/2597/2597
f 2601/2601/2601 2597/2597/2597 2599/2599/2599
f 2600/2600/2600 2597/2597/2597 2601/2601/2601
f 2602/2602/2602 2600/2600/2600 2601/2601/2601
f 2601/2601/2601 2599/2599/2599 2603/2603/2603
f 2602/2602/2602 2601/2601/2601 2604/2604/2604
f 2605/2605/2605 2602/2602/2602 2604/2604/2604
f 2606/2606/2606 2601/2601/2601 2603/2603/2603
f 2606/2606/2606 2603/2603/2603 2607/2607/2607
f 2608/2608/2608 2606/2606/2606 2607/2607/2607
f 2609/2609/2609 2606/2606/2606 2608/2608/2608
f 2610/2610/2610 2609/2609/2609 2608/2608/2608
f 2607/2607/2607 2603/2603/2603 2611/2611/2611
f 2603/2603/2603 2612/2612/2612 2611/2611/2611
f 2611/2611/2611 2612/2612/2612 2613/2613/2613
f 2612/2612/2612 2614/2614/2614 2613/2613/2613
f 2603/2603/2603 2616/2616/2616 2615/2615/2615
f 2616/2616/2616 2617/2617/2617 2615/2615/2615
f 2619/2619/2619 2617/2617/2617 2618/2618/2618
f 2617/2617/2617 2620/2620/2620 2618/2618/2618
f 2618/2618/2618 2620/2620/2620 2621/2621/2621
f 2620/2620/2620 2622/2622/2622 2621/2621/2621
f 2618/2618/2618 2621/2621/2621 2623/2623/2623
f 2624/2624/2624 2618/2618/2618 2623/2623/2623
f 2623/2623/2623 2621/2621/2621 2625/2625/2625
f 2621/2621/2621 2626/2626/2626 2625/2625/2625
f 2625/2625/2625 2626/2626/2626 2627/2627/2627
f 2626/2626/2626 2628/2628/2628 2627/2627/2627
f 2626/2626/2626 2629/2629/2629 2628/2628/2628
f 2629/2629/2629 2630/2630/2630 2628/2628/2628
f 2621/2621/2621 2632/2632/2632 2631/2631/2631
f 2632/2632/2632 2633/2633/2633 2631/2631/2631
f 2635/2635/2635 2634/2634/2634 2622/2622/2622
f 2636/2636/2636 2635/2635/2635 2622/2622/2622
f 2637/2637/2637 2635/2635/2635 2636/2636/2636
f 2638/2638/2638 2637/2637/2637 2636/2636/2636
f 2639/2639/2639 2637/2637/2637 2638/2638/2638
f 2640/2640/2640 2639/2639/2639 2638/2638/2638
f 2643/2643/2643 2642/2642/2642 2641/2641/2641
f 2644/2644/2644 2643/2643/2643 2641/2641/2641
f 2647/2647/2647 2646/2646/2646 2645/2645/2645
f 2648/2648/2648 2647/2647/2647 2645/2645/2645
f 2651/2651/2651 2650/2650/2650 2649/2649/2649
f 2652/2652/2652 2651/2651/2651 2649/2649/2649
f 2652/2652/2652 2649/2649/2649 2653/2653/2653
f 2654/2654/2654 2652/2652/2652 2653/2653/2653
f 2653/2653/2653 2649/2649/2649 2655/2655/2655
f 2649/2649/2649 2656/2656/2656 2655/2655/2655
f 2655/2655/2655 2656/2656/2656 2657/2657/2657
f 2656/2656/2656 2658/2658/2658 2657/2657/2657
f 2613/2613/2613 2659/2659/2659 2658/2658/2658
f 2660/2660/2660 2613/2613/2613 2658/2658/2658
f 2661/2661/2661 2613/2613/2613 2660/2660/2660
f 2662/2662/2662 2661/2661/2661 2660/2660/2660
f 2658/2658/2658 2659/2659/2659 2663/2663/2663
f 2659/2659/2659 2664/2664/2664 2663/2663/2663
f 2663/2663/2663 2664/2664/2664 2665/2665/2665
f 2664/2664/2664 2666/2666/2666 2665/2665/2665
f 2665/2665/2665 2666/2666/2666 2667/2667/2667
f 2666/2666/2666 2668/2668/2668 2667/2667/2667
f 2667/2667/2667 2668/2668/2668 2669/2669/2669
f 2668/2668/2668 2670/2670/2670 2669/2669/2669
f 2665/2665/2665 2667/2667/2667 2671/2671/2671
f 2672/2672/2672 2665/2665/2665 2671/2671/2671
f 2674/2674/2674 2665/2665/2665 2673/2673/2673
f 2675/2675/2675 2674/2674/2674 2673/2673/2673
f 2676/2676/2676 2674/2674/2674 2675/2675/2675
f 2677/2677/2677 2676/2676/2676 2675/2675/2675
f 2677/2677/2677 2675/2675/2675 2678/2678/2678
f 2679/2679/2679 2677/2677/2677 2678/2678/2678
f 2682/2682/2682 2681/2681/2681 2680/2680/2680
f 2683/2683/2683 2682/2682/2682 2680/2680/2680
f 2686/2686/2686 2685/2685/2685 2684/2684/2684
f 2685/2685/2685 2687/2687/2687 2684/2684/2684
f 2685/2685/2685 2688/2688/2688 2687/2687/2687
f 2684/2684/2684 2687/2687/2687 2689/2689/2689
f 2688/2688/2688 2690/2690/2690 2687/2687/2687
f 2687/2687/2687 2691/2691/2691 2689/2689/2689
f 2687/2687/2687 2690/2690/2690 2691/2691/2691
f 2689/2689/2689 2691/2691/2691 2692/2692/2692
f 2691/2691/2691 2693/2693/2693 2692/2692/2692
f 2690/2690/2690 2694/2694/2694 2691/2691/2691
f 2691/2691/2691 2696/2696/2696 2695/2695/2695
f 2692/2692/2692 2695/2695/2695 2697/2697/2697
f 2696/2696/2696 2698/2698/2698 2695/2695/2695
f 2695/2695/2695 2699/2699/2699 2697/2697/2697
f 2695/2695/2695 2698/2698/2698 2699/2699/2699
f 2697/2697/2697 2699/2699/2699 2700/2700/2700
f 2698/2698/2698 2701/2701/2701 2699/2699/2699
f 2699/2699/2699 2702/2702/2702 2700/2700/2700
f 2699/2699/2699 2701/2701/2701 2702/2702/2702
f 2700/2700/2700 2702/2702/2702 2703/2703/2703
f 2701/2701/2701 2704/2704/2704 2702/2702/2702
f 2702/2702/2702 2705/2705/2705 2703/2703/2703
f 2702/2702/2702 2706/2706/2706 2705/2705/2705
f 2706/2706/2706 2707/2707/2707 2705/2705/2705
f 2703/2703/2703 2705/2705/2705 2708/2708/2708
f 2705/2705/2705 2707/2707/2707 2709/2709/2709
f 2705/2705/2705 2709/2709/2709 2708/2708/2708
f 2707/2707/2707 2710/2710/2710 2709/2709/2709
f 2708/2708/2708 2709/2709/2709 2711/2711/2711
f 2709/2709/2709 2710/2710/2710 2712/2712/2712
f 2709/2709/2709 2712/2712/2712 2711/2711/2711
f 2711/2711/2711 2712/2712/2712 2713/2713/2713
f 2712/2712/2712 2714/2714/2714 2713/2713/2713
f 2710/2710/2710 2715/2715/2715 2712/2712/2712
f 2708/2708/2708 2711/2711/2711 2716/2716/2716
f 2716/2716/2716 2711/2711/2711 2717/2717/2717
f 2711/2711/2711 2718/2718/2718 2717/2717/2717
f 2717/2717/2717 2718/2718/2718 2719/2719/2719
f 2718/2718/2718 2720/2720/2720 2719/2719/2719
f 2721/2721/2721 2708/2708/2708 2716/2716/2716
f 2722/2722/2722 2708/2708/2708 2721/2721/2721
f 2721/2721/2721 2716/2716/2716 2723/2723/2723
f 2715/2715/2715 2723/2723/2723 2724/2724/2724
f 2723/2723/2723 2725/2725/2725 2724/2724/2724
f 2726/2726/2726 2723/2723/2723 2715/2715/2715
f 2710/2710/2710 2726/2726/2726 2715/2715/2715
f 2726/2726/2726 2721/2721/2721 2723/2723/2723
f 2727/2727/2727 2722/2722/2722 2721/2721/2721
f 2727/2727/2727 2721/2721/2721 2726/2726/2726
f 2728/2728/2728 2722/2722/2722 2727/2727/2727
f 2729/2729/2729 2728/2728/2728 2727/2727/2727
f 2730/2730/2730 2728/2728/2728 2729/2729/2729
f 2731/2731/2731 2730/2730/2730 2729/2729/2729
f 2732/2732/2732 2730/2730/2730 2731/2731/2731
f 2733/2733/2733 2732/2732/2732 2731/2731/2731
f 2734/2734/2734 2727/2727/2727 2726/2726/2726
f 2734/2734/2734 2726/2726/2726 2710/2710/2710
f 2735/2735/2735 2734/2734/2734 2710/2710/2710
f 2736/2736/2736 2734/2734/2734 2735/2735/2735
f 2704/2704/2704 2736/2736/2736 2735/2735/2735
f 2737/2737/2737 2736/2736/2736 2704/2704/2704
f 2738/2738/2738 2737/2737/2737 2704/2704/2704
f 2739/2739/2739 2737/2737/2737 2738/2738/2738
f 2740/2740/2740 2739/2739/2739 2738/2738/2738
f 2741/2741/2741 2739/2739/2739 2740/2740/2740
f 2742/2742/2742 2741/2741/2741 2740/2740/2740
f 2745/2745/2745 2744/2744/2744 2743/2743/2743
f 2744/2744/2744 2746/2746/2746 2743/2743/2743
f 2743/2743/2743 2746/2746/2746 2694/2694/2694
f 2746/2746/2746 2747/2747/2747 2694/2694/2694
f 2746/2746/2746 2748/2748/2748 2747/2747/2747
f 2748/2748/2748 2749/2749/2749 2747/2747/2747
f 2747/2747/2747 2749/2749/2749 2750/2750/2750
f 2749/2749/2749 2751/2751/2751 2750/2750/2750
f 2749/2749/2749 2752/2752/2752 2751/2751/2751
f 2752/2752/2752 2753/2753/2753 2751/2751/2751
f 2750/2750/2750 2751/2751/2751 2754/2754/2754
f 2751/2751/2751 2755/2755/2755 2754/2754/2754
f 2754/2754/2754 2755/2755/2755 2756/2756/2756
f 2755/2755/2755 2757/2757/2757 2756/2756/2756
f 2756/2756/2756 2757/2757/2757 2758/2758/2758
f 2757/2757/2757 2759/2759/2759 2758/2758/2758
f 2762/2762/2762 2761/2761/2761 2760/2760/2760
f 2763/2763/2763 2762/2762/2762 2760/2760/2760
f 2765/2765/2765 2760/2760/2760 2764/2764/2764
f 2760/2760/2760 2766/2766/2766 2764/2764/2764
f 2760/2760/2760 2767/2767/2767 2766/2766/2766
f 2764/2764/2764 2766/2766/2766 2768/2768/2768
f 2767/2767/2767 2719/2719/2719 2766/2766/2766
f 2766/2766/2766 2769/2769/2769 2768/2768/2768
f 2768/2768/2768 2769/2769/2769 2770/2770/2770
f 2769/2769/2769 2771/2771/2771 2770/2770/2770
f 2769/2769/2769 2772/2772/2772 2771/2771/2771
f 2770/2770/2770 2771/2771/2771 2773/2773/2773
f 2772/2772/2772 2774/2774/2774 2771/2771/2771
f 2772/2772/2772 2775/2775/2775 2774/2774/2774
f 2771/2771/2771 2776/2776/2776 2773/2773/2773
f 2771/2771/2771 2774/2774/2774 2776/2776/2776
f 2775/2775/2775 2777/2777/2777 2774/2774/2774
f 2774/2774/2774 2777/2777/2777 2778/2778/2778
f 2774/2774/2774 2778/2778/2778 2776/2776/2776
f 2777/2777/2777 2779/2779/2779 2778/2778/2778
f 2778/2778/2778 2779/2779/2779 2780/2780/2780
f 2779/2779/2779 2781/2781/2781 2780/2780/2780
f 2776/2776/2776 2778/2778/2778 2782/2782/2782
f 2778/2778/2778 2780/2780/2780 2782/2782/2782
f 2773/2773/2773 2776/2776/2776 2783/2783/2783
f 2776/2776/2776 2782/2782/2782 2783/2783/2783
f 2782/2782/2782 2780/2780/2780 2784/2784/2784
f 2780/2780/2780 2781/2781/2781 2785/2785/2785
f 2780/2780/2780 2785/2785/2785 2784/2784/2784
f 2783/2783/2783 2782/2782/2782 2786/2786/2786
f 2782/2782/2782 2784/2784/2784 2786/2786/2786
f 2773/2773/2773 2783/2783/2783 2787/2787/2787
f 2783/2783/2783 2786/2786/2786 2788/2788/2788
f 2787/2787/2787 2783/2783/2783 2788/2788/2788
f 2789/2789/2789 2773/2773/2773 2787/2787/2787
f 2789/2789/2789 2787/2787/2787 2781/2781/2781
f 2790/2790/2790 2773/2773/2773 2789/2789/2789
f 2781/2781/2781 2787/2787/2787 2791/2791/2791
f 2787/2787/2787 2788/2788/2788 2791/2791/2791
f 2781/2781/2781 2791/2791/2791 2785/2785/2785
f 2792/2792/2792 2789/2789/2789 2781/2781/2781
f 2793/2793/2793 2790/2790/2790 2789/2789/2789
f 2793/2793/2793 2789/2789/2789 2792/2792/2792
f 2794/2794/2794 2790/2790/2790 2793/2793/2793
f 2795/2795/2795 2793/2793/2793 2792/2792/2792
f 2796/2796/2796 2794/2794/2794 2793/2793/2793
f 2796/2796/2796 2793/2793/2793 2795/2795/2795
f 2797/2797/2797 2796/2796/2796 2795/2795/2795
f 2788/2788/2788 2786/2786/2786 2798/2798/2798
f 2791/2791/2791 2788/2788/2788 2799/2799/2799
f 2788/2788/2788 2798/2798/2798 2799/2799/2799
f 2785/2785/2785 2791/2791/2791 2800/2800/2800
f 2791/2791/2791 2799/2799/2799 2800/2800/2800
f 2786/2786/2786 2801/2801/2801 2798/2798/2798
f 2786/2786/2786 2784/2784/2784 2801/2801/2801
f 2784/2784/2784 2785/2785/2785 2802/2802/2802
f 2785/2785/2785 2800/2800/2800 2802/2802/2802
f 2784/2784/2784 2802/2802/2802 2801/2801/2801
f 2799/2799/2799 2798/2798/2798 2803/2803/2803
f 2800/2800/2800 2799/2799/2799 2804/2804/2804
f 2799/2799/2799 2803/2803/2803 2804/2804/2804
f 2798/2798/2798 2801/2801/2801 2805/2805/2805
f 2798/2798/2798 2805/2805/2805 2803/2803/2803
f 2802/2802/2802 2800/2800/2800 2806/2806/2806
f 2800/2800/2800 2804/2804/2804 2806/2806/2806
f 2801/2801/2801 2802/2802/2802 2807/2807/2807
f 2801/2801/2801 2807/2807/2807 2805/2805/2805
f 2802/2802/2802 2806/2806/2806 2807/2807/2807
f 2803/2803/2803 2805/2805/2805 2808/2808/2808
f 2804/2804/2804 2803/2803/2803 2809/2809/2809
f 2803/2803/2803 2808/2808/2808 2809/2809/2809
f 2805/2805/2805 2807/2807/2807 2810/2810/2810
f 2805/2805/2805 2810/2810/2810 2808/2808/2808
f 2807/2807/2807 2811/2811/2811 2810/2810/2810
f 2807/2807/2807 2806/2806/2806 2812/2812/2812
f 2806/2806/2806 2804/2804/2804 2813/2813/2813
f 2804/2804/2804 2809/2809/2809 2813/2813/2813
f 2806/2806/2806 2813/2813/2813 2812/2812/2812
f 2808/2808/2808 2810/2810/2810 2814/2814/2814
f 2810/2810/2810 2815/2815/2815 2814/2814/2814
f 2814/2814/2814 2815/2815/2815 2816/2816/2816
f 2815/2815/2815 2817/2817/2817 2816/2816/2816
f 2816/2816/2816 2817/2817/2817 2818/2818/2818
f 2809/2809/2809 2808/2808/2808 2819/2819/2819
f 2808/2808/2808 2820/2820/2820 2819/2819/2819
f 2813/2813/2813 2809/2809/2809 2821/2821/2821
f 2809/2809/2809 2819/2819/2819 2821/2821/2821
f 2812/2812/2812 2813/2813/2813 2822/2822/2822
f 2813/2813/2813 2821/2821/2821 2822/2822/2822
f 2819/2819/2819 2820/2820/2820 2823/2823/2823
f 2820/2820/2820 2824/2824/2824 2823/2823/2823
f 2812/2812/2812 2822/2822/2822 2825/2825/2825
f 2826/2826/2826 2812/2812/2812 2825/2825/2825
f 2825/2825/2825 2822/2822/2822 2827/2827/2827
f 2822/2822/2822 2828/2828/2828 2827/2827/2827
f 2822/2822/2822 2821/2821/2821 2828/2828/2828
f 2821/2821/2821 2819/2819/2819 2829/2829/2829
f 2819/2819/2819 2823/2823/2823 2829/2829/2829
f 2821/2821/2821 2829/2829/2829 2828/2828/2828
f 2823/2823/2823 2824/2824/2824 2830/2830/2830
f 2824/2824/2824 2818/2818/2818 2830/2830/2830
f 2829/2829/2829 2823/2823/2823 2831/2831/2831
f 2823/2823/2823 2830/2830/2830 2831/2831/2831
f 2828/2828/2828 2829/2829/2829 2832/2832/2832
f 2829/2829/2829 2831/2831/2831 2832/2832/2832
f 2828/2828/2828 2832/2832/2832 2833/2833/2833
f 2817/2817/2817 2828/2828/2828 2833/2833/2833
f 2817/2817/2817 2833/2833/2833 2818/2818/2818
f 2830/2830/2830 2818/2818/2818 2834/2834/2834
f 2831/2831/2831 2830/2830/2830 2835/2835/2835
f 2830/2830/2830 2834/2834/2834 2835/2835/2835
f 2832/2832/2832 2831/2831/2831 2836/2836/2836
f 2831/2831/2831 2835/2835/2835 2836/2836/2836
f 2818/2818/2818 2833/2833/2833 2837/2837/2837
f 2818/2818/2818 2837/2837/2837 2834/2834/2834
f 2833/2833/2833 2832/2832/2832 2838/2838/2838
f 2832/2832/2832 2836/2836/2836 2838/2838/2838
f 2833/2833/2833 2838/2838/2838 2837/2837/2837
f 2835/2835/2835 2834/2834/2834 2839/2839/2839
f 2836/2836/2836 2835/2835/2835 2840/2840/2840
f 2835/2835/2835 2839/2839/2839 2840/2840/2840
f 2834/2834/2834 2837/2837/2837 2841/2841/2841
f 2834/2834/2834 2841/2841/2841 2839/2839/2839
f 2837/2837/2837 2838/2838/2838 2842/2842/2842
f 2837/2837/2837 2842/2842/2842 2841/2841/2841
f 2838/2838/2838 2836/2836/2836 2843/2843/2843
f 2836/2836/2836 2840/2840/2840 2843/2843/2843
f 2838/2838/2838 2843/2843/2843 2842/2842/2842
f 2839/2839/2839 2841/2841/2841 2844/2844/2844
f 2840/2840/2840 2839/2839/2839 2845/2845/2845
f 2839/2839/2839 2844/2844/2844 2845/2845/2845
f 2841/2841/2841 2842/2842/2842 2846/2846/2846
f 2841/2841/2841 2846/2846/2846 2844/2844/2844
f 2842/2842/2842 2843/2843/2843 2847/2847/2847
f 2842/2842/2842 2847/2847/2847 2846/2846/2846
f 2843/2843/2843 2840/2840/2840 2848/2848/2848
f 2840/2840/2840 2845/2845/2845 2848/2848/2848
f 2843/2843/2843 2848/2848/2848 2847/2847/2847
f 2844/2844/2844 2846/2846/2846 2849/2849/2849
f 2845/2845/2845 2844/2844/2844 2850/2850/2850
f 2844/2844/2844 2849/2849/2849 2850/2850/2850
f 2846/2846/2846 2847/2847/2847 2851/2851/2851
f 2846/2846/2846 2851/2851/2851 2849/2849/2849
f 2847/2847/2847 2848/2848/2848 2852/2852/2852
f 2847/2847/2847 2852/2852/2852 2851/2851/2851
f 2848/2848/2848 2845/2845/2845 2853/2853/2853
f 2845/2845/2845 2850/2850/2850 2853/2853/2853
f 2848/2848/2848 2853/2853/2853 2852/2852/2852
f 2849/2849/2849 2851/2851/2851 2854/2854/2854
f 2850/2850/2850 2849/2849/2849 2855/2855/2855
f 2849/2849/2849 2854/2854/2854 2855/2855/2855
f 2851/2851/2851 2852/2852/2852 2856/2856/2856
f 2851/2851/2851 2856/2856/2856 2854/2854/2854
f 2852/2852/2852 2853/2853/2853 2857/2857/2857
f 2852/2852/2852 2857/2857/2857 2856/2856/2856
f 2853/2853/2853 2850/2850/2850 2858/2858/2858
f 2850/2850/2850 2855/2855/2855 2858/2858/2858
f 2853/2853/2853 2858/2858/2858 2857/2857/2857
f 2857/2857/2857 2858/2858/2858 2859/2859/2859
f 2858/2858/2858 2860/2860/2860 2859/2859/2859
f 2858/2858/2858 2855/2855/2855 2860/2860/2860
f 2859/2859/2859 2860/2860/2860 2861/2861/2861
f 2855/2855/2855 2854/2854/2854 2862/2862/2862
f 2855/2855/2855 2862/2862/2862 2860/2860/2860
f 2860/2860/2860 2863/2863/2863 2861/2861/2861
f 2860/2860/2860 2862/2862/2862 2863/2863/2863
f 2861/2861/2861 2863/2863/2863 2864/2864/2864
f 2863/2863/2863 2865/2865/2865 2864/2864/2864
f 2864/2864/2864 2865/2865/2865 2866/2866/2866
f 2865/2865/2865 2867/2867/2867 2866/2866/2866
f 2862/2862/2862 2868/2868/2868 2863/2863/2863
f 2862/2862/2862 2869/2869/2869 2868/2868/2868
f 2854/2854/2854 2870/2870/2870 2862/2862/2862
f 2869/2869/2869 2871/2871/2871 2868/2868/2868
f 2854/2854/2854 2856/2856/2856 2870/2870/2870
f 2868/2868/2868 2871/2871/2871 2872/2872/2872
f 2856/2856/2856 2873/2873/2873 2870/2870/2870
f 2870/2870/2870 2873/2873/2873 2874/2874/2874
f 2856/2856/2856 2857/2857/2857 2873/2873/2873
f 2857/2857/2857 2875/2875/2875 2873/2873/2873
f 2873/2873/2873 2876/2876/2876 2874/2874/2874
f 2873/2873/2873 2875/2875/2875 2876/2876/2876
f 2875/2875/2875 2877/2877/2877 2876/2876/2876
f 2876/2876/2876 2877/2877/2877 2878/2878/2878
f 2877/2877/2877 2879/2879/2879 2878/2878/2878
f 2871/2871/2871 2880/2880/2880 2872/2872/2872
f 2871/2871/2871 2881/2881/2881 2880/2880/2880
f 2872/2872/2872 2880/2880/2880 2882/2882/2882
f 2881/2881/2881 2883/2883/2883 2880/2880/2880
f 2880/2880/2880 2884/2884/2884 2882/2882/2882
f 2880/2880/2880 2883/2883/2883 2884/2884/2884
f 2883/2883/2883 2885/2885/2885 2884/2884/2884
f 2882/2882/2882 2884/2884/2884 2886/2886/2886
f 2884/2884/2884 2887/2887/2887 2886/2886/2886
f 2889/2889/2889 2882/2882/2882 2888/2888/2888
f 2890/2890/2890 2889/2889/2889 2888/2888/2888
f 2892/2892/2892 2891/2891/2891 2890/2890/2890
f 2893/2893/2893 2892/2892/2892 2890/2890/2890
f 2883/2883/2883 2895/2895/2895 2894/2894/2894
f 2895/2895/2895 2896/2896/2896 2894/2894/2894
f 2894/2894/2894 2896/2896/2896 2897/2897/2897
f 2896/2896/2896 2898/2898/2898 2897/2897/2897
f 2894/2894/2894 2897/2897/2897 2899/2899/2899
f 2900/2900/2900 2894/2894/2894 2899/2899/2899
f 2899/2899/2899 2897/2897/2897 2901/2901/2901
f 2897/2897/2897 2898/2898/2898 2902/2902/2902
f 2897/2897/2897 2902/2902/2902 2901/2901/2901
f 2899/2899/2899 2901/2901/2901 2903/2903/2903
f 2904/2904/2904 2899/2899/2899 2903/2903/2903
f 2898/2898/2898 2905/2905/2905 2902/2902/2902
f 2902/2902/2902 2905/2905/2905 2906/2906/2906
f 2905/2905/2905 2907/2907/2907 2906/2906/2906
f 2901/2901/2901 2902/2902/2902 2908/2908/2908
f 2902/2902/2902 2906/2906/2906 2908/2908/2908
f 2903/2903/2903 2901/2901/2901 2909/2909/2909
f 2901/2901/2901 2908/2908/2908 2909/2909/2909
f 2904/2904/2904 2903/2903/2903 2910/2910/2910
f 2903/2903/2903 2909/2909/2909 2911/2911/2911
f 2910/2910/2910 2903/2903/2903 2911/2911/2911
f 2910/2910/2910 2911/2911/2911 2907/2907/2907
f 2912/2912/2912 2904/2904/2904 2910/2910/2910
f 2913/2913/2913 2904/2904/2904 2912/2912/2912
f 2914/2914/2914 2913/2913/2913 2912/2912/2912
f 2914/2914/2914 2912/2912/2912 2898/2898/2898
f 2915/2915/2915 2914/2914/2914 2898/2898/2898
f 2898/2898/2898 2912/2912/2912 2916/2916/2916
f 2912/2912/2912 2910/2910/2910 2916/2916/2916
f 2916/2916/2916 2910/2910/2910 2907/2907/2907
f 2907/2907/2907 2911/2911/2911 2917/2917/2917
f 2911/2911/2911 2918/2918/2918 2917/2917/2917
f 2911/2911/2911 2909/2909/2909 2918/2918/2918
f 2917/2917/2917 2918/2918/2918 2919/2919/2919
f 2918/2918/2918 2920/2920/2920 2919/2919/2919
f 2909/2909/2909 2921/2921/2921 2918/2918/2918
f 2918/2918/2918 2921/2921/2921 2920/2920/2920
f 2909/2909/2909 2908/2908/2908 2921/2921/2921
f 2921/2921/2921 2922/2922/2922 2920/2920/2920
f 2920/2920/2920 2922/2922/2922 2923/2923/2923
f 2922/2922/2922 2924/2924/2924 2923/2923/2923
f 2923/2923/2923 2924/2924/2924 2925/2925/2925
f 2924/2924/2924 2926/2926/2926 2925/2925/2925
f 2924/2924/2924 2927/2927/2927 2926/2926/2926
f 2927/2927/2927 2928/2928/2928 2926/2926/2926
f 2908/2908/2908 2929/2929/2929 2921/2921/2921
f 2921/2921/2921 2929/2929/2929 2930/2930/2930
f 2908/2908/2908 2906/2906/2906 2929/2929/2929
f 2929/2929/2929 2931/2931/2931 2930/2930/2930
f 2930/2930/2930 2931/2931/2931 2932/2932/2932
f 2931/2931/2931 2933/2933/2933 2932/2932/2932
f 2906/2906/2906 2934/2934/2934 2929/2929/2929
f 2929/2929/2929 2934/2934/2934 2931/2931/2931
f 2906/2906/2906 2907/2907/2907 2934/2934/2934
f 2907/2907/2907 2935/2935/2935 2934/2934/2934
f 2934/2934/2934 2936/2936/2936 2931/2931/2931
f 2934/2934/2934 2935/2935/2935 2936/2936/2936
f 2931/2931/2931 2936/2936/2936 2933/2933/2933
f 2935/2935/2935 2937/2937/2937 2936/2936/2936
f 2936/2936/2936 2938/2938/2938 2933/2933/2933
f 2936/2936/2936 2937/2937/2937 2938/2938/2938
f 2933/2933/2933 2938/2938/2938 2939/2939/2939
f 2938/2938/2938 2940/2940/2940 2939/2939/2939
f 2937/2937/2937 2941/2941/2941 2938/2938/2938
f 2938/2938/2938 2941/2941/2941 2940/2940/2940
f 2941/2941/2941 2942/2942/2942 2940/2940/2940
f 2941/2941/2941 2943/2943/2943 2942/2942/2942
f 2944/2944/2944 2943/2943/2943 2941/2941/2941
f 2945/2945/2945 2944/2944/2944 2941/2941/2941
f 2943/2943/2943 2946/2946/2946 2942/2942/2942
f 2942/2942/2942 2946/2946/2946 2947/2947/2947
f 2946/2946/2946 2948/2948/2948 2947/2947/2947
f 2947/2947/2947 2948/2948/2948 2949/2949/2949
f 2948/2948/2948 2950/2950/2950 2949/2949/2949
f 2946/2946/2946 2952/2952/2952 2951/2951/2951
f 2952/2952/2952 2953/2953/2953 2951/2951/2951
f 2951/2951/2951 2953/2953/2953 2954/2954/2954
f 2953/2953/2953 2955/2955/2955 2954/2954/2954
f 2958/2958/2958 2957/2957/2957 2956/2956/2956
f 2959/2959/2959 2958/2958/2958 2956/2956/2956
f 2962/2962/2962 2961/2961/2961 2960/2960/2960
f 2961/2961/2961 2963/2963/2963 2960/2960/2960
f 2960/2960/2960 2963/2963/2963 2775/2775/2775
f 2963/2963/2963 2964/2964/2964 2775/2775/2775
f 2967/2967/2967 2966/2966/2966 2965/2965/2965
f 2966/2966/2966 2968/2968/2968 2965/2965/2965
f 2965/2965/2965 2968/2968/2968 2969/2969/2969
f 2968/2968/2968 2768/2768/2768 2969/2969/2969
f 2971/2971/2971 2719/2719/2719 2970/2970/2970
f 2719/2719/2719 2972/2972/2972 2970/2970/2970
f 2719/2719/2719 2720/2720/2720 2972/2972/2972
f 2720/2720/2720 2797/2797/2797 2972/2972/2972
f 2975/2975/2975 2974/2974/2974 2973/2973/2973
f 2974/2974/2974 2976/2976/2976 2973/2973/2973
f 2974/2974/2974 2977/2977/2977 2976/2976/2976
f 2977/2977/2977 2978/2978/2978 2976/2976/2976
f 2973/2973/2973 2976/2976/2976 2979/2979/2979
f 2976/2976/2976 2978/2978/2978 2980/2980/2980
f 2976/2976/2976 2980/2980/2980 2979/2979/2979
f 2978/2978/2978 2981/2981/2981 2980/2980/2980
f 2980/2980/2980 2981/2981/2981 2982/2982/2982
f 2981/2981/2981 2983/2983/2983 2982/2982/2982
f 2979/2979/2979 2980/2980/2980 2984/2984/2984
f 2980/2980/2980 2982/2982/2982 2984/2984/2984
f 2982/2982/2982 2983/2983/2983 2985/2985/2985
f 2983/2983/2983 2986/2986/2986 2985/2985/2985
f 2985/2985/2985 2986/2986/2986 2987/2987/2987
f 2986/2986/2986 2988/2988/2988 2987/2987/2987
f 2982/2982/2982 2985/2985/2985 2989/2989/2989
f 2984/2984/2984 2982/2982/2982 2989/2989/2989
f 2979/2979/2979 2984/2984/2984 2990/2990/2990
f 2991/2991/2991 2979/2979/2979 2990/2990/2990
f 2990/2990/2990 2984/2984/2984 2992/2992/2992
f 2984/2984/2984 2989/2989/2989 2992/2992/2992
f 2992/2992/2992 2989/2989/2989 2993/2993/2993
f 2989/2989/2989 2994/2994/2994 2993/2993/2993
f 2993/2993/2993 2994/2994/2994 2995/2995/2995
f 2994/2994/2994 2996/2996/2996 2995/2995/2995
f 2995/2995/2995 2996/2996/2996 2997/2997/2997
f 2996/2996/2996 2998/2998/2998 2997/2997/2997
f 2997/2997/2997 2998/2998/2998 2999/2999/2999
f 2998/2998/2998 3000/3000/3000 2999/2999/2999
f 2998/2998/2998 3001/3001/3001 3000/3000/3000
f 3001/3001/3001 3002/3002/3002 3000/3000/3000
f 2999/2999/2999 3000/3000/3000 3003/3003/3003
f 3000/3000/3000 3004/3004/3004 3003/3003/3003
f 2997/2997/2997 2999/2999/2999 3005/3005/3005
f 3006/3006/3006 2997/2997/2997 3005/3005/3005
f 3006/3006/3006 3005/3005/3005 3007/3007/3007
f 3008/3008/3008 3006/3006/3006 3007/3007/3007
f 3007/3007/3007 3005/3005/3005 3009/3009/3009
f 3010/3010/3010 3006/3006/3006 3008/3008/3008
f 3005/3005/3005 3011/3011/3011 3009/3009/3009
f 3012/3012/3012 3010/3010/3010 3008/3008/3008
f 3009/3009/3009 3011/3011/3011 3013/3013/3013
f 3011/3011/3011 3014/3014/3014 3013/3013/3013
f 3015/3015/3015 3010/3010/3010 3012/3012/3012
f 3016/3016/3016 3015/3015/3015 3012/3012/3012
f 3017/3017/3017 3015/3015/3015 3016/3016/3016
f 3018/3018/3018 3017/3017/3017 3016/3016/3016
f 3019/3019/3019 3017/3017/3017 3018/3018/3018
f 3020/3020/3020 3019/3019/3019 3018/3018/3018
f 3021/3021/3021 3019/3019/3019 3020/3020/3020
f 3022/3022/3022 3021/3021/3021 3020/3020/3020
f 3013/3013/3013 3024/3024/3024 3023/3023/3023
f 3024/3024/3024 3025/3025/3025 3023/3023/3023
f 3023/3023/3023 3025/3025/3025 3026/3026/3026
f 3025/3025/3025 3027/3027/3027 3026/3026/3026
f 3025/3025/3025 3028/3028/3028 3027/3027/3027
f 3028/3028/3028 3029/3029/3029 3027/3027/3027
f 3024/3024/3024 3030/3030/3030 3025/3025/3025
f 3030/3030/3030 3031/3031/3031 3025/3025/3025
f 3032/3032/3032 3030/3030/3030 3024/3024/3024
f 3033/3033/3033 3032/3032/3032 3024/3024/3024
f 3034/3034/3034 3032/3032/3032 3033/3033/3033
f 3035/3035/3035 3034/3034/3034 3033/3033/3033
f 3032/3032/3032 3036/3036/3036 3030/3030/3030
f 3036/3036/3036 3037/3037/3037 3030/3030/3030
f 3036/3036/3036 3038/3038/3038 3037/3037/3037
f 3038/3038/3038 3039/3039/3039 3037/3037/3037
f 3037/3037/3037 3039/3039/3039 3040/3040/3040
f 3039/3039/3039 3041/3041/3041 3040/3040/3040
f 3042/3042/3042 3038/3038/3038 3036/3036/3036
f 3043/3043/3043 3042/3042/3042 3036/3036/3036
f 3039/3039/3039 3044/3044/3044 3041/3041/3041
f 3044/3044/3044 3045/3045/3045 3041/3041/3041
f 3046/3046/3046 3044/3044/3044 3039/3039/3039
f 3038/3038/3038 3046/3046/3046 3039/3039/3039
f 3041/3041/3041 3045/3045/3045 3047/3047/3047
f 3048/3048/3048 3046/3046/3046 3038/3038/3038
f 3042/3042/3042 3048/3048/3048 3038/3038/3038
f 3045/3045/3045 3049/3049/3049 3047/3047/3047
f 3050/3050/3050 3048/3048/3048 3042/3042/3042
f 3047/3047/3047 3049/3049/3049 3051/3051/3051
f 3052/3052/3052 3050/3050/3050 3042/3042/3042
f 3053/3053/3053 3050/3050/3050 3052/3052/3052
f 3049/3049/3049 3054/3054/3054 3051/3051/3051
f 3055/3055/3055 3053/3053/3053 3052/3052/3052
f 3055/3055/3055 3052/3052/3052 3056/3056/3056
f 3057/3057/3057 3053/3053/3053 3055/3055/3055
f 3058/3058/3058 3055/3055/3055 3056/3056/3056
f 3059/3059/3059 3057/3057/3057 3055/3055/3055
f 3059/3059/3059 3055/3055/3055 3058/3058/3058
f 3060/3060/3060 3059/3059/3059 3058/3058/3058
f 3061/3061/3061 3059/3059/3059 3060/3060/3060
f 3062/3062/3062 3061/3061/3061 3060/3060/3060
f 3051/3051/3051 3054/3054/3054 3063/3063/3063
f 3054/3054/3054 3064/3064/3064 3063/3063/3063
f 3051/3051/3051 3063/3063/3063 3065/3065/3065
f 3066/3066/3066 3051/3051/3051 3065/3065/3065
f 3068/3068/3068 3051/3051/3051 3067/3067/3067
f 3069/3069/3069 3068/3068/3068 3067/3067/3067
f 3071/3071/3071 3070/3070/3070 3069/3069/3069
f 3072/3072/3072 3071/3071/3071 3069/3069/3069
f 3072/3072/3072 3069/3069/3069 3029/3029/3029
f 3073/3073/3073 3072/3072/3072 3029/3029/3029
f 3074/3074/3074 3072/3072/3072 3073/3073/3073
f 3075/3075/3075 3074/3074/3074 3073/3073/3073
f 3078/3078/3078 3077/3077/3077 3076/3076/3076
f 3079/3079/3079 3078/3078/3078 3076/3076/3076
f 3076/3076/3076 3081/3081/3081 3080/3080/3080
f 3081/3081/3081 2979/2979/2979 3080/3080/3080
f 3084/3084/3084 3083/3083/3083 3082/3082/3082
f 3083/3083/3083 3085/3085/3085 3082/3082/3082
f 3082/3082/3082 3085/3085/3085 3086/3086/3086
f 3085/3085/3085 2992/2992/2992 3086/3086/3086
f 3089/3089/3089 3088/3088/3088 3087/3087/3087
f 3088/3088/3088 3090/3090/3090 3087/3087/3087
f 3087/3087/3087 3090/3090/3090 3091/3091/3091
f 3090/3090/3090 3092/3092/3092 3091/3091/3091
f 3091/3091/3091 3092/3092/3092 3093/3093/3093
f 3092/3092/3092 3094/3094/3094 3093/3093/3093
f 3097/3097/3097 3096/3096/3096 3095/3095/3095
f 3096/3096/3096 3098/3098/3098 3095/3095/3095
f 3095/3095/3095 3098/3098/3098 3099/3099/3099
f 3098/3098/3098 3100/3100/3100 3099/3099/3099
f 3099/3099/3099 3100/3100/3100 3101/3101/3101
f 3100/3100/3100 3102/3102/3102 3101/3101/3101
f 3100/3100/3100 3103/3103/3103 3102/3102/3102
f 3103/3103/3103 3104/3104/3104 3102/3102/3102
f 3101/3101/3101 3102/3102/3102 3105/3105/3105
f 3102/3102/3102 3106/3106/3106 3105/3105/3105
f 3105/3105/3105 3106/3106/3106 3107/3107/3107
f 3106/3106/3106 3108/3108/3108 3107/3107/3107
f 3098/3098/3098 3110/3110/3110 3109/3109/3109
f 3110/3110/3110 3111/3111/3111 3109/3109/3109
f 3114/3114/3114 3113/3113/3113 3112/3112/3112
f 3115/3115/3115 3114/3114/3114 3112/3112/3112
f 3115/3115/3115 3112/3112/3112 3116/3116/3116
f 3117/3117/3117 3115/3115/3115 3116/3116/3116
f 3120/3120/3120 3119/3119/3119 3118/3118/3118
f 3121/3121/3121 3120/3120/3120 3118/3118/3118
f 3124/3124/3124 3123/3123/3123 3122/3122/3122
f 3125/3125/3125 3124/3124/3124 3122/3122/3122
f 3125/3125/3125 3122/3122/3122 3126/3126/3126
f 3127/3127/3127 3125/3125/3125 3126/3126/3126
f 3130/3130/3130 3129/3129/3129 3128/3128/3128
f 3131/3131/3131 3130/3130/3130 3128/3128/3128
f 3134/3134/3134 3133/3133/3133 3132/3132/3132
f 3135/3135/3135 3134/3134/3134 3132/3132/3132
f 3135/3135/3135 3132/3132/3132 3136/3136/3136
f 3137/3137/3137 3135/3135/3135 3136/3136/3136
f 3136/3136/3136 3132/3132/3132 3138/3138/3138
f 3132/3132/3132 3139/3139/3139 3138/3138/3138
f 3138/3138/3138 3139/3139/3139 3140/3140/3140
f 3139/3139/3139 3141/3141/3141 3140/3140/3140
f 3144/3144/3144 3143/3143/3143 3142/3142/3142
f 3143/3143/3143 3145/3145/3145 3142/3142/3142
f 3142/3142/3142 3145/3145/3145 3146/3146/3146
f 3145/3145/3145 3147/3147/3147 3146/3146/3146
f 3146/3146/3146 3147/3147/3147 3148/3148/3148
f 3147/3147/3147 3149/3149/3149 3148/3148/3148
f 3146/3146/3146 3148/3148/3148 3150/3150/3150
f 3151/3151/3151 3146/3146/3146 3150/3150/3150
f 3148/3148/3148 3149/3149/3149 3152/3152/3152
f 3149/3149/3149 3153/3153/3153 3152/3152/3152
f 3149/3149/3149 3154/3154/3154 3153/3153/3153
f 3154/3154/3154 3155/3155/3155 3153/3153/3153
f 3157/3157/3157 3146/3146/3146 3156/3156/3156
f 3158/3158/3158 3157/3157/3157 3156/3156/3156
f 3159/3159/3159 3157/3157/3157 3158/3158/3158
f 3160/3160/3160 3159/3159/3159 3158/3158/3158
f 3162/3162/3162 3161/3161/3161 3154/3154/3154
f 3163/3163/3163 3162/3162/3162 3154/3154/3154
f 3164/3164/3164 3162/3162/3162 3163/3163/3163
f 3165/3165/3165 3164/3164/3164 3163/3163/3163
f 3154/3154/3154 3167/3167/3167 3166/3166/3166
f 3167/3167/3167 3168/3168/3168 3166/3166/3166
f 3171/3171/3171 3170/3170/3170 3169/3169/3169
f 3170/3170/3170 3172/3172/3172 3169/3169/3169
f 3169/3169/3169 3172/3172/3172 3173/3173/3173
f 3172/3172/3172 3174/3174/3174 3173/3173/3173
f 3172/3172/3172 3175/3175/3175 3174/3174/3174
f 3175/3175/3175 3176/3176/3176 3174/3174/3174
f 3179/3179/3179 3178/3178/3178 3177/3177/3177
f 3178/3178/3178 3180/3180/3180 3177/3177/3177
f 3178/3178/3178 3181/3181/3181 3180/3180/3180
f 3181/3181/3181 3182/3182/3182 3180/3180/3180
f 3177/3177/3177 3180/3180/3180 3183/3183/3183
f 3180/3180/3180 3184/3184/3184 3183/3183/3183
f 3183/3183/3183 3184/3184/3184 3185/3185/3185
f 3184/3184/3184 3186/3186/3186 3185/3185/3185
f 3185/3185/3185 3186/3186/3186 3187/3187/3187
f 3184/3184/3184 3188/3188/3188 3186/3186/3186
f 3186/3186/3186 3189/3189/3189 3187/3187/3187
f 3187/3187/3187 3189/3189/3189 3190/3190/3190
f 3189/3189/3189 3191/3191/3191 3190/3190/3190
f 3190/3190/3190 3191/3191/3191 3192/3192/3192
f 3191/3191/3191 3193/3193/3193 3192/3192/3192
f 3188/3188/3188 3194/3194/3194 3186/3186/3186
f 3188/3188/3188 3195/3195/3195 3194/3194/3194
f 3195/3195/3195 3196/3196/3196 3194/3194/3194
f 3197/3197/3197 3195/3195/3195 3188/3188/3188
f 3198/3198/3198 3197/3197/3197 3188/3188/3188
f 3201/3201/3201 3200/3200/3200 3199/3199/3199
f 3200/3200/3200 3202/3202/3202 3199/3199/3199
f 3199/3199/3199 3202/3202/3202 3203/3203/3203
f 3202/3202/3202 3204/3204/3204 3203/3203/3203
f 3203/3203/3203 3204/3204/3204 3205/3205/3205
f 3204/3204/3204 3206/3206/3206 3205/3205/3205
f 3199/3199/3199 3208/3208/3208 3207/3207/3207
f 3209/3209/3209 3199/3199/3199 3207/3207/3207
f 3207/3207/3207 3211/3211/3211 3210/3210/3210
f 3211/3211/3211 3212/3212/3212 3210/3210/3210
f 3215/3215/3215 3214/3214/3214 3213/3213/3213
f 3216/3216/3216 3215/3215/3215 3213/3213/3213
f 3216/3216/3216 3213/3213/3213 3217/3217/3217
f 3218/3218/3218 3216/3216/3216 3217/3217/3217
f 3221/3221/3221 3220/3220/3220 3219/3219/3219
f 3222/3222/3222 3221/3221/3221 3219/3219/3219
f 3225/3225/3225 3224/3224/3224 3223/3223/3223
f 3224/3224/3224 3226/3226/3226 3223/3223/3223
f 3223/3223/3223 3226/3226/3226 3227/3227/3227
f 3226/3226/3226 3228/3228/3228 3227/3227/3227
f 3227/3227/3227 3228/3228/3228 3229/3229/3229
f 3228/3228/3228 3230/3230/3230 3229/3229/3229
f 3227/3227/3227 3229/3229/3229 3231/3231/3231
f 3232/3232/3232 3227/3227/3227 3231/3231/3231
f 3229/3229/3229 3230/3230/3230 3233/3233/3233
f 3230/3230/3230 3234/3234/3234 3233/3233/3233
f 3237/3237/3237 3236/3236/3236 3235/3235/3235
f 3236/3236/3236 3238/3238/3238 3235/3235/3235
f 3235/3235/3235 3238/3238/3238 3239/3239/3239
f 3238/3238/3238 3240/3240/3240 3239/3239/3239
f 3235/3235/3235 3239/3239/3239 3241/3241/3241
f 3242/3242/3242 3235/3235/3235 3241/3241/3241
f 3241/3241/3241 3239/3239/3239 3243/3243/3243
f 3239/3239/3239 3244/3244/3244 3243/3243/3243
f 3243/3243/3243 3244/3244/3244 3245/3245/3245
f 3244/3244/3244 3246/3246/3246 3245/3245/3245
f 3244/3244/3244 3247/3247/3247 3246/3246/3246
f 3247/3247/3247 3248/3248/3248 3246/3246/3246
f 3248/3248/3248 3250/3250/3250 3249/3249/3249
f 3250/3250/3250 3251/3251/3251 3249/3249/3249
f 3249/3249/3249 3251/3251/3251 3252/3252/3252
f 3251/3251/3251 3253/3253/3253 3252/3252/3252
f 3249/3249/3249 3252/3252/3252 3254/3254/3254
f 3255/3255/3255 3249/3249/3249 3254/3254/3254
f 3255/3255/3255 3254/3254/3254 3256/3256/3256
f 3257/3257/3257 3255/3255/3255 3256/3256/3256
f 3254/3254/3254 3252/3252/3252 3258/3258/3258
f 3252/3252/3252 3253/3253/3253 3259/3259/3259
f 3252/3252/3252 3259/3259/3259 3258/3258/3258
f 3258/3258/3258 3259/3259/3259 3260/3260/3260
f 3253/3253/3253 3261/3261/3261 3259/3259/3259
f 3259/3259/3259 3262/3262/3262 3260/3260/3260
f 3259/3259/3259 3261/3261/3261 3262/3262/3262
f 3261/3261/3261 3263/3263/3263 3262/3262/3262
f 3262/3262/3262 3263/3263/3263 3264/3264/3264
f 3263/3263/3263 3265/3265/3265 3264/3264/3264
f 3264/3264/3264 3265/3265/3265 3266/3266/3266
f 3265/3265/3265 3267/3267/3267 3266/3266/3266
f 3264/3264/3264 3266/3266/3266 3268/3268/3268
f 3269/3269/3269 3264/3264/3264 3268/3268/3268
f 3266/3266/3266 3267/3267/3267 3270/3270/3270
f 3267/3267/3267 3271/3271/3271 3270/3270/3270
f 3266/3266/3266 3270/3270/3270 3272/3272/3272
f 3268/3268/3268 3266/3266/3266 3272/3272/3272
f 3270/3270/3270 3271/3271/3271 3273/3273/3273
f 3271/3271/3271 3274/3274/3274 3273/3273/3273
f 3273/3273/3273 3274/3274/3274 3275/3275/3275
f 3274/3274/3274 3276/3276/3276 3275/3275/3275
f 3273/3273/3273 3275/3275/3275 3277/3277/3277
f 3278/3278/3278 3273/3273/3273 3277/3277/3277
f 3277/3277/3277 3275/3275/3275 3279/3279/3279
f 3275/3275/3275 3280/3280/3280 3279/3279/3279
f 3279/3279/3279 3280/3280/3280 3281/3281/3281
f 3280/3280/3280 3282/3282/3282 3281/3281/3281
f 3279/3279/3279 3281/3281/3281 3283/3283/3283
f 3284/3284/3284 3279/3279/3279 3283/3283/3283
f 3281/3281/3281 3282/3282/3282 3285/3285/3285
f 3282/3282/3282 3286/3286/3286 3285/3285/3285
f 3282/3282/3282 3287/3287/3287 3286/3286/3286
f 3287/3287/3287 3288/3288/3288 3286/3286/3286
f 3285/3285/3285 3286/3286/3286 3289/3289/3289
f 3286/3286/3286 3290/3290/3290 3289/3289/3289
f 3289/3289/3289 3290/3290/3290 3291/3291/3291
f 3290/3290/3290 3292/3292/3292 3291/3291/3291
f 3291/3291/3291 3292/3292/3292 3293/3293/3293
f 3292/3292/3292 3294/3294/3294 3293/3293/3293
f 3292/3292/3292 3295/3295/3295 3294/3294/3294
f 3295/3295/3295 3296/3296/3296 3294/3294/3294
f 3298/3298/3298 3295/3295/3295 3297/3297/3297
f 3299/3299/3299 3298/3298/3298 3297/3297/3297
f 3300/3300/3300 3298/3298/3298 3299/3299/3299
f 3301/3301/3301 3300/3300/3300 3299/3299/3299
f 3303/3303/3303 3291/3291/3291 3302/3302/3302
f 3304/3304/3304 3303/3303/3303 3302/3302/3302
f 3305/3305/3305 3303/3303/3303 3304/3304/3304
f 3304/3304/3304 3302/3302/3302 3306/3306/3306
f 3307/3307/3307 3305/3305/3305 3304/3304/3304
f 3308/3308/3308 3305/3305/3305 3307/3307/3307
f 3309/3309/3309 3308/3308/3308 3307/3307/3307
f 3310/3310/3310 3304/3304/3304 3306/3306/3306
f 3310/3310/3310 3306/3306/3306 3311/3311/3311
f 3312/3312/3312 3310/3310/3310 3311/3311/3311
f 3311/3311/3311 3306/3306/3306 3313/3313/3313
f 3314/3314/3314 3310/3310/3310 3312/3312/3312
f 3306/3306/3306 3315/3315/3315 3313/3313/3313
f 3313/3313/3313 3315/3315/3315 3316/3316/3316
f 3315/3315/3315 3317/3317/3317 3316/3316/3316
f 3318/3318/3318 3314/3314/3314 3312/3312/3312
f 3319/3319/3319 3314/3314/3314 3318/3318/3318
f 3320/3320/3320 3319/3319/3319 3318/3318/3318
f 3321/3321/3321 3319/3319/3319 3320/3320/3320
f 3322/3322/3322 3321/3321/3321 3320/3320/3320
f 3321/3321/3321 3323/3323/3323 3319/3319/3319
f 3323/3323/3323 3324/3324/3324 3319/3319/3319
f 3325/3325/3325 3321/3321/3321 3322/3322/3322
f 3326/3326/3326 3325/3325/3325 3322/3322/3322
f 3325/3325/3325 3327/3327/3327 3321/3321/3321
f 3327/3327/3327 3323/3323/3323 3321/3321/3321
f 3328/3328/3328 3325/3325/3325 3326/3326/3326
f 3329/3329/3329 3328/3328/3328 3326/3326/3326
f 3327/3327/3327 3330/3330/3330 3323/3323/3323
f 3330/3330/3330 3331/3331/3331 3323/3323/3323
f 3332/3332/3332 3330/3330/3330 3327/3327/3327
f 3333/3333/3333 3332/3332/3332 3327/3327/3327
f 3334/3334/3334 3328/3328/3328 3329/3329/3329
f 3335/3335/3335 3334/3334/3334 3329/3329/3329
f 3334/3334/3334 3336/3336/3336 3328/3328/3328
f 3336/3336/3336 3337/3337/3337 3328/3328/3328
f 3338/3338/3338 3334/3334/3334 3335/3335/3335
f 3339/3339/3339 3338/3338/3338 3335/3335/3335
f 3340/3340/3340 3338/3338/3338 3339/3339/3339
f 3341/3341/3341 3340/3340/3340 3339/3339/3339
f 3343/3343/3343 3342/3342/3342 3334/3334/3334
f 3342/3342/3342 3344/3344/3344 3334/3334/3334
f 3342/3342/3342 3268/3268/3268 3344/3344/3344
f 3268/3268/3268 3272/3272/3272 3344/3344/3344
f 3344/3344/3344 3272/3272/3272 3345/3345/3345
f 3272/3272/3272 3346/3346/3346 3345/3345/3345
f 3348/3348/3348 3342/3342/3342 3347/3347/3347
f 3349/3349/3349 3348/3348/3348 3347/3347/3347
f 3272/3272/3272 3351/3351/3351 3350/3350/3350
f 3351/3351/3351 3352/3352/3352 3350/3350/3350
f 3355/3355/3355 3354/3354/3354 3353/3353/3353
f 3356/3356/3356 3355/3355/3355 3353/3353/3353
f 3356/3356/3356 3353/3353/3353 3357/3357/3357
f 3358/3358/3358 3356/3356/3356 3357/3357/3357
f 3357/3357/3357 3353/3353/3353 3359/3359/3359
f 3353/3353/3353 3360/3360/3360 3359/3359/3359
f 3359/3359/3359 3360/3360/3360 3361/3361/3361
f 3360/3360/3360 3362/3362/3362 3361/3361/3361
f 3361/3361/3361 3362/3362/3362 3363/3363/3363
f 3362/3362/3362 3364/3364/3364 3363/3363/3363
f 3361/3361/3361 3363/3363/3363 3365/3365/3365
f 3366/3366/3366 3361/3361/3361 3365/3365/3365
f 3369/3369/3369 3368/3368/3368 3367/3367/3367
f 3368/3368/3368 3370/3370/3370 3367/3367/3367
f 3368/3368/3368 3371/3371/3371 3370/3370/3370
f 3371/3371/3371 3372/3372/3372 3370/3370/3370
f 3375/3375/3375 3374/3374/3374 3373/3373/3373
f 3376/3376/3376 3375/3375/3375 3373/3373/3373
f 3376/3376/3376 3373/3373/3373 3377/3377/3377
f 3378/3378/3378 3376/3376/3376 3377/3377/3377
f 3381/3381/3381 3380/3380/3380 3379/3379/3379
f 3380/3380/3380 3382/3382/3382 3379/3379/3379
f 3379/3379/3379 3382/3382/3382 3383/3383/3383
f 3380/3380/3380 3384/3384/3384 3382/3382/3382
f 3384/3384/3384 3385/3385/3385 3382/3382/3382
f 3382/3382/3382 3386/3386/3386 3383/3383/3383
f 3386/3386/3386 3388/3388/3388 3387/3387/3387
f 3389/3389/3389 3386/3386/3386 3387/3387/3387
f 3387/3387/3387 3391/3391/3391 3390/3390/3390
f 3391/3391/3391 3392/3392/3392 3390/3390/3390
f 3386/3386/3386 3394/3394/3394 3393/3393/3393
f 3394/3394/3394 3395/3395/3395 3393/3393/3393
f 3393/3393/3393 3395/3395/3395 3396/3396/3396
f 3395/3395/3395 3397/3397/3397 3396/3396/3396
f 3394/3394/3394 3398/3398/3398 3395/3395/3395
f 3398/3398/3398 3399/3399/3399 3395/3395/3395
f 3400/3400/3400 3398/3398/3398 3394/3394/3394
f 3401/3401/3401 3400/3400/3400 3394/3394/3394
f 3404/3404/3404 3403/3403/3403 3402/3402/3402
f 3405/3405/3405 3404/3404/3404 3402/3402/3402
f 3408/3408/3408 3407/3407/3407 3406/3406/3406
f 3409/3409/3409 3408/3408/3408 3406/3406/3406
f 3412/3412/3412 3411/3411/3411 3410/3410/3410
f 3413/3413/3413 3412/3412/3412 3410/3410/3410
f 3416/3416/3416 3415/3415/3415 3414/3414/3414
f 3417/3417/3417 3416/3416/3416 3414/3414/3414
f 3420/3420/3420 3419/3419/3419 3418/3418/3418
f 3421/3421/3421 3420/3420/3420 3418/3418/3418
f 3424/3424/3424 3423/3423/3423 3422/3422/3422
f 3423/3423/3423 3425/3425/3425 3422/3422/3422
f 3422/3422/3422 3425/3425/3425 3426/3426/3426
f 3425/3425/3425 3320/3320/3320 3426/3426/3426
f 3429/3429/3429 3428/3428/3428 3427/3427/3427
f 3430/3430/3430 3429/3429/3429 3427/3427/3427
f 3427/3427/3427 3432/3432/3432 3431/3431/3431
f 3432/3432/3432 3304/3304/3304 3431/3431/3431
f 3435/3435/3435 3434/3434/3434 3433/3433/3433
f 3434/3434/3434 3436/3436/3436 3433/3433/3433
f 3433/3433/3433 3436/3436/3436 3437/3437/3437
f 3436/3436/3436 3438/3438/3438 3437/3437/3437
f 3436/3436/3436 3439/3439/3439 3438/3438/3438
f 3439/3439/3439 3440/3440/3440 3438/3438/3438
f 3439/3439/3439 3441/3441/3441 3440/3440/3440
f 3441/3441/3441 3442/3442/3442 3440/3440/3440
f 3440/3440/3440 3442/3442/3442 3443/3443/3443
f 3442/3442/3442 3444/3444/3444 3443/3443/3443
f 3440/3440/3440 3443/3443/3443 3445/3445/3445
f 3438/3438/3438 3440/3440/3440 3445/3445/3445
f 3438/3438/3438 3445/3445/3445 3446/3446/3446
f 3437/3437/3437 3438/3438/3438 3446/3446/3446
f 3446/3446/3446 3445/3445/3445 3447/3447/3447
f 3445/3445/3445 3448/3448/3448 3447/3447/3447
f 3437/3437/3437 3446/3446/3446 3449/3449/3449
f 3317/3317/3317 3437/3437/3437 3449/3449/3449
f 3317/3317/3317 3449/3449/3449 3450/3450/3450
f 3451/3451/3451 3317/3317/3317 3450/3450/3450
f 3450/3450/3450 3449/3449/3449 3452/3452/3452
f 3449/3449/3449 3453/3453/3453 3452/3452/3452
f 3449/3449/3449 3446/3446/3446 3453/3453/3453
f 3446/3446/3446 3454/3454/3454 3453/3453/3453
f 3453/3453/3453 3454/3454/3454 3455/3455/3455
f 3454/3454/3454 3456/3456/3456 3455/3455/3455
f 3447/3447/3447 3458/3458/3458 3457/3457/3457
f 3458/3458/3458 3459/3459/3459 3457/3457/3457
f 3461/3461/3461 3437/3437/3437 3460/3460/3460
f 3462/3462/3462 3461/3461/3461 3460/3460/3460
f 3464/3464/3464 3463/3463/3463 3462/3462/3462
f 3465/3465/3465 3464/3464/3464 3462/3462/3462
f 3467/3467/3467 3459/3459/3459 3466/3466/3466
f 3459/3459/3459 3468/3468/3468 3466/3466/3466
f 3466/3466/3466 3468/3468/3468 3469/3469/3469
f 3468/3468/3468 3470/3470/3470 3469/3469/3469
f 3459/3459/3459 3471/3471/3471 3468/3468/3468
f 3471/3471/3471 3472/3472/3472 3468/3468/3468
f 3473/3473/3473 3471/3471/3471 3459/3459/3459
f 3474/3474/3474 3473/3473/3473 3459/3459/3459
f 3475/3475/3475 3473/3473/3473 3474/3474/3474
f 3476/3476/3476 3475/3475/3475 3474/3474/3474
f 3475/3475/3475 3477/3477/3477 3473/3473/3473
f 3477/3477/3477 3478/3478/3478 3473/3473/3473
f 3469/3469/3469 3480/3480/3480 3479/3479/3479
f 3480/3480/3480 3481/3481/3481 3479/3479/3479
f 3470/3470/3470 3482/3482/3482 3481/3481/3481
f 3482/3482/3482 3483/3483/3483 3481/3481/3481
f 3479/3479/3479 3481/3481/3481 3484/3484/3484
f 3481/3481/3481 3485/3485/3485 3484/3484/3484
f 3484/3484/3484 3487/3487/3487 3486/3486/3486
f 3487/3487/3487 3488/3488/3488 3486/3486/3486
f 3490/3490/3490 3488/3488/3488 3489/3489/3489
f 3488/3488/3488 3491/3491/3491 3489/3489/3489
f 3488/3488/3488 3492/3492/3492 3491/3491/3491
f 3493/3493/3493 3492/3492/3492 3488/3488/3488
f 3494/3494/3494 3493/3493/3493 3488/3488/3488
f 3495/3495/3495 3493/3493/3493 3494/3494/3494
f 3496/3496/3496 3495/3495/3495 3494/3494/3494
f 3492/3492/3492 3497/3497/3497 3491/3491/3491
f 3492/3492/3492 3498/3498/3498 3497/3497/3497
f 3491/3491/3491 3497/3497/3497 3499/3499/3499
f 3497/3497/3497 3500/3500/3500 3499/3499/3499
f 3498/3498/3498 3501/3501/3501 3497/3497/3497
f 3499/3499/3499 3503/3503/3503 3502/3502/3502
f 3503/3503/3503 3504/3504/3504 3502/3502/3502
f 3506/3506/3506 3505/3505/3505 3504/3504/3504
f 3507/3507/3507 3506/3506/3506 3504/3504/3504
f 3508/3508/3508 3506/3506/3506 3507/3507/3507
f 3509/3509/3509 3508/3508/3508 3507/3507/3507
f 3504/3504/3504 3511/3511/3511 3510/3510/3510
f 3512/3512/3512 3504/3504/3504 3510/3510/3510
f 3512/3512/3512 3510/3510/3510 3513/3513/3513
f 3514/3514/3514 3512/3512/3512 3513/3513/3513
f 3515/3515/3515 3512/3512/3512 3514/3514/3514
f 3516/3516/3516 3515/3515/3515 3514/3514/3514
f 3517/3517/3517 3515/3515/3515 3516/3516/3516
f 3518/3518/3518 3517/3517/3517 3516/3516/3516
f 3510/3510/3510 3520/3520/3520 3519/3519/3519
f 3520/3520/3520 3521/3521/3521 3519/3519/3519
f 3523/3523/3523 3513/3513/3513 3522/3522/3522
f 3524/3524/3524 3523/3523/3523 3522/3522/3522
f 3524/3524/3524 3522/3522/3522 3525/3525/3525
f 3526/3526/3526 3524/3524/3524 3525/3525/3525
f 3527/3527/3527 3524/3524/3524 3526/3526/3526
f 3528/3528/3528 3527/3527/3527 3526/3526/3526
f 3527/3527/3527 3529/3529/3529 3524/3524/3524
f 3529/3529/3529 3530/3530/3530 3524/3524/3524
f 3531/3531/3531 3529/3529/3529 3527/3527/3527
f 3532/3532/3532 3531/3531/3531 3527/3527/3527
f 3532/3532/3532 3527/3527/3527 3528/3528/3528
f 3501/3501/3501 3532/3532/3532 3528/3528/3528
f 3533/3533/3533 3532/3532/3532 3501/3501/3501
f 3534/3534/3534 3533/3533/3533 3501/3501/3501
f 3536/3536/3536 3535/3535/3535 3534/3534/3534
f 3537/3537/3537 3536/3536/3536 3534/3534/3534
f 3538/3538/3538 3536/3536/3536 3537/3537/3537
f 3539/3539/3539 3538/3538/3538 3537/3537/3537
f 3537/3537/3537 3541/3541/3541 3540/3540/3540
f 3542/3542/3542 3537/3537/3537 3540/3540/3540
f 3543/3543/3543 3537/3537/3537 3542/3542/3542
f 3544/3544/3544 3543/3543/3543 3542/3542/3542
f 3547/3547/3547 3546/3546/3546 3545/3545/3545
f 3546/3546/3546 3548/3548/3548 3545/3545/3545
f 3545/3545/3545 3548/3548/3548 3549/3549/3549
f 3548/3548/3548 3550/3550/3550 3549/3549/3549
f 3548/3548/3548 3467/3467/3467 3550/3550/3550
f 3549/3549/3549 3550/3550/3550 3551/3551/3551
f 3467/3467/3467 3552/3552/3552 3550/3550/3550
f 3550/3550/3550 3553/3553/3553 3551/3551/3551
f 3550/3550/3550 3552/3552/3552 3553/3553/3553
f 3551/3551/3551 3553/3553/3553 3554/3554/3554
f 3552/3552/3552 3555/3555/3555 3553/3553/3553
f 3553/3553/3553 3556/3556/3556 3554/3554/3554
f 3553/3553/3553 3555/3555/3555 3556/3556/3556
f 3555/3555/3555 3557/3557/3557 3556/3556/3556
f 3556/3556/3556 3557/3557/3557 3558/3558/3558
f 3557/3557/3557 3559/3559/3559 3558/3558/3558
f 3558/3558/3558 3559/3559/3559 3560/3560/3560
f 3559/3559/3559 3561/3561/3561 3560/3560/3560
f 3564/3564/3564 3563/3563/3563 3562/3562/3562
f 3563/3563/3563 3565/3565/3565 3562/3562/3562
f 3562/3562/3562 3565/3565/3565 3566/3566/3566
f 3565/3565/3565 3567/3567/3567 3566/3566/3566
f 3570/3570/3570 3569/3569/3569 3568/3568/3568
f 3571/3571/3571 3570/3570/3570 3568/3568/3568
f 3574/3574/3574 3573/3573/3573 3572/3572/3572
f 3575/3575/3575 3574/3574/3574 3572/3572/3572
f 3578/3578/3578 3577/3577/3577 3576/3576/3576
f 3579/3579/3579 3578/3578/3578 3576/3576/3576
f 3582/3582/3582 3581/3581/3581 3580/3580/3580
f 3583/3583/3583 3582/3582/3582 3580/3580/3580
f 3586/3586/3586 3585/3585/3585 3584/3584/3584
f 3585/3585/3585 3587/3587/3587 3584/3584/3584
f 3584/3584/3584 3587/3587/3587 3521/3521/3521
f 3587/3587/3587 3588/3588/3588 3521/3521/3521
f 3591/3591/3591 3590/3590/3590 3589/3589/3589
f 3592/3592/3592 3591/3591/3591 3589/3589/3589
f 3595/3595/3595 3594/3594/3594 3593/3593/3593
f 3596/3596/3596 3595/3595/3595 3593/3593/3593
f 3596/3596/3596 3593/3593/3593 3597/3597/3597
f 3598/3598/3598 3596/3596/3596 3597/3597/3597
f 3601/3601/3601 3600/3600/3600 3599/3599/3599
f 3602/3602/3602 3601/3601/3601 3599/3599/3599
f 3605/3605/3605 3604/3604/3604 3603/3603/3603
f 3604/3604/3604 3606/3606/3606 3603/3603/3603
f 3604/3604/3604 3607/3607/3607 3606/3606/3606
f 3607/3607/3607 3608/3608/3608 3606/3606/3606
f 3607/3607/3607 3609/3609/3609 3608/3608/3608
f 3609/3609/3609 3610/3610/3610 3608/3608/3608
f 3608/3608/3608 3610/3610/3610 3611/3611/3611
f 3609/3609/3609 3612/3612/3612 3610/3610/3610
f 3612/3612/3612 3613/3613/3613 3610/3610/3610
f 3610/3610/3610 3614/3614/3614 3611/3611/3611
f 3610/3610/3610 3613/3613/3613 3614/3614/3614
f 3613/3613/3613 3615/3615/3615 3614/3614/3614
f 3614/3614/3614 3615/3615/3615 3616/3616/3616
f 3615/3615/3615 3617/3617/3617 3616/3616/3616
f 3620/3620/3620 3619/3619/3619 3618/3618/3618
f 3619/3619/3619 3621/3621/3621 3618/3618/3618
f 3618/3618/3618 3621/3621/3621 3622/3622/3622
f 3621/3621/3621 3623/3623/3623 3622/3622/3622
f 3622/3622/3622 3623/3623/3623 3624/3624/3624
f 3623/3623/3623 3625/3625/3625 3624/3624/3624
f 3624/3624/3624 3625/3625/3625 3626/3626/3626
f 3625/3625/3625 3627/3627/3627 3626/3626/3626
f 3626/3626/3626 3627/3627/3627 3628/3628/3628
f 3627/3627/3627 3629/3629/3629 3628/3628/3628
f 3628/3628/3628 3629/3629/3629 3630/3630/3630
f 3627/3627/3627 3631/3631/3631 3629/3629/3629
f 3629/3629/3629 3632/3632/3632 3630/3630/3630
f 3630/3630/3630 3632/3632/3632 3633/3633/3633
f 3632/3632/3632 3634/3634/3634 3633/3633/3633
f 3633/3633/3633 3634/3634/3634 3635/3635/3635
f 3634/3634/3634 3636/3636/3636 3635/3635/3635
f 3631/3631/3631 3637/3637/3637 3629/3629/3629
f 3634/3634/3634 3638/3638/3638 3636/3636/3636
f 3631/3631/3631 3639/3639/3639 3637/3637/3637
f 3639/3639/3639 3640/3640/3640 3637/3637/3637
f 3641/3641/3641 3639/3639/3639 3631/3631/3631
f 3642/3642/3642 3641/3641/3641 3631/3631/3631
f 3638/3638/3638 3643/3643/3643 3636/3636/3636
f 3636/3636/3636 3643/3643/3643 3644/3644/3644
f 3638/3638/3638 3645/3645/3645 3643/3643/3643
f 3646/3646/3646 3645/3645/3645 3638/3638/3638
f 3647/3647/3647 3646/3646/3646 3638/3638/3638
f 3648/3648/3648 3646/3646/3646 3647/3647/3647
f 3649/3649/3649 3648/3648/3648 3647/3647/3647
f 3646/3646/3646 3650/3650/3650 3645/3645/3645
f 3645/3645/3645 3651/3651/3651 3643/3643/3643
f 3650/3650/3650 3652/3652/3652 3645/3645/3645
f 3643/3643/3643 3651/3651/3651 3653/3653/3653
f 3643/3643/3643 3653/3653/3653 3644/3644/3644
f 3651/3651/3651 3654/3654/3654 3653/3653/3653
f 3644/3644/3644 3653/3653/3653 3655/3655/3655
f 3653/3653/3653 3656/3656/3656 3655/3655/3655
f 3653/3653/3653 3657/3657/3657 3656/3656/3656
f 3657/3657/3657 3658/3658/3658 3656/3656/3656
f 3650/3650/3650 3659/3659/3659 3652/3652/3652
f 3659/3659/3659 3660/3660/3660 3652/3652/3652
f 3661/3661/3661 3659/3659/3659 3650/3650/3650
f 3662/3662/3662 3661/3661/3661 3650/3650/3650
f 3662/3662/3662 3650/3650/3650 3663/3663/3663
f 3648/3648/3648 3662/3662/3662 3663/3663/3663
f 3664/3664/3664 3662/3662/3662 3648/3648/3648
f 3665/3665/3665 3664/3664/3664 3648/3648/3648
f 3666/3666/3666 3664/3664/3664 3665/3665/3665
f 3667/3667/3667 3666/3666/3666 3665/3665/3665
f 3669/3669/3669 3668/3668/3668 3666/3666/3666
f 3670/3670/3670 3669/3669/3669 3666/3666/3666
f 3673/3673/3673 3672/3672/3672 3671/3671/3671
f 3672/3672/3672 3674/3674/3674 3671/3671/3671
f 3672/3672/3672 3675/3675/3675 3674/3674/3674
f 3675/3675/3675 3676/3676/3676 3674/3674/3674
f 3674/3674/3674 3676/3676/3676 3677/3677/3677
f 3674/3674/3674 3677/3677/3677 3678/3678/3678
f 3621/3621/3621 3674/3674/3674 3678/3678/3678
f 3676/3676/3676 3679/3679/3679 3677/3677/3677
f 3676/3676/3676 3680/3680/3680 3679/3679/3679
f 3680/3680/3680 3681/3681/3681 3679/3679/3679
f 3677/3677/3677 3679/3679/3679 3682/3682/3682
f 3679/3679/3679 3683/3683/3683 3682/3682/3682
f 3677/3677/3677 3682/3682/3682 3684/3684/3684
f 3685/3685/3685 3677/3677/3677 3684/3684/3684
f 3684/3684/3684 3682/3682/3682 3686/3686/3686
f 3682/3682/3682 3687/3687/3687 3686/3686/3686
f 3690/3690/3690 3689/3689/3689 3688/3688/3688
f 3689/3689/3689 3691/3691/3691 3688/3688/3688
f 3691/3691/3691 3693/3693/3693 3692/3692/3692
f 3693/3693/3693 3694/3694/3694 3692/3692/3692
f 3692/3692/3692 3694/3694/3694 3695/3695/3695
f 3694/3694/3694 3696/3696/3696 3695/3695/3695
f 3699/3699/3699 3698/3698/3698 3697/3697/3697
f 3698/3698/3698 3700/3700/3700 3697/3697/3697
f 3697/3697/3697 3700/3700/3700 3701/3701/3701
f 3700/3700/3700 3702/3702/3702 3701/3701/3701
f 3705/3705/3705 3704/3704/3704 3703/3703/3703
f 3704/3704/3704 3706/3706/3706 3703/3703/3703
f 3703/3703/3703 3706/3706/3706 3707/3707/3707
f 3706/3706/3706 3708/3708/3708 3707/3707/3707
f 3707/3707/3707 3708/3708/3708 3709/3709/3709
f 3708/3708/3708 3710/3710/3710 3709/3709/3709
f 3707/3707/3707 3709/3709/3709 3658/3658/3658
f 3711/3711/3711 3707/3707/3707 3658/3658/3658
f 3658/3658/3658 3709/3709/3709 3712/3712/3712
f 3709/3709/3709 3713/3713/3713 3712/3712/3712
f 3712/3712/3712 3713/3713/3713 3714/3714/3714
f 3713/3713/3713 3715/3715/3715 3714/3714/3714
f 3717/3717/3717 3716/3716/3716 3715/3715/3715
f 3718/3718/3718 3717/3717/3717 3715/3715/3715
f 3719/3719/3719 3717/3717/3717 3718/3718/3718
f 3720/3720/3720 3719/3719/3719 3718/3718/3718
f 3723/3723/3723 3722/3722/3722 3721/3721/3721
f 3722/3722/3722 3724/3724/3724 3721/3721/3721
f 3721/3721/3721 3724/3724/3724 3725/3725/3725
f 3724/3724/3724 3726/3726/3726 3725/3725/3725
f 3729/3729/3729 3728/3728/3728 3727/3727/3727
f 3730/3730/3730 3729/3729/3729 3727/3727/3727
f 3644/3644/3644 3732/3732/3732 3731/3731/3731
f 3733/3733/3733 3644/3644/3644 3731/3731/3731
f 3731/3731/3731 3735/3735/3735 3734/3734/3734
f 3735/3735/3735 3736/3736/3736 3734/3734/3734
f 3734/3734/3734 3736/3736/3736 3737/3737/3737
f 3735/3735/3735 3656/3656/3656 3736/3736/3736
f 3656/3656/3656 3738/3738/3738 3736/3736/3736
f 3736/3736/3736 3739/3739/3739 3737/3737/3737
f 3736/3736/3736 3740/3740/3740 3739/3739/3739
f 3740/3740/3740 3741/3741/3741 3739/3739/3739
f 3743/3743/3743 3742/3742/3742 3741/3741/3741
f 3744/3744/3744 3743/3743/3743 3741/3741/3741
f 3745/3745/3745 3743/3743/3743 3744/3744/3744
f 3746/3746/3746 3745/3745/3745 3744/3744/3744
f 3749/3749/3749 3748/3748/3748 3747/3747/3747
f 3750/3750/3750 3749/3749/3749 3747/3747/3747
f 3753/3753/3753 3752/3752/3752 3751/3751/3751
f 3752/3752/3752 3754/3754/3754 3751/3751/3751
f 3752/3752/3752 3755/3755/3755 3754/3754/3754
f 3755/3755/3755 3756/3756/3756 3754/3754/3754
f 3755/3755/3755 3757/3757/3757 3756/3756/3756
f 3757/3757/3757 3758/3758/3758 3756/3756/3756
f 3757/3757/3757 3759/3759/3759 3758/3758/3758
f 3759/3759/3759 3760/3760/3760 3758/3758/3758
f 3758/3758/3758 3760/3760/3760 3761/3761/3761
f 3760/3760/3760 3762/3762/3762 3761/3761/3761
f 3765/3765/3765 3764/3764/3764 3763/3763/3763
f 3766/3766/3766 3765/3765/3765 3763/3763/3763
f 3769/3769/3769 3768/3768/3768 3767/3767/3767
f 3768/3768/3768 3770/3770/3770 3767/3767/3767
f 3768/3768/3768 3771/3771/3771 3770/3770/3770
f 3771/3771/3771 3772/3772/3772 3770/3770/3770
f 3771/3771/3771 3773/3773/3773 3772/3772/3772
f 3773/3773/3773 3774/3774/3774 3772/3772/3772
f 3772/3772/3772 3774/3774/3774 3775/3775/3775
f 3774/3774/3774 3776/3776/3776 3775/3775/3775
f 3775/3775/3775 3776/3776/3776 3777/3777/3777
f 3776/3776/3776 3778/3778/3778 3777/3777/3777
f 3774/3774/3774 3779/3779/3779 3776/3776/3776
f 3779/3779/3779 3780/3780/3780 3776/3776/3776
f 3783/3783/3783 3782/3782/3782 3781/3781/3781
f 3782/3782/3782 3784/3784/3784 3781/3781/3781
f 3781/3781/3781 3784/3784/3784 3785/3785/3785
f 3784/3784/3784 3786/3786/3786 3785/3785/3785
f 3784/3784/3784 3787/3787/3787 3786/3786/3786
f 3787/3787/3787 3788/3788/3788 3786/3786/3786
f 3791/3791/3791 3790/3790/3790 3789/3789/3789
f 3790/3790/3790 3792/3792/3792 3789/3789/3789
f 3790/3790/3790 3793/3793/3793 3792/3792/3792
f 3793/3793/3793 3794/3794/3794 3792/3792/3792
f 3792/3792/3792 3794/3794/3794 3795/3795/3795
f 3794/3794/3794 3796/3796/3796 3795/3795/3795
f 3796/3796/3796 3797/3797/3797 3795/3795/3795
f 3798/3798/3798 3797/3797/3797 3796/3796/3796
f 3799/3799/3799 3797/3797/3797 3798/3798/3798
f 3802/3802/3802 3801/3801/3801 3800/3800/3800
f 3803/3803/3803 3802/3802/3802 3800/3800/3800
f 3806/3806/3806 3805/3805/3805 3804/3804/3804
f 3805/3805/3805 3806/3806/3806 3807/3807/3807
f 3808/3808/3808 3805/3805/3805 3807/3807/3807
f 3808/3808/3808 3807/3807/3807 3809/3809/3809
f 3810/3810/3810 3808/3808/3808 3809/3809/3809
f 3811/3811/3811 3808/3808/3808 3810/3810/3810
f 3812/3812/3812 3809/3809/3809 3807/3807/3807
f 3813/3813/3813 3812/3812/3812 3807/3807/3807
f 3814/3814/3814 3812/3812/3812 3813/3813/3813
f 3815/3815/3815 3814/3814/3814 3813/3813/3813
f 3815/3815/3815 3811/3811/3811 3816/3816/3816
f 3817/3817/3817 3812/3812/3812 3814/3814/3814
f 3809/3809/3809 3812/3812/3812 3817/3817/3817
f 3818/3818/3818 3817/3817/3817 3814/3814/3814
f 3819/3819/3819 3809/3809/3809 3817/3817/3817
f 3810/3810/3810 3809/3809/3809 3819/3819/3819
f 3820/3820/3820 3810/3810/3810 3819/3819/3819
f 3821/3821/3821 3811/3811/3811 3810/3810/3810
f 3821/3821/3821 3810/3810/3810 3820/3820/3820
f 3811/3811/3811 3821/3821/3821 3816/3816/3816
f 3822/3822/3822 3821/3821/3821 3820/3820/3820
f 3816/3816/3816 3821/3821/3821 3822/3822/3822
f 3823/3823/3823 3816/3816/3816 3822/3822/3822
f 3826/3826/3826 3825/3825/3825 3824/3824/3824
f 3827/3827/3827 3825/3825/3825 3826/3826/3826
f 3828/3828/3828 3825/3825/3825 3827/3827/3827
f 3831/3831/3831 3830/3830/3830 3829/3829/3829
f 3832/3832/3832 3830/3830/3830 3831/3831/3831
f 3833/3833/3833 3830/3830/3830 3832/3832/3832
f 3836/3836/3836 3835/3835/3835 3834/3834/3834
f 3837/3837/3837 3836/3836/3836 3834/3834/3834
f 3840/3840/3840 3839/3839/3839 3838/3838/3838
f 3841/3841/3841 3840/3840/3840 3838/3838/3838
f 3841/3841/3841 3838/3838/3838 3842/3842/3842
f 3843/3843/3843 3840/3840/3840 3841/3841/3841
f 3844/3844/3844 3841/3841/3841 3842/3842/3842
f 3844/3844/3844 3842/3842/3842 3845/3845/3845
f 3846/3846/3846 3843/3843/3843 3841/3841/3841
f 3846/3846/3846 3841/3841/3841 3844/3844/3844
f 3847/3847/3847 3843/3843/3843 3846/3846/3846
f 3848/3848/3848 3844/3844/3844 3845/3845/3845
f 3848/3848/3848 3845/3845/3845 3849/3849/3849
f 3850/3850/3850 3846/3846/3846 3844/3844/3844
f 3850/3850/3850 3844/3844/3844 3848/3848/3848
f 3851/3851/3851 3847/3847/3847 3846/3846/3846
f 3851/3851/3851 3846/3846/3846 3850/3850/3850
f 3852/3852/3852 3847/3847/3847 3851/3851/3851
f 3853/3853/3853 3848/3848/3848 3849/3849/3849
f 3853/3853/3853 3849/3849/3849 3854/3854/3854
f 3855/3855/3855 3853/3853/3853 3854/3854/3854
f 3856/3856/3856 3850/3850/3850 3848/3848/3848
f 3856/3856/3856 3848/3848/3848 3853/3853/3853
f 3857/3857/3857 3853/3853/3853 3855/3855/3855
f 3857/3857/3857 3856/3856/3856 3853/3853/3853
f 3858/3858/3858 3857/3857/3857 3855/3855/3855
f 3859/3859/3859 3851/3851/3851 3850/3850/3850
f 3859/3859/3859 3850/3850/3850 3856/3856/3856
f 3860/3860/3860 3852/3852/3852 3851/3851/3851
f 3860/3860/3860 3851/3851/3851 3859/3859/3859
f 3861/3861/3861 3852/3852/3852 3860/3860/3860
f 3862/3862/3862 3857/3857/3857 3858/3858/3858
f 3863/3863/3863 3862/3862/3862 3858/3858/3858
f 3864/3864/3864 3856/3856/3856 3857/3857/3857
f 3864/3864/3864 3859/3859/3859 3856/3856/3856
f 3862/3862/3862 3864/3864/3864 3857/3857/3857
f 3865/3865/3865 3860/3860/3860 3859/3859/3859
f 3865/3865/3865 3859/3859/3859 3864/3864/3864
f 3866/3866/3866 3861/3861/3861 3860/3860/3860
f 3866/3866/3866 3860/3860/3860 3865/3865/3865
f 3867/3867/3867 3861/3861/3861 3866/3866/3866
f 3868/3868/3868 3862/3862/3862 3863/3863/3863
f 3869/3869/3869 3868/3868/3868 3863/3863/3863
f 3870/3870/3870 3864/3864/3864 3862/3862/3862
f 3870/3870/3870 3865/3865/3865 3864/3864/3864
f 3868/3868/3868 3870/3870/3870 3862/3862/3862
f 3871/3871/3871 3866/3866/3866 3865/3865/3865
f 3871/3871/3871 3865/3865/3865 3870/3870/3870
f 3872/3872/3872 3867/3867/3867 3866/3866/3866
f 3872/3872/3872 3866/3866/3866 3871/3871/3871
f 3873/3873/3873 3867/3867/3867 3872/3872/3872
f 3874/3874/3874 3868/3868/3868 3869/3869/3869
f 3875/3875/3875 3874/3874/3874 3869/3869/3869
f 3876/3876/3876 3870/3870/3870 3868/3868/3868
f 3876/3876/3876 3871/3871/3871 3870/3870/3870
f 3874/3874/3874 3876/3876/3876 3868/3868/3868
f 3877/3877/3877 3872/3872/3872 3871/3871/3871
f 3877/3877/3877 3871/3871/3871 3876/3876/3876
f 3878/3878/3878 3873/3873/3873 3872/3872/3872
f 3878/3878/3878 3872/3872/3872 3877/3877/3877
f 3879/3879/3879 3873/3873/3873 3878/3878/3878
f 3880/3880/3880 3874/3874/3874 3875/3875/3875
f 3881/3881/3881 3880/3880/3880 3875/3875/3875
f 3882/3882/3882 3876/3876/3876 3874/3874/3874
f 3882/3882/3882 3877/3877/3877 3876/3876/3876
f 3880/3880/3880 3882/3882/3882 3874/3874/3874
f 3883/3883/3883 3878/3878/3878 3877/3877/3877
f 3883/3883/3883 3877/3877/3877 3882/3882/3882
f 3884/3884/3884 3879/3879/3879 3878/3878/3878
f 3884/3884/3884 3878/3878/3878 3883/3883/3883
f 3885/3885/3885 3879/3879/3879 3884/3884/3884
f 3886/3886/3886 3880/3880/3880 3881/3881/3881
f 3887/3887/3887 3886/3886/3886 3881/3881/3881
f 3888/3888/3888 3882/3882/3882 3880/3880/3880
f 3888/3888/3888 3883/3883/3883 3882/3882/3882
f 3886/3886/3886 3888/3888/3888 3880/3880/3880
f 3889/3889/3889 3884/3884/3884 3883/3883/3883
f 3889/3889/3889 3883/3883/3883 3888/3888/3888
f 3890/3890/3890 3885/3885/3885 3884/3884/3884
f 3890/3890/3890 3884/3884/3884 3889/3889/3889
f 3891/3891/3891 3885/3885/3885 3890/3890/3890
f 3892/3892/3892 3886/3886/3886 3887/3887/3887
f 3893/3893/3893 3892/3892/3892 3887/3887/3887
f 3894/3894/3894 3888/3888/3888 3886/3886/3886
f 3894/3894/3894 3889/3889/3889 3888/3888/3888
f 3892/3892/3892 3894/3894/3894 3886/3886/3886
f 3895/3895/3895 3890/3890/3890 3889/3889/3889
f 3895/3895/3895 3889/3889/3889 3894/3894/3894
f 3896/3896/3896 3891/3891/3891 3890/3890/3890
f 3896/3896/3896 3890/3890/3890 3895/3895/3895
f 3897/3897/3897 3891/3891/3891 3896/3896/3896
f 3898/3898/3898 3892/3892/3892 3893/3893/3893
f 3899/3899/3899 3898/3898/3898 3893/3893/3893
f 3900/3900/3900 3894/3894/3894 3892/3892/3892
f 3900/3900/3900 3895/3895/3895 3894/3894/3894
f 3898/3898/3898 3900/3900/3900 3892/3892/3892
f 3901/3901/3901 3896/3896/3896 3895/3895/3895
f 3901/3901/3901 3895/3895/3895 3900/3900/3900
f 3902/3902/3902 3897/3897/3897 3896/3896/3896
f 3902/3902/3902 3896/3896/3896 3901/3901/3901
f 3903/3903/3903 3897/3897/3897 3902/3902/3902
f 3904/3904/3904 3898/3898/3898 3899/3899/3899
f 3905/3905/3905 3904/3904/3904 3899/3899/3899
f 3906/3906/3906 3900/3900/3900 3898/3898/3898
f 3906/3906/3906 3901/3901/3901 3900/3900/3900
f 3904/3904/3904 3906/3906/3906 3898/3898/3898
f 3907/3907/3907 3902/3902/3902 3901/3901/3901
f 3907/3907/3907 3901/3901/3901 3906/3906/3906
f 3908/3908/3908 3903/3903/3903 3902/3902/3902
f 3908/3908/3908 3902/3902/3902 3907/3907/3907
f 3909/3909/3909 3903/3903/3903 3908/3908/3908
f 3910/3910/3910 3904/3904/3904 3905/3905/3905
f 3911/3911/3911 3910/3910/3910 3905/3905/3905
f 3912/3912/3912 3906/3906/3906 3904/3904/3904
f 3912/3912/3912 3907/3907/3907 3906/3906/3906
f 3910/3910/3910 3912/3912/3912 3904/3904/3904
f 3913/3913/3913 3908/3908/3908 3907/3907/3907
f 3913/3913/3913 3907/3907/3907 3912/3912/3912
f 3914/3914/3914 3909/3909/3909 3908/3908/3908
f 3914/3914/3914 3908/3908/3908 3913/3913/3913
f 3915/3915/3915 3909/3909/3909 3914/3914/3914
f 3916/3916/3916 3910/3910/3910 3911/3911/3911
f 3917/3917/3917 3916/3916/3916 3911/3911/3911
f 3918/3918/3918 3912/3912/3912 3910/3910/3910
f 3918/3918/3918 3913/3913/3913 3912/3912/3912
f 3916/3916/3916 3918/3918/3918 3910/3910/3910
f 3919/3919/3919 3914/3914/3914 3913/3913/3913
f 3919/3919/3919 3913/3913/3913 3918/3918/3918
f 3920/3920/3920 3915/3915/3915 3914/3914/3914
f 3920/3920/3920 3914/3914/3914 3919/3919/3919
f 3921/3921/3921 3915/3915/3915 3920/3920/3920
f 3922/3922/3922 3916/3916/3916 3917/3917/3917
f 3923/3923/3923 3922/3922/3922 3917/3917/3917
f 3924/3924/3924 3918/3918/3918 3916/3916/3916
f 3924/3924/3924 3919/3919/3919 3918/3918/3918
f 3922/3922/3922 3924/3924/3924 3916/3916/3916
f 3925/3925/3925 3920/3920/3920 3919/3919/3919
f 3925/3925/3925 3919/3919/3919 3924/3924/3924
f 3926/3926/3926 3921/3921/3921 3920/3920/3920
f 3926/3926/3926 3920/3920/3920 3925/3925/3925
f 3927/3927/3927 3921/3921/3921 3926/3926/3926
f 3928/3928/3928 3922/3922/3922 3923/3923/3923
f 3929/3929/3929 3928/3928/3928 3923/3923/3923
f 3930/3930/3930 3924/3924/3924 3922/3922/3922
f 3930/3930/3930 3925/3925/3925 3924/3924/3924
f 3928/3928/3928 3930/3930/3930 3922/3922/3922
f 3931/3931/3931 3926/3926/3926 3925/3925/3925
f 3931/3931/3931 3925/3925/3925 3930/3930/3930
f 3932/3932/3932 3927/3927/3927 3926/3926/3926
f 3932/3932/3932 3926/3926/3926 3931/3931/3931
f 3933/3933/3933 3927/3927/3927 3932/3932/3932
f 3934/3934/3934 3928/3928/3928 3929/3929/3929
f 3935/3935/3935 3934/3934/3934 3929/3929/3929
f 3936/3936/3936 3930/3930/3930 3928/3928/3928
f 3936/3936/3936 3931/3931/3931 3930/3930/3930
f 3934/3934/3934 3936/3936/3936 3928/3928/3928
f 3937/3937/3937 3932/3932/3932 3931/3931/3931
f 3937/3937/3937 3931/3931/3931 3936/3936/3936
f 3938/3938/3938 3933/3933/3933 3932/3932/3932
f 3938/3938/3938 3932/3932/3932 3937/3937/3937
f 3939/3939/3939 3933/3933/3933 3938/3938/3938
f 3940/3940/3940 3934/3934/3934 3935/3935/3935
f 3941/3941/3941 3940/3940/3940 3935/3935/3935
f 3942/3942/3942 3936/3936/3936 3934/3934/3934
f 3942/3942/3942 3937/3937/3937 3936/3936/3936
f 3940/3940/3940 3942/3942/3942 3934/3934/3934
f 3943/3943/3943 3938/3938/3938 3937/3937/3937
f 3943/3943/3943 3937/3937/3937 3942/3942/3942
f 3944/3944/3944 3939/3939/3939 3938/3938/3938
f 3944/3944/3944 3938/3938/3938 3943/3943/3943
f 3945/3945/3945 3939/3939/3939 3944/3944/3944
f 3946/3946/3946 3940/3940/3940 3941/3941/3941
f 3947/3947/3947 3946/3946/3946 3941/3941/3941
f 3948/3948/3948 3942/3942/3942 3940/3940/3940
f 3948/3948/3948 3943/3943/3943 3942/3942/3942
f 3946/3946/3946 3948/3948/3948 3940/3940/3940
f 3949/3949/3949 3944/3944/3944 3943/3943/3943
f 3949/3949/3949 3943/3943/3943 3948/3948/3948
f 3950/3950/3950 3945/3945/3945 3944/3944/3944
f 3950/3950/3950 3944/3944/3944 3949/3949/3949
f 3951/3951/3951 3945/3945/3945 3950/3950/3950
f 3952/3952/3952 3946/3946/3946 3947/3947/3947
f 3953/3953/3953 3952/3952/3952 3947/3947/3947
f 3954/3954/3954 3948/3948/3948 3946/3946/3946
f 3954/3954/3954 3949/3949/3949 3948/3948/3948
f 3952/3952/3952 3954/3954/3954 3946/3946/3946
f 3955/3955/3955 3950/3950/3950 3949/3949/3949
f 3955/3955/3955 3949/3949/3949 3954/3954/3954
f 3956/3956/3956 3951/3951/3951 3950/3950/3950
f 3956/3956/3956 3950/3950/3950 3955/3955/3955
f 3957/3957/3957 3951/3951/3951 3956/3956/3956
f 3958/3958/3958 3952/3952/3952 3953/3953/3953
f 3959/3959/3959 3958/3958/3958 3953/3953/3953
f 3960/3960/3960 3954/3954/3954 3952/3952/3952
f 3960/3960/3960 3955/3955/3955 3954/3954/3954
f 3958/3958/3958 3960/3960/3960 3952/3952/3952
f 3961/3961/3961 3956/3956/3956 3955/3955/3955
f 3961/3961/3961 3955/3955/3955 3960/3960/3960
f 3962/3962/3962 3957/3957/3957 3956/3956/3956
f 3962/3962/3962 3956/3956/3956 3961/3961/3961
f 3963/3963/3963 3957/3957/3957 3962/3962/3962
f 3964/3964/3964 3958/3958/3958 3959/3959/3959
f 3965/3965/3965 3964/3964/3964 3959/3959/3959
f 3966/3966/3966 3960/3960/3960 3958/3958/3958
f 3966/3966/3966 3961/3961/3961 3960/3960/3960
f 3964/3964/3964 3966/3966/3966 3958/3958/3958
f 3967/3967/3967 3962/3962/3962 3961/3961/3961
f 3967/3967/3967 3961/3961/3961 3966/3966/3966
f 3968/3968/3968 3963/3963/3963 3962/3962/3962
f 3968/3968/3968 3962/3962/3962 3967/3967/3967
f 3969/3969/3969 3963/3963/3963 3968/3968/3968
f 3970/3970/3970 3964/3964/3964 3965/3965/3965
f 3971/3971/3971 3970/3970/3970 3965/3965/3965
f 3972/3972/3972 3966/3966/3966 3964/3964/3964
f 3972/3972/3972 3967/3967/3967 3966/3966/3966
f 3970/3970/3970 3972/3972/3972 3964/3964/3964
f 3973/3973/3973 3968/3968/3968 3967/3967/3967
f 3973/3973/3973 3967/3967/3967 3972/3972/3972
f 3974/3974/3974 3969/3969/3969 3968/3968/3968
f 3974/3974/3974 3968/3968/3968 3973/3973/3973
f 3975/3975/3975 3969/3969/3969 3974/3974/3974
f 3976/3976/3976 3970/3970/3970 3971/3971/3971
f 3977/3977/3977 3976/3976/3976 3971/3971/3971
f 3978/3978/3978 3972/3972/3972 3970/3970/3970
f 3978/3978/3978 3973/3973/3973 3972/3972/3972
f 3976/3976/3976 3978/3978/3978 3970/3970/3970
f 3979/3979/3979 3974/3974/3974 3973/3973/3973
f 3979/3979/3979 3973/3973/3973 3978/3978/3978
f 3980/3980/3980 3975/3975/3975 3974/3974/3974
f 3980/3980/3980 3974/3974/3974 3979/3979/3979
f 3981/3981/3981 3975/3975/3975 3980/3980/3980
f 3982/3982/3982 3976/3976/3976 3977/3977/3977
f 3983/3983/3983 3982/3982/3982 3977/3977/3977
f 3984/3984/3984 3978/3978/3978 3976/3976/3976
f 3984/3984/3984 3979/3979/3979 3978/3978/3978
f 3982/3982/3982 3984/3984/3984 3976/3976/3976
f 3985/3985/3985 3980/3980/3980 3979/3979/3979
f 3985/3985/3985 3979/3979/3979 3984/3984/3984
f 3986/3986/3986 3981/3981/3981 3980/3980/3980
f 3986/3986/3986 3980/3980/3980 3985/3985/3985
f 3987/3987/3987 3981/3981/3981 3986/3986/3986
f 3988/3988/3988 3982/3982/3982 3983/3983/3983
f 3989/3989/3989 3988/3988/3988 3983/3983/3983
f 3990/3990/3990 3984/3984/3984 3982/3982/3982
f 3990/3990/3990 3985/3985/3985 3984/3984/3984
f 3988/3988/3988 3990/3990/3990 3982/3982/3982
f 3991/3991/3991 3986/3986/3986 3985/3985/3985
f 3991/3991/3991 3985/3985/3985 3990/3990/3990
f 3992/3992/3992 3987/3987/3987 3986/3986/3986
f 3992/3992/3992 3986/3986/3986 3991/3991/3991
f 3993/3993/3993 3987/3987/3987 3992/3992/3992
f 3994/3994/3994 3988/3988/3988 3989/3989/3989
f 3995/3995/3995 3994/3994/3994 3989/3989/3989
f 3996/3996/3996 3990/3990/3990 3988/3988/3988
f 3996/3996/3996 3991/3991/3991 3990/3990/3990
f 3994/3994/3994 3996/3996/3996 3988/3988/3988
f 3997/3997/3997 3992/3992/3992 3991/3991/3991
f 3997/3997/3997 3991/3991/3991 3996/3996/3996
f 3998/3998/3998 3993/3993/3993 3992/3992/3992
f 3998/3998/3998 3992/3992/3992 3997/3997/3997
f 3999/3999/3999 3993/3993/3993 3998/3998/3998
f 4000/4000/4000 3999/3999/3999 3998/3998/3998
f 4000/4000/4000 3998/3998/3998 4001/4001/4001
f 4001/4001/4001 3998/3998/3998 3997/3997/3997
f 4002/4002/4002 4000/4000/4000 4001/4001/4001
f 4003/4003/4003 3997/3997/3997 3996/3996/3996
f 4003/4003/4003 3996/3996/3996 3994/3994/3994
f 4001/4001/4001 3997/3997/3997 4003/4003/4003
f 4004/4004/4004 3994/3994/3994 3995/3995/3995
f 4004/4004/4004 4003/4003/4003 3994/3994/3994
f 4005/4005/4005 4004/4004/4004 3995/3995/3995
f 4002/4002/4002 4001/4001/4001 4006/4006/4006
f 4006/4006/4006 4001/4001/4001 4003/4003/4003
f 4006/4006/4006 4003/4003/4003 4004/4004/4004
f 4007/4007/4007 4002/4002/4002 4006/4006/4006
f 4008/4008/4008 4004/4004/4004 4005/4005/4005
f 4008/4008/4008 4006/4006/4006 4004/4004/4004
f 4007/4007/4007 4006/4006/4006 4008/4008/4008
f 4009/4009/4009 4008/4008/4008 4005/4005/4005
f 4010/4010/4010 4007/4007/4007 4008/4008/4008
f 4010/4010/4010 4008/4008/4008 4009/4009/4009
f 4011/4011/4011 4010/4010/4010 4009/4009/4009
f 4014/4014/4014 4013/4013/4013 4012/4012/4012
f 4012/4012/4012 4015/4015/4015 4014/4014/4014
f 4015/4015/4015 4016/4016/4016 4014/4014/4014
f 4019/4019/4019 4018/4018/4018 4017/4017/4017
f 4017/4017/4017 4018/4018/4018 4020/4020/4020
f 4020/4020/4020 4018/4018/4018 4021/4021/4021
f 4024/4024/4024 4023/4023/4023 4022/4022/4022
f 4025/4025/4025 4024/4024/4024 4022/4022/4022
f 4025/4025/4025 4022/4022/4022 4026/4026/4026
f 4027/4027/4027 4025/4025/4025 4026/4026/4026
f 4027/4027/4027 4026/4026/4026 4028/4028/4028
f 4029/4029/4029 4027/4027/4027 4028/4028/4028
f 4029/4029/4029 4028/4028/4028 4030/4030/4030
f 4031/4031/4031 4029/4029/4029 4030/4030/4030
f 4034/4034/4034 4033/4033/4033 4032/4032/4032
f 472/472/472 4034/4034/4034 4032/4032/4032
f 4036/4036/4036 2293/2293/2293 4035/4035/4035
f 4037/4037/4037 4036/4036/4036 4035/4035/4035
f 4037/4037/4037 4035/4035/4035 4038/4038/4038
f 4036/4036/4036 4039/4039/4039 2293/2293/2293
f 4039/4039/4039 4040/4040/4040 2293/2293/2293
f 4041/4041/4041 4037/4037/4037 4038/4038/4038
f 4041/4041/4041 4038/4038/4038 4042/4042/4042
f 4043/4043/4043 4042/4042/4042 4040/4040/4040
f 4039/4039/4039 4043/4043/4043 4040/4040/4040
f 4043/4043/4043 4041/4041/4041 4042/4042/4042
f 4044/4044/4044 4036/4036/4036 4037/4037/4037
f 4045/4045/4045 4039/4039/4039 4036/4036/4036
f 4044/4044/4044 4045/4045/4045 4036/4036/4036
f 4046/4046/4046 4037/4037/4037 4041/4041/4041
f 4046/4046/4046 4044/4044/4044 4037/4037/4037
f 4047/4047/4047 4043/4043/4043 4039/4039/4039
f 4045/4045/4045 4047/4047/4047 4039/4039/4039
f 4048/4048/4048 4041/4041/4041 4043/4043/4043
f 4048/4048/4048 4046/4046/4046 4041/4041/4041
f 4047/4047/4047 4048/4048/4048 4043/4043/4043
f 4049/4049/4049 4044/4044/4044 4046/4046/4046
f 4050/4050/4050 4045/4045/4045 4044/4044/4044
f 4049/4049/4049 4050/4050/4050 4044/4044/4044
f 4051/4051/4051 4046/4046/4046 4048/4048/4048
f 4051/4051/4051 4049/4049/4049 4046/4046/4046
f 4052/4052/4052 4047/4047/4047 4045/4045/4045
f 4050/4050/4050 4052/4052/4052 4045/4045/4045
f 4053/4053/4053 4048/4048/4048 4047/4047/4047
f 4053/4053/4053 4051/4051/4051 4048/4048/4048
f 4052/4052/4052 4053/4053/4053 4047/4047/4047
f 4054/4054/4054 4049/4049/4049 4051/4051/4051
f 4055/4055/4055 4050/4050/4050 4049/4049/4049
f 4054/4054/4054 4055/4055/4055 4049/4049/4049
f 4056/4056/4056 4051/4051/4051 4053/4053/4053
f 4056/4056/4056 4054/4054/4054 4051/4051/4051
f 4057/4057/4057 4052/4052/4052 4050/4050/4050
f 4055/4055/4055 4057/4057/4057 4050/4050/4050
f 4058/4058/4058 4053/4053/4053 4052/4052/4052
f 4058/4058/4058 4056/4056/4056 4053/4053/4053
f 4057/4057/4057 4058/4058/4058 4052/4052/4052
f 4059/4059/4059 4054/4054/4054 4056/4056/4056
f 4060/4060/4060 4055/4055/4055 4054/4054/4054
f 4059/4059/4059 4060/4060/4060 4054/4054/4054
f 4061/4061/4061 4056/4056/4056 4058/4058/4058
f 4061/4061/4061 4059/4059/4059 4056/4056/4056
f 4062/4062/4062 4057/4057/4057 4055/4055/4055
f 4060/4060/4060 4062/4062/4062 4055/4055/4055
f 4063/4063/4063 4058/4058/4058 4057/4057/4057
f 4063/4063/4063 4061/4061/4061 4058/4058/4058
f 4062/4062/4062 4063/4063/4063 4057/4057/4057
f 4064/4064/4064 4059/4059/4059 4061/4061/4061
f 4065/4065/4065 4060/4060/4060 4059/4059/4059
f 4064/4064/4064 4065/4065/4065 4059/4059/4059
f 4066/4066/4066 4061/4061/4061 4063/4063/4063
f 4066/4066/4066 4064/4064/4064 4061/4061/4061
f 4067/4067/4067 4062/4062/4062 4060/4060/4060
f 4065/4065/4065 4067/4067/4067 4060/4060/4060
f 4068/4068/4068 4063/4063/4063 4062/4062/4062
f 4068/4068/4068 4066/4066/4066 4063/4063/4063
f 4067/4067/4067 4068/4068/4068 4062/4062/4062
f 4069/4069/4069 4064/4064/4064 4066/4066/4066
f 4070/4070/4070 4065/4065/4065 4064/4064/4064
f 4069/4069/4069 4070/4070/4070 4064/4064/4064
f 4071/4071/4071 4066/4066/4066 4068/4068/4068
f 4071/4071/4071 4069/4069/4069 4066/4066/4066
f 4072/4072/4072 4067/4067/4067 4065/4065/4065
f 4070/4070/4070 4072/4072/4072 4065/4065/4065
f 4073/4073/4073 4068/4068/4068 4067/4067/4067
f 4073/4073/4073 4071/4071/4071 4068/4068/4068
f 4072/4072/4072 4073/4073/4073 4067/4067/4067
f 4074/4074/4074 4069/4069/4069 4071/4071/4071
f 4075/4075/4075 4070/4070/4070 4069/4069/4069
f 4074/4074/4074 4075/4075/4075 4069/4069/4069
f 4076/4076/4076 4071/4071/4071 4073/4073/4073
f 4076/4076/4076 4074/4074/4074 4071/4071/4071
f 4077/4077/4077 4072/4072/4072 4070/4070/4070
f 4075/4075/4075 4077/4077/4077 4070/4070/4070
f 4078/4078/4078 4073/4073/4073 4072/4072/4072
f 4078/4078/4078 4076/4076/4076 4073/4073/4073
f 4077/4077/4077 4078/4078/4078 4072/4072/4072
f 4079/4079/4079 4074/4074/4074 4076/4076/4076
f 4080/4080/4080 4075/4075/4075 4074/4074/4074
f 4079/4079/4079 4080/4080/4080 4074/4074/4074
f 4081/4081/4081 4076/4076/4076 4078/4078/4078
f 4081/4081/4081 4079/4079/4079 4076/4076/4076
f 4082/4082/4082 4077/4077/4077 4075/4075/4075
f 4080/4080/4080 4082/4082/4082 4075/4075/4075
f 4083/4083/4083 4078/4078/4078 4077/4077/4077
f 4083/4083/4083 4081/4081/4081 4078/4078/4078
f 4082/4082/4082 4083/4083/4083 4077/4077/4077
f 4084/4084/4084 4079/4079/4079 4081/4081/4081
f 4085/4085/4085 4080/4080/4080 4079/4079/4079
f 4084/4084/4084 4085/4085/4085 4079/4079/4079
f 4086/4086/4086 4081/4081/4081 4083/4083/4083
f 4086/4086/4086 4084/4084/4084 4081/4081/4081
f 4087/4087/4087 4082/4082/4082 4080/4080/4080
f 4085/4085/4085 4087/4087/4087 4080/4080/4080
f 4088/4088/4088 4083/4083/4083 4082/4082/4082
f 4088/4088/4088 4086/4086/4086 4083/4083/4083
f 4087/4087/4087 4088/4088/4088 4082/4082/4082
f 4089/4089/4089 4084/4084/4084 4086/4086/4086
f 4090/4090/4090 4085/4085/4085 4084/4084/4084
f 4089/4089/4089 4090/4090/4090 4084/4084/4084
f 4091/4091/4091 4086/4086/4086 4088/4088/4088
f 4091/4091/4091 4089/4089/4089 4086/4086/4086
f 4092/4092/4092 4087/4087/4087 4085/4085/4085
f 4090/4090/4090 4092/4092/4092 4085/4085/4085
f 4093/4093/4093 4088/4088/4088 4087/4087/4087
f 4093/4093/4093 4091/4091/4091 4088/4088/4088
f 4092/4092/4092 4093/4093/4093 4087/4087/4087
f 4094/4094/4094 4089/4089/4089 4091/4091/4091
f 4095/4095/4095 4090/4090/4090 4089/4089/4089
f 4094/4094/4094 4095/4095/4095 4089/4089/4089
f 4096/4096/4096 4091/4091/4091 4093/4093/4093
f 4096/4096/4096 4094/4094/4094 4091/4091/4091
f 4097/4097/4097 4092/4092/4092 4090/4090/4090
f 4095/4095/4095 4097/4097/4097 4090/4090/4090
f 4098/4098/4098 4093/4093/4093 4092/4092/4092
f 4098/4098/4098 4096/4096/4096 4093/4093/4093
f 4097/4097/4097 4098/4098/4098 4092/4092/4092
f 4099/4099/4099 4094/4094/4094 4096/4096/4096
f 4100/4100/4100 4095/4095/4095 4094/4094/4094
f 4099/4099/4099 4100/4100/4100 4094/4094/4094
f 4101/4101/4101 4096/4096/4096 4098/4098/4098
f 4101/4101/4101 4099/4099/4099 4096/4096/4096
f 4102/4102/4102 4097/4097/4097 4095/4095/4095
f 4100/4100/4100 4102/4102/4102 4095/4095/4095
f 4103/4103/4103 4098/4098/4098 4097/4097/4097
f 4103/4103/4103 4101/4101/4101 4098/4098/4098
f 4102/4102/4102 4103/4103/4103 4097/4097/4097
f 4104/4104/4104 4099/4099/4099 4101/4101/4101
f 4105/4105/4105 4100/4100/4100 4099/4099/4099
f 4104/4104/4104 4105/4105/4105 4099/4099/4099
f 4106/4106/4106 4101/4101/4101 4103/4103/4103
f 4106/4106/4106 4104/4104/4104 4101/4101/4101
f 4107/4107/4107 4102/4102/4102 4100/4100/4100
f 4105/4105/4105 4107/4107/4107 4100/4100/4100
f 4108/4108/4108 4103/4103/4103 4102/4102/4102
f 4108/4108/4108 4106/4106/4106 4103/4103/4103
f 4107/4107/4107 4108/4108/4108 4102/4102/4102
f 4109/4109/4109 4104/4104/4104 4106/4106/4106
f 4110/4110/4110 4105/4105/4105 4104/4104/4104
f 4109/4109/4109 4110/4110/4110 4104/4104/4104
f 4111/4111/4111 4106/4106/4106 4108/4108/4108
f 4111/4111/4111 4109/4109/4109 4106/4106/4106
f 4112/4112/4112 4107/4107/4107 4105/4105/4105
f 4110/4110/4110 4112/4112/4112 4105/4105/4105
f 4113/4113/4113 4108/4108/4108 4107/4107/4107
f 4113/4113/4113 4111/4111/4111 4108/4108/4108
f 4112/4112/4112 4113/4113/4113 4107/4107/4107
f 4114/4114/4114 4109/4109/4109 4111/4111/4111
f 4115/4115/4115 4110/4110/4110 4109/4109/4109
f 4114/4114/4114 4115/4115/4115 4109/4109/4109
f 4116/4116/4116 4111/4111/4111 4113/4113/4113
f 4116/4116/4116 4114/4114/4114 4111/4111/4111
f 4117/4117/4117 4112/4112/4112 4110/4110/4110
f 4115/4115/4115 4117/4117/4117 4110/4110/4110
f 4118/4118/4118 4113/4113/4113 4112/4112/4112
f 4118/4118/4118 4116/4116/4116 4113/4113/4113
f 4117/4117/4117 4118/4118/4118 4112/4112/4112
f 4119/4119/4119 4114/4114/4114 4116/4116/4116
f 4120/4120/4120 4115/4115/4115 4114/4114/4114
f 4119/4119/4119 4120/4120/4120 4114/4114/4114
f 4121/4121/4121 4116/4116/4116 4118/4118/4118
f 4121/4121/4121 4119/4119/4119 4116/4116/4116
f 4122/4122/4122 4117/4117/4117 4115/4115/4115
f 4120/4120/4120 4122/4122/4122 4115/4115/4115
f 4123/4123/4123 4118/4118/4118 4117/4117/4117
f 4123/4123/4123 4121/4121/4121 4118/4118/4118
f 4122/4122/4122 4123/4123/4123 4117/4117/4117
f 4124/4124/4124 4119/4119/4119 4121/4121/4121
f 4125/4125/4125 4120/4120/4120 4119/4119/4119
f 4124/4124/4124 4125/4125/4125 4119/4119/4119
f 4126/4126/4126 4121/4121/4121 4123/4123/4123
f 4126/4126/4126 4124/4124/4124 4121/4121/4121
f 4127/4127/4127 4122/4122/4122 4120/4120/4120
f 4125/4125/4125 4127/4127/4127 4120/4120/4120
f 4128/4128/4128 4123/4123/4123 4122/4122/4122
f 4128/4128/4128 4126/4126/4126 4123/4123/4123
f 4127/4127/4127 4128/4128/4128 4122/4122/4122
f 4129/4129/4129 4124/4124/4124 4126/4126/4126
f 4130/4130/4130 4125/4125/4125 4124/4124/4124
f 4129/4129/4129 4130/4130/4130 4124/4124/4124
f 4131/4131/4131 4126/4126/4126 4128/4128/4128
f 4131/4131/4131 4129/4129/4129 4126/4126/4126
f 4132/4132/4132 4127/4127/4127 4125/4125/4125
f 4130/4130/4130 4132/4132/4132 4125/4125/4125
f 4133/4133/4133 4128/4128/4128 4127/4127/4127
f 4133/4133/4133 4131/4131/4131 4128/4128/4128
f 4132/4132/4132 4133/4133/4133 4127/4127/4127
f 4134/4134/4134 4129/4129/4129 4131/4131/4131
f 4135/4135/4135 4130/4130/4130 4129/4129/4129
f 4134/4134/4134 4135/4135/4135 4129/4129/4129
f 4136/4136/4136 4131/4131/4131 4133/4133/4133
f 4136/4136/4136 4134/4134/4134 4131/4131/4131
f 4137/4137/4137 4132/4132/4132 4130/4130/4130
f 4135/4135/4135 4137/4137/4137 4130/4130/4130
f 4138/4138/4138 4133/4133/4133 4132/4132/4132
f 4138/4138/4138 4136/4136/4136 4133/4133/4133
f 4137/4137/4137 4138/4138/4138 4132/4132/4132
f 4139/4139/4139 4134/4134/4134 4136/4136/4136
f 4140/4140/4140 4135/4135/4135 4134/4134/4134
f 4139/4139/4139 4140/4140/4140 4134/4134/4134
f 4141/4141/4141 4136/4136/4136 4138/4138/4138
f 4141/4141/4141 4139/4139/4139 4136/4136/4136
f 4142/4142/4142 4137/4137/4137 4135/4135/4135
f 4140/4140/4140 4142/4142/4142 4135/4135/4135
f 4143/4143/4143 4138/4138/4138 4137/4137/4137
f 4143/4143/4143 4141/4141/4141 4138/4138/4138
f 4142/4142/4142 4143/4143/4143 4137/4137/4137
f 4144/4144/4144 4139/4139/4139 4141/4141/4141
f 4145/4145/4145 4140/4140/4140 4139/4139/4139
f 4144/4144/4144 4145/4145/4145 4139/4139/4139
f 4146/4146/4146 4141/4141/4141 4143/4143/4143
f 4146/4146/4146 4144/4144/4144 4141/4141/4141
f 4147/4147/4147 4142/4142/4142 4140/4140/4140
f 4145/4145/4145 4147/4147/4147 4140/4140/4140
f 4148/4148/4148 4143/4143/4143 4142/4142/4142
f 4148/4148/4148 4146/4146/4146 4143/4143/4143
f 4147/4147/4147 4148/4148/4148 4142/4142/4142
f 4149/4149/4149 4144/4144/4144 4146/4146/4146
f 4150/4150/4150 4145/4145/4145 4144/4144/4144
f 4149/4149/4149 4150/4150/4150 4144/4144/4144
f 4151/4151/4151 4146/4146/4146 4148/4148/4148
f 4151/4151/4151 4149/4149/4149 4146/4146/4146
f 4152/4152/4152 4147/4147/4147 4145/4145/4145
f 4150/4150/4150 4152/4152/4152 4145/4145/4145
f 4153/4153/4153 4148/4148/4148 4147/4147/4147
f 4153/4153/4153 4151/4151/4151 4148/4148/4148
f 4152/4152/4152 4153/4153/4153 4147/4147/4147
f 4154/4154/4154 4149/4149/4149 4151/4151/4151
f 4155/4155/4155 4150/4150/4150 4149/4149/4149
f 4154/4154/4154 4155/4155/4155 4149/4149/4149
f 4156/4156/4156 4151/4151/4151 4153/4153/4153
f 4156/4156/4156 4154/4154/4154 4151/4151/4151
f 4157/4157/4157 4152/4152/4152 4150/4150/4150
f 4155/4155/4155 4157/4157/4157 4150/4150/4150
f 4158/4158/4158 4153/4153/4153 4152/4152/4152
f 4158/4158/4158 4156/4156/4156 4153/4153/4153
f 4157/4157/4157 4158/4158/4158 4152/4152/4152
f 4159/4159/4159 4154/4154/4154 4156/4156/4156
f 4160/4160/4160 4155/4155/4155 4154/4154/4154
f 4159/4159/4159 4160/4160/4160 4154/4154/4154
f 4161/4161/4161 4156/4156/4156 4158/4158/4158
f 4161/4161/4161 4159/4159/4159 4156/4156/4156
f 4162/4162/4162 4157/4157/4157 4155/4155/4155
f 4160/4160/4160 4162/4162/4162 4155/4155/4155
f 4163/4163/4163 4158/4158/4158 4157/4157/4157
f 4163/4163/4163 4161/4161/4161 4158/4158/4158
f 4162/4162/4162 4163/4163/4163 4157/4157/4157
f 4164/4164/4164 4159/4159/4159 4161/4161/4161
f 4165/4165/4165 4160/4160/4160 4159/4159/4159
f 4164/4164/4164 4165/4165/4165 4159/4159/4159
f 4166/4166/4166 4161/4161/4161 4163/4163/4163
f 4166/4166/4166 4164/4164/4164 4161/4161/4161
f 4167/4167/4167 4162/4162/4162 4160/4160/4160
f 4165/4165/4165 4167/4167/4167 4160/4160/4160
f 4168/4168/4168 4163/4163/4163 4162/4162/4162
f 4168/4168/4168 4166/4166/4166 4163/4163/4163
f 4167/4167/4167 4168/4168/4168 4162/4162/4162
f 4169/4169/4169 4164/4164/4164 4166/4166/4166
f 4170/4170/4170 4165/4165/4165 4164/4164/4164
f 4169/4169/4169 4170/4170/4170 4164/4164/4164
f 4171/4171/4171 4166/4166/4166 4168/4168/4168
f 4171/4171/4171 4169/4169/4169 4166/4166/4166
f 4172/4172/4172 4167/4167/4167 4165/4165/4165
f 4170/4170/4170 4172/4172/4172 4165/4165/4165
f 4173/4173/4173 4168/4168/4168 4167/4167/4167
f 4173/4173/4173 4171/4171/4171 4168/4168/4168
f 4172/4172/4172 4173/4173/4173 4167/4167/4167
f 4174/4174/4174 4169/4169/4169 4171/4171/4171
f 4175/4175/4175 4170/4170/4170 4169/4169/4169
f 4174/4174/4174 4175/4175/4175 4169/4169/4169
f 4176/4176/4176 4171/4171/4171 4173/4173/4173
f 4176/4176/4176 4174/4174/4174 4171/4171/4171
f 4177/4177/4177 4172/4172/4172 4170/4170/4170
f 4175/4175/4175 4177/4177/4177 4170/4170/4170
f 4178/4178/4178 4173/4173/4173 4172/4172/4172
f 4178/4178/4178 4176/4176/4176 4173/4173/4173
f 4177/4177/4177 4178/4178/4178 4172/4172/4172
f 4179/4179/4179 4174/4174/4174 4176/4176/4176
f 4180/4180/4180 4175/4175/4175 4174/4174/4174
f 4179/4179/4179 4180/4180/4180 4174/4174/4174
f 4181/4181/4181 4176/4176/4176 4178/4178/4178
f 4181/4181/4181 4179/4179/4179 4176/4176/4176
f 4182/4182/4182 4177/4177/4177 4175/4175/4175
f 4180/4180/4180 4182/4182/4182 4175/4175/4175
f 4183/4183/4183 4178/4178/4178 4177/4177/4177
f 4183/4183/4183 4181/4181/4181 4178/4178/4178
f 4182/4182/4182 4183/4183/4183 4177/4177/4177
f 4184/4184/4184 4179/4179/4179 4181/4181/4181
f 4185/4185/4185 4180/4180/4180 4179/4179/4179
f 4184/4184/4184 4185/4185/4185 4179/4179/4179
f 4186/4186/4186 4181/4181/4181 4183/4183/4183
f 4186/4186/4186 4184/4184/4184 4181/4181/4181
f 4187/4187/4187 4182/4182/4182 4180/4180/4180
f 4185/4185/4185 4187/4187/4187 4180/4180/4180
f 4188/4188/4188 4183/4183/4183 4182/4182/4182
f 4188/4188/4188 4186/4186/4186 4183/4183/4183
f 4187/4187/4187 4188/4188/4188 4182/4182/4182
f 4189/4189/4189 4184/4184/4184 4186/4186/4186
f 4190/4190/4190 4185/4185/4185 4184/4184/4184
f 4189/4189/4189 4190/4190/4190 4184/4184/4184
f 4191/4191/4191 4186/4186/4186 4188/4188/4188
f 4191/4191/4191 4189/4189/4189 4186/4186/4186
f 4192/4192/4192 4187/4187/4187 4185/4185/4185
f 4190/4190/4190 4192/4192/4192 4185/4185/4185
f 4193/4193/4193 4188/4188/4188 4187/4187/4187
f 4193/4193/4193 4191/4191/4191 4188/4188/4188
f 4192/4192/4192 4193/4193/4193 4187/4187/4187
f 4194/4194/4194 4189/4189/4189 4191/4191/4191
f 4195/4195/4195 4190/4190/4190 4189/4189/4189
f 4194/4194/4194 4195/4195/4195 4189/4189/4189
f 4196/4196/4196 4191/4191/4191 4193/4193/4193
f 4196/4196/4196 4194/4194/4194 4191/4191/4191
f 4197/4197/4197 4192/4192/4192 4190/4190/4190
f 4195/4195/4195 4197/4197/4197 4190/4190/4190
f 4198/4198/4198 4193/4193/4193 4192/4192/4192
f 4198/4198/4198 4196/4196/4196 4193/4193/4193
f 4197/4197/4197 4198/4198/4198 4192/4192/4192
f 4199/4199/4199 4194/4194/4194 4196/4196/4196
f 4200/4200/4200 4195/4195/4195 4194/4194/4194
f 4199/4199/4199 4200/4200/4200 4194/4194/4194
f 4201/4201/4201 4196/4196/4196 4198/4198/4198
f 4201/4201/4201 4199/4199/4199 4196/4196/4196
f 4202/4202/4202 4197/4197/4197 4195/4195/4195
f 4200/4200/4200 4202/4202/4202 4195/4195/4195
f 4203/4203/4203 4198/4198/4198 4197/4197/4197
f 4203/4203/4203 4201/4201/4201 4198/4198/4198
f 4202/4202/4202 4203/4203/4203 4197/4197/4197
f 4204/4204/4204 4199/4199/4199 4201/4201/4201
f 4205/4205/4205 4200/4200/4200 4199/4199/4199
f 4204/4204/4204 4205/4205/4205 4199/4199/4199
f 4206/4206/4206 4201/4201/4201 4203/4203/4203
f 4206/4206/4206 4204/4204/4204 4201/4201/4201
f 4207/4207/4207 4202/4202/4202 4200/4200/4200
f 4205/4205/4205 4207/4207/4207 4200/4200/4200
f 4208/4208/4208 4203/4203/4203 4202/4202/4202
f 4208/4208/4208 4206/4206/4206 4203/4203/4203
f 4207/4207/4207 4208/4208/4208 4202/4202/4202
f 4209/4209/4209 4204/4204/4204 4206/4206/4206
f 4210/4210/4210 4205/4205/4205 4204/4204/4204
f 4209/4209/4209 4210/4210/4210 4204/4204/4204
f 4211/4211/4211 4206/4206/4206 4208/4208/4208
f 4211/4211/4211 4209/4209/4209 4206/4206/4206
f 4212/4212/4212 4207/4207/4207 4205/4205/4205
f 4210/4210/4210 4212/4212/4212 4205/4205/4205
f 4213/4213/4213 4208/4208/4208 4207/4207/4207
f 4213/4213/4213 4211/4211/4211 4208/4208/4208
f 4212/4212/4212 4213/4213/4213 4207/4207/4207
f 4214/4214/4214 4209/4209/4209 4211/4211/4211
f 4215/4215/4215 4210/4210/4210 4209/4209/4209
f 4214/4214/4214 4215/4215/4215 4209/4209/4209
f 4216/4216/4216 4211/4211/4211 4213/4213/4213
f 4216/4216/4216 4214/4214/4214 4211/4211/4211
f 4217/4217/4217 4212/4212/4212 4210/4210/4210
f 4215/4215/4215 4217/4217/4217 4210/4210/4210
f 4218/4218/4218 4213/4213/4213 4212/4212/4212
f 4218/4218/4218 4216/4216/4216 4213/4213/4213
f 4217/4217/4217 4218/4218/4218 4212/4212/4212
f 4219/4219/4219 4214/4214/4214 4216/4216/4216
f 4220/4220/4220 4215/4215/4215 4214/4214/4214
f 4219/4219/4219 4220/4220/4220 4214/4214/4214
f 4221/4221/4221 4216/4216/4216 4218/4218/4218
f 4221/4221/4221 4219/4219/4219 4216/4216/4216
f 4222/4222/4222 4217/4217/4217 4215/4215/4215
f 4220/4220/4220 4222/4222/4222 4215/4215/4215
f 4223/4223/4223 4218/4218/4218 4217/4217/4217
f 4223/4223/4223 4221/4221/4221 4218/4218/4218
f 4222/4222/4222 4223/4223/4223 4217/4217/4217
f 4224/4224/4224 4219/4219/4219 4221/4221/4221
f 4225/4225/4225 4220/4220/4220 4219/4219/4219
f 4224/4224/4224 4225/4225/4225 4219/4219/4219
f 4226/4226/4226 4221/4221/4221 4223/4223/4223
f 4226/4226/4226 4224/4224/4224 4221/4221/4221
f 4227/4227/4227 4222/4222/4222 4220/4220/4220
f 4225/4225/4225 4227/4227/4227 4220/4220/4220
f 4228/4228/4228 4223/4223/4223 4222/4222/4222
f 4228/4228/4228 4226/4226/4226 4223/4223/4223
f 4227/4227/4227 4228/4228/4228 4222/4222/4222
f 4229/4229/4229 4224/4224/4224 4226/4226/4226
f 4230/4230/4230 4225/4225/4225 4224/4224/4224
f 4229/4229/4229 4230/4230/4230 4224/4224/4224
f 4231/4231/4231 4226/4226/4226 4228/4228/4228
f 4231/4231/4231 4229/4229/4229 4226/4226/4226
f 4232/4232/4232 4227/4227/4227 4225/4225/4225
f 4230/4230/4230 4232/4232/4232 4225/4225/4225
f 4233/4233/4233 4228/4228/4228 4227/4227/4227
f 4233/4233/4233 4231/4231/4231 4228/4228/4228
f 4232/4232/4232 4233/4233/4233 4227/4227/4227
f 4234/4234/4234 4229/4229/4229 4231/4231/4231
f 4235/4235/4235 4230/4230/4230 4229/4229/4229
f 4234/4234/4234 4235/4235/4235 4229/4229/4229
f 4236/4236/4236 4231/4231/4231 4233/4233/4233
f 4236/4236/4236 4234/4234/4234 4231/4231/4231
f 4237/4237/4237 4232/4232/4232 4230/4230/4230
f 4235/4235/4235 4237/4237/4237 4230/4230/4230
f 4238/4238/4238 4233/4233/4233 4232/4232/4232
f 4238/4238/4238 4236/4236/4236 4233/4233/4233
f 4237/4237/4237 4238/4238/4238 4232/4232/4232
f 4239/4239/4239 4234/4234/4234 4236/4236/4236
f 4240/4240/4240 4235/4235/4235 4234/4234/4234
f 4239/4239/4239 4240/4240/4240 4234/4234/4234
f 4241/4241/4241 4236/4236/4236 4238/4238/4238
f 4241/4241/4241 4239/4239/4239 4236/4236/4236
f 4242/4242/4242 4237/4237/4237 4235/4235/4235
f 4240/4240/4240 4242/4242/4242 4235/4235/4235
f 4243/4243/4243 4238/4238/4238 4237/4237/4237
f 4243/4243/4243 4241/4241/4241 4238/4238/4238
f 4242/4242/4242 4243/4243/4243 4237/4237/4237
f 4244/4244/4244 4239/4239/4239 4241/4241/4241
f 4245/4245/4245 4240/4240/4240 4239/4239/4239
f 4244/4244/4244 4245/4245/4245 4239/4239/4239
f 4246/4246/4246 4241/4241/4241 4243/4243/4243
f 4246/4246/4246 4244/4244/4244 4241/4241/4241
f 4247/4247/4247 4242/4242/4242 4240/4240/4240
f 4245/4245/4245 4247/4247/4247 4240/4240/4240
f 4248/4248/4248 4243/4243/4243 4242/4242/4242
f 4248/4248/4248 4246/4246/4246 4243/4243/4243
f 4247/4247/4247 4248/4248/4248 4242/4242/4242
f 4249/4249/4249 4244/4244/4244 4246/4246/4246
f 4250/4250/4250 4245/4245/4245 4244/4244/4244
f 4249/4249/4249 4250/4250/4250 4244/4244/4244
f 4251/4251/4251 4246/4246/4246 4248/4248/4248
f 4251/4251/4251 4249/4249/4249 4246/4246/4246
f 4252/4252/4252 4247/4247/4247 4245/4245/4245
f 4250/4250/4250 4252/4252/4252 4245/4245/4245
f 4253/4253/4253 4248/4248/4248 4247/4247/4247
f 4253/4253/4253 4251/4251/4251 4248/4248/4248
f 4252/4252/4252 4253/4253/4253 4247/4247/4247
f 4254/4254/4254 4249/4249/4249 4251/4251/4251
f 4255/4255/4255 4250/4250/4250 4249/4249/4249
f 4254/4254/4254 4255/4255/4255 4249/4249/4249
f 4256/4256/4256 4251/4251/4251 4253/4253/4253
f 4256/4256/4256 4254/4254/4254 4251/4251/4251
f 4257/4257/4257 4252/4252/4252 4250/4250/4250
f 4255/4255/4255 4257/4257/4257 4250/4250/4250
f 4258/4258/4258 4253/4253/4253 4252/4252/4252
f 4258/4258/4258 4256/4256/4256 4253/4253/4253
f 4257/4257/4257 4258/4258/4258 4252/4252/4252
f 4259/4259/4259 4254/4254/4254 4256/4256/4256
f 4260/4260/4260 4255/4255/4255 4254/4254/4254
f 4259/4259/4259 4260/4260/4260 4254/4254/4254
f 4261/4261/4261 4256/4256/4256 4258/4258/4258
f 4261/4261/4261 4259/4259/4259 4256/4256/4256
f 4262/4262/4262 4257/4257/4257 4255/4255/4255
f 4260/4260/4260 4262/4262/4262 4255/4255/4255
f 4263/4263/4263 4258/4258/4258 4257/4257/4257
f 4263/4263/4263 4261/4261/4261 4258/4258/4258
f 4262/4262/4262 4263/4263/4263 4257/4257/4257
f 4264/4264/4264 4259/4259/4259 4261/4261/4261
f 4265/4265/4265 4260/4260/4260 4259/4259/4259
f 4264/4264/4264 4265/4265/4265 4259/4259/4259
f 4266/4266/4266 4261/4261/4261 4263/4263/4263
f 4266/4266/4266 4264/4264/4264 4261/4261/4261
f 4267/4267/4267 4262/4262/4262 4260/4260/4260
f 4265/4265/4265 4267/4267/4267 4260/4260/4260
f 4268/4268/4268 4263/4263/4263 4262/4262/4262
f 4268/4268/4268 4266/4266/4266 4263/4263/4263
f 4267/4267/4267 4268/4268/4268 4262/4262/4262
f 4269/4269/4269 4264/4264/4264 4266/4266/4266
f 4270/4270/4270 4265/4265/4265 4264/4264/4264
f 4269/4269/4269 4270/4270/4270 4264/4264/4264
f 4271/4271/4271 4266/4266/4266 4268/4268/4268
f 4271/4271/4271 4269/4269/4269 4266/4266/4266
f 4272/4272/4272 4267/4267/4267 4265/4265/4265
f 4270/4270/4270 4272/4272/4272 4265/4265/4265
f 4273/4273/4273 4268/4268/4268 4267/4267/4267
f 4273/4273/4273 4271/4271/4271 4268/4268/4268
f 4272/4272/4272 4273/4273/4273 4267/4267/4267
f 4274/4274/4274 4269/4269/4269 4271/4271/4271
f 4275/4275/4275 4270/4270/4270 4269/4269/4269
f 4274/4274/4274 4275/4275/4275 4269/4269/4269
f 4276/4276/4276 4271/4271/4271 4273/4273/4273
f 4276/4276/4276 4274/4274/4274 4271/4271/4271
f 4277/4277/4277 4272/4272/4272 4270/4270/4270
f 4275/4275/4275 4277/4277/4277 4270/4270/4270
f 4278/4278/4278 4273/4273/4273 4272/4272/4272
f 4278/4278/4278 4276/4276/4276 4273/4273/4273
f 4277/4277/4277 4278/4278/4278 4272/4272/4272
f 4279/4279/4279 4274/4274/4274 4276/4276/4276
f 4280/4280/4280 4275/4275/4275 4274/4274/4274
f 4279/4279/4279 4280/4280/4280 4274/4274/4274
f 4281/4281/4281 4276/4276/4276 4278/4278/4278
f 4281/4281/4281 4279/4279/4279 4276/4276/4276
f 4282/4282/4282 4277/4277/4277 4275/4275/4275
f 4280/4280/4280 4282/4282/4282 4275/4275/4275
f 4283/4283/4283 4278/4278/4278 4277/4277/4277
f 4283/4283/4283 4281/4281/4281 4278/4278/4278
f 4282/4282/4282 4283/4283/4283 4277/4277/4277
f 4284/4284/4284 4279/4279/4279 4281/4281/4281
f 4285/4285/4285 4280/4280/4280 4279/4279/4279
f 4284/4284/4284 4285/4285/4285 4279/4279/4279
f 4286/4286/4286 4281/4281/4281 4283/4283/4283
f 4286/4286/4286 4284/4284/4284 4281/4281/4281
f 4287/4287/4287 4282/4282/4282 4280/4280/4280
f 4285/4285/4285 4287/4287/4287 4280/4280/4280
f 4288/4288/4288 4283/4283/4283 4282/4282/4282
f 4288/4288/4288 4286/4286/4286 4283/4283/4283
f 4287/4287/4287 4288/4288/4288 4282/4282/4282
f 4289/4289/4289 4284/4284/4284 4286/4286/4286
f 4290/4290/4290 4285/4285/4285 4284/4284/4284
f 4289/4289/4289 4290/4290/4290 4284/4284/4284
f 4291/4291/4291 4286/4286/4286 4288/4288/4288
f 4291/4291/4291 4289/4289/4289 4286/4286/4286
f 4292/4292/4292 4287/4287/4287 4285/4285/4285
f 4290/4290/4290 4292/4292/4292 4285/4285/4285
f 4293/4293/4293 4288/4288/4288 4287/4287/4287
f 4293/4293/4293 4291/4291/4291 4288/4288/4288
f 4292/4292/4292 4293/4293/4293 4287/4287/4287
f 4294/4294/4294 4289/4289/4289 4291/4291/4291
f 4295/4295/4295 4290/4290/4290 4289/4289/4289
f 4294/4294/4294 4295/4295/4295 4289/4289/4289
f 4296/4296/4296 4291/4291/4291 4293/4293/4293
f 4296/4296/4296 4294/4294/4294 4291/4291/4291
f 4297/4297/4297 4292/4292/4292 4290/4290/4290
f 4295/4295/4295 4297/4297/4297 4290/4290/4290
f 4298/4298/4298 4293/4293/4293 4292/4292/4292
f 4298/4298/4298 4296/4296/4296 4293/4293/4293
f 4297/4297/4297 4298/4298/4298 4292/4292/4292
f 4299/4299/4299 4294/4294/4294 4296/4296/4296
f 4300/4300/4300 4295/4295/4295 4294/4294/4294
f 4299/4299/4299 4300/4300/4300 4294/4294/4294
f 4301/4301/4301 4296/4296/4296 4298/4298/4298
f 4301/4301/4301 4299/4299/4299 4296/4296/4296
f 4302/4302/4302 4297/4297/4297 4295/4295/4295
f 4300/4300/4300 4302/4302/4302 4295/4295/4295
f 4303/4303/4303 4298/4298/4298 4297/4297/4297
f 4303/4303/4303 4301/4301/4301 4298/4298/4298
f 4302/4302/4302 4303/4303/4303 4297/4297/4297
f 4304/4304/4304 4299/4299/4299 4301/4301/4301
f 4305/4305/4305 4300/4300/4300 4299/4299/4299
f 4304/4304/4304 4305/4305/4305 4299/4299/4299
f 4306/4306/4306 4301/4301/4301 4303/4303/4303
f 4306/4306/4306 4304/4304/4304 4301/4301/4301
f 4307/4307/4307 4302/4302/4302 4300/4300/4300
f 4305/4305/4305 4307/4307/4307 4300/4300/4300
f 4308/4308/4308 4303/4303/4303 4302/4302/4302
f 4308/4308/4308 4306/4306/4306 4303/4303/4303
f 4307/4307/4307 4308/4308/4308 4302/4302/4302
f 4309/4309/4309 4304/4304/4304 4306/4306/4306
f 4310/4310/4310 4305/4305/4305 4304/4304/4304
f 4309/4309/4309 4310/4310/4310 4304/4304/4304
f 4311/4311/4311 4306/4306/4306 4308/4308/4308
f 4311/4311/4311 4309/4309/4309 4306/4306/4306
f 4312/4312/4312 4307/4307/4307 4305/4305/4305
f 4310/4310/4310 4312/4312/4312 4305/4305/4305
f 4313/4313/4313 4308/4308/4308 4307/4307/4307
f 4313/4313/4313 4311/4311/4311 4308/4308/4308
f 4312/4312/4312 4313/4313/4313 4307/4307/4307
f 4314/4314/4314 4309/4309/4309 4311/4311/4311
f 4315/4315/4315 4310/4310/4310 4309/4309/4309
f 4314/4314/4314 4315/4315/4315 4309/4309/4309
f 4316/4316/4316 4311/4311/4311 4313/4313/4313
f 4316/4316/4316 4314/4314/4314 4311/4311/4311
f 4317/4317/4317 4312/4312/4312 4310/4310/4310
f 4315/4315/4315 4317/4317/4317 4310/4310/4310
f 4318/4318/4318 4313/4313/4313 4312/4312/4312
f 4318/4318/4318 4316/4316/4316 4313/4313/4313
f 4317/4317/4317 4318/4318/4318 4312/4312/4312
f 4319/4319/4319 4314/4314/4314 4316/4316/4316
f 4320/4320/4320 4315/4315/4315 4314/4314/4314
f 4319/4319/4319 4320/4320/4320 4314/4314/4314
f 4321/4321/4321 4316/4316/4316 4318/4318/4318
f 4321/4321/4321 4319/4319/4319 4316/4316/4316
f 4322/4322/4322 4317/4317/4317 4315/4315/4315
f 4320/4320/4320 4322/4322/4322 4315/4315/4315
f 4323/4323/4323 4318/4318/4318 4317/4317/4317
f 4323/4323/4323 4321/4321/4321 4318/4318/4318
f 4322/4322/4322 4323/4323/4323 4317/4317/4317
f 4324/4324/4324 4319/4319/4319 4321/4321/4321
f 4325/4325/4325 4320/4320/4320 4319/4319/4319
f 4324/4324/4324 4325/4325/4325 4319/4319/4319
f 4326/4326/4326 4321/4321/4321 4323/4323/4323
f 4326/4326/4326 4324/4324/4324 4321/4321/4321
f 4327/4327/4327 4322/4322/4322 4320/4320/4320
f 4325/4325/4325 4327/4327/4327 4320/4320/4320
f 4328/4328/4328 4323/4323/4323 4322/4322/4322
f 4328/4328/4328 4326/4326/4326 4323/4323/4323
f 4327/4327/4327 4328/4328/4328 4322/4322/4322
f 4329/4329/4329 4324/4324/4324 4326/4326/4326
f 4330/4330/4330 4325/4325/4325 4324/4324/4324
f 4329/4329/4329 4330/4330/4330 4324/4324/4324
f 4331/4331/4331 4326/4326/4326 4328/4328/4328
f 4331/4331/4331 4329/4329/4329 4326/4326/4326
f 4332/4332/4332 4327/4327/4327 4325/4325/4325
f 4330/4330/4330 4332/4332/4332 4325/4325/4325
f 4333/4333/4333 4328/4328/4328 4327/4327/4327
f 4333/4333/4333 4331/4331/4331 4328/4328/4328
f 4332/4332/4332 4333/4333/4333 4327/4327/4327
f 4334/4334/4334 4329/4329/4329 4331/4331/4331
f 4335/4335/4335 4330/4330/4330 4329/4329/4329
f 4334/4334/4334 4335/4335/4335 4329/4329/4329
f 4336/4336/4336 4331/4331/4331 4333/4333/4333
f 4336/4336/4336 4334/4334/4334 4331/4331/4331
f 4337/4337/4337 4332/4332/4332 4330/4330/4330
f 4335/4335/4335 4337/4337/4337 4330/4330/4330
f 4338/4338/4338 4333/4333/4333 4332/4332/4332
f 4338/4338/4338 4336/4336/4336 4333/4333/4333
f 4337/4337/4337 4338/4338/4338 4332/4332/4332
f 4339/4339/4339 4334/4334/4334 4336/4336/4336
f 4340/4340/4340 4335/4335/4335 4334/4334/4334
f 4339/4339/4339 4340/4340/4340 4334/4334/4334
f 4341/4341/4341 4336/4336/4336 4338/4338/4338
f 4341/4341/4341 4339/4339/4339 4336/4336/4336
f 4342/4342/4342 4337/4337/4337 4335/4335/4335
f 4340/4340/4340 4342/4342/4342 4335/4335/4335
f 4343/4343/4343 4338/4338/4338 4337/4337/4337
f 4343/4343/4343 4341/4341/4341 4338/4338/4338
f 4342/4342/4342 4343/4343/4343 4337/4337/4337
f 4344/4344/4344 4339/4339/4339 4341/4341/4341
f 4345/4345/4345 4340/4340/4340 4339/4339/4339
f 4344/4344/4344 4345/4345/4345 4339/4339/4339
f 4346/4346/4346 4341/4341/4341 4343/4343/4343
f 4346/4346/4346 4344/4344/4344 4341/4341/4341
f 4347/4347/4347 4342/4342/4342 4340/4340/4340
f 4345/4345/4345 4347/4347/4347 4340/4340/4340
f 4348/4348/4348 4343/4343/4343 4342/4342/4342
f 4348/4348/4348 4346/4346/4346 4343/4343/4343
f 4347/4347/4347 4348/4348/4348 4342/4342/4342
f 4349/4349/4349 4344/4344/4344 4346/4346/4346
f 4350/4350/4350 4345/4345/4345 4344/4344/4344
f 4349/4349/4349 4350/4350/4350 4344/4344/4344
f 4351/4351/4351 4346/4346/4346 4348/4348/4348
f 4351/4351/4351 4349/4349/4349 4346/4346/4346
f 4352/4352/4352 4347/4347/4347 4345/4345/4345
f 4350/4350/4350 4352/4352/4352 4345/4345/4345
f 4353/4353/4353 4348/4348/4348 4347/4347/4347
f 4353/4353/4353 4351/4351/4351 4348/4348/4348
f 4352/4352/4352 4353/4353/4353 4347/4347/4347
f 4354/4354/4354 4349/4349/4349 4351/4351/4351
f 4355/4355/4355 4350/4350/4350 4349/4349/4349
f 4354/4354/4354 4355/4355/4355 4349/4349/4349
f 4356/4356/4356 4351/4351/4351 4353/4353/4353
f 4356/4356/4356 4354/4354/4354 4351/4351/4351
f 4357/4357/4357 4352/4352/4352 4350/4350/4350
f 4355/4355/4355 4357/4357/4357 4350/4350/4350
f 4358/4358/4358 4353/4353/4353 4352/4352/4352
f 4358/4358/4358 4356/4356/4356 4353/4353/4353
f 4357/4357/4357 4358/4358/4358 4352/4352/4352
f 4359/4359/4359 4354/4354/4354 4356/4356/4356
f 4360/4360/4360 4355/4355/4355 4354/4354/4354
f 4359/4359/4359 4360/4360/4360 4354/4354/4354
f 4361/4361/4361 4356/4356/4356 4358/4358/4358
f 4361/4361/4361 4359/4359/4359 4356/4356/4356
f 4362/4362/4362 4357/4357/4357 4355/4355/4355
f 4360/4360/4360 4362/4362/4362 4355/4355/4355
f 4363/4363/4363 4358/4358/4358 4357/4357/4357
f 4363/4363/4363 4361/4361/4361 4358/4358/4358
f 4362/4362/4362 4363/4363/4363 4357/4357/4357
f 4364/4364/4364 4359/4359/4359 4361/4361/4361
f 4365/4365/4365 4360/4360/4360 4359/4359/4359
f 4364/4364/4364 4365/4365/4365 4359/4359/4359
f 4366/4366/4366 4361/4361/4361 4363/4363/4363
f 4366/4366/4366 4364/4364/4364 4361/4361/4361
f 4367/4367/4367 4362/4362/4362 4360/4360/4360
f 4365/4365/4365 4367/4367/4367 4360/4360/4360
f 4368/4368/4368 4363/4363/4363 4362/4362/4362
f 4368/4368/4368 4366/4366/4366 4363/4363/4363
f 4367/4367/4367 4368/4368/4368 4362/4362/4362
f 4369/4369/4369 4364/4364/4364 4366/4366/4366
f 4370/4370/4370 4365/4365/4365 4364/4364/4364
f 4369/4369/4369 4370/4370/4370 4364/4364/4364
f 4371/4371/4371 4366/4366/4366 4368/4368/4368
f 4371/4371/4371 4369/4369/4369 4366/4366/4366
f 4372/4372/4372 4367/4367/4367 4365/4365/4365
f 4370/4370/4370 4372/4372/4372 4365/4365/4365
f 4373/4373/4373 4368/4368/4368 4367/4367/4367
f 4373/4373/4373 4371/4371/4371 4368/4368/4368
f 4372/4372/4372 4373/4373/4373 4367/4367/4367
f 4374/4374/4374 4369/4369/4369 4371/4371/4371
f 4375/4375/4375 4370/4370/4370 4369/4369/4369
f 4374/4374/4374 4375/4375/4375 4369/4369/4369
f 4376/4376/4376 4371/4371/4371 4373/4373/4373
f 4376/4376/4376 4374/4374/4374 4371/4371/4371
f 4377/4377/4377 4372/4372/4372 4370/4370/4370
f 4375/4375/4375 4377/4377/4377 4370/4370/4370
f 4378/4378/4378 4373/4373/4373 4372/4372/4372
f 4378/4378/4378 4376/4376/4376 4373/4373/4373
f 4377/4377/4377 4378/4378/4378 4372/4372/4372
f 4379/4379/4379 4374/4374/4374 4376/4376/4376
f 4380/4380/4380 4375/4375/4375 4374/4374/4374
f 4379/4379/4379 4380/4380/4380 4374/4374/4374
f 4381/4381/4381 4376/4376/4376 4378/4378/4378
f 4381/4381/4381 4379/4379/4379 4376/4376/4376
f 4382/4382/4382 4377/4377/4377 4375/4375/4375
f 4380/4380/4380 4382/4382/4382 4375/4375/4375
f 4383/4383/4383 4378/4378/4378 4377/4377/4377
f 4383/4383/4383 4381/4381/4381 4378/4378/4378
f 4382/4382/4382 4383/4383/4383 4377/4377/4377
f 4384/4384/4384 4379/4379/4379 4381/4381/4381
f 4385/4385/4385 4380/4380/4380 4379/4379/4379
f 4384/4384/4384 4385/4385/4385 4379/4379/4379
f 4386/4386/4386 4381/4381/4381 4383/4383/4383
f 4386/4386/4386 4384/4384/4384 4381/4381/4381
f 4387/4387/4387 4382/4382/4382 4380/4380/4380
f 4385/4385/4385 4387/4387/4387 4380/4380/4380
f 4388/4388/4388 4383/4383/4383 4382/4382/4382
f 4388/4388/4388 4386/4386/4386 4383/4383/4383
f 4387/4387/4387 4388/4388/4388 4382/4382/4382
f 4389/4389/4389 4384/4384/4384 4386/4386/4386
f 4390/4390/4390 4385/4385/4385 4384/4384/4384
f 4389/4389/4389 4390/4390/4390 4384/4384/4384
f 4391/4391/4391 4386/4386/4386 4388/4388/4388
f 4391/4391/4391 4389/4389/4389 4386/4386/4386
f 4392/4392/4392 4387/4387/4387 4385/4385/4385
f 4390/4390/4390 4392/4392/4392 4385/4385/4385
f 4393/4393/4393 4388/4388/4388 4387/4387/4387
f 4393/4393/4393 4391/4391/4391 4388/4388/4388
f 4392/4392/4392 4393/4393/4393 4387/4387/4387
f 4394/4394/4394 4389/4389/4389 4391/4391/4391
f 4395/4395/4395 4390/4390/4390 4389/4389/4389
f 4394/4394/4394 4395/4395/4395 4389/4389/4389
f 4396/4396/4396 4391/4391/4391 4393/4393/4393
f 4396/4396/4396 4394/4394/4394 4391/4391/4391
f 4397/4397/4397 4392/4392/4392 4390/4390/4390
f 4395/4395/4395 4397/4397/4397 4390/4390/4390
f 4398/4398/4398 4393/4393/4393 4392/4392/4392
f 4398/4398/4398 4396/4396/4396 4393/4393/4393
f 4397/4397/4397 4398/4398/4398 4392/4392/4392
f 4399/4399/4399 4394/4394/4394 4396/4396/4396
f 4400/4400/4400 4395/4395/4395 4394/4394/4394
f 4399/4399/4399 4400/4400/4400 4394/4394/4394
f 4401/4401/4401 4396/4396/4396 4398/4398/4398
f 4401/4401/4401 4399/4399/4399 4396/4396/4396
f 4402/4402/4402 4397/4397/4397 4395/4395/4395
f 4400/4400/4400 4402/4402/4402 4395/4395/4395
f 4403/4403/4403 4398/4398/4398 4397/4397/4397
f 4403/4403/4403 4401/4401/4401 4398/4398/4398
f 4402/4402/4402 4403/4403/4403 4397/4397/4397
f 4404/4404/4404 4399/4399/4399 4401/4401/4401
f 4405/4405/4405 4400/4400/4400 4399/4399/4399
f 4404/4404/4404 4405/4405/4405 4399/4399/4399
f 4406/4406/4406 4401/4401/4401 4403/4403/4403
f 4406/4406/4406 4404/4404/4404 4401/4401/4401
f 4407/4407/4407 4402/4402/4402 4400/4400/4400
f 4405/4405/4405 4407/4407/4407 4400/4400/4400
f 4408/4408/4408 4403/4403/4403 4402/4402/4402
f 4408/4408/4408 4406/4406/4406 4403/4403/4403
f 4407/4407/4407 4408/4408/4408 4402/4402/4402
f 4409/4409/4409 4404/4404/4404 4406/4406/4406
f 4410/4410/4410 4405/4405/4405 4404/4404/4404
f 4409/4409/4409 4410/4410/4410 4404/4404/4404
f 4411/4411/4411 4406/4406/4406 4408/4408/4408
f 4411/4411/4411 4409/4409/4409 4406/4406/4406
f 4412/4412/4412 4407/4407/4407 4405/4405/4405
f 4410/4410/4410 4412/4412/4412 4405/4405/4405
f 4413/4413/4413 4408/4408/4408 4407/4407/4407
f 4413/4413/4413 4411/4411/4411 4408/4408/4408
f 4412/4412/4412 4413/4413/4413 4407/4407/4407
f 4414/4414/4414 4409/4409/4409 4411/4411/4411
f 4415/4415/4415 4410/4410/4410 4409/4409/4409
f 4414/4414/4414 4415/4415/4415 4409/4409/4409
f 4416/4416/4416 4411/4411/4411 4413/4413/4413
f 4416/4416/4416 4414/4414/4414 4411/4411/4411
f 4417/4417/4417 4412/4412/4412 4410/4410/4410
f 4415/4415/4415 4417/4417/4417 4410/4410/4410
f 4418/4418/4418 4413/4413/4413 4412/4412/4412
f 4418/4418/4418 4416/4416/4416 4413/4413/4413
f 4417/4417/4417 4418/4418/4418 4412/4412/4412
f 4419/4419/4419 4414/4414/4414 4416/4416/4416
f 4420/4420/4420 4419/4419/4419 4416/4416/4416
f 4420/4420/4420 4416/4416/4416 4418/4418/4418
f 4419/4419/4419 4421/4421/4421 4414/4414/4414
f 4421/4421/4421 4415/4415/4415 4414/4414/4414
f 4422/4422/4422 4420/4420/4420 4418/4418/4418
f 4422/4422/4422 4418/4418/4418 4417/4417/4417
f 4421/4421/4421 4423/4423/4423 4415/4415/4415
f 4423/4423/4423 4417/4417/4417 4415/4415/4415
f 4423/4423/4423 4422/4422/4422 4417/4417/4417
f 4426/4426/4426 4425/4425/4425 4424/4424/4424
f 4427/4427/4427 4426/4426/4426 4424/4424/4424
f 4424/4424/4424 4425/4425/4425 4428/4428/4428
f 4429/4429/4429 4426/4426/4426 4427/4427/4427
f 4430/4430/4430 4429/4429/4429 4427/4427/4427
f 4425/4425/4425 4431/4431/4431 4428/4428/4428
f 4428/4428/4428 4431/4431/4431 4432/4432/4432
f 4432/4432/4432 4433/4433/4433 4430/4430/4430
f 4433/4433/4433 4429/4429/4429 4430/4430/4430
f 4431/4431/4431 4433/4433/4433 4432/4432/4432
f 4426/4426/4426 4434/4434/4434 4425/4425/4425
f 4429/4429/4429 4435/4435/4435 4426/4426/4426
f 4435/4435/4435 4434/4434/4434 4426/4426/4426
f 4433/4433/4433 4436/4436/4436 4429/4429/4429
f 4436/4436/4436 4435/4435/4435 4429/4429/4429
f 4431/4431/4431 4437/4437/4437 4433/4433/4433
f 4437/4437/4437 4436/4436/4436 4433/4433/4433
f 4425/4425/4425 4438/4438/4438 4431/4431/4431
f 4434/4434/4434 4438/4438/4438 4425/4425/4425
f 4438/4438/4438 4437/4437/4437 4431/4431/4431
f 4435/4435/4435 4439/4439/4439 4434/4434/4434
f 4436/4436/4436 4440/4440/4440 4435/4435/4435
f 4440/4440/4440 4439/4439/4439 4435/4435/4435
f 4437/4437/4437 4441/4441/4441 4436/4436/4436
f 4441/4441/4441 4440/4440/4440 4436/4436/4436
f 4434/4434/4434 4442/4442/4442 4438/4438/4438
f 4439/4439/4439 4442/4442/4442 4434/4434/4434
f 4438/4438/4438 4443/4443/4443 4437/4437/4437
f 4443/4443/4443 4441/4441/4441 4437/4437/4437
f 4442/4442/4442 4443/4443/4443 4438/4438/4438
f 4440/4440/4440 4444/4444/4444 4439/4439/4439
f 4441/4441/4441 4445/4445/4445 4440/4440/4440
f 4445/4445/4445 4444/4444/4444 4440/4440/4440
f 4443/4443/4443 4446/4446/4446 4441/4441/4441
f 4446/4446/4446 4445/4445/4445 4441/4441/4441
f 4442/4442/4442 4447/4447/4447 4443/4443/4443
f 4447/4447/4447 4446/4446/4446 4443/4443/4443
f 4439/4439/4439 4448/4448/4448 4442/4442/4442
f 4444/4444/4444 4448/4448/4448 4439/4439/4439
f 4448/4448/4448 4447/4447/4447 4442/4442/4442
f 4445/4445/4445 4449/4449/4449 4444/4444/4444
f 4446/4446/4446 4450/4450/4450 4445/4445/4445
f 4450/4450/4450 4449/4449/4449 4445/4445/4445
f 4447/4447/4447 4451/4451/4451 4446/4446/4446
f 4451/4451/4451 4450/4450/4450 4446/4446/4446
f 4448/4448/4448 4452/4452/4452 4447/4447/4447
f 4452/4452/4452 4451/4451/4451 4447/4447/4447
f 4444/4444/4444 4453/4453/4453 4448/4448/4448
f 4449/4449/4449 4453/4453/4453 4444/4444/4444
f 4453/4453/4453 4452/4452/4452 4448/4448/4448
f 4451/4451/4451 4454/4454/4454 4450/4450/4450
f 4450/4450/4450 4455/4455/4455 4449/4449/4449
f 4454/4454/4454 4455/4455/4455 4450/4450/4450
f 4452/4452/4452 4456/4456/4456 4451/4451/4451
f 4456/4456/4456 4454/4454/4454 4451/4451/4451
f 4453/4453/4453 4457/4457/4457 4452/4452/4452
f 4457/4457/4457 4456/4456/4456 4452/4452/4452
f 4449/4449/4449 4458/4458/4458 4453/4453/4453
f 4455/4455/4455 4458/4458/4458 4449/4449/4449
f 4458/4458/4458 4457/4457/4457 4453/4453/4453
f 4454/4454/4454 4459/4459/4459 4455/4455/4455
f 4456/4456/4456 4460/4460/4460 4454/4454/4454
f 4460/4460/4460 4459/4459/4459 4454/4454/4454
f 4457/4457/4457 4461/4461/4461 4456/4456/4456
f 4461/4461/4461 4460/4460/4460 4456/4456/4456
f 4458/4458/4458 4462/4462/4462 4457/4457/4457
f 4462/4462/4462 4461/4461/4461 4457/4457/4457
f 4455/4455/4455 4463/4463/4463 4458/4458/4458
f 4459/4459/4459 4463/4463/4463 4455/4455/4455
f 4463/4463/4463 4462/4462/4462 4458/4458/4458
f 4460/4460/4460 4464/4464/4464 4459/4459/4459
f 4461/4461/4461 4465/4465/4465 4460/4460/4460
f 4465/4465/4465 4464/4464/4464 4460/4460/4460
f 4462/4462/4462 4466/4466/4466 4461/4461/4461
f 4466/4466/4466 4465/4465/4465 4461/4461/4461
f 4459/4459/4459 4467/4467/4467 4463/4463/4463
f 4464/4464/4464 4467/4467/4467 4459/4459/4459
f 4463/4463/4463 4468/4468/4468 4462/4462/4462
f 4468/4468/4468 4466/4466/4466 4462/4462/4462
f 4467/4467/4467 4468/4468/4468 4463/4463/4463
f 4465/4465/4465 4469/4469/4469 4464/4464/4464
f 4466/4466/4466 4470/4470/4470 4465/4465/4465
f 4470/4470/4470 4469/4469/4469 4465/4465/4465
f 4468/4468/4468 4471/4471/4471 4466/4466/4466
f 4471/4471/4471 4470/4470/4470 4466/4466/4466
f 4467/4467/4467 4472/4472/4472 4468/4468/4468
f 4472/4472/4472 4471/4471/4471 4468/4468/4468
f 4464/4464/4464 4473/4473/4473 4467/4467/4467
f 4469/4469/4469 4473/4473/4473 4464/4464/4464
f 4473/4473/4473 4472/4472/4472 4467/4467/4467
f 4470/4470/4470 4474/4474/4474 4469/4469/4469
f 4471/4471/4471 4475/4475/4475 4470/4470/4470
f 4475/4475/4475 4474/4474/4474 4470/4470/4470
f 4472/4472/4472 4476/4476/4476 4471/4471/4471
f 4476/4476/4476 4475/4475/4475 4471/4471/4471
f 4473/4473/4473 4477/4477/4477 4472/4472/4472
f 4477/4477/4477 4476/4476/4476 4472/4472/4472
f 4469/4469/4469 4478/4478/4478 4473/4473/4473
f 4474/4474/4474 4478/4478/4478 4469/4469/4469
f 4478/4478/4478 4477/4477/4477 4473/4473/4473
f 4476/4476/4476 4479/4479/4479 4475/4475/4475
f 4475/4475/4475 4480/4480/4480 4474/4474/4474
f 4479/4479/4479 4480/4480/4480 4475/4475/4475
f 4477/4477/4477 4481/4481/4481 4476/4476/4476
f 4481/4481/4481 4479/4479/4479 4476/4476/4476
f 4478/4478/4478 4482/4482/4482 4477/4477/4477
f 4482/4482/4482 4481/4481/4481 4477/4477/4477
f 4474/4474/4474 4483/4483/4483 4478/4478/4478
f 4480/4480/4480 4483/4483/4483 4474/4474/4474
f 4483/4483/4483 4482/4482/4482 4478/4478/4478
f 4479/4479/4479 4484/4484/4484 4480/4480/4480
f 4481/4481/4481 4485/4485/4485 4479/4479/4479
f 4485/4485/4485 4484/4484/4484 4479/4479/4479
f 4482/4482/4482 4486/4486/4486 4481/4481/4481
f 4486/4486/4486 4485/4485/4485 4481/4481/4481
f 4483/4483/4483 4487/4487/4487 4482/4482/4482
f 4487/4487/4487 4486/4486/4486 4482/4482/4482
f 4480/4480/4480 4488/4488/4488 4483/4483/4483
f 4484/4484/4484 4488/4488/4488 4480/4480/4480
f 4488/4488/4488 4487/4487/4487 4483/4483/4483
f 4485/4485/4485 4489/4489/4489 4484/4484/4484
f 4486/4486/4486 4490/4490/4490 4485/4485/4485
f 4490/4490/4490 4489/4489/4489 4485/4485/4485
f 4487/4487/4487 4491/4491/4491 4486/4486/4486
f 4491/4491/4491 4490/4490/4490 4486/4486/4486
f 4484/4484/4484 4492/4492/4492 4488/4488/4488
f 4489/4489/4489 4492/4492/4492 4484/4484/4484
f 4488/4488/4488 4493/4493/4493 4487/4487/4487
f 4493/4493/4493 4491/4491/4491 4487/4487/4487
f 4492/4492/4492 4493/4493/4493 4488/4488/4488
f 4490/4490/4490 4494/4494/4494 4489/4489/4489
f 4494/4494/4494 4495/4495/4495 4489/4489/4489
f 4489/4489/4489 4495/4495/4495 4492/4492/4492
f 4496/4496/4496 4494/4494/4494 4490/4490/4490
f 4491/4491/4491 4496/4496/4496 4490/4490/4490
f 4495/4495/4495 4497/4497/4497 4492/4492/4492
f 4492/4492/4492 4497/4497/4497 4493/4493/4493
f 4498/4498/4498 4496/4496/4496 4491/4491/4491
f 4497/4497/4497 4498/4498/4498 4493/4493/4493
f 4493/4493/4493 4498/4498/4498 4491/4491/4491
f 1812/1812/1812 4500/4500/4500 4499/4499/4499
f 4500/4500/4500 4501/4501/4501 4499/4499/4499
f 4500/4500/4500 4502/4502/4502 4501/4501/4501
f 1812/1812/1812 4499/4499/4499 4503/4503/4503
f 4504/4504/4504 1812/1812/1812 4503/4503/4503
f 4502/4502/4502 4505/4505/4505 4501/4501/4501
f 4502/4502/4502 4506/4506/4506 4505/4505/4505
f 4506/4506/4506 4504/4504/4504 4507/4507/4507
f 4504/4504/4504 4503/4503/4503 4507/4507/4507
f 4506/4506/4506 4507/4507/4507 4505/4505/4505
f 4499/4499/4499 4501/4501/4501 4508/4508/4508
f 4503/4503/4503 4499/4499/4499 4509/4509/4509
f 4499/4499/4499 4508/4508/4508 4509/4509/4509
f 4501/4501/4501 4505/4505/4505 4510/4510/4510
f 4501/4501/4501 4510/4510/4510 4508/4508/4508
f 4505/4505/4505 4507/4507/4507 4511/4511/4511
f 4505/4505/4505 4511/4511/4511 4510/4510/4510
f 4507/4507/4507 4503/4503/4503 4512/4512/4512
f 4503/4503/4503 4509/4509/4509 4512/4512/4512
f 4507/4507/4507 4512/4512/4512 4511/4511/4511
f 4508/4508/4508 4510/4510/4510 4513/4513/4513
f 4509/4509/4509 4508/4508/4508 4514/4514/4514
f 4508/4508/4508 4513/4513/4513 4514/4514/4514
f 4510/4510/4510 4511/4511/4511 4515/4515/4515
f 4510/4510/4510 4515/4515/4515 4513/4513/4513
f 4511/4511/4511 4512/4512/4512 4516/4516/4516
f 4511/4511/4511 4516/4516/4516 4515/4515/4515
f 4512/4512/4512 4509/4509/4509 4517/4517/4517
f 4509/4509/4509 4514/4514/4514 4517/4517/4517
f 4512/4512/4512 4517/4517/4517 4516/4516/4516
f 4513/4513/4513 4515/4515/4515 4518/4518/4518
f 4514/4514/4514 4513/4513/4513 4519/4519/4519
f 4513/4513/4513 4518/4518/4518 4519/4519/4519
f 4515/4515/4515 4516/4516/4516 4520/4520/4520
f 4515/4515/4515 4520/4520/4520 4518/4518/4518
f 4516/4516/4516 4517/4517/4517 4521/4521/4521
f 4516/4516/4516 4521/4521/4521 4520/4520/4520
f 4517/4517/4517 4514/4514/4514 4522/4522/4522
f 4514/4514/4514 4519/4519/4519 4522/4522/4522
f 4517/4517/4517 4522/4522/4522 4521/4521/4521
f 4518/4518/4518 4520/4520/4520 4523/4523/4523
f 4519/4519/4519 4518/4518/4518 4524/4524/4524
f 4518/4518/4518 4523/4523/4523 4524/4524/4524
f 4520/4520/4520 4521/4521/4521 4525/4525/4525
f 4520/4520/4520 4525/4525/4525 4523/4523/4523
f 4521/4521/4521 4522/4522/4522 4526/4526/4526
f 4521/4521/4521 4526/4526/4526 4525/4525/4525
f 4522/4522/4522 4519/4519/4519 4527/4527/4527
f 4519/4519/4519 4524/4524/4524 4527/4527/4527
f 4522/4522/4522 4527/4527/4527 4526/4526/4526
f 4523/4523/4523 4525/4525/4525 4528/4528/4528
f 4524/4524/4524 4523/4523/4523 4529/4529/4529
f 4523/4523/4523 4528/4528/4528 4529/4529/4529
f 4525/4525/4525 4526/4526/4526 4530/4530/4530
f 4525/4525/4525 4530/4530/4530 4528/4528/4528
f 4526/4526/4526 4527/4527/4527 4531/4531/4531
f 4526/4526/4526 4531/4531/4531 4530/4530/4530
f 4527/4527/4527 4524/4524/4524 4532/4532/4532
f 4524/4524/4524 4529/4529/4529 4532/4532/4532
f 4527/4527/4527 4532/4532/4532 4531/4531/4531
f 4528/4528/4528 4530/4530/4530 4533/4533/4533
f 4529/4529/4529 4528/4528/4528 4534/4534/4534
f 4528/4528/4528 4533/4533/4533 4534/4534/4534
f 4530/4530/4530 4531/4531/4531 4535/4535/4535
f 4530/4530/4530 4535/4535/4535 4533/4533/4533
f 4531/4531/4531 4532/4532/4532 4536/4536/4536
f 4531/4531/4531 4536/4536/4536 4535/4535/4535
f 4532/4532/4532 4529/4529/4529 4537/4537/4537
f 4529/4529/4529 4534/4534/4534 4537/4537/4537
f 4532/4532/4532 4537/4537/4537 4536/4536/4536
f 4533/4533/4533 4535/4535/4535 4538/4538/4538
f 4534/4534/4534 4533/4533/4533 4539/4539/4539
f 4533/4533/4533 4538/4538/4538 4539/4539/4539
f 4535/4535/4535 4536/4536/4536 4540/4540/4540
f 4535/4535/4535 4540/4540/4540 4538/4538/4538
f 4536/4536/4536 4537/4537/4537 4541/4541/4541
f 4536/4536/4536 4541/4541/4541 4540/4540/4540
f 4537/4537/4537 4534/4534/4534 4542/4542/4542
f 4534/4534/4534 4539/4539/4539 4542/4542/4542
f 4537/4537/4537 4542/4542/4542 4541/4541/4541
f 4538/4538/4538 4540/4540/4540 4543/4543/4543
f 4539/4539/4539 4538/4538/4538 4544/4544/4544
f 4544/4544/4544 4538/4538/4538 4543/4543/4543
f 4540/4540/4540 4541/4541/4541 4545/4545/4545
f 4543/4543/4543 4540/4540/4540 4545/4545/4545
f 4541/4541/4541 4542/4542/4542 4546/4546/4546
f 4545/4545/4545 4541/4541/4541 4546/4546/4546
f 4542/4542/4542 4539/4539/4539 4547/4547/4547
f 4547/4547/4547 4539/4539/4539 4544/4544/4544
f 4546/4546/4546 4542/4542/4542 4547/4547/4547
f 4544/4544/4544 4543/4543/4543 4548/4548/4548
f 4543/4543/4543 4545/4545/4545 4549/4549/4549
f 4543/4543/4543 4549/4549/4549 4548/4548/4548
f 4547/4547/4547 4544/4544/4544 4550/4550/4550
f 4544/4544/4544 4548/4548/4548 4550/4550/4550
f 4545/4545/4545 4546/4546/4546 4551/4551/4551
f 4545/4545/4545 4551/4551/4551 4549/4549/4549
f 4546/4546/4546 4547/4547/4547 4552/4552/4552
f 4547/4547/4547 4550/4550/4550 4552/4552/4552
f 4546/4546/4546 4552/4552/4552 4551/4551/4551
f 4548/4548/4548 4549/4549/4549 4553/4553/4553
f 4550/4550/4550 4548/4548/4548 4554/4554/4554
f 4548/4548/4548 4553/4553/4553 4554/4554/4554
f 4549/4549/4549 4551/4551/4551 4555/4555/4555
f 4549/4549/4549 4555/4555/4555 4553/4553/4553
f 4551/4551/4551 4552/4552/4552 4556/4556/4556
f 4551/4551/4551 4556/4556/4556 4555/4555/4555
f 4552/4552/4552 4550/4550/4550 4557/4557/4557
f 4550/4550/4550 4554/4554/4554 4557/4557/4557
f 4552/4552/4552 4557/4557/4557 4556/4556/4556
f 4553/4553/4553 4555/4555/4555 4558/4558/4558
f 4554/4554/4554 4553/4553/4553 4559/4559/4559
f 4553/4553/4553 4558/4558/4558 4559/4559/4559
f 4555/4555/4555 4556/4556/4556 4560/4560/4560
f 4555/4555/4555 4560/4560/4560 4558/4558/4558
f 4556/4556/4556 4557/4557/4557 4561/4561/4561
f 4556/4556/4556 4561/4561/4561 4560/4560/4560
f 4557/4557/4557 4554/4554/4554 4562/4562/4562
f 4554/4554/4554 4559/4559/4559 4562/4562/4562
f 4557/4557/4557 4562/4562/4562 4561/4561/4561
f 4558/4558/4558 4560/4560/4560 4563/4563/4563
f 4559/4559/4559 4558/4558/4558 4564/4564/4564
f 4558/4558/4558 4563/4563/4563 4564/4564/4564
f 4560/4560/4560 4561/4561/4561 4565/4565/4565
f 4560/4560/4560 4565/4565/4565 4563/4563/4563
f 4561/4561/4561 4562/4562/4562 4566/4566/4566
f 4561/4561/4561 4566/4566/4566 4565/4565/4565
f 4562/4562/4562 4559/4559/4559 4567/4567/4567
f 4559/4559/4559 4564/4564/4564 4567/4567/4567
f 4562/4562/4562 4567/4567/4567 4566/4566/4566
f 4563/4563/4563 4565/4565/4565 4568/4568/4568
f 4564/4564/4564 4563/4563/4563 4569/4569/4569
f 4563/4563/4563 4568/4568/4568 4569/4569/4569
f 4565/4565/4565 4566/4566/4566 4570/4570/4570
f 4565/4565/4565 4570/4570/4570 4568/4568/4568
f 4566/4566/4566 4567/4567/4567 4571/4571/4571
f 4566/4566/4566 4571/4571/4571 4570/4570/4570
f 4567/4567/4567 4564/4564/4564 4572/4572/4572
f 4564/4564/4564 4569/4569/4569 4572/4572/4572
f 4567/4567/4567 4572/4572/4572 4571/4571/4571
f 4568/4568/4568 4570/4570/4570 4573/4573/4573
f 4569/4569/4569 4568/4568/4568 4574/4574/4574
f 4568/4568/4568 4573/4573/4573 4574/4574/4574
f 4570/4570/4570 4571/4571/4571 4575/4575/4575
f 4570/4570/4570 4575/4575/4575 4573/4573/4573
f 4571/4571/4571 4572/4572/4572 4576/4576/4576
f 4571/4571/4571 4576/4576/4576 4575/4575/4575
f 4572/4572/4572 4569/4569/4569 4577/4577/4577
f 4569/4569/4569 4574/4574/4574 4577/4577/4577
f 4572/4572/4572 4577/4577/4577 4576/4576/4576
f 4573/4573/4573 4575/4575/4575 4578/4578/4578
f 4574/4574/4574 4573/4573/4573 4579/4579/4579
f 4573/4573/4573 4578/4578/4578 4579/4579/4579
f 4575/4575/4575 4576/4576/4576 4580/4580/4580
f 4575/4575/4575 4580/4580/4580 4578/4578/4578
f 4576/4576/4576 4577/4577/4577 4581/4581/4581
f 4576/4576/4576 4581/4581/4581 4580/4580/4580
f 4577/4577/4577 4574/4574/4574 4582/4582/4582
f 4574/4574/4574 4579/4579/4579 4582/4582/4582
f 4577/4577/4577 4582/4582/4582 4581/4581/4581
f 4578/4578/4578 4580/4580/4580 4583/4583/4583
f 4579/4579/4579 4578/4578/4578 4584/4584/4584
f 4578/4578/4578 4583/4583/4583 4584/4584/4584
f 4580/4580/4580 4581/4581/4581 4585/4585/4585
f 4580/4580/4580 4585/4585/4585 4583/4583/4583
f 4581/4581/4581 4582/4582/4582 4586/4586/4586
f 4581/4581/4581 4586/4586/4586 4585/4585/4585
f 4582/4582/4582 4579/4579/4579 4587/4587/4587
f 4579/4579/4579 4584/4584/4584 4587/4587/4587
f 4582/4582/4582 4587/4587/4587 4586/4586/4586
f 4583/4583/4583 4585/4585/4585 4588/4588/4588
f 4584/4584/4584 4583/4583/4583 4589/4589/4589
f 4583/4583/4583 4588/4588/4588 4589/4589/4589
f 4585/4585/4585 4586/4586/4586 4590/4590/4590
f 4585/4585/4585 4590/4590/4590 4588/4588/4588
f 4586/4586/4586 4587/4587/4587 4591/4591/4591
f 4586/4586/4586 4591/4591/4591 4590/4590/4590
f 4587/4587/4587 4584/4584/4584 4592/4592/4592
f 4584/4584/4584 4589/4589/4589 4592/4592/4592
f 4587/4587/4587 4592/4592/4592 4591/4591/4591
f 4588/4588/4588 4590/4590/4590 4593/4593/4593
f 4590/4590/4590 4594/4594/4594 4593/4593/4593
f 4590/4590/4590 4591/4591/4591 4594/4594/4594
f 4588/4588/4588 4593/4593/4593 4595/4595/4595
f 4589/4589/4589 4588/4588/4588 4595/4595/4595
f 4591/4591/4591 4596/4596/4596 4594/4594/4594
f 4591/4591/4591 4592/4592/4592 4596/4596/4596
f 4589/4589/4589 4595/4595/4595 4597/4597/4597
f 4592/4592/4592 4597/4597/4597 4596/4596/4596
f 4592/4592/4592 4589/4589/4589 4597/4597/4597
