# Meridian HT tube mesh
v 0.0037544219491958686 0.16762408608111573 0.006210509699832917
v 0.002441882949195867 0.16671206008111572 0.005179408899832913
v 0.0029297619491958637 0.1667870580811157 0.006246309699832919
v 0.0037762229491958565 0.16806639708111573 0.005121510499832914
v 0.00296486894919587 0.16750270108111573 0.004484310699832919
v -0.008386686050804143 0.1775430890811157 0.008418045899832916
v -0.008884415050804145 0.17685523608111572 0.009231049599832918
v 0.002441882949195867 0.16671206008111572 0.005179408899832913
v -0.018079892050804125 0.19003465808111572 0.012173749499832916
v -0.017166212050804125 0.19026728008111574 0.011470895299832917
v -0.007449523050804124 0.1780602780811157 0.008904058499832918
v 0.0037544219491958686 0.16762408608111573 0.006210509699832917
v -0.016184032050804126 0.1901769490811157 0.01211067289983292
v -0.007368222050804146 0.17769210008111572 0.010017547799832917
v 0.0029297619491958637 0.1667870580811157 0.006246309699832919
v -0.016490862050804134 0.18988859608111572 0.01320895549983292
v -0.008255064050804145 0.17694735508111573 0.010219655899832918
v -0.017662570050804127 0.1898006500811157 0.013247881099832916
v -0.008255064050804145 0.17694735508111573 0.010219655899832918
v 0.0029297619491958637 0.1667870580811157 0.006246309699832919
v 0.002441882949195867 0.16671206008111572 0.005179408899832913
v -0.008884415050804145 0.17685523608111572 0.009231049599832918
v -0.017662570050804127 0.1898006500811157 0.013247881099832916
v -0.018079892050804125 0.19003465808111572 0.012173749499832916
v -0.03412474705080415 0.16391781008111572 -0.0037072618001670853
v -0.03547798105080413 0.16476827908111571 -0.004738362500167084
v -0.035217881050804145 0.1643487510811157 -0.0036714636001670825
v -0.03370924305080414 0.16407099408111572 -0.004796262800167084
v -0.034545660050804144 0.16459673608111572 -0.005433462600167083
v -0.02454136305080415 0.1773597450811157 0.003925967999832913
v -0.02536921205080414 0.17754828908111572 0.004738971599832914
v -0.03547798105080413 0.16476827908111571 -0.004738362500167084
v -0.018079892050804125 0.19003465808111572 0.012173749499832916
v -0.017166212050804125 0.19026728008111574 0.011470895299832917
v -0.02369843405080413 0.17670001108111572 0.004411980499832914
v -0.03412474705080415 0.16391781008111572 -0.0037072618001670853
v -0.016184032050804126 0.1901769490811157 0.01211067289983292
v -0.024005353050804146 0.17648100808111572 0.005525473499832914
v -0.035217881050804145 0.1643487510811157 -0.0036714636001670825
v -0.016490862050804134 0.18988859608111572 0.01320895549983292
v -0.025037944050804145 0.17700530608111573 0.0057275779998329154
v -0.017662570050804127 0.18980063508111572 0.013247881099832916
v -0.025037944050804145 0.17700530608111573 0.0057275779998329154
v -0.035217881050804145 0.1643487510811157 -0.0036714636001670825
v -0.03547798105080413 0.16476827908111571 -0.004738362500167084
v -0.02536921205080414 0.17754828908111572 0.004738971599832914
v -0.017662570050804127 0.18980063508111572 0.013247881099832916
v -0.018079892050804125 0.19003465808111572 0.012173749499832916
v 0.0050491989491958655 0.1535569730811157 0.004823278599832913
v 0.003736659949195864 0.15264490208111572 0.0037921778998329173
v 0.004224538949195861 0.15271993008111573 0.004859078699832917
v 0.005070998949195854 0.15399923908111574 0.003734279399832917
v 0.004259675949195851 0.1534355880811157 0.0030970796998329164
v -0.0070919100508041455 0.16347594608111574 0.007030814899832913
v -0.007589638050804148 0.1627881080811157 0.007843818499832914
v 0.003736659949195864 0.15264490208111572 0.0037921778998329173
v -0.016783059050804128 0.17594118408111573 0.008981037899832914
v -0.015871435050804128 0.17620016608111572 0.008285533599832917
v -0.006154731050804135 0.1639931350811157 0.0075168273998329135
v 0.0050491989491958655 0.1535569730811157 0.004823278599832913
v -0.014888585050804148 0.17610117808111572 0.008922867499832919
v -0.006073445050804149 0.16362498708111572 0.008630320399832914
v 0.004224538949195861 0.15271993008111573 0.004859078699832917
v -0.015192911050804142 0.17578116108111572 0.010012358399832916
v -0.006960288050804148 0.16288021208111572 0.008832424899832915
v -0.01636378505080413 0.17568230608111574 0.010048322399832915
v -0.006960288050804148 0.16288021208111572 0.008832424899832915
v 0.004224538949195861 0.15271993008111573 0.004859078699832917
v 0.003736659949195864 0.15264490208111572 0.0037921778998329173
v -0.007589638050804148 0.1627881080811157 0.007843818499832914
v -0.01636378505080413 0.17568230608111574 0.010048322399832915
v -0.016783059050804128 0.17594118408111573 0.008981037899832914
v -0.03282995505080413 0.1498506810811157 -0.006892627100167085
v -0.034183204050804133 0.1507011350811157 -0.007923727900167085
v -0.03392308905080413 0.15028162308111573 -0.006856828900167082
v -0.03241446605080414 0.1500038650811157 -0.007981628200167085
v -0.03325086805080413 0.15052960808111573 -0.008618827900167082
v -0.023246571050804132 0.16329260208111573 0.0007406062998329133
v -0.02407442005080415 0.1634811610811157 0.0015536061998329131
v -0.034183204050804133 0.1507011350811157 -0.007923727900167085
v -0.016783059050804128 0.17594118408111573 0.008981037899832914
v -0.015871435050804128 0.17620016608111572 0.008285533599832917
v -0.02240364205080414 0.16263285308111572 0.0012266151998329144
v -0.03282995505080413 0.1498506810811157 -0.006892627100167085
v -0.014888585050804148 0.17610117808111572 0.008922867499832919
v -0.02271056205080413 0.16241389508111573 0.0023401118998329154
v -0.03392308905080413 0.15028162308111573 -0.006856828900167082
v -0.015192911050804142 0.17578116108111572 0.010012358399832916
v -0.023743153050804128 0.16293816308111572 0.0025422162998329154
v -0.01636378505080413 0.17568230608111574 0.010048322399832915
v -0.023743153050804128 0.16293816308111572 0.0025422162998329154
v -0.03392308905080413 0.15028162308111573 -0.006856828900167082
v -0.034183204050804133 0.1507011350811157 -0.007923727900167085
v -0.02407442005080415 0.1634811610811157 0.0015536061998329131
v -0.01636378505080413 0.17568230608111574 0.010048322399832915
v -0.016783059050804128 0.17594118408111573 0.008981037899832914
v 0.0035862479491958754 0.13572362108111571 0.0027420557998329154
v 0.002273708949195874 0.1348115800811157 0.0017109550998329129
v 0.0027615879491958706 0.13488657808111573 0.002777855799832918
v 0.003608047949195864 0.13616591708111572 0.0016530565998329194
v 0.0027967239491958618 0.1356022360811157 0.001015856899832919
v -0.005028188050804128 0.14980612708111574 0.0014195069998329188
v -0.00552591705080413 0.14911830408111573 0.0022325105998329195
v 0.002273708949195874 0.1348115800811157 0.0017109550998329129
v -0.015756205050804134 0.16184230108111572 0.005674775699832914
v -0.014844596050804126 0.1621012840811157 0.004979271399832917
v -0.004091024050804137 0.1503233160811157 0.0019055194998329195
v 0.0035862479491958754 0.13572362108111571 0.0027420557998329154
v -0.013861731050804127 0.16200228008111572 0.005616605299832919
v -0.004009724050804131 0.14995516808111573 0.0030190124998329196
v 0.0027615879491958706 0.13488657808111573 0.002777855799832918
v -0.01416607205080414 0.1616822780811157 0.006706099999832918
v -0.00489656605080413 0.14921040808111571 0.003221116999832914
v -0.015336931050804137 0.16158340908111574 0.006742063899832916
v -0.00489656605080413 0.14921040808111571 0.003221116999832914
v 0.0027615879491958706 0.13488657808111573 0.002777855799832918
v 0.002273708949195874 0.1348115800811157 0.0017109550998329129
v -0.00552591705080413 0.14911830408111573 0.0022325105998329195
v -0.015336931050804137 0.16158340908111574 0.006742063899832916
v -0.015756205050804134 0.16184230108111572 0.005674775699832914
v -0.03180311605080413 0.1357517840811157 -0.008026056000167085
v -0.03315636505080413 0.1366022380811157 -0.009057156700167084
v -0.03289625005080413 0.13618274008111572 -0.007990256000167083
v -0.03138761205080415 0.1359049680811157 -0.009115055200167085
v -0.032224029050804126 0.13643071008111574 -0.009752254900167085
v -0.02221973205080413 0.14919371908111573 -0.002565657700167083
v -0.02304758105080415 0.14938227808111573 -0.0017526578001670831
v -0.03315636505080413 0.1366022380811157 -0.009057156700167084
v -0.015756205050804134 0.16184230108111572 0.005674775699832914
v -0.014844596050804126 0.1621012840811157 0.004979271399832917
v -0.02137680305080414 0.1485339700811157 -0.0020796452001670823
v -0.03180311605080413 0.1357517840811157 -0.008026056000167085
v -0.013861731050804127 0.16200228008111572 0.005616605299832919
v -0.021683723050804127 0.14831499708111573 -0.0009661522001670822
v -0.03289625005080413 0.13618274008111572 -0.007990256000167083
v -0.01416607205080414 0.1616822780811157 0.006706099999832918
v -0.022716314050804126 0.14883928008111572 -0.0007640477001670844
v -0.015336931050804137 0.16158340908111574 0.006742063899832916
v -0.022716314050804126 0.14883928008111572 -0.0007640477001670844
v -0.03289625005080413 0.13618274008111572 -0.007990256000167083
v -0.03315636505080413 0.1366022380811157 -0.009057156700167084
v -0.02304758105080415 0.14938227808111573 -0.0017526578001670831
v -0.015336931050804137 0.16158340908111574 0.006742063899832916
v -0.015756205050804134 0.16184230108111572 0.005674775699832914
v 0.3931580929491959 -0.08938798291888428 -0.006959805300167085
v 0.39251477994919587 -0.08943626291888429 -0.007942603900167083
v 0.3924226309491958 -0.08940651991888426 -0.006042903300167084
v 0.39132459494919586 -0.08946618391888428 -0.006459103900167084
v 0.39138197894919585 -0.08948463191888428 -0.007633205500167085
v 0.39215692894919585 -0.08628213391888429 -0.007335124500167083
v 0.39210046794919584 -0.08627358091888426 -0.0061609261001670836
v 0.3924226309491958 -0.08940651991888426 -0.006042903300167084
v 0.39329096694919585 -0.08625358391888427 -0.007644126200167085
v 0.39251477994919587 -0.08943626291888429 -0.007942603900167083
v 0.3931994139491959 -0.08623969591888425 -0.005744224400167083
v 0.3931580929491959 -0.08938798291888428 -0.006959805300167085
v 0.3939351889491959 -0.0862274169188843 -0.006660925200167082
v 0.39276862094919585 -0.07909312891888426 -0.007106849900167085
v 0.39390264494919586 -0.07908475391888425 -0.007416049000167083
v 0.39271216094919587 -0.0791032909188843 -0.005932649600167084
v 0.3945471789491959 -0.07908964191888429 -0.006432849900167084
v 0.39381140494919586 -0.07910108591888426 -0.005516149100167084
v 0.39207060594919585 -0.06925430891888429 -0.006490098300167085
v 0.39320464394919585 -0.06924012291888426 -0.006799198700167083
v 0.39201445894919584 -0.06928458791888426 -0.005316199700167085
v 0.3938491639491959 -0.06926169991888426 -0.005816299500167085
v 0.3931136879491959 -0.06928920791888427 -0.004899799800167085
v 0.39136317394919584 -0.05806440091888426 -0.006094997700167085
v 0.3924971969491958 -0.05803328791888429 -0.006403498400167084
v 0.39130701094919584 -0.05812388691888426 -0.004922198100167082
v 0.39314204494919586 -0.05807360991888427 -0.005421299500167082
v 0.3924065679491959 -0.05812951891888429 -0.004505800100167084
v 0.39027044194919586 -0.04691800491888426 -0.005362760300167083
v 0.39140357094919587 -0.04685389991888428 -0.005669161700167083
v 0.3902152179491959 -0.04702597891888427 -0.004193060100167085
v 0.39204901494919586 -0.0469224159188843 -0.004688760300167082
v 0.39131446194919584 -0.047028690918884286 -0.003776559600167085
v 0.38928465594919587 -0.03717312191888428 -0.004343509700167083
v 0.3904147149491959 -0.03703799891888426 -0.004641611100167083
v 0.38923399194919583 -0.03738048691888429 -0.0031854101001670826
v 0.39106260194919584 -0.037161916918884264 -0.0036677085001670835
v 0.3903326239491959 -0.037373631918884265 -0.0027677100001670847
v 0.3885011519491959 -0.0303086939188843 -0.0034596119001670846
v 0.38961809894919586 -0.030053287918884286 -0.0037329141001670833
v 0.38845446694919583 -0.0305197239188843 -0.002302214500167085
v 0.39026170994919585 -0.030106514918884275 -0.002744514500167085
v 0.3895427139491959 -0.030394702918884298 -0.0018603131001670853
v 0.38710054794919585 -0.02151963091888426 -0.003327585800167083
v 0.38819277294919585 -0.021177231918884265 -0.0035953876001670847
v 0.38700258694919587 -0.021523147918884267 -0.0021465868001670843
v 0.38876986494919585 -0.020969062918884285 -0.0025797859001670843
v 0.38803438794919587 -0.021182834918884286 -0.0016843863001670852
v 0.38328276594919586 -0.01045492291888428 -0.003346912600167083
v 0.38436675094919587 -0.010090082918884302 -0.0036185104001670854
v 0.38310912294919586 -0.010254472918884261 -0.0021995008001670854
v 0.3848632719491959 -0.009664088918884262 -0.002638811200167082
v 0.3840859829491958 -0.009765713918884256 -0.0017619096001670852
v 0.37825521794919587 0.002162814081115738 -0.0032485351001670833
v 0.37933553794919583 0.002536982081115746 -0.003523036800167082
v 0.3780403729491959 0.0024613740811157414 -0.002131335400167085
v 0.37978811594919587 0.0030670170811157305 -0.002575334200167083
v 0.3789876399491958 0.0030201970811157275 -0.0017152354001670825
v 0.37247526694919586 0.014498413081115713 -0.0051110089001670835
v 0.3735534549491959 0.014876306081115731 -0.005386909500167084
v 0.3722338679491959 0.014855683081115734 -0.004017008500167084
v 0.3739788679491959 0.015467197081115713 -0.004463410000167083
v 0.37316313394919587 0.015454411081115726 -0.003616709300167085
v 0.36790247294919587 0.024665326081115713 -0.009009521500167084
v 0.36898127194919583 0.02504223608111572 -0.009285019700167083
v 0.36764062894919586 0.025066316081115703 -0.007935622700167084
v 0.3693865389491959 0.025676131081115716 -0.008381322000167085
v 0.36855798994919586 0.025691032081115728 -0.007547430700167085
v 0.36322516194919585 0.03274101008111574 -0.015157668900167084
v 0.36430975794919584 0.03310599908111572 -0.015427068800167084
v 0.36293920894919585 0.03319302208111574 -0.014110058500167083
v 0.36469428194919584 0.03378349508111572 -0.014545967800167085
v 0.36384680894919585 0.03383722908111575 -0.013732057100167085
v 0.3606119009491959 0.03606104808111571 -0.018215145000167084
v 0.36169832894919585 0.03642195508111573 -0.018481854300167085
v 0.36030428094919587 0.03655776408111572 -0.017194854100167085
v 0.36206240994919586 0.037141740081115704 -0.017626353500167086
v 0.3612008989491958 0.0372257530811157 -0.016830943500167082
v 0.35720290194919585 0.04068198808111573 -0.02201438788016708
v 0.3582731489491959 0.04107549808111571 -0.022302187980167084
v 0.3569056539491958 0.0411577820811157 -0.020980306900167084
v 0.35863722894919586 0.041794509081115705 -0.021445995200167083
v 0.3577921989491959 0.04184526208111572 -0.020628987800167083
v 0.3541582379491959 0.045012087081115704 -0.025584736840167085
v 0.3552059079491958 0.045445502081115696 -0.025895127100167083
v 0.35388967394919585 0.04543638208111572 -0.024521647490167085
v 0.3555852319491959 0.046137690081115734 -0.025023826400167083
v 0.35477164394919586 0.04613208808111574 -0.024174927270167082
v 0.35114496994919586 0.050130367081115734 -0.028911560540167084
v 0.3521801229491959 0.05058491208111571 -0.029232951110167084
v 0.35089136694919587 0.05052927108111571 -0.027835050600167083
v 0.35256677894919586 0.05126467308111571 -0.028355051060167082
v 0.3517699689491959 0.0512303110811157 -0.027491160440167084
v 0.34778757394919585 0.05544638608111574 -0.03222382872016708
v 0.34881328094919584 0.05591699508111575 -0.03255321830016708
v 0.34754465494919584 0.0558279750811157 -0.031138728547167083
v 0.3492041979491959 0.05658939508111571 -0.03167171800016708
v 0.34842020294919585 0.05653438008111572 -0.030797527724167082
v 0.3449870199491959 0.060366571081115705 -0.034558368380167084
v 0.34600141594919587 0.0608550910811157 -0.03489638865016709
v 0.34475417394919583 0.06073188808111574 -0.03346547927016708
v 0.34639540294919585 0.061522394081115706 -0.034012468760167086
v 0.34562453594919584 0.0614463090811157 -0.033128069250167085
v 0.3427956999491959 0.0642948750811157 -0.03652320942016708
v 0.34378844494919586 0.06481659408111573 -0.036876528990167086
v 0.34257902194919587 0.0646353070811157 -0.035418928600167085
v 0.3441857849491958 0.06547939808111575 -0.03599063959016709
v 0.3434381039491958 0.06536737108111573 -0.035089717710167084
v 0.3413838449491958 0.06660428608111574 -0.03782489849016708
v 0.34234605694919584 0.06716850408111574 -0.03819720820016709
v 0.34115527594919587 0.06696307708111571 -0.03672813717016708
v 0.34271196994919584 0.06787607108111571 -0.03733051848016709
v 0.34197619594919587 0.06774908308111571 -0.03642261820016708
v 0.33920443094919583 0.07014420608111571 -0.039486227560167085
v 0.3401568829491959 0.07071989808111573 -0.03986532800016708
v 0.33894075494919584 0.07054531608111575 -0.03841310833016708
v 0.34048159394919586 0.07147678708111571 -0.039026437330167085
v 0.33972994994919586 0.07136890308111571 -0.03812891804016708
v 0.3344583059491959 0.07731105408111572 -0.04399026650016708
v 0.33541960994919584 0.07787585308111572 -0.04436296780016708
v 0.33419370694919587 0.07771304208111574 -0.042917659500167085
v 0.3357491939491959 0.07862696008111572 -0.043520758900167086
v 0.33499175294919586 0.07852633308111573 -0.04262746590016708
v 0.32726012194919585 0.08723066708111571 -0.050577996300167086
v 0.32822722194919585 0.08778829908111571 -0.050946686400167085
v 0.32701811194919583 0.08760428408111573 -0.04948958750016708
v 0.32858274894919587 0.08850646008111573 -0.05008628590016709
v 0.32783567894919585 0.08839277908111573 -0.049185708200167086
v 0.31750923394919583 0.10009108508111572 -0.057279126700167084
v 0.31848183294919585 0.10064131008111571 -0.05764430760016709
v 0.3173007969491959 0.10042029608111572 -0.056169426100167084
v 0.3188742849491959 0.10131049108111573 -0.05676040980016708
v 0.31814461994919585 0.10117399708111571 -0.05584880710016708
v 0.3073820319491959 0.11537489308111573 -0.06349177660016708
v 0.30836074094919586 0.11591650508111573 -0.06385367740016709
v 0.30721633094919587 0.11564330708111573 -0.06235838680016709
v 0.30879987794919583 0.11651961508111572 -0.06294398380016708
v 0.30809278794919587 0.11635077008111572 -0.062019880900167086
v 0.2970775659491959 0.13304427308111572 -0.06985216960016707
v 0.29806328594919584 0.13357520108111573 -0.07021109760016708
v 0.29696495794919586 0.13323165508111573 -0.06869577620016709
v 0.2985595019491959 0.13409087108111573 -0.06927648930016708
v 0.29788079094919584 0.13387846908111573 -0.06833998860016709
v 0.28503701094919587 0.15184782408111572 -0.07303764670016707
v 0.28603661094919586 0.15235534308111573 -0.07339221610016708
v 0.28495583694919585 0.15198072808111573 -0.07187244670016708
v 0.2865734179491959 0.15280166308111573 -0.07244602960016708
v 0.28590539094919587 0.15257002408111572 -0.07150672750016708
v 0.2743983566491959 0.1712986680811157 -0.07562110570016708
v 0.27542145554919584 0.17176252608111572 -0.07596893610016708
v 0.27430130544919584 0.17146025608111573 -0.07446006690016709
v 0.27595657854919586 0.17221084208111573 -0.07502282040016708
v 0.27526429294919585 0.17202392208111572 -0.07409019770016709
v 0.26454333214919584 0.18966902808111571 -0.07832485060016708
v 0.2655887082491959 0.1900878850811157 -0.07866274570016708
v 0.26441332694919584 0.1898968370811157 -0.07717837390016707
v 0.26610491424919586 0.1905743330811157 -0.07772501560016709
v 0.26537859434919586 0.19045637508111574 -0.07680774110016708
v 0.25654364374919586 0.20648009308111573 -0.0821362659001671
v 0.25760459154919585 0.20686598908111573 -0.08246463540016707
v 0.25638891754919585 0.2067605480811157 -0.08100482820016708
v 0.2581053823491959 0.20738493608111572 -0.08153628930016708
v 0.2573541924491959 0.2073197810811157 -0.08063403890016708
v 0.24976465854919586 0.22122450908111574 -0.0869819336001671
v 0.25083430114919586 0.22159117508111573 -0.08730381730016709
v 0.24959208074919587 0.2215444820811157 -0.08586370200016707
v 0.25132273884919587 0.22213774208111572 -0.08638462800016708
v 0.2505550682491959 0.22210890808111572 -0.08549459280016708
v 0.24378567934919587 0.23339430238111572 -0.09268298750016708
v 0.24485516544919586 0.23376142978111572 -0.09300494940016708
v 0.24360257384919587 0.23373762518111574 -0.09157367420016709
v 0.24533291904919585 0.2343316524811157 -0.09209468590016709
v 0.24455884094919586 0.23431684818111573 -0.09120998160016708
v 0.23996496944919588 0.24247633668111573 -0.09658818690016709
v 0.24101340394919585 0.24288816748111572 -0.09692769500016708
v 0.23978491874919586 0.2428126409811157 -0.09547612820016708
v 0.24148123714919587 0.2434789910811157 -0.09602544460016708
v 0.24072211234919585 0.24343214928111573 -0.09512830530016708
v 0.23853135104919587 0.2482006549811157 -0.09796071800016708
v 0.23952881614919586 0.24870297308111572 -0.09833280000016709
v 0.23839905484919585 0.2484496757811157 -0.09681600330016708
v 0.24001328274919587 0.24926235528111573 -0.09741811450016709
v 0.23931504044919585 0.24910580368111573 -0.09648068990016709
v 0.23703430964919586 0.2556772455811157 -0.09855155650016709
v 0.23800690474919586 0.25622015448111574 -0.09892775860016709
v 0.23701126874919587 0.25575263058111575 -0.09737258400016709
v 0.23858490954919587 0.25663091988111575 -0.09798125920016708
v 0.23796952144919586 0.25634207578111573 -0.09702003000016708
v 0.23515286294919585 0.2625800370811157 -0.09825225170016709
v 0.23614010584919587 0.2630950212811157 -0.09862945230016708
v 0.23523495714919584 0.2624546102811157 -0.09708137810016708
v 0.23683224614919585 0.2632878943811157 -0.09769172220016709
v 0.23627286034919587 0.26289192958111574 -0.09673491870016708
v 0.23247479274919586 0.2703326269811157 -0.09590317310016708
v 0.23347165064919587 0.2708245701811157 -0.09628593920016708
v 0.23261975124919587 0.27005491778111573 -0.09476853160016709
v 0.23423210904919586 0.2708510085811157 -0.09538715330016709
v 0.23370602724919587 0.2703753523811157 -0.09444992990016708
v 0.22921717534919586 0.2777767255811157 -0.09306154770016709
v 0.23022055624919585 0.27825632688111573 -0.09344920520016708
v 0.22938916084919586 0.27743143588111574 -0.09195878730016709
v 0.23101159184919587 0.2782074622811157 -0.09258429330016708
v 0.23049839954919588 0.27769749238111574 -0.09166438880016708
v 0.22630669544919585 0.2841054387811157 -0.08950256930016709
v 0.22731205824919587 0.28458220138111573 -0.0898896009001671
v 0.22647969054919587 0.28376499568111574 -0.0884035937001671
v 0.22810745984919586 0.2845363467811157 -0.08903194960016708
v 0.22759476674919588 0.28403105218111574 -0.08811650050016709
v 0.22220156714919587 0.29349758848111573 -0.08516503130016709
v 0.22320578614919587 0.2939777616811157 -0.08555234600016709
v 0.22235434504919588 0.29320810738111575 -0.08404388280016709
v 0.22397894784919586 0.29398508558111575 -0.08467127380016709
v 0.22345438974919585 0.2935090325811157 -0.08374136690016709
v 0.21636830274919586 0.3059174399811157 -0.07985904070016708
v 0.21737313274919587 0.3063825461811157 -0.08024631070016708
v 0.21649113674919584 0.30569832398111574 -0.07870982210016708
v 0.21811617914919587 0.3064513075811157 -0.07933442290016708
v 0.21757180244919586 0.30602823758111575 -0.07838695870016708
v 0.20275437274919586 0.33096315851111574 -0.07695486770016707
v 0.20376729034919586 0.3313764045011157 -0.07731023430016709
v 0.20287247744919587 0.3308117529411157 -0.07585225630016709
v 0.20451086944919586 0.33148031682111573 -0.07642729950016708
v 0.20395728204919586 0.3311316156711157 -0.07552275810016709
v 0.19419539444919587 0.35326376368111573 -0.07430516560016709
v 0.19523487984919585 0.35360838288111573 -0.07470053810016708
v 0.19428872134919586 0.3531831968811157 -0.07316479830016709
v 0.19597100284919586 0.35374067728111575 -0.07380478460016708
v 0.19538611354919586 0.35347784498111573 -0.07285555450016709
v 0.18738329968919587 0.3729550391811157 -0.07311319930016708
v 0.18844348005919587 0.37325166908111573 -0.07352564110016709
v 0.18744097742919585 0.37293947488111573 -0.07193879780016708
v 0.18915652294919585 0.37342012678111575 -0.07260598990016709
v 0.18853701650919585 0.3732269517811157 -0.07162531090016708
v 0.18270253226919586 0.3886768966811157 -0.07360105220016708
v 0.18376729078919588 0.3889570459811157 -0.07401319220016708
v 0.18274525692919585 0.38871778548111574 -0.07242666180016707
v 0.18446812685919586 0.3891709744811157 -0.07309339200016708
v 0.18383641307919585 0.3890232667811157 -0.07211293280016709
v 0.17860199988319586 0.4031952470811157 -0.07441604880016708
v 0.17965832765919587 0.4035109951811157 -0.07484380900016709
v 0.17863253653919586 0.4032850861811157 -0.07326375690016709
v 0.18034169252919585 0.4037960618811157 -0.07395605000016708
v 0.17970723210619585 0.40365629648111573 -0.07297612730016709
v 0.17650406900919585 0.4125325232811157 -0.07558053360016709
v 0.17750437801919586 0.41302004458111574 -0.07610316200016709
v 0.17651888913919586 0.4126637875811157 -0.07444530350016709
v 0.17813672125319585 0.4134532734811157 -0.07528508080016708
v 0.17752837237919586 0.41323259468111573 -0.07426575940016708
v 0.17466990556919587 0.41936007138111575 -0.07640053330016708
v 0.17565190372919587 0.4198705479811157 -0.07688351350016709
v 0.17470774706919587 0.4194516241811157 -0.07522690670016709
v 0.17629746510919586 0.4202769696811157 -0.07601291310016708
v 0.17571324412919587 0.4200185611811157 -0.07498463240016709
v 0.17380044050919585 0.4245956614811157 -0.07692389560016707
v 0.17483162926919585 0.4249606500811157 -0.07735556740016708
v 0.17389777255919586 0.4245356619811157 -0.07571159680016709
v 0.17556616849919587 0.4251261730811157 -0.07641014830016708
v 0.17498879506919587 0.4248638380811157 -0.07539156820016708
v 0.17329361987919586 0.4311537740811157 -0.07716433700016709
v 0.17433671047919586 0.4314720780811157 -0.07760332900016709
v 0.17342658107919587 0.43096338208111573 -0.07599882780016709
v 0.17511450824919586 0.4314788280811157 -0.07670911400016708
v 0.17455197404919587 0.4311641530811157 -0.07571721820016708
v 0.17315396386919585 0.4387993440811157 -0.07725819950016707
v 0.17420117463919585 0.4390956680811157 -0.07770230990016708
v 0.17330121108919586 0.4385439160811157 -0.07611990350016709
v 0.17499585216919586 0.43902365108111574 -0.07683828100016708
v 0.17443966911919587 0.4386824590811157 -0.07586042210016708
v 0.17258339933919586 0.4446519310811157 -0.07588355240016709
v 0.17363045783919587 0.44494947808111573 -0.07632743570016709
v 0.17273781867919585 0.44435285808111574 -0.07475707310016708
v 0.17443215427919587 0.44483442608111573 -0.07547523080016708
v 0.17388039640919586 0.4444654660811157 -0.07450477410016709
v 0.17053912207919586 0.4519718440811157 -0.07321646810016708
v 0.17069720383919587 0.45165109608111575 -0.07209654900016708
v 0.17158221313919586 0.45229440908111573 -0.07365287100016708
v 0.17183810285919587 0.45177529708111575 -0.07184085250016709
v 0.17238497826919585 0.4521726370811157 -0.07280271870016708
v 0.01482258694919586 0.5268514750811157 -0.022319999520167083
v 0.014131694949195861 0.5272421090811157 -0.024048598950167085
v 0.014203592949195876 0.5276333390811158 -0.022942407990167085
v 0.015133305949195874 0.5259768520811157 -0.023041587790167083
v 0.014706298949195867 0.5262182350811158 -0.024109898600167084
v 0.019368692949195854 0.5284225340811157 -0.02418199880016708
v 0.018932491949195857 0.5286587330811157 -0.025247898880167083
v 0.014131694949195861 0.5272421090811157 -0.024048598950167085
v 0.019033595949195875 0.5292831210811157 -0.023453899660167084
v 0.01482258694919586 0.5268514750811157 -0.022319999520167083
v 0.018327682949195873 0.5296649040811157 -0.025178509760167084
v 0.014203592949195876 0.5276333390811158 -0.022942407990167085
v 0.01839019394919586 0.5300509480811157 -0.024069808420167083
v 0.023159190949195857 0.5320211650811157 -0.02458779933016708
v 0.02352368794919585 0.5311803970811158 -0.025323997720167083
v 0.023076489949195866 0.5314089800811157 -0.026386798360167083
v 0.022435485949195866 0.5323913390811157 -0.026307507420167082
v 0.022486581949195866 0.5327697540811157 -0.025195599530167083
v 0.027263596949195862 0.5348364110811157 -0.025721699000167082
v 0.02762219294919585 0.5339913810811157 -0.026456297380167082
v 0.027177199949195874 0.5342217830811158 -0.027519699190167085
v 0.02654349794919586 0.5352090300811158 -0.027442398950167084
v 0.026596903949195866 0.5355889650811158 -0.026331199330167084
v 0.03141090294919585 0.5374981460811157 -0.026855698550167083
v 0.03172759694919586 0.5366262640811157 -0.027578788810167083
v 0.031298294949195865 0.5368667390811157 -0.028646508230167084
v 0.03071618094919587 0.5378869470811157 -0.028583298670167085
v 0.030785694949195863 0.5382772680811158 -0.027476497690167082
v 0.03566500494919586 0.5397765930811157 -0.027989688790167083
v 0.03589777694919585 0.5388598440811158 -0.028690398670167084
v 0.03549988594919587 0.5391171130811158 -0.029766598658167085
v 0.035021304949195864 0.5401928570811158 -0.029730888316167083
v 0.03512328894919586 0.5406005680811157 -0.028632789620167083
v 0.04009009894919585 0.5414413210811158 -0.029123798360167083
v 0.04018840194919587 0.5404739230811157 -0.029790099594167084
v 0.03984087694919586 0.5407501010811158 -0.030879097874167084
v 0.03952799694919587 0.5418884160811157 -0.030885909495167084
v 0.039682000949195856 0.5423153490811157 -0.029801097815167085
v 0.044747501949195856 0.5422616450811157 -0.030257297476167084
v 0.04469020694919587 0.5412670670811157 -0.030885787899167082
v 0.04440459594919585 0.5415542420811157 -0.03198989958016708
v 0.04428538694919587 0.5427264270811157 -0.03204369871016709
v 0.04449729594919585 0.5431637320811158 -0.030972898879167085
v 0.05103740094919587 0.5423113850811158 -0.03168420878016708
v 0.05085849794919586 0.5413158980811157 -0.03228518809016708
v 0.05062709794919587 0.5416036840811157 -0.03340159729016708
v 0.05066299394919585 0.5427770760811157 -0.03349050833016708
v 0.05091658194919585 0.5432143960811158 -0.032429097570167084
v 0.05735919594919586 0.5416662390811158 -0.03302468872016708
v 0.057088881949195855 0.5406802150811157 -0.033606298730167086
v 0.05689837794919586 0.5409637240811157 -0.03473128891016709
v 0.057051002949195864 0.5421252250811157 -0.03484500712016708
v 0.057335696949195866 0.5425594900811157 -0.03379020770016709
v 0.06365588294919586 0.5403939630811158 -0.03430299833016708
v 0.06330199494919586 0.5394244190811157 -0.034867497160167085
v 0.06314288794919586 0.5397015210811157 -0.03599891718016708
v 0.06339850994919587 0.5408422650811158 -0.03613360738016708
v 0.06371558494919587 0.5412701220811157 -0.035085507200167086
v 0.06986697794919586 0.5385620000811158 -0.035542698580167086
v 0.06943629694919586 0.5376150310811157 -0.03609187901016708
v 0.06929968994919586 0.5378854120811157 -0.037227779160167083
v 0.06964598594919587 0.5389993040811157 -0.03738070792016708
v 0.06999659494919586 0.5394174010811157 -0.036339188460167086
v 0.07593192194919586 0.5362380740811157 -0.036767497660167084
v 0.07543037094919586 0.5353182850811158 -0.03730239952016708
v 0.07530821894919586 0.5355831680811157 -0.038441198410167084
v 0.07573409394919586 0.5366665420811157 -0.03861018736016708
v 0.07611960894919587 0.5370715110811157 -0.03757579857016708
v 0.08179023114919586 0.5334902700811157 -0.038001209030167085
v 0.08122222124919586 0.5326016100811157 -0.03852199856016708
v 0.08110678944919586 0.5328631400811157 -0.039662278260167085
v 0.08160346004919586 0.5339132550811158 -0.03984630853016709
v 0.08202582594919586 0.5343008190811157 -0.03881968837016708
v 0.08738005904919587 0.5303872520811157 -0.03926730901016708
v 0.08676650374919587 0.5295239090811157 -0.03977759927016708
v 0.08664618434919587 0.5297881960811157 -0.04091678930016708
v 0.08718527854919586 0.5308144990811157 -0.04111060970016708
v 0.08763892204919586 0.5311849710811157 -0.04009108804016708
v 0.09406966714919586 0.5264718380811158 -0.040935399900167084
v 0.09344413134919587 0.5256155130811158 -0.04144259730016708
v 0.09330695124919586 0.5258892620811157 -0.04257770810016708
v 0.09384802724919586 0.5269146560811158 -0.04277191030016708
v 0.09431929884919586 0.5272747580811157 -0.041757009900167084
v 0.10078665614919587 0.5226537880811157 -0.04275070040016708
v 0.10015960034919587 0.5217980740811157 -0.04325747770016708
v 0.10000555964919586 0.5220815840811157 -0.04438800640016709
v 0.10053748634919586 0.5231124760811157 -0.044579809500167086
v 0.10102026904919587 0.5234658570811157 -0.043567889400167086
v 0.10748366264919586 0.5188503860811158 -0.04467288780016708
v 0.10684638474919586 0.5180007810811157 -0.04517680970016708
v 0.10668212174919586 0.5182900870811158 -0.04630427620016708
v 0.10721801224919586 0.5193185210811158 -0.04649719040016709
v 0.10771338644919586 0.5196648980811157 -0.04548888930016708
v 0.11411292104919586 0.5149792280811157 -0.04666160790016709
v 0.11345717314919586 0.5141399950811157 -0.047159999600167084
v 0.11328917744919587 0.5144314320811157 -0.04828639890016709
v 0.11384101214919586 0.5154507310811157 -0.048484118700167084
v 0.11435011774919586 0.5157891660811157 -0.04747989960016709
v 0.12062659484919586 0.5109570170811157 -0.048676488900167084
v 0.11994429674919586 0.5101345630811157 -0.04916667750016708
v 0.11977896834919585 0.5104244800811157 -0.050293877700167085
v 0.12035910784919586 0.5114260610811157 -0.050500299800167084
v 0.12088301774919585 0.5117553470811157 -0.04950068700016708
v 0.12697707484919585 0.5067019460811157 -0.05067718770016708
v 0.12626058604919588 0.5059023800811158 -0.05115668660016708
v 0.12610419464919587 0.5061865000811157 -0.052286718000167084
v 0.12672400474919587 0.5071615430811157 -0.05250561050016708
v 0.12726348264919585 0.5074801440811157 -0.05151088910016709
v 0.13311530274919586 0.5021325500811158 -0.052623098700167084
v 0.13237876074919586 0.5013479440811157 -0.053096197500167086
v 0.13223097844919585 0.5016256570811157 -0.05422900990016709
v 0.13287619874919587 0.5025817750811157 -0.054455908000167086
v 0.13342269134919588 0.5028951910811157 -0.05346339940016709
v 0.13813757894919587 0.49834440608111574 -0.05418540720016708
v 0.13740760084919587 0.4975549130811157 -0.05466060900016709
v 0.13726119324919586 0.4978314040811157 -0.05579379760016709
v 0.13790068774919587 0.4987917840811157 -0.05601890760016708
v 0.13844237474919585 0.4991088660811157 -0.055024908900167084
v 0.14331557224919586 0.4946020390811157 -0.05577830600016709
v 0.14258727054919587 0.4938113240811157 -0.05625400880016708
v 0.14243880284919586 0.49408903708111573 -0.05738658640016708
v 0.14307524634919586 0.49505186108111576 -0.05761069620016708
v 0.14361723884919586 0.49536863008111576 -0.056616775700167085
v 0.14844863114919588 0.4907769560811157 -0.057394215800167084
v 0.14769301564919585 0.4900067000811157 -0.057861397000167084
v 0.14754424244919587 0.4902850090811157 -0.05899379960016708
v 0.14820815254919587 0.49122740308111573 -0.05922660600016708
v 0.14876708204919586 0.4915313570811157 -0.05823798850016708
v 0.15333358014919585 0.4867419300811157 -0.05902499890016709
v 0.15252211694919587 0.4860177490811157 -0.05947360770016709
v 0.15237471644919587 0.48629483608111573 -0.06060649640016708
v 0.15309523794919586 0.4871902320811157 -0.06085811930016709
v 0.15368773604919586 0.4874667230811157 -0.059880789400167084
v 0.15776595284919587 0.4823678430811157 -0.06066249680016708
v 0.15687392274919587 0.48172301008111573 -0.06108130700016708
v 0.15672972794919587 0.4819973560811157 -0.062215305900167085
v 0.15753233994919585 0.48281157008111575 -0.06249728800016709
v 0.15817290354919586 0.48304045208111573 -0.06153769790016708
v 0.16154006124919587 0.4775259200811157 -0.06229832020016708
v 0.16055266554919587 0.47700345508111575 -0.06267569960016708
v 0.16041228364919585 0.47727263008111576 -0.06381141770016709
v 0.16131301034919587 0.4779614060811157 -0.0641358867001671
v 0.16201003084919585 0.4781176600811157 -0.06320067500016709
v 0.16444991244919585 0.4720858630811157 -0.06392440570016708
v 0.16338301724919585 0.4717114120811157 -0.06425701080016707
v 0.16323973704919587 0.47198514608111575 -0.06539130960016709
v 0.16421782594919587 0.4725286660811157 -0.06575969980016708
v 0.16496565934919585 0.4725909230811157 -0.06485309820016708
v 0.16740302184919587 0.4651287640811157 -0.06601180880016708
v 0.16629263944919587 0.4648760850811157 -0.06630797680016709
v 0.16614005154919587 0.46517393008111574 -0.06743500010016709
v 0.16715628744919586 0.4656109510811157 -0.0678353086001671
v 0.16793692674919586 0.4655828620811157 -0.06695571540016709
v 0.17007454949919587 0.45874311008111573 -0.06822020930016709
v 0.16894310991919587 0.45857100208111573 -0.0684909783001671
v 0.16878487634919587 0.4588911230811157 -0.06961108740016708
v 0.16981865930919587 0.4592606870811157 -0.07003261890016708
v 0.17061577830919586 0.4591691340811157 -0.06917300820016709
v 0.17183810285919587 0.45177529708111575 -0.07184085250016709
v 0.17069720383919587 0.45165109608111575 -0.07209654900016708
v 0.17238497826919585 0.4521726370811157 -0.07280271870016708
v 0.17053912207919586 0.4519718440811157 -0.07321646810016708
v 0.17158221313919586 0.45229440908111573 -0.07365287100016708
v -0.013649106050804133 0.14183059308111573 0.00011316689983291786
v -0.015239298050804151 0.14199142108111573 -0.0009179339001670825
v -0.014819920050804125 0.14173109808111573 0.0001489649998329158
v -0.013344899050804132 0.1421523990811157 -0.0009758342001670826
v -0.014327794050804143 0.14225187908111572 -0.001613033900167083
v -0.014844596050804126 0.1621012840811157 0.004979271399832917
v -0.015756205050804134 0.16184230108111572 0.005674775699832914
v -0.015239298050804151 0.14199142108111573 -0.0009179339001670825
v -0.016782150050804134 0.1759288160811157 0.008977405699832915
v -0.013861731050804127 0.16200228008111572 0.005616605299832919
v -0.013649106050804133 0.14183059308111573 0.00011316689983291786
v -0.01586960305080415 0.17617468508111572 0.008278012299832917
v -0.018079892050804125 0.19003468708111573 0.012173749499832916
v -0.01416607205080414 0.1616822780811157 0.006706099999832918
v -0.014819920050804125 0.14173109808111573 0.0001489649998329158
v -0.015336931050804137 0.16158340908111574 0.006742063899832916
v -0.014887050050804151 0.17607998808111572 0.008916635099832919
v -0.015192538050804144 0.17577572208111572 0.010010786399832917
v -0.01636378505080413 0.17568230608111574 0.010048322399832915
v -0.017166212050804125 0.19026730908111572 0.011470895299832917
v -0.016184032050804126 0.1901769490811157 0.01211067289983292
v -0.016490862050804134 0.18988859608111572 0.01320895549983292
v -0.017662570050804127 0.1898006500811157 0.013247881099832916
v -0.019211084050804128 0.20866297208111573 0.01907141129983292
v -0.01871182005080413 0.20908723008111574 0.017284292699832914
v -0.01962699005080415 0.2088764090811157 0.01799237359983292
v -0.017730132050804148 0.20900406708111574 0.017925817499832915
v -0.01803873505080414 0.20874190308111573 0.019030347499832914
v -0.02013233305080414 0.22866190968111572 0.023176032999832917
v -0.01915113605080415 0.22858820858111573 0.023819524799832917
v -0.019461602050804133 0.22836063798111572 0.02493115889983292
v -0.020634592050804146 0.2282936349811157 0.024974707499832917
v -0.02104905205080415 0.22847986968111572 0.023890040799832916
v -0.020309359050804138 0.24840971828111574 0.028777219399832916
v -0.02062113605080415 0.24821703878111573 0.029894482299832915
v -0.021290153050804145 0.2484738230811157 0.02813218159983292
v -0.021794602050804135 0.24816203118111574 0.029940009099832916
v -0.022208020050804134 0.24832081798111572 0.028850879499832914
v -0.02117970605080413 0.2690538279811157 0.03220394249983291
v -0.021493062050804146 0.26890993868111573 0.03332787749983292
v -0.022159979050804135 0.2691046781811157 0.03155714649983292
v -0.02266703505080414 0.2688716947811157 0.03337568039983292
v -0.023079202050804132 0.2689920849811157 0.03228130939983291
v -0.021604538050804145 0.2856271229811157 0.03426060829983292
v -0.021918550050804148 0.2855095155811157 0.03538776189983292
v -0.02258470605080415 0.2856707051811157 0.03361292929983292
v -0.02309268705080414 0.2854803129811157 0.03543669729983291
v -0.02350443605080413 0.28557989748111573 0.03433977069983292
v -0.021873206050804145 0.3022820911811157 0.03549610079983291
v -0.022187710050804138 0.30219084398111573 0.03662510219983292
v -0.022853300050804132 0.30231840718111574 0.03484790769983291
v -0.023362011050804127 0.30217070128111573 0.03667469319983292
v -0.023773402050804138 0.30224943718111574 0.03557629139983291
v -0.022057399050804144 0.3146935896811157 0.03578303009983291
v -0.022371501050804127 0.3145840316811157 0.036910608399832914
v -0.02303750805080415 0.3147347885811157 0.03513520959983292
v -0.023545802050804143 0.3145574805811157 0.03695970769983292
v -0.023957416050804148 0.31465086528111574 0.03586240859983292
v -0.022333905050804126 0.3270348978711157 0.036109007899832915
v -0.022648513050804148 0.32695127954111575 0.037239313099832916
v -0.02331350705080415 0.3270489359311157 0.03545841569983292
v -0.023822501050804135 0.3269131325611157 0.037287294899832915
v -0.024233505050804127 0.32697355747111573 0.036186598199832914
v -0.022784904050804133 0.33933714308111573 0.036453515299832914
v -0.023103997050804126 0.3393823094811157 0.03758750859983291
v -0.02376119805080415 0.33925993368111573 0.03580051659983291
v -0.02427759805080415 0.3393331765811157 0.03763530399983292
v -0.024683803050804143 0.33925779818111573 0.03653091939983291
v -0.023409292050804137 0.3515130467811157 0.03553053739983292
v -0.023736104050804147 0.35170866358111574 0.03664442899983292
v -0.024380401050804135 0.3513351287811157 0.03489103909983292
v -0.024909303050804132 0.3516515958811157 0.03669344629983291
v -0.025307506050804146 0.3514205775811157 0.03560972959983291
v -0.024160907050804148 0.3636150955811157 0.03343620149983291
v -0.024493813050804142 0.36390928548111573 0.034525297599832916
v -0.02512791705080414 0.36337126048111573 0.032813303199832916
v -0.025666699050804126 0.3638470321811157 0.034575499599832915
v -0.026058599050804127 0.36351438988111573 0.03351748729983292
v -0.024992302050804133 0.37567533928111574 0.029479689899832913
v -0.025328815050804143 0.3760195783811157 0.03055229039983292
v -0.025957107050804146 0.3753976300811157 0.028868008399832917
v -0.026501507050804146 0.3759545758811157 0.030603390199832915
v -0.02688980105080413 0.3755700513811157 0.029562491899832913
v -0.025856197050804136 0.3877239823811157 0.025161191799832915
v -0.026193201050804138 0.3880755453811157 0.026231192099832913
v -0.02682060005080414 0.38744169478111573 0.024551112199832914
v -0.027365804050804132 0.3880102410811157 0.02628250049983292
v -0.027753606050804125 0.38761839268111575 0.025244101899832914
v -0.026704997050804147 0.3997939899811157 0.021018508799832913
v -0.027039394050804133 0.40010954438111573 0.022100698199832916
v -0.027670994050804143 0.3995352014811157 0.02040019999983292
v -0.02821220505080413 0.4000463708811157 0.022151388199832915
v -0.028602600050804144 0.39969144758111574 0.021100405599832915
v -0.02749000505080415 0.4119033664811157 0.01759500059983292
v -0.027820900050804148 0.41216215488111574 0.018693290699832915
v -0.028459206050804126 0.41169462348111574 0.016962498399832916
v -0.028994694050804126 0.4121133237811157 0.018739700299832913
v -0.02938909805080414 0.4118240177811157 0.017670001799832913
v -0.02790020405080415 0.4225219562811157 0.015259701799832916
v -0.028230101050804146 0.42274778338111574 0.01636520029983292
v -0.028871313050804148 0.4223669245811157 0.014615204199832914
v -0.029405102050804127 0.4227322190811157 0.016403999199832917
v -0.029801413050804137 0.42249662428111573 0.015322398399832918
v -0.027922094050804147 0.4332385060811157 0.013110198099832916
v -0.028252110050804136 0.43346586808111576 0.014215402299832917
v -0.028893307050804146 0.43311735208111574 0.012458801299832914
v -0.029427215050804145 0.4334853960811157 0.014246996499832916
v -0.029823497050804143 0.43326994008111575 0.013161402199832917
v -0.027661905050804125 0.4439645190811157 0.010919198399832915
v -0.02799139905080414 0.44421476908111573 0.012019701299832916
v -0.02863280505080415 0.4438540490811157 0.010265599899832917
v -0.02916590905080413 0.44425901808111573 0.012046199299832916
v -0.029562309050804148 0.4440359320811157 0.010962098799832919
v -0.027225301050804146 0.4546005130811157 0.008461900099832914
v -0.02755311105080413 0.4548950050811157 0.009552098799832917
v -0.028196603050804125 0.4544772210811157 0.007811099299832917
v -0.028726995050804144 0.45495329808111573 0.009575299899832919
v -0.02912470705080414 0.4546954180811157 0.008499301999832919
v -0.026718110050804128 0.4650454520811157 0.0055133029998329156
v -0.02704280605080414 0.46540525508111574 0.00658509879983292
v -0.027691096050804137 0.46488615908111575 0.004872698299832917
v -0.028216496050804146 0.46546781108111573 0.006606902899832914
v -0.028617188050804127 0.4651470780811157 0.0055486000998329135
v -0.026246101050804133 0.4751995650811157 0.001848600799832914
v -0.02656690805080414 0.47564481208111575 0.0028894990998329165
v -0.02722179905080413 0.4749816660811157 0.001228999299832917
v -0.027740896050804126 0.4757018830811157 0.002913203099832916
v -0.028145596050804134 0.47529204208111575 0.001887001099832919
v -0.025915205050804135 0.48496367008111574 -0.0027580988001670824
v -0.026233301050804125 0.4854891750811157 -0.0017549992001670844
v -0.026892915050804128 0.4846886990811157 -0.0033507012001670854
v -0.02740749705080414 0.48553861708111573 -0.001727700200167083
v -0.027815103050804146 0.48504392808111574 -0.0027138982001670836
v -0.02578911205080414 0.4897222670811157 -0.0054139979001670835
v -0.026105806050804148 0.4902929510811157 -0.0044360980001670845
v -0.026767418050804126 0.48942533108111574 -0.0059941988001670846
v -0.027279794050804135 0.4903488010811157 -0.004411898600167084
v -0.02768869705080415 0.48981230008111576 -0.005374798600167083
v -0.025577202050804132 0.49445341508111573 -0.008186999700167084
v -0.025892794050804135 0.4950469730811157 -0.007222499700167084
v -0.026555106050804134 0.4941668510811157 -0.008773200200167083
v -0.02706579905080414 0.4951272460811157 -0.007212599700167084
v -0.02747511905080413 0.49458311508111574 -0.008170999600167084
v -0.02519290105080413 0.4991375510811157 -0.011012399600167085
v -0.025506899050804138 0.4997500480811157 -0.010059298900167084
v -0.026168510050804145 0.4988796860811157 -0.011615797900167084
v -0.026676506050804127 0.49987058308111576 -0.010073699100167085
v -0.027085409050804143 0.49933256208111576 -0.011035699400167083
v -0.024549812050804143 0.5037585200811157 -0.013827299700167085
v -0.024861604050804148 0.5043862760811157 -0.012883499300167085
v -0.025518894050804125 0.5035479510811157 -0.014459399500167083
v -0.02602329805080414 0.5045638830811157 -0.012932399300167083
v -0.02642959405080414 0.5040453970811157 -0.013906398800167082
v -0.02356270005080413 0.5082998420811158 -0.016568899200167082
v -0.023871705050804132 0.5089394900811157 -0.015632498100167085
v -0.02451731305080415 0.5081551970811158 -0.017241098900167083
v -0.025017396050804136 0.5091906490811158 -0.015725798900167086
v -0.025416404050804142 0.5087057350811157 -0.016719999700167083
v -0.02214670205080413 0.5127447400811157 -0.019175509000167082
v -0.022452906050804133 0.5133938340811157 -0.01824429910016708
v -0.02307431405080415 0.5126858350811158 -0.019897499100167082
v -0.023569614050804127 0.5137356370811157 -0.018390809200167085
v -0.02395370605080413 0.5132983180811157 -0.019412589300167083
v -0.020219192050804136 0.5170764030811157 -0.021585289390167083
v -0.020531297050804143 0.5177102540811157 -0.020645498300167084
v -0.02109080505080413 0.5171444560811157 -0.022377299140167083
v -0.021595716050804126 0.5181701480811157 -0.020856798630167084
v -0.021941513050804134 0.5178204180811157 -0.021927088500167086
v -0.018628418050804146 0.5196468980811157 -0.022714708930167082
v -0.01896640705080413 0.5202386230811158 -0.021756309080167083
v -0.019396409050804142 0.5198824850811157 -0.023580299690167082
v -0.01994320705080413 0.5208401230811157 -0.022029588930167085
v -0.020208895050804143 0.5206200930811158 -0.023156908810167083
v -0.016562909050804125 0.5221609320811157 -0.023430598900167084
v -0.01692530505080414 0.5227239880811158 -0.022464388050167084
v -0.01720671405080415 0.5225469770811157 -0.024339598140167083
v -0.017793015050804134 0.5234582270811157 -0.022776299160167084
v -0.01796691105080414 0.5233483760811157 -0.023935199720167083
v -0.014107302050804127 0.5245016370811157 -0.023846298460167083
v -0.014465809050804135 0.5250692520811158 -0.022881299260167083
v -0.014637515050804129 0.5249947900811157 -0.024774988650167085
v -0.015217602050804135 0.5259133730811157 -0.023213499690167082
v -0.015323698050804135 0.5258672830811157 -0.024383908140167082
v -0.011354297050804152 0.5265457030811157 -0.024073599370167086
v -0.011673793050804127 0.5271432250811157 -0.023112297990167084
v -0.011781692050804149 0.5271142420811157 -0.02501119953016708
v -0.012298703050804133 0.5280810300811157 -0.023455699440167083
v -0.012365311050804129 0.5280633420811157 -0.024629307910167084
v -0.008400097050804134 0.5281725820811157 -0.024225097620167085
v -0.008636311050804146 0.5288165060811157 -0.023268488700167084
v -0.008733004050804127 0.5287927090811158 -0.025167997930167083
v -0.009115115050804146 0.5298345680811157 -0.023620198950167086
v -0.009174898050804126 0.5298199210811158 -0.024794097990167085
v -0.005344704050804144 0.5292672510811157 -0.024411698340167085
v -0.00543880505080413 0.5299627480811158 -0.023464299270167084
v -0.005589008050804145 0.5299181940811157 -0.025360599630167083
v -0.005741194050804144 0.5310436780811157 -0.02382760867016708
v -0.005834103050804146 0.5310162160811157 -0.024999598040167083
v -0.0022480040508041366 0.5297308120811157 -0.024747408460167084
v -0.0022104080508041357 0.5304443240811157 -0.023812998550167084
v -0.0023791040508041317 0.5304003660811157 -0.025707298420167085
v -0.002318099050804129 0.5315548480811157 -0.024195309730167085
v -0.002422407050804126 0.5315279960811157 -0.025366097690167084
v 0.0002447959491958529 0.5296884030811158 -0.024932587980167085
v 0.00030779794919585934 0.5304000670811158 -0.023998788560167083
v 0.0002607849491958747 0.5303573460811157 -0.025902098040167083
v 0.0003627989491958583 0.5315087730811157 -0.024391189680167083
v 0.000333800949195856 0.5314825180811157 -0.025567608890167084
v 0.002986505949195861 0.5294131340811157 -0.024858609310167083
v 0.0030266939491958578 0.5301272420811157 -0.023925498590167085
v 0.0031318069491958755 0.5300689490811157 -0.025824788490167082
v 0.0031967909491958657 0.5312243400811157 -0.024315088990167086
v 0.0032616999491958676 0.5311883390811157 -0.025488887910167082
v 0.005780383949195861 0.5289416310811157 -0.02460050909016708
v 0.005817904949195873 0.5296560530811157 -0.023667789530167085
v 0.006018101949195859 0.5295815910811157 -0.025558298450167084
v 0.006078883949195868 0.5307378920811157 -0.024049209430167084
v 0.006202592949195868 0.5306918170811157 -0.025217488870167084
v 0.008453890949195852 0.5283138900811157 -0.024237688630167085
v 0.00850808594919586 0.5290249440811157 -0.023302899670167083
v 0.008764296949195866 0.5289370570811157 -0.025185698180167082
v 0.008852004949195857 0.5300872620811157 -0.023673099000167085
v 0.009010388949195869 0.5300326350811158 -0.024836808440167085
v 0.010832890949195872 0.5275747480811157 -0.023851488720167083
v 0.010929598949195873 0.5282726880811157 -0.022909997500167083
v 0.011208101949195859 0.5281771720811157 -0.024789198300167084
v 0.011364593949195867 0.5293066200811157 -0.023265708700167084
v 0.011536806949195871 0.5292477160811158 -0.024427197870167082
v 0.01272979394919585 0.5267791600811157 -0.023526187990167084
v 0.012917995949195848 0.5274389390811157 -0.022569200020167084
v 0.013175591949195875 0.5273516620811157 -0.024451998530167083
v 0.013480200949195859 0.5284197780811157 -0.022903589070167082
v 0.013639390949195862 0.5283657610811157 -0.024067188150167083
v 0.013997703949195861 0.5259820370811157 -0.023337708790167083
v 0.014281585949195874 0.5265807960811157 -0.022365488110167083
v 0.01454539594919585 0.5264922980811158 -0.024247399530167083
v 0.015004902949195875 0.5274609180811157 -0.022674408740167084
v 0.01516789194919585 0.5274059920811157 -0.023837488610167084
v 0.014879092949195871 0.5251766740811157 -0.023157597520167085
v 0.015180885949195866 0.5257568210811157 -0.022180599160167083
v 0.015521198949195875 0.5256024000811157 -0.024046989620167082
v 0.016009404949195866 0.5265414270811157 -0.022466198540167084
v 0.01621979494919587 0.5264459100811157 -0.023619707670167085
v 0.016027196949195854 0.5240139510811157 -0.022788508800167084
v 0.016312196949195862 0.5246111900811157 -0.021816998720167083
v 0.016725092949195858 0.5243832170811157 -0.023659988310167083
v 0.01718629894919585 0.5253497060811158 -0.022088109520167085
v 0.017441495949195862 0.5252087260811157 -0.023227098860167085
v 0.017308994949195855 0.5226061790811157 -0.022289098240167084
v 0.01759299594919586 0.5232046390811157 -0.021317997950167082
v 0.018041580949195862 0.5229370000811158 -0.023147109430167085
v 0.018501206949195853 0.5239056200811157 -0.02157591004016708
v 0.018778398949195862 0.5237402170811157 -0.022706388500167082
v 0.018636390949195863 0.5210262830811158 -0.021709187890167084
v 0.018928095949195867 0.5216155800811157 -0.020734809340167082
v 0.01939518794919587 0.5213256630811157 -0.022555788980167083
v 0.019867300949195865 0.5222796500811158 -0.02097918838016708
v 0.02015599594919587 0.5221005080811157 -0.022104607890167084
v 0.019922092949195863 0.5193472060811157 -0.021099208850167084
v 0.02022899694919586 0.5199169660811157 -0.020117699200167084
v 0.020704492949195852 0.5196157690811157 -0.021934598680167082
v 0.021201088949195868 0.5205380020811157 -0.020346509300167084
v 0.021494999949195875 0.5203518420811157 -0.021469398400167084
v 0.021078601949195863 0.5176449420811158 -0.020510009500167084
v 0.02140939194919586 0.5181799080811157 -0.019516388900167082
v 0.021885498949195864 0.5178777870811158 -0.02133300900016708
v 0.022420808949195875 0.5187429640811158 -0.019725298500167084
v 0.022715091949195854 0.5185561920811157 -0.020848007870167086
v 0.022021591949195868 0.5159957710811157 -0.019991697700167083
v 0.022384389949195865 0.5164745900811157 -0.018980498400167085
v 0.022854983949195856 0.5161819310811158 -0.020800088530167085
v 0.02344208994919586 0.5169570740811157 -0.01916398850016708
v 0.02373288594919587 0.5167761000811157 -0.02028859970016708
v 0.024201198949195868 0.5110894590811157 -0.018664889000167086
v 0.024591400949195874 0.5115066320811157 -0.017636998600167084
v 0.025057896949195857 0.5112234350811158 -0.019459208500167084
v 0.025689199949195857 0.5118987860811157 -0.017795998600167083
v 0.025977491949195852 0.5117236080811157 -0.018922198600167084
v 0.025974690949195856 0.5059646370811157 -0.017420698000167083
v 0.026379391949195863 0.5063394010811157 -0.016382498700167086
v 0.02684810794919587 0.5060507060811157 -0.018203198900167084
v 0.02750289394919586 0.5066573920811157 -0.01652339940016708
v 0.02779260294919586 0.5064788610811157 -0.017648599100167084
v 0.027453496949195855 0.5006905940811157 -0.016177499700167082
v 0.027862593949195852 0.5010491760811158 -0.015135399100167084
v 0.028338595949195855 0.5007351490811157 -0.016950097900167084
v 0.02900059494919585 0.5013155940811157 -0.015263998900167084
v 0.02929478894919585 0.5011211930811157 -0.016385499400167085
v 0.028748690949195854 0.49534300008111576 -0.014853799700167085
v 0.029155194949195856 0.49571195208111574 -0.013814298400167083
v 0.029642387949195853 0.49535276008111573 -0.015617698400167085
v 0.03030009594919586 0.49594999808111573 -0.013935698200167084
v 0.030601188949195862 0.4957278220811157 -0.015050299500167084
v 0.02997338794919585 0.4899981470811157 -0.013366898500167083
v 0.030371292949195855 0.4904043380811157 -0.012337598900167085
v 0.030873506949195856 0.48998014608111573 -0.014122998300167083
v 0.03151729694919586 0.4906371830811157 -0.012457598000167085
v 0.031827687949195854 0.4903750420811157 -0.013560999200167085
v 0.031241997949195854 0.48473264308111574 -0.011632898800167085
v 0.031624599949195864 0.4852017010811157 -0.010624298800167083
v 0.03214719894919585 0.48469358708111576 -0.012381998800167084
v 0.03276629794919586 0.4854522500811157 -0.010749999400167083
v 0.03308929494919585 0.48513822208111573 -0.011836299700167082
v 0.03266119994919586 0.4796581860811157 -0.009579898800167085
v 0.03302589094919586 0.48019285508111575 -0.008598098500167083
v 0.03357730794919586 0.47957883808111573 -0.010313199800167084
v 0.03416739394919585 0.4804440140811157 -0.008724497600167084
v 0.03450819894919585 0.4800646750811157 -0.009784499200167083
v 0.03408439494919585 0.47415646908111575 -0.006907798300167085
v 0.03443990694919585 0.47472867408111574 -0.005944399200167084
v 0.03502009794919586 0.4739999170811157 -0.007604099800167085
v 0.03559538694919587 0.47492583108111575 -0.006045099300167084
v 0.03595401394919587 0.4744753840811157 -0.0070708971001670826
v 0.035018279949195874 0.4687191550811157 -0.003953099300167084
v 0.03537109494919585 0.4693075420811157 -0.0029984992001670825
v 0.03596770794919585 0.4684832540811157 -0.004606198500167084
v 0.036538496949195864 0.4694350960811157 -0.0030614994001670823
v 0.036907195949195865 0.4689257590811157 -0.004055097700167085
v 0.03560118394919587 0.46330106308111574 -0.0007776991001670827
v 0.035952910949195865 0.46390043208111575 0.00017050089983291702
v 0.03655627394919586 0.4630117560811157 -0.0013995003001670836
v 0.037125274949195874 0.4639813010811157 0.0001347995998329174
v 0.03749820594919587 0.4634322970811157 -0.0008354988001670824
v 0.03596408694919587 0.4578900040811157 0.002539303199832914
v 0.03631538194919587 0.4584948570811157 0.0034841037998329175
v 0.036921113949195866 0.45757260908111574 0.0019348002998329158
v 0.03748938394919585 0.45855161508111575 0.003463499199832916
v 0.03786380594919586 0.45798124408111573 0.0025060027998329154
v 0.036239087949195864 0.45247343208111573 0.005918402199832917
v 0.03659030794919585 0.4530795070811157 0.006862699999832918
v 0.03719630794919587 0.45215238608111574 0.005316302199832916
v 0.037764504949195865 0.4531323010811157 0.006844200199832916
v 0.03813900094919587 0.4525591880811157 0.005888499299832914
v 0.03655928394919586 0.44703916508111574 0.009279299499832916
v 0.03691069794919585 0.44764067208111574 0.010226096999832915
v 0.037515297949195864 0.4467376540811157 0.00866479799983292
v 0.03808391094919586 0.4477111620811157 0.010196801299832914
v 0.03845760194919587 0.44715330008111576 0.009231902699832914
v 0.037409200949195864 0.44218809108111573 0.013480503099832918
v 0.038581072949195855 0.4422726260811157 0.01344269889983292
v 0.03895369194919587 0.4417263640811157 0.012470599299832914
v 0.03705748894919586 0.4415896460811157 0.012531701499832917
v 0.03801199794919585 0.4413043040811157 0.011907603599832915
v 0.03895369194919587 0.4417263640811157 0.012470599299832914
v 0.037409200949195864 0.44218809108111573 0.013480503099832918
v 0.038581072949195855 0.4422726260811157 0.01344269889983292
v -0.03231020305080415 0.7388079460811157 0.009771108599832913
v -0.030409798050804127 0.7388860880811157 0.00975340979983292
v -0.03135000205080413 0.7387597560811157 0.010447606399832915
v -0.03196351205080414 0.7389642000811157 0.008658818899832915
v -0.030788898050804148 0.7390124200811157 0.008647818099832914
v -0.031621098050804125 0.7303869430811157 0.007560621899832913
v -0.030446798050804136 0.7304406460811157 0.007550422099832914
v -0.030409798050804127 0.7388860880811157 0.00975340979983292
v -0.03196840005080415 0.7302435040811157 0.008674621599832913
v -0.03231020305080415 0.7388079460811157 0.009771108599832913
v -0.030068397050804135 0.7303313910811158 0.00865812229983292
v -0.03135000205080413 0.7387597560811157 0.010447606399832915
v -0.031008795050804144 0.7302093210811158 0.009352922399832916
v -0.03126430505080413 0.7232854960811157 0.0068441219998329195
v -0.031612396050804126 0.7231597600811157 0.007959909699832915
v -0.030090019050804134 0.7233398260811157 0.006833922099832919
v -0.030653208050804126 0.7231359780811157 0.008639220099832916
v -0.029712394050804142 0.7232476470811158 0.007943320999832915
v -0.03101511305080415 0.7171429100811157 0.0062504186998329145
v -0.031362802050804134 0.7170104680811158 0.007365520999832918
v -0.02983970905080413 0.7171709830811157 0.006237521799832918
v -0.03040239205080414 0.7169561680811157 0.008041821399832914
v -0.029461101050804128 0.7170550230811157 0.007344722699832919
v -0.030991599050804147 0.7114098970811158 0.005519609899832918
v -0.03133921305080414 0.7112414240811158 0.006630320099832915
v -0.029816002050804147 0.7113836410811157 0.005499821199832916
v -0.030378401050804138 0.7111114260811158 0.007296919799832914
v -0.029437005050804127 0.7111993130811157 0.006598219299832918
v -0.03131000705080414 0.7055144910811157 0.004392508399832913
v -0.03166049705080415 0.7052917180811158 0.005492720799832915
v -0.030138090050804145 0.7054223420811156 0.004359919599832916
v -0.030705094050804127 0.7050610180811157 0.006140019699832917
v -0.029764205050804127 0.7051415740811158 0.005439922199832914
v -0.03209050005080413 0.6988787650811157 0.002604410099832914
v -0.03244760605080413 0.6985992190811157 0.0036893113998329174
v -0.030925691050804144 0.6987255510811157 0.002555411299832916
v -0.03150351305080415 0.6982733010811157 0.004310820299832915
v -0.03056290705080414 0.6983514130811157 0.003610018599832919
v -0.033455506050804135 0.6909454170811158 -0.00010848050016708244
v -0.03382429505080414 0.6905944640811157 0.0009524225998329139
v -0.03229719405080414 0.6907537580811157 -0.0001709778001670846
v -0.032894000050804145 0.6901867390811157 0.0015455223998329173
v -0.03195020605080415 0.6902849970811158 0.000851321999832913
v -0.03423251205080413 0.6870947180811158 -0.001844178900167085
v -0.034622192050804135 0.6866387720811158 -0.000830778900167084
v -0.03307631605080413 0.6868932840811157 -0.0019115806001670822
v -0.03370679905080415 0.6861553790811157 -0.00027187910016708214
v -0.03275141105080415 0.6863128540811156 -0.0009398777001670827
v -0.034953996050804126 0.6836358310811157 -0.003961177500167085
v -0.03536610305080415 0.6830712560811157 -0.0030141789001670825
v -0.03379589305080413 0.6834435760811157 -0.004023378700167085
v -0.03446270505080415 0.6825298960811157 -0.002491179900167083
v -0.03349229705080414 0.6827605960811157 -0.003114879100167084
v -0.03558349605080413 0.6804339290811157 -0.006400378400167085
v -0.03601162105080413 0.6797869500811158 -0.005515979600167083
v -0.03442120505080415 0.6802630420811158 -0.006446579500167082
v -0.03511379705080414 0.6792162950811157 -0.005015680600167084
v -0.03413090105080413 0.6795104740811158 -0.005590878400167084
v -0.03607960005080413 0.6773712040811157 -0.009093478300167084
v -0.03651638305080415 0.6766680780811157 -0.008258178800167083
v -0.034912214050804136 0.6772320270811157 -0.009112078700167083
v -0.03561902005080414 0.6760949490811157 -0.007760679300167085
v -0.034627497050804146 0.6764434580811157 -0.008288377900167083
v -0.03639881305080414 0.6743310390811157 -0.011968379800167083
v -0.03683869505080414 0.6735967690811158 -0.011162279200167085
v -0.03522710505080415 0.6742327510811157 -0.011948779200167084
v -0.03593879905080413 0.6730444130811157 -0.010644577400167082
v -0.03494280605080413 0.6734374760811157 -0.011130679400167084
v -0.036496818050804125 0.6711956560811156 -0.014948578600167083
v -0.036936685050804136 0.6704534590811158 -0.014149978800167082
v -0.03532360505080415 0.6711462140811157 -0.014882678200167084
v -0.03603531405080415 0.6699456570811158 -0.013590579900167085
v -0.03503830705080413 0.6703741250811157 -0.014043379600167084
v -0.03632882205080415 0.6678631300811158 -0.017941478600167083
v -0.03676769105080413 0.6670885980811156 -0.017172478100167084
v -0.03515970705080415 0.6678967180811157 -0.017800279000167084
v -0.03587001605080414 0.6666430530811157 -0.016556079500167083
v -0.034876198050804136 0.6671423020811158 -0.016944079700167085
v -0.03504049805080414 0.6630745530811157 -0.023588148410167084
v -0.03545759605080415 0.6622029540811157 -0.022912648970167083
v -0.03390051405080413 0.6632301810811156 -0.023328448180167084
v -0.03457529805080414 0.6618196670811157 -0.022235458720167085
v -0.033612996050804145 0.6624550520811157 -0.022492359390167083
v -0.03248980605080415 0.6590075490811157 -0.029510158000167083
v -0.03285549605080415 0.6580419840811158 -0.028945358700167085
v -0.031404898050804125 0.6592651010811157 -0.029131148830167083
v -0.03199680105080413 0.6577019990811157 -0.028217359450167085
v -0.031100303050804134 0.6584582330811157 -0.028332157990167084
v -0.029019520050804132 0.6548809710811156 -0.03521335917016708
v -0.029340193050804125 0.6538610760811157 -0.03472274868016709
v -0.02798330805080415 0.6551958920811157 -0.034754548690167086
v -0.028502107050804137 0.6535461250811156 -0.033960748460167084
v -0.027663499050804147 0.6543713210811157 -0.03398035839016708
v -0.024975404050804145 0.6504183710811158 -0.04074796010016708
v -0.025269508050804135 0.6493740680811158 -0.04029564653016708
v -0.02396771305080414 0.6507601740811157 -0.04024803918016708
v -0.024443611050804143 0.6490701140811157 -0.03951614909016708
v -0.023639113050804128 0.6499270500811157 -0.03948673792016708
v -0.020722464050804135 0.6461590230811157 -0.045870097400167086
v -0.021022260050804126 0.6451110540811158 -0.045412248000167084
v -0.01971292505080413 0.6465044910811157 -0.04537117760016708
v -0.02019816605080413 0.6448089480811157 -0.04463035890016708
v -0.019388974050804142 0.6456701460811157 -0.04460487700016708
v -0.017270356050804125 0.6424584690811157 -0.05033092760016708
v -0.01764595505080413 0.6414275760811157 -0.049782387900167084
v -0.016212434050804136 0.6427856090811157 -0.049891378700167084
v -0.016819045050804143 0.6411175430811158 -0.049006151000167086
v -0.01593184505080414 0.6419567760811158 -0.04907535760016708
v -0.014910966050804136 0.6384728850811157 -0.053686188500167084
v -0.015368447050804146 0.6374981400811157 -0.053041627600167084
v -0.01379002605080415 0.6387475430811157 -0.053321778800167086
v -0.014529467050804129 0.6371703740811157 -0.05227976660016709
v -0.013552830050804127 0.6379418670811157 -0.05245409720016708
v -0.013855576050804147 0.6345464880811158 -0.05596364850016708
v -0.01436093405080413 0.6336852910811157 -0.055233676000167084
v -0.012694910050804142 0.6347326340811157 -0.05566711720016708
v -0.013512671050804143 0.6333392260811157 -0.05448642930016709
v -0.012487352050804146 0.6339861750811158 -0.054751217400167085
v -0.01334391505080415 0.6296404900811157 -0.05810286850016708
v -0.013858557050804132 0.6289202570811157 -0.05731186640016708
v -0.01216900305080415 0.6297417880811158 -0.057854788400167084
v -0.013005599050804145 0.6285766360811158 -0.056570155500167085
v -0.011969536050804142 0.6290844380811158 -0.05689640720016709
v -0.01277573405080415 0.6239849630811157 -0.060388477500167084
v -0.013286769050804143 0.6234051290811158 -0.059553949200167086
v -0.011597007050804131 0.6240337790811157 -0.06017118690016708
v -0.012435883050804147 0.6230962870811156 -0.05880332740016708
v -0.011398837050804134 0.6234850880811158 -0.05917399750016708
v -0.01171444405080413 0.6178045570811157 -0.06294398380016708
v -0.01223760805080415 0.6173717970811157 -0.062045559300167086
v -0.010553881050804126 0.6178375180811158 -0.06271516530016708
v -0.011401162050804131 0.6171368060811158 -0.06126007810016708
v -0.010358930050804127 0.6174243090811158 -0.06167502700016708
v -0.010102048050804141 0.6113207940811157 -0.06543367730016708
v -0.010647848050804126 0.6110509930811157 -0.0644744076001671
v -0.008944154050804148 0.6113763150811158 -0.06520765650016708
v -0.009831339050804133 0.6109399200811156 -0.06365076830016708
v -0.008777037050804126 0.6111407280811157 -0.06410542880016709
v -0.00812619905080414 0.6047509610811157 -0.06722413000016708
v -0.00871318605080415 0.6046710010811157 -0.06621043010016708
v -0.006987885050804138 0.6048779190811158 -0.06698859110016708
v -0.007938892050804142 0.6047478910811157 -0.06534773480016709
v -0.006871596050804146 0.6048760710811157 -0.06582812590016708
v -0.0060987920508041304 0.5983642340811157 -0.0675027296001671
v -0.006720811050804132 0.5984948570811157 -0.06649013610016707
v -0.00497242805080414 0.5985632240811157 -0.0672806464001671
v -0.005981445050804141 0.5987744030811157 -0.06564100830016709
v -0.004899532050804151 0.5988171100811157 -0.06612871960016709
v -0.003911212050804136 0.5875805320811157 -0.06436486910016709
v -0.004509792050804151 0.5879052580811157 -0.06343469770016708
v -0.00277040905080414 0.5877874490811157 -0.06416810680016707
v -0.0037389100508041506 0.5883123580811157 -0.06266500800016708
v -0.0026639100508041302 0.5882403250811157 -0.0631157011001671
v -0.003082603050804128 0.5774316190811157 -0.059222176700167085
v -0.0036928950508041403 0.5778997540811157 -0.05833087680016708
v -0.0019398030508041286 0.5776147250811157 -0.05901610670016708
v -0.002927303050804131 0.5783727760811157 -0.057573808400167084
v -0.0018437950508041479 0.5781970020811158 -0.05799727700016709
v -0.0027560140508041397 0.5677331390811158 -0.05303130860016708
v -0.00336940605080413 0.5682925280811157 -0.05219798910016708
v -0.0016127080508041292 0.5679012830811158 -0.05281550620016708
v -0.0026052150508041327 0.5688064400811157 -0.05146720630016709
v -0.0015195160508041372 0.5685647430811157 -0.05184878600016708
v -0.0027417090508041475 0.5583236510811157 -0.046134608800167086
v -0.0033552050508041387 0.5589285050811157 -0.045334589700167086
v -0.001598403050804137 0.5584844800811157 -0.04591319900016708
v -0.002590999050804149 0.5594631730811157 -0.04461898650016709
v -0.001505211050804145 0.5591888280811157 -0.04497649990016708
v -0.002851695050804126 0.5490423440811157 -0.03896678798016708
v -0.003465101050804137 0.5496536050811157 -0.03817168763016708
v -0.001708403050804136 0.5492019500811157 -0.038744698280167085
v -0.0027009100508041395 0.5501910150811158 -0.03745810827016709
v -0.001615211050804144 0.5499120950811157 -0.03781230748016708
v -0.002899498050804139 0.5397320390811158 -0.031960597960167085
v -0.0035129930508041307 0.5403112620811157 -0.031141398824167082
v -0.001756191050804129 0.5398971440811158 -0.031742497350167084
v -0.0027489070508041336 0.5408343370811157 -0.030416997382167084
v -0.0016631040508041373 0.5405782910811157 -0.030788398682167085
v -0.0033123050508041263 0.5307617040811157 -0.024690087880167084
v -0.002547905050804128 0.5312728730811157 -0.023957599420167085
v -0.001462504050804142 0.5310357510811157 -0.024341999090167085
v -0.002699301050804126 0.5302093330811157 -0.025527309160167082
v -0.0015560980508041444 0.5303786990811157 -0.025312098210167083
v -0.001462504050804142 0.5310357510811157 -0.024341999090167085
v -0.0033123050508041263 0.5307617040811157 -0.024690087880167084
v -0.002547905050804128 0.5312728730811157 -0.023957599420167085
v -0.015336931050804137 0.16158340908111574 0.006742063899832916
v -0.014819920050804125 0.14173109808111573 0.0001489649998329158
v -0.015239298050804151 0.14199142108111573 -0.0009179339001670825
v -0.015756205050804134 0.16184230108111572 0.005674775699832914
v -0.01636378505080413 0.17568230608111574 0.010048322399832915
v -0.016782150050804134 0.1759288160811157 0.008977405699832915
v -0.017662570050804127 0.1898006500811157 0.013247881099832916
v -0.018079892050804125 0.19003468708111573 0.012173749499832916
v -0.01962699005080415 0.2088764090811157 0.01799237359983292
f 3/3/3 2/2/2 1/1/1
f 2/2/2 4/4/4 1/1/1
f 4/4/4 2/2/2 5/5/5
f 4/4/4 5/5/5 6/6/6
f 6/6/6 5/5/5 7/7/7
f 5/5/5 8/8/8 7/7/7
f 6/6/6 7/7/7 9/9/9
f 10/10/10 6/6/6 9/9/9
f 11/11/11 4/4/4 6/6/6
f 11/11/11 6/6/6 10/10/10
f 12/12/12 4/4/4 11/11/11
f 13/13/13 11/11/11 10/10/10
f 14/14/14 12/12/12 11/11/11
f 14/14/14 11/11/11 13/13/13
f 15/15/15 12/12/12 14/14/14
f 16/16/16 14/14/14 13/13/13
f 17/17/17 15/15/15 14/14/14
f 17/17/17 14/14/14 16/16/16
f 18/18/18 17/17/17 16/16/16
f 21/21/21 20/20/20 19/19/19
f 22/22/22 21/21/21 19/19/19
f 22/22/22 19/19/19 23/23/23
f 24/24/24 22/22/22 23/23/23
f 27/27/27 26/26/26 25/25/25
f 26/26/26 28/28/28 25/25/25
f 28/28/28 26/26/26 29/29/29
f 28/28/28 29/29/29 30/30/30
f 30/30/30 29/29/29 31/31/31
f 29/29/29 32/32/32 31/31/31
f 30/30/30 31/31/31 33/33/33
f 34/34/34 30/30/30 33/33/33
f 35/35/35 28/28/28 30/30/30
f 35/35/35 30/30/30 34/34/34
f 36/36/36 28/28/28 35/35/35
f 37/37/37 35/35/35 34/34/34
f 38/38/38 36/36/36 35/35/35
f 38/38/38 35/35/35 37/37/37
f 39/39/39 36/36/36 38/38/38
f 40/40/40 38/38/38 37/37/37
f 41/41/41 39/39/39 38/38/38
f 41/41/41 38/38/38 40/40/40
f 42/42/42 41/41/41 40/40/40
f 45/45/45 44/44/44 43/43/43
f 46/46/46 45/45/45 43/43/43
f 46/46/46 43/43/43 47/47/47
f 48/48/48 46/46/46 47/47/47
f 51/51/51 50/50/50 49/49/49
f 50/50/50 52/52/52 49/49/49
f 52/52/52 50/50/50 53/53/53
f 52/52/52 53/53/53 54/54/54
f 54/54/54 53/53/53 55/55/55
f 53/53/53 56/56/56 55/55/55
f 54/54/54 55/55/55 57/57/57
f 58/58/58 54/54/54 57/57/57
f 59/59/59 52/52/52 54/54/54
f 59/59/59 54/54/54 58/58/58
f 60/60/60 52/52/52 59/59/59
f 61/61/61 59/59/59 58/58/58
f 62/62/62 60/60/60 59/59/59
f 62/62/62 59/59/59 61/61/61
f 63/63/63 60/60/60 62/62/62
f 64/64/64 62/62/62 61/61/61
f 65/65/65 63/63/63 62/62/62
f 65/65/65 62/62/62 64/64/64
f 66/66/66 65/65/65 64/64/64
f 69/69/69 68/68/68 67/67/67
f 70/70/70 69/69/69 67/67/67
f 70/70/70 67/67/67 71/71/71
f 72/72/72 70/70/70 71/71/71
f 75/75/75 74/74/74 73/73/73
f 74/74/74 76/76/76 73/73/73
f 76/76/76 74/74/74 77/77/77
f 76/76/76 77/77/77 78/78/78
f 78/78/78 77/77/77 79/79/79
f 77/77/77 80/80/80 79/79/79
f 78/78/78 79/79/79 81/81/81
f 82/82/82 78/78/78 81/81/81
f 83/83/83 76/76/76 78/78/78
f 83/83/83 78/78/78 82/82/82
f 84/84/84 76/76/76 83/83/83
f 85/85/85 83/83/83 82/82/82
f 86/86/86 84/84/84 83/83/83
f 86/86/86 83/83/83 85/85/85
f 87/87/87 84/84/84 86/86/86
f 88/88/88 86/86/86 85/85/85
f 89/89/89 87/87/87 86/86/86
f 89/89/89 86/86/86 88/88/88
f 90/90/90 89/89/89 88/88/88
f 93/93/93 92/92/92 91/91/91
f 94/94/94 93/93/93 91/91/91
f 94/94/94 91/91/91 95/95/95
f 96/96/96 94/94/94 95/95/95
f 99/99/99 98/98/98 97/97/97
f 98/98/98 100/100/100 97/97/97
f 100/100/100 98/98/98 101/101/101
f 100/100/100 101/101/101 102/102/102
f 102/102/102 101/101/101 103/103/103
f 101/101/101 104/104/104 103/103/103
f 102/102/102 103/103/103 105/105/105
f 106/106/106 102/102/102 105/105/105
f 107/107/107 100/100/100 102/102/102
f 107/107/107 102/102/102 106/106/106
f 108/108/108 100/100/100 107/107/107
f 109/109/109 107/107/107 106/106/106
f 110/110/110 108/108/108 107/107/107
f 110/110/110 107/107/107 109/109/109
f 111/111/111 108/108/108 110/110/110
f 112/112/112 110/110/110 109/109/109
f 113/113/113 111/111/111 110/110/110
f 113/113/113 110/110/110 112/112/112
f 114/114/114 113/113/113 112/112/112
f 117/117/117 116/116/116 115/115/115
f 118/118/118 117/117/117 115/115/115
f 118/118/118 115/115/115 119/119/119
f 120/120/120 118/118/118 119/119/119
f 123/123/123 122/122/122 121/121/121
f 122/122/122 124/124/124 121/121/121
f 124/124/124 122/122/122 125/125/125
f 124/124/124 125/125/125 126/126/126
f 126/126/126 125/125/125 127/127/127
f 125/125/125 128/128/128 127/127/127
f 126/126/126 127/127/127 129/129/129
f 130/130/130 126/126/126 129/129/129
f 131/131/131 124/124/124 126/126/126
f 131/131/131 126/126/126 130/130/130
f 132/132/132 124/124/124 131/131/131
f 133/133/133 131/131/131 130/130/130
f 134/134/134 132/132/132 131/131/131
f 134/134/134 131/131/131 133/133/133
f 135/135/135 132/132/132 134/134/134
f 136/136/136 134/134/134 133/133/133
f 137/137/137 135/135/135 134/134/134
f 137/137/137 134/134/134 136/136/136
f 138/138/138 137/137/137 136/136/136
f 141/141/141 140/140/140 139/139/139
f 142/142/142 141/141/141 139/139/139
f 142/142/142 139/139/139 143/143/143
f 144/144/144 142/142/142 143/143/143
f 147/147/147 146/146/146 145/145/145
f 146/146/146 147/147/147 148/148/148
f 149/149/149 146/146/146 148/148/148
f 149/149/149 148/148/148 150/150/150
f 148/148/148 151/151/151 150/150/150
f 148/148/148 152/152/152 151/151/151
f 149/149/149 150/150/150 153/153/153
f 154/154/154 149/149/149 153/153/153
f 152/152/152 155/155/155 151/151/151
f 152/152/152 156/156/156 155/155/155
f 156/156/156 154/154/154 157/157/157
f 154/154/154 153/153/153 157/157/157
f 156/156/156 157/157/157 155/155/155
f 150/150/150 151/151/151 158/158/158
f 153/153/153 150/150/150 159/159/159
f 150/150/150 158/158/158 159/159/159
f 151/151/151 155/155/155 160/160/160
f 151/151/151 160/160/160 158/158/158
f 157/157/157 153/153/153 161/161/161
f 153/153/153 159/159/159 161/161/161
f 155/155/155 157/157/157 162/162/162
f 155/155/155 162/162/162 160/160/160
f 157/157/157 161/161/161 162/162/162
f 158/158/158 160/160/160 163/163/163
f 159/159/159 158/158/158 164/164/164
f 158/158/158 163/163/163 164/164/164
f 160/160/160 162/162/162 165/165/165
f 160/160/160 165/165/165 163/163/163
f 161/161/161 159/159/159 166/166/166
f 159/159/159 164/164/164 166/166/166
f 162/162/162 161/161/161 167/167/167
f 162/162/162 167/167/167 165/165/165
f 161/161/161 166/166/166 167/167/167
f 163/163/163 165/165/165 168/168/168
f 164/164/164 163/163/163 169/169/169
f 163/163/163 168/168/168 169/169/169
f 165/165/165 167/167/167 170/170/170
f 165/165/165 170/170/170 168/168/168
f 166/166/166 164/164/164 171/171/171
f 164/164/164 169/169/169 171/171/171
f 167/167/167 166/166/166 172/172/172
f 167/167/167 172/172/172 170/170/170
f 166/166/166 171/171/171 172/172/172
f 168/168/168 170/170/170 173/173/173
f 169/169/169 168/168/168 174/174/174
f 168/168/168 173/173/173 174/174/174
f 170/170/170 172/172/172 175/175/175
f 170/170/170 175/175/175 173/173/173
f 171/171/171 169/169/169 176/176/176
f 169/169/169 174/174/174 176/176/176
f 172/172/172 171/171/171 177/177/177
f 172/172/172 177/177/177 175/175/175
f 171/171/171 176/176/176 177/177/177
f 173/173/173 175/175/175 178/178/178
f 174/174/174 173/173/173 179/179/179
f 173/173/173 178/178/178 179/179/179
f 175/175/175 177/177/177 180/180/180
f 175/175/175 180/180/180 178/178/178
f 176/176/176 174/174/174 181/181/181
f 174/174/174 179/179/179 181/181/181
f 177/177/177 176/176/176 182/182/182
f 177/177/177 182/182/182 180/180/180
f 176/176/176 181/181/181 182/182/182
f 178/178/178 180/180/180 183/183/183
f 179/179/179 178/178/178 184/184/184
f 178/178/178 183/183/183 184/184/184
f 180/180/180 182/182/182 185/185/185
f 180/180/180 185/185/185 183/183/183
f 181/181/181 179/179/179 186/186/186
f 179/179/179 184/184/184 186/186/186
f 182/182/182 181/181/181 187/187/187
f 182/182/182 187/187/187 185/185/185
f 181/181/181 186/186/186 187/187/187
f 183/183/183 185/185/185 188/188/188
f 184/184/184 183/183/183 189/189/189
f 183/183/183 188/188/188 189/189/189
f 185/185/185 187/187/187 190/190/190
f 185/185/185 190/190/190 188/188/188
f 186/186/186 184/184/184 191/191/191
f 184/184/184 189/189/189 191/191/191
f 187/187/187 186/186/186 192/192/192
f 187/187/187 192/192/192 190/190/190
f 186/186/186 191/191/191 192/192/192
f 188/188/188 190/190/190 193/193/193
f 189/189/189 188/188/188 194/194/194
f 188/188/188 193/193/193 194/194/194
f 190/190/190 192/192/192 195/195/195
f 190/190/190 195/195/195 193/193/193
f 191/191/191 189/189/189 196/196/196
f 189/189/189 194/194/194 196/196/196
f 192/192/192 191/191/191 197/197/197
f 192/192/192 197/197/197 195/195/195
f 191/191/191 196/196/196 197/197/197
f 193/193/193 195/195/195 198/198/198
f 194/194/194 193/193/193 199/199/199
f 193/193/193 198/198/198 199/199/199
f 195/195/195 197/197/197 200/200/200
f 195/195/195 200/200/200 198/198/198
f 196/196/196 194/194/194 201/201/201
f 194/194/194 199/199/199 201/201/201
f 197/197/197 196/196/196 202/202/202
f 197/197/197 202/202/202 200/200/200
f 196/196/196 201/201/201 202/202/202
f 198/198/198 200/200/200 203/203/203
f 199/199/199 198/198/198 204/204/204
f 198/198/198 203/203/203 204/204/204
f 200/200/200 202/202/202 205/205/205
f 200/200/200 205/205/205 203/203/203
f 201/201/201 199/199/199 206/206/206
f 199/199/199 204/204/204 206/206/206
f 202/202/202 201/201/201 207/207/207
f 202/202/202 207/207/207 205/205/205
f 201/201/201 206/206/206 207/207/207
f 203/203/203 205/205/205 208/208/208
f 204/204/204 203/203/203 209/209/209
f 203/203/203 208/208/208 209/209/209
f 205/205/205 207/207/207 210/210/210
f 205/205/205 210/210/210 208/208/208
f 206/206/206 204/204/204 211/211/211
f 204/204/204 209/209/209 211/211/211
f 207/207/207 206/206/206 212/212/212
f 207/207/207 212/212/212 210/210/210
f 206/206/206 211/211/211 212/212/212
f 208/208/208 210/210/210 213/213/213
f 209/209/209 208/208/208 214/214/214
f 208/208/208 213/213/213 214/214/214
f 210/210/210 212/212/212 215/215/215
f 210/210/210 215/215/215 213/213/213
f 211/211/211 209/209/209 216/216/216
f 209/209/209 214/214/214 216/216/216
f 212/212/212 211/211/211 217/217/217
f 212/212/212 217/217/217 215/215/215
f 211/211/211 216/216/216 217/217/217
f 213/213/213 215/215/215 218/218/218
f 214/214/214 213/213/213 219/219/219
f 213/213/213 218/218/218 219/219/219
f 215/215/215 217/217/217 220/220/220
f 215/215/215 220/220/220 218/218/218
f 216/216/216 214/214/214 221/221/221
f 214/214/214 219/219/219 221/221/221
f 217/217/217 216/216/216 222/222/222
f 217/217/217 222/222/222 220/220/220
f 216/216/216 221/221/221 222/222/222
f 218/218/218 220/220/220 223/223/223
f 219/219/219 218/218/218 224/224/224
f 218/218/218 223/223/223 224/224/224
f 220/220/220 222/222/222 225/225/225
f 220/220/220 225/225/225 223/223/223
f 221/221/221 219/219/219 226/226/226
f 219/219/219 224/224/224 226/226/226
f 222/222/222 221/221/221 227/227/227
f 222/222/222 227/227/227 225/225/225
f 221/221/221 226/226/226 227/227/227
f 223/223/223 225/225/225 228/228/228
f 224/224/224 223/223/223 229/229/229
f 223/223/223 228/228/228 229/229/229
f 225/225/225 227/227/227 230/230/230
f 225/225/225 230/230/230 228/228/228
f 226/226/226 224/224/224 231/231/231
f 224/224/224 229/229/229 231/231/231
f 227/227/227 226/226/226 232/232/232
f 227/227/227 232/232/232 230/230/230
f 226/226/226 231/231/231 232/232/232
f 228/228/228 230/230/230 233/233/233
f 229/229/229 228/228/228 234/234/234
f 228/228/228 233/233/233 234/234/234
f 230/230/230 232/232/232 235/235/235
f 230/230/230 235/235/235 233/233/233
f 231/231/231 229/229/229 236/236/236
f 229/229/229 234/234/234 236/236/236
f 232/232/232 231/231/231 237/237/237
f 232/232/232 237/237/237 235/235/235
f 231/231/231 236/236/236 237/237/237
f 233/233/233 235/235/235 238/238/238
f 234/234/234 233/233/233 239/239/239
f 233/233/233 238/238/238 239/239/239
f 235/235/235 237/237/237 240/240/240
f 235/235/235 240/240/240 238/238/238
f 236/236/236 234/234/234 241/241/241
f 234/234/234 239/239/239 241/241/241
f 237/237/237 236/236/236 242/242/242
f 237/237/237 242/242/242 240/240/240
f 236/236/236 241/241/241 242/242/242
f 238/238/238 240/240/240 243/243/243
f 239/239/239 238/238/238 244/244/244
f 238/238/238 243/243/243 244/244/244
f 240/240/240 242/242/242 245/245/245
f 240/240/240 245/245/245 243/243/243
f 241/241/241 239/239/239 246/246/246
f 239/239/239 244/244/244 246/246/246
f 242/242/242 241/241/241 247/247/247
f 242/242/242 247/247/247 245/245/245
f 241/241/241 246/246/246 247/247/247
f 243/243/243 245/245/245 248/248/248
f 244/244/244 243/243/243 249/249/249
f 243/243/243 248/248/248 249/249/249
f 245/245/245 247/247/247 250/250/250
f 245/245/245 250/250/250 248/248/248
f 246/246/246 244/244/244 251/251/251
f 244/244/244 249/249/249 251/251/251
f 247/247/247 246/246/246 252/252/252
f 247/247/247 252/252/252 250/250/250
f 246/246/246 251/251/251 252/252/252
f 248/248/248 250/250/250 253/253/253
f 249/249/249 248/248/248 254/254/254
f 248/248/248 253/253/253 254/254/254
f 250/250/250 252/252/252 255/255/255
f 250/250/250 255/255/255 253/253/253
f 251/251/251 249/249/249 256/256/256
f 249/249/249 254/254/254 256/256/256
f 252/252/252 251/251/251 257/257/257
f 252/252/252 257/257/257 255/255/255
f 251/251/251 256/256/256 257/257/257
f 253/253/253 255/255/255 258/258/258
f 254/254/254 253/253/253 259/259/259
f 253/253/253 258/258/258 259/259/259
f 255/255/255 257/257/257 260/260/260
f 255/255/255 260/260/260 258/258/258
f 256/256/256 254/254/254 261/261/261
f 254/254/254 259/259/259 261/261/261
f 257/257/257 256/256/256 262/262/262
f 257/257/257 262/262/262 260/260/260
f 256/256/256 261/261/261 262/262/262
f 258/258/258 260/260/260 263/263/263
f 259/259/259 258/258/258 264/264/264
f 258/258/258 263/263/263 264/264/264
f 260/260/260 262/262/262 265/265/265
f 260/260/260 265/265/265 263/263/263
f 261/261/261 259/259/259 266/266/266
f 259/259/259 264/264/264 266/266/266
f 262/262/262 261/261/261 267/267/267
f 262/262/262 267/267/267 265/265/265
f 261/261/261 266/266/266 267/267/267
f 263/263/263 265/265/265 268/268/268
f 264/264/264 263/263/263 269/269/269
f 263/263/263 268/268/268 269/269/269
f 265/265/265 267/267/267 270/270/270
f 265/265/265 270/270/270 268/268/268
f 266/266/266 264/264/264 271/271/271
f 264/264/264 269/269/269 271/271/271
f 267/267/267 266/266/266 272/272/272
f 267/267/267 272/272/272 270/270/270
f 266/266/266 271/271/271 272/272/272
f 268/268/268 270/270/270 273/273/273
f 269/269/269 268/268/268 274/274/274
f 268/268/268 273/273/273 274/274/274
f 270/270/270 272/272/272 275/275/275
f 270/270/270 275/275/275 273/273/273
f 271/271/271 269/269/269 276/276/276
f 269/269/269 274/274/274 276/276/276
f 272/272/272 271/271/271 277/277/277
f 272/272/272 277/277/277 275/275/275
f 271/271/271 276/276/276 277/277/277
f 273/273/273 275/275/275 278/278/278
f 274/274/274 273/273/273 279/279/279
f 273/273/273 278/278/278 279/279/279
f 275/275/275 277/277/277 280/280/280
f 275/275/275 280/280/280 278/278/278
f 276/276/276 274/274/274 281/281/281
f 274/274/274 279/279/279 281/281/281
f 277/277/277 276/276/276 282/282/282
f 277/277/277 282/282/282 280/280/280
f 276/276/276 281/281/281 282/282/282
f 278/278/278 280/280/280 283/283/283
f 279/279/279 278/278/278 284/284/284
f 278/278/278 283/283/283 284/284/284
f 280/280/280 282/282/282 285/285/285
f 280/280/280 285/285/285 283/283/283
f 281/281/281 279/279/279 286/286/286
f 279/279/279 284/284/284 286/286/286
f 282/282/282 281/281/281 287/287/287
f 282/282/282 287/287/287 285/285/285
f 281/281/281 286/286/286 287/287/287
f 283/283/283 285/285/285 288/288/288
f 284/284/284 283/283/283 289/289/289
f 283/283/283 288/288/288 289/289/289
f 285/285/285 287/287/287 290/290/290
f 285/285/285 290/290/290 288/288/288
f 286/286/286 284/284/284 291/291/291
f 284/284/284 289/289/289 291/291/291
f 287/287/287 286/286/286 292/292/292
f 287/287/287 292/292/292 290/290/290
f 286/286/286 291/291/291 292/292/292
f 288/288/288 290/290/290 293/293/293
f 289/289/289 288/288/288 294/294/294
f 288/288/288 293/293/293 294/294/294
f 290/290/290 292/292/292 295/295/295
f 290/290/290 295/295/295 293/293/293
f 291/291/291 289/289/289 296/296/296
f 289/289/289 294/294/294 296/296/296
f 292/292/292 291/291/291 297/297/297
f 292/292/292 297/297/297 295/295/295
f 291/291/291 296/296/296 297/297/297
f 293/293/293 295/295/295 298/298/298
f 294/294/294 293/293/293 299/299/299
f 293/293/293 298/298/298 299/299/299
f 295/295/295 297/297/297 300/300/300
f 295/295/295 300/300/300 298/298/298
f 296/296/296 294/294/294 301/301/301
f 294/294/294 299/299/299 301/301/301
f 297/297/297 296/296/296 302/302/302
f 297/297/297 302/302/302 300/300/300
f 296/296/296 301/301/301 302/302/302
f 298/298/298 300/300/300 303/303/303
f 299/299/299 298/298/298 304/304/304
f 298/298/298 303/303/303 304/304/304
f 300/300/300 302/302/302 305/305/305
f 300/300/300 305/305/305 303/303/303
f 301/301/301 299/299/299 306/306/306
f 299/299/299 304/304/304 306/306/306
f 302/302/302 301/301/301 307/307/307
f 302/302/302 307/307/307 305/305/305
f 301/301/301 306/306/306 307/307/307
f 303/303/303 305/305/305 308/308/308
f 304/304/304 303/303/303 309/309/309
f 303/303/303 308/308/308 309/309/309
f 305/305/305 307/307/307 310/310/310
f 305/305/305 310/310/310 308/308/308
f 306/306/306 304/304/304 311/311/311
f 304/304/304 309/309/309 311/311/311
f 307/307/307 306/306/306 312/312/312
f 307/307/307 312/312/312 310/310/310
f 306/306/306 311/311/311 312/312/312
f 308/308/308 310/310/310 313/313/313
f 309/309/309 308/308/308 314/314/314
f 308/308/308 313/313/313 314/314/314
f 310/310/310 312/312/312 315/315/315
f 310/310/310 315/315/315 313/313/313
f 311/311/311 309/309/309 316/316/316
f 309/309/309 314/314/314 316/316/316
f 312/312/312 311/311/311 317/317/317
f 312/312/312 317/317/317 315/315/315
f 311/311/311 316/316/316 317/317/317
f 313/313/313 315/315/315 318/318/318
f 314/314/314 313/313/313 319/319/319
f 313/313/313 318/318/318 319/319/319
f 315/315/315 317/317/317 320/320/320
f 315/315/315 320/320/320 318/318/318
f 316/316/316 314/314/314 321/321/321
f 314/314/314 319/319/319 321/321/321
f 317/317/317 316/316/316 322/322/322
f 317/317/317 322/322/322 320/320/320
f 316/316/316 321/321/321 322/322/322
f 318/318/318 320/320/320 323/323/323
f 319/319/319 318/318/318 324/324/324
f 318/318/318 323/323/323 324/324/324
f 320/320/320 322/322/322 325/325/325
f 320/320/320 325/325/325 323/323/323
f 321/321/321 319/319/319 326/326/326
f 319/319/319 324/324/324 326/326/326
f 322/322/322 321/321/321 327/327/327
f 322/322/322 327/327/327 325/325/325
f 321/321/321 326/326/326 327/327/327
f 323/323/323 325/325/325 328/328/328
f 324/324/324 323/323/323 329/329/329
f 323/323/323 328/328/328 329/329/329
f 325/325/325 327/327/327 330/330/330
f 325/325/325 330/330/330 328/328/328
f 326/326/326 324/324/324 331/331/331
f 324/324/324 329/329/329 331/331/331
f 327/327/327 326/326/326 332/332/332
f 327/327/327 332/332/332 330/330/330
f 326/326/326 331/331/331 332/332/332
f 328/328/328 330/330/330 333/333/333
f 329/329/329 328/328/328 334/334/334
f 328/328/328 333/333/333 334/334/334
f 330/330/330 332/332/332 335/335/335
f 330/330/330 335/335/335 333/333/333
f 331/331/331 329/329/329 336/336/336
f 329/329/329 334/334/334 336/336/336
f 332/332/332 331/331/331 337/337/337
f 332/332/332 337/337/337 335/335/335
f 331/331/331 336/336/336 337/337/337
f 333/333/333 335/335/335 338/338/338
f 334/334/334 333/333/333 339/339/339
f 333/333/333 338/338/338 339/339/339
f 335/335/335 337/337/337 340/340/340
f 335/335/335 340/340/340 338/338/338
f 336/336/336 334/334/334 341/341/341
f 334/334/334 339/339/339 341/341/341
f 337/337/337 336/336/336 342/342/342
f 337/337/337 342/342/342 340/340/340
f 336/336/336 341/341/341 342/342/342
f 338/338/338 340/340/340 343/343/343
f 339/339/339 338/338/338 344/344/344
f 338/338/338 343/343/343 344/344/344
f 340/340/340 342/342/342 345/345/345
f 340/340/340 345/345/345 343/343/343
f 341/341/341 339/339/339 346/346/346
f 339/339/339 344/344/344 346/346/346
f 342/342/342 341/341/341 347/347/347
f 342/342/342 347/347/347 345/345/345
f 341/341/341 346/346/346 347/347/347
f 343/343/343 345/345/345 348/348/348
f 344/344/344 343/343/343 349/349/349
f 343/343/343 348/348/348 349/349/349
f 345/345/345 347/347/347 350/350/350
f 345/345/345 350/350/350 348/348/348
f 346/346/346 344/344/344 351/351/351
f 344/344/344 349/349/349 351/351/351
f 347/347/347 346/346/346 352/352/352
f 347/347/347 352/352/352 350/350/350
f 346/346/346 351/351/351 352/352/352
f 348/348/348 350/350/350 353/353/353
f 349/349/349 348/348/348 354/354/354
f 348/348/348 353/353/353 354/354/354
f 350/350/350 352/352/352 355/355/355
f 350/350/350 355/355/355 353/353/353
f 351/351/351 349/349/349 356/356/356
f 349/349/349 354/354/354 356/356/356
f 352/352/352 351/351/351 357/357/357
f 352/352/352 357/357/357 355/355/355
f 351/351/351 356/356/356 357/357/357
f 353/353/353 355/355/355 358/358/358
f 354/354/354 353/353/353 359/359/359
f 353/353/353 358/358/358 359/359/359
f 355/355/355 357/357/357 360/360/360
f 355/355/355 360/360/360 358/358/358
f 356/356/356 354/354/354 361/361/361
f 354/354/354 359/359/359 361/361/361
f 357/357/357 356/356/356 362/362/362
f 357/357/357 362/362/362 360/360/360
f 356/356/356 361/361/361 362/362/362
f 358/358/358 360/360/360 363/363/363
f 359/359/359 358/358/358 364/364/364
f 358/358/358 363/363/363 364/364/364
f 360/360/360 362/362/362 365/365/365
f 360/360/360 365/365/365 363/363/363
f 361/361/361 359/359/359 366/366/366
f 359/359/359 364/364/364 366/366/366
f 362/362/362 361/361/361 367/367/367
f 362/362/362 367/367/367 365/365/365
f 361/361/361 366/366/366 367/367/367
f 363/363/363 365/365/365 368/368/368
f 364/364/364 363/363/363 369/369/369
f 363/363/363 368/368/368 369/369/369
f 365/365/365 367/367/367 370/370/370
f 365/365/365 370/370/370 368/368/368
f 366/366/366 364/364/364 371/371/371
f 364/364/364 369/369/369 371/371/371
f 367/367/367 366/366/366 372/372/372
f 367/367/367 372/372/372 370/370/370
f 366/366/366 371/371/371 372/372/372
f 368/368/368 370/370/370 373/373/373
f 369/369/369 368/368/368 374/374/374
f 368/368/368 373/373/373 374/374/374
f 370/370/370 372/372/372 375/375/375
f 370/370/370 375/375/375 373/373/373
f 371/371/371 369/369/369 376/376/376
f 369/369/369 374/374/374 376/376/376
f 372/372/372 371/371/371 377/377/377
f 372/372/372 377/377/377 375/375/375
f 371/371/371 376/376/376 377/377/377
f 373/373/373 375/375/375 378/378/378
f 374/374/374 373/373/373 379/379/379
f 373/373/373 378/378/378 379/379/379
f 375/375/375 377/377/377 380/380/380
f 375/375/375 380/380/380 378/378/378
f 376/376/376 374/374/374 381/381/381
f 374/374/374 379/379/379 381/381/381
f 377/377/377 376/376/376 382/382/382
f 377/377/377 382/382/382 380/380/380
f 376/376/376 381/381/381 382/382/382
f 378/378/378 380/380/380 383/383/383
f 379/379/379 378/378/378 384/384/384
f 378/378/378 383/383/383 384/384/384
f 380/380/380 382/382/382 385/385/385
f 380/380/380 385/385/385 383/383/383
f 381/381/381 379/379/379 386/386/386
f 379/379/379 384/384/384 386/386/386
f 382/382/382 381/381/381 387/387/387
f 382/382/382 387/387/387 385/385/385
f 381/381/381 386/386/386 387/387/387
f 383/383/383 385/385/385 388/388/388
f 384/384/384 383/383/383 389/389/389
f 383/383/383 388/388/388 389/389/389
f 385/385/385 387/387/387 390/390/390
f 385/385/385 390/390/390 388/388/388
f 386/386/386 384/384/384 391/391/391
f 384/384/384 389/389/389 391/391/391
f 387/387/387 386/386/386 392/392/392
f 387/387/387 392/392/392 390/390/390
f 386/386/386 391/391/391 392/392/392
f 388/388/388 390/390/390 393/393/393
f 389/389/389 388/388/388 394/394/394
f 388/388/388 393/393/393 394/394/394
f 390/390/390 392/392/392 395/395/395
f 390/390/390 395/395/395 393/393/393
f 391/391/391 389/389/389 396/396/396
f 389/389/389 394/394/394 396/396/396
f 392/392/392 391/391/391 397/397/397
f 392/392/392 397/397/397 395/395/395
f 391/391/391 396/396/396 397/397/397
f 393/393/393 395/395/395 398/398/398
f 394/394/394 393/393/393 399/399/399
f 393/393/393 398/398/398 399/399/399
f 395/395/395 397/397/397 400/400/400
f 395/395/395 400/400/400 398/398/398
f 396/396/396 394/394/394 401/401/401
f 394/394/394 399/399/399 401/401/401
f 397/397/397 396/396/396 402/402/402
f 397/397/397 402/402/402 400/400/400
f 396/396/396 401/401/401 402/402/402
f 398/398/398 400/400/400 403/403/403
f 399/399/399 398/398/398 404/404/404
f 398/398/398 403/403/403 404/404/404
f 400/400/400 402/402/402 405/405/405
f 400/400/400 405/405/405 403/403/403
f 401/401/401 399/399/399 406/406/406
f 399/399/399 404/404/404 406/406/406
f 402/402/402 401/401/401 407/407/407
f 402/402/402 407/407/407 405/405/405
f 401/401/401 406/406/406 407/407/407
f 403/403/403 405/405/405 408/408/408
f 404/404/404 403/403/403 409/409/409
f 403/403/403 408/408/408 409/409/409
f 405/405/405 407/407/407 410/410/410
f 405/405/405 410/410/410 408/408/408
f 406/406/406 404/404/404 411/411/411
f 404/404/404 409/409/409 411/411/411
f 407/407/407 406/406/406 412/412/412
f 407/407/407 412/412/412 410/410/410
f 406/406/406 411/411/411 412/412/412
f 408/408/408 410/410/410 413/413/413
f 409/409/409 408/408/408 414/414/414
f 408/408/408 413/413/413 414/414/414
f 410/410/410 412/412/412 415/415/415
f 410/410/410 415/415/415 413/413/413
f 411/411/411 409/409/409 416/416/416
f 409/409/409 414/414/414 416/416/416
f 412/412/412 411/411/411 417/417/417
f 412/412/412 417/417/417 415/415/415
f 411/411/411 416/416/416 417/417/417
f 413/413/413 415/415/415 418/418/418
f 415/415/415 419/419/419 418/418/418
f 415/415/415 417/417/417 419/419/419
f 413/413/413 418/418/418 420/420/420
f 414/414/414 413/413/413 420/420/420
f 417/417/417 421/421/421 419/419/419
f 417/417/417 416/416/416 421/421/421
f 414/414/414 420/420/420 422/422/422
f 416/416/416 422/422/422 421/421/421
f 416/416/416 414/414/414 422/422/422
f 425/425/425 424/424/424 423/423/423
f 423/423/423 424/424/424 426/426/426
f 426/426/426 424/424/424 427/427/427
f 428/428/428 426/426/426 427/427/427
f 429/429/429 428/428/428 427/427/427
f 429/429/429 427/427/427 430/430/430
f 428/428/428 431/431/431 426/426/426
f 431/431/431 432/432/432 426/426/426
f 433/433/433 429/429/429 430/430/430
f 433/433/433 430/430/430 434/434/434
f 435/435/435 434/434/434 432/432/432
f 431/431/431 435/435/435 432/432/432
f 435/435/435 433/433/433 434/434/434
f 436/436/436 431/431/431 428/428/428
f 437/437/437 428/428/428 429/429/429
f 437/437/437 436/436/436 428/428/428
f 438/438/438 429/429/429 433/433/433
f 438/438/438 437/437/437 429/429/429
f 439/439/439 433/433/433 435/435/435
f 439/439/439 438/438/438 433/433/433
f 440/440/440 435/435/435 431/431/431
f 436/436/436 440/440/440 431/431/431
f 440/440/440 439/439/439 435/435/435
f 441/441/441 436/436/436 437/437/437
f 442/442/442 437/437/437 438/438/438
f 442/442/442 441/441/441 437/437/437
f 443/443/443 438/438/438 439/439/439
f 443/443/443 442/442/442 438/438/438
f 444/444/444 439/439/439 440/440/440
f 444/444/444 443/443/443 439/439/439
f 445/445/445 440/440/440 436/436/436
f 441/441/441 445/445/445 436/436/436
f 445/445/445 444/444/444 440/440/440
f 446/446/446 441/441/441 442/442/442
f 447/447/447 442/442/442 443/443/443
f 447/447/447 446/446/446 442/442/442
f 448/448/448 443/443/443 444/444/444
f 448/448/448 447/447/447 443/443/443
f 449/449/449 444/444/444 445/445/445
f 449/449/449 448/448/448 444/444/444
f 450/450/450 445/445/445 441/441/441
f 446/446/446 450/450/450 441/441/441
f 450/450/450 449/449/449 445/445/445
f 451/451/451 446/446/446 447/447/447
f 452/452/452 447/447/447 448/448/448
f 452/452/452 451/451/451 447/447/447
f 453/453/453 448/448/448 449/449/449
f 453/453/453 452/452/452 448/448/448
f 454/454/454 449/449/449 450/450/450
f 454/454/454 453/453/453 449/449/449
f 455/455/455 450/450/450 446/446/446
f 451/451/451 455/455/455 446/446/446
f 455/455/455 454/454/454 450/450/450
f 456/456/456 451/451/451 452/452/452
f 457/457/457 452/452/452 453/453/453
f 457/457/457 456/456/456 452/452/452
f 458/458/458 453/453/453 454/454/454
f 458/458/458 457/457/457 453/453/453
f 459/459/459 454/454/454 455/455/455
f 459/459/459 458/458/458 454/454/454
f 460/460/460 455/455/455 451/451/451
f 456/456/456 460/460/460 451/451/451
f 460/460/460 459/459/459 455/455/455
f 461/461/461 456/456/456 457/457/457
f 462/462/462 457/457/457 458/458/458
f 462/462/462 461/461/461 457/457/457
f 463/463/463 458/458/458 459/459/459
f 463/463/463 462/462/462 458/458/458
f 464/464/464 459/459/459 460/460/460
f 464/464/464 463/463/463 459/459/459
f 465/465/465 460/460/460 456/456/456
f 461/461/461 465/465/465 456/456/456
f 465/465/465 464/464/464 460/460/460
f 466/466/466 461/461/461 462/462/462
f 467/467/467 462/462/462 463/463/463
f 467/467/467 466/466/466 462/462/462
f 468/468/468 463/463/463 464/464/464
f 468/468/468 467/467/467 463/463/463
f 469/469/469 464/464/464 465/465/465
f 469/469/469 468/468/468 464/464/464
f 470/470/470 465/465/465 461/461/461
f 466/466/466 470/470/470 461/461/461
f 470/470/470 469/469/469 465/465/465
f 471/471/471 466/466/466 467/467/467
f 472/472/472 467/467/467 468/468/468
f 472/472/472 471/471/471 467/467/467
f 473/473/473 468/468/468 469/469/469
f 473/473/473 472/472/472 468/468/468
f 474/474/474 469/469/469 470/470/470
f 474/474/474 473/473/473 469/469/469
f 475/475/475 470/470/470 466/466/466
f 471/471/471 475/475/475 466/466/466
f 475/475/475 474/474/474 470/470/470
f 476/476/476 471/471/471 472/472/472
f 477/477/477 472/472/472 473/473/473
f 477/477/477 476/476/476 472/472/472
f 478/478/478 473/473/473 474/474/474
f 478/478/478 477/477/477 473/473/473
f 479/479/479 474/474/474 475/475/475
f 479/479/479 478/478/478 474/474/474
f 480/480/480 475/475/475 471/471/471
f 476/476/476 480/480/480 471/471/471
f 480/480/480 479/479/479 475/475/475
f 481/481/481 476/476/476 477/477/477
f 482/482/482 477/477/477 478/478/478
f 482/482/482 481/481/481 477/477/477
f 483/483/483 478/478/478 479/479/479
f 483/483/483 482/482/482 478/478/478
f 484/484/484 479/479/479 480/480/480
f 484/484/484 483/483/483 479/479/479
f 485/485/485 480/480/480 476/476/476
f 481/481/481 485/485/485 476/476/476
f 485/485/485 484/484/484 480/480/480
f 486/486/486 481/481/481 482/482/482
f 487/487/487 482/482/482 483/483/483
f 487/487/487 486/486/486 482/482/482
f 488/488/488 483/483/483 484/484/484
f 488/488/488 487/487/487 483/483/483
f 489/489/489 484/484/484 485/485/485
f 489/489/489 488/488/488 484/484/484
f 490/490/490 485/485/485 481/481/481
f 486/486/486 490/490/490 481/481/481
f 490/490/490 489/489/489 485/485/485
f 491/491/491 486/486/486 487/487/487
f 492/492/492 487/487/487 488/488/488
f 492/492/492 491/491/491 487/487/487
f 493/493/493 488/488/488 489/489/489
f 493/493/493 492/492/492 488/488/488
f 494/494/494 489/489/489 490/490/490
f 494/494/494 493/493/493 489/489/489
f 495/495/495 490/490/490 486/486/486
f 491/491/491 495/495/495 486/486/486
f 495/495/495 494/494/494 490/490/490
f 496/496/496 491/491/491 492/492/492
f 497/497/497 492/492/492 493/493/493
f 497/497/497 496/496/496 492/492/492
f 498/498/498 493/493/493 494/494/494
f 498/498/498 497/497/497 493/493/493
f 499/499/499 494/494/494 495/495/495
f 499/499/499 498/498/498 494/494/494
f 500/500/500 495/495/495 491/491/491
f 496/496/496 500/500/500 491/491/491
f 500/500/500 499/499/499 495/495/495
f 501/501/501 496/496/496 497/497/497
f 502/502/502 497/497/497 498/498/498
f 502/502/502 501/501/501 497/497/497
f 503/503/503 498/498/498 499/499/499
f 503/503/503 502/502/502 498/498/498
f 504/504/504 499/499/499 500/500/500
f 504/504/504 503/503/503 499/499/499
f 505/505/505 500/500/500 496/496/496
f 501/501/501 505/505/505 496/496/496
f 505/505/505 504/504/504 500/500/500
f 506/506/506 501/501/501 502/502/502
f 507/507/507 502/502/502 503/503/503
f 507/507/507 506/506/506 502/502/502
f 508/508/508 503/503/503 504/504/504
f 508/508/508 507/507/507 503/503/503
f 509/509/509 504/504/504 505/505/505
f 509/509/509 508/508/508 504/504/504
f 510/510/510 505/505/505 501/501/501
f 506/506/506 510/510/510 501/501/501
f 510/510/510 509/509/509 505/505/505
f 511/511/511 506/506/506 507/507/507
f 512/512/512 507/507/507 508/508/508
f 512/512/512 511/511/511 507/507/507
f 513/513/513 508/508/508 509/509/509
f 513/513/513 512/512/512 508/508/508
f 514/514/514 509/509/509 510/510/510
f 514/514/514 513/513/513 509/509/509
f 515/515/515 510/510/510 506/506/506
f 511/511/511 515/515/515 506/506/506
f 515/515/515 514/514/514 510/510/510
f 516/516/516 511/511/511 512/512/512
f 517/517/517 512/512/512 513/513/513
f 517/517/517 516/516/516 512/512/512
f 518/518/518 513/513/513 514/514/514
f 518/518/518 517/517/517 513/513/513
f 519/519/519 514/514/514 515/515/515
f 519/519/519 518/518/518 514/514/514
f 520/520/520 515/515/515 511/511/511
f 516/516/516 520/520/520 511/511/511
f 520/520/520 519/519/519 515/515/515
f 521/521/521 516/516/516 517/517/517
f 522/522/522 517/517/517 518/518/518
f 522/522/522 521/521/521 517/517/517
f 523/523/523 518/518/518 519/519/519
f 523/523/523 522/522/522 518/518/518
f 524/524/524 519/519/519 520/520/520
f 524/524/524 523/523/523 519/519/519
f 525/525/525 520/520/520 516/516/516
f 521/521/521 525/525/525 516/516/516
f 525/525/525 524/524/524 520/520/520
f 526/526/526 521/521/521 522/522/522
f 527/527/527 522/522/522 523/523/523
f 527/527/527 526/526/526 522/522/522
f 528/528/528 523/523/523 524/524/524
f 528/528/528 527/527/527 523/523/523
f 529/529/529 524/524/524 525/525/525
f 529/529/529 528/528/528 524/524/524
f 530/530/530 525/525/525 521/521/521
f 526/526/526 530/530/530 521/521/521
f 530/530/530 529/529/529 525/525/525
f 531/531/531 526/526/526 527/527/527
f 532/532/532 527/527/527 528/528/528
f 532/532/532 531/531/531 527/527/527
f 533/533/533 528/528/528 529/529/529
f 533/533/533 532/532/532 528/528/528
f 534/534/534 529/529/529 530/530/530
f 534/534/534 533/533/533 529/529/529
f 535/535/535 530/530/530 526/526/526
f 531/531/531 535/535/535 526/526/526
f 535/535/535 534/534/534 530/530/530
f 536/536/536 531/531/531 532/532/532
f 537/537/537 532/532/532 533/533/533
f 537/537/537 536/536/536 532/532/532
f 538/538/538 533/533/533 534/534/534
f 538/538/538 537/537/537 533/533/533
f 539/539/539 534/534/534 535/535/535
f 539/539/539 538/538/538 534/534/534
f 540/540/540 535/535/535 531/531/531
f 536/536/536 540/540/540 531/531/531
f 540/540/540 539/539/539 535/535/535
f 541/541/541 536/536/536 537/537/537
f 542/542/542 537/537/537 538/538/538
f 542/542/542 541/541/541 537/537/537
f 543/543/543 538/538/538 539/539/539
f 543/543/543 542/542/542 538/538/538
f 544/544/544 539/539/539 540/540/540
f 544/544/544 543/543/543 539/539/539
f 545/545/545 540/540/540 536/536/536
f 541/541/541 545/545/545 536/536/536
f 545/545/545 544/544/544 540/540/540
f 546/546/546 541/541/541 542/542/542
f 547/547/547 542/542/542 543/543/543
f 547/547/547 546/546/546 542/542/542
f 548/548/548 543/543/543 544/544/544
f 548/548/548 547/547/547 543/543/543
f 549/549/549 544/544/544 545/545/545
f 549/549/549 548/548/548 544/544/544
f 550/550/550 545/545/545 541/541/541
f 546/546/546 550/550/550 541/541/541
f 550/550/550 549/549/549 545/545/545
f 551/551/551 546/546/546 547/547/547
f 552/552/552 547/547/547 548/548/548
f 552/552/552 551/551/551 547/547/547
f 553/553/553 548/548/548 549/549/549
f 553/553/553 552/552/552 548/548/548
f 554/554/554 549/549/549 550/550/550
f 554/554/554 553/553/553 549/549/549
f 555/555/555 550/550/550 546/546/546
f 551/551/551 555/555/555 546/546/546
f 555/555/555 554/554/554 550/550/550
f 556/556/556 551/551/551 552/552/552
f 557/557/557 552/552/552 553/553/553
f 557/557/557 556/556/556 552/552/552
f 558/558/558 553/553/553 554/554/554
f 558/558/558 557/557/557 553/553/553
f 559/559/559 554/554/554 555/555/555
f 559/559/559 558/558/558 554/554/554
f 560/560/560 555/555/555 551/551/551
f 556/556/556 560/560/560 551/551/551
f 560/560/560 559/559/559 555/555/555
f 561/561/561 556/556/556 557/557/557
f 562/562/562 557/557/557 558/558/558
f 562/562/562 561/561/561 557/557/557
f 563/563/563 558/558/558 559/559/559
f 563/563/563 562/562/562 558/558/558
f 564/564/564 559/559/559 560/560/560
f 564/564/564 563/563/563 559/559/559
f 565/565/565 560/560/560 556/556/556
f 561/561/561 565/565/565 556/556/556
f 565/565/565 564/564/564 560/560/560
f 566/566/566 561/561/561 562/562/562
f 567/567/567 562/562/562 563/563/563
f 567/567/567 566/566/566 562/562/562
f 568/568/568 563/563/563 564/564/564
f 568/568/568 567/567/567 563/563/563
f 569/569/569 564/564/564 565/565/565
f 569/569/569 568/568/568 564/564/564
f 570/570/570 565/565/565 561/561/561
f 566/566/566 570/570/570 561/561/561
f 570/570/570 569/569/569 565/565/565
f 571/571/571 566/566/566 567/567/567
f 572/572/572 567/567/567 568/568/568
f 572/572/572 571/571/571 567/567/567
f 573/573/573 568/568/568 569/569/569
f 573/573/573 572/572/572 568/568/568
f 574/574/574 569/569/569 570/570/570
f 574/574/574 573/573/573 569/569/569
f 575/575/575 570/570/570 566/566/566
f 571/571/571 575/575/575 566/566/566
f 575/575/575 574/574/574 570/570/570
f 576/576/576 571/571/571 572/572/572
f 577/577/577 572/572/572 573/573/573
f 577/577/577 576/576/576 572/572/572
f 578/578/578 573/573/573 574/574/574
f 578/578/578 577/577/577 573/573/573
f 579/579/579 574/574/574 575/575/575
f 579/579/579 578/578/578 574/574/574
f 580/580/580 575/575/575 571/571/571
f 576/576/576 580/580/580 571/571/571
f 580/580/580 579/579/579 575/575/575
f 581/581/581 576/576/576 577/577/577
f 582/582/582 581/581/581 577/577/577
f 582/582/582 577/577/577 578/578/578
f 581/581/581 583/583/583 576/576/576
f 583/583/583 580/580/580 576/576/576
f 584/584/584 582/582/582 578/578/578
f 584/584/584 578/578/578 579/579/579
f 583/583/583 585/585/585 580/580/580
f 585/585/585 579/579/579 580/580/580
f 585/585/585 584/584/584 579/579/579
f 588/588/588 587/587/587 586/586/586
f 587/587/587 589/589/589 586/586/586
f 589/589/589 587/587/587 590/590/590
f 589/589/589 590/590/590 591/591/591
f 591/591/591 590/590/590 592/592/592
f 590/590/590 593/593/593 592/592/592
f 591/591/591 592/592/592 594/594/594
f 595/595/595 589/589/589 591/591/591
f 596/596/596 589/589/589 595/595/595
f 597/597/597 591/591/591 594/594/594
f 595/595/595 591/591/591 597/597/597
f 597/597/597 594/594/594 598/598/598
f 599/599/599 596/596/596 595/595/595
f 600/600/600 596/596/596 599/599/599
f 601/601/601 600/600/600 599/599/599
f 602/602/602 595/595/595 597/597/597
f 599/599/599 595/595/595 602/602/602
f 601/601/601 599/599/599 603/603/603
f 603/603/603 599/599/599 602/602/602
f 604/604/604 601/601/601 603/603/603
f 605/605/605 597/597/597 598/598/598
f 602/602/602 597/597/597 605/605/605
f 603/603/603 602/602/602 606/606/606
f 606/606/606 602/602/602 605/605/605
f 604/604/604 603/603/603 607/607/607
f 607/607/607 603/603/603 606/606/606
f 608/608/608 604/604/604 607/607/607
f 608/608/608 607/607/607 609/609/609
f 605/605/605 598/598/598 610/610/610
f 598/598/598 611/611/611 610/610/610
f 606/606/606 605/605/605 612/612/612
f 605/605/605 610/610/610 612/612/612
f 607/607/607 606/606/606 613/613/613
f 607/607/607 613/613/613 609/609/609
f 606/606/606 612/612/612 613/613/613
f 610/610/610 611/611/611 614/614/614
f 612/612/612 610/610/610 615/615/615
f 610/610/610 614/614/614 615/615/615
f 613/613/613 612/612/612 616/616/616
f 612/612/612 615/615/615 616/616/616
f 609/609/609 613/613/613 617/617/617
f 613/613/613 616/616/616 617/617/617
f 611/611/611 609/609/609 618/618/618
f 611/611/611 618/618/618 614/614/614
f 609/609/609 617/617/617 618/618/618
f 615/615/615 614/614/614 619/619/619
f 616/616/616 615/615/615 620/620/620
f 615/615/615 619/619/619 620/620/620
f 614/614/614 618/618/618 621/621/621
f 614/614/614 621/621/621 619/619/619
f 617/617/617 616/616/616 622/622/622
f 616/616/616 620/620/620 622/622/622
f 618/618/618 617/617/617 623/623/623
f 618/618/618 623/623/623 621/621/621
f 617/617/617 622/622/622 623/623/623
f 619/619/619 621/621/621 624/624/624
f 620/620/620 619/619/619 625/625/625
f 619/619/619 624/624/624 625/625/625
f 621/621/621 623/623/623 626/626/626
f 621/621/621 626/626/626 624/624/624
f 622/622/622 620/620/620 627/627/627
f 620/620/620 625/625/625 627/627/627
f 623/623/623 622/622/622 628/628/628
f 623/623/623 628/628/628 626/626/626
f 622/622/622 627/627/627 628/628/628
f 624/624/624 626/626/626 629/629/629
f 625/625/625 624/624/624 630/630/630
f 624/624/624 629/629/629 630/630/630
f 626/626/626 628/628/628 631/631/631
f 626/626/626 631/631/631 629/629/629
f 627/627/627 625/625/625 632/632/632
f 625/625/625 630/630/630 632/632/632
f 628/628/628 627/627/627 633/633/633
f 628/628/628 633/633/633 631/631/631
f 627/627/627 632/632/632 633/633/633
f 629/629/629 631/631/631 634/634/634
f 630/630/630 629/629/629 635/635/635
f 629/629/629 634/634/634 635/635/635
f 631/631/631 633/633/633 636/636/636
f 631/631/631 636/636/636 634/634/634
f 632/632/632 630/630/630 637/637/637
f 630/630/630 635/635/635 637/637/637
f 633/633/633 632/632/632 638/638/638
f 633/633/633 638/638/638 636/636/636
f 632/632/632 637/637/637 638/638/638
f 634/634/634 636/636/636 639/639/639
f 635/635/635 634/634/634 640/640/640
f 634/634/634 639/639/639 640/640/640
f 636/636/636 638/638/638 641/641/641
f 636/636/636 641/641/641 639/639/639
f 637/637/637 635/635/635 642/642/642
f 635/635/635 640/640/640 642/642/642
f 638/638/638 637/637/637 643/643/643
f 638/638/638 643/643/643 641/641/641
f 637/637/637 642/642/642 643/643/643
f 639/639/639 641/641/641 644/644/644
f 640/640/640 639/639/639 645/645/645
f 639/639/639 644/644/644 645/645/645
f 641/641/641 643/643/643 646/646/646
f 641/641/641 646/646/646 644/644/644
f 642/642/642 640/640/640 647/647/647
f 640/640/640 645/645/645 647/647/647
f 643/643/643 642/642/642 648/648/648
f 643/643/643 648/648/648 646/646/646
f 642/642/642 647/647/647 648/648/648
f 644/644/644 646/646/646 649/649/649
f 645/645/645 644/644/644 650/650/650
f 644/644/644 649/649/649 650/650/650
f 646/646/646 648/648/648 651/651/651
f 646/646/646 651/651/651 649/649/649
f 647/647/647 645/645/645 652/652/652
f 645/645/645 650/650/650 652/652/652
f 648/648/648 647/647/647 653/653/653
f 648/648/648 653/653/653 651/651/651
f 647/647/647 652/652/652 653/653/653
f 649/649/649 651/651/651 654/654/654
f 650/650/650 649/649/649 655/655/655
f 649/649/649 654/654/654 655/655/655
f 651/651/651 653/653/653 656/656/656
f 651/651/651 656/656/656 654/654/654
f 652/652/652 650/650/650 657/657/657
f 650/650/650 655/655/655 657/657/657
f 653/653/653 652/652/652 658/658/658
f 653/653/653 658/658/658 656/656/656
f 652/652/652 657/657/657 658/658/658
f 654/654/654 656/656/656 659/659/659
f 655/655/655 654/654/654 660/660/660
f 654/654/654 659/659/659 660/660/660
f 656/656/656 658/658/658 661/661/661
f 656/656/656 661/661/661 659/659/659
f 657/657/657 655/655/655 662/662/662
f 655/655/655 660/660/660 662/662/662
f 658/658/658 657/657/657 663/663/663
f 658/658/658 663/663/663 661/661/661
f 657/657/657 662/662/662 663/663/663
f 659/659/659 661/661/661 664/664/664
f 660/660/660 659/659/659 665/665/665
f 659/659/659 664/664/664 665/665/665
f 661/661/661 663/663/663 666/666/666
f 661/661/661 666/666/666 664/664/664
f 662/662/662 660/660/660 667/667/667
f 660/660/660 665/665/665 667/667/667
f 663/663/663 662/662/662 668/668/668
f 663/663/663 668/668/668 666/666/666
f 662/662/662 667/667/667 668/668/668
f 664/664/664 666/666/666 669/669/669
f 665/665/665 664/664/664 670/670/670
f 664/664/664 669/669/669 670/670/670
f 666/666/666 668/668/668 671/671/671
f 666/666/666 671/671/671 669/669/669
f 667/667/667 665/665/665 672/672/672
f 665/665/665 670/670/670 672/672/672
f 668/668/668 667/667/667 673/673/673
f 668/668/668 673/673/673 671/671/671
f 667/667/667 672/672/672 673/673/673
f 669/669/669 671/671/671 674/674/674
f 670/670/670 669/669/669 675/675/675
f 669/669/669 674/674/674 675/675/675
f 671/671/671 673/673/673 676/676/676
f 671/671/671 676/676/676 674/674/674
f 672/672/672 670/670/670 677/677/677
f 670/670/670 675/675/675 677/677/677
f 673/673/673 672/672/672 678/678/678
f 673/673/673 678/678/678 676/676/676
f 672/672/672 677/677/677 678/678/678
f 674/674/674 676/676/676 679/679/679
f 675/675/675 674/674/674 680/680/680
f 674/674/674 679/679/679 680/680/680
f 676/676/676 678/678/678 681/681/681
f 676/676/676 681/681/681 679/679/679
f 677/677/677 675/675/675 682/682/682
f 675/675/675 680/680/680 682/682/682
f 678/678/678 677/677/677 683/683/683
f 678/678/678 683/683/683 681/681/681
f 677/677/677 682/682/682 683/683/683
f 679/679/679 681/681/681 684/684/684
f 680/680/680 679/679/679 685/685/685
f 679/679/679 684/684/684 685/685/685
f 681/681/681 683/683/683 686/686/686
f 681/681/681 686/686/686 684/684/684
f 682/682/682 680/680/680 687/687/687
f 680/680/680 685/685/685 687/687/687
f 683/683/683 682/682/682 688/688/688
f 683/683/683 688/688/688 686/686/686
f 682/682/682 687/687/687 688/688/688
f 684/684/684 686/686/686 689/689/689
f 685/685/685 684/684/684 690/690/690
f 684/684/684 689/689/689 690/690/690
f 686/686/686 688/688/688 691/691/691
f 686/686/686 691/691/691 689/689/689
f 687/687/687 685/685/685 692/692/692
f 685/685/685 690/690/690 692/692/692
f 688/688/688 687/687/687 693/693/693
f 688/688/688 693/693/693 691/691/691
f 687/687/687 692/692/692 693/693/693
f 689/689/689 691/691/691 694/694/694
f 690/690/690 689/689/689 695/695/695
f 689/689/689 694/694/694 695/695/695
f 691/691/691 693/693/693 696/696/696
f 691/691/691 696/696/696 694/694/694
f 692/692/692 690/690/690 697/697/697
f 690/690/690 695/695/695 697/697/697
f 693/693/693 692/692/692 698/698/698
f 693/693/693 698/698/698 696/696/696
f 692/692/692 697/697/697 698/698/698
f 694/694/694 696/696/696 699/699/699
f 695/695/695 694/694/694 700/700/700
f 694/694/694 699/699/699 700/700/700
f 696/696/696 698/698/698 701/701/701
f 696/696/696 701/701/701 699/699/699
f 697/697/697 695/695/695 702/702/702
f 695/695/695 700/700/700 702/702/702
f 698/698/698 697/697/697 703/703/703
f 698/698/698 703/703/703 701/701/701
f 697/697/697 702/702/702 703/703/703
f 699/699/699 701/701/701 704/704/704
f 700/700/700 699/699/699 705/705/705
f 699/699/699 704/704/704 705/705/705
f 701/701/701 703/703/703 706/706/706
f 701/701/701 706/706/706 704/704/704
f 702/702/702 700/700/700 707/707/707
f 700/700/700 705/705/705 707/707/707
f 703/703/703 702/702/702 708/708/708
f 703/703/703 708/708/708 706/706/706
f 702/702/702 707/707/707 708/708/708
f 704/704/704 706/706/706 709/709/709
f 705/705/705 704/704/704 710/710/710
f 704/704/704 709/709/709 710/710/710
f 706/706/706 708/708/708 711/711/711
f 706/706/706 711/711/711 709/709/709
f 707/707/707 705/705/705 712/712/712
f 705/705/705 710/710/710 712/712/712
f 708/708/708 707/707/707 713/713/713
f 708/708/708 713/713/713 711/711/711
f 707/707/707 712/712/712 713/713/713
f 709/709/709 711/711/711 714/714/714
f 710/710/710 709/709/709 715/715/715
f 709/709/709 714/714/714 715/715/715
f 711/711/711 713/713/713 716/716/716
f 711/711/711 716/716/716 714/714/714
f 712/712/712 710/710/710 717/717/717
f 710/710/710 715/715/715 717/717/717
f 713/713/713 712/712/712 718/718/718
f 713/713/713 718/718/718 716/716/716
f 712/712/712 717/717/717 718/718/718
f 714/714/714 716/716/716 719/719/719
f 715/715/715 714/714/714 720/720/720
f 714/714/714 719/719/719 720/720/720
f 716/716/716 718/718/718 721/721/721
f 716/716/716 721/721/721 719/719/719
f 717/717/717 715/715/715 722/722/722
f 715/715/715 720/720/720 722/722/722
f 718/718/718 717/717/717 723/723/723
f 718/718/718 723/723/723 721/721/721
f 717/717/717 722/722/722 723/723/723
f 719/719/719 721/721/721 724/724/724
f 720/720/720 719/719/719 725/725/725
f 719/719/719 724/724/724 725/725/725
f 721/721/721 723/723/723 726/726/726
f 721/721/721 726/726/726 724/724/724
f 722/722/722 720/720/720 727/727/727
f 720/720/720 725/725/725 727/727/727
f 723/723/723 722/722/722 728/728/728
f 723/723/723 728/728/728 726/726/726
f 722/722/722 727/727/727 728/728/728
f 724/724/724 726/726/726 729/729/729
f 725/725/725 724/724/724 730/730/730
f 724/724/724 729/729/729 730/730/730
f 726/726/726 728/728/728 731/731/731
f 726/726/726 731/731/731 729/729/729
f 727/727/727 725/725/725 732/732/732
f 725/725/725 730/730/730 732/732/732
f 728/728/728 727/727/727 733/733/733
f 728/728/728 733/733/733 731/731/731
f 727/727/727 732/732/732 733/733/733
f 729/729/729 731/731/731 734/734/734
f 730/730/730 729/729/729 735/735/735
f 729/729/729 734/734/734 735/735/735
f 731/731/731 733/733/733 736/736/736
f 731/731/731 736/736/736 734/734/734
f 732/732/732 730/730/730 737/737/737
f 730/730/730 735/735/735 737/737/737
f 733/733/733 732/732/732 738/738/738
f 733/733/733 738/738/738 736/736/736
f 732/732/732 737/737/737 738/738/738
f 734/734/734 736/736/736 739/739/739
f 735/735/735 734/734/734 740/740/740
f 734/734/734 739/739/739 740/740/740
f 736/736/736 738/738/738 741/741/741
f 736/736/736 741/741/741 739/739/739
f 737/737/737 735/735/735 742/742/742
f 735/735/735 740/740/740 742/742/742
f 738/738/738 737/737/737 743/743/743
f 738/738/738 743/743/743 741/741/741
f 737/737/737 742/742/742 743/743/743
f 739/739/739 741/741/741 744/744/744
f 740/740/740 739/739/739 745/745/745
f 739/739/739 744/744/744 745/745/745
f 741/741/741 743/743/743 746/746/746
f 741/741/741 746/746/746 744/744/744
f 742/742/742 740/740/740 747/747/747
f 740/740/740 745/745/745 747/747/747
f 743/743/743 742/742/742 748/748/748
f 743/743/743 748/748/748 746/746/746
f 742/742/742 747/747/747 748/748/748
f 744/744/744 746/746/746 749/749/749
f 745/745/745 744/744/744 750/750/750
f 744/744/744 749/749/749 750/750/750
f 746/746/746 748/748/748 751/751/751
f 746/746/746 751/751/751 749/749/749
f 747/747/747 745/745/745 752/752/752
f 745/745/745 750/750/750 752/752/752
f 748/748/748 747/747/747 753/753/753
f 748/748/748 753/753/753 751/751/751
f 747/747/747 752/752/752 753/753/753
f 749/749/749 751/751/751 754/754/754
f 750/750/750 749/749/749 755/755/755
f 749/749/749 754/754/754 755/755/755
f 751/751/751 753/753/753 756/756/756
f 751/751/751 756/756/756 754/754/754
f 752/752/752 750/750/750 757/757/757
f 750/750/750 755/755/755 757/757/757
f 753/753/753 752/752/752 758/758/758
f 753/753/753 758/758/758 756/756/756
f 752/752/752 757/757/757 758/758/758
f 754/754/754 756/756/756 759/759/759
f 755/755/755 754/754/754 760/760/760
f 754/754/754 759/759/759 760/760/760
f 756/756/756 758/758/758 761/761/761
f 756/756/756 761/761/761 759/759/759
f 757/757/757 755/755/755 762/762/762
f 755/755/755 760/760/760 762/762/762
f 758/758/758 757/757/757 763/763/763
f 758/758/758 763/763/763 761/761/761
f 757/757/757 762/762/762 763/763/763
f 759/759/759 761/761/761 764/764/764
f 760/760/760 759/759/759 765/765/765
f 759/759/759 764/764/764 765/765/765
f 761/761/761 763/763/763 766/766/766
f 761/761/761 766/766/766 764/764/764
f 762/762/762 760/760/760 767/767/767
f 760/760/760 765/765/765 767/767/767
f 763/763/763 762/762/762 768/768/768
f 763/763/763 768/768/768 766/766/766
f 762/762/762 767/767/767 768/768/768
f 764/764/764 766/766/766 769/769/769
f 765/765/765 764/764/764 770/770/770
f 764/764/764 769/769/769 770/770/770
f 766/766/766 768/768/768 771/771/771
f 766/766/766 771/771/771 769/769/769
f 767/767/767 765/765/765 772/772/772
f 765/765/765 770/770/770 772/772/772
f 768/768/768 767/767/767 773/773/773
f 768/768/768 773/773/773 771/771/771
f 767/767/767 772/772/772 773/773/773
f 769/769/769 771/771/771 774/774/774
f 770/770/770 769/769/769 775/775/775
f 769/769/769 774/774/774 775/775/775
f 771/771/771 773/773/773 776/776/776
f 771/771/771 776/776/776 774/774/774
f 772/772/772 770/770/770 777/777/777
f 770/770/770 775/775/775 777/777/777
f 773/773/773 772/772/772 778/778/778
f 773/773/773 778/778/778 776/776/776
f 772/772/772 777/777/777 778/778/778
f 774/774/774 776/776/776 779/779/779
f 775/775/775 774/774/774 780/780/780
f 774/774/774 779/779/779 780/780/780
f 776/776/776 778/778/778 781/781/781
f 776/776/776 781/781/781 779/779/779
f 777/777/777 775/775/775 782/782/782
f 775/775/775 780/780/780 782/782/782
f 778/778/778 777/777/777 783/783/783
f 778/778/778 783/783/783 781/781/781
f 777/777/777 782/782/782 783/783/783
f 779/779/779 781/781/781 784/784/784
f 780/780/780 779/779/779 785/785/785
f 779/779/779 784/784/784 785/785/785
f 781/781/781 783/783/783 786/786/786
f 781/781/781 786/786/786 784/784/784
f 782/782/782 780/780/780 787/787/787
f 780/780/780 785/785/785 787/787/787
f 783/783/783 782/782/782 788/788/788
f 783/783/783 788/788/788 786/786/786
f 782/782/782 787/787/787 788/788/788
f 784/784/784 786/786/786 789/789/789
f 785/785/785 784/784/784 790/790/790
f 784/784/784 789/789/789 790/790/790
f 786/786/786 788/788/788 791/791/791
f 786/786/786 791/791/791 789/789/789
f 787/787/787 785/785/785 792/792/792
f 785/785/785 790/790/790 792/792/792
f 788/788/788 787/787/787 793/793/793
f 788/788/788 793/793/793 791/791/791
f 787/787/787 792/792/792 793/793/793
f 789/789/789 791/791/791 794/794/794
f 790/790/790 789/789/789 795/795/795
f 789/789/789 794/794/794 795/795/795
f 791/791/791 793/793/793 796/796/796
f 791/791/791 796/796/796 794/794/794
f 792/792/792 790/790/790 797/797/797
f 790/790/790 795/795/795 797/797/797
f 793/793/793 792/792/792 798/798/798
f 793/793/793 798/798/798 796/796/796
f 792/792/792 797/797/797 798/798/798
f 794/794/794 796/796/796 799/799/799
f 795/795/795 794/794/794 800/800/800
f 794/794/794 799/799/799 800/800/800
f 796/796/796 798/798/798 801/801/801
f 796/796/796 801/801/801 799/799/799
f 797/797/797 795/795/795 802/802/802
f 795/795/795 800/800/800 802/802/802
f 798/798/798 797/797/797 803/803/803
f 798/798/798 803/803/803 801/801/801
f 797/797/797 802/802/802 803/803/803
f 799/799/799 801/801/801 804/804/804
f 800/800/800 799/799/799 805/805/805
f 799/799/799 804/804/804 805/805/805
f 801/801/801 803/803/803 806/806/806
f 801/801/801 806/806/806 804/804/804
f 802/802/802 800/800/800 807/807/807
f 800/800/800 805/805/805 807/807/807
f 803/803/803 802/802/802 808/808/808
f 803/803/803 808/808/808 806/806/806
f 802/802/802 807/807/807 808/808/808
f 804/804/804 806/806/806 809/809/809
f 805/805/805 804/804/804 810/810/810
f 804/804/804 809/809/809 810/810/810
f 806/806/806 808/808/808 811/811/811
f 806/806/806 811/811/811 809/809/809
f 807/807/807 805/805/805 812/812/812
f 805/805/805 810/810/810 812/812/812
f 808/808/808 807/807/807 813/813/813
f 808/808/808 813/813/813 811/811/811
f 807/807/807 812/812/812 813/813/813
f 809/809/809 811/811/811 814/814/814
f 810/810/810 809/809/809 815/815/815
f 809/809/809 814/814/814 815/815/815
f 811/811/811 813/813/813 816/816/816
f 811/811/811 816/816/816 814/814/814
f 812/812/812 810/810/810 817/817/817
f 810/810/810 815/815/815 817/817/817
f 813/813/813 812/812/812 818/818/818
f 813/813/813 818/818/818 816/816/816
f 812/812/812 817/817/817 818/818/818
f 814/814/814 816/816/816 819/819/819
f 815/815/815 814/814/814 820/820/820
f 814/814/814 819/819/819 820/820/820
f 816/816/816 818/818/818 821/821/821
f 816/816/816 821/821/821 819/819/819
f 817/817/817 815/815/815 822/822/822
f 815/815/815 820/820/820 822/822/822
f 818/818/818 817/817/817 823/823/823
f 818/818/818 823/823/823 821/821/821
f 817/817/817 822/822/822 823/823/823
f 819/819/819 821/821/821 824/824/824
f 820/820/820 819/819/819 825/825/825
f 819/819/819 824/824/824 825/825/825
f 821/821/821 823/823/823 826/826/826
f 821/821/821 826/826/826 824/824/824
f 822/822/822 820/820/820 827/827/827
f 820/820/820 825/825/825 827/827/827
f 823/823/823 822/822/822 828/828/828
f 823/823/823 828/828/828 826/826/826
f 822/822/822 827/827/827 828/828/828
f 824/824/824 826/826/826 829/829/829
f 825/825/825 824/824/824 830/830/830
f 824/824/824 829/829/829 830/830/830
f 826/826/826 828/828/828 831/831/831
f 826/826/826 831/831/831 829/829/829
f 827/827/827 825/825/825 832/832/832
f 825/825/825 830/830/830 832/832/832
f 828/828/828 827/827/827 833/833/833
f 828/828/828 833/833/833 831/831/831
f 827/827/827 832/832/832 833/833/833
f 829/829/829 831/831/831 834/834/834
f 830/830/830 829/829/829 835/835/835
f 829/829/829 834/834/834 835/835/835
f 831/831/831 833/833/833 836/836/836
f 831/831/831 836/836/836 834/834/834
f 832/832/832 830/830/830 837/837/837
f 830/830/830 835/835/835 837/837/837
f 833/833/833 832/832/832 838/838/838
f 833/833/833 838/838/838 836/836/836
f 832/832/832 837/837/837 838/838/838
f 834/834/834 836/836/836 839/839/839
f 835/835/835 834/834/834 840/840/840
f 834/834/834 839/839/839 840/840/840
f 836/836/836 838/838/838 841/841/841
f 836/836/836 841/841/841 839/839/839
f 837/837/837 835/835/835 842/842/842
f 835/835/835 840/840/840 842/842/842
f 838/838/838 837/837/837 843/843/843
f 838/838/838 843/843/843 841/841/841
f 837/837/837 842/842/842 843/843/843
f 839/839/839 841/841/841 844/844/844
f 840/840/840 839/839/839 845/845/845
f 839/839/839 844/844/844 845/845/845
f 841/841/841 843/843/843 846/846/846
f 841/841/841 846/846/846 844/844/844
f 842/842/842 840/840/840 847/847/847
f 840/840/840 845/845/845 847/847/847
f 843/843/843 842/842/842 848/848/848
f 843/843/843 848/848/848 846/846/846
f 842/842/842 847/847/847 848/848/848
f 844/844/844 846/846/846 849/849/849
f 845/845/845 844/844/844 850/850/850
f 844/844/844 849/849/849 850/850/850
f 846/846/846 848/848/848 851/851/851
f 846/846/846 851/851/851 849/849/849
f 847/847/847 845/845/845 852/852/852
f 845/845/845 850/850/850 852/852/852
f 848/848/848 847/847/847 853/853/853
f 848/848/848 853/853/853 851/851/851
f 847/847/847 852/852/852 853/853/853
f 849/849/849 851/851/851 854/854/854
f 850/850/850 849/849/849 855/855/855
f 849/849/849 854/854/854 855/855/855
f 851/851/851 853/853/853 856/856/856
f 851/851/851 856/856/856 854/854/854
f 852/852/852 850/850/850 857/857/857
f 850/850/850 855/855/855 857/857/857
f 853/853/853 852/852/852 858/858/858
f 853/853/853 858/858/858 856/856/856
f 852/852/852 857/857/857 858/858/858
f 854/854/854 856/856/856 859/859/859
f 855/855/855 854/854/854 860/860/860
f 854/854/854 859/859/859 860/860/860
f 856/856/856 858/858/858 861/861/861
f 856/856/856 861/861/861 859/859/859
f 857/857/857 855/855/855 862/862/862
f 855/855/855 860/860/860 862/862/862
f 858/858/858 857/857/857 863/863/863
f 858/858/858 863/863/863 861/861/861
f 857/857/857 862/862/862 863/863/863
f 859/859/859 861/861/861 864/864/864
f 860/860/860 859/859/859 865/865/865
f 859/859/859 864/864/864 865/865/865
f 861/861/861 863/863/863 866/866/866
f 861/861/861 866/866/866 864/864/864
f 862/862/862 860/860/860 867/867/867
f 860/860/860 865/865/865 867/867/867
f 863/863/863 862/862/862 868/868/868
f 863/863/863 868/868/868 866/866/866
f 862/862/862 867/867/867 868/868/868
f 864/864/864 866/866/866 869/869/869
f 865/865/865 864/864/864 870/870/870
f 864/864/864 869/869/869 870/870/870
f 866/866/866 868/868/868 871/871/871
f 866/866/866 871/871/871 869/869/869
f 867/867/867 865/865/865 872/872/872
f 865/865/865 870/870/870 872/872/872
f 868/868/868 867/867/867 873/873/873
f 868/868/868 873/873/873 871/871/871
f 867/867/867 872/872/872 873/873/873
f 869/869/869 871/871/871 874/874/874
f 870/870/870 869/869/869 875/875/875
f 869/869/869 874/874/874 875/875/875
f 871/871/871 873/873/873 876/876/876
f 871/871/871 876/876/876 874/874/874
f 872/872/872 870/870/870 877/877/877
f 870/870/870 875/875/875 877/877/877
f 873/873/873 872/872/872 878/878/878
f 873/873/873 878/878/878 876/876/876
f 872/872/872 877/877/877 878/878/878
f 874/874/874 876/876/876 879/879/879
f 875/875/875 874/874/874 880/880/880
f 874/874/874 879/879/879 880/880/880
f 876/876/876 878/878/878 881/881/881
f 876/876/876 881/881/881 879/879/879
f 877/877/877 875/875/875 882/882/882
f 875/875/875 880/880/880 882/882/882
f 878/878/878 877/877/877 883/883/883
f 878/878/878 883/883/883 881/881/881
f 877/877/877 882/882/882 883/883/883
f 879/879/879 881/881/881 884/884/884
f 880/880/880 879/879/879 885/885/885
f 879/879/879 884/884/884 885/885/885
f 881/881/881 883/883/883 886/886/886
f 881/881/881 886/886/886 884/884/884
f 882/882/882 880/880/880 887/887/887
f 880/880/880 885/885/885 887/887/887
f 883/883/883 882/882/882 888/888/888
f 883/883/883 888/888/888 886/886/886
f 882/882/882 887/887/887 888/888/888
f 884/884/884 886/886/886 889/889/889
f 885/885/885 884/884/884 890/890/890
f 884/884/884 889/889/889 890/890/890
f 886/886/886 888/888/888 891/891/891
f 886/886/886 891/891/891 889/889/889
f 887/887/887 885/885/885 892/892/892
f 885/885/885 890/890/890 892/892/892
f 888/888/888 887/887/887 893/893/893
f 888/888/888 893/893/893 891/891/891
f 887/887/887 892/892/892 893/893/893
f 889/889/889 891/891/891 894/894/894
f 890/890/890 889/889/889 895/895/895
f 889/889/889 894/894/894 895/895/895
f 891/891/891 893/893/893 896/896/896
f 891/891/891 896/896/896 894/894/894
f 892/892/892 890/890/890 897/897/897
f 890/890/890 895/895/895 897/897/897
f 893/893/893 892/892/892 898/898/898
f 893/893/893 898/898/898 896/896/896
f 892/892/892 897/897/897 898/898/898
f 894/894/894 896/896/896 899/899/899
f 895/895/895 894/894/894 900/900/900
f 894/894/894 899/899/899 900/900/900
f 896/896/896 898/898/898 901/901/901
f 896/896/896 901/901/901 899/899/899
f 897/897/897 895/895/895 902/902/902
f 895/895/895 900/900/900 902/902/902
f 898/898/898 897/897/897 903/903/903
f 898/898/898 903/903/903 901/901/901
f 897/897/897 902/902/902 903/903/903
f 899/899/899 901/901/901 904/904/904
f 900/900/900 899/899/899 905/905/905
f 899/899/899 904/904/904 905/905/905
f 901/901/901 903/903/903 906/906/906
f 901/901/901 906/906/906 904/904/904
f 902/902/902 900/900/900 907/907/907
f 900/900/900 905/905/905 907/907/907
f 903/903/903 902/902/902 908/908/908
f 903/903/903 908/908/908 906/906/906
f 902/902/902 907/907/907 908/908/908
f 904/904/904 906/906/906 909/909/909
f 905/905/905 904/904/904 910/910/910
f 904/904/904 909/909/909 910/910/910
f 906/906/906 908/908/908 911/911/911
f 906/906/906 911/911/911 909/909/909
f 907/907/907 905/905/905 912/912/912
f 905/905/905 910/910/910 912/912/912
f 908/908/908 907/907/907 913/913/913
f 908/908/908 913/913/913 911/911/911
f 907/907/907 912/912/912 913/913/913
f 909/909/909 911/911/911 914/914/914
f 910/910/910 909/909/909 915/915/915
f 909/909/909 914/914/914 915/915/915
f 911/911/911 913/913/913 916/916/916
f 911/911/911 916/916/916 914/914/914
f 912/912/912 910/910/910 917/917/917
f 910/910/910 915/915/915 917/917/917
f 913/913/913 912/912/912 918/918/918
f 913/913/913 918/918/918 916/916/916
f 912/912/912 917/917/917 918/918/918
f 914/914/914 916/916/916 919/919/919
f 915/915/915 914/914/914 920/920/920
f 914/914/914 919/919/919 920/920/920
f 916/916/916 918/918/918 921/921/921
f 916/916/916 921/921/921 919/919/919
f 917/917/917 915/915/915 922/922/922
f 915/915/915 920/920/920 922/922/922
f 918/918/918 917/917/917 923/923/923
f 918/918/918 923/923/923 921/921/921
f 917/917/917 922/922/922 923/923/923
f 920/920/920 919/919/919 924/924/924
f 920/920/920 924/924/924 925/925/925
f 922/922/922 920/920/920 925/925/925
f 922/922/922 925/925/925 926/926/926
f 923/923/923 922/922/922 926/926/926
f 919/919/919 927/927/927 924/924/924
f 919/919/919 921/921/921 927/927/927
f 923/923/923 926/926/926 928/928/928
f 921/921/921 923/923/923 928/928/928
f 921/921/921 928/928/928 927/927/927
f 928/928/928 929/929/929 927/927/927
f 927/927/927 929/929/929 930/930/930
f 930/930/930 929/929/929 931/931/931
f 934/934/934 933/933/933 932/932/932
f 933/933/933 935/935/935 932/932/932
f 935/935/935 933/933/933 936/936/936
f 935/935/935 936/936/936 937/937/937
f 936/936/936 938/938/938 937/937/937
f 936/936/936 939/939/939 938/938/938
f 935/935/935 937/937/937 940/940/940
f 941/941/941 935/935/935 940/940/940
f 939/939/939 942/942/942 938/938/938
f 939/939/939 943/943/943 942/942/942
f 943/943/943 941/941/941 944/944/944
f 941/941/941 940/940/940 944/944/944
f 943/943/943 944/944/944 942/942/942
f 937/937/937 938/938/938 945/945/945
f 940/940/940 937/937/937 946/946/946
f 937/937/937 945/945/945 946/946/946
f 938/938/938 942/942/942 947/947/947
f 938/938/938 947/947/947 945/945/945
f 944/944/944 940/940/940 948/948/948
f 940/940/940 946/946/946 948/948/948
f 942/942/942 944/944/944 949/949/949
f 942/942/942 949/949/949 947/947/947
f 944/944/944 948/948/948 949/949/949
f 945/945/945 947/947/947 950/950/950
f 946/946/946 945/945/945 951/951/951
f 945/945/945 950/950/950 951/951/951
f 947/947/947 949/949/949 952/952/952
f 947/947/947 952/952/952 950/950/950
f 948/948/948 946/946/946 953/953/953
f 946/946/946 951/951/951 953/953/953
f 949/949/949 948/948/948 954/954/954
f 949/949/949 954/954/954 952/952/952
f 948/948/948 953/953/953 954/954/954
f 950/950/950 952/952/952 955/955/955
f 951/951/951 950/950/950 956/956/956
f 950/950/950 955/955/955 956/956/956
f 952/952/952 954/954/954 957/957/957
f 952/952/952 957/957/957 955/955/955
f 953/953/953 951/951/951 958/958/958
f 951/951/951 956/956/956 958/958/958
f 954/954/954 953/953/953 959/959/959
f 954/954/954 959/959/959 957/957/957
f 953/953/953 958/958/958 959/959/959
f 955/955/955 957/957/957 960/960/960
f 956/956/956 955/955/955 961/961/961
f 955/955/955 960/960/960 961/961/961
f 957/957/957 959/959/959 962/962/962
f 957/957/957 962/962/962 960/960/960
f 958/958/958 956/956/956 963/963/963
f 956/956/956 961/961/961 963/963/963
f 959/959/959 958/958/958 964/964/964
f 959/959/959 964/964/964 962/962/962
f 958/958/958 963/963/963 964/964/964
f 960/960/960 962/962/962 965/965/965
f 961/961/961 960/960/960 966/966/966
f 960/960/960 965/965/965 966/966/966
f 962/962/962 964/964/964 967/967/967
f 962/962/962 967/967/967 965/965/965
f 963/963/963 961/961/961 968/968/968
f 961/961/961 966/966/966 968/968/968
f 964/964/964 963/963/963 969/969/969
f 964/964/964 969/969/969 967/967/967
f 963/963/963 968/968/968 969/969/969
f 965/965/965 967/967/967 970/970/970
f 966/966/966 965/965/965 971/971/971
f 965/965/965 970/970/970 971/971/971
f 967/967/967 969/969/969 972/972/972
f 967/967/967 972/972/972 970/970/970
f 968/968/968 966/966/966 973/973/973
f 966/966/966 971/971/971 973/973/973
f 969/969/969 968/968/968 974/974/974
f 969/969/969 974/974/974 972/972/972
f 968/968/968 973/973/973 974/974/974
f 970/970/970 972/972/972 975/975/975
f 971/971/971 970/970/970 976/976/976
f 970/970/970 975/975/975 976/976/976
f 972/972/972 974/974/974 977/977/977
f 972/972/972 977/977/977 975/975/975
f 973/973/973 971/971/971 978/978/978
f 971/971/971 976/976/976 978/978/978
f 974/974/974 973/973/973 979/979/979
f 974/974/974 979/979/979 977/977/977
f 973/973/973 978/978/978 979/979/979
f 975/975/975 977/977/977 980/980/980
f 976/976/976 975/975/975 981/981/981
f 975/975/975 980/980/980 981/981/981
f 977/977/977 979/979/979 982/982/982
f 977/977/977 982/982/982 980/980/980
f 978/978/978 976/976/976 983/983/983
f 976/976/976 981/981/981 983/983/983
f 979/979/979 978/978/978 984/984/984
f 979/979/979 984/984/984 982/982/982
f 978/978/978 983/983/983 984/984/984
f 980/980/980 982/982/982 985/985/985
f 981/981/981 980/980/980 986/986/986
f 980/980/980 985/985/985 986/986/986
f 982/982/982 984/984/984 987/987/987
f 982/982/982 987/987/987 985/985/985
f 983/983/983 981/981/981 988/988/988
f 981/981/981 986/986/986 988/988/988
f 984/984/984 983/983/983 989/989/989
f 984/984/984 989/989/989 987/987/987
f 983/983/983 988/988/988 989/989/989
f 985/985/985 987/987/987 990/990/990
f 986/986/986 985/985/985 991/991/991
f 985/985/985 990/990/990 991/991/991
f 987/987/987 989/989/989 992/992/992
f 987/987/987 992/992/992 990/990/990
f 988/988/988 986/986/986 993/993/993
f 986/986/986 991/991/991 993/993/993
f 989/989/989 988/988/988 994/994/994
f 989/989/989 994/994/994 992/992/992
f 988/988/988 993/993/993 994/994/994
f 990/990/990 992/992/992 995/995/995
f 991/991/991 990/990/990 996/996/996
f 990/990/990 995/995/995 996/996/996
f 992/992/992 994/994/994 997/997/997
f 992/992/992 997/997/997 995/995/995
f 993/993/993 991/991/991 998/998/998
f 991/991/991 996/996/996 998/998/998
f 994/994/994 993/993/993 999/999/999
f 994/994/994 999/999/999 997/997/997
f 993/993/993 998/998/998 999/999/999
f 995/995/995 997/997/997 1000/1000/1000
f 996/996/996 995/995/995 1001/1001/1001
f 995/995/995 1000/1000/1000 1001/1001/1001
f 997/997/997 999/999/999 1002/1002/1002
f 997/997/997 1002/1002/1002 1000/1000/1000
f 998/998/998 996/996/996 1003/1003/1003
f 996/996/996 1001/1001/1001 1003/1003/1003
f 999/999/999 998/998/998 1004/1004/1004
f 999/999/999 1004/1004/1004 1002/1002/1002
f 998/998/998 1003/1003/1003 1004/1004/1004
f 1000/1000/1000 1002/1002/1002 1005/1005/1005
f 1001/1001/1001 1000/1000/1000 1006/1006/1006
f 1000/1000/1000 1005/1005/1005 1006/1006/1006
f 1002/1002/1002 1004/1004/1004 1007/1007/1007
f 1002/1002/1002 1007/1007/1007 1005/1005/1005
f 1003/1003/1003 1001/1001/1001 1008/1008/1008
f 1001/1001/1001 1006/1006/1006 1008/1008/1008
f 1004/1004/1004 1003/1003/1003 1009/1009/1009
f 1004/1004/1004 1009/1009/1009 1007/1007/1007
f 1003/1003/1003 1008/1008/1008 1009/1009/1009
f 1005/1005/1005 1007/1007/1007 1010/1010/1010
f 1006/1006/1006 1005/1005/1005 1011/1011/1011
f 1005/1005/1005 1010/1010/1010 1011/1011/1011
f 1007/1007/1007 1009/1009/1009 1012/1012/1012
f 1007/1007/1007 1012/1012/1012 1010/1010/1010
f 1008/1008/1008 1006/1006/1006 1013/1013/1013
f 1006/1006/1006 1011/1011/1011 1013/1013/1013
f 1009/1009/1009 1008/1008/1008 1014/1014/1014
f 1009/1009/1009 1014/1014/1014 1012/1012/1012
f 1008/1008/1008 1013/1013/1013 1014/1014/1014
f 1010/1010/1010 1012/1012/1012 1015/1015/1015
f 1011/1011/1011 1010/1010/1010 1016/1016/1016
f 1010/1010/1010 1015/1015/1015 1016/1016/1016
f 1012/1012/1012 1014/1014/1014 1017/1017/1017
f 1012/1012/1012 1017/1017/1017 1015/1015/1015
f 1013/1013/1013 1011/1011/1011 1018/1018/1018
f 1011/1011/1011 1016/1016/1016 1018/1018/1018
f 1014/1014/1014 1013/1013/1013 1019/1019/1019
f 1014/1014/1014 1019/1019/1019 1017/1017/1017
f 1013/1013/1013 1018/1018/1018 1019/1019/1019
f 1015/1015/1015 1017/1017/1017 1020/1020/1020
f 1016/1016/1016 1015/1015/1015 1021/1021/1021
f 1015/1015/1015 1020/1020/1020 1021/1021/1021
f 1017/1017/1017 1019/1019/1019 1022/1022/1022
f 1017/1017/1017 1022/1022/1022 1020/1020/1020
f 1018/1018/1018 1016/1016/1016 1023/1023/1023
f 1016/1016/1016 1021/1021/1021 1023/1023/1023
f 1019/1019/1019 1018/1018/1018 1024/1024/1024
f 1019/1019/1019 1024/1024/1024 1022/1022/1022
f 1018/1018/1018 1023/1023/1023 1024/1024/1024
f 1020/1020/1020 1022/1022/1022 1025/1025/1025
f 1021/1021/1021 1020/1020/1020 1026/1026/1026
f 1020/1020/1020 1025/1025/1025 1026/1026/1026
f 1022/1022/1022 1024/1024/1024 1027/1027/1027
f 1022/1022/1022 1027/1027/1027 1025/1025/1025
f 1023/1023/1023 1021/1021/1021 1028/1028/1028
f 1021/1021/1021 1026/1026/1026 1028/1028/1028
f 1024/1024/1024 1023/1023/1023 1029/1029/1029
f 1024/1024/1024 1029/1029/1029 1027/1027/1027
f 1023/1023/1023 1028/1028/1028 1029/1029/1029
f 1025/1025/1025 1027/1027/1027 1030/1030/1030
f 1026/1026/1026 1025/1025/1025 1031/1031/1031
f 1025/1025/1025 1030/1030/1030 1031/1031/1031
f 1027/1027/1027 1029/1029/1029 1032/1032/1032
f 1027/1027/1027 1032/1032/1032 1030/1030/1030
f 1028/1028/1028 1026/1026/1026 1033/1033/1033
f 1026/1026/1026 1031/1031/1031 1033/1033/1033
f 1029/1029/1029 1028/1028/1028 1034/1034/1034
f 1029/1029/1029 1034/1034/1034 1032/1032/1032
f 1028/1028/1028 1033/1033/1033 1034/1034/1034
f 1030/1030/1030 1032/1032/1032 1035/1035/1035
f 1031/1031/1031 1030/1030/1030 1036/1036/1036
f 1030/1030/1030 1035/1035/1035 1036/1036/1036
f 1032/1032/1032 1034/1034/1034 1037/1037/1037
f 1032/1032/1032 1037/1037/1037 1035/1035/1035
f 1033/1033/1033 1031/1031/1031 1038/1038/1038
f 1031/1031/1031 1036/1036/1036 1038/1038/1038
f 1034/1034/1034 1033/1033/1033 1039/1039/1039
f 1034/1034/1034 1039/1039/1039 1037/1037/1037
f 1033/1033/1033 1038/1038/1038 1039/1039/1039
f 1035/1035/1035 1037/1037/1037 1040/1040/1040
f 1036/1036/1036 1035/1035/1035 1041/1041/1041
f 1035/1035/1035 1040/1040/1040 1041/1041/1041
f 1037/1037/1037 1039/1039/1039 1042/1042/1042
f 1037/1037/1037 1042/1042/1042 1040/1040/1040
f 1038/1038/1038 1036/1036/1036 1043/1043/1043
f 1036/1036/1036 1041/1041/1041 1043/1043/1043
f 1039/1039/1039 1038/1038/1038 1044/1044/1044
f 1039/1039/1039 1044/1044/1044 1042/1042/1042
f 1038/1038/1038 1043/1043/1043 1044/1044/1044
f 1040/1040/1040 1042/1042/1042 1045/1045/1045
f 1041/1041/1041 1040/1040/1040 1046/1046/1046
f 1040/1040/1040 1045/1045/1045 1046/1046/1046
f 1042/1042/1042 1044/1044/1044 1047/1047/1047
f 1042/1042/1042 1047/1047/1047 1045/1045/1045
f 1043/1043/1043 1041/1041/1041 1048/1048/1048
f 1041/1041/1041 1046/1046/1046 1048/1048/1048
f 1044/1044/1044 1043/1043/1043 1049/1049/1049
f 1044/1044/1044 1049/1049/1049 1047/1047/1047
f 1043/1043/1043 1048/1048/1048 1049/1049/1049
f 1045/1045/1045 1047/1047/1047 1050/1050/1050
f 1046/1046/1046 1045/1045/1045 1051/1051/1051
f 1045/1045/1045 1050/1050/1050 1051/1051/1051
f 1047/1047/1047 1049/1049/1049 1052/1052/1052
f 1047/1047/1047 1052/1052/1052 1050/1050/1050
f 1048/1048/1048 1046/1046/1046 1053/1053/1053
f 1046/1046/1046 1051/1051/1051 1053/1053/1053
f 1049/1049/1049 1048/1048/1048 1054/1054/1054
f 1049/1049/1049 1054/1054/1054 1052/1052/1052
f 1048/1048/1048 1053/1053/1053 1054/1054/1054
f 1050/1050/1050 1052/1052/1052 1055/1055/1055
f 1051/1051/1051 1050/1050/1050 1056/1056/1056
f 1050/1050/1050 1055/1055/1055 1056/1056/1056
f 1052/1052/1052 1054/1054/1054 1057/1057/1057
f 1052/1052/1052 1057/1057/1057 1055/1055/1055
f 1053/1053/1053 1051/1051/1051 1058/1058/1058
f 1051/1051/1051 1056/1056/1056 1058/1058/1058
f 1054/1054/1054 1053/1053/1053 1059/1059/1059
f 1054/1054/1054 1059/1059/1059 1057/1057/1057
f 1053/1053/1053 1058/1058/1058 1059/1059/1059
f 1055/1055/1055 1057/1057/1057 1060/1060/1060
f 1056/1056/1056 1055/1055/1055 1061/1061/1061
f 1055/1055/1055 1060/1060/1060 1061/1061/1061
f 1057/1057/1057 1059/1059/1059 1062/1062/1062
f 1057/1057/1057 1062/1062/1062 1060/1060/1060
f 1058/1058/1058 1056/1056/1056 1063/1063/1063
f 1056/1056/1056 1061/1061/1061 1063/1063/1063
f 1059/1059/1059 1058/1058/1058 1064/1064/1064
f 1059/1059/1059 1064/1064/1064 1062/1062/1062
f 1058/1058/1058 1063/1063/1063 1064/1064/1064
f 1060/1060/1060 1062/1062/1062 1065/1065/1065
f 1061/1061/1061 1060/1060/1060 1066/1066/1066
f 1060/1060/1060 1065/1065/1065 1066/1066/1066
f 1062/1062/1062 1064/1064/1064 1067/1067/1067
f 1062/1062/1062 1067/1067/1067 1065/1065/1065
f 1063/1063/1063 1061/1061/1061 1068/1068/1068
f 1061/1061/1061 1066/1066/1066 1068/1068/1068
f 1064/1064/1064 1063/1063/1063 1069/1069/1069
f 1064/1064/1064 1069/1069/1069 1067/1067/1067
f 1063/1063/1063 1068/1068/1068 1069/1069/1069
f 1065/1065/1065 1067/1067/1067 1070/1070/1070
f 1066/1066/1066 1065/1065/1065 1071/1071/1071
f 1065/1065/1065 1070/1070/1070 1071/1071/1071
f 1067/1067/1067 1069/1069/1069 1072/1072/1072
f 1067/1067/1067 1072/1072/1072 1070/1070/1070
f 1068/1068/1068 1066/1066/1066 1073/1073/1073
f 1066/1066/1066 1071/1071/1071 1073/1073/1073
f 1069/1069/1069 1068/1068/1068 1074/1074/1074
f 1069/1069/1069 1074/1074/1074 1072/1072/1072
f 1068/1068/1068 1073/1073/1073 1074/1074/1074
f 1070/1070/1070 1072/1072/1072 1075/1075/1075
f 1071/1071/1071 1070/1070/1070 1076/1076/1076
f 1070/1070/1070 1075/1075/1075 1076/1076/1076
f 1072/1072/1072 1074/1074/1074 1077/1077/1077
f 1072/1072/1072 1077/1077/1077 1075/1075/1075
f 1073/1073/1073 1071/1071/1071 1078/1078/1078
f 1071/1071/1071 1076/1076/1076 1078/1078/1078
f 1074/1074/1074 1073/1073/1073 1079/1079/1079
f 1074/1074/1074 1079/1079/1079 1077/1077/1077
f 1073/1073/1073 1078/1078/1078 1079/1079/1079
f 1075/1075/1075 1077/1077/1077 1080/1080/1080
f 1076/1076/1076 1075/1075/1075 1081/1081/1081
f 1075/1075/1075 1080/1080/1080 1081/1081/1081
f 1077/1077/1077 1079/1079/1079 1082/1082/1082
f 1077/1077/1077 1082/1082/1082 1080/1080/1080
f 1078/1078/1078 1076/1076/1076 1083/1083/1083
f 1076/1076/1076 1081/1081/1081 1083/1083/1083
f 1079/1079/1079 1078/1078/1078 1084/1084/1084
f 1079/1079/1079 1084/1084/1084 1082/1082/1082
f 1078/1078/1078 1083/1083/1083 1084/1084/1084
f 1080/1080/1080 1082/1082/1082 1085/1085/1085
f 1081/1081/1081 1080/1080/1080 1086/1086/1086
f 1080/1080/1080 1085/1085/1085 1086/1086/1086
f 1082/1082/1082 1084/1084/1084 1087/1087/1087
f 1082/1082/1082 1087/1087/1087 1085/1085/1085
f 1083/1083/1083 1081/1081/1081 1088/1088/1088
f 1081/1081/1081 1086/1086/1086 1088/1088/1088
f 1084/1084/1084 1083/1083/1083 1089/1089/1089
f 1084/1084/1084 1089/1089/1089 1087/1087/1087
f 1083/1083/1083 1088/1088/1088 1089/1089/1089
f 1085/1085/1085 1087/1087/1087 1090/1090/1090
f 1086/1086/1086 1085/1085/1085 1091/1091/1091
f 1085/1085/1085 1090/1090/1090 1091/1091/1091
f 1087/1087/1087 1089/1089/1089 1092/1092/1092
f 1087/1087/1087 1092/1092/1092 1090/1090/1090
f 1088/1088/1088 1086/1086/1086 1093/1093/1093
f 1086/1086/1086 1091/1091/1091 1093/1093/1093
f 1089/1089/1089 1088/1088/1088 1094/1094/1094
f 1089/1089/1089 1094/1094/1094 1092/1092/1092
f 1088/1088/1088 1093/1093/1093 1094/1094/1094
f 1090/1090/1090 1092/1092/1092 1095/1095/1095
f 1091/1091/1091 1090/1090/1090 1096/1096/1096
f 1090/1090/1090 1095/1095/1095 1096/1096/1096
f 1092/1092/1092 1094/1094/1094 1097/1097/1097
f 1092/1092/1092 1097/1097/1097 1095/1095/1095
f 1093/1093/1093 1091/1091/1091 1098/1098/1098
f 1091/1091/1091 1096/1096/1096 1098/1098/1098
f 1094/1094/1094 1093/1093/1093 1099/1099/1099
f 1094/1094/1094 1099/1099/1099 1097/1097/1097
f 1093/1093/1093 1098/1098/1098 1099/1099/1099
f 1095/1095/1095 1097/1097/1097 1100/1100/1100
f 1096/1096/1096 1095/1095/1095 1101/1101/1101
f 1095/1095/1095 1100/1100/1100 1101/1101/1101
f 1097/1097/1097 1099/1099/1099 1102/1102/1102
f 1097/1097/1097 1102/1102/1102 1100/1100/1100
f 1098/1098/1098 1096/1096/1096 1103/1103/1103
f 1096/1096/1096 1101/1101/1101 1103/1103/1103
f 1099/1099/1099 1098/1098/1098 1104/1104/1104
f 1099/1099/1099 1104/1104/1104 1102/1102/1102
f 1098/1098/1098 1103/1103/1103 1104/1104/1104
f 1100/1100/1100 1102/1102/1102 1105/1105/1105
f 1101/1101/1101 1100/1100/1100 1106/1106/1106
f 1100/1100/1100 1105/1105/1105 1106/1106/1106
f 1102/1102/1102 1104/1104/1104 1107/1107/1107
f 1102/1102/1102 1107/1107/1107 1105/1105/1105
f 1103/1103/1103 1101/1101/1101 1108/1108/1108
f 1101/1101/1101 1106/1106/1106 1108/1108/1108
f 1104/1104/1104 1103/1103/1103 1109/1109/1109
f 1104/1104/1104 1109/1109/1109 1107/1107/1107
f 1103/1103/1103 1108/1108/1108 1109/1109/1109
f 1106/1106/1106 1105/1105/1105 1110/1110/1110
f 1106/1106/1106 1110/1110/1110 1111/1111/1111
f 1108/1108/1108 1106/1106/1106 1111/1111/1111
f 1108/1108/1108 1111/1111/1111 1112/1112/1112
f 1109/1109/1109 1108/1108/1108 1112/1112/1112
f 1105/1105/1105 1113/1113/1113 1110/1110/1110
f 1105/1105/1105 1107/1107/1107 1113/1113/1113
f 1109/1109/1109 1112/1112/1112 1114/1114/1114
f 1107/1107/1107 1109/1109/1109 1114/1114/1114
f 1107/1107/1107 1114/1114/1114 1113/1113/1113
f 1114/1114/1114 1115/1115/1115 1113/1113/1113
f 1113/1113/1113 1115/1115/1115 1116/1116/1116
f 1116/1116/1116 1115/1115/1115 1117/1117/1117
f 1120/1120/1120 1119/1119/1119 1118/1118/1118
f 1121/1121/1121 1120/1120/1120 1118/1118/1118
f 1121/1121/1121 1118/1118/1118 1122/1122/1122
f 1123/1123/1123 1121/1121/1121 1122/1122/1122
f 1123/1123/1123 1122/1122/1122 1124/1124/1124
f 1125/1125/1125 1123/1123/1123 1124/1124/1124
f 1125/1125/1125 1124/1124/1124 1126/1126/1126
f 1124/1124/1124 609/609/609 1126/1126/1126
