# Meridian KI tube mesh
v 0.032191917279171756 0.670275233770443 -0.05857471656265632
v 0.03330730647917175 0.670471153770443 -0.060102884192656324
v 0.03329201597917175 0.6701544147704429 -0.05897091573265632
v 0.03152719697917175 0.6706664787704429 -0.05946178618265632
v 0.03221661787917175 0.670787952770443 -0.06040630536265633
v 0.02989679757917175 0.661926887770443 -0.06193180755265633
v 0.030579306179171754 0.662042222770443 -0.06287781428265632
v 0.03330730647917175 0.670471153770443 -0.060102884192656324
v 0.030569225579171754 0.661543570770443 -0.061042296462656326
v 0.032191917279171756 0.670275233770443 -0.05857471656265632
v 0.03167346677917175 0.6617309677704429 -0.06257301522265632
v 0.03329201597917175 0.6701544147704429 -0.05897091573265632
v 0.03166721757917175 0.661422691770443 -0.06143860519265633
v 0.029261535079171754 0.653162203770443 -0.06426270678265633
v 0.02994622657917175 0.6528039197704429 -0.06336651509265633
v 0.029932485879171754 0.6532616837704429 -0.06521290494265633
v 0.031040208379171753 0.652682505770443 -0.06376289529265633
v 0.031031686779171754 0.652965090770443 -0.06490398571265632
v 0.028928495979171753 0.644349954770443 -0.06631378829265633
v 0.029616236679171754 0.644035003770443 -0.06540760677265632
v 0.029596775779171754 0.644422612770443 -0.06727032829265633
v 0.030708394979171754 0.643912933770443 -0.06580421608265632
v 0.030688246679171752 0.644152186770443 -0.06695541553265633
v 0.027953825879171754 0.635470591770443 -0.06794430404265633
v 0.028644725679171753 0.6352166757704429 -0.06702690758265632
v 0.028616037179171754 0.6355047447704429 -0.06890800684265633
v 0.029733836679171753 0.635094009770443 -0.06742359791265633
v 0.029705567279171754 0.6352715717704429 -0.06858620794265632
v 0.026557436179171754 0.626503310770443 -0.06901310574265633
v 0.027260737479171755 0.626329324770443 -0.06808609704265632
v 0.027211645579171752 0.626485608770443 -0.06998291614265632
v 0.028349637979171755 0.626204810770443 -0.06848301554265633
v 0.028308777179171754 0.6263012517704429 -0.06965530574265633
v 0.024785196379171752 0.6174255237704429 -0.06937889754265633
v 0.025514066179171752 0.617350421770443 -0.06844791584265633
v 0.02542908677917175 0.617345593770443 -0.07035118714265633
v 0.02660393717917175 0.617224119770443 -0.06884491634265633
v 0.026545636379171754 0.6172210797704429 -0.07002121584265633
v 0.022509535779171752 0.608218393770443 -0.06890018654265632
v 0.023261086979171754 0.608256183770443 -0.06797508434265633
v 0.023139307279171753 0.608066998770443 -0.06986881424265633
v 0.024354075979171753 0.6081286297704429 -0.06837200834265633
v 0.024278365079171752 0.608012042770443 -0.06954239494265632
v 0.021507605879171752 0.6033465487704429 -0.06814831404265632
v 0.022270334879171752 0.603499732770443 -0.06724091712265633
v 0.022132355679171753 0.603127442770443 -0.06910622774265633
v 0.023365976279171752 0.603375218770443 -0.06763809824265632
v 0.023280555379171754 0.6031444887704429 -0.06879101414265633
v 0.020892385379171752 0.5983587727704429 -0.06690208614265633
v 0.021650496879171754 0.598617516770443 -0.06602100562265632
v 0.021525936179171753 0.5980816707704429 -0.06784561834265633
v 0.022750107579171754 0.598499737770443 -0.06641998421265632
v 0.022671487179171754 0.5981683357704429 -0.06754761844265633
v 0.020823597879171752 0.593372188770443 -0.06521278573265632
v 0.021557506179171754 0.593728624770443 -0.06436489755265633
v 0.021469315479171754 0.5930456147704429 -0.06613949500265633
v 0.022656807679171755 0.5936224087704429 -0.06476768665265632
v 0.022602297379171753 0.5932000507704429 -0.06586449779265632
v 0.02115150727917175 0.588503382770443 -0.06313049514265633
v 0.021878916779171753 0.588955662770443 -0.062323495742656325
v 0.021800195779171753 0.5881341327704429 -0.06403881730265633
v 0.022977206879171753 0.5888653617704429 -0.06273312773265632
v 0.02292850617917175 0.588357530770443 -0.06379322707265633
v 0.021724216679171755 0.583869598770443 -0.06070480542265633
v 0.02243950587917175 0.5844195707704429 -0.05994911864265633
v 0.022377895179171752 0.5834600557704429 -0.061592418702656325
v 0.023535195779171753 0.584350548770443 -0.06036961754265632
v 0.023497106479171755 0.583757899770443 -0.061385194772656325
v 0.022561497979171754 0.579587362770443 -0.05798439693165633
v 0.023256406179171754 0.5802411067704429 -0.057294694939656325
v 0.023222604779171752 0.579140029770443 -0.05884781549265632
v 0.02434690667917175 0.5801989657704429 -0.057731906912656325
v 0.024326106579171752 0.579518399770443 -0.058691794402656323
v 0.023682504879171753 0.575779996770443 -0.05502102570265632
v 0.024344505779171754 0.5765460357704429 -0.054418727992656325
v 0.02435671727917175 0.5752874837704429 -0.055849425382656324
v 0.025427896579171754 0.576527081770443 -0.05487492750265632
v 0.02543539737917175 0.5757494787704429 -0.055759098152656325
v 0.026101406679171754 0.570051870770443 -0.04928791709265633
v 0.026719495679171753 0.5709228147704429 -0.04879051912265633
v 0.026797605679171752 0.5695068467704429 -0.050063597972656325
v 0.02779770457917175 0.570915542770443 -0.04925880674265633
v 0.027845997379171754 0.5700409037704429 -0.050045597362656326
v 0.028830306579171752 0.565255425770443 -0.043008315342656325
v 0.029403006679171752 0.566206060770443 -0.04261539694265633
v 0.029552105779171754 0.564665220770443 -0.04372532574265633
v 0.030478717779171754 0.566203616770443 -0.04308960684265632
v 0.030570797579171752 0.565251134770443 -0.04377552774265633
v 0.03181709717917175 0.5612325887704429 -0.03627369554265633
v 0.03234949707917176 0.562237523770443 -0.03597172724265633
v 0.03256149777917175 0.560611866770443 -0.03693970664265633
v 0.03342291707917175 0.562237821770443 -0.036451008142656324
v 0.033553916979171754 0.5612331847704429 -0.037049226442656326
v 0.03500900607917175 0.557828686770443 -0.029177807242656326
v 0.03550911597917175 0.5588680727704429 -0.028947517242656325
v 0.035771486379171755 0.5571887117704429 -0.029803507042656326
v 0.036580706979171755 0.558870516770443 -0.029430797342656325
v 0.03674290607917175 0.5578326207704429 -0.029959917042656325
v 0.03835381657917175 0.554888926770443 -0.02181280774265633
v 0.03883060627917175 0.555948458770443 -0.021633896942656328
v 0.03912941647917175 0.554237328770443 -0.022409718442656323
v 0.03990089517917175 0.5559521537704429 -0.022120095742656325
v 0.040085608179171756 0.5548947077704429 -0.022599518342656326
v 0.041799394409171756 0.551518402770443 -0.015372578042656328
v 0.04226219746917175 0.5525889617704429 -0.015224289142656326
v 0.04258289467917176 0.550861023770443 -0.015952184842656328
v 0.043331724589171755 0.5525931937704429 -0.01571218674265633
v 0.043530017139171755 0.551525078770443 -0.016162078842656323
v 0.04521320480917175 0.5484899507704429 -0.009897924942656323
v 0.045924807899171756 0.5478829967704429 -0.01063393054265633
v 0.045857588299171755 0.549432061770443 -0.009354125742656323
v 0.04700901638917175 0.5484497177704429 -0.010545026542656329
v 0.04696739790917175 0.5494070277704429 -0.009754028142656329
v 0.06455601747917175 0.29750397077044294 -0.08939651024265632
v 0.06382221817917175 0.297688595770443 -0.08849678564265633
v 0.06398071347917175 0.29688446977044297 -0.09021332484265632
v 0.06289131757917175 0.29668610577044296 -0.08981842544265634
v 0.06279339357917176 0.29718320777044294 -0.08875748144265633
v 0.06384819557917175 0.29428618377044297 -0.08730309084265633
v 0.06394379677917175 0.29379575677044295 -0.08836731504265632
v 0.06398071347917175 0.29688446977044297 -0.09021332484265632
v 0.06487251347917175 0.29480405877044297 -0.08704857524265633
v 0.06382221817917175 0.297688595770443 -0.08849678564265633
v 0.06502708517917175 0.29401092977044296 -0.08877052734265634
v 0.06455601747917175 0.29750397077044294 -0.08939651024265632
v 0.06560108717917175 0.294633798770443 -0.08795547114265632
v 0.06602989787917175 0.29192014777044295 -0.08564133384265632
v 0.06501179747917175 0.29138671577044295 -0.08588822004265632
v 0.06510410367917176 0.290904842770443 -0.08695641164265633
v 0.06617920477917175 0.29114013177044296 -0.08736961894265632
v 0.06675129567917175 0.29176788777044294 -0.08655678484265633
v 0.06721329687917175 0.28903838277044297 -0.08424507824265633
v 0.06619389637917175 0.288508288770443 -0.08449364264265632
v 0.06628681717917176 0.28802459677044295 -0.08556107244265633
v 0.06736351547917176 0.28825622077044294 -0.08597229604265633
v 0.06793610567917176 0.28888275477044295 -0.08515900184265632
v 0.06834240447917175 0.28615843477044295 -0.08282952014265632
v 0.06731449627917176 0.28565000777044297 -0.08308869044265632
v 0.06741192377917175 0.28515502077044297 -0.08415047264265632
v 0.06849998607917175 0.28535734877044294 -0.08454750664265633
v 0.06907501817917175 0.28597747577044297 -0.08373108504265633
v 0.06933708677917175 0.28327941177044297 -0.08136383634265633
v 0.06829510817917175 0.28281172377044295 -0.08164383474265632
v 0.06840012597917175 0.28229477277044296 -0.08269440384265633
v 0.06950699347917175 0.28244277077044294 -0.08306374214265633
v 0.07008610297917175 0.28305130477044294 -0.08224129304265633
v 0.07011780327917175 0.28040053677044297 -0.07981743474265632
v 0.06905930677917176 0.279993734770443 -0.08013000154265633
v 0.06917320377917176 0.27944397177044294 -0.08116310644265633
v 0.07030201517917176 0.27951111677044294 -0.08148903584265632
v 0.07088581657917176 0.28010239477044296 -0.08065727914265633
v 0.07059990427917176 0.277546368770443 -0.07817421664265632
v 0.06952751797917175 0.27722334077044297 -0.07853577844265633
v 0.06965549477917175 0.27659409477044294 -0.07952309774265633
v 0.07080700437917176 0.276528469770443 -0.07977173474265632
v 0.07139069587917175 0.27711715577044294 -0.07893806694265633
v 0.07053761557917175 0.27021574277044297 -0.07286438624265633
v 0.06946629657917175 0.26998504277044294 -0.07329384424265632
v 0.06959400697917176 0.269214175770443 -0.07417839764265632
v 0.07074421457917175 0.268968663770443 -0.07429573684265633
v 0.07132729517917175 0.26958768777044295 -0.07348358814265632
v 0.06887329737917175 0.26391889877044294 -0.06654518749265632
v 0.06782040747917176 0.26375731077044295 -0.06704441737265633
v 0.06791409667917175 0.26285766777044295 -0.06779961754265633
v 0.06902489807917175 0.262463234770443 -0.06776711624265633
v 0.06961769607917176 0.26311903477044296 -0.06699188892265633
v 0.06595230657917175 0.25849365477044295 -0.059428607812656326
v 0.06492130367917176 0.25837265677044297 -0.05998100480265633
v 0.06497150477917175 0.257391802770443 -0.060629817892656326
v 0.06603352627917175 0.25690674077044295 -0.06047840789265633
v 0.06663971577917176 0.257587574770443 -0.05973598663265633
v 0.06212570797917175 0.253809652770443 -0.05175461480265633
v 0.061111913979171754 0.25370954677044294 -0.052341506352656324
v 0.06112301437917175 0.25268065177044297 -0.052911617322656326
v 0.062143593979171755 0.25214492577044295 -0.05267719459265632
v 0.06276340597917175 0.25284271677044295 -0.051962096242656325
v 0.057749797129171755 0.24973585477044297 -0.04376831744265633
v 0.05674530611917175 0.24964430177044294 -0.04437210784265633
v 0.056726614009171755 0.24858780977044298 -0.04488781654265633
v 0.05771961807917175 0.24802627377044295 -0.04460270614265632
v 0.058351904149171754 0.24873595677044297 -0.04391079674265633
v 0.053182726959171756 0.24613829677044297 -0.03571449774265632
v 0.05217861767917175 0.24604689377044298 -0.03631889824265633
v 0.05214088561917175 0.24497529077044294 -0.03680099734265632
v 0.053121806359171755 0.24440445777044295 -0.03649460714265633
v 0.053765727209171756 0.24512314077044295 -0.035823106742656326
v 0.048795205429171755 0.24288939677044297 -0.027858307542656325
v 0.04778271796917175 0.24279173477044297 -0.028447806842656326
v 0.047720605279171754 0.241702101770443 -0.028886118942656327
v 0.048694697679171756 0.24112626177044294 -0.028567507842656326
v 0.04935879830917175 0.24186005477044298 -0.027932308642656327
v 0.04373589669917175 0.239770494770443 -0.018397416942656328
v 0.042711416259171756 0.23966567977044295 -0.018964298042656327
v 0.04260250739917175 0.23854719877044295 -0.019315518442656325
v 0.04355980548917175 0.23796080777044298 -0.018965620542656325
v 0.04426029836917175 0.23871689277044295 -0.01839819554265633
v 0.03868099577917175 0.23718046377044294 -0.008645009242656328
v 0.03764549637917175 0.23707153677044296 -0.009190905842656326
v 0.03748348637917175 0.23593275977044298 -0.00943960994265633
v 0.038418885279171755 0.235338143770443 -0.009047508242656328
v 0.03915901577917175 0.23610915977044294 -0.008556406942656324
v 0.03361771817917175 0.23390581477044298 0.0013733915573436728
v 0.03257351557917175 0.23379518877044297 0.0008447915573436757
v 0.032369006379171755 0.232648513770443 0.0006800889573436719
v 0.03328690677917175 0.23205050077044298 0.0011068917573436726
v 0.03405861557917175 0.23282762577044297 0.001535393257343677
v 0.028546206679171755 0.23118101777044298 0.01160849255734367
v 0.027495406579171752 0.23107009377044296 0.011093091257343674
v 0.027259105779171754 0.22992249577044294 0.010992791457343679
v 0.028163807479171753 0.22932403577044297 0.011446189157343675
v 0.028959207279171752 0.23010193577044297 0.011826690257343675
v 0.023466896279171753 0.22936087077044298 0.022009689357343667
v 0.02241159607917175 0.22925039377044298 0.021503593757343675
v 0.02215330487917175 0.228104792770443 0.021448295557343677
v 0.02304890567917175 0.22750725577044295 0.021920289857343678
v 0.023860806579171754 0.22828345777044295 0.02226719635734367
v 0.018380515279171755 0.22944774477044294 0.030958224057343678
v 0.017322506779171756 0.22933771477044296 0.030457634457343674
v 0.017051406179171752 0.22819408077044295 0.030428726257343677
v 0.017941806479171755 0.22759746777044298 0.03091162065734368
v 0.018763206879171754 0.22837214877044298 0.03123882035734367
v 0.013609506179171754 0.23117630977044296 0.03718819845734367
v 0.012490309779171753 0.23107909377044294 0.036814708257343676
v 0.013603709679171752 0.23018004777044299 0.03827550635734367
v 0.01179280877917175 0.23002257177044294 0.03767121205734367
v 0.012480907179171753 0.22946699677044297 0.03857400645734367
v 0.01188465947917175 0.008534282770442964 0.006821524357343678
v 0.011405572279171751 0.0072239707704429695 0.006205882857343678
v 0.01187086847917175 0.008089124770442963 0.005946520757343671
v 0.01154635847917175 0.007990561770442967 0.00785562765734367
v 0.012280315179171754 0.0065486357704429565 0.006257075857343669
v 0.012512858979171752 0.007568873770442963 0.008450623557343676
v 0.01233012977917175 0.04148193477044296 0.012572582857343667
v 0.011856730979171753 0.04061665377044296 0.01348568875734367
v 0.012512858979171752 0.007568873770442963 0.008450623557343676
v 0.012730032179171756 0.041101164770442955 0.014392886357343676
v -0.00038396942082824514 0.04139771277044296 0.014217067557343671
v -0.0008653626208282444 0.04053311777044297 0.01513266935734367
v 0.0007909312791717499 0.042417622770442975 0.01455697045734368
v 0.013496030079171752 0.04250133777044296 0.012915376557343677
v 0.01188465947917175 0.008534282770442964 0.006821524357343678
v 0.013060260579171756 0.008448675770442962 0.00677743925734367
v 0.01187086847917175 0.008089124770442963 0.005946520757343671
v 0.013034418179171753 0.00796323277044296 0.00583381575734368
v 0.01344856987917175 0.007851972770442958 0.007784221357343676
v 0.01328775657917175 0.007013909770442958 0.0060250572573436745
v 0.013743139779171756 0.04226604877044296 0.01404038445734368
v 0.012512858979171752 0.007568873770442963 0.008450623557343676
v 0.012280315179171754 0.0065486357704429565 0.006257075857343669
v 0.0010355338791717544 0.04218331677044296 0.01568267125734367
v 1.1932079171751708e-05 0.04101861277044297 0.016038466257343675
v 0.00122023747917175 0.07300613077044296 0.02379258345734367
v 0.00023632867917175449 0.07391273277044297 0.024631876457343674
v -0.0006685629208282445 0.07490020277044296 0.02407838775734368
v 0.0009235292791717545 0.07343345177044297 0.022720377857343668
v -0.00024386492082825034 0.07460402677044295 0.022896978957343675
v 0.012608930479171755 0.07409837077044296 0.02188813315734367
v 0.011732432979171752 0.07509600377044295 0.021348018157343676
v 0.013618234579171752 0.07320398877044296 0.021031942257343672
v 0.012199934579171755 0.07481821577044295 0.020158026357343678
v 0.013365432579171756 0.07364884777044295 0.019962634857343675
v 0.012766230879171753 0.10825581077044297 0.02867267655734368
v 0.01187073067917175 0.10841891877044296 0.02792778235734368
v 0.013767231279171753 0.10838451277044298 0.028069395557343668
v 0.01231833177917175 0.10864841177044296 0.02686400335734368
v 0.013490430979171755 0.10862713277044297 0.026951495557343677
v 0.012766528879171755 0.14276149077044295 0.034526389057343676
v 0.011871028679171752 0.14285854277044296 0.03377046805734367
v 0.013767629879171753 0.14284007977044297 0.03391468155734367
v 0.012318633479171753 0.14299709377044295 0.03269159425734368
v 0.013490732779171753 0.14298564977044295 0.03278066585734367
v 0.012758433779171754 0.18065362377044297 0.03612564135734367
v 0.013759933379171752 0.18024330577044295 0.03547031805734367
v 0.011863533379171752 0.18003153077044298 0.03530364855734368
v 0.013484131579171756 0.17936762377044296 0.03424335645734368
v 0.012312032279171756 0.17923655377044295 0.03414024785734367
v 0.027932077679171753 -0.655433096229557 -0.12463055174265633
v 0.02870006677917175 -0.655391015229557 -0.12551983074265632
v 0.025026984479171753 -0.629920996229557 -0.1267614774426563
v 0.024261351679171754 -0.6299930592295571 -0.12587044014265633
v 0.02852907777917175 -0.655288435229557 -0.12362812834265632
v 0.02880585747917175 -0.666218020229557 -0.12365468214265633
v 0.029377419479171753 -0.665756978229557 -0.12274535374265633
v 0.030574774379171752 -0.6805323142295571 -0.11689299344265633
v 0.029975773779171752 -0.680658020229557 -0.11789289114265633
v 0.030619351179171753 -0.6906628982295571 -0.11281497404265634
v 0.030020041379171754 -0.690780677229557 -0.11379608884265632
v 0.030748574079171753 -0.680659212229557 -0.11880138884265633
v 0.024856351279171754 -0.629836179229557 -0.12486877664265633
v 0.029665967479171752 -0.655157245229557 -0.12389782444265633
v 0.029377419479171753 -0.665756978229557 -0.12274535374265633
v 0.020874232079171752 -0.604737915229557 -0.12814499064265633
v 0.020113622779171753 -0.604827024229557 -0.12725304444265634
v 0.03055233137917175 -0.666086711229557 -0.12290017684265632
v 0.03171765427917175 -0.6804560202295571 -0.11718383434265633
v 0.030574774379171752 -0.6805323142295571 -0.11689299344265633
v 0.03176564167917176 -0.690640904229557 -0.11307272684265632
v 0.02598969447917175 -0.629667140229557 -0.12514076754265632
v 0.020706023979171755 -0.6046756882295571 -0.12625099344265633
v 0.029771678179171753 -0.655220069229557 -0.12506695464265633
v 0.03182506557917175 -0.680534102229557 -0.11836264284265632
v 0.03187463247917176 -0.6907452722295571 -0.11424468454265632
v 0.030707109679171753 -0.666752077229557 -0.12390572954265633
v 0.03232565337917175 -0.7010360732295571 -0.10837641354265633
v 0.032437454879171754 -0.701169111229557 -0.10943398994265632
v 0.03117857317917175 -0.701012887229557 -0.10808476064265632
v 0.026093782879171752 -0.6297195922295571 -0.12631058324265632
v 0.021834904279171754 -0.6044931782295571 -0.12652366984265634
v 0.02870006677917175 -0.655391015229557 -0.12551983074265632
v 0.021936604779171753 -0.604531623229557 -0.12769432734265634
v 0.029627669579171755 -0.666832961229557 -0.12437171864265632
v 0.027932077679171753 -0.655433096229557 -0.12463055174265633
v 0.02880585747917175 -0.666218020229557 -0.12365468214265633
v 0.029975773779171752 -0.680658020229557 -0.11789289114265633
v 0.030795831279171754 -0.690831341229557 -0.11468833684265634
v 0.03135598267917175 -0.701227702229557 -0.11000421274265633
v 0.03057917577917175 -0.701131262229557 -0.10893817614265633
v 0.03160691637917175 -0.711481072229557 -0.10786567254265633
v 0.030827116179171752 -0.7113480342295571 -0.10698071864265632
v 0.031426517279171756 -0.711229004229557 -0.10595971714265633
v 0.03268921557917175 -0.711444475229557 -0.10739166664265633
v 0.032576777079171754 -0.711289443229557 -0.10621483254265632
v 0.03155082837917175 -0.719305910229557 -0.10805934664265632
v 0.030940767379171754 -0.7194167152295571 -0.10908806324265632
v 0.03171061907917175 -0.7195642962295571 -0.10997493194265633
v 0.03269816747917176 -0.719401635229557 -0.10834902524265633
v 0.032798008979171754 -0.719545342229557 -0.10954541714265632
v 0.03153303267917175 -0.725011326229557 -0.11003265154265632
v 0.030900752179171754 -0.7250998992295571 -0.11099681634265632
v 0.03164959327917175 -0.725257851229557 -0.11192023004265633
v 0.03267298077917175 -0.725119985229557 -0.11034539714265633
v 0.03274550287917175 -0.725252308229557 -0.11150930074265633
v 0.03166209907917175 -0.7309992092295571 -0.11190643904265632
v 0.030902389479171753 -0.730698325229557 -0.11299410464265633
v 0.031739387679171754 -0.730890013229557 -0.11401210354265633
v 0.03295354547917175 -0.730753757229557 -0.11226745324265633
v 0.03300745967917175 -0.730908133229557 -0.11355871704265633
v 0.03140269967917175 -0.7394809502295571 -0.11562092234265633
v 0.03080063317917175 -0.738568641229557 -0.11677855994265632
v 0.03161251727917175 -0.737491585229557 -0.11794762314265633
v 0.03257243707917175 -0.7388376372295571 -0.11607678984265632
v 0.032708767779171755 -0.737660028229557 -0.11751889814265633
v 0.035803507979171756 -0.7388818042295571 -0.1285099051426563
v 0.03522567917917176 -0.7379235402295571 -0.12955623494265633
v 0.03610626887917175 -0.736737050229557 -0.13078947734265634
v 0.03704155797917175 -0.738287963229557 -0.12909646704265632
v 0.03722938897917175 -0.736962236229557 -0.13050538674265633
v 0.035055481779171754 -0.742750205229557 -0.1284978650426563
v 0.03428570177917176 -0.742733158229557 -0.12938621264265632
v 0.03485886007917176 -0.743027307229557 -0.13036946584265632
v 0.03610443047917175 -0.743055381229557 -0.1289321221426563
v 0.035983020479171755 -0.7432263272295571 -0.1300888769426563
v 0.03379127387917175 -0.748885609229557 -0.12733788414265634
v 0.03302243347917175 -0.748874046229557 -0.12823165584265633
v 0.03359732217917175 -0.7491712942295571 -0.12921446194265634
v 0.03484137537917176 -0.749190189229557 -0.1277676262426563
v 0.034721564479171754 -0.7493666182295571 -0.12892800194265633
v 0.032662797679171754 -0.755350984229557 -0.1251470111426563
v 0.03189799937917175 -0.755357899229557 -0.12604374814265634
v 0.03247915957917175 -0.7556710612295571 -0.12701900674265632
v 0.033715939179171754 -0.755654968229557 -0.12556985394265632
v 0.033602097979171755 -0.7558504122295571 -0.12672745064265634
v 0.03137218207917175 -0.761388160229557 -0.12318324674265632
v 0.030615521579171752 -0.761435546229557 -0.12407685444265633
v 0.031205613179171754 -0.761757888229557 -0.12504670394265632
v 0.032429845979171756 -0.761679508229557 -0.12359957024265633
v 0.03232662567917175 -0.7619050522295571 -0.12475261464265633
v 0.03026694057917175 -0.7666943442295571 -0.12146257234265632
v 0.029517332079171753 -0.766772546229557 -0.12237095464265632
v 0.030117651479171753 -0.767125942229557 -0.12334558744265632
v 0.03132995777917175 -0.766984381229557 -0.12187032024265633
v 0.031237406679171752 -0.767251350229557 -0.12303113564265633
v 0.029243873479171754 -0.771781839229557 -0.11972796914265632
v 0.028500074479171755 -0.7718838232295571 -0.12063122164265633
v 0.029108384579171753 -0.7722674982295571 -0.12158820404265633
v 0.030311474579171754 -0.7720790882295571 -0.12011891974265633
v 0.03022762387917175 -0.772373535229557 -0.12126274034265633
v 0.028324531379171753 -0.7770308632295571 -0.11806315924265633
v 0.02757686557917175 -0.777197696229557 -0.11895211784265633
v 0.028187356879171753 -0.777626849229557 -0.11988815664265633
v 0.029393630079171753 -0.7773458142295571 -0.11843629554265633
v 0.029307723079171753 -0.777702190229557 -0.11956325174265633
v 0.027215339279171753 -0.782959796229557 -0.11603179574265632
v 0.026450492479171753 -0.783219076229557 -0.11691631004265632
v 0.02704957867917175 -0.783737339229557 -0.11784747614265632
v 0.028282953379171753 -0.783296264229557 -0.11640075224265634
v 0.028176890679171753 -0.783767380229557 -0.11750827354265633
v 0.026314208279171754 -0.788159705229557 -0.11405835674265632
v 0.025532308979171754 -0.788504518229557 -0.11488370594265632
v 0.026114108079171753 -0.7890684972295571 -0.11575869094265633
v 0.02737939727917175 -0.788510658229557 -0.11441428584265632
v 0.027255708379171753 -0.789072789229557 -0.11546137554265633
v 0.026839064479171754 -0.7930058022295571 -0.11122991144265633
v 0.026049273079171754 -0.7933701652295571 -0.11200049144265634
v 0.026631964379171754 -0.7939472572295571 -0.11285548654265633
v 0.027905754779171753 -0.793348469229557 -0.11158906664265633
v 0.02777773517917175 -0.793931462229557 -0.11259374394265632
v 0.026401907179171753 -0.798401572229557 -0.10987797384265632
v 0.025619484479171752 -0.7987049002295571 -0.11068495364265632
v 0.026207869879171754 -0.799193717229557 -0.11156885694265634
v 0.02747282947917175 -0.798697747229557 -0.11025831844265632
v 0.027351859979171753 -0.7991851342295571 -0.11129830034265634
v 0.026130689279171754 -0.802956320229557 -0.10890987884265632
v 0.025373352679171752 -0.803048409229557 -0.10981242734265632
v 0.025986887479171755 -0.803297736229557 -0.11078881844265633
v 0.027212247279171754 -0.803147234229557 -0.10932836304265633
v 0.027123494079171754 -0.8033596052295571 -0.11049023274265632
v 0.026894263879171754 -0.807182587229557 -0.10860041154265632
v 0.02618465387917175 -0.8068493382295571 -0.10951525344265634
v 0.026848353479171753 -0.806652225229557 -0.11050394554265633
v 0.027996553079171753 -0.8071911712295571 -0.10902369024265632
v 0.027968153379171752 -0.806864001229557 -0.11020014434265632
v 0.02765030967917175 -0.811087645229557 -0.10892654954265632
v 0.026981610779171755 -0.8103906292295571 -0.10961685704265633
v 0.027692710979171753 -0.809774734229557 -0.11035454274265633
v 0.028774611679171752 -0.810902692229557 -0.10923760014265632
v 0.028800820979171752 -0.8100915332295571 -0.11012024434265633
v 0.027595199679171754 -0.812020458229557 -0.11089457944265632
v 0.026929900079171752 -0.8111721052295571 -0.11137180034265633
v 0.027647899479171754 -0.8103218452295571 -0.11179034784265632
v 0.028724322079171753 -0.811695136229557 -0.11101817714265633
v 0.028756910979171754 -0.810644723229557 -0.11157176644265632
v 0.027815710779171752 -0.8124124782295571 -0.11294991894265632
v 0.027133909979171752 -0.811507918229557 -0.11327226084265632
v 0.027821321079171752 -0.8105545412295571 -0.11340394614265634
v 0.02892442237917175 -0.8120187892295571 -0.11288255454265633
v 0.028927909179171752 -0.8108700882295571 -0.11316300924265632
v 0.028219711079171754 -0.812298156229557 -0.11499806124265632
v 0.027516199279171753 -0.811377801229557 -0.11520275474265633
v 0.02816552107917175 -0.810396947229557 -0.11512974274265633
v 0.029303809579171752 -0.811886824229557 -0.11479854954265634
v 0.029270309979171752 -0.810711242229557 -0.11487995834265632
v 0.028726510679171754 -0.812164821229557 -0.11720903964265633
v 0.028004409779171752 -0.8112450022295571 -0.11733202634265633
v 0.028625002179171754 -0.8102653992295571 -0.11713305114265632
v 0.029793400279171753 -0.8117540252295571 -0.11693407594265633
v 0.029730711179171754 -0.810580350229557 -0.11688707764265632
v 0.029266310879171753 -0.811890758229557 -0.11940163374265633
v 0.028531100579171752 -0.8109758272295571 -0.11947029824265633
v 0.029136301979171754 -0.8100029602295571 -0.11920792234265633
v 0.030326010679171754 -0.811483063229557 -0.11909683794265633
v 0.030245620779171752 -0.8103160632295571 -0.11897713314265632
v 0.029773211079171753 -0.811886169229557 -0.12153561044265633
v 0.029029909479171754 -0.810972132229557 -0.12157042694265632
v 0.029632810479171753 -0.809998072229557 -0.12129791454265633
v 0.030835501879171754 -0.811473824229557 -0.12124205754265632
v 0.030748721179171754 -0.810308136229557 -0.12109505014265633
v 0.030189311179171754 -0.8116586582295571 -0.12369096654265632
v 0.029443899179171753 -0.8107448592295571 -0.12371598554265632
v 0.03004561177917175 -0.809767641229557 -0.12343842904265633
v 0.031251711779171756 -0.811241068229557 -0.12339871754265633
v 0.031162800279171753 -0.810074188229557 -0.12324243414265633
v 0.030783599279171753 -0.8116051922295571 -0.1261914782426563
v 0.030039321679171754 -0.810681440229557 -0.12622251734265633
v 0.030625620879171752 -0.809708990229557 -0.12587926164265634
v 0.031829921479171755 -0.811189390229557 -0.12583118304265634
v 0.03173230027917175 -0.8100228082295571 -0.1256374977426563
v 0.031641419979171755 -0.811692871229557 -0.12921451404265633
v 0.030894000079171754 -0.8107607142295571 -0.12923692544265633
v 0.031445700679171754 -0.8098070992295571 -0.12878489124265632
v 0.03265490007917175 -0.811293520229557 -0.12875222784265633
v 0.03253402187917175 -0.8101373092295571 -0.12848534064265632
v 0.03269320167917175 -0.8114987982295571 -0.13175334404265632
v 0.03193170947917175 -0.810565270229557 -0.13174187024265632
v 0.03243451007917175 -0.8096449152295571 -0.13116810094265632
v 0.03366650077917176 -0.811124958229557 -0.13119174164265635
v 0.03350660947917175 -0.8099926482295571 -0.13082780314265632
v 0.033878510779171755 -0.810599662229557 -0.13457335904265633
v 0.03308719957917175 -0.809679366229557 -0.13450295854265631
v 0.03351861237917175 -0.808820225229557 -0.13378416374265634
v 0.034798921979171754 -0.810268141229557 -0.13390507924265632
v 0.034576501679171756 -0.8091871512295571 -0.13341426474265633
v 0.03514062057917175 -0.809177316229557 -0.1368670500426563
v 0.03429612147917176 -0.808306254229557 -0.13671149684265632
v 0.034621300179171755 -0.8075645942295571 -0.13582028824265632
v 0.03598770967917175 -0.808927156229557 -0.13607972484265635
v 0.03566670137917175 -0.807952322229557 -0.13542928914265634
v 0.036287130779171756 -0.8069349302295571 -0.13977583124265633
v 0.035359629479171754 -0.8061849852295571 -0.13952125984265634
v 0.03553512037917175 -0.805660225229557 -0.13845234734265632
v 0.037035731579171755 -0.806541599229557 -0.13866886864265632
v 0.03657102027917175 -0.806070842229557 -0.13804903254265632
v 0.03720992987917175 -0.803534664229557 -0.14064311604265634
v 0.03616931847917175 -0.803010441229557 -0.14031029864265632
v 0.036199628379171754 -0.802788473229557 -0.13914500554265632
v 0.03788331897917176 -0.803606607229557 -0.1396883912426563
v 0.037258929579171755 -0.803161420229557 -0.13876001164265633
v 0.03772287537917175 -0.799381174229557 -0.14071145284265632
v 0.03659357687917175 -0.799184300229557 -0.14037001504265634
v 0.036552063179171757 -0.799245156229557 -0.13919964064265633
v 0.03837936557917175 -0.799511768229557 -0.13976049054265632
v 0.037655774479171754 -0.7994507922295571 -0.13882244004265631
v 0.03815655127917175 -0.796256698229557 -0.14045508574265633
v 0.037024649779171755 -0.796395160229557 -0.14017752934265632
v 0.03697894977917175 -0.796716906229557 -0.13905705884265634
v 0.038810459879171755 -0.796438373229557 -0.13951528444265632
v 0.038082661079171756 -0.796740092229557 -0.13864820074265632
v 0.038219360679171754 -0.7931848542295571 -0.13954972104265634
v 0.037132660879171754 -0.793567158229557 -0.13936966284265634
v 0.03713387157917175 -0.794130243229557 -0.13835531104265633
v 0.03889227097917175 -0.793477453229557 -0.13865229864265632
v 0.038221361079171755 -0.7940733802295571 -0.13791215794265632
v 0.03801879287917175 -0.790379800229557 -0.13725018874265632
v 0.03699026537917175 -0.790910519229557 -0.13716957344265635
v 0.03707670327917175 -0.7916810292295571 -0.13630733264265632
v 0.038743915079171756 -0.790803827229557 -0.13644104824265632
v 0.03816160837917175 -0.791615642229557 -0.13585693764265633
v 0.037678388879171756 -0.7879730242295571 -0.13476930934265632
v 0.036757823079171754 -0.788520314229557 -0.13477065784265632
v 0.036939746679171756 -0.789325394229557 -0.13409624624265631
v 0.03849512247917175 -0.788486637229557 -0.1340957470426563
v 0.038011769779171756 -0.789335944229557 -0.13367887954265634
v 0.03712577927917175 -0.785480357229557 -0.13163376224265633
v 0.03614121117917175 -0.786118366229557 -0.13169025254265632
v 0.03643023877917175 -0.7870137472295571 -0.13122745974265632
v 0.03792339937917175 -0.786171235229557 -0.1311359666426563
v 0.03749388367917175 -0.787140466229557 -0.13088480754265633
v 0.03499940777917175 -0.783304669229557 -0.12789439034265632
v 0.03403764967917175 -0.783969916229557 -0.12801790614265635
v 0.034330682779171756 -0.7850856562295571 -0.12776537614265632
v 0.035883807579171756 -0.7840096132295571 -0.12756555904265632
v 0.035467697279171755 -0.785110093229557 -0.12748591234265633
v 0.03253130797917175 -0.783104755229557 -0.12431323904265633
v 0.03163701477917175 -0.783775605229557 -0.12455559894265633
v 0.032058214779171756 -0.784899033229557 -0.12448541444265633
v 0.03343978337917175 -0.783812858229557 -0.12409333514265633
v 0.033143397379171755 -0.784921624229557 -0.12419969214265633
v 0.030455224179171753 -0.784283675229557 -0.12090004604265632
v 0.02958063597917175 -0.784982420229557 -0.12126065414265633
v 0.029980383779171754 -0.786021091229557 -0.12133945154265632
v 0.03142110817917175 -0.7849532742295571 -0.12075818704265633
v 0.031145518679171754 -0.785915889229557 -0.12102916464265633
v 0.028326556079171752 -0.786424316229557 -0.11720263214265633
v 0.027471858979171752 -0.787052490229557 -0.11763445284265633
v 0.027869714379171753 -0.788045622229557 -0.11783312264265633
v 0.029334044079171753 -0.787017561229557 -0.11713840064265632
v 0.029022119979171753 -0.7879970442295571 -0.11752665044265632
v 0.026411041579171752 -0.7881709112295571 -0.11361407864265632
v 0.02554408647917175 -0.7887794152295571 -0.11407553404265633
v 0.025986274679171754 -0.789816953229557 -0.11436878894265633
v 0.027404407079171755 -0.788800873229557 -0.11362751574265632
v 0.027132920879171754 -0.789828337229557 -0.11409226804265632
v 0.02458741517917175 -0.790021635229557 -0.11001900214265634
v 0.023720335179171752 -0.790640332229557 -0.11047327514265633
v 0.024182604579171752 -0.791643299229557 -0.11084276814265633
v 0.025611272079171753 -0.790618635229557 -0.11011170964265632
v 0.025351233779171752 -0.7916294712295571 -0.11061935874265633
v 0.023551655979171752 -0.792080499229557 -0.10641617324265633
v 0.022666713179171752 -0.792730666229557 -0.10682956134265632
v 0.023125953979171752 -0.793703235229557 -0.10726030914265633
v 0.024560365779171752 -0.7926412002295571 -0.10659311714265632
v 0.024296194279171752 -0.7936490552295571 -0.10711404304265633
v 0.023512806779171752 -0.7942210212295571 -0.10280010844265633
v 0.02262630687917175 -0.7949015872295571 -0.10317298394265632
v 0.023086115679171754 -0.7958526392295571 -0.10364980254265632
v 0.024520516379171752 -0.794754185229557 -0.10304589944265632
v 0.024256827279171753 -0.795761861229557 -0.10357110574265632
v 0.02402359617917175 -0.798058249229557 -0.09713192654265632
v 0.023137316079171754 -0.798736192229557 -0.09750614684265632
v 0.023597707979171753 -0.799675978229557 -0.09801616144265632
v 0.025031806879171753 -0.798579968229557 -0.09741064534265632
v 0.024768616979171754 -0.799583949229557 -0.09795631094265633
v 0.024569965879171752 -0.802606500229557 -0.09149568154265633
v 0.02368387577917175 -0.803271748229557 -0.09188852084265633
v 0.024144666279171754 -0.804185845229557 -0.09242976834265633
v 0.025578366579171754 -0.803117074229557 -0.09179271384265633
v 0.025315565979171752 -0.8040978092295571 -0.09236896034265632
v 0.024803016379171754 -0.807504691229557 -0.08592332524265633
v 0.023916916879171753 -0.808155097229557 -0.08632507924265632
v 0.024377806079171754 -0.809054769229557 -0.08689247814265633
v 0.025811526879171754 -0.8079949992295571 -0.08624423664265632
v 0.025548826879171753 -0.8089585082295571 -0.08684208434265633
v 0.025221995979171755 -0.812624968229557 -0.08040580344265633
v 0.024335997179171752 -0.813280381229557 -0.08080240894265633
v 0.024796575279171753 -0.814167715229557 -0.08139327724265633
v 0.026230296079171753 -0.813092865229557 -0.08075431544265632
v 0.025967286879171752 -0.8140503542295571 -0.08136385494265633
v 0.025597015379171754 -0.817575492229557 -0.07497822494265632
v 0.024711627479171754 -0.818249322229557 -0.07535748554265632
v 0.025171317179171752 -0.819118477229557 -0.07596994564265633
v 0.026603927879171752 -0.818028368229557 -0.07535639404265633
v 0.026340827379171754 -0.8189884792295571 -0.07596806624265633
v 0.026304684579171754 -0.8219893352295571 -0.06967009694265633
v 0.025421397779171753 -0.822680868229557 -0.07002310454265633
v 0.025879597279171752 -0.8235577722295571 -0.07064958754265632
v 0.027308696879171753 -0.822432674229557 -0.07007985744265632
v 0.027045994979171754 -0.823406197229557 -0.07068432494265632
v 0.026754645679171754 -0.826669849229557 -0.06390975648265633
v 0.025874635179171754 -0.827377237229557 -0.06423858832265633
v 0.02633064607917175 -0.8282500282295571 -0.06488017738265632
v 0.027754446479171753 -0.8271062152295571 -0.06434817984265633
v 0.02749244677917175 -0.828082777229557 -0.06494784541265633
v 0.027640556879171753 -0.831612445229557 -0.05682233528965633
v 0.026764756079171753 -0.832335092229557 -0.057127058069656324
v 0.02721666727917175 -0.8331926242295571 -0.057792646431656325
v 0.02863376587917175 -0.8320232402295571 -0.05729974464365633
v 0.028371755079171754 -0.832999803229557 -0.057899457955656326
v 0.029360907179171752 -0.836609639229557 -0.04872590303265632
v 0.028498997879171754 -0.837372578229557 -0.048971301872656324
v 0.028941197279171754 -0.838202633229557 -0.04967679223265633
v 0.030335817479171752 -0.8369685192295571 -0.049279682342656325
v 0.030076418079171753 -0.837953008229557 -0.04986741254265632
v 0.03338212707917175 -0.840737797229557 -0.04155418654265633
v 0.032563926679171754 -0.841575242229557 -0.04168968834265632
v 0.03298432747917175 -0.842368699229557 -0.042449385842656326
v 0.03430812437917175 -0.841013707229557 -0.042230078942656325
v 0.034062227279171756 -0.842021383229557 -0.042783367442656324
v 0.03785317577917175 -0.8450911422295571 -0.034823458642656326
v 0.03712697697917175 -0.846021332229557 -0.03482074664265633
v 0.037508066779171755 -0.846775748229557 -0.03563905694265633
v 0.03868306517917175 -0.845270611229557 -0.03564346764265633
v 0.038469866879171755 -0.846311249229557 -0.036147437942656326
v 0.04375141765917175 -0.849943436229557 -0.028082806642656326
v 0.04316051629917175 -0.8509560002295571 -0.027951316942656325
v 0.04348961496917175 -0.851678647229557 -0.028818918342656326
v 0.044445616189171755 -0.850040473229557 -0.029031718142656326
v 0.044283915779171755 -0.851112880229557 -0.029486527642656326
v 0.053575106899171755 -0.854121245229557 -0.021490506842656326
v 0.053130117709171754 -0.855188705229557 -0.021265305542656328
v 0.05340752703917175 -0.8558918612295571 -0.02216589824265633
v 0.054127393989171754 -0.854164578229557 -0.022530198142656326
v 0.054023905889171754 -0.855258919229557 -0.02294769884265633
v 0.06695469467917176 -0.8569414992295571 -0.015383608642656324
v 0.06658260337917175 -0.858026124229557 -0.015125207642656326
v 0.06743740667917175 -0.856968380229557 -0.016455106442656325
v 0.06683540347917175 -0.8587237372295571 -0.01603700964265633
v 0.06736370737917174 -0.858070053229557 -0.016859006142656327
v 0.06658260337917175 -0.858026124229557 -0.015125207642656326
v 0.06743740667917175 -0.856968380229557 -0.016455106442656325
v 0.06695469467917176 -0.8569414992295571 -0.015383608642656324
v 0.00410020727917175 0.021752774770442962 -0.06511234957265633
v 0.00339571017917175 0.02093757677044296 -0.06558255385265632
v 0.0052125081791717515 0.021441384770442967 -0.06533101294265632
v 0.0051955021791717515 0.020433790770442967 -0.06593625247265633
v 0.0040726102791717525 0.020122378770442956 -0.06609181128265633
v 0.004229802679171751 0.016773380770442964 -0.06052136142265633
v 0.005354911079171756 0.017037585770442967 -0.06028737244265633
v 0.0052125081791717515 0.021441384770442967 -0.06533101294265632
v 0.0035548098791717553 0.017549574770442958 -0.059947292322656325
v 0.00339571017917175 0.02093757677044296 -0.06558255385265632
v 0.0053752027791717505 0.01797708877044296 -0.059568683612656326
v 0.00410020727917175 0.021752774770442962 -0.06511234957265633
v 0.004262607579171754 0.018293477770442962 -0.059358493772656326
v 0.002814102879171755 0.010038427770442962 -0.05414752196265633
v 0.0021332502791717514 0.010763682770442956 -0.05351887410265633
v 0.003936570179171754 0.010280392770442959 -0.05388377863265632
v 0.0028348639791717506 0.011453889770442968 -0.05286662793265633
v 0.003949403779171752 0.011155195770442966 -0.053092171902656325
v 0.001325204979171754 0.0027153864704429626 -0.04822269641265633
v 0.0006380080791717549 0.003385089370442962 -0.04754299856265633
v 0.002444811179171752 0.0029327869704429688 -0.047930986622656324
v 0.001332901379171754 0.004016391970442956 -0.04683128554265632
v 0.002449501279171755 0.0037367939704429642 -0.047071116042656326
v 0.001340903379171754 -0.0025805086295570406 -0.042711498242656326
v 0.0006538107791717526 -0.0018541068295570423 -0.04209068514265633
v 0.002460204079171753 -0.002234503629557044 -0.042553909142656325
v 0.0013484097791717498 -0.0010592043295570425 -0.04154942744265633
v 0.0024648084791717498 -0.0012943074295570373 -0.041835716042656325
v 0.0023536123791717545 -0.006065607029557038 -0.03687489774265633
v 0.0016413107791717549 -0.005240209429557038 -0.03641541674265633
v 0.003435410579171752 -0.00558980552955704 -0.03694172574265633
v 0.0022828094791717546 -0.004254311329557031 -0.03619820814265633
v 0.0033916085791717496 -0.004470407929557038 -0.03652340734265633
v 0.0039038099791717518 -0.006994009029557033 -0.031010217942656328
v 0.0031215101791717548 -0.006121605629557034 -0.030828097842656325
v 0.0049320012791717535 -0.006489411029557038 -0.031287107642656325
v 0.0036662108791717524 -0.0050777048295570365 -0.030992517242656326
v 0.004785109279171751 -0.005305014529557034 -0.03127621674265633
v 0.005439911079171751 -0.005741804829557037 -0.02489820864265633
v 0.004594705979171755 -0.004920601829557031 -0.024966206442656326
v 0.006435602879171755 -0.005263604229557031 -0.025304310042656326
v 0.0050681121791717534 -0.003934808029557035 -0.02541430664265633
v 0.00620580837917175 -0.004146814329557033 -0.02562330664265633
v 0.006952609879171755 -0.003895185929557038 -0.01806819064265633
v 0.006070602679171755 -0.0031469911295570335 -0.018288888042656326
v 0.007929306479171755 -0.0034546926295570407 -0.018553189942656326
v 0.0065022073791717525 -0.00224409252955704 -0.018910311142656323
v 0.00765090807917175 -0.002434290929557034 -0.019073709842656328
v 0.008451405879171751 -0.0010667443295570428 -0.011646602342656326
v 0.007549103379171751 -0.00037764752955703196 -0.011954307542656327
v 0.009417504079171753 -0.0006568432295570442 -0.012176606842656326
v 0.007957611279171752 0.00045815857044295694 -0.012674406142656323
v 0.009112406479171754 0.00028565527044296934 -0.012811705442656328
v 0.009883411179171755 0.0015332326704429605 -0.005499161742656328
v 0.009002998479171756 0.002211637770442962 -0.005758326542656324
v 0.010872334279171753 0.0019468962704429632 -0.0059604905426563284
v 0.00947852427917175 0.0030210613704429595 -0.006371475742656327
v 0.010628320279171752 0.002859167770442969 -0.00649664174265633
v 0.011224523179171754 0.004127427970442965 0.0006699897573436767
v 0.01035387817917175 0.004785932570442963 0.00046555695734367547
v 0.012226540579171753 0.004542596670442961 0.0002801343573436768
v 0.010862953979171752 0.005570813970442956 -3.554304265632885e-05
v 0.012012220879171753 0.005423650170442967 -0.0001510568426563233
v 0.010862953979171752 0.005570813970442956 -3.554304265632885e-05
v 0.01187086847917175 0.008089124770442963 0.005946520757343671
v 0.013034418179171753 0.00796323277044296 0.00583381575734368
v 0.01328775657917175 0.007013909770442958 0.0060250572573436745
v 0.012280315179171754 0.0065486357704429565 0.006257075857343669
v 0.011405572279171751 0.0072239707704429695 0.006205882857343678
v 0.01187086847917175 0.008089124770442963 0.005946520757343671
v 0.02819361537917175 0.398226313770443 -0.0063876099426563235
v 0.028741097079171753 0.39780455077044297 -0.0073386095426563255
v 0.027038196079171753 0.398065171770443 -0.006532311442656327
v 0.026871515479171753 0.39754392977044295 -0.007572706742656324
v 0.027924004979171753 0.397382817770443 -0.008071005342656326
v 0.027468306979171752 0.40320738377044296 -0.010916508742656324
v 0.026416096879171753 0.40336456177044294 -0.010416306542656323
v 0.027038196079171753 0.398065171770443 -0.006532311442656327
v 0.028285607679171754 0.403625778770443 -0.010182507342656327
v 0.028741097079171753 0.39780455077044297 -0.0073386095426563255
v 0.026583196579171752 0.40388061877044296 -0.009373310942656324
v 0.02819361537917175 0.398226313770443 -0.0063876099426563235
v 0.027738597279171752 0.40404205777044294 -0.009228810642656328
v 0.026990495579171752 0.409115873770443 -0.013724207842656329
v 0.027808597279171753 0.40952541677044296 -0.012985903742656325
v 0.025939205679171753 0.40926208377044293 -0.013218607742656326
v 0.027262905579171753 0.4099245887704429 -0.012024104642656325
v 0.02610760557917175 0.40976162977044295 -0.012167908242656324
v 0.026469506279171752 0.4151827917704429 -0.016451008642656327
v 0.027288805679171753 0.415577374770443 -0.015706006442656323
v 0.025419816379171754 0.415310345770443 -0.015937205442656324
v 0.026745516779171752 0.415948770770443 -0.014731805742656326
v 0.025590406779171754 0.4157839637704429 -0.014874707942656329
v 0.025883816179171754 0.42148163177044295 -0.019053407042656324
v 0.026705097379171754 0.4218557697704429 -0.01830000804265633
v 0.02483650667917175 0.42158444977044296 -0.018529307142656326
v 0.026165297279171752 0.422189913770443 -0.01731040704265633
v 0.025010406979171753 0.42202206677044296 -0.017452109642656324
v 0.02521240707917175 0.4280852897704429 -0.021487697942656328
v 0.026036096779171753 0.428434751770443 -0.020725198042656323
v 0.024168116979171754 0.428157649770443 -0.020952407242656325
v 0.025501007179171753 0.428723416770443 -0.019718706642656326
v 0.024346414979171754 0.42855193477044295 -0.01985910534265633
v 0.024433808379171754 0.43506684177044297 -0.023710008742656323
v 0.025260796779171753 0.43538846777044293 -0.022938508542656326
v 0.02339340557917175 0.435104690770443 -0.02316370604265633
v 0.024731416279171754 0.435624681770443 -0.021915405942656327
v 0.023577295279171753 0.435449205770443 -0.022054608942656324
v 0.023529496079171753 0.44248046677044295 -0.025671906742656327
v 0.024359406879171753 0.442777119770443 -0.024893805342656325
v 0.02249121667917175 0.4425003157704429 -0.025121007142656325
v 0.023834006879171754 0.44298001377044294 -0.023862008042656327
v 0.022679416479171752 0.442809127770443 -0.02400240674265633
v 0.022921817379171754 0.44791748377044294 -0.027022197842656328
v 0.023754294979171753 0.44819029377044295 -0.026238199342656327
v 0.021881695879171752 0.44795348477044294 -0.026475308442656328
v 0.023228706779171753 0.4483947377704429 -0.025206707442656323
v 0.022071406279171753 0.44824858777044296 -0.025353308742656323
v 0.02247629497917175 0.45356597777044294 -0.028408605642656327
v 0.023312306079171754 0.4537963497704429 -0.027614317842656326
v 0.02143440577917175 0.4536264167704429 -0.027867518342656328
v 0.022787008479171752 0.45399900477044297 -0.026582207542656326
v 0.021626407279171752 0.453893743770443 -0.026738807542656326
v 0.022237407079171753 0.45933773377044296 -0.029610907642656326
v 0.023076508179171753 0.459493420770443 -0.028801107742656325
v 0.021194996279171752 0.45941039177044296 -0.029072307042656325
v 0.022552806879171754 0.45966216177044295 -0.027761997642656328
v 0.021389905379171754 0.45961090177044295 -0.027929596642656325
v 0.02225260617917175 0.46512510677044294 -0.030400307842656325
v 0.023091515479171754 0.465166590770443 -0.029575107642656327
v 0.021210316579171752 0.465198956770443 -0.029861707242656327
v 0.022567696879171754 0.465266428770443 -0.028526507342656326
v 0.021405016979171753 0.465286574770443 -0.028703596442656326
v 0.022571116679171752 0.470821819770443 -0.030542707042656325
v 0.023401208179171754 0.470702193770443 -0.029713507742656325
v 0.021528305479171752 0.47088500077044293 -0.030003707842656328
v 0.022871307979171755 0.47069182277044297 -0.028662098542656327
v 0.021713817479171754 0.470804713770443 -0.028841407942656327
v 0.023244716179171752 0.47631712977044294 -0.029795408242656328
v 0.024049006379171754 0.47598751677044293 -0.028995005442656326
v 0.022199004879171754 0.476357124770443 -0.029259517742656328
v 0.023500505879171754 0.47582336477044296 -0.027964318142656326
v 0.02235720487917175 0.476051948770443 -0.028127806242656327
v 0.024329615779171754 0.481515787770443 -0.027899619142656325
v 0.025084717179171753 0.480942092770443 -0.027190009142656325
v 0.023269508079171754 0.48148103777044293 -0.027388509342656325
v 0.024491297079171755 0.48055263577044294 -0.026240296642656327
v 0.023369507879171754 0.480885587770443 -0.026363017042656325
v 0.026154806879171752 0.4883285387704429 -0.022525295642656325
v 0.026851696879171754 0.48753597577044294 -0.021988797942656325
v 0.025066606679171752 0.488186917770443 -0.022097498142656324
v 0.026194216679171753 0.486904881770443 -0.02122931924265633
v 0.025090906779171755 0.487307093770443 -0.02129650864265633
v 0.028443269479171755 0.493227205770443 -0.01518708844265633
v 0.029091648779171753 0.4922976717704429 -0.014856096342656326
v 0.027337469179171753 0.4930386167704429 -0.014835089442656324
v 0.02838655937917175 0.4915344337704429 -0.014299497042656324
v 0.027302369479171754 0.491992495770443 -0.014286495742656329
v 0.03147240357917175 0.496531389770443 -0.008083809142656329
v 0.03207479417917175 0.495527945770443 -0.007939606942656323
v 0.030368903679171753 0.49634977477044295 -0.007720205942656329
v 0.031343692879171756 0.49472596477044295 -0.007486809042656327
v 0.030289385479171753 0.4952337367704429 -0.007351204742656325
v 0.036610805479171754 0.498589478770443 -0.00020040944265632687
v 0.03715640677917175 0.49754484777044294 -0.00022670624265632572
v 0.035540506279171755 0.4984347447704429 0.0002677924573436727
v 0.03642341497917175 0.4967440587704429 0.00022529435734367637
v 0.03542470647917175 0.497294328770443 0.0005308911573436714
v 0.04222351684917175 0.49870129677044295 0.005874108557343674
v 0.04268421791917175 0.4976325257704429 0.00568381325734367
v 0.04125371109917175 0.49857678277044293 0.006542507557343674
v 0.04199921246917175 0.496847353770443 0.006234619757343671
v 0.041115118189171754 0.497430823770443 0.006765317157343673
v 0.047667738279171756 0.49736347077044296 0.011666383557343674
v 0.04799686558917175 0.496281586770443 0.01132908835734367
v 0.04692974686917175 0.497262440770443 0.012599389957343679
v 0.04746216907917175 0.4955119717704429 0.012053694557343675
v 0.046802755679171755 0.496118329770443 0.012838784557343677
v 0.05102163911217175 0.495701215770443 0.01625315475734368
v 0.05061514973567175 0.49493553477044294 0.01704695445734368
v 0.05012422683617175 0.495546482770443 0.01792306075734368
v 0.05078191876217175 0.49678578277044294 0.016638670157343674
v 0.05022733809917175 0.496689997770443 0.01767075435734368
v 0.05102163911217175 0.495701215770443 0.01625315475734368
v 0.05012422683617175 0.495546482770443 0.01792306075734368
v 0.05061514973567175 0.49493553477044294 0.01704695445734368
v 0.06737774427917176 -0.857521035229557 -0.01692236584265633
v 0.06686970777917176 -0.8568336142295571 -0.01611528544265633
v 0.06730834577917175 -0.8586331982295571 -0.016547970442656323
v 0.06675740327917175 -0.8586331982295571 -0.01550948994265633
v 0.06648631577917175 -0.857521035229557 -0.015242077442656328
v 0.10204265267917176 -0.849993206229557 0.03588709605734368
v 0.10305591297917174 -0.850583412229557 0.03580404445734367
v 0.10118169707917175 -0.8507730142295571 0.03606749695734367
v 0.10166287047917175 -0.851845242229557 0.03609594325734368
v 0.10282118617917176 -0.8517280592295571 0.03593311085734367
v 0.012490309779171753 0.23107909377044294 0.036814708257343676
v 0.013609506179171754 0.23117630977044296 0.03718819845734367
v 0.013782508679171752 0.25840377077044296 0.03656118735734368
v 0.01266490667917175 0.25843977177044297 0.03619859735734367
v 0.01179280877917175 0.23002257177044294 0.03767121205734367
v 0.01378130537917175 0.25828962777044295 0.03773130845734367
v 0.013603709679171752 0.23018004777044299 0.03827550635734367
v 0.011972807379171752 0.25834806977044295 0.03714450825734367
v 0.012480907179171753 0.22946699677044297 0.03857400645734367
v 0.012662809379171754 0.258255295770443 0.03809170055734368
v 0.013762205879171756 0.265018604770443 0.037262771257343674
v 0.013761006279171754 0.26489349477044294 0.03843168545734367
v 0.012644607579171754 0.26505004577044294 0.03689959275734367
v 0.011952608779171751 0.264944456770443 0.03784409535734368
v 0.012642607079171753 0.264847866770443 0.03879098965734368
v 0.013736706179171755 0.27027731377044295 0.03830507025734367
v 0.013735506679171755 0.27014394877044295 0.039473060557343675
v 0.012619007379171751 0.27031042377044295 0.03794207055734368
v 0.011927105479171751 0.27019735377044296 0.038885783357343676
v 0.012617107479171753 0.27009453577044296 0.039831962457343675
v 0.013709805879171755 0.27378391477044295 0.03913589195734367
v 0.013708606379171755 0.273652218770443 0.04030399395734367
v 0.012592207679171755 0.273816548770443 0.03877281025734368
v 0.011900309479171756 0.273705176770443 0.03971672425734367
v 0.012590303979171755 0.27360355077044296 0.04066299275734367
v 0.013685606379171752 0.277383200770443 0.04004276175734367
v 0.013684406879171752 0.27726309777044295 0.04121213775734367
v 0.012568008179171752 0.27741371877044296 0.03967944905734368
v 0.011876009379171756 0.27731253977044296 0.040624450857343675
v 0.01256600767917175 0.27721946677044296 0.04157163575734367
v 0.013668104979171751 0.28067304977044294 0.040782626757343676
v 0.01366670797917175 0.28057449277044294 0.04195415605734368
v 0.012550506779171751 0.280699602770443 0.04041904585734367
v 0.011858407379171751 0.28061752777044296 0.04136585075734367
v 0.012548305079171755 0.28054016077044297 0.04231453315734367
v 0.013661105179171754 0.28410788577044294 0.04110771045734367
v 0.013659708179171753 0.284040890770443 0.042281497257343675
v 0.012543506879171752 0.284128628770443 0.040743615457343674
v 0.011851407579171754 0.284074477770443 0.04169244695734367
v 0.012541204679171754 0.28402029677044294 0.04264291785734367
v 0.013668604179171755 0.287674985770443 0.041009735357343674
v 0.013667207179171754 0.28763254777044295 0.042184527957343676
v 0.012551005979171755 0.28769206277044296 0.04064552115734367
v 0.011858906579171755 0.28766032277044296 0.04159523175734367
v 0.012548707379171756 0.287623397770443 0.04254642485734367
v 0.013686906579171751 0.291252754770443 0.04112854225734368
v 0.013685606379171752 0.29121061377044294 0.04230332745734368
v 0.012569304579171756 0.291271976770443 0.04076442495734367
v 0.011877305779171753 0.291241757770443 0.04171420265734367
v 0.012567106679171755 0.291203610770443 0.04266532885734367
v 0.013708118379171755 0.29483508277044296 0.04140714925734368
v 0.01370670647917175 0.29478534277044294 0.04258165185734368
v 0.012590505179171756 0.29485704777044297 0.04104312885734368
v 0.01189840587917175 0.29482104677044296 0.041992623357343675
v 0.012588206679171751 0.29477678977044297 0.042943555857343677
v 0.013729907579171752 0.29848053277044295 0.04140644145734368
v 0.01372850687917175 0.298432610770443 0.04258104085734367
v 0.01261230557917175 0.29850219977044296 0.04104233155734367
v 0.01192020627917175 0.29846738977044296 0.04199196025734367
v 0.012610007079171752 0.29842438577044295 0.04294298185734367
v 0.013750307279171751 0.30205231177044295 0.04154365885734368
v 0.013749007179171754 0.302014760770443 0.042718659857343674
v 0.012632705279171756 0.30207001377044296 0.04117942975734368
v 0.01194060597917175 0.302043132770443 0.042129438357343674
v 0.012630507379171756 0.30200897877044297 0.04308063885734367
v 0.013767305779171755 0.305619798770443 0.041634943357343676
v 0.013766005679171751 0.305601499770443 0.04281044385734367
v 0.01264960687917175 0.305629573770443 0.04127063975734367
v 0.011957708779171752 0.30561798077044294 0.042220953857343674
v 0.01264760647917175 0.305600575770443 0.04317264585734368
v 0.013778809479171754 0.30918212977044296 0.041652943957343674
v 0.013777606179171752 0.309192798770443 0.04282863785734367
v 0.012661106879171755 0.30918120577044295 0.041288528557343676
v 0.011969204979171755 0.30919157677044296 0.042238939557343674
v 0.01265920697917175 0.30919861077044297 0.04319072885734368
v 0.013782709879171753 0.312743834770443 0.04157026485734368
v 0.013781607179171755 0.312782905770443 0.04274524385734367
v 0.012665107879171751 0.31273224177044295 0.04120605815734367
v 0.011973205979171751 0.31276427977044297 0.04215596985734367
v 0.012663207979171753 0.312795720770443 0.04310724485734367
v 0.013778906279171756 0.33553894577044296 0.04046697545734368
v 0.013779409279171755 0.335557542770443 0.04164289305734367
v 0.012660704579171754 0.335843793770443 0.04009069875734367
v 0.01197000597917175 0.336050711770443 0.04103388265734367
v 0.01266140487917175 0.33587401377044296 0.04199319705734367
v 0.03389370627917175 0.36274497977044295 0.043351385857343674
v 0.033982627079171754 0.362869791770443 0.04452884585734368
v 0.032919393879171754 0.36325185777044294 0.042994472857343674
v 0.03240589987917175 0.36369048777044294 0.04395331085734368
v 0.03306298887917175 0.363454363770443 0.04490147885734368
v 0.05306089995917175 0.39050143177044294 0.04158351195734368
v 0.05418871994917175 0.390194736770443 0.041931908557343675
v 0.052378169259171756 0.390703223770443 0.04254500185734367
v 0.053084880109171756 0.390521399770443 0.043485324857343674
v 0.054204417389171755 0.39020716377044296 0.04310506985734368
v 0.05470254551917175 0.39746542977044297 0.04297018385734368
v 0.053569947369171755 0.397363207770443 0.042607735857343676
v 0.052880989159171755 0.39736457877044296 0.04355591885734367
v 0.05359299783917175 0.39750694477044296 0.04450831185734368
v 0.054725867229171755 0.397618733770443 0.044150057857343675
v 0.05501883150917175 0.40146311377044297 0.04336136185734367
v 0.05387566191917175 0.401327155770443 0.04301272685734367
v 0.05318684223917175 0.40136065377044294 0.04396477685734368
v 0.05390330892917175 0.401511542770443 0.04490165085734367
v 0.05503658903917175 0.40158187577044296 0.04452894985734368
v 0.05565646756917175 0.412130735770443 0.04337788785734367
v 0.05452049849917175 0.412020466770443 0.04302513985734367
v 0.053836680479171756 0.412094793770443 0.04397560285734367
v 0.054547887989171755 0.4122371297704429 0.04491474885734367
v 0.05567349073917175 0.412264726770443 0.04454566885734368
v 0.056088458279171756 0.42084713977044297 0.04258568185734367
v 0.054956208449171755 0.42076548177044293 0.04224118965734368
v 0.05427744984917175 0.4208693127704429 0.043189365857343676
v 0.05498922941917175 0.42101546377044297 0.04412253585734367
v 0.05610656830917175 0.4209906087704429 0.04374938785734367
v 0.055913372899171754 0.427751622770443 0.04168504105734368
v 0.05478926281917175 0.42770721777044296 0.04134337235734367
v 0.054113432069171755 0.42783638077044295 0.042292449657343675
v 0.05481976130917175 0.42796083577044297 0.04322081385734368
v 0.05593231319917175 0.42790838377044293 0.04284533485734367
v 0.055720468519171756 0.43247666177044297 0.04096284135734367
v 0.054596749599171754 0.43241640177044294 0.04062264785734368
v 0.05392027971917175 0.43255265777044294 0.04157235105734368
v 0.05462594143917175 0.432696781770443 0.042499560857343674
v 0.055738540829171755 0.432650111770443 0.042122852057343674
v 0.05543834808917175 0.436748049770443 0.03995770585734368
v 0.05431525827917175 0.436676047770443 0.03961769865734367
v 0.05363803985917175 0.43682803977044293 0.04056660455734368
v 0.05434253811917175 0.43699403877044296 0.04149300975734367
v 0.05545517056917175 0.436944626770443 0.04111672565734367
v 0.05523171554917175 0.44112577277044296 0.038886558257343676
v 0.05410870187917175 0.4410516247704429 0.03854698315734367
v 0.053431102079171754 0.44123353777044294 0.03949047255734367
v 0.054135295099171754 0.44141998177044295 0.04041308535734367
v 0.05524819483917175 0.44135346277044296 0.04003990065734367
v 0.05512669216917175 0.445608041770443 0.037561025457343675
v 0.05400367849917175 0.4455320457704429 0.03722182285734367
v 0.05332607868917175 0.44574501377044295 0.03815863655734367
v 0.054030271709171754 0.445952854770443 0.03907671945734367
v 0.05514309973917175 0.44586833577044294 0.03870744625734368
v 0.055028244389171754 0.449152908770443 0.03654106335734367
v 0.053905273559171754 0.4490662437704429 0.03620445355734367
v 0.05322766420917175 0.449303112770443 0.03713543335734368
v 0.053931852569171754 0.4495362267704429 0.03804756325734368
v 0.055044642649171756 0.4494434817704429 0.037680257157343675
v 0.055016594939171756 0.453635237770443 0.03524069855734367
v 0.053893595929171756 0.45353027477044294 0.03490901365734367
v 0.053215986349171754 0.45378323677044297 0.035835597657343676
v 0.05392010788917175 0.45404507977044295 0.03674010555734368
v 0.05503292660917175 0.453953526770443 0.03637240455734367
v 0.05493710608917175 0.4579825627704429 0.034000661257343676
v 0.05381458391917175 0.45785077677044295 0.03367668015734368
v 0.05313679808917175 0.45811291777044294 0.03460067135734367
v 0.05384029494917175 0.45840676877044295 0.03549567985734367
v 0.05495300422917175 0.458326242770443 0.03512484955734367
v 0.05475552659917175 0.46245702377044295 0.03271140525734367
v 0.05363449686917175 0.4622904287704429 0.032398294657343674
v 0.05295650590917175 0.46255471577044294 0.03332171215734367
v 0.053658496119171756 0.46288426977044295 0.034205380857343676
v 0.054770394689171754 0.462823830770443 0.03382819515734367
v 0.054433404239171757 0.4670809727704429 0.03135638315734367
v 0.05331459641917175 0.466884456770443 0.03105368835734368
v 0.05263691534917175 0.46714415377044294 0.03197837995734368
v 0.05333691718917175 0.46750184177044296 0.03285266835734367
v 0.05444721807917175 0.4674627407704429 0.03246827055734368
v 0.05403500678917175 0.471363983770443 0.02987313645734367
v 0.05291729559917175 0.471154652770443 0.029574830057343668
v 0.052239915119171754 0.4714125017704429 0.030500348657343676
v 0.05293880565917175 0.47178115677044297 0.03137062115734367
v 0.054048195949171755 0.471751235770443 0.03098313135734368
v 0.05365829588917175 0.475439808770443 0.02847636115734367
v 0.05254108539917175 0.47522553077044294 0.02817965675734367
v 0.051862727389171755 0.4754925597704429 0.029101956657343678
v 0.05256069777917175 0.475871585770443 0.02996875715734368
v 0.05367039795917175 0.4758389817704429 0.029582072057343672
v 0.053287626479171755 0.47860046477044293 0.027005981657343678
v 0.05217121715917175 0.4783786167704429 0.02671216805734368
v 0.051490718091171755 0.47866757977044294 0.02762628715734368
v 0.052186514139171754 0.479068003770443 0.028485085857343675
v 0.053297086849171754 0.47902675677044293 0.02810167145734367
v 0.05290710553917175 0.48238053177044293 0.025207389157343676
v 0.05179161659917175 0.48214890777044295 0.02491750195734367
v 0.05110809445617175 0.48246934277044295 0.025818910457343677
v 0.05180119629917175 0.482899032770443 0.026665810457343675
v 0.05291302804917175 0.48284407677044294 0.02628790955734367
v 0.05250092618917175 0.4866491777704429 0.022943895357343674
v 0.051386414736171754 0.48640777877044294 0.022658374157343675
v 0.05069962620477175 0.48676236677044293 0.023544292857343677
v 0.05138958571517175 0.48722287277044296 0.024377290157343676
v 0.05250290513917175 0.487153015770443 0.024006199057343677
v 0.05203572392917175 0.49071719477044295 0.02089747415734368
v 0.05092202304517175 0.490467570770443 0.020616274357343672
v 0.05023225428917175 0.490853927770443 0.021486271157343667
v 0.050919624569171755 0.491342805770443 0.022305268757343677
v 0.052034245689171754 0.49125828577044295 0.021941382457343672
v 0.05174383753917175 0.496524236770443 0.01731226965734367
v 0.05063074708047175 0.496267281770443 0.017034772757343677
v 0.049938460579171756 0.496680222770443 0.017890658257343678
v 0.05062372803697175 0.49719228577044294 0.018697064357343668
v 0.05173952690917175 0.49709584577044297 0.01833956315734367
v 0.049045225369171754 0.5255936007704429 0.003106679757343675
v 0.04793282644917175 0.525329313770443 0.002833481857343674
v 0.04723831777917175 0.525766335770443 0.003675382557343676
v 0.047921496679171754 0.526300988770443 0.004468880557343673
v 0.049038206339171754 0.526194177770443 0.004117380857343672
v 0.04700901638917175 0.5484497177704429 -0.010545026542656329
v 0.045924807899171756 0.5478829967704429 -0.01063393054265633
v 0.04696739790917175 0.5494070277704429 -0.009754028142656329
v 0.04521320480917175 0.5484899507704429 -0.009897924942656323
v 0.045857588299171755 0.549432061770443 -0.009354125742656323
v 0.014703355779171756 -0.07139160852955703 -0.10609520594265633
v 0.014090456079171754 -0.07182189632955704 -0.10711220284265632
v 0.011947628079171754 -0.060201447429557034 -0.11897039784265633
v 0.012475836979171755 -0.05944140632955704 -0.11824553084265632
v 0.01584315667917175 -0.07134971762955704 -0.10638008634265633
v 0.012761227779171755 -0.060631137329557036 -0.11970213424265633
v 0.014851458379171754 -0.07204589622955704 -0.10802559554265632
v 0.013615928579171752 -0.05940131842955704 -0.11852926764265632
v 0.015934653579171752 -0.07175399552955704 -0.10757309574265633
v 0.013792335979171753 -0.06013652682955704 -0.11942945044265632
v 0.006639156479171751 -0.04876806582955704 -0.13169861214265632
v 0.00744935867917175 -0.04918337612955704 -0.13244240354265632
v 0.007174652079171756 -0.04803774502955704 -0.13094856964265633
v 0.008315857479171754 -0.04800177742955704 -0.1312287189426563
v 0.008485555679171752 -0.048709858229557035 -0.13215202464265632
v -0.0017557330208282443 -0.03657253082955704 -0.1451246999426563
v -0.000951137420828245 -0.03696243092955704 -0.14588825034265634
v -0.001208730020828247 -0.03589553762955704 -0.14433345574265632
v -6.5937620828245e-05 -0.035866927329557034 -0.1446079574426563
v 9.327007917175195e-05 -0.03652633352955704 -0.14556888114265631
v 0.004965506479171752 -0.02345338462955704 -0.1500840596426563
v 0.00576310977917175 -0.023803785429557037 -0.15087385844265633
v 0.005527306379171752 -0.022858388729557033 -0.14923796434265632
v 0.0066720097791717545 -0.022841185329557034 -0.1495049931426563
v 0.0068178064791717535 -0.02342547472955704 -0.1505160369426563
v 0.011191185579171752 -0.008070305029557037 -0.15318073704265633
v 0.01198138667917175 -0.008364811529557037 -0.15400074794265634
v 0.011768385779171754 -0.007592007529557035 -0.15227222814265634
v 0.012915287179171751 -0.00759091232955704 -0.15253040564265632
v 0.013046886779171755 -0.008068606229557032 -0.1535986773426563
v 0.015655007179171752 0.007030114770442963 -0.15578393264265633
v 0.01643930747917175 0.006809606770442969 -0.15663247924265633
v 0.016244307179171753 0.007353909770442965 -0.15481546144265634
v 0.017392907279171754 0.007333613770442962 -0.15506524224265633
v 0.017513405579171755 0.006997212770442962 -0.15618844704265633
v 0.019097477179171755 0.02126954477044296 -0.15787203214265633
v 0.01987957577917175 0.02114043377044296 -0.15874147814265632
v 0.019690576979171752 0.021426439770442965 -0.15686601774265632
v 0.020839275779171752 0.021394341770442957 -0.15711382404265634
v 0.020956076679171754 0.021217517770442965 -0.1582730301426563
v 0.022314134979171753 0.041041455770442964 -0.15896858614265633
v 0.02309693767917175 0.041013695770442976 -0.15984672714265633
v 0.022906336979171753 0.04105766877044295 -0.15795128414265633
v 0.02405503767917175 0.04103986177044297 -0.15820076714265632
v 0.024172937479171753 0.04101277177044296 -0.15937218414265633
v 0.025028385179171754 0.060208804770442964 -0.15828334914265632
v 0.025812387479171753 0.06028119477044297 -0.15915752614265632
v 0.025619085879171753 0.06010530177044296 -0.15727047254265633
v 0.026768185179171754 0.06011380977044295 -0.15751889014265633
v 0.026887586379171755 0.06022249877044297 -0.15868511414265632
v 0.026698445879171754 0.07789801777044297 -0.15702468534265634
v 0.027483846979171753 0.07806346577044296 -0.15788482514265634
v 0.02728754657917175 0.07768116177044296 -0.15602919834265633
v 0.028436945779171753 0.07771231977044296 -0.15627410634265632
v 0.028558246779171754 0.07794865177044297 -0.1574209518426563
v 0.02868973647917175 0.09557727677044298 -0.15404435624265633
v 0.029476746879171754 0.09582699077044296 -0.15488221864265633
v 0.029276646679171753 0.09525432477044296 -0.15307695044265635
v 0.030426446379171752 0.09530452677044296 -0.15331681444265632
v 0.030550144579171754 0.09565845877044296 -0.15443254634265632
v 0.031081346779171754 0.11285903277044296 -0.14848476274265632
v 0.031870344679171755 0.11318413177044295 -0.14929408204265632
v 0.03166564557917175 0.11243850777044295 -0.14755382014265633
v 0.03281584567917176 0.11250381877044296 -0.14778804404265633
v 0.03294234717917176 0.11296454777044296 -0.1488636322426563
v 0.033982375679171756 0.13012432277044297 -0.14283749834265633
v 0.034773874979171754 0.13051631277044295 -0.14361409474265632
v 0.034563476179171757 0.12961413677044295 -0.1419507376426563
v 0.035714076879171754 0.12969081877044297 -0.14217923954265632
v 0.03584407737917175 0.13024844977044298 -0.14320730044265634
v 0.03716194537917175 0.14647666377044297 -0.13674599304265633
v 0.03795544527917175 0.14691185177044297 -0.13749649744265632
v 0.037740346079171753 0.14591164177044297 -0.13589264084265634
v 0.03889144587917175 0.14599738277044297 -0.13611572604265632
v 0.03902434747917175 0.14661567677044296 -0.1371069364426563
v 0.04008051567917175 0.15865822877044294 -0.13188424334265633
v 0.040874616239171754 0.15910621777044298 -0.13262635844265633
v 0.04065871424917175 0.15808554777044298 -0.13103586064265632
v 0.04181011858917175 0.15817954377044297 -0.13125367834265633
v 0.041943518449171754 0.15881033977044295 -0.13223657384265633
v 0.04575227386917175 0.17478670877044294 -0.12645846974265634
v 0.04654667526917175 0.17524295277044294 -0.1271951608426563
v 0.04633037698917175 0.174212060770443 -0.12561137604265632
v 0.047481976919171755 0.17431309077044294 -0.12582461904265632
v 0.04761567711917175 0.17495014477044296 -0.1268034614426563
v 0.050970574608171754 0.189335904770443 -0.12230518834265633
v 0.05176567670917175 0.18981411277044297 -0.12302723154265632
v 0.05154767632517175 0.18873348077044294 -0.12147663904265632
v 0.05269947647917175 0.18883951777044294 -0.12168652194265632
v 0.05283427354917175 0.18950741777044294 -0.12264477084265632
v 0.056267915759171755 0.20467685877044295 -0.11705767364265632
v 0.05706441495917175 0.20519062177044295 -0.11775347214265633
v 0.05684291477917175 0.20402195277044294 -0.11626780034265632
v 0.057994815059171756 0.20413105977044294 -0.11647539584265633
v 0.05813171481917175 0.20485340777044297 -0.11739359424265633
v 0.06008543632917175 0.21733283277044296 -0.11073531584265633
v 0.060884834279171754 0.21789436777044296 -0.11139031124265633
v 0.06065613407917175 0.216602556770443 -0.11000968514265633
v 0.06180813437917175 0.21671288477044298 -0.11021621154265632
v 0.061949535279171755 0.21751119977044298 -0.11106948554265633
v 0.06208626367917175 0.22598319477044299 -0.10432677714265633
v 0.06289086397917175 0.22660132477044298 -0.10492217544265633
v 0.06264836437917175 0.22516059177044295 -0.10369811584265633
v 0.06380036477917175 0.225270472770443 -0.10390494764265633
v 0.06395016797917175 0.22616096577044298 -0.10466163234265632
v 0.06132752537917175 0.23080345277044295 -0.09773269294265632
v 0.062144027979171755 0.23150535677044298 -0.09821410854265633
v 0.06187442407917175 0.22987618277044297 -0.09724921734265632
v 0.06302902757917175 0.23000495877044297 -0.09743179004265633
v 0.06319562527917175 0.23101188977044296 -0.09802817924265633
v 0.05984347406917175 0.23247262077044295 -0.09397849814265632
v 0.06067157347917175 0.233242116770443 -0.09430877494265633
v 0.06037887651917175 0.23147743177044294 -0.09364814314265632
v 0.06153787667917175 0.23163183777044294 -0.09377441184265634
v 0.06171867437917175 0.23272254277044296 -0.09418258444265633
v 0.057552467569171754 0.23409797977044294 -0.08833160064265633
v 0.05838496796917175 0.234896622770443 -0.08856009134265633
v 0.05808356403917175 0.23307456777044294 -0.08809867504265632
v 0.05924426670917175 0.23324089477044296 -0.08818328564265633
v 0.05943056661917175 0.23436697577044296 -0.08846847154265633
v 0.055284033999171756 0.23559241777044299 -0.08110877684265633
v 0.056118437089171753 0.23640312977044298 -0.08127944544265633
v 0.05581303685917175 0.23455589277044298 -0.08094016644265632
v 0.05697433556917175 0.23472588477044298 -0.08100669454265633
v 0.05716313467917175 0.23586752277044298 -0.08121634084265633
v 0.05235248675917175 0.23674770477044293 -0.07187872564265632
v 0.05318818683917175 0.23756449677044295 -0.07200884544265633
v 0.05287978774917175 0.23570307377044297 -0.07176374554265633
v 0.054041386819171755 0.23587413877044294 -0.07182272614265632
v 0.05423188791917175 0.23702450877044295 -0.07197424584265633
v 0.048271404579171756 0.23612525277044294 -0.059538776292656324
v 0.04910820605917175 0.23694541277044295 -0.05963578890265633
v 0.04879691719917175 0.23507528777044295 -0.05947568617265633
v 0.04995851637817175 0.23524650177044298 -0.059533597902656325
v 0.05015090585217175 0.23640235477044297 -0.059632584452656325
v 0.04531435621917175 0.23424064377044296 -0.049237934872656326
v 0.04615246410917175 0.23506247277044295 -0.04930442571265633
v 0.04583745589917175 0.233187637770443 -0.049230349252656326
v 0.04699896461917175 0.23335852477044294 -0.04929225612265632
v 0.04719356656917175 0.23451729877044297 -0.04933803808265633
v 0.04175646416917175 0.23143207277044298 -0.03773112784265632
v 0.04259656555917175 0.23225422977044297 -0.037761949042656326
v 0.042276264169171754 0.23037859077044298 -0.03778601624265633
v 0.043437568009171756 0.23054965577044295 -0.037850715242656326
v 0.04363545542917175 0.231708727770443 -0.037835836442656326
v 0.03770937587917175 0.22721400077044296 -0.026673257342656326
v 0.038552176179171754 0.22803386277044296 -0.026659758742656327
v 0.038225175779171755 0.22616388677044297 -0.026791647042656325
v 0.03938677717917175 0.22633465377044298 -0.026851346742656327
v 0.03958887697917175 0.22749035777044296 -0.026769867142656327
v 0.03311021807917175 0.22207649777044297 -0.015353240042656327
v 0.033955816179171754 0.22289162177044297 -0.015296947242656324
v 0.03362251627917175 0.22103249277044296 -0.015527047242656328
v 0.03478471747917175 0.22120230677044295 -0.015578147042656323
v 0.03499061797917175 0.22235115577044295 -0.015435937742656329
v 0.027728786679171752 0.21583416277044298 -0.0033132061426563233
v 0.028576485779171754 0.21664377277044294 -0.0032222047426563247
v 0.028238195879171753 0.21479731077044295 -0.0035319067426563266
v 0.02940078637917175 0.21496608077044294 -0.003576103642656328
v 0.029609896279171752 0.21610712277044297 -0.0033846087426563295
v 0.021821236279171752 0.20886649977044297 0.00859703495734368
v 0.022670736579171753 0.20967077477044294 0.008714731757343677
v 0.022328436379171753 0.20783667977044296 0.008343834457343671
v 0.023491436579171753 0.20800422877044294 0.008305128657343674
v 0.023702936279171753 0.20913778977044295 0.008534330857343675
v 0.017898738379171754 0.20247938477044297 0.018298748857343672
v 0.018749438179171754 0.20327924977044298 0.018435243557343675
v 0.01840433847917175 0.20145489977044295 0.018021147657343667
v 0.019567536179171754 0.201621673770443 0.01798612995734368
v 0.019780738279171754 0.20274915577044295 0.018242139357343673
v 0.014253884579171754 0.19275369477044296 0.027511294957343668
v 0.015105277279171755 0.19355066877044297 0.027659092057343668
v 0.01475857567917175 0.19173287577044296 0.02721917255734367
v 0.01592187587917175 0.19189905377044297 0.02718638255734368
v 0.01613617687917175 0.19302254177044298 0.027458276557343675
v 0.011863533379171752 0.18003153077044298 0.03530364855734368
v 0.012312032279171756 0.17923655377044295 0.03414024785734367
v 0.012758433779171754 0.18065362377044297 0.03612564135734367
v 0.013484131579171756 0.17936762377044296 0.03424335645734368
v 0.013759933379171752 0.18024330577044295 0.03547031805734367
v 0.015113268079171752 -0.579666771229557 -0.12829338384265632
v 0.015711151079171752 -0.579538591229557 -0.12729049844265633
v 0.01587326827917175 -0.579574622229557 -0.12918556854265634
v 0.016843967179171755 -0.5793677042295571 -0.1275627203426563
v 0.016943268479171755 -0.579389669229557 -0.12873390694265632
v 0.010460052679171751 -0.554578848229557 -0.12887672704265632
v 0.01121601837917175 -0.554495848229557 -0.12976853174265635
v 0.011060718479171755 -0.5544927792295571 -0.12787270174265633
v 0.012187976379171753 -0.554356374229557 -0.12814408164265634
v 0.01228398457917175 -0.554358519229557 -0.12931580464265632
v 0.00865893437917175 -0.529284663229557 -0.12888718024265633
v 0.009418677579171753 -0.5292245222295571 -0.12977898494265633
v 0.00926176087917175 -0.529259033229557 -0.12788322944265634
v 0.010394573179171751 -0.5291830372295571 -0.12815452744265632
v 0.01049189637917175 -0.5291616692295571 -0.12932617594265633
v 0.00950777157917175 -0.503854669229557 -0.12820938604265633
v 0.010273389479171752 -0.503814675229557 -0.12910187614265634
v 0.01011973247917175 -0.503903188229557 -0.12720749154265631
v 0.011267188979171755 -0.5038931142295571 -0.12748070434265632
v 0.011362533979171752 -0.503838487229557 -0.1286515109426563
v 0.010609578379171751 -0.49183134022955705 -0.1274022720426563
v 0.011373676379171756 -0.49178922922955703 -0.12829483674265632
v 0.011213418079171755 -0.49195218822955705 -0.12640526514265632
v 0.012355715079171756 -0.49198485122955704 -0.1266816742426563
v 0.012456495279171753 -0.49188414922955703 -0.12784943354265632
v 0.011353395879171752 -0.47992218322955704 -0.12604798004265633
v 0.01212148737917175 -0.47986663122955703 -0.12693894284265633
v 0.011956207479171754 -0.48010436422955705 -0.12505799164265632
v 0.013097144679171752 -0.48016143622955704 -0.12533707544265632
v 0.013198908379171752 -0.48001433122955706 -0.1264996416426563
v 0.013113386879171754 -0.468101181229557 -0.12496650594265632
v 0.013881575279171755 -0.46803466222955703 -0.12585571034265633
v 0.013711798979171755 -0.468333132229557 -0.12398413944265632
v 0.014850396679171755 -0.468410022229557 -0.12426620354265633
v 0.014954768079171753 -0.468225397229557 -0.1254228837426563
v 0.014765948079171753 -0.45635221122955705 -0.12415068224265632
v 0.01553294437917175 -0.45627713922955704 -0.12503835934265634
v 0.015364248279171752 -0.456622608229557 -0.12317288294265633
v 0.016501046679171752 -0.45671445922955706 -0.12345783784265632
v 0.016605347379171756 -0.45650083522955703 -0.12461164964265632
v 0.016366187479171755 -0.44465879322955704 -0.12253857774265632
v 0.017134077879171754 -0.44457761222955705 -0.12343647704265633
v 0.01696077357917175 -0.444955744229557 -0.12154280024265633
v 0.01809608567917175 -0.44505859122955704 -0.12182997544265632
v 0.01820318777917175 -0.44482482222955705 -0.12299806254265633
v 0.017464335979171755 -0.433003820229557 -0.12221438064265633
v 0.018232736779171754 -0.432919301229557 -0.12311140824265633
v 0.018056556579171754 -0.43331695322955704 -0.12122222404265633
v 0.019190836679171756 -0.43342588122955705 -0.12150932474265633
v 0.019299838679171753 -0.43318022022955704 -0.12267358224265633
v 0.018632128879171754 -0.421430357229557 -0.12168911474265633
v 0.019389625679171754 -0.42141539622955704 -0.12259098514265633
v 0.019247438779171754 -0.42159635622955705 -0.12068859864265633
v 0.020385136779171753 -0.42168424322955705 -0.12097218264265633
v 0.020473135679171754 -0.42157224522955705 -0.12214794384265633
v 0.01644389707917175 -0.393529035229557 -0.12120281534265633
v 0.01719810817917175 -0.39358428822955704 -0.12211148064265633
v 0.017066795379171752 -0.393536366229557 -0.12021450324265633
v 0.01820609717917175 -0.39359618022955706 -0.12048350644265633
v 0.018287196779171754 -0.39362577322955705 -0.12169089544265632
v 0.020786575979171752 -0.365580745229557 -0.11795257034265633
v 0.021541275079171755 -0.36562559722955706 -0.11885283884265632
v 0.021409578579171754 -0.36558685422955706 -0.11695563794265633
v 0.022549275279171752 -0.36563567022955706 -0.11723983284265632
v 0.022630667279171752 -0.36565948322955705 -0.11841231954265632
v 0.022368907879171753 -0.33765593922955706 -0.11739455904265633
v 0.023124095079171753 -0.33768340222955706 -0.11829505484265632
v 0.022991906879171752 -0.337660216229557 -0.11639762294265632
v 0.024132205179171754 -0.337690733229557 -0.11668204884265632
v 0.024213906379171753 -0.337704770229557 -0.11785476284265634
v 0.023171836479171752 -0.30976348322955705 -0.11609574034265632
v 0.023927457679171753 -0.309766538229557 -0.11699638884265633
v 0.023794945379171754 -0.30976531622955705 -0.11509888244265633
v 0.024935636679171754 -0.30976957822955703 -0.11538353564265633
v 0.025017537179171753 -0.30977050222955704 -0.11655617134265633
v 0.022636646379171753 -0.28191252822955704 -0.11594581974265633
v 0.023391937879171754 -0.2818841412295571 -0.11684631924265633
v 0.02325964717917175 -0.28191115722955706 -0.11494888734265632
v 0.024400144779171754 -0.28188201022955706 -0.11523331324265633
v 0.024481836679171753 -0.28186538022955704 -0.11640602724265633
v 0.021461466279171754 -0.254111938229557 -0.11539383604265632
v 0.022215366379171753 -0.254045255229557 -0.11629356814265632
v 0.022084366579171753 -0.254106439229557 -0.11439689994265632
v 0.023223265979171754 -0.25403625522955703 -0.11468048764265633
v 0.023304257579171754 -0.25399855522955705 -0.11585274334265633
v 0.019815916179171753 -0.22635559022955704 -0.11435913664265632
v 0.020567717079171752 -0.22625976022955704 -0.11525772514265634
v 0.02043872697917175 -0.22634962922955704 -0.11336212604265633
v 0.021575527279171752 -0.22625000022955705 -0.11364464464265633
v 0.021655328579171754 -0.22619444922955703 -0.11481613664265633
v 0.018637917979171754 -0.20429641022955702 -0.11332314084265632
v 0.01938950647917175 -0.20419845022955704 -0.11422172934265633
v 0.019261214879171755 -0.20429687222955703 -0.11232643574265633
v 0.020398206979171753 -0.20419936622955703 -0.11260902884265633
v 0.020477507279171754 -0.20413848022955705 -0.11378029364265632
v 0.017179008579171755 -0.18220092352955702 -0.11228661234265633
v 0.017931405479171755 -0.18211410192955704 -0.11318573724265632
v 0.017802916479171753 -0.18221053482955704 -0.11129036544265633
v 0.018941007579171755 -0.18212997172955703 -0.11157372964265633
v 0.019020408379171752 -0.18207030742955704 -0.11274513974265632
v 0.016019009079171753 -0.16008727252955704 -0.11125023294265632
v 0.016771905079171756 -0.16000976412955703 -0.11214974154265633
v 0.016643308079171755 -0.16010452062955705 -0.11025429144265633
v 0.01778210697917175 -0.16003768142955704 -0.11053833734265633
v 0.01786160837917175 -0.15997909752955702 -0.11170967664265632
v 0.01509800557917175 -0.13795998322955705 -0.11021400984265634
v 0.01585120707917175 -0.13788948582955704 -0.11111382024265633
v 0.015722706879171752 -0.13798309862955704 -0.10921837394265632
v 0.016861908179171756 -0.13792702182955704 -0.10950287434265632
v 0.016941405879171756 -0.13786919042955703 -0.11067429184265633
v 0.014356404579171755 -0.11582291312955703 -0.10917793964265632
v 0.015109807279171751 -0.11575760502955704 -0.11007790264265632
v 0.014981206479171755 -0.11585022512955703 -0.10818237814265633
v 0.016120705779171754 -0.11580177952955703 -0.10846733674265632
v 0.016200207179171755 -0.11574448272955704 -0.10963882874265632
v 0.01419200747917175 -0.09368527084055704 -0.10814186554265633
v 0.014945495879171752 -0.09362310083855704 -0.10904213414265632
v 0.014816805679171756 -0.09371517808155704 -0.10714653504265632
v 0.015956494979171752 -0.09367138534455703 -0.10743156824265632
v 0.016035996379171753 -0.09361439378655703 -0.10860313844265632
v 0.014090456079171754 -0.07182189632955704 -0.10711220284265632
v 0.014703355779171756 -0.07139160852955703 -0.10609520594265633
v 0.014851458379171754 -0.07204589622955704 -0.10802559554265632
v 0.01584315667917175 -0.07134971762955704 -0.10638008634265633
v 0.015934653579171752 -0.07175399552955704 -0.10757309574265633
v 0.06686970777917176 -0.8568336142295571 -0.01611528544265633
v 0.07823013327917175 -0.854718305229557 -0.010088291042656329
v 0.07777633707917175 -0.855413891229557 -0.00925242904265633
v 0.06648631577917175 -0.857521035229557 -0.015242077442656328
v 0.06737774427917176 -0.857521035229557 -0.01692236584265633
v 0.07807947697917175 -0.856522359229557 -0.009502839342656326
v 0.06675740327917175 -0.8586331982295571 -0.01550948994265633
v 0.07881372417917175 -0.8553968442295571 -0.010855287342656325
v 0.06730834577917175 -0.8586331982295571 -0.016547970442656323
v 0.07872061247917175 -0.856511809229557 -0.010493457342656325
v 0.08607237417917175 -0.853469588229557 -0.0027736984426563263
v 0.08643719177917175 -0.854569532229557 -0.0029758848426563247
v 0.08725314587917175 -0.854534723229557 -0.0038299895426563285
v 0.08739261327917175 -0.853413380229557 -0.004155669342656328
v 0.08666286987917175 -0.852755107229557 -0.0035028494426563236
v 0.09236603597917176 -0.853337385229557 0.004033435157343675
v 0.09333798287917175 -0.853275515229557 0.0033637285573436745
v 0.09351955357917174 -0.8521468412295571 0.0030877217573436755
v 0.09194692227917176 -0.852246918229557 0.004171319257343674
v 0.09265983477917175 -0.851511158229557 0.003586843657343672
v 0.09744648637917175 -0.852588691229557 0.011012870857343676
v 0.09765753517917175 -0.851453222229557 0.010791551357343679
v 0.09670943017917175 -0.8508379232295571 0.011126022757343673
v 0.09591242667917176 -0.851593174229557 0.011554051157343675
v 0.09636795897917175 -0.852675177229557 0.011484120057343672
v 0.10029159487917175 -0.8511137142295571 0.01886269825734367
v 0.09929879757917176 -0.850512959229557 0.01906005665734367
v 0.09845854717917175 -0.851282276229557 0.019355792557343668
v 0.09893204647917175 -0.852358438229557 0.019341196857343673
v 0.10006492207917175 -0.8522542492295571 0.01903645325734367
v 0.10005738217917176 -0.850961007229557 0.02754348145734367
v 0.10091441867917175 -0.8501836432295571 0.027333404857343674
v 0.10053719207917175 -0.852034069229557 0.02756174285734367
v 0.10169077667917176 -0.851919926229557 0.027362946457343676
v 0.10192391277917176 -0.850776352229557 0.027221832457343678
v 0.10118169707917175 -0.8507730142295571 0.03606749695734367
v 0.10204265267917176 -0.849993206229557 0.03588709605734368
v 0.10166287047917175 -0.851845242229557 0.03609594325734368
v 0.10305591297917174 -0.850583412229557 0.03580404445734367
v 0.10282118617917176 -0.8517280592295571 0.03593311085734367
f 3/3/3 2/2/2 1/1/1
f 2/2/2 4/4/4 1/1/1
f 4/4/4 2/2/2 5/5/5
f 4/4/4 5/5/5 6/6/6
f 5/5/5 7/7/7 6/6/6
f 5/5/5 8/8/8 7/7/7
f 4/4/4 6/6/6 9/9/9
f 10/10/10 4/4/4 9/9/9
f 8/8/8 11/11/11 7/7/7
f 8/8/8 12/12/12 11/11/11
f 12/12/12 10/10/10 13/13/13
f 10/10/10 9/9/9 13/13/13
f 12/12/12 13/13/13 11/11/11
f 6/6/6 7/7/7 14/14/14
f 9/9/9 6/6/6 15/15/15
f 6/6/6 14/14/14 15/15/15
f 7/7/7 11/11/11 16/16/16
f 7/7/7 16/16/16 14/14/14
f 13/13/13 9/9/9 17/17/17
f 9/9/9 15/15/15 17/17/17
f 11/11/11 13/13/13 18/18/18
f 11/11/11 18/18/18 16/16/16
f 13/13/13 17/17/17 18/18/18
f 14/14/14 16/16/16 19/19/19
f 15/15/15 14/14/14 20/20/20
f 14/14/14 19/19/19 20/20/20
f 16/16/16 18/18/18 21/21/21
f 16/16/16 21/21/21 19/19/19
f 17/17/17 15/15/15 22/22/22
f 15/15/15 20/20/20 22/22/22
f 18/18/18 17/17/17 23/23/23
f 18/18/18 23/23/23 21/21/21
f 17/17/17 22/22/22 23/23/23
f 19/19/19 21/21/21 24/24/24
f 20/20/20 19/19/19 25/25/25
f 19/19/19 24/24/24 25/25/25
f 21/21/21 23/23/23 26/26/26
f 21/21/21 26/26/26 24/24/24
f 22/22/22 20/20/20 27/27/27
f 20/20/20 25/25/25 27/27/27
f 23/23/23 22/22/22 28/28/28
f 23/23/23 28/28/28 26/26/26
f 22/22/22 27/27/27 28/28/28
f 24/24/24 26/26/26 29/29/29
f 25/25/25 24/24/24 30/30/30
f 24/24/24 29/29/29 30/30/30
f 26/26/26 28/28/28 31/31/31
f 26/26/26 31/31/31 29/29/29
f 27/27/27 25/25/25 32/32/32
f 25/25/25 30/30/30 32/32/32
f 28/28/28 27/27/27 33/33/33
f 28/28/28 33/33/33 31/31/31
f 27/27/27 32/32/32 33/33/33
f 29/29/29 31/31/31 34/34/34
f 30/30/30 29/29/29 35/35/35
f 29/29/29 34/34/34 35/35/35
f 31/31/31 33/33/33 36/36/36
f 31/31/31 36/36/36 34/34/34
f 32/32/32 30/30/30 37/37/37
f 30/30/30 35/35/35 37/37/37
f 33/33/33 32/32/32 38/38/38
f 33/33/33 38/38/38 36/36/36
f 32/32/32 37/37/37 38/38/38
f 34/34/34 36/36/36 39/39/39
f 35/35/35 34/34/34 40/40/40
f 34/34/34 39/39/39 40/40/40
f 36/36/36 38/38/38 41/41/41
f 36/36/36 41/41/41 39/39/39
f 37/37/37 35/35/35 42/42/42
f 35/35/35 40/40/40 42/42/42
f 38/38/38 37/37/37 43/43/43
f 38/38/38 43/43/43 41/41/41
f 37/37/37 42/42/42 43/43/43
f 39/39/39 41/41/41 44/44/44
f 40/40/40 39/39/39 45/45/45
f 39/39/39 44/44/44 45/45/45
f 41/41/41 43/43/43 46/46/46
f 41/41/41 46/46/46 44/44/44
f 42/42/42 40/40/40 47/47/47
f 40/40/40 45/45/45 47/47/47
f 43/43/43 42/42/42 48/48/48
f 43/43/43 48/48/48 46/46/46
f 42/42/42 47/47/47 48/48/48
f 44/44/44 46/46/46 49/49/49
f 45/45/45 44/44/44 50/50/50
f 44/44/44 49/49/49 50/50/50
f 46/46/46 48/48/48 51/51/51
f 46/46/46 51/51/51 49/49/49
f 47/47/47 45/45/45 52/52/52
f 45/45/45 50/50/50 52/52/52
f 48/48/48 47/47/47 53/53/53
f 48/48/48 53/53/53 51/51/51
f 47/47/47 52/52/52 53/53/53
f 49/49/49 51/51/51 54/54/54
f 50/50/50 49/49/49 55/55/55
f 49/49/49 54/54/54 55/55/55
f 51/51/51 53/53/53 56/56/56
f 51/51/51 56/56/56 54/54/54
f 52/52/52 50/50/50 57/57/57
f 50/50/50 55/55/55 57/57/57
f 53/53/53 52/52/52 58/58/58
f 53/53/53 58/58/58 56/56/56
f 52/52/52 57/57/57 58/58/58
f 54/54/54 56/56/56 59/59/59
f 55/55/55 54/54/54 60/60/60
f 54/54/54 59/59/59 60/60/60
f 56/56/56 58/58/58 61/61/61
f 56/56/56 61/61/61 59/59/59
f 57/57/57 55/55/55 62/62/62
f 55/55/55 60/60/60 62/62/62
f 58/58/58 57/57/57 63/63/63
f 58/58/58 63/63/63 61/61/61
f 57/57/57 62/62/62 63/63/63
f 59/59/59 61/61/61 64/64/64
f 60/60/60 59/59/59 65/65/65
f 59/59/59 64/64/64 65/65/65
f 61/61/61 63/63/63 66/66/66
f 61/61/61 66/66/66 64/64/64
f 62/62/62 60/60/60 67/67/67
f 60/60/60 65/65/65 67/67/67
f 63/63/63 62/62/62 68/68/68
f 63/63/63 68/68/68 66/66/66
f 62/62/62 67/67/67 68/68/68
f 64/64/64 66/66/66 69/69/69
f 65/65/65 64/64/64 70/70/70
f 64/64/64 69/69/69 70/70/70
f 66/66/66 68/68/68 71/71/71
f 66/66/66 71/71/71 69/69/69
f 67/67/67 65/65/65 72/72/72
f 65/65/65 70/70/70 72/72/72
f 68/68/68 67/67/67 73/73/73
f 68/68/68 73/73/73 71/71/71
f 67/67/67 72/72/72 73/73/73
f 69/69/69 71/71/71 74/74/74
f 70/70/70 69/69/69 75/75/75
f 69/69/69 74/74/74 75/75/75
f 71/71/71 73/73/73 76/76/76
f 71/71/71 76/76/76 74/74/74
f 72/72/72 70/70/70 77/77/77
f 70/70/70 75/75/75 77/77/77
f 73/73/73 72/72/72 78/78/78
f 73/73/73 78/78/78 76/76/76
f 72/72/72 77/77/77 78/78/78
f 74/74/74 76/76/76 79/79/79
f 75/75/75 74/74/74 80/80/80
f 74/74/74 79/79/79 80/80/80
f 76/76/76 78/78/78 81/81/81
f 76/76/76 81/81/81 79/79/79
f 77/77/77 75/75/75 82/82/82
f 75/75/75 80/80/80 82/82/82
f 78/78/78 77/77/77 83/83/83
f 78/78/78 83/83/83 81/81/81
f 77/77/77 82/82/82 83/83/83
f 79/79/79 81/81/81 84/84/84
f 80/80/80 79/79/79 85/85/85
f 79/79/79 84/84/84 85/85/85
f 81/81/81 83/83/83 86/86/86
f 81/81/81 86/86/86 84/84/84
f 82/82/82 80/80/80 87/87/87
f 80/80/80 85/85/85 87/87/87
f 83/83/83 82/82/82 88/88/88
f 83/83/83 88/88/88 86/86/86
f 82/82/82 87/87/87 88/88/88
f 84/84/84 86/86/86 89/89/89
f 85/85/85 84/84/84 90/90/90
f 84/84/84 89/89/89 90/90/90
f 86/86/86 88/88/88 91/91/91
f 86/86/86 91/91/91 89/89/89
f 87/87/87 85/85/85 92/92/92
f 85/85/85 90/90/90 92/92/92
f 88/88/88 87/87/87 93/93/93
f 88/88/88 93/93/93 91/91/91
f 87/87/87 92/92/92 93/93/93
f 89/89/89 91/91/91 94/94/94
f 90/90/90 89/89/89 95/95/95
f 89/89/89 94/94/94 95/95/95
f 91/91/91 93/93/93 96/96/96
f 91/91/91 96/96/96 94/94/94
f 92/92/92 90/90/90 97/97/97
f 90/90/90 95/95/95 97/97/97
f 93/93/93 92/92/92 98/98/98
f 93/93/93 98/98/98 96/96/96
f 92/92/92 97/97/97 98/98/98
f 94/94/94 96/96/96 99/99/99
f 95/95/95 94/94/94 100/100/100
f 94/94/94 99/99/99 100/100/100
f 96/96/96 98/98/98 101/101/101
f 96/96/96 101/101/101 99/99/99
f 97/97/97 95/95/95 102/102/102
f 95/95/95 100/100/100 102/102/102
f 98/98/98 97/97/97 103/103/103
f 98/98/98 103/103/103 101/101/101
f 97/97/97 102/102/102 103/103/103
f 99/99/99 101/101/101 104/104/104
f 100/100/100 99/99/99 105/105/105
f 99/99/99 104/104/104 105/105/105
f 101/101/101 103/103/103 106/106/106
f 101/101/101 106/106/106 104/104/104
f 102/102/102 100/100/100 107/107/107
f 100/100/100 105/105/105 107/107/107
f 103/103/103 102/102/102 108/108/108
f 103/103/103 108/108/108 106/106/106
f 102/102/102 107/107/107 108/108/108
f 104/104/104 106/106/106 109/109/109
f 106/106/106 110/110/110 109/109/109
f 106/106/106 108/108/108 110/110/110
f 104/104/104 109/109/109 111/111/111
f 105/105/105 104/104/104 111/111/111
f 108/108/108 112/112/112 110/110/110
f 108/108/108 107/107/107 112/112/112
f 105/105/105 111/111/111 113/113/113
f 107/107/107 113/113/113 112/112/112
f 107/107/107 105/105/105 113/113/113
f 116/116/116 115/115/115 114/114/114
f 117/117/117 115/115/115 116/116/116
f 118/118/118 115/115/115 117/117/117
f 119/119/119 118/118/118 117/117/117
f 120/120/120 119/119/119 117/117/117
f 120/120/120 117/117/117 121/121/121
f 119/119/119 122/122/122 118/118/118
f 122/122/122 123/123/123 118/118/118
f 124/124/124 120/120/120 121/121/121
f 124/124/124 121/121/121 125/125/125
f 126/126/126 125/125/125 123/123/123
f 122/122/122 126/126/126 123/123/123
f 126/126/126 124/124/124 125/125/125
f 127/127/127 122/122/122 119/119/119
f 128/128/128 119/119/119 120/120/120
f 128/128/128 127/127/127 119/119/119
f 129/129/129 120/120/120 124/124/124
f 129/129/129 128/128/128 120/120/120
f 130/130/130 124/124/124 126/126/126
f 130/130/130 129/129/129 124/124/124
f 131/131/131 126/126/126 122/122/122
f 127/127/127 131/131/131 122/122/122
f 131/131/131 130/130/130 126/126/126
f 132/132/132 127/127/127 128/128/128
f 133/133/133 128/128/128 129/129/129
f 133/133/133 132/132/132 128/128/128
f 134/134/134 129/129/129 130/130/130
f 134/134/134 133/133/133 129/129/129
f 135/135/135 130/130/130 131/131/131
f 135/135/135 134/134/134 130/130/130
f 136/136/136 131/131/131 127/127/127
f 132/132/132 136/136/136 127/127/127
f 136/136/136 135/135/135 131/131/131
f 137/137/137 132/132/132 133/133/133
f 138/138/138 133/133/133 134/134/134
f 138/138/138 137/137/137 133/133/133
f 139/139/139 134/134/134 135/135/135
f 139/139/139 138/138/138 134/134/134
f 140/140/140 135/135/135 136/136/136
f 140/140/140 139/139/139 135/135/135
f 141/141/141 136/136/136 132/132/132
f 137/137/137 141/141/141 132/132/132
f 141/141/141 140/140/140 136/136/136
f 142/142/142 137/137/137 138/138/138
f 143/143/143 138/138/138 139/139/139
f 143/143/143 142/142/142 138/138/138
f 144/144/144 139/139/139 140/140/140
f 144/144/144 143/143/143 139/139/139
f 145/145/145 140/140/140 141/141/141
f 145/145/145 144/144/144 140/140/140
f 146/146/146 141/141/141 137/137/137
f 142/142/142 146/146/146 137/137/137
f 146/146/146 145/145/145 141/141/141
f 147/147/147 142/142/142 143/143/143
f 148/148/148 143/143/143 144/144/144
f 148/148/148 147/147/147 143/143/143
f 149/149/149 144/144/144 145/145/145
f 149/149/149 148/148/148 144/144/144
f 150/150/150 145/145/145 146/146/146
f 150/150/150 149/149/149 145/145/145
f 151/151/151 146/146/146 142/142/142
f 147/147/147 151/151/151 142/142/142
f 151/151/151 150/150/150 146/146/146
f 152/152/152 147/147/147 148/148/148
f 153/153/153 148/148/148 149/149/149
f 153/153/153 152/152/152 148/148/148
f 154/154/154 149/149/149 150/150/150
f 154/154/154 153/153/153 149/149/149
f 155/155/155 150/150/150 151/151/151
f 155/155/155 154/154/154 150/150/150
f 156/156/156 151/151/151 147/147/147
f 152/152/152 156/156/156 147/147/147
f 156/156/156 155/155/155 151/151/151
f 157/157/157 152/152/152 153/153/153
f 158/158/158 153/153/153 154/154/154
f 158/158/158 157/157/157 153/153/153
f 159/159/159 154/154/154 155/155/155
f 159/159/159 158/158/158 154/154/154
f 160/160/160 155/155/155 156/156/156
f 160/160/160 159/159/159 155/155/155
f 161/161/161 156/156/156 152/152/152
f 157/157/157 161/161/161 152/152/152
f 161/161/161 160/160/160 156/156/156
f 162/162/162 157/157/157 158/158/158
f 163/163/163 158/158/158 159/159/159
f 163/163/163 162/162/162 158/158/158
f 164/164/164 159/159/159 160/160/160
f 164/164/164 163/163/163 159/159/159
f 165/165/165 160/160/160 161/161/161
f 165/165/165 164/164/164 160/160/160
f 166/166/166 161/161/161 157/157/157
f 162/162/162 166/166/166 157/157/157
f 166/166/166 165/165/165 161/161/161
f 167/167/167 162/162/162 163/163/163
f 168/168/168 163/163/163 164/164/164
f 168/168/168 167/167/167 163/163/163
f 169/169/169 164/164/164 165/165/165
f 169/169/169 168/168/168 164/164/164
f 170/170/170 165/165/165 166/166/166
f 170/170/170 169/169/169 165/165/165
f 171/171/171 166/166/166 162/162/162
f 167/167/167 171/171/171 162/162/162
f 171/171/171 170/170/170 166/166/166
f 172/172/172 167/167/167 168/168/168
f 173/173/173 168/168/168 169/169/169
f 173/173/173 172/172/172 168/168/168
f 174/174/174 169/169/169 170/170/170
f 174/174/174 173/173/173 169/169/169
f 175/175/175 170/170/170 171/171/171
f 175/175/175 174/174/174 170/170/170
f 176/176/176 171/171/171 167/167/167
f 172/172/172 176/176/176 167/167/167
f 176/176/176 175/175/175 171/171/171
f 177/177/177 172/172/172 173/173/173
f 178/178/178 173/173/173 174/174/174
f 178/178/178 177/177/177 173/173/173
f 179/179/179 174/174/174 175/175/175
f 179/179/179 178/178/178 174/174/174
f 180/180/180 175/175/175 176/176/176
f 180/180/180 179/179/179 175/175/175
f 181/181/181 176/176/176 172/172/172
f 177/177/177 181/181/181 172/172/172
f 181/181/181 180/180/180 176/176/176
f 182/182/182 177/177/177 178/178/178
f 183/183/183 178/178/178 179/179/179
f 183/183/183 182/182/182 178/178/178
f 184/184/184 179/179/179 180/180/180
f 184/184/184 183/183/183 179/179/179
f 185/185/185 180/180/180 181/181/181
f 185/185/185 184/184/184 180/180/180
f 186/186/186 181/181/181 177/177/177
f 182/182/182 186/186/186 177/177/177
f 186/186/186 185/185/185 181/181/181
f 187/187/187 182/182/182 183/183/183
f 188/188/188 183/183/183 184/184/184
f 188/188/188 187/187/187 183/183/183
f 189/189/189 184/184/184 185/185/185
f 189/189/189 188/188/188 184/184/184
f 190/190/190 185/185/185 186/186/186
f 190/190/190 189/189/189 185/185/185
f 191/191/191 186/186/186 182/182/182
f 187/187/187 191/191/191 182/182/182
f 191/191/191 190/190/190 186/186/186
f 192/192/192 187/187/187 188/188/188
f 193/193/193 188/188/188 189/189/189
f 193/193/193 192/192/192 188/188/188
f 194/194/194 189/189/189 190/190/190
f 194/194/194 193/193/193 189/189/189
f 195/195/195 190/190/190 191/191/191
f 195/195/195 194/194/194 190/190/190
f 196/196/196 191/191/191 187/187/187
f 192/192/192 196/196/196 187/187/187
f 196/196/196 195/195/195 191/191/191
f 197/197/197 192/192/192 193/193/193
f 198/198/198 193/193/193 194/194/194
f 198/198/198 197/197/197 193/193/193
f 199/199/199 194/194/194 195/195/195
f 199/199/199 198/198/198 194/194/194
f 200/200/200 195/195/195 196/196/196
f 200/200/200 199/199/199 195/195/195
f 201/201/201 196/196/196 192/192/192
f 197/197/197 201/201/201 192/192/192
f 201/201/201 200/200/200 196/196/196
f 202/202/202 197/197/197 198/198/198
f 203/203/203 198/198/198 199/199/199
f 203/203/203 202/202/202 198/198/198
f 204/204/204 199/199/199 200/200/200
f 204/204/204 203/203/203 199/199/199
f 205/205/205 200/200/200 201/201/201
f 205/205/205 204/204/204 200/200/200
f 206/206/206 201/201/201 197/197/197
f 202/202/202 206/206/206 197/197/197
f 206/206/206 205/205/205 201/201/201
f 207/207/207 202/202/202 203/203/203
f 208/208/208 203/203/203 204/204/204
f 208/208/208 207/207/207 203/203/203
f 209/209/209 204/204/204 205/205/205
f 209/209/209 208/208/208 204/204/204
f 210/210/210 205/205/205 206/206/206
f 210/210/210 209/209/209 205/205/205
f 211/211/211 206/206/206 202/202/202
f 207/207/207 211/211/211 202/202/202
f 211/211/211 210/210/210 206/206/206
f 212/212/212 207/207/207 208/208/208
f 213/213/213 208/208/208 209/209/209
f 213/213/213 212/212/212 208/208/208
f 214/214/214 209/209/209 210/210/210
f 214/214/214 213/213/213 209/209/209
f 215/215/215 210/210/210 211/211/211
f 215/215/215 214/214/214 210/210/210
f 216/216/216 211/211/211 207/207/207
f 212/212/212 216/216/216 207/207/207
f 216/216/216 215/215/215 211/211/211
f 217/217/217 212/212/212 213/213/213
f 218/218/218 213/213/213 214/214/214
f 218/218/218 217/217/217 213/213/213
f 219/219/219 214/214/214 215/215/215
f 219/219/219 218/218/218 214/214/214
f 220/220/220 215/215/215 216/216/216
f 220/220/220 219/219/219 215/215/215
f 221/221/221 216/216/216 212/212/212
f 217/217/217 221/221/221 212/212/212
f 221/221/221 220/220/220 216/216/216
f 222/222/222 217/217/217 218/218/218
f 223/223/223 222/222/222 218/218/218
f 223/223/223 218/218/218 219/219/219
f 222/222/222 224/224/224 217/217/217
f 224/224/224 221/221/221 217/217/217
f 225/225/225 223/223/223 219/219/219
f 225/225/225 219/219/219 220/220/220
f 224/224/224 226/226/226 221/221/221
f 226/226/226 225/225/225 220/220/220
f 226/226/226 220/220/220 221/221/221
f 229/229/229 228/228/228 227/227/227
f 228/228/228 230/230/230 227/227/227
f 228/228/228 231/231/231 230/230/230
f 231/231/231 232/232/232 230/230/230
f 227/227/227 230/230/230 233/233/233
f 230/230/230 234/234/234 233/233/233
f 230/230/230 235/235/235 234/234/234
f 235/235/235 236/236/236 234/234/234
f 233/233/233 234/234/234 237/237/237
f 234/234/234 236/236/236 238/238/238
f 234/234/234 238/238/238 237/237/237
f 233/233/233 237/237/237 239/239/239
f 240/240/240 233/233/233 239/239/239
f 241/241/241 233/233/233 240/240/240
f 242/242/242 241/241/241 240/240/240
f 243/243/243 241/241/241 242/242/242
f 244/244/244 243/243/243 242/242/242
f 244/244/244 242/242/242 245/245/245
f 246/246/246 244/244/244 245/245/245
f 242/242/242 240/240/240 247/247/247
f 245/245/245 242/242/242 247/247/247
f 245/245/245 247/247/247 236/236/236
f 246/246/246 245/245/245 248/248/248
f 248/248/248 245/245/245 236/236/236
f 249/249/249 246/246/246 248/248/248
f 247/247/247 240/240/240 250/250/250
f 240/240/240 239/239/239 250/250/250
f 236/236/236 247/247/247 251/251/251
f 247/247/247 250/250/250 251/251/251
f 236/236/236 251/251/251 238/238/238
f 250/250/250 239/239/239 252/252/252
f 251/251/251 250/250/250 253/253/253
f 250/250/250 252/252/252 253/253/253
f 238/238/238 251/251/251 254/254/254
f 251/251/251 253/253/253 254/254/254
f 239/239/239 255/255/255 252/252/252
f 239/239/239 237/237/237 255/255/255
f 237/237/237 238/238/238 256/256/256
f 238/238/238 254/254/254 256/256/256
f 237/237/237 256/256/256 255/255/255
f 253/253/253 252/252/252 257/257/257
f 254/254/254 253/253/253 258/258/258
f 253/253/253 257/257/257 258/258/258
f 252/252/252 255/255/255 259/259/259
f 252/252/252 259/259/259 257/257/257
f 256/256/256 254/254/254 260/260/260
f 254/254/254 258/258/258 260/260/260
f 255/255/255 256/256/256 261/261/261
f 255/255/255 261/261/261 259/259/259
f 256/256/256 260/260/260 261/261/261
f 257/257/257 259/259/259 262/262/262
f 258/258/258 257/257/257 263/263/263
f 257/257/257 262/262/262 263/263/263
f 259/259/259 261/261/261 264/264/264
f 259/259/259 264/264/264 262/262/262
f 260/260/260 258/258/258 265/265/265
f 258/258/258 263/263/263 265/265/265
f 261/261/261 260/260/260 266/266/266
f 261/261/261 266/266/266 264/264/264
f 260/260/260 265/265/265 266/266/266
f 262/262/262 264/264/264 267/267/267
f 263/263/263 262/262/262 268/268/268
f 262/262/262 267/267/267 268/268/268
f 264/264/264 266/266/266 269/269/269
f 264/264/264 269/269/269 267/267/267
f 265/265/265 263/263/263 270/270/270
f 263/263/263 268/268/268 270/270/270
f 266/266/266 265/265/265 271/271/271
f 266/266/266 271/271/271 269/269/269
f 265/265/265 270/270/270 271/271/271
f 267/267/267 269/269/269 272/272/272
f 269/269/269 273/273/273 272/272/272
f 269/269/269 271/271/271 273/273/273
f 267/267/267 272/272/272 274/274/274
f 268/268/268 267/267/267 274/274/274
f 271/271/271 275/275/275 273/273/273
f 271/271/271 270/270/270 275/275/275
f 268/268/268 274/274/274 276/276/276
f 270/270/270 276/276/276 275/275/275
f 270/270/270 268/268/268 276/276/276
f 279/279/279 278/278/278 277/277/277
f 280/280/280 279/279/279 277/277/277
f 280/280/280 277/277/277 281/281/281
f 281/281/281 277/277/277 282/282/282
f 283/283/283 281/281/281 282/282/282
f 283/283/283 282/282/282 284/284/284
f 282/282/282 285/285/285 284/284/284
f 284/284/284 285/285/285 286/286/286
f 285/285/285 287/287/287 286/286/286
f 285/285/285 288/288/288 287/287/287
f 289/289/289 280/280/280 281/281/281
f 289/289/289 281/281/281 290/290/290
f 290/290/290 281/281/281 291/291/291
f 292/292/292 279/279/279 280/280/280
f 293/293/293 280/280/280 289/289/289
f 293/293/293 292/292/292 280/280/280
f 294/294/294 290/290/290 291/291/291
f 294/294/294 291/291/291 295/295/295
f 291/291/291 296/296/296 295/295/295
f 296/296/296 286/286/286 297/297/297
f 295/295/295 296/296/296 297/297/297
f 298/298/298 289/289/289 290/290/290
f 299/299/299 293/293/293 289/289/289
f 299/299/299 289/289/289 298/298/298
f 300/300/300 290/290/290 294/294/294
f 298/298/298 290/290/290 300/300/300
f 294/294/294 295/295/295 301/301/301
f 295/295/295 297/297/297 302/302/302
f 301/301/301 295/295/295 302/302/302
f 303/303/303 300/300/300 294/294/294
f 303/303/303 294/294/294 301/301/301
f 297/297/297 286/286/286 304/304/304
f 302/302/302 297/297/297 305/305/305
f 297/297/297 304/304/304 305/305/305
f 286/286/286 306/306/306 304/304/304
f 286/286/286 287/287/287 306/306/306
f 307/307/307 298/298/298 300/300/300
f 308/308/308 299/299/299 298/298/298
f 308/308/308 298/298/298 307/307/307
f 309/309/309 300/300/300 303/303/303
f 307/307/307 300/300/300 309/309/309
f 279/279/279 307/307/307 309/309/309
f 310/310/310 307/307/307 279/279/279
f 310/310/310 308/308/308 307/307/307
f 292/292/292 310/310/310 279/279/279
f 311/311/311 309/309/309 303/303/303
f 312/312/312 309/309/309 311/311/311
f 313/313/313 312/312/312 311/311/311
f 313/313/313 311/311/311 314/314/314
f 311/311/311 288/288/288 314/314/314
f 311/311/311 303/303/303 288/288/288
f 303/303/303 301/301/301 288/288/288
f 288/288/288 301/301/301 315/315/315
f 301/301/301 302/302/302 315/315/315
f 288/288/288 315/315/315 287/287/287
f 315/315/315 302/302/302 316/316/316
f 302/302/302 305/305/305 316/316/316
f 287/287/287 315/315/315 317/317/317
f 315/315/315 316/316/316 317/317/317
f 287/287/287 317/317/317 306/306/306
f 316/316/316 305/305/305 318/318/318
f 317/317/317 316/316/316 319/319/319
f 316/316/316 318/318/318 319/319/319
f 306/306/306 317/317/317 320/320/320
f 317/317/317 319/319/319 320/320/320
f 305/305/305 321/321/321 318/318/318
f 305/305/305 304/304/304 321/321/321
f 304/304/304 306/306/306 322/322/322
f 306/306/306 320/320/320 322/322/322
f 304/304/304 322/322/322 321/321/321
f 320/320/320 319/319/319 323/323/323
f 319/319/319 318/318/318 324/324/324
f 319/319/319 324/324/324 323/323/323
f 318/318/318 321/321/321 325/325/325
f 318/318/318 325/325/325 324/324/324
f 322/322/322 320/320/320 326/326/326
f 320/320/320 323/323/323 326/326/326
f 321/321/321 322/322/322 327/327/327
f 321/321/321 327/327/327 325/325/325
f 322/322/322 326/326/326 327/327/327
f 323/323/323 324/324/324 328/328/328
f 324/324/324 325/325/325 329/329/329
f 324/324/324 329/329/329 328/328/328
f 325/325/325 327/327/327 330/330/330
f 325/325/325 330/330/330 329/329/329
f 326/326/326 323/323/323 331/331/331
f 323/323/323 328/328/328 331/331/331
f 327/327/327 326/326/326 332/332/332
f 327/327/327 332/332/332 330/330/330
f 326/326/326 331/331/331 332/332/332
f 328/328/328 329/329/329 333/333/333
f 329/329/329 330/330/330 334/334/334
f 329/329/329 334/334/334 333/333/333
f 330/330/330 332/332/332 335/335/335
f 330/330/330 335/335/335 334/334/334
f 331/331/331 328/328/328 336/336/336
f 328/328/328 333/333/333 336/336/336
f 332/332/332 331/331/331 337/337/337
f 332/332/332 337/337/337 335/335/335
f 331/331/331 336/336/336 337/337/337
f 333/333/333 334/334/334 338/338/338
f 334/334/334 335/335/335 339/339/339
f 334/334/334 339/339/339 338/338/338
f 335/335/335 337/337/337 340/340/340
f 335/335/335 340/340/340 339/339/339
f 336/336/336 333/333/333 341/341/341
f 333/333/333 338/338/338 341/341/341
f 337/337/337 336/336/336 342/342/342
f 337/337/337 342/342/342 340/340/340
f 336/336/336 341/341/341 342/342/342
f 338/338/338 339/339/339 343/343/343
f 339/339/339 340/340/340 344/344/344
f 339/339/339 344/344/344 343/343/343
f 340/340/340 342/342/342 345/345/345
f 340/340/340 345/345/345 344/344/344
f 341/341/341 338/338/338 346/346/346
f 338/338/338 343/343/343 346/346/346
f 342/342/342 341/341/341 347/347/347
f 342/342/342 347/347/347 345/345/345
f 341/341/341 346/346/346 347/347/347
f 343/343/343 344/344/344 348/348/348
f 344/344/344 345/345/345 349/349/349
f 344/344/344 349/349/349 348/348/348
f 345/345/345 347/347/347 350/350/350
f 345/345/345 350/350/350 349/349/349
f 346/346/346 343/343/343 351/351/351
f 343/343/343 348/348/348 351/351/351
f 347/347/347 346/346/346 352/352/352
f 347/347/347 352/352/352 350/350/350
f 346/346/346 351/351/351 352/352/352
f 348/348/348 349/349/349 353/353/353
f 349/349/349 350/350/350 354/354/354
f 349/349/349 354/354/354 353/353/353
f 350/350/350 352/352/352 355/355/355
f 350/350/350 355/355/355 354/354/354
f 351/351/351 348/348/348 356/356/356
f 348/348/348 353/353/353 356/356/356
f 352/352/352 351/351/351 357/357/357
f 352/352/352 357/357/357 355/355/355
f 351/351/351 356/356/356 357/357/357
f 353/353/353 354/354/354 358/358/358
f 354/354/354 355/355/355 359/359/359
f 354/354/354 359/359/359 358/358/358
f 355/355/355 357/357/357 360/360/360
f 355/355/355 360/360/360 359/359/359
f 356/356/356 353/353/353 361/361/361
f 353/353/353 358/358/358 361/361/361
f 357/357/357 356/356/356 362/362/362
f 357/357/357 362/362/362 360/360/360
f 356/356/356 361/361/361 362/362/362
f 358/358/358 359/359/359 363/363/363
f 359/359/359 360/360/360 364/364/364
f 359/359/359 364/364/364 363/363/363
f 360/360/360 362/362/362 365/365/365
f 360/360/360 365/365/365 364/364/364
f 361/361/361 358/358/358 366/366/366
f 358/358/358 363/363/363 366/366/366
f 362/362/362 361/361/361 367/367/367
f 362/362/362 367/367/367 365/365/365
f 361/361/361 366/366/366 367/367/367
f 363/363/363 364/364/364 368/368/368
f 364/364/364 365/365/365 369/369/369
f 364/364/364 369/369/369 368/368/368
f 365/365/365 367/367/367 370/370/370
f 365/365/365 370/370/370 369/369/369
f 366/366/366 363/363/363 371/371/371
f 363/363/363 368/368/368 371/371/371
f 367/367/367 366/366/366 372/372/372
f 367/367/367 372/372/372 370/370/370
f 366/366/366 371/371/371 372/372/372
f 368/368/368 369/369/369 373/373/373
f 369/369/369 370/370/370 374/374/374
f 369/369/369 374/374/374 373/373/373
f 370/370/370 372/372/372 375/375/375
f 370/370/370 375/375/375 374/374/374
f 371/371/371 368/368/368 376/376/376
f 368/368/368 373/373/373 376/376/376
f 372/372/372 371/371/371 377/377/377
f 372/372/372 377/377/377 375/375/375
f 371/371/371 376/376/376 377/377/377
f 373/373/373 374/374/374 378/378/378
f 374/374/374 375/375/375 379/379/379
f 374/374/374 379/379/379 378/378/378
f 375/375/375 377/377/377 380/380/380
f 375/375/375 380/380/380 379/379/379
f 376/376/376 373/373/373 381/381/381
f 373/373/373 378/378/378 381/381/381
f 377/377/377 376/376/376 382/382/382
f 377/377/377 382/382/382 380/380/380
f 376/376/376 381/381/381 382/382/382
f 378/378/378 379/379/379 383/383/383
f 379/379/379 380/380/380 384/384/384
f 379/379/379 384/384/384 383/383/383
f 380/380/380 382/382/382 385/385/385
f 380/380/380 385/385/385 384/384/384
f 381/381/381 378/378/378 386/386/386
f 378/378/378 383/383/383 386/386/386
f 382/382/382 381/381/381 387/387/387
f 382/382/382 387/387/387 385/385/385
f 381/381/381 386/386/386 387/387/387
f 383/383/383 384/384/384 388/388/388
f 384/384/384 385/385/385 389/389/389
f 384/384/384 389/389/389 388/388/388
f 385/385/385 387/387/387 390/390/390
f 385/385/385 390/390/390 389/389/389
f 386/386/386 383/383/383 391/391/391
f 383/383/383 388/388/388 391/391/391
f 387/387/387 386/386/386 392/392/392
f 387/387/387 392/392/392 390/390/390
f 386/386/386 391/391/391 392/392/392
f 388/388/388 389/389/389 393/393/393
f 389/389/389 390/390/390 394/394/394
f 389/389/389 394/394/394 393/393/393
f 390/390/390 392/392/392 395/395/395
f 390/390/390 395/395/395 394/394/394
f 391/391/391 388/388/388 396/396/396
f 388/388/388 393/393/393 396/396/396
f 392/392/392 391/391/391 397/397/397
f 392/392/392 397/397/397 395/395/395
f 391/391/391 396/396/396 397/397/397
f 393/393/393 394/394/394 398/398/398
f 394/394/394 395/395/395 399/399/399
f 394/394/394 399/399/399 398/398/398
f 395/395/395 397/397/397 400/400/400
f 395/395/395 400/400/400 399/399/399
f 396/396/396 393/393/393 401/401/401
f 393/393/393 398/398/398 401/401/401
f 397/397/397 396/396/396 402/402/402
f 397/397/397 402/402/402 400/400/400
f 396/396/396 401/401/401 402/402/402
f 398/398/398 399/399/399 403/403/403
f 399/399/399 400/400/400 404/404/404
f 399/399/399 404/404/404 403/403/403
f 400/400/400 402/402/402 405/405/405
f 400/400/400 405/405/405 404/404/404
f 401/401/401 398/398/398 406/406/406
f 398/398/398 403/403/403 406/406/406
f 402/402/402 401/401/401 407/407/407
f 402/402/402 407/407/407 405/405/405
f 401/401/401 406/406/406 407/407/407
f 403/403/403 404/404/404 408/408/408
f 404/404/404 405/405/405 409/409/409
f 404/404/404 409/409/409 408/408/408
f 405/405/405 407/407/407 410/410/410
f 405/405/405 410/410/410 409/409/409
f 406/406/406 403/403/403 411/411/411
f 403/403/403 408/408/408 411/411/411
f 407/407/407 406/406/406 412/412/412
f 407/407/407 412/412/412 410/410/410
f 406/406/406 411/411/411 412/412/412
f 408/408/408 409/409/409 413/413/413
f 409/409/409 410/410/410 414/414/414
f 409/409/409 414/414/414 413/413/413
f 410/410/410 412/412/412 415/415/415
f 410/410/410 415/415/415 414/414/414
f 411/411/411 408/408/408 416/416/416
f 408/408/408 413/413/413 416/416/416
f 412/412/412 411/411/411 417/417/417
f 412/412/412 417/417/417 415/415/415
f 411/411/411 416/416/416 417/417/417
f 413/413/413 414/414/414 418/418/418
f 414/414/414 415/415/415 419/419/419
f 414/414/414 419/419/419 418/418/418
f 415/415/415 417/417/417 420/420/420
f 415/415/415 420/420/420 419/419/419
f 416/416/416 413/413/413 421/421/421
f 413/413/413 418/418/418 421/421/421
f 417/417/417 416/416/416 422/422/422
f 417/417/417 422/422/422 420/420/420
f 416/416/416 421/421/421 422/422/422
f 418/418/418 419/419/419 423/423/423
f 419/419/419 420/420/420 424/424/424
f 419/419/419 424/424/424 423/423/423
f 420/420/420 422/422/422 425/425/425
f 420/420/420 425/425/425 424/424/424
f 421/421/421 418/418/418 426/426/426
f 418/418/418 423/423/423 426/426/426
f 422/422/422 421/421/421 427/427/427
f 422/422/422 427/427/427 425/425/425
f 421/421/421 426/426/426 427/427/427
f 423/423/423 424/424/424 428/428/428
f 424/424/424 425/425/425 429/429/429
f 424/424/424 429/429/429 428/428/428
f 425/425/425 427/427/427 430/430/430
f 425/425/425 430/430/430 429/429/429
f 426/426/426 423/423/423 431/431/431
f 423/423/423 428/428/428 431/431/431
f 427/427/427 426/426/426 432/432/432
f 427/427/427 432/432/432 430/430/430
f 426/426/426 431/431/431 432/432/432
f 428/428/428 429/429/429 433/433/433
f 429/429/429 430/430/430 434/434/434
f 429/429/429 434/434/434 433/433/433
f 430/430/430 432/432/432 435/435/435
f 430/430/430 435/435/435 434/434/434
f 431/431/431 428/428/428 436/436/436
f 428/428/428 433/433/433 436/436/436
f 432/432/432 431/431/431 437/437/437
f 432/432/432 437/437/437 435/435/435
f 431/431/431 436/436/436 437/437/437
f 433/433/433 434/434/434 438/438/438
f 434/434/434 435/435/435 439/439/439
f 434/434/434 439/439/439 438/438/438
f 435/435/435 437/437/437 440/440/440
f 435/435/435 440/440/440 439/439/439
f 436/436/436 433/433/433 441/441/441
f 433/433/433 438/438/438 441/441/441
f 437/437/437 436/436/436 442/442/442
f 437/437/437 442/442/442 440/440/440
f 436/436/436 441/441/441 442/442/442
f 438/438/438 439/439/439 443/443/443
f 439/439/439 440/440/440 444/444/444
f 439/439/439 444/444/444 443/443/443
f 440/440/440 442/442/442 445/445/445
f 440/440/440 445/445/445 444/444/444
f 441/441/441 438/438/438 446/446/446
f 438/438/438 443/443/443 446/446/446
f 442/442/442 441/441/441 447/447/447
f 442/442/442 447/447/447 445/445/445
f 441/441/441 446/446/446 447/447/447
f 443/443/443 444/444/444 448/448/448
f 444/444/444 445/445/445 449/449/449
f 444/444/444 449/449/449 448/448/448
f 445/445/445 447/447/447 450/450/450
f 445/445/445 450/450/450 449/449/449
f 446/446/446 443/443/443 451/451/451
f 443/443/443 448/448/448 451/451/451
f 447/447/447 446/446/446 452/452/452
f 447/447/447 452/452/452 450/450/450
f 446/446/446 451/451/451 452/452/452
f 448/448/448 449/449/449 453/453/453
f 449/449/449 450/450/450 454/454/454
f 449/449/449 454/454/454 453/453/453
f 450/450/450 452/452/452 455/455/455
f 450/450/450 455/455/455 454/454/454
f 451/451/451 448/448/448 456/456/456
f 448/448/448 453/453/453 456/456/456
f 452/452/452 451/451/451 457/457/457
f 452/452/452 457/457/457 455/455/455
f 451/451/451 456/456/456 457/457/457
f 453/453/453 454/454/454 458/458/458
f 454/454/454 455/455/455 459/459/459
f 454/454/454 459/459/459 458/458/458
f 455/455/455 457/457/457 460/460/460
f 455/455/455 460/460/460 459/459/459
f 456/456/456 453/453/453 461/461/461
f 453/453/453 458/458/458 461/461/461
f 457/457/457 456/456/456 462/462/462
f 457/457/457 462/462/462 460/460/460
f 456/456/456 461/461/461 462/462/462
f 458/458/458 459/459/459 463/463/463
f 459/459/459 460/460/460 464/464/464
f 459/459/459 464/464/464 463/463/463
f 460/460/460 462/462/462 465/465/465
f 460/460/460 465/465/465 464/464/464
f 461/461/461 458/458/458 466/466/466
f 458/458/458 463/463/463 466/466/466
f 462/462/462 461/461/461 467/467/467
f 462/462/462 467/467/467 465/465/465
f 461/461/461 466/466/466 467/467/467
f 463/463/463 464/464/464 468/468/468
f 464/464/464 465/465/465 469/469/469
f 464/464/464 469/469/469 468/468/468
f 465/465/465 467/467/467 470/470/470
f 465/465/465 470/470/470 469/469/469
f 466/466/466 463/463/463 471/471/471
f 463/463/463 468/468/468 471/471/471
f 467/467/467 466/466/466 472/472/472
f 467/467/467 472/472/472 470/470/470
f 466/466/466 471/471/471 472/472/472
f 468/468/468 469/469/469 473/473/473
f 469/469/469 470/470/470 474/474/474
f 469/469/469 474/474/474 473/473/473
f 470/470/470 472/472/472 475/475/475
f 470/470/470 475/475/475 474/474/474
f 471/471/471 468/468/468 476/476/476
f 468/468/468 473/473/473 476/476/476
f 472/472/472 471/471/471 477/477/477
f 472/472/472 477/477/477 475/475/475
f 471/471/471 476/476/476 477/477/477
f 473/473/473 474/474/474 478/478/478
f 474/474/474 475/475/475 479/479/479
f 474/474/474 479/479/479 478/478/478
f 475/475/475 477/477/477 480/480/480
f 475/475/475 480/480/480 479/479/479
f 476/476/476 473/473/473 481/481/481
f 473/473/473 478/478/478 481/481/481
f 477/477/477 476/476/476 482/482/482
f 477/477/477 482/482/482 480/480/480
f 476/476/476 481/481/481 482/482/482
f 478/478/478 479/479/479 483/483/483
f 479/479/479 480/480/480 484/484/484
f 479/479/479 484/484/484 483/483/483
f 480/480/480 482/482/482 485/485/485
f 480/480/480 485/485/485 484/484/484
f 481/481/481 478/478/478 486/486/486
f 478/478/478 483/483/483 486/486/486
f 482/482/482 481/481/481 487/487/487
f 482/482/482 487/487/487 485/485/485
f 481/481/481 486/486/486 487/487/487
f 483/483/483 484/484/484 488/488/488
f 484/484/484 485/485/485 489/489/489
f 484/484/484 489/489/489 488/488/488
f 485/485/485 487/487/487 490/490/490
f 485/485/485 490/490/490 489/489/489
f 486/486/486 483/483/483 491/491/491
f 483/483/483 488/488/488 491/491/491
f 487/487/487 486/486/486 492/492/492
f 487/487/487 492/492/492 490/490/490
f 486/486/486 491/491/491 492/492/492
f 488/488/488 489/489/489 493/493/493
f 489/489/489 490/490/490 494/494/494
f 489/489/489 494/494/494 493/493/493
f 490/490/490 492/492/492 495/495/495
f 490/490/490 495/495/495 494/494/494
f 491/491/491 488/488/488 496/496/496
f 488/488/488 493/493/493 496/496/496
f 492/492/492 491/491/491 497/497/497
f 492/492/492 497/497/497 495/495/495
f 491/491/491 496/496/496 497/497/497
f 493/493/493 494/494/494 498/498/498
f 494/494/494 495/495/495 499/499/499
f 494/494/494 499/499/499 498/498/498
f 495/495/495 497/497/497 500/500/500
f 495/495/495 500/500/500 499/499/499
f 496/496/496 493/493/493 501/501/501
f 493/493/493 498/498/498 501/501/501
f 497/497/497 496/496/496 502/502/502
f 497/497/497 502/502/502 500/500/500
f 496/496/496 501/501/501 502/502/502
f 498/498/498 499/499/499 503/503/503
f 499/499/499 500/500/500 504/504/504
f 499/499/499 504/504/504 503/503/503
f 500/500/500 502/502/502 505/505/505
f 500/500/500 505/505/505 504/504/504
f 501/501/501 498/498/498 506/506/506
f 498/498/498 503/503/503 506/506/506
f 502/502/502 501/501/501 507/507/507
f 502/502/502 507/507/507 505/505/505
f 501/501/501 506/506/506 507/507/507
f 503/503/503 504/504/504 508/508/508
f 504/504/504 505/505/505 509/509/509
f 504/504/504 509/509/509 508/508/508
f 505/505/505 507/507/507 510/510/510
f 505/505/505 510/510/510 509/509/509
f 506/506/506 503/503/503 511/511/511
f 503/503/503 508/508/508 511/511/511
f 507/507/507 506/506/506 512/512/512
f 507/507/507 512/512/512 510/510/510
f 506/506/506 511/511/511 512/512/512
f 508/508/508 509/509/509 513/513/513
f 509/509/509 510/510/510 514/514/514
f 509/509/509 514/514/514 513/513/513
f 510/510/510 512/512/512 515/515/515
f 510/510/510 515/515/515 514/514/514
f 511/511/511 508/508/508 516/516/516
f 508/508/508 513/513/513 516/516/516
f 512/512/512 511/511/511 517/517/517
f 512/512/512 517/517/517 515/515/515
f 511/511/511 516/516/516 517/517/517
f 513/513/513 514/514/514 518/518/518
f 514/514/514 515/515/515 519/519/519
f 514/514/514 519/519/519 518/518/518
f 515/515/515 517/517/517 520/520/520
f 515/515/515 520/520/520 519/519/519
f 516/516/516 513/513/513 521/521/521
f 513/513/513 518/518/518 521/521/521
f 517/517/517 516/516/516 522/522/522
f 517/517/517 522/522/522 520/520/520
f 516/516/516 521/521/521 522/522/522
f 518/518/518 519/519/519 523/523/523
f 519/519/519 520/520/520 524/524/524
f 519/519/519 524/524/524 523/523/523
f 520/520/520 522/522/522 525/525/525
f 520/520/520 525/525/525 524/524/524
f 521/521/521 518/518/518 526/526/526
f 518/518/518 523/523/523 526/526/526
f 522/522/522 521/521/521 527/527/527
f 522/522/522 527/527/527 525/525/525
f 521/521/521 526/526/526 527/527/527
f 523/523/523 524/524/524 528/528/528
f 524/524/524 525/525/525 529/529/529
f 524/524/524 529/529/529 528/528/528
f 525/525/525 527/527/527 530/530/530
f 525/525/525 530/530/530 529/529/529
f 526/526/526 523/523/523 531/531/531
f 523/523/523 528/528/528 531/531/531
f 527/527/527 526/526/526 532/532/532
f 527/527/527 532/532/532 530/530/530
f 526/526/526 531/531/531 532/532/532
f 528/528/528 529/529/529 533/533/533
f 529/529/529 530/530/530 534/534/534
f 529/529/529 534/534/534 533/533/533
f 530/530/530 532/532/532 535/535/535
f 530/530/530 535/535/535 534/534/534
f 531/531/531 528/528/528 536/536/536
f 528/528/528 533/533/533 536/536/536
f 532/532/532 531/531/531 537/537/537
f 532/532/532 537/537/537 535/535/535
f 531/531/531 536/536/536 537/537/537
f 533/533/533 534/534/534 538/538/538
f 534/534/534 535/535/535 539/539/539
f 534/534/534 539/539/539 538/538/538
f 535/535/535 537/537/537 540/540/540
f 535/535/535 540/540/540 539/539/539
f 536/536/536 533/533/533 541/541/541
f 533/533/533 538/538/538 541/541/541
f 537/537/537 536/536/536 542/542/542
f 537/537/537 542/542/542 540/540/540
f 536/536/536 541/541/541 542/542/542
f 538/538/538 539/539/539 543/543/543
f 539/539/539 540/540/540 544/544/544
f 539/539/539 544/544/544 543/543/543
f 540/540/540 542/542/542 545/545/545
f 540/540/540 545/545/545 544/544/544
f 541/541/541 538/538/538 546/546/546
f 538/538/538 543/543/543 546/546/546
f 542/542/542 541/541/541 547/547/547
f 542/542/542 547/547/547 545/545/545
f 541/541/541 546/546/546 547/547/547
f 543/543/543 544/544/544 548/548/548
f 544/544/544 545/545/545 549/549/549
f 544/544/544 549/549/549 548/548/548
f 545/545/545 547/547/547 550/550/550
f 545/545/545 550/550/550 549/549/549
f 546/546/546 543/543/543 551/551/551
f 543/543/543 548/548/548 551/551/551
f 547/547/547 546/546/546 552/552/552
f 547/547/547 552/552/552 550/550/550
f 546/546/546 551/551/551 552/552/552
f 548/548/548 549/549/549 553/553/553
f 549/549/549 550/550/550 554/554/554
f 549/549/549 554/554/554 553/553/553
f 550/550/550 552/552/552 555/555/555
f 550/550/550 555/555/555 554/554/554
f 551/551/551 548/548/548 556/556/556
f 548/548/548 553/553/553 556/556/556
f 552/552/552 551/551/551 557/557/557
f 552/552/552 557/557/557 555/555/555
f 551/551/551 556/556/556 557/557/557
f 553/553/553 554/554/554 558/558/558
f 554/554/554 555/555/555 559/559/559
f 554/554/554 559/559/559 558/558/558
f 555/555/555 557/557/557 560/560/560
f 555/555/555 560/560/560 559/559/559
f 556/556/556 553/553/553 561/561/561
f 553/553/553 558/558/558 561/561/561
f 557/557/557 556/556/556 562/562/562
f 557/557/557 562/562/562 560/560/560
f 556/556/556 561/561/561 562/562/562
f 558/558/558 559/559/559 563/563/563
f 559/559/559 560/560/560 564/564/564
f 559/559/559 564/564/564 563/563/563
f 560/560/560 562/562/562 565/565/565
f 560/560/560 565/565/565 564/564/564
f 561/561/561 558/558/558 566/566/566
f 558/558/558 563/563/563 566/566/566
f 562/562/562 561/561/561 567/567/567
f 562/562/562 567/567/567 565/565/565
f 561/561/561 566/566/566 567/567/567
f 563/563/563 564/564/564 568/568/568
f 564/564/564 565/565/565 569/569/569
f 564/564/564 569/569/569 568/568/568
f 565/565/565 567/567/567 570/570/570
f 565/565/565 570/570/570 569/569/569
f 566/566/566 563/563/563 571/571/571
f 563/563/563 568/568/568 571/571/571
f 567/567/567 566/566/566 572/572/572
f 567/567/567 572/572/572 570/570/570
f 566/566/566 571/571/571 572/572/572
f 568/568/568 569/569/569 573/573/573
f 569/569/569 570/570/570 574/574/574
f 569/569/569 574/574/574 573/573/573
f 570/570/570 572/572/572 575/575/575
f 570/570/570 575/575/575 574/574/574
f 571/571/571 568/568/568 576/576/576
f 568/568/568 573/573/573 576/576/576
f 572/572/572 571/571/571 577/577/577
f 572/572/572 577/577/577 575/575/575
f 571/571/571 576/576/576 577/577/577
f 573/573/573 574/574/574 578/578/578
f 574/574/574 575/575/575 579/579/579
f 574/574/574 579/579/579 578/578/578
f 575/575/575 577/577/577 580/580/580
f 575/575/575 580/580/580 579/579/579
f 576/576/576 573/573/573 581/581/581
f 573/573/573 578/578/578 581/581/581
f 577/577/577 576/576/576 582/582/582
f 577/577/577 582/582/582 580/580/580
f 576/576/576 581/581/581 582/582/582
f 578/578/578 579/579/579 583/583/583
f 579/579/579 580/580/580 584/584/584
f 579/579/579 584/584/584 583/583/583
f 580/580/580 582/582/582 585/585/585
f 580/580/580 585/585/585 584/584/584
f 581/581/581 578/578/578 586/586/586
f 578/578/578 583/583/583 586/586/586
f 582/582/582 581/581/581 587/587/587
f 582/582/582 587/587/587 585/585/585
f 581/581/581 586/586/586 587/587/587
f 583/583/583 584/584/584 588/588/588
f 584/584/584 585/585/585 589/589/589
f 584/584/584 589/589/589 588/588/588
f 585/585/585 587/587/587 590/590/590
f 585/585/585 590/590/590 589/589/589
f 586/586/586 583/583/583 591/591/591
f 583/583/583 588/588/588 591/591/591
f 587/587/587 586/586/586 592/592/592
f 587/587/587 592/592/592 590/590/590
f 586/586/586 591/591/591 592/592/592
f 588/588/588 589/589/589 593/593/593
f 589/589/589 590/590/590 594/594/594
f 589/589/589 594/594/594 593/593/593
f 590/590/590 592/592/592 595/595/595
f 590/590/590 595/595/595 594/594/594
f 591/591/591 588/588/588 596/596/596
f 588/588/588 593/593/593 596/596/596
f 592/592/592 591/591/591 597/597/597
f 592/592/592 597/597/597 595/595/595
f 591/591/591 596/596/596 597/597/597
f 593/593/593 594/594/594 598/598/598
f 594/594/594 595/595/595 599/599/599
f 594/594/594 599/599/599 598/598/598
f 595/595/595 597/597/597 600/600/600
f 595/595/595 600/600/600 599/599/599
f 596/596/596 593/593/593 601/601/601
f 593/593/593 598/598/598 601/601/601
f 597/597/597 596/596/596 602/602/602
f 597/597/597 602/602/602 600/600/600
f 596/596/596 601/601/601 602/602/602
f 598/598/598 599/599/599 603/603/603
f 599/599/599 600/600/600 604/604/604
f 599/599/599 604/604/604 603/603/603
f 600/600/600 602/602/602 605/605/605
f 600/600/600 605/605/605 604/604/604
f 601/601/601 598/598/598 606/606/606
f 598/598/598 603/603/603 606/606/606
f 602/602/602 601/601/601 607/607/607
f 602/602/602 607/607/607 605/605/605
f 601/601/601 606/606/606 607/607/607
f 603/603/603 604/604/604 608/608/608
f 604/604/604 605/605/605 609/609/609
f 604/604/604 609/609/609 608/608/608
f 605/605/605 607/607/607 610/610/610
f 605/605/605 610/610/610 609/609/609
f 606/606/606 603/603/603 611/611/611
f 603/603/603 608/608/608 611/611/611
f 607/607/607 606/606/606 612/612/612
f 607/607/607 612/612/612 610/610/610
f 606/606/606 611/611/611 612/612/612
f 608/608/608 609/609/609 613/613/613
f 609/609/609 610/610/610 614/614/614
f 609/609/609 614/614/614 613/613/613
f 610/610/610 612/612/612 615/615/615
f 610/610/610 615/615/615 614/614/614
f 611/611/611 608/608/608 616/616/616
f 608/608/608 613/613/613 616/616/616
f 612/612/612 611/611/611 617/617/617
f 612/612/612 617/617/617 615/615/615
f 611/611/611 616/616/616 617/617/617
f 613/613/613 614/614/614 618/618/618
f 614/614/614 615/615/615 619/619/619
f 614/614/614 619/619/619 618/618/618
f 615/615/615 617/617/617 620/620/620
f 615/615/615 620/620/620 619/619/619
f 616/616/616 613/613/613 621/621/621
f 613/613/613 618/618/618 621/621/621
f 617/617/617 616/616/616 622/622/622
f 617/617/617 622/622/622 620/620/620
f 616/616/616 621/621/621 622/622/622
f 618/618/618 619/619/619 623/623/623
f 619/619/619 624/624/624 623/623/623
f 619/619/619 620/620/620 624/624/624
f 618/618/618 623/623/623 625/625/625
f 621/621/621 618/618/618 625/625/625
f 620/620/620 626/626/626 624/624/624
f 620/620/620 622/622/622 626/626/626
f 621/621/621 625/625/625 627/627/627
f 622/622/622 621/621/621 627/627/627
f 622/622/622 627/627/627 626/626/626
f 627/627/627 628/628/628 626/626/626
f 629/629/629 628/628/628 627/627/627
f 630/630/630 628/628/628 629/629/629
f 633/633/633 632/632/632 631/631/631
f 632/632/632 633/633/633 634/634/634
f 635/635/635 632/632/632 634/634/634
f 635/635/635 634/634/634 636/636/636
f 634/634/634 637/637/637 636/636/636
f 634/634/634 638/638/638 637/637/637
f 635/635/635 636/636/636 639/639/639
f 640/640/640 635/635/635 639/639/639
f 638/638/638 641/641/641 637/637/637
f 638/638/638 642/642/642 641/641/641
f 642/642/642 640/640/640 643/643/643
f 640/640/640 639/639/639 643/643/643
f 642/642/642 643/643/643 641/641/641
f 636/636/636 637/637/637 644/644/644
f 639/639/639 636/636/636 645/645/645
f 636/636/636 644/644/644 645/645/645
f 637/637/637 641/641/641 646/646/646
f 637/637/637 646/646/646 644/644/644
f 643/643/643 639/639/639 647/647/647
f 639/639/639 645/645/645 647/647/647
f 641/641/641 643/643/643 648/648/648
f 641/641/641 648/648/648 646/646/646
f 643/643/643 647/647/647 648/648/648
f 644/644/644 646/646/646 649/649/649
f 645/645/645 644/644/644 650/650/650
f 644/644/644 649/649/649 650/650/650
f 646/646/646 648/648/648 651/651/651
f 646/646/646 651/651/651 649/649/649
f 647/647/647 645/645/645 652/652/652
f 645/645/645 650/650/650 652/652/652
f 648/648/648 647/647/647 653/653/653
f 648/648/648 653/653/653 651/651/651
f 647/647/647 652/652/652 653/653/653
f 649/649/649 651/651/651 654/654/654
f 650/650/650 649/649/649 655/655/655
f 649/649/649 654/654/654 655/655/655
f 651/651/651 653/653/653 656/656/656
f 651/651/651 656/656/656 654/654/654
f 652/652/652 650/650/650 657/657/657
f 650/650/650 655/655/655 657/657/657
f 653/653/653 652/652/652 658/658/658
f 653/653/653 658/658/658 656/656/656
f 652/652/652 657/657/657 658/658/658
f 654/654/654 656/656/656 659/659/659
f 655/655/655 654/654/654 660/660/660
f 654/654/654 659/659/659 660/660/660
f 656/656/656 658/658/658 661/661/661
f 656/656/656 661/661/661 659/659/659
f 657/657/657 655/655/655 662/662/662
f 655/655/655 660/660/660 662/662/662
f 658/658/658 657/657/657 663/663/663
f 658/658/658 663/663/663 661/661/661
f 657/657/657 662/662/662 663/663/663
f 659/659/659 661/661/661 664/664/664
f 660/660/660 659/659/659 665/665/665
f 659/659/659 664/664/664 665/665/665
f 661/661/661 663/663/663 666/666/666
f 661/661/661 666/666/666 664/664/664
f 662/662/662 660/660/660 667/667/667
f 660/660/660 665/665/665 667/667/667
f 663/663/663 662/662/662 668/668/668
f 663/663/663 668/668/668 666/666/666
f 662/662/662 667/667/667 668/668/668
f 664/664/664 666/666/666 669/669/669
f 665/665/665 664/664/664 670/670/670
f 664/664/664 669/669/669 670/670/670
f 666/666/666 668/668/668 671/671/671
f 666/666/666 671/671/671 669/669/669
f 667/667/667 665/665/665 672/672/672
f 665/665/665 670/670/670 672/672/672
f 668/668/668 667/667/667 673/673/673
f 668/668/668 673/673/673 671/671/671
f 667/667/667 672/672/672 673/673/673
f 669/669/669 671/671/671 674/674/674
f 670/670/670 669/669/669 675/675/675
f 669/669/669 674/674/674 675/675/675
f 671/671/671 673/673/673 676/676/676
f 671/671/671 676/676/676 674/674/674
f 672/672/672 670/670/670 677/677/677
f 670/670/670 675/675/675 677/677/677
f 673/673/673 672/672/672 678/678/678
f 673/673/673 678/678/678 676/676/676
f 672/672/672 677/677/677 678/678/678
f 674/674/674 676/676/676 679/679/679
f 675/675/675 674/674/674 680/680/680
f 674/674/674 679/679/679 680/680/680
f 676/676/676 678/678/678 681/681/681
f 676/676/676 681/681/681 679/679/679
f 677/677/677 675/675/675 682/682/682
f 675/675/675 680/680/680 682/682/682
f 678/678/678 677/677/677 683/683/683
f 678/678/678 683/683/683 681/681/681
f 677/677/677 682/682/682 683/683/683
f 679/679/679 681/681/681 684/684/684
f 680/680/680 679/679/679 685/685/685
f 679/679/679 684/684/684 685/685/685
f 681/681/681 683/683/683 686/686/686
f 681/681/681 686/686/686 684/684/684
f 682/682/682 680/680/680 687/687/687
f 680/680/680 685/685/685 687/687/687
f 683/683/683 682/682/682 688/688/688
f 683/683/683 688/688/688 686/686/686
f 682/682/682 687/687/687 688/688/688
f 684/684/684 686/686/686 689/689/689
f 685/685/685 684/684/684 690/690/690
f 684/684/684 689/689/689 690/690/690
f 686/686/686 688/688/688 691/691/691
f 686/686/686 691/691/691 689/689/689
f 687/687/687 685/685/685 692/692/692
f 685/685/685 690/690/690 692/692/692
f 688/688/688 687/687/687 693/693/693
f 688/688/688 693/693/693 691/691/691
f 687/687/687 694/694/694 693/693/693
f 693/693/693 694/694/694 695/695/695
f 696/696/696 693/693/693 695/695/695
f 691/691/691 693/693/693 696/696/696
f 697/697/697 691/691/691 696/696/696
f 689/689/689 691/691/691 697/697/697
f 698/698/698 689/689/689 697/697/697
f 690/690/690 689/689/689 698/698/698
f 699/699/699 690/690/690 698/698/698
f 692/692/692 690/690/690 699/699/699
f 700/700/700 692/692/692 699/699/699
f 703/703/703 702/702/702 701/701/701
f 702/702/702 703/703/703 704/704/704
f 705/705/705 702/702/702 704/704/704
f 705/705/705 704/704/704 706/706/706
f 704/704/704 707/707/707 706/706/706
f 704/704/704 708/708/708 707/707/707
f 705/705/705 706/706/706 709/709/709
f 710/710/710 705/705/705 709/709/709
f 708/708/708 711/711/711 707/707/707
f 708/708/708 712/712/712 711/711/711
f 712/712/712 710/710/710 713/713/713
f 710/710/710 709/709/709 713/713/713
f 712/712/712 713/713/713 711/711/711
f 706/706/706 707/707/707 714/714/714
f 709/709/709 706/706/706 715/715/715
f 706/706/706 714/714/714 715/715/715
f 707/707/707 711/711/711 716/716/716
f 707/707/707 716/716/716 714/714/714
f 713/713/713 709/709/709 717/717/717
f 709/709/709 715/715/715 717/717/717
f 711/711/711 713/713/713 718/718/718
f 711/711/711 718/718/718 716/716/716
f 713/713/713 717/717/717 718/718/718
f 714/714/714 716/716/716 719/719/719
f 715/715/715 714/714/714 720/720/720
f 714/714/714 719/719/719 720/720/720
f 716/716/716 718/718/718 721/721/721
f 716/716/716 721/721/721 719/719/719
f 717/717/717 715/715/715 722/722/722
f 715/715/715 720/720/720 722/722/722
f 718/718/718 717/717/717 723/723/723
f 718/718/718 723/723/723 721/721/721
f 717/717/717 722/722/722 723/723/723
f 719/719/719 721/721/721 724/724/724
f 720/720/720 719/719/719 725/725/725
f 719/719/719 724/724/724 725/725/725
f 721/721/721 723/723/723 726/726/726
f 721/721/721 726/726/726 724/724/724
f 722/722/722 720/720/720 727/727/727
f 720/720/720 725/725/725 727/727/727
f 723/723/723 722/722/722 728/728/728
f 723/723/723 728/728/728 726/726/726
f 722/722/722 727/727/727 728/728/728
f 724/724/724 726/726/726 729/729/729
f 725/725/725 724/724/724 730/730/730
f 724/724/724 729/729/729 730/730/730
f 726/726/726 728/728/728 731/731/731
f 726/726/726 731/731/731 729/729/729
f 727/727/727 725/725/725 732/732/732
f 725/725/725 730/730/730 732/732/732
f 728/728/728 727/727/727 733/733/733
f 728/728/728 733/733/733 731/731/731
f 727/727/727 732/732/732 733/733/733
f 729/729/729 731/731/731 734/734/734
f 730/730/730 729/729/729 735/735/735
f 729/729/729 734/734/734 735/735/735
f 731/731/731 733/733/733 736/736/736
f 731/731/731 736/736/736 734/734/734
f 732/732/732 730/730/730 737/737/737
f 730/730/730 735/735/735 737/737/737
f 733/733/733 732/732/732 738/738/738
f 733/733/733 738/738/738 736/736/736
f 732/732/732 737/737/737 738/738/738
f 734/734/734 736/736/736 739/739/739
f 735/735/735 734/734/734 740/740/740
f 734/734/734 739/739/739 740/740/740
f 736/736/736 738/738/738 741/741/741
f 736/736/736 741/741/741 739/739/739
f 737/737/737 735/735/735 742/742/742
f 735/735/735 740/740/740 742/742/742
f 738/738/738 737/737/737 743/743/743
f 738/738/738 743/743/743 741/741/741
f 737/737/737 742/742/742 743/743/743
f 739/739/739 741/741/741 744/744/744
f 740/740/740 739/739/739 745/745/745
f 739/739/739 744/744/744 745/745/745
f 741/741/741 743/743/743 746/746/746
f 741/741/741 746/746/746 744/744/744
f 742/742/742 740/740/740 747/747/747
f 740/740/740 745/745/745 747/747/747
f 743/743/743 742/742/742 748/748/748
f 743/743/743 748/748/748 746/746/746
f 742/742/742 747/747/747 748/748/748
f 744/744/744 746/746/746 749/749/749
f 745/745/745 744/744/744 750/750/750
f 744/744/744 749/749/749 750/750/750
f 746/746/746 748/748/748 751/751/751
f 746/746/746 751/751/751 749/749/749
f 747/747/747 745/745/745 752/752/752
f 745/745/745 750/750/750 752/752/752
f 748/748/748 747/747/747 753/753/753
f 748/748/748 753/753/753 751/751/751
f 747/747/747 752/752/752 753/753/753
f 749/749/749 751/751/751 754/754/754
f 750/750/750 749/749/749 755/755/755
f 749/749/749 754/754/754 755/755/755
f 751/751/751 753/753/753 756/756/756
f 751/751/751 756/756/756 754/754/754
f 752/752/752 750/750/750 757/757/757
f 750/750/750 755/755/755 757/757/757
f 753/753/753 752/752/752 758/758/758
f 753/753/753 758/758/758 756/756/756
f 752/752/752 757/757/757 758/758/758
f 754/754/754 756/756/756 759/759/759
f 755/755/755 754/754/754 760/760/760
f 754/754/754 759/759/759 760/760/760
f 756/756/756 758/758/758 761/761/761
f 756/756/756 761/761/761 759/759/759
f 757/757/757 755/755/755 762/762/762
f 755/755/755 760/760/760 762/762/762
f 758/758/758 757/757/757 763/763/763
f 758/758/758 763/763/763 761/761/761
f 757/757/757 762/762/762 763/763/763
f 759/759/759 761/761/761 764/764/764
f 760/760/760 759/759/759 765/765/765
f 759/759/759 764/764/764 765/765/765
f 761/761/761 763/763/763 766/766/766
f 761/761/761 766/766/766 764/764/764
f 762/762/762 760/760/760 767/767/767
f 760/760/760 765/765/765 767/767/767
f 763/763/763 762/762/762 768/768/768
f 763/763/763 768/768/768 766/766/766
f 762/762/762 767/767/767 768/768/768
f 764/764/764 766/766/766 769/769/769
f 765/765/765 764/764/764 770/770/770
f 764/764/764 769/769/769 770/770/770
f 766/766/766 768/768/768 771/771/771
f 766/766/766 771/771/771 769/769/769
f 767/767/767 765/765/765 772/772/772
f 765/765/765 770/770/770 772/772/772
f 768/768/768 767/767/767 773/773/773
f 768/768/768 773/773/773 771/771/771
f 767/767/767 772/772/772 773/773/773
f 769/769/769 771/771/771 774/774/774
f 770/770/770 769/769/769 775/775/775
f 769/769/769 774/774/774 775/775/775
f 771/771/771 773/773/773 776/776/776
f 771/771/771 776/776/776 774/774/774
f 772/772/772 770/770/770 777/777/777
f 770/770/770 775/775/775 777/777/777
f 773/773/773 772/772/772 778/778/778
f 773/773/773 778/778/778 776/776/776
f 772/772/772 777/777/777 778/778/778
f 774/774/774 776/776/776 779/779/779
f 775/775/775 774/774/774 780/780/780
f 774/774/774 779/779/779 780/780/780
f 776/776/776 778/778/778 781/781/781
f 776/776/776 781/781/781 779/779/779
f 777/777/777 775/775/775 782/782/782
f 775/775/775 780/780/780 782/782/782
f 778/778/778 777/777/777 783/783/783
f 778/778/778 783/783/783 781/781/781
f 777/777/777 782/782/782 783/783/783
f 779/779/779 781/781/781 784/784/784
f 780/780/780 779/779/779 785/785/785
f 779/779/779 784/784/784 785/785/785
f 781/781/781 783/783/783 786/786/786
f 781/781/781 786/786/786 784/784/784
f 782/782/782 780/780/780 787/787/787
f 780/780/780 785/785/785 787/787/787
f 783/783/783 782/782/782 788/788/788
f 783/783/783 788/788/788 786/786/786
f 782/782/782 787/787/787 788/788/788
f 784/784/784 786/786/786 789/789/789
f 785/785/785 784/784/784 790/790/790
f 784/784/784 789/789/789 790/790/790
f 786/786/786 788/788/788 791/791/791
f 786/786/786 791/791/791 789/789/789
f 787/787/787 785/785/785 792/792/792
f 785/785/785 790/790/790 792/792/792
f 788/788/788 787/787/787 793/793/793
f 788/788/788 793/793/793 791/791/791
f 787/787/787 792/792/792 793/793/793
f 789/789/789 791/791/791 794/794/794
f 790/790/790 789/789/789 795/795/795
f 789/789/789 794/794/794 795/795/795
f 791/791/791 793/793/793 796/796/796
f 791/791/791 796/796/796 794/794/794
f 792/792/792 790/790/790 797/797/797
f 790/790/790 795/795/795 797/797/797
f 793/793/793 792/792/792 798/798/798
f 793/793/793 798/798/798 796/796/796
f 792/792/792 797/797/797 798/798/798
f 794/794/794 796/796/796 799/799/799
f 795/795/795 794/794/794 800/800/800
f 794/794/794 799/799/799 800/800/800
f 796/796/796 798/798/798 801/801/801
f 796/796/796 801/801/801 799/799/799
f 797/797/797 795/795/795 802/802/802
f 795/795/795 800/800/800 802/802/802
f 798/798/798 797/797/797 803/803/803
f 798/798/798 803/803/803 801/801/801
f 797/797/797 802/802/802 803/803/803
f 799/799/799 801/801/801 804/804/804
f 800/800/800 799/799/799 805/805/805
f 799/799/799 804/804/804 805/805/805
f 801/801/801 803/803/803 806/806/806
f 801/801/801 806/806/806 804/804/804
f 802/802/802 800/800/800 807/807/807
f 800/800/800 805/805/805 807/807/807
f 803/803/803 802/802/802 808/808/808
f 803/803/803 808/808/808 806/806/806
f 802/802/802 807/807/807 808/808/808
f 805/805/805 804/804/804 809/809/809
f 805/805/805 809/809/809 810/810/810
f 807/807/807 805/805/805 810/810/810
f 807/807/807 810/810/810 811/811/811
f 808/808/808 807/807/807 811/811/811
f 804/804/804 812/812/812 809/809/809
f 804/804/804 806/806/806 812/812/812
f 808/808/808 811/811/811 813/813/813
f 806/806/806 808/808/808 813/813/813
f 806/806/806 813/813/813 812/812/812
f 813/813/813 814/814/814 812/812/812
f 815/815/815 814/814/814 813/813/813
f 816/816/816 814/814/814 815/815/815
f 819/819/819 818/818/818 817/817/817
f 820/820/820 818/818/818 819/819/819
f 821/821/821 818/818/818 820/820/820
f 824/824/824 823/823/823 822/822/822
f 825/825/825 823/823/823 824/824/824
f 826/826/826 823/823/823 825/825/825
f 829/829/829 828/828/828 827/827/827
f 830/830/830 829/829/829 827/827/827
f 830/830/830 827/827/827 831/831/831
f 829/829/829 832/832/832 828/828/828
f 832/832/832 833/833/833 828/828/828
f 834/834/834 830/830/830 831/831/831
f 834/834/834 831/831/831 835/835/835
f 836/836/836 835/835/835 833/833/833
f 832/832/832 836/836/836 833/833/833
f 836/836/836 834/834/834 835/835/835
f 837/837/837 829/829/829 830/830/830
f 838/838/838 832/832/832 829/829/829
f 837/837/837 838/838/838 829/829/829
f 839/839/839 830/830/830 834/834/834
f 839/839/839 837/837/837 830/830/830
f 840/840/840 834/834/834 836/836/836
f 840/840/840 839/839/839 834/834/834
f 841/841/841 836/836/836 832/832/832
f 838/838/838 841/841/841 832/832/832
f 841/841/841 840/840/840 836/836/836
f 842/842/842 837/837/837 839/839/839
f 843/843/843 838/838/838 837/837/837
f 842/842/842 843/843/843 837/837/837
f 844/844/844 839/839/839 840/840/840
f 844/844/844 842/842/842 839/839/839
f 845/845/845 840/840/840 841/841/841
f 845/845/845 844/844/844 840/840/840
f 846/846/846 841/841/841 838/838/838
f 843/843/843 846/846/846 838/838/838
f 846/846/846 845/845/845 841/841/841
f 847/847/847 842/842/842 844/844/844
f 848/848/848 843/843/843 842/842/842
f 847/847/847 848/848/848 842/842/842
f 849/849/849 844/844/844 845/845/845
f 849/849/849 847/847/847 844/844/844
f 850/850/850 845/845/845 846/846/846
f 850/850/850 849/849/849 845/845/845
f 851/851/851 846/846/846 843/843/843
f 848/848/848 851/851/851 843/843/843
f 851/851/851 850/850/850 846/846/846
f 852/852/852 847/847/847 849/849/849
f 853/853/853 848/848/848 847/847/847
f 852/852/852 853/853/853 847/847/847
f 854/854/854 849/849/849 850/850/850
f 854/854/854 852/852/852 849/849/849
f 855/855/855 850/850/850 851/851/851
f 855/855/855 854/854/854 850/850/850
f 856/856/856 851/851/851 848/848/848
f 853/853/853 856/856/856 848/848/848
f 856/856/856 855/855/855 851/851/851
f 857/857/857 852/852/852 854/854/854
f 858/858/858 853/853/853 852/852/852
f 857/857/857 858/858/858 852/852/852
f 859/859/859 854/854/854 855/855/855
f 859/859/859 857/857/857 854/854/854
f 860/860/860 855/855/855 856/856/856
f 860/860/860 859/859/859 855/855/855
f 861/861/861 856/856/856 853/853/853
f 858/858/858 861/861/861 853/853/853
f 861/861/861 860/860/860 856/856/856
f 862/862/862 857/857/857 859/859/859
f 863/863/863 858/858/858 857/857/857
f 862/862/862 863/863/863 857/857/857
f 864/864/864 859/859/859 860/860/860
f 864/864/864 862/862/862 859/859/859
f 865/865/865 860/860/860 861/861/861
f 865/865/865 864/864/864 860/860/860
f 866/866/866 861/861/861 858/858/858
f 863/863/863 866/866/866 858/858/858
f 866/866/866 865/865/865 861/861/861
f 867/867/867 862/862/862 864/864/864
f 868/868/868 863/863/863 862/862/862
f 867/867/867 868/868/868 862/862/862
f 869/869/869 864/864/864 865/865/865
f 869/869/869 867/867/867 864/864/864
f 870/870/870 865/865/865 866/866/866
f 870/870/870 869/869/869 865/865/865
f 871/871/871 866/866/866 863/863/863
f 868/868/868 871/871/871 863/863/863
f 871/871/871 870/870/870 866/866/866
f 872/872/872 867/867/867 869/869/869
f 873/873/873 868/868/868 867/867/867
f 872/872/872 873/873/873 867/867/867
f 874/874/874 869/869/869 870/870/870
f 874/874/874 872/872/872 869/869/869
f 875/875/875 870/870/870 871/871/871
f 875/875/875 874/874/874 870/870/870
f 876/876/876 871/871/871 868/868/868
f 873/873/873 876/876/876 868/868/868
f 876/876/876 875/875/875 871/871/871
f 877/877/877 872/872/872 874/874/874
f 878/878/878 873/873/873 872/872/872
f 877/877/877 878/878/878 872/872/872
f 879/879/879 874/874/874 875/875/875
f 879/879/879 877/877/877 874/874/874
f 880/880/880 875/875/875 876/876/876
f 880/880/880 879/879/879 875/875/875
f 881/881/881 876/876/876 873/873/873
f 878/878/878 881/881/881 873/873/873
f 881/881/881 880/880/880 876/876/876
f 882/882/882 877/877/877 879/879/879
f 883/883/883 878/878/878 877/877/877
f 882/882/882 883/883/883 877/877/877
f 884/884/884 879/879/879 880/880/880
f 884/884/884 882/882/882 879/879/879
f 885/885/885 880/880/880 881/881/881
f 885/885/885 884/884/884 880/880/880
f 886/886/886 881/881/881 878/878/878
f 883/883/883 886/886/886 878/878/878
f 886/886/886 885/885/885 881/881/881
f 887/887/887 882/882/882 884/884/884
f 888/888/888 883/883/883 882/882/882
f 887/887/887 888/888/888 882/882/882
f 889/889/889 884/884/884 885/885/885
f 889/889/889 887/887/887 884/884/884
f 890/890/890 885/885/885 886/886/886
f 890/890/890 889/889/889 885/885/885
f 891/891/891 886/886/886 883/883/883
f 888/888/888 891/891/891 883/883/883
f 891/891/891 890/890/890 886/886/886
f 892/892/892 887/887/887 889/889/889
f 893/893/893 888/888/888 887/887/887
f 892/892/892 893/893/893 887/887/887
f 894/894/894 889/889/889 890/890/890
f 894/894/894 892/892/892 889/889/889
f 895/895/895 890/890/890 891/891/891
f 895/895/895 894/894/894 890/890/890
f 896/896/896 891/891/891 888/888/888
f 893/893/893 896/896/896 888/888/888
f 896/896/896 895/895/895 891/891/891
f 897/897/897 892/892/892 894/894/894
f 898/898/898 893/893/893 892/892/892
f 897/897/897 898/898/898 892/892/892
f 899/899/899 894/894/894 895/895/895
f 899/899/899 897/897/897 894/894/894
f 900/900/900 895/895/895 896/896/896
f 900/900/900 899/899/899 895/895/895
f 901/901/901 896/896/896 893/893/893
f 898/898/898 901/901/901 893/893/893
f 901/901/901 900/900/900 896/896/896
f 902/902/902 897/897/897 899/899/899
f 903/903/903 898/898/898 897/897/897
f 902/902/902 903/903/903 897/897/897
f 904/904/904 899/899/899 900/900/900
f 904/904/904 902/902/902 899/899/899
f 905/905/905 900/900/900 901/901/901
f 905/905/905 904/904/904 900/900/900
f 906/906/906 901/901/901 898/898/898
f 903/903/903 906/906/906 898/898/898
f 906/906/906 905/905/905 901/901/901
f 907/907/907 902/902/902 904/904/904
f 908/908/908 903/903/903 902/902/902
f 907/907/907 908/908/908 902/902/902
f 909/909/909 904/904/904 905/905/905
f 909/909/909 907/907/907 904/904/904
f 910/910/910 905/905/905 906/906/906
f 910/910/910 909/909/909 905/905/905
f 911/911/911 906/906/906 903/903/903
f 908/908/908 911/911/911 903/903/903
f 911/911/911 910/910/910 906/906/906
f 912/912/912 907/907/907 909/909/909
f 913/913/913 908/908/908 907/907/907
f 912/912/912 913/913/913 907/907/907
f 914/914/914 909/909/909 910/910/910
f 914/914/914 912/912/912 909/909/909
f 915/915/915 910/910/910 911/911/911
f 915/915/915 914/914/914 910/910/910
f 916/916/916 911/911/911 908/908/908
f 913/913/913 916/916/916 908/908/908
f 916/916/916 915/915/915 911/911/911
f 914/914/914 917/917/917 912/912/912
f 912/912/912 918/918/918 913/913/913
f 917/917/917 918/918/918 912/912/912
f 915/915/915 919/919/919 914/914/914
f 919/919/919 917/917/917 914/914/914
f 916/916/916 920/920/920 915/915/915
f 920/920/920 919/919/919 915/915/915
f 913/913/913 921/921/921 916/916/916
f 918/918/918 921/921/921 913/913/913
f 921/921/921 920/920/920 916/916/916
f 922/922/922 918/918/918 917/917/917
f 923/923/923 917/917/917 919/919/919
f 923/923/923 922/922/922 917/917/917
f 924/924/924 919/919/919 920/920/920
f 924/924/924 923/923/923 919/919/919
f 925/925/925 920/920/920 921/921/921
f 925/925/925 924/924/924 920/920/920
f 926/926/926 921/921/921 918/918/918
f 922/922/922 926/926/926 918/918/918
f 926/926/926 925/925/925 921/921/921
f 927/927/927 922/922/922 923/923/923
f 928/928/928 923/923/923 924/924/924
f 928/928/928 927/927/927 923/923/923
f 929/929/929 924/924/924 925/925/925
f 929/929/929 928/928/928 924/924/924
f 930/930/930 925/925/925 926/926/926
f 930/930/930 929/929/929 925/925/925
f 931/931/931 926/926/926 922/922/922
f 927/927/927 931/931/931 922/922/922
f 931/931/931 930/930/930 926/926/926
f 932/932/932 927/927/927 928/928/928
f 933/933/933 928/928/928 929/929/929
f 933/933/933 932/932/932 928/928/928
f 934/934/934 929/929/929 930/930/930
f 934/934/934 933/933/933 929/929/929
f 935/935/935 930/930/930 931/931/931
f 935/935/935 934/934/934 930/930/930
f 936/936/936 931/931/931 927/927/927
f 932/932/932 936/936/936 927/927/927
f 936/936/936 935/935/935 931/931/931
f 937/937/937 932/932/932 933/933/933
f 938/938/938 933/933/933 934/934/934
f 938/938/938 937/937/937 933/933/933
f 939/939/939 934/934/934 935/935/935
f 939/939/939 938/938/938 934/934/934
f 940/940/940 935/935/935 936/936/936
f 940/940/940 939/939/939 935/935/935
f 941/941/941 936/936/936 932/932/932
f 937/937/937 941/941/941 932/932/932
f 941/941/941 940/940/940 936/936/936
f 942/942/942 937/937/937 938/938/938
f 943/943/943 938/938/938 939/939/939
f 943/943/943 942/942/942 938/938/938
f 944/944/944 939/939/939 940/940/940
f 944/944/944 943/943/943 939/939/939
f 945/945/945 940/940/940 941/941/941
f 945/945/945 944/944/944 940/940/940
f 946/946/946 941/941/941 937/937/937
f 942/942/942 946/946/946 937/937/937
f 946/946/946 945/945/945 941/941/941
f 947/947/947 942/942/942 943/943/943
f 948/948/948 943/943/943 944/944/944
f 948/948/948 947/947/947 943/943/943
f 949/949/949 944/944/944 945/945/945
f 949/949/949 948/948/948 944/944/944
f 950/950/950 945/945/945 946/946/946
f 950/950/950 949/949/949 945/945/945
f 951/951/951 946/946/946 942/942/942
f 947/947/947 951/951/951 942/942/942
f 951/951/951 950/950/950 946/946/946
f 952/952/952 947/947/947 948/948/948
f 953/953/953 948/948/948 949/949/949
f 953/953/953 952/952/952 948/948/948
f 954/954/954 949/949/949 950/950/950
f 954/954/954 953/953/953 949/949/949
f 955/955/955 950/950/950 951/951/951
f 955/955/955 954/954/954 950/950/950
f 956/956/956 951/951/951 947/947/947
f 952/952/952 956/956/956 947/947/947
f 956/956/956 955/955/955 951/951/951
f 957/957/957 952/952/952 953/953/953
f 958/958/958 953/953/953 954/954/954
f 958/958/958 957/957/957 953/953/953
f 959/959/959 954/954/954 955/955/955
f 959/959/959 958/958/958 954/954/954
f 960/960/960 955/955/955 956/956/956
f 960/960/960 959/959/959 955/955/955
f 961/961/961 956/956/956 952/952/952
f 957/957/957 961/961/961 952/952/952
f 961/961/961 960/960/960 956/956/956
f 962/962/962 957/957/957 958/958/958
f 963/963/963 958/958/958 959/959/959
f 963/963/963 962/962/962 958/958/958
f 964/964/964 959/959/959 960/960/960
f 964/964/964 963/963/963 959/959/959
f 965/965/965 960/960/960 961/961/961
f 965/965/965 964/964/964 960/960/960
f 966/966/966 961/961/961 957/957/957
f 962/962/962 966/966/966 957/957/957
f 966/966/966 965/965/965 961/961/961
f 967/967/967 962/962/962 963/963/963
f 968/968/968 963/963/963 964/964/964
f 968/968/968 967/967/967 963/963/963
f 969/969/969 964/964/964 965/965/965
f 969/969/969 968/968/968 964/964/964
f 970/970/970 965/965/965 966/966/966
f 970/970/970 969/969/969 965/965/965
f 971/971/971 966/966/966 962/962/962
f 967/967/967 971/971/971 962/962/962
f 971/971/971 970/970/970 966/966/966
f 972/972/972 967/967/967 968/968/968
f 973/973/973 968/968/968 969/969/969
f 973/973/973 972/972/972 968/968/968
f 974/974/974 969/969/969 970/970/970
f 974/974/974 973/973/973 969/969/969
f 975/975/975 970/970/970 971/971/971
f 975/975/975 974/974/974 970/970/970
f 976/976/976 971/971/971 967/967/967
f 972/972/972 976/976/976 967/967/967
f 976/976/976 975/975/975 971/971/971
f 977/977/977 972/972/972 973/973/973
f 978/978/978 973/973/973 974/974/974
f 978/978/978 977/977/977 973/973/973
f 979/979/979 974/974/974 975/975/975
f 979/979/979 978/978/978 974/974/974
f 980/980/980 975/975/975 976/976/976
f 980/980/980 979/979/979 975/975/975
f 981/981/981 976/976/976 972/972/972
f 977/977/977 981/981/981 972/972/972
f 981/981/981 980/980/980 976/976/976
f 982/982/982 977/977/977 978/978/978
f 983/983/983 978/978/978 979/979/979
f 983/983/983 982/982/982 978/978/978
f 984/984/984 979/979/979 980/980/980
f 984/984/984 983/983/983 979/979/979
f 985/985/985 980/980/980 981/981/981
f 985/985/985 984/984/984 980/980/980
f 986/986/986 981/981/981 977/977/977
f 982/982/982 986/986/986 977/977/977
f 986/986/986 985/985/985 981/981/981
f 987/987/987 982/982/982 983/983/983
f 988/988/988 983/983/983 984/984/984
f 988/988/988 987/987/987 983/983/983
f 989/989/989 984/984/984 985/985/985
f 989/989/989 988/988/988 984/984/984
f 990/990/990 985/985/985 986/986/986
f 990/990/990 989/989/989 985/985/985
f 991/991/991 986/986/986 982/982/982
f 987/987/987 991/991/991 982/982/982
f 991/991/991 990/990/990 986/986/986
f 992/992/992 987/987/987 988/988/988
f 993/993/993 988/988/988 989/989/989
f 993/993/993 992/992/992 988/988/988
f 994/994/994 989/989/989 990/990/990
f 994/994/994 993/993/993 989/989/989
f 995/995/995 990/990/990 991/991/991
f 995/995/995 994/994/994 990/990/990
f 996/996/996 991/991/991 987/987/987
f 992/992/992 996/996/996 987/987/987
f 996/996/996 995/995/995 991/991/991
f 997/997/997 992/992/992 993/993/993
f 998/998/998 993/993/993 994/994/994
f 998/998/998 997/997/997 993/993/993
f 999/999/999 994/994/994 995/995/995
f 999/999/999 998/998/998 994/994/994
f 1000/1000/1000 995/995/995 996/996/996
f 1000/1000/1000 999/999/999 995/995/995
f 1001/1001/1001 996/996/996 992/992/992
f 997/997/997 1001/1001/1001 992/992/992
f 1001/1001/1001 1000/1000/1000 996/996/996
f 1002/1002/1002 997/997/997 998/998/998
f 1003/1003/1003 998/998/998 999/999/999
f 1003/1003/1003 1002/1002/1002 998/998/998
f 1004/1004/1004 999/999/999 1000/1000/1000
f 1004/1004/1004 1003/1003/1003 999/999/999
f 1005/1005/1005 1000/1000/1000 1001/1001/1001
f 1005/1005/1005 1004/1004/1004 1000/1000/1000
f 1006/1006/1006 1001/1001/1001 997/997/997
f 1002/1002/1002 1006/1006/1006 997/997/997
f 1006/1006/1006 1005/1005/1005 1001/1001/1001
f 1007/1007/1007 1002/1002/1002 1003/1003/1003
f 1008/1008/1008 1003/1003/1003 1004/1004/1004
f 1008/1008/1008 1007/1007/1007 1003/1003/1003
f 1009/1009/1009 1004/1004/1004 1005/1005/1005
f 1009/1009/1009 1008/1008/1008 1004/1004/1004
f 1010/1010/1010 1005/1005/1005 1006/1006/1006
f 1010/1010/1010 1009/1009/1009 1005/1005/1005
f 1011/1011/1011 1006/1006/1006 1002/1002/1002
f 1007/1007/1007 1011/1011/1011 1002/1002/1002
f 1011/1011/1011 1010/1010/1010 1006/1006/1006
f 1012/1012/1012 1007/1007/1007 1008/1008/1008
f 1013/1013/1013 1008/1008/1008 1009/1009/1009
f 1013/1013/1013 1012/1012/1012 1008/1008/1008
f 1014/1014/1014 1009/1009/1009 1010/1010/1010
f 1014/1014/1014 1013/1013/1013 1009/1009/1009
f 1015/1015/1015 1010/1010/1010 1011/1011/1011
f 1015/1015/1015 1014/1014/1014 1010/1010/1010
f 1016/1016/1016 1011/1011/1011 1007/1007/1007
f 1012/1012/1012 1016/1016/1016 1007/1007/1007
f 1016/1016/1016 1015/1015/1015 1011/1011/1011
f 1017/1017/1017 1012/1012/1012 1013/1013/1013
f 1018/1018/1018 1013/1013/1013 1014/1014/1014
f 1018/1018/1018 1017/1017/1017 1013/1013/1013
f 1019/1019/1019 1014/1014/1014 1015/1015/1015
f 1019/1019/1019 1018/1018/1018 1014/1014/1014
f 1020/1020/1020 1015/1015/1015 1016/1016/1016
f 1020/1020/1020 1019/1019/1019 1015/1015/1015
f 1021/1021/1021 1016/1016/1016 1012/1012/1012
f 1017/1017/1017 1021/1021/1021 1012/1012/1012
f 1021/1021/1021 1020/1020/1020 1016/1016/1016
f 1022/1022/1022 1017/1017/1017 1018/1018/1018
f 1023/1023/1023 1018/1018/1018 1019/1019/1019
f 1023/1023/1023 1022/1022/1022 1018/1018/1018
f 1024/1024/1024 1019/1019/1019 1020/1020/1020
f 1024/1024/1024 1023/1023/1023 1019/1019/1019
f 1025/1025/1025 1020/1020/1020 1021/1021/1021
f 1025/1025/1025 1024/1024/1024 1020/1020/1020
f 1026/1026/1026 1021/1021/1021 1017/1017/1017
f 1022/1022/1022 1026/1026/1026 1017/1017/1017
f 1026/1026/1026 1025/1025/1025 1021/1021/1021
f 1027/1027/1027 1022/1022/1022 1023/1023/1023
f 1028/1028/1028 1023/1023/1023 1024/1024/1024
f 1028/1028/1028 1027/1027/1027 1023/1023/1023
f 1029/1029/1029 1024/1024/1024 1025/1025/1025
f 1029/1029/1029 1028/1028/1028 1024/1024/1024
f 1030/1030/1030 1025/1025/1025 1026/1026/1026
f 1030/1030/1030 1029/1029/1029 1025/1025/1025
f 1031/1031/1031 1026/1026/1026 1022/1022/1022
f 1027/1027/1027 1031/1031/1031 1022/1022/1022
f 1031/1031/1031 1030/1030/1030 1026/1026/1026
f 1032/1032/1032 1027/1027/1027 1028/1028/1028
f 1033/1033/1033 1032/1032/1032 1028/1028/1028
f 1033/1033/1033 1028/1028/1028 1029/1029/1029
f 1032/1032/1032 1034/1034/1034 1027/1027/1027
f 1034/1034/1034 1031/1031/1031 1027/1027/1027
f 1035/1035/1035 1033/1033/1033 1029/1029/1029
f 1035/1035/1035 1029/1029/1029 1030/1030/1030
f 1034/1034/1034 1036/1036/1036 1031/1031/1031
f 1036/1036/1036 1035/1035/1035 1030/1030/1030
f 1036/1036/1036 1030/1030/1030 1031/1031/1031
f 1039/1039/1039 1038/1038/1038 1037/1037/1037
f 1040/1040/1040 1039/1039/1039 1037/1037/1037
f 1040/1040/1040 1037/1037/1037 1041/1041/1041
f 1039/1039/1039 1042/1042/1042 1038/1038/1038
f 1042/1042/1042 1043/1043/1043 1038/1038/1038
f 1044/1044/1044 1040/1040/1040 1041/1041/1041
f 1044/1044/1044 1041/1041/1041 1045/1045/1045
f 1046/1046/1046 1045/1045/1045 1043/1043/1043
f 1042/1042/1042 1046/1046/1046 1043/1043/1043
f 1046/1046/1046 1044/1044/1044 1045/1045/1045
f 1047/1047/1047 1039/1039/1039 1040/1040/1040
f 1048/1048/1048 1042/1042/1042 1039/1039/1039
f 1047/1047/1047 1048/1048/1048 1039/1039/1039
f 1049/1049/1049 1040/1040/1040 1044/1044/1044
f 1049/1049/1049 1047/1047/1047 1040/1040/1040
f 1050/1050/1050 1044/1044/1044 1046/1046/1046
f 1050/1050/1050 1049/1049/1049 1044/1044/1044
f 1051/1051/1051 1046/1046/1046 1042/1042/1042
f 1048/1048/1048 1051/1051/1051 1042/1042/1042
f 1051/1051/1051 1050/1050/1050 1046/1046/1046
f 1052/1052/1052 1047/1047/1047 1049/1049/1049
f 1053/1053/1053 1048/1048/1048 1047/1047/1047
f 1052/1052/1052 1053/1053/1053 1047/1047/1047
f 1054/1054/1054 1049/1049/1049 1050/1050/1050
f 1054/1054/1054 1052/1052/1052 1049/1049/1049
f 1055/1055/1055 1050/1050/1050 1051/1051/1051
f 1055/1055/1055 1054/1054/1054 1050/1050/1050
f 1056/1056/1056 1051/1051/1051 1048/1048/1048
f 1053/1053/1053 1056/1056/1056 1048/1048/1048
f 1056/1056/1056 1055/1055/1055 1051/1051/1051
f 1057/1057/1057 1052/1052/1052 1054/1054/1054
f 1058/1058/1058 1053/1053/1053 1052/1052/1052
f 1057/1057/1057 1058/1058/1058 1052/1052/1052
f 1059/1059/1059 1054/1054/1054 1055/1055/1055
f 1059/1059/1059 1057/1057/1057 1054/1054/1054
f 1060/1060/1060 1055/1055/1055 1056/1056/1056
f 1060/1060/1060 1059/1059/1059 1055/1055/1055
f 1061/1061/1061 1056/1056/1056 1053/1053/1053
f 1058/1058/1058 1061/1061/1061 1053/1053/1053
f 1061/1061/1061 1060/1060/1060 1056/1056/1056
f 1062/1062/1062 1057/1057/1057 1059/1059/1059
f 1063/1063/1063 1058/1058/1058 1057/1057/1057
f 1062/1062/1062 1063/1063/1063 1057/1057/1057
f 1064/1064/1064 1059/1059/1059 1060/1060/1060
f 1064/1064/1064 1062/1062/1062 1059/1059/1059
f 1065/1065/1065 1060/1060/1060 1061/1061/1061
f 1065/1065/1065 1064/1064/1064 1060/1060/1060
f 1066/1066/1066 1061/1061/1061 1058/1058/1058
f 1063/1063/1063 1066/1066/1066 1058/1058/1058
f 1066/1066/1066 1065/1065/1065 1061/1061/1061
f 1067/1067/1067 1062/1062/1062 1064/1064/1064
f 1068/1068/1068 1063/1063/1063 1062/1062/1062
f 1067/1067/1067 1068/1068/1068 1062/1062/1062
f 1069/1069/1069 1064/1064/1064 1065/1065/1065
f 1069/1069/1069 1067/1067/1067 1064/1064/1064
f 1070/1070/1070 1065/1065/1065 1066/1066/1066
f 1070/1070/1070 1069/1069/1069 1065/1065/1065
f 1071/1071/1071 1066/1066/1066 1063/1063/1063
f 1068/1068/1068 1071/1071/1071 1063/1063/1063
f 1071/1071/1071 1070/1070/1070 1066/1066/1066
f 1072/1072/1072 1067/1067/1067 1069/1069/1069
f 1073/1073/1073 1068/1068/1068 1067/1067/1067
f 1072/1072/1072 1073/1073/1073 1067/1067/1067
f 1074/1074/1074 1069/1069/1069 1070/1070/1070
f 1074/1074/1074 1072/1072/1072 1069/1069/1069
f 1075/1075/1075 1070/1070/1070 1071/1071/1071
f 1075/1075/1075 1074/1074/1074 1070/1070/1070
f 1076/1076/1076 1071/1071/1071 1068/1068/1068
f 1073/1073/1073 1076/1076/1076 1068/1068/1068
f 1076/1076/1076 1075/1075/1075 1071/1071/1071
f 1077/1077/1077 1072/1072/1072 1074/1074/1074
f 1078/1078/1078 1073/1073/1073 1072/1072/1072
f 1077/1077/1077 1078/1078/1078 1072/1072/1072
f 1079/1079/1079 1074/1074/1074 1075/1075/1075
f 1079/1079/1079 1077/1077/1077 1074/1074/1074
f 1080/1080/1080 1075/1075/1075 1076/1076/1076
f 1080/1080/1080 1079/1079/1079 1075/1075/1075
f 1081/1081/1081 1076/1076/1076 1073/1073/1073
f 1078/1078/1078 1081/1081/1081 1073/1073/1073
f 1081/1081/1081 1080/1080/1080 1076/1076/1076
f 1082/1082/1082 1077/1077/1077 1079/1079/1079
f 1083/1083/1083 1078/1078/1078 1077/1077/1077
f 1082/1082/1082 1083/1083/1083 1077/1077/1077
f 1084/1084/1084 1079/1079/1079 1080/1080/1080
f 1084/1084/1084 1082/1082/1082 1079/1079/1079
f 1085/1085/1085 1080/1080/1080 1081/1081/1081
f 1085/1085/1085 1084/1084/1084 1080/1080/1080
f 1086/1086/1086 1081/1081/1081 1078/1078/1078
f 1083/1083/1083 1086/1086/1086 1078/1078/1078
f 1086/1086/1086 1085/1085/1085 1081/1081/1081
f 1087/1087/1087 1082/1082/1082 1084/1084/1084
f 1088/1088/1088 1083/1083/1083 1082/1082/1082
f 1087/1087/1087 1088/1088/1088 1082/1082/1082
f 1089/1089/1089 1084/1084/1084 1085/1085/1085
f 1089/1089/1089 1087/1087/1087 1084/1084/1084
f 1090/1090/1090 1085/1085/1085 1086/1086/1086
f 1090/1090/1090 1089/1089/1089 1085/1085/1085
f 1091/1091/1091 1086/1086/1086 1083/1083/1083
f 1088/1088/1088 1091/1091/1091 1083/1083/1083
f 1091/1091/1091 1090/1090/1090 1086/1086/1086
f 1092/1092/1092 1087/1087/1087 1089/1089/1089
f 1093/1093/1093 1088/1088/1088 1087/1087/1087
f 1092/1092/1092 1093/1093/1093 1087/1087/1087
f 1094/1094/1094 1089/1089/1089 1090/1090/1090
f 1094/1094/1094 1092/1092/1092 1089/1089/1089
f 1095/1095/1095 1090/1090/1090 1091/1091/1091
f 1095/1095/1095 1094/1094/1094 1090/1090/1090
f 1096/1096/1096 1091/1091/1091 1088/1088/1088
f 1093/1093/1093 1096/1096/1096 1088/1088/1088
f 1096/1096/1096 1095/1095/1095 1091/1091/1091
f 1097/1097/1097 1092/1092/1092 1094/1094/1094
f 1098/1098/1098 1093/1093/1093 1092/1092/1092
f 1097/1097/1097 1098/1098/1098 1092/1092/1092
f 1099/1099/1099 1094/1094/1094 1095/1095/1095
f 1099/1099/1099 1097/1097/1097 1094/1094/1094
f 1100/1100/1100 1095/1095/1095 1096/1096/1096
f 1100/1100/1100 1099/1099/1099 1095/1095/1095
f 1101/1101/1101 1096/1096/1096 1093/1093/1093
f 1098/1098/1098 1101/1101/1101 1093/1093/1093
f 1101/1101/1101 1100/1100/1100 1096/1096/1096
f 1102/1102/1102 1097/1097/1097 1099/1099/1099
f 1103/1103/1103 1098/1098/1098 1097/1097/1097
f 1102/1102/1102 1103/1103/1103 1097/1097/1097
f 1104/1104/1104 1099/1099/1099 1100/1100/1100
f 1104/1104/1104 1102/1102/1102 1099/1099/1099
f 1105/1105/1105 1100/1100/1100 1101/1101/1101
f 1105/1105/1105 1104/1104/1104 1100/1100/1100
f 1106/1106/1106 1101/1101/1101 1098/1098/1098
f 1103/1103/1103 1106/1106/1106 1098/1098/1098
f 1106/1106/1106 1105/1105/1105 1101/1101/1101
f 1107/1107/1107 1102/1102/1102 1104/1104/1104
f 1108/1108/1108 1103/1103/1103 1102/1102/1102
f 1107/1107/1107 1108/1108/1108 1102/1102/1102
f 1109/1109/1109 1104/1104/1104 1105/1105/1105
f 1109/1109/1109 1107/1107/1107 1104/1104/1104
f 1110/1110/1110 1105/1105/1105 1106/1106/1106
f 1110/1110/1110 1109/1109/1109 1105/1105/1105
f 1111/1111/1111 1106/1106/1106 1103/1103/1103
f 1108/1108/1108 1111/1111/1111 1103/1103/1103
f 1111/1111/1111 1110/1110/1110 1106/1106/1106
f 1112/1112/1112 1107/1107/1107 1109/1109/1109
f 1113/1113/1113 1108/1108/1108 1107/1107/1107
f 1112/1112/1112 1113/1113/1113 1107/1107/1107
f 1114/1114/1114 1109/1109/1109 1110/1110/1110
f 1114/1114/1114 1112/1112/1112 1109/1109/1109
f 1115/1115/1115 1110/1110/1110 1111/1111/1111
f 1115/1115/1115 1114/1114/1114 1110/1110/1110
f 1116/1116/1116 1111/1111/1111 1108/1108/1108
f 1113/1113/1113 1116/1116/1116 1108/1108/1108
f 1116/1116/1116 1115/1115/1115 1111/1111/1111
f 1117/1117/1117 1112/1112/1112 1114/1114/1114
f 1118/1118/1118 1113/1113/1113 1112/1112/1112
f 1117/1117/1117 1118/1118/1118 1112/1112/1112
f 1119/1119/1119 1114/1114/1114 1115/1115/1115
f 1119/1119/1119 1117/1117/1117 1114/1114/1114
f 1120/1120/1120 1115/1115/1115 1116/1116/1116
f 1120/1120/1120 1119/1119/1119 1115/1115/1115
f 1121/1121/1121 1116/1116/1116 1113/1113/1113
f 1118/1118/1118 1121/1121/1121 1113/1113/1113
f 1121/1121/1121 1120/1120/1120 1116/1116/1116
f 1122/1122/1122 1117/1117/1117 1119/1119/1119
f 1123/1123/1123 1118/1118/1118 1117/1117/1117
f 1122/1122/1122 1123/1123/1123 1117/1117/1117
f 1124/1124/1124 1119/1119/1119 1120/1120/1120
f 1124/1124/1124 1122/1122/1122 1119/1119/1119
f 1125/1125/1125 1120/1120/1120 1121/1121/1121
f 1125/1125/1125 1124/1124/1124 1120/1120/1120
f 1126/1126/1126 1121/1121/1121 1118/1118/1118
f 1123/1123/1123 1126/1126/1126 1118/1118/1118
f 1126/1126/1126 1125/1125/1125 1121/1121/1121
f 1127/1127/1127 1122/1122/1122 1124/1124/1124
f 1128/1128/1128 1123/1123/1123 1122/1122/1122
f 1127/1127/1127 1128/1128/1128 1122/1122/1122
f 1129/1129/1129 1124/1124/1124 1125/1125/1125
f 1129/1129/1129 1127/1127/1127 1124/1124/1124
f 1130/1130/1130 1125/1125/1125 1126/1126/1126
f 1130/1130/1130 1129/1129/1129 1125/1125/1125
f 1131/1131/1131 1126/1126/1126 1123/1123/1123
f 1128/1128/1128 1131/1131/1131 1123/1123/1123
f 1131/1131/1131 1130/1130/1130 1126/1126/1126
f 1132/1132/1132 1127/1127/1127 1129/1129/1129
f 1133/1133/1133 1128/1128/1128 1127/1127/1127
f 1132/1132/1132 1133/1133/1133 1127/1127/1127
f 1134/1134/1134 1129/1129/1129 1130/1130/1130
f 1134/1134/1134 1132/1132/1132 1129/1129/1129
f 1135/1135/1135 1130/1130/1130 1131/1131/1131
f 1135/1135/1135 1134/1134/1134 1130/1130/1130
f 1136/1136/1136 1131/1131/1131 1128/1128/1128
f 1133/1133/1133 1136/1136/1136 1128/1128/1128
f 1136/1136/1136 1135/1135/1135 1131/1131/1131
f 1137/1137/1137 1132/1132/1132 1134/1134/1134
f 1138/1138/1138 1133/1133/1133 1132/1132/1132
f 1137/1137/1137 1138/1138/1138 1132/1132/1132
f 1139/1139/1139 1134/1134/1134 1135/1135/1135
f 1139/1139/1139 1137/1137/1137 1134/1134/1134
f 1140/1140/1140 1135/1135/1135 1136/1136/1136
f 1140/1140/1140 1139/1139/1139 1135/1135/1135
f 1141/1141/1141 1136/1136/1136 1133/1133/1133
f 1138/1138/1138 1141/1141/1141 1133/1133/1133
f 1141/1141/1141 1140/1140/1140 1136/1136/1136
f 1142/1142/1142 1137/1137/1137 1139/1139/1139
f 1143/1143/1143 1138/1138/1138 1137/1137/1137
f 1142/1142/1142 1143/1143/1143 1137/1137/1137
f 1144/1144/1144 1139/1139/1139 1140/1140/1140
f 1144/1144/1144 1142/1142/1142 1139/1139/1139
f 1145/1145/1145 1140/1140/1140 1141/1141/1141
f 1145/1145/1145 1144/1144/1144 1140/1140/1140
f 1146/1146/1146 1141/1141/1141 1138/1138/1138
f 1143/1143/1143 1146/1146/1146 1138/1138/1138
f 1146/1146/1146 1145/1145/1145 1141/1141/1141
f 1147/1147/1147 1142/1142/1142 1144/1144/1144
f 1148/1148/1148 1143/1143/1143 1142/1142/1142
f 1147/1147/1147 1148/1148/1148 1142/1142/1142
f 1149/1149/1149 1144/1144/1144 1145/1145/1145
f 1149/1149/1149 1147/1147/1147 1144/1144/1144
f 1150/1150/1150 1145/1145/1145 1146/1146/1146
f 1150/1150/1150 1149/1149/1149 1145/1145/1145
f 1151/1151/1151 1146/1146/1146 1143/1143/1143
f 1148/1148/1148 1151/1151/1151 1143/1143/1143
f 1151/1151/1151 1150/1150/1150 1146/1146/1146
f 1152/1152/1152 1147/1147/1147 1149/1149/1149
f 1153/1153/1153 1148/1148/1148 1147/1147/1147
f 1152/1152/1152 1153/1153/1153 1147/1147/1147
f 1154/1154/1154 1149/1149/1149 1150/1150/1150
f 1154/1154/1154 1152/1152/1152 1149/1149/1149
f 1155/1155/1155 1150/1150/1150 1151/1151/1151
f 1155/1155/1155 1154/1154/1154 1150/1150/1150
f 1156/1156/1156 1151/1151/1151 1148/1148/1148
f 1153/1153/1153 1156/1156/1156 1148/1148/1148
f 1156/1156/1156 1155/1155/1155 1151/1151/1151
f 1157/1157/1157 1152/1152/1152 1154/1154/1154
f 1158/1158/1158 1153/1153/1153 1152/1152/1152
f 1157/1157/1157 1158/1158/1158 1152/1152/1152
f 1159/1159/1159 1154/1154/1154 1155/1155/1155
f 1159/1159/1159 1157/1157/1157 1154/1154/1154
f 1160/1160/1160 1155/1155/1155 1156/1156/1156
f 1160/1160/1160 1159/1159/1159 1155/1155/1155
f 1161/1161/1161 1156/1156/1156 1153/1153/1153
f 1158/1158/1158 1161/1161/1161 1153/1153/1153
f 1161/1161/1161 1160/1160/1160 1156/1156/1156
f 1162/1162/1162 1157/1157/1157 1159/1159/1159
f 1163/1163/1163 1158/1158/1158 1157/1157/1157
f 1162/1162/1162 1163/1163/1163 1157/1157/1157
f 1164/1164/1164 1159/1159/1159 1160/1160/1160
f 1164/1164/1164 1162/1162/1162 1159/1159/1159
f 1165/1165/1165 1160/1160/1160 1161/1161/1161
f 1165/1165/1165 1164/1164/1164 1160/1160/1160
f 1166/1166/1166 1161/1161/1161 1158/1158/1158
f 1163/1163/1163 1166/1166/1166 1158/1158/1158
f 1166/1166/1166 1165/1165/1165 1161/1161/1161
f 1167/1167/1167 1162/1162/1162 1164/1164/1164
f 1168/1168/1168 1163/1163/1163 1162/1162/1162
f 1167/1167/1167 1168/1168/1168 1162/1162/1162
f 1169/1169/1169 1164/1164/1164 1165/1165/1165
f 1169/1169/1169 1167/1167/1167 1164/1164/1164
f 1170/1170/1170 1165/1165/1165 1166/1166/1166
f 1170/1170/1170 1169/1169/1169 1165/1165/1165
f 1171/1171/1171 1166/1166/1166 1163/1163/1163
f 1168/1168/1168 1171/1171/1171 1163/1163/1163
f 1171/1171/1171 1170/1170/1170 1166/1166/1166
f 1172/1172/1172 1167/1167/1167 1169/1169/1169
f 1173/1173/1173 1168/1168/1168 1167/1167/1167
f 1172/1172/1172 1173/1173/1173 1167/1167/1167
f 1174/1174/1174 1169/1169/1169 1170/1170/1170
f 1174/1174/1174 1172/1172/1172 1169/1169/1169
f 1175/1175/1175 1170/1170/1170 1171/1171/1171
f 1175/1175/1175 1174/1174/1174 1170/1170/1170
f 1176/1176/1176 1171/1171/1171 1168/1168/1168
f 1173/1173/1173 1176/1176/1176 1168/1168/1168
f 1176/1176/1176 1175/1175/1175 1171/1171/1171
f 1177/1177/1177 1172/1172/1172 1174/1174/1174
f 1178/1178/1178 1173/1173/1173 1172/1172/1172
f 1177/1177/1177 1178/1178/1178 1172/1172/1172
f 1179/1179/1179 1174/1174/1174 1175/1175/1175
f 1179/1179/1179 1177/1177/1177 1174/1174/1174
f 1180/1180/1180 1175/1175/1175 1176/1176/1176
f 1180/1180/1180 1179/1179/1179 1175/1175/1175
f 1181/1181/1181 1176/1176/1176 1173/1173/1173
f 1178/1178/1178 1181/1181/1181 1173/1173/1173
f 1181/1181/1181 1180/1180/1180 1176/1176/1176
f 1182/1182/1182 1177/1177/1177 1179/1179/1179
f 1183/1183/1183 1178/1178/1178 1177/1177/1177
f 1182/1182/1182 1183/1183/1183 1177/1177/1177
f 1184/1184/1184 1179/1179/1179 1180/1180/1180
f 1184/1184/1184 1182/1182/1182 1179/1179/1179
f 1185/1185/1185 1180/1180/1180 1181/1181/1181
f 1185/1185/1185 1184/1184/1184 1180/1180/1180
f 1186/1186/1186 1181/1181/1181 1178/1178/1178
f 1183/1183/1183 1186/1186/1186 1178/1178/1178
f 1186/1186/1186 1185/1185/1185 1181/1181/1181
f 1187/1187/1187 1182/1182/1182 1184/1184/1184
f 1188/1188/1188 1183/1183/1183 1182/1182/1182
f 1187/1187/1187 1188/1188/1188 1182/1182/1182
f 1189/1189/1189 1184/1184/1184 1185/1185/1185
f 1189/1189/1189 1187/1187/1187 1184/1184/1184
f 1190/1190/1190 1185/1185/1185 1186/1186/1186
f 1190/1190/1190 1189/1189/1189 1185/1185/1185
f 1191/1191/1191 1186/1186/1186 1183/1183/1183
f 1188/1188/1188 1191/1191/1191 1183/1183/1183
f 1191/1191/1191 1190/1190/1190 1186/1186/1186
f 1192/1192/1192 1187/1187/1187 1189/1189/1189
f 1193/1193/1193 1188/1188/1188 1187/1187/1187
f 1192/1192/1192 1193/1193/1193 1187/1187/1187
f 1194/1194/1194 1189/1189/1189 1190/1190/1190
f 1194/1194/1194 1192/1192/1192 1189/1189/1189
f 1195/1195/1195 1190/1190/1190 1191/1191/1191
f 1195/1195/1195 1194/1194/1194 1190/1190/1190
f 1196/1196/1196 1191/1191/1191 1188/1188/1188
f 1193/1193/1193 1196/1196/1196 1188/1188/1188
f 1196/1196/1196 1195/1195/1195 1191/1191/1191
f 1197/1197/1197 1192/1192/1192 1194/1194/1194
f 1198/1198/1198 1193/1193/1193 1192/1192/1192
f 1197/1197/1197 1198/1198/1198 1192/1192/1192
f 1199/1199/1199 1194/1194/1194 1195/1195/1195
f 1199/1199/1199 1197/1197/1197 1194/1194/1194
f 1200/1200/1200 1195/1195/1195 1196/1196/1196
f 1200/1200/1200 1199/1199/1199 1195/1195/1195
f 1201/1201/1201 1196/1196/1196 1193/1193/1193
f 1198/1198/1198 1201/1201/1201 1193/1193/1193
f 1201/1201/1201 1200/1200/1200 1196/1196/1196
f 1202/1202/1202 1197/1197/1197 1199/1199/1199
f 1203/1203/1203 1198/1198/1198 1197/1197/1197
f 1202/1202/1202 1203/1203/1203 1197/1197/1197
f 1204/1204/1204 1199/1199/1199 1200/1200/1200
f 1204/1204/1204 1202/1202/1202 1199/1199/1199
f 1205/1205/1205 1200/1200/1200 1201/1201/1201
f 1205/1205/1205 1204/1204/1204 1200/1200/1200
f 1206/1206/1206 1201/1201/1201 1198/1198/1198
f 1203/1203/1203 1206/1206/1206 1198/1198/1198
f 1206/1206/1206 1205/1205/1205 1201/1201/1201
f 1207/1207/1207 1202/1202/1202 1204/1204/1204
f 1208/1208/1208 1203/1203/1203 1202/1202/1202
f 1207/1207/1207 1208/1208/1208 1202/1202/1202
f 1209/1209/1209 1204/1204/1204 1205/1205/1205
f 1209/1209/1209 1207/1207/1207 1204/1204/1204
f 1210/1210/1210 1205/1205/1205 1206/1206/1206
f 1210/1210/1210 1209/1209/1209 1205/1205/1205
f 1211/1211/1211 1206/1206/1206 1203/1203/1203
f 1208/1208/1208 1211/1211/1211 1203/1203/1203
f 1211/1211/1211 1210/1210/1210 1206/1206/1206
f 1212/1212/1212 1207/1207/1207 1209/1209/1209
f 1213/1213/1213 1212/1212/1212 1209/1209/1209
f 1213/1213/1213 1209/1209/1209 1210/1210/1210
f 1212/1212/1212 1214/1214/1214 1207/1207/1207
f 1214/1214/1214 1208/1208/1208 1207/1207/1207
f 1215/1215/1215 1213/1213/1213 1210/1210/1210
f 1215/1215/1215 1210/1210/1210 1211/1211/1211
f 1214/1214/1214 1216/1216/1216 1208/1208/1208
f 1216/1216/1216 1215/1215/1215 1211/1211/1211
f 1216/1216/1216 1211/1211/1211 1208/1208/1208
f 1217/1217/1217 293/293/293 299/299/299
f 1218/1218/1218 1217/1217/1217 299/299/299
f 1218/1218/1218 299/299/299 308/308/308
f 1217/1217/1217 1219/1219/1219 293/293/293
f 1219/1219/1219 292/292/292 293/293/293
f 1220/1220/1220 1218/1218/1218 308/308/308
f 1220/1220/1220 308/308/308 310/310/310
f 1221/1221/1221 310/310/310 292/292/292
f 1219/1219/1219 1221/1221/1221 292/292/292
f 1221/1221/1221 1220/1220/1220 310/310/310
f 1222/1222/1222 1217/1217/1217 1218/1218/1218
f 1223/1223/1223 1219/1219/1219 1217/1217/1217
f 1222/1222/1222 1223/1223/1223 1217/1217/1217
f 1224/1224/1224 1218/1218/1218 1220/1220/1220
f 1224/1224/1224 1222/1222/1222 1218/1218/1218
f 1225/1225/1225 1220/1220/1220 1221/1221/1221
f 1225/1225/1225 1224/1224/1224 1220/1220/1220
f 1226/1226/1226 1221/1221/1221 1219/1219/1219
f 1223/1223/1223 1226/1226/1226 1219/1219/1219
f 1226/1226/1226 1225/1225/1225 1221/1221/1221
f 1227/1227/1227 1222/1222/1222 1224/1224/1224
f 1228/1228/1228 1223/1223/1223 1222/1222/1222
f 1227/1227/1227 1228/1228/1228 1222/1222/1222
f 1229/1229/1229 1224/1224/1224 1225/1225/1225
f 1229/1229/1229 1227/1227/1227 1224/1224/1224
f 1230/1230/1230 1225/1225/1225 1226/1226/1226
f 1230/1230/1230 1229/1229/1229 1225/1225/1225
f 1231/1231/1231 1226/1226/1226 1223/1223/1223
f 1228/1228/1228 1231/1231/1231 1223/1223/1223
f 1231/1231/1231 1230/1230/1230 1226/1226/1226
f 1232/1232/1232 1227/1227/1227 1229/1229/1229
f 1233/1233/1233 1228/1228/1228 1227/1227/1227
f 1232/1232/1232 1233/1233/1233 1227/1227/1227
f 1234/1234/1234 1229/1229/1229 1230/1230/1230
f 1234/1234/1234 1232/1232/1232 1229/1229/1229
f 1235/1235/1235 1230/1230/1230 1231/1231/1231
f 1235/1235/1235 1234/1234/1234 1230/1230/1230
f 1236/1236/1236 1231/1231/1231 1228/1228/1228
f 1233/1233/1233 1236/1236/1236 1228/1228/1228
f 1236/1236/1236 1235/1235/1235 1231/1231/1231
f 1237/1237/1237 1232/1232/1232 1234/1234/1234
f 1238/1238/1238 1233/1233/1233 1232/1232/1232
f 1237/1237/1237 1238/1238/1238 1232/1232/1232
f 1239/1239/1239 1234/1234/1234 1235/1235/1235
f 1239/1239/1239 1237/1237/1237 1234/1234/1234
f 1240/1240/1240 1235/1235/1235 1236/1236/1236
f 1240/1240/1240 1239/1239/1239 1235/1235/1235
f 1241/1241/1241 1236/1236/1236 1233/1233/1233
f 1238/1238/1238 1241/1241/1241 1233/1233/1233
f 1241/1241/1241 1240/1240/1240 1236/1236/1236
f 1242/1242/1242 1237/1237/1237 1239/1239/1239
f 1243/1243/1243 1238/1238/1238 1237/1237/1237
f 1242/1242/1242 1243/1243/1243 1237/1237/1237
f 1244/1244/1244 1239/1239/1239 1240/1240/1240
f 1244/1244/1244 1242/1242/1242 1239/1239/1239
f 1245/1245/1245 1240/1240/1240 1241/1241/1241
f 1245/1245/1245 1244/1244/1244 1240/1240/1240
f 1246/1246/1246 1241/1241/1241 1238/1238/1238
f 1243/1243/1243 1246/1246/1246 1238/1238/1238
f 1246/1246/1246 1245/1245/1245 1241/1241/1241
f 1247/1247/1247 1242/1242/1242 1244/1244/1244
f 1248/1248/1248 1243/1243/1243 1242/1242/1242
f 1247/1247/1247 1248/1248/1248 1242/1242/1242
f 1249/1249/1249 1244/1244/1244 1245/1245/1245
f 1249/1249/1249 1247/1247/1247 1244/1244/1244
f 1250/1250/1250 1245/1245/1245 1246/1246/1246
f 1250/1250/1250 1249/1249/1249 1245/1245/1245
f 1251/1251/1251 1246/1246/1246 1243/1243/1243
f 1248/1248/1248 1251/1251/1251 1243/1243/1243
f 1251/1251/1251 1250/1250/1250 1246/1246/1246
f 1252/1252/1252 1247/1247/1247 1249/1249/1249
f 1253/1253/1253 1248/1248/1248 1247/1247/1247
f 1252/1252/1252 1253/1253/1253 1247/1247/1247
f 1254/1254/1254 1249/1249/1249 1250/1250/1250
f 1254/1254/1254 1252/1252/1252 1249/1249/1249
f 1255/1255/1255 1250/1250/1250 1251/1251/1251
f 1255/1255/1255 1254/1254/1254 1250/1250/1250
f 1256/1256/1256 1251/1251/1251 1248/1248/1248
f 1253/1253/1253 1256/1256/1256 1248/1248/1248
f 1256/1256/1256 1255/1255/1255 1251/1251/1251
f 1257/1257/1257 1252/1252/1252 1254/1254/1254
f 1258/1258/1258 1253/1253/1253 1252/1252/1252
f 1257/1257/1257 1258/1258/1258 1252/1252/1252
f 1259/1259/1259 1254/1254/1254 1255/1255/1255
f 1259/1259/1259 1257/1257/1257 1254/1254/1254
f 1260/1260/1260 1255/1255/1255 1256/1256/1256
f 1260/1260/1260 1259/1259/1259 1255/1255/1255
f 1261/1261/1261 1256/1256/1256 1253/1253/1253
f 1258/1258/1258 1261/1261/1261 1253/1253/1253
f 1261/1261/1261 1260/1260/1260 1256/1256/1256
f 1262/1262/1262 1257/1257/1257 1259/1259/1259
f 1263/1263/1263 1258/1258/1258 1257/1257/1257
f 1262/1262/1262 1263/1263/1263 1257/1257/1257
f 1264/1264/1264 1259/1259/1259 1260/1260/1260
f 1264/1264/1264 1262/1262/1262 1259/1259/1259
f 1265/1265/1265 1260/1260/1260 1261/1261/1261
f 1265/1265/1265 1264/1264/1264 1260/1260/1260
f 1266/1266/1266 1261/1261/1261 1258/1258/1258
f 1263/1263/1263 1266/1266/1266 1258/1258/1258
f 1266/1266/1266 1265/1265/1265 1261/1261/1261
f 1267/1267/1267 1262/1262/1262 1264/1264/1264
f 1268/1268/1268 1263/1263/1263 1262/1262/1262
f 1267/1267/1267 1268/1268/1268 1262/1262/1262
f 1269/1269/1269 1264/1264/1264 1265/1265/1265
f 1269/1269/1269 1267/1267/1267 1264/1264/1264
f 1270/1270/1270 1265/1265/1265 1266/1266/1266
f 1270/1270/1270 1269/1269/1269 1265/1265/1265
f 1271/1271/1271 1266/1266/1266 1263/1263/1263
f 1268/1268/1268 1271/1271/1271 1263/1263/1263
f 1271/1271/1271 1270/1270/1270 1266/1266/1266
f 1272/1272/1272 1267/1267/1267 1269/1269/1269
f 1273/1273/1273 1268/1268/1268 1267/1267/1267
f 1272/1272/1272 1273/1273/1273 1267/1267/1267
f 1274/1274/1274 1269/1269/1269 1270/1270/1270
f 1274/1274/1274 1272/1272/1272 1269/1269/1269
f 1275/1275/1275 1270/1270/1270 1271/1271/1271
f 1275/1275/1275 1274/1274/1274 1270/1270/1270
f 1276/1276/1276 1271/1271/1271 1268/1268/1268
f 1273/1273/1273 1276/1276/1276 1268/1268/1268
f 1276/1276/1276 1275/1275/1275 1271/1271/1271
f 1277/1277/1277 1272/1272/1272 1274/1274/1274
f 1278/1278/1278 1273/1273/1273 1272/1272/1272
f 1277/1277/1277 1278/1278/1278 1272/1272/1272
f 1279/1279/1279 1274/1274/1274 1275/1275/1275
f 1279/1279/1279 1277/1277/1277 1274/1274/1274
f 1280/1280/1280 1275/1275/1275 1276/1276/1276
f 1280/1280/1280 1279/1279/1279 1275/1275/1275
f 1281/1281/1281 1276/1276/1276 1273/1273/1273
f 1278/1278/1278 1281/1281/1281 1273/1273/1273
f 1281/1281/1281 1280/1280/1280 1276/1276/1276
f 1282/1282/1282 1277/1277/1277 1279/1279/1279
f 1283/1283/1283 1278/1278/1278 1277/1277/1277
f 1282/1282/1282 1283/1283/1283 1277/1277/1277
f 1284/1284/1284 1279/1279/1279 1280/1280/1280
f 1284/1284/1284 1282/1282/1282 1279/1279/1279
f 1285/1285/1285 1280/1280/1280 1281/1281/1281
f 1285/1285/1285 1284/1284/1284 1280/1280/1280
f 1286/1286/1286 1281/1281/1281 1278/1278/1278
f 1283/1283/1283 1286/1286/1286 1278/1278/1278
f 1286/1286/1286 1285/1285/1285 1281/1281/1281
f 1287/1287/1287 1282/1282/1282 1284/1284/1284
f 1288/1288/1288 1283/1283/1283 1282/1282/1282
f 1287/1287/1287 1288/1288/1288 1282/1282/1282
f 1289/1289/1289 1284/1284/1284 1285/1285/1285
f 1289/1289/1289 1287/1287/1287 1284/1284/1284
f 1290/1290/1290 1285/1285/1285 1286/1286/1286
f 1290/1290/1290 1289/1289/1289 1285/1285/1285
f 1291/1291/1291 1286/1286/1286 1283/1283/1283
f 1288/1288/1288 1291/1291/1291 1283/1283/1283
f 1291/1291/1291 1290/1290/1290 1286/1286/1286
f 1292/1292/1292 1287/1287/1287 1289/1289/1289
f 1293/1293/1293 1288/1288/1288 1287/1287/1287
f 1292/1292/1292 1293/1293/1293 1287/1287/1287
f 1294/1294/1294 1289/1289/1289 1290/1290/1290
f 1294/1294/1294 1292/1292/1292 1289/1289/1289
f 1295/1295/1295 1290/1290/1290 1291/1291/1291
f 1295/1295/1295 1294/1294/1294 1290/1290/1290
f 1296/1296/1296 1291/1291/1291 1288/1288/1288
f 1293/1293/1293 1296/1296/1296 1288/1288/1288
f 1296/1296/1296 1295/1295/1295 1291/1291/1291
f 1297/1297/1297 1292/1292/1292 1294/1294/1294
f 1298/1298/1298 1293/1293/1293 1292/1292/1292
f 1297/1297/1297 1298/1298/1298 1292/1292/1292
f 1299/1299/1299 1294/1294/1294 1295/1295/1295
f 1299/1299/1299 1297/1297/1297 1294/1294/1294
f 1300/1300/1300 1295/1295/1295 1296/1296/1296
f 1300/1300/1300 1299/1299/1299 1295/1295/1295
f 1301/1301/1301 1296/1296/1296 1293/1293/1293
f 1298/1298/1298 1301/1301/1301 1293/1293/1293
f 1301/1301/1301 1300/1300/1300 1296/1296/1296
f 1302/1302/1302 1297/1297/1297 1299/1299/1299
f 1303/1303/1303 1298/1298/1298 1297/1297/1297
f 1302/1302/1302 1303/1303/1303 1297/1297/1297
f 1304/1304/1304 1299/1299/1299 1300/1300/1300
f 1304/1304/1304 1302/1302/1302 1299/1299/1299
f 1305/1305/1305 1300/1300/1300 1301/1301/1301
f 1305/1305/1305 1304/1304/1304 1300/1300/1300
f 1306/1306/1306 1301/1301/1301 1298/1298/1298
f 1303/1303/1303 1306/1306/1306 1298/1298/1298
f 1306/1306/1306 1305/1305/1305 1301/1301/1301
f 1307/1307/1307 1302/1302/1302 1304/1304/1304
f 1308/1308/1308 1303/1303/1303 1302/1302/1302
f 1307/1307/1307 1308/1308/1308 1302/1302/1302
f 1309/1309/1309 1304/1304/1304 1305/1305/1305
f 1309/1309/1309 1307/1307/1307 1304/1304/1304
f 1310/1310/1310 1305/1305/1305 1306/1306/1306
f 1310/1310/1310 1309/1309/1309 1305/1305/1305
f 1311/1311/1311 1306/1306/1306 1303/1303/1303
f 1308/1308/1308 1311/1311/1311 1303/1303/1303
f 1311/1311/1311 1310/1310/1310 1306/1306/1306
f 1312/1312/1312 1307/1307/1307 1309/1309/1309
f 1313/1313/1313 1308/1308/1308 1307/1307/1307
f 1312/1312/1312 1313/1313/1313 1307/1307/1307
f 1314/1314/1314 1309/1309/1309 1310/1310/1310
f 1314/1314/1314 1312/1312/1312 1309/1309/1309
f 1315/1315/1315 1310/1310/1310 1311/1311/1311
f 1315/1315/1315 1314/1314/1314 1310/1310/1310
f 1316/1316/1316 1311/1311/1311 1308/1308/1308
f 1313/1313/1313 1316/1316/1316 1308/1308/1308
f 1316/1316/1316 1315/1315/1315 1311/1311/1311
f 1317/1317/1317 1312/1312/1312 1314/1314/1314
f 1318/1318/1318 1313/1313/1313 1312/1312/1312
f 1317/1317/1317 1318/1318/1318 1312/1312/1312
f 1319/1319/1319 1314/1314/1314 1315/1315/1315
f 1319/1319/1319 1317/1317/1317 1314/1314/1314
f 1320/1320/1320 1315/1315/1315 1316/1316/1316
f 1320/1320/1320 1319/1319/1319 1315/1315/1315
f 1321/1321/1321 1316/1316/1316 1313/1313/1313
f 1318/1318/1318 1321/1321/1321 1313/1313/1313
f 1321/1321/1321 1320/1320/1320 1316/1316/1316
f 1322/1322/1322 1317/1317/1317 1319/1319/1319
f 1323/1323/1323 1318/1318/1318 1317/1317/1317
f 1322/1322/1322 1323/1323/1323 1317/1317/1317
f 1324/1324/1324 1319/1319/1319 1320/1320/1320
f 1324/1324/1324 1322/1322/1322 1319/1319/1319
f 1325/1325/1325 1320/1320/1320 1321/1321/1321
f 1325/1325/1325 1324/1324/1324 1320/1320/1320
f 1326/1326/1326 1321/1321/1321 1318/1318/1318
f 1323/1323/1323 1326/1326/1326 1318/1318/1318
f 1326/1326/1326 1325/1325/1325 1321/1321/1321
f 1327/1327/1327 1322/1322/1322 1324/1324/1324
f 1328/1328/1328 1323/1323/1323 1322/1322/1322
f 1327/1327/1327 1328/1328/1328 1322/1322/1322
f 1329/1329/1329 1324/1324/1324 1325/1325/1325
f 1329/1329/1329 1327/1327/1327 1324/1324/1324
f 1330/1330/1330 1325/1325/1325 1326/1326/1326
f 1330/1330/1330 1329/1329/1329 1325/1325/1325
f 1331/1331/1331 1326/1326/1326 1323/1323/1323
f 1328/1328/1328 1331/1331/1331 1323/1323/1323
f 1331/1331/1331 1330/1330/1330 1326/1326/1326
f 1332/1332/1332 1327/1327/1327 1329/1329/1329
f 1333/1333/1333 1328/1328/1328 1327/1327/1327
f 1332/1332/1332 1333/1333/1333 1327/1327/1327
f 1334/1334/1334 1329/1329/1329 1330/1330/1330
f 1334/1334/1334 1332/1332/1332 1329/1329/1329
f 1335/1335/1335 1330/1330/1330 1331/1331/1331
f 1335/1335/1335 1334/1334/1334 1330/1330/1330
f 1336/1336/1336 1331/1331/1331 1328/1328/1328
f 1333/1333/1333 1336/1336/1336 1328/1328/1328
f 1336/1336/1336 1335/1335/1335 1331/1331/1331
f 1337/1337/1337 1332/1332/1332 1334/1334/1334
f 1338/1338/1338 1337/1337/1337 1334/1334/1334
f 1338/1338/1338 1334/1334/1334 1335/1335/1335
f 1337/1337/1337 1339/1339/1339 1332/1332/1332
f 1339/1339/1339 1333/1333/1333 1332/1332/1332
f 1340/1340/1340 1338/1338/1338 1335/1335/1335
f 1340/1340/1340 1335/1335/1335 1336/1336/1336
f 1339/1339/1339 1341/1341/1341 1333/1333/1333
f 1341/1341/1341 1340/1340/1340 1336/1336/1336
f 1341/1341/1341 1336/1336/1336 1333/1333/1333
f 1344/1344/1344 1343/1343/1343 1342/1342/1342
f 1345/1345/1345 1344/1344/1344 1342/1342/1342
f 1342/1342/1342 1343/1343/1343 1346/1346/1346
f 1347/1347/1347 1344/1344/1344 1345/1345/1345
f 1348/1348/1348 1347/1347/1347 1345/1345/1345
f 1343/1343/1343 1349/1349/1349 1346/1346/1346
f 1346/1346/1346 1349/1349/1349 1350/1350/1350
f 1350/1350/1350 1351/1351/1351 1348/1348/1348
f 1351/1351/1351 1347/1347/1347 1348/1348/1348
f 1349/1349/1349 1351/1351/1351 1350/1350/1350
f 1344/1344/1344 1352/1352/1352 1343/1343/1343
f 1347/1347/1347 1353/1353/1353 1344/1344/1344
f 1353/1353/1353 1352/1352/1352 1344/1344/1344
f 1351/1351/1351 1354/1354/1354 1347/1347/1347
f 1354/1354/1354 1353/1353/1353 1347/1347/1347
f 1349/1349/1349 1355/1355/1355 1351/1351/1351
f 1355/1355/1355 1354/1354/1354 1351/1351/1351
f 1343/1343/1343 1356/1356/1356 1349/1349/1349
f 1352/1352/1352 1356/1356/1356 1343/1343/1343
f 1356/1356/1356 1355/1355/1355 1349/1349/1349
f 1353/1353/1353 1357/1357/1357 1352/1352/1352
f 1354/1354/1354 1358/1358/1358 1353/1353/1353
f 1358/1358/1358 1357/1357/1357 1353/1353/1353
f 1355/1355/1355 1359/1359/1359 1354/1354/1354
f 1359/1359/1359 1358/1358/1358 1354/1354/1354
f 1352/1352/1352 1360/1360/1360 1356/1356/1356
f 1357/1357/1357 1360/1360/1360 1352/1352/1352
f 1356/1356/1356 1361/1361/1361 1355/1355/1355
f 1361/1361/1361 1359/1359/1359 1355/1355/1355
f 1360/1360/1360 1361/1361/1361 1356/1356/1356
f 1358/1358/1358 1362/1362/1362 1357/1357/1357
f 1359/1359/1359 1363/1363/1363 1358/1358/1358
f 1363/1363/1363 1362/1362/1362 1358/1358/1358
f 1361/1361/1361 1364/1364/1364 1359/1359/1359
f 1364/1364/1364 1363/1363/1363 1359/1359/1359
f 1360/1360/1360 1365/1365/1365 1361/1361/1361
f 1365/1365/1365 1364/1364/1364 1361/1361/1361
f 1357/1357/1357 1366/1366/1366 1360/1360/1360
f 1362/1362/1362 1366/1366/1366 1357/1357/1357
f 1366/1366/1366 1365/1365/1365 1360/1360/1360
f 1363/1363/1363 1367/1367/1367 1362/1362/1362
f 1364/1364/1364 1368/1368/1368 1363/1363/1363
f 1368/1368/1368 1367/1367/1367 1363/1363/1363
f 1365/1365/1365 1369/1369/1369 1364/1364/1364
f 1369/1369/1369 1368/1368/1368 1364/1364/1364
f 1366/1366/1366 1370/1370/1370 1365/1365/1365
f 1370/1370/1370 1369/1369/1369 1365/1365/1365
f 1362/1362/1362 1371/1371/1371 1366/1366/1366
f 1367/1367/1367 1371/1371/1371 1362/1362/1362
f 1371/1371/1371 1370/1370/1370 1366/1366/1366
f 1369/1369/1369 1372/1372/1372 1368/1368/1368
f 1368/1368/1368 1373/1373/1373 1367/1367/1367
f 1372/1372/1372 1373/1373/1373 1368/1368/1368
f 1370/1370/1370 1374/1374/1374 1369/1369/1369
f 1374/1374/1374 1372/1372/1372 1369/1369/1369
f 1371/1371/1371 1375/1375/1375 1370/1370/1370
f 1375/1375/1375 1374/1374/1374 1370/1370/1370
f 1367/1367/1367 1376/1376/1376 1371/1371/1371
f 1373/1373/1373 1376/1376/1376 1367/1367/1367
f 1376/1376/1376 1375/1375/1375 1371/1371/1371
f 1372/1372/1372 1377/1377/1377 1373/1373/1373
f 1377/1377/1377 1378/1378/1378 1373/1373/1373
f 1373/1373/1373 1378/1378/1378 1376/1376/1376
f 1379/1379/1379 1377/1377/1377 1372/1372/1372
f 1374/1374/1374 1379/1379/1379 1372/1372/1372
f 1378/1378/1378 1380/1380/1380 1376/1376/1376
f 1376/1376/1376 1380/1380/1380 1375/1375/1375
f 1381/1381/1381 1379/1379/1379 1374/1374/1374
f 1375/1375/1375 1381/1381/1381 1374/1374/1374
f 1380/1380/1380 1381/1381/1381 1375/1375/1375
