# Meridian LI tube mesh
v -0.020411968149681103 0.7228306529011688 0.024212434887911985
v -0.021465435149681078 0.7223747079011689 0.024465233087911986
v -0.0201413031496811 0.7225298879011688 0.023108720787911985
v -0.021027595149681083 0.7218879459011689 0.02267934378791199
v -0.021846071149681096 0.7217918339011689 0.023517720387911986
v -0.01870603814968108 0.7167933579011688 0.02594570818791199
v -0.01937620314968108 0.7165156599011688 0.026870712587911988
v -0.021465435149681078 0.7223747079011689 0.024465233087911986
v -0.018088117149681088 0.7177558839011688 0.026220515387911994
v -0.0201413031496811 0.7225298879011688 0.023108720787911985
v -0.019172534149681092 0.7173066739011689 0.027717217787911988
v -0.020411968149681103 0.7228306529011688 0.024212434887911985
v -0.018376425149681103 0.7180726529011688 0.027315415487911984
v -0.01419051014968109 0.7137568589011688 0.02956680968791199
v -0.01458269314968108 0.7126570049011689 0.029415897687911988
v -0.014627710149681089 0.7141645849011689 0.030579991687911992
v -0.015290022149681087 0.7133161719011688 0.031055301687911985
v -0.015262201149681104 0.7123847899011688 0.030335888687911983
v -0.009953946149681092 0.7129724029011688 0.03293215468791198
v -0.009541720149681104 0.7125665249011688 0.03190672368791199
v -0.010307729149681089 0.7120483219011688 0.03358025068791198
v -0.009640932149681092 0.7113915979011689 0.03192105168791198
v -0.01011432714968108 0.7110711639011689 0.03295542268791199
v -0.0056832581496810974 0.7127271889011688 0.03447941668791199
v -0.005402237149681105 0.7123225329011689 0.03340943168791198
v -0.005818441149681081 0.7118025129011688 0.03519951568791199
v -0.005363747149681103 0.7111476059011688 0.03346832868791198
v -0.005620956149681083 0.7108265459011689 0.03457462768791199
v -0.0012022701496810784 0.7128170729011688 0.03466456368791199
v -0.0010801551496811002 0.7124007939011688 0.033568620687911985
v -0.0011749711496810977 0.7119058069011688 0.03540924968791198
v -0.0009773671496810798 0.7112313809011688 0.03363613768791199
v -0.0010359581496811043 0.7109255789011688 0.03477366268791199
v 0.003314450850318895 0.7133073209011689 0.03465994468791199
v 0.0032474548503189093 0.7128733699011689 0.03356455268791199
v 0.003443270850318897 0.7124046089011689 0.03540285668791199
v 0.0033347608503189186 0.7117027049011688 0.03363056468791199
v 0.0034558628503189026 0.7114127879011688 0.03476665868791198
v 0.007801264850318901 0.7135143879011688 0.03399025668791199
v 0.00751136285031892 0.7130731049011688 0.03293274368791199
v 0.007970764850318918 0.7126123009011689 0.03472485368791199
v 0.00750176585031892 0.7118981779011688 0.03301373168791198
v 0.007785662850318897 0.7116137739011688 0.03412125268791198
v 0.01224251085031891 0.7132176159011688 0.03234262768791199
v 0.011706217850318917 0.7128013369011688 0.03137268868791199
v 0.0123943988503189 0.7123161259011688 0.03308211268791199
v 0.011526614850318917 0.7116428909011688 0.03151268468791199
v 0.01195201285031891 0.7113432289011687 0.032569207687911994
v 0.0163314938503189 0.7125854489011688 0.030957512687911984
v 0.015604495850318922 0.7122357189011688 0.030097722687911985
v 0.0164287838503189 0.7117016609011688 0.03172720268791199
v 0.015252485850318909 0.7111358639011689 0.030336096687911984
v 0.015762000850318897 0.7108050589011687 0.03134322168791198
v 0.019598096850318908 0.7101521189011688 0.029020122687911987
v 0.018781289850318905 0.7098573149011689 0.02822703118791199
v 0.019641592850318912 0.7093000709011688 0.029829218687911982
v 0.018319889850318904 0.7088227869011688 0.028546035287911983
v 0.0188515928503189 0.7084779139011688 0.02953632968791199
v 0.02254030085031891 0.7078372239011688 0.026872009087911986
v 0.021680697850318897 0.7075753809011689 0.02611339838791199
v 0.0225446968503189 0.7070150669011688 0.02771269528791198
v 0.021153896850318904 0.7065914869011688 0.026485316487911983
v 0.021687909850318904 0.7062454219011689 0.027473688087911993
v 0.0251899808503189 0.7049925029011688 0.025213494887911983
v 0.024296700850318903 0.7047618029011689 0.024484299087911984
v 0.025168493850318913 0.7041947839011689 0.02607689798791199
v 0.0237231998503189 0.7038218679011687 0.02489708368791199
v 0.024261980850318915 0.7034715119011687 0.025881409687911985
v 0.027553394850318907 0.7018125949011689 0.02370659258791198
v 0.0266332928503189 0.7016111609011688 0.02300269158791199
v 0.02751719985031892 0.7010307309011687 0.024583883587911984
v 0.02602849885031891 0.7007047829011688 0.023445099587911994
v 0.026574790850318913 0.7003465299011689 0.02442228798791199
v 0.029834985850318907 0.6979261639011689 0.021884962887911988
v 0.02889306885031892 0.6977509859011688 0.021203353987911983
v 0.02979448485031891 0.6971498129011688 0.022766768887911987
v 0.02827046785031892 0.6968666019011689 0.021664053187911994
v 0.0288275628503189 0.6964949069011688 0.022630259387911994
v 0.03219617885031892 0.6945584119011688 0.019661717087911992
v 0.031235783850318916 0.6944076419011689 0.019000634587911985
v 0.032161980850318905 0.6937741039011689 0.020536832487911993
v 0.030607983850318904 0.6935299639011688 0.019467130287911985
v 0.031180381850318906 0.6931387189011688 0.020416535387911994
v 0.03456811585031891 0.6916097999011688 0.01782292128791199
v 0.033580600850318915 0.6914950609011687 0.01719433818791198
v 0.03456029285031892 0.6907894909011688 0.018666520687911983
v 0.03296248585031891 0.6906045379011688 0.017649315287911985
v 0.033567994850318916 0.6901681419011688 0.01855923238791199
v 0.0378225148503189 0.6885194179011689 0.013906195787911982
v 0.03679960985031891 0.6884547469011688 0.01332909618791199
v 0.0378516168503189 0.6876484449011688 0.01469589768791199
v 0.03619651485031891 0.6875428559011688 0.013762190987911982
v 0.0368467118503189 0.6870448289011688 0.014606885587911983
v 0.0411315258503189 0.6857302789011688 0.008233681287911992
v 0.0400801598503189 0.6857064669011688 0.007707394687911984
v 0.041187449850318913 0.6848190129011689 0.008975379187911983
v 0.0394862438503189 0.6847817899011688 0.00812399388791199
v 0.040170535850318906 0.6842330699011688 0.008907690687911987
v 0.044323622850318906 0.6833630209011688 0.0026581734879119884
v 0.043251305850318916 0.6833727959011688 0.002175770687911985
v 0.0443969368503189 0.6824255289011688 0.0033635720879119924
v 0.0426616968503189 0.6824407879011688 0.002583071587911989
v 0.0433697248503189 0.6818554699011687 0.0033171623879119927
v 0.0467038898503189 0.6803442239011688 -0.003638543212088008
v 0.04561230585031892 0.6803863349011688 -0.004074148812088008
v 0.046790599850318915 0.6793841419011688 -0.002966150612088006
v 0.04502439485031892 0.6794518829011689 -0.0036709458120880167
v 0.045752614850318896 0.6788323819011688 -0.002986148012088019
v 0.048391654850318905 0.6765710409011688 -0.009744375912088016
v 0.047279491850318905 0.6766522229011689 -0.010118879412088014
v 0.0484906878503189 0.6755871479011688 -0.00910837951208801
v 0.0466910748503189 0.6757183669011688 -0.009714275612088014
v 0.04743966485031892 0.6750604209011688 -0.009089779112088012
v 0.049171954850318916 0.6733911039011689 -0.01557769631208801
v 0.04803517485031891 0.6735314729011688 -0.015852596612088016
v 0.0492838768503189 0.6723760959011689 -0.01499420781208801
v 0.04744447785031891 0.6726031299011688 -0.01543890681208801
v 0.0482161788503189 0.6718890369011687 -0.014908298812088015
v 0.049140795850318914 0.6710796949011688 -0.02022439611208801
v 0.04799161885031891 0.6712799069011688 -0.020381402212088014
v 0.04926392485031891 0.6700146499011688 -0.01973749701208801
v 0.047404497850318916 0.6703381239011688 -0.019991595312088016
v 0.048190936850318916 0.6695562599011688 -0.01959360021208801
v 0.04916894485031892 0.6688323919011688 -0.026136118912088016
v 0.048018738850318904 0.6690466109011688 -0.026252113312088016
v 0.04929502285031892 0.6677288709011688 -0.025750130412088013
v 0.047434135850318915 0.6680755619011689 -0.02593761681208801
v 0.04822294385031892 0.6672607359011689 -0.025627411912088012
v 0.048185631850318905 0.6666252019011688 -0.03338218481208801
v 0.0470373038503189 0.6668290499011689 -0.03353109581208801
v 0.048314034850318904 0.6655107139011689 -0.033030286412088015
v 0.046456038850318904 0.6658408939011689 -0.03327139471208801
v 0.04724515985031891 0.6650260989011688 -0.03296179701208801
v 0.04687972385031891 0.6640119849011688 -0.04119516541208801
v 0.0457357318503189 0.6642011999011688 -0.04139017691208802
v 0.047005921850318905 0.6629054249011688 -0.040817167612088014
v 0.04515491385031892 0.6632124189011688 -0.04113266621208801
v 0.04593993685031891 0.6624110339011688 -0.04077856801208801
v 0.048306598850318905 0.6613534389011688 -0.04892631621208801
v 0.04717132485031891 0.6615206899011687 -0.049173824512088016
v 0.048422485850318914 0.6602743569011689 -0.04848308671208801
v 0.04658561985031892 0.6605441269011688 -0.04888288681208801
v 0.04735879585031891 0.6597738569011689 -0.04844982731208801
v 0.05042532085031892 0.6573788229011688 -0.055727617812088015
v 0.049307301850318896 0.6575064059011688 -0.05604983491208801
v 0.050515383850318896 0.6563589279011688 -0.055170886212088016
v 0.04870648685031892 0.6565646229011688 -0.05569267461208802
v 0.0494530948503189 0.6558560129011688 -0.05514897591208801
v 0.052000552850318904 0.6525384489011687 -0.06040114071208801
v 0.05091674585031891 0.6525897089011687 -0.06082235001208801
v 0.0520344078503189 0.6516430679011689 -0.059682261212088014
v 0.05028064585031891 0.6517266629011689 -0.060363479912088014
v 0.05097143385031891 0.6511413459011688 -0.05966344941208801
v 0.0537326928503189 0.6469282509011689 -0.06412333622208802
v 0.052699103850318896 0.6468665899011687 -0.06463249353208801
v 0.0536705698503189 0.6462495329011688 -0.06323864125208802
v 0.05199816785031891 0.6461494269011688 -0.06406065123208801
v 0.05259862585031891 0.6457679569011688 -0.06319992244208801
v 0.0550544108503189 0.6419390739011688 -0.06564903399208802
v 0.054062410850318904 0.6417724489011688 -0.066199003722088
v 0.05488921685031892 0.6415191589011688 -0.06466741208208801
v 0.05328413885031891 0.6412487629011688 -0.06555520184208802
v 0.053795128850318896 0.6410919129011688 -0.06460955273208802
v 0.05578382285031891 0.6361567679011688 -0.06631967192208801
v 0.0548184368503189 0.6359120009011688 -0.06688402314208801
v 0.05553872885031891 0.6359718139011687 -0.06530371308208802
v 0.05397653585031892 0.6355750859011688 -0.06621416239208801
v 0.05442170785031891 0.6356123389011687 -0.06523897312208801
v 0.055920228850318915 0.6304654479011689 -0.06619524117208801
v 0.05497312585031891 0.6301572319011688 -0.06676154258208801
v 0.05561971685031891 0.6304709609011688 -0.06518167164208802
v 0.05408723685031891 0.6299723089011688 -0.06609663134208801
v 0.054486825850318915 0.6301657859011689 -0.06512092240208801
v 0.05598267885031891 0.6234641669011689 -0.06533132680208802
v 0.05504719885031892 0.6231113669011688 -0.06589725613208801
v 0.055647343850318914 0.6236051619011689 -0.06433155667208801
v 0.054133683850318914 0.6230332549011688 -0.065245067232088
v 0.05450460285031891 0.6233390269011688 -0.06427971972208801
v 0.05661776685031891 0.6114285889011688 -0.06355312932208801
v 0.0556890818503189 0.6110458969011688 -0.06411864888208801
v 0.05626197185031892 0.6116562489011688 -0.06256364938208801
v 0.05475924885031891 0.6110379699011688 -0.06347530056208801
v 0.0551133598503189 0.6114151779011688 -0.062516518872088
v 0.0602173508503189 0.6024801139011688 -0.06281991582208801
v 0.05945403885031891 0.6017373209011688 -0.06327030808208801
v 0.0598731188503189 0.6026653649011688 -0.06179989036208801
v 0.0586386768503189 0.6014631689011688 -0.06252513081208802
v 0.05889719685031891 0.6020371619011688 -0.061618677342088014
v 0.06983283185031891 0.5904741589011688 -0.06118319181208801
v 0.0691031068503189 0.5899932089011688 -0.06194221601208801
v 0.0694380548503189 0.5902004239011689 -0.06015507881208801
v 0.0682575998503189 0.5894223749011689 -0.061382237812088014
v 0.0684643538503189 0.5895503159011688 -0.060278994012088014
v 0.07598569985031892 0.5829588769011689 -0.05950761031208801
v 0.07672004385031891 0.5833110209011688 -0.05865976031208801
v 0.0762718468503189 0.5829724369011688 -0.05762702131208801
v 0.0750837028503189 0.5824024079011688 -0.05899879151208801
v 0.07526054985031891 0.5824109909011688 -0.057836591312088015
v 0.0857670758503189 0.5770183209011688 -0.05203053731208801
v 0.08650997285031892 0.5771062079011688 -0.051123520312088014
v 0.0846762658503189 0.5769371389011688 -0.05159982851208801
v 0.0858783868503189 0.5770787299011688 -0.05013223741208801
v 0.0847450788503189 0.5769737659011689 -0.05042661911208801
v 0.46637152185031894 -0.06929343909883118 0.03276200568791199
v 0.4668164698503189 -0.0681836010988312 0.034241378687911994
v 0.4672394398503189 -0.0686779620988312 0.03326229768791199
v 0.4654123488503189 -0.06917938609883117 0.03343197668791199
v 0.4656873198503189 -0.06849348509883119 0.03434628968791199
v 0.4629789588503189 -0.0617990790988312 0.02936266368791199
v 0.46327222885031893 -0.061168104098831166 0.030312560687911994
v 0.4668164698503189 -0.0681836010988312 0.034241378687911994
v 0.4639103558503189 -0.06182998409883117 0.028638772687911984
v 0.46637152185031894 -0.06929343909883118 0.03276200568791199
v 0.4643848988503189 -0.060808986098831175 0.030175767687911983
v 0.4672394398503189 -0.0686779620988312 0.03326229768791199
v 0.4647791978503189 -0.061218113098831184 0.029141261687911993
v 0.44408594085031894 -0.018661886098831182 0.00964260098791199
v 0.4431823198503189 -0.01869776809883117 0.010394103787911987
v 0.4435109938503189 -0.018151969098831156 0.011382602187911983
v 0.44461786785031887 -0.017778873098831194 0.01124199478791199
v 0.4449730958503189 -0.01809397309883115 0.01016661528791199
v 0.4381152538503189 -0.005223066098831164 0.003619693187911985
v 0.4371908758503189 -0.005206972098831197 0.004346795387911981
v 0.4374319758503189 -0.004416197098831176 0.005238197787911986
v 0.4385052768503189 -0.003943592098831161 0.0050619989879119864
v 0.4389276358503189 -0.004442274098831189 0.0040616988879119825
v 0.4278927888503189 0.016474663901168807 -0.006545454312088014
v 0.42700472485031893 0.016436844901168812 -0.005766935612088006
v 0.4272064418503189 0.017255961901168848 -0.0049105361120880126
v 0.42821902085031893 0.01780006290116881 -0.00515975061208801
v 0.4286432118503189 0.017317264901168805 -0.006170235612088015
v 0.4105738248503189 0.044126212901168804 -0.020303722512088014
v 0.4097269628503189 0.04401272490116881 -0.01949601251208801
v 0.4100666348503189 0.04459351290116881 -0.01853093501208801
v 0.41112345485031887 0.04506590990116882 -0.018742233512088015
v 0.4114371688503189 0.04477712490116881 -0.019837833912088015
v 0.37813314785031893 0.10894405890116882 -0.05278595541208801
v 0.3772707138503189 0.10886363690116882 -0.051990773512088015
v 0.3776454778503189 0.10936985890116882 -0.05099716411208802
v 0.3787389098503189 0.10976314590116881 -0.05117828581208801
v 0.3790404348503189 0.10949993090116883 -0.05228386631208801
v 0.3621121348503189 0.1459774079011688 -0.06670963438208802
v 0.3612393288503189 0.14592491090116883 -0.06592362514208801
v 0.3616238538503189 0.14640311890116883 -0.06492092274208801
v 0.3627343918503189 0.1467510309011688 -0.06508713402208802
v 0.3630362148503189 0.14648811490116884 -0.06619263300208801
v 0.3425373208503189 0.20100733590116882 -0.08727222121208801
v 0.3416819198503189 0.20090463790116883 -0.08646861651208801
v 0.3420731498503189 0.2013642339011688 -0.08545924721208802
v 0.3431699578503189 0.20175088990116882 -0.08563891981208802
v 0.3434568198503189 0.20153039690116883 -0.08675944901208801
v 0.3348373178503189 0.22136854390116883 -0.09473996791208801
v 0.3339509738503189 0.22079364990116884 -0.09524591081208801
v 0.3264734818503189 0.23871996250116884 -0.10282750801208801
v 0.33316613685031893 0.2205646559011688 -0.094418721312088
v 0.3346051948503189 0.22149429490116884 -0.09360309131208801
v 0.3348373178503189 0.22136854390116883 -0.09473996791208801
v 0.33357018985031894 0.22099769890116883 -0.09340325001208802
v 0.3262614978503189 0.23875078560116883 -0.10165324811208801
v 0.3264734818503189 0.23871996250116884 -0.10282750801208801
v 0.3170139119503189 0.2518621832011688 -0.11136036371208802
v 0.3168099746503189 0.25232690570116884 -0.11027108881208801
v 0.3062007129503189 0.2650044262011688 -0.12011447551208801
v 0.3060048669503189 0.2659030333011688 -0.11911018941208801
v 0.3256615628503189 0.23811469970116883 -0.10333077981208802
v 0.32495538885031894 0.23778066780116883 -0.10247491491208802
v 0.31624010205031894 0.2511511967011688 -0.11161445081208801
v 0.3170139119503189 0.2518621832011688 -0.11136036371208802
v 0.3054650500503189 0.26418771590116885 -0.12011938541208801
v 0.3038005977503189 0.26753297820116884 -0.12124077231208802
v 0.3155997842503189 0.2511425018011688 -0.11072577911208802
v 0.32531366485031893 0.2381609008011688 -0.101425586312088
v 0.3346051948503189 0.22149429490116884 -0.09360309131208801
v 0.3262614978503189 0.23875078560116883 -0.10165324811208801
v 0.3159285113503189 0.2518565208011688 -0.10987472161208801
v 0.3168099746503189 0.25232690570116884 -0.11027108881208801
v 0.3060048669503189 0.2659030333011688 -0.11911018941208801
v 0.3048905730503189 0.2645043582011688 -0.11919789761208802
v 0.30518975855031893 0.26555214080116885 -0.11854510751208802
v 0.3030604347503189 0.2667846307011688 -0.12119266021208802
v 0.3025947585503189 0.26692957060116884 -0.12021764371208801
v 0.3030298948503189 0.26779756690116885 -0.11961634081208801
v 0.3038371801503189 0.26819845290116884 -0.120199188612088
v 0.3062007129503189 0.2650044262011688 -0.12011447551208801
v 0.2993240803503189 0.2705801949011688 -0.12234035131208801
v 0.2989071905503189 0.27058006450116884 -0.12137788161208801
v 0.2995487228503189 0.27123611420116883 -0.12071650101208801
v 0.3001202642503189 0.2711994536011688 -0.12243673951208801
v 0.30043411255031893 0.2716335878011688 -0.12122975661208801
v 0.2971294447503189 0.27470932160116884 -0.12098309021208802
v 0.2964765578503189 0.27401151510116883 -0.12169116361208801
v 0.2968660220503189 0.2739951126011688 -0.12255816161208802
v 0.2976366430503189 0.2746613137011688 -0.12271489571208802
v 0.2979603260503189 0.2751244754011688 -0.12150083111208801
v 0.2940313741503189 0.2781415172011688 -0.12307112291208802
v 0.2936585247503189 0.2781214900011688 -0.12208838011208802
v 0.2949833124503189 0.27868709710116885 -0.122959256212088
v 0.2951793298503189 0.27900354190116883 -0.121932569912088
v 0.2943385913503189 0.2786627971011688 -0.12143377961208801
v 0.2922189012503189 0.28313552960116883 -0.12310417741208801
v 0.2912150770503189 0.2826692574011688 -0.12313423681208802
v 0.2908789664503189 0.2825761996011688 -0.122027698912088
v 0.2925136014503189 0.2833320610011688 -0.12196079641208801
v 0.2916766777503189 0.28298892830116884 -0.121311239912088
v 0.2896725684503189 0.28740962970116885 -0.12270448361208802
v 0.2886309251503189 0.28698371720116883 -0.12271655721208802
v 0.2882247790503189 0.2868925855011688 -0.12160814921208801
v 0.2899317815503189 0.2875988781011688 -0.12157370891208802
v 0.2890397459503189 0.28728027270116885 -0.120892137312088
v 0.2865042313503189 0.2936824597011688 -0.12206406151208801
v 0.2853930667503189 0.2933012769011688 -0.12212681401208801
v 0.2849951796503189 0.29317529500116885 -0.12102414671208801
v 0.2867932766503189 0.2937920578011688 -0.12092410401208802
v 0.2858605831503189 0.29347856340116885 -0.120282176912088
v 0.2840390056503189 0.3003384396011688 -0.12163054941208801
v 0.28290924425031894 0.3000180051011688 -0.12169871851208802
v 0.2825196869503189 0.2998651117011688 -0.12059536581208802
v 0.2843479961503189 0.3003839105011688 -0.12049175801208802
v 0.2834089696503189 0.30009155160116885 -0.11984981971208801
v 0.28209425505031893 0.3076018132011688 -0.121335350012088
v 0.2809504531503189 0.30733386990116884 -0.12140848491208801
v 0.2805691361503189 0.3071501534011688 -0.120309576412088
v 0.2824197225503189 0.3075835034011688 -0.12021199611208802
v 0.2814771868503189 0.3073045723011688 -0.11957253891208802
v 0.2805913761503189 0.3145044316011688 -0.120851177712088
v 0.2794356755503189 0.3142926395011688 -0.120917953512088
v 0.2790633626503189 0.3140677251011688 -0.11981918661208801
v 0.2809333279503189 0.31441043780116884 -0.119734741712088
v 0.27998895945031893 0.31414035710116883 -0.119091954112088
v 0.2792626433503189 0.32101550931116885 -0.12041423471208801
v 0.2781020589503189 0.32083362481116884 -0.120461985512088
v 0.27773767705031893 0.32056140806116884 -0.11936861651208802
v 0.2796155773503189 0.32085620751116883 -0.11929151041208802
v 0.2786730416503189 0.3205754458911688 -0.11864526201208801
v 0.27645731345031893 0.3374784077011688 -0.11858852951208801
v 0.2753016911503189 0.33726386910116884 -0.11863817651208802
v 0.2749434113503189 0.3369577778011688 -0.11756113541208801
v 0.2768128439503189 0.3373047626011688 -0.11748157811208801
v 0.2758770994503189 0.33698310700116885 -0.11684694881208801
v 0.2723239548503189 0.3551796321011688 -0.115891862612088
v 0.2711854614503189 0.3549081404011688 -0.11595890671208801
v 0.2708335332503189 0.3545821365011688 -0.11488829921208801
v 0.2726761288503189 0.3550215513011688 -0.11478148031208801
v 0.2717535458503189 0.35465247930116883 -0.114159826212088
v 0.2682999074503189 0.3681951500011688 -0.11314150321208802
v 0.2671744562503189 0.3678782247011688 -0.11322418601208802
v 0.2668264433503189 0.3675360866011688 -0.11216056351208802
v 0.2686488777503189 0.3680492751011688 -0.11202837531208801
v 0.2677388824503189 0.3676420189011688 -0.111423190712088
v 0.2634239606503189 0.3807739988011688 -0.11063807831208802
v 0.2623064666503189 0.3804199956011688 -0.11073293161208801
v 0.2619603388503189 0.38006477060116883 -0.10967867451208801
v 0.2637694589503189 0.38063789160116884 -0.10952403401208802
v 0.2628636397503189 0.3801996596011688 -0.10893945391208801
v 0.25923700635031893 0.39200367030116884 -0.108811534912088
v 0.2581407986503189 0.3916185722011688 -0.10891683031208801
v 0.2578059807503189 0.3912520930011688 -0.10787155851208802
v 0.2595755420503189 0.3918751851011688 -0.107702814012088
v 0.2586979717503189 0.3914104849011688 -0.10711875561208802
v 0.2562058866503189 0.3988447189011688 -0.107758183012088
v 0.25512808185031893 0.3984348252011688 -0.10785897821208801
v 0.2547989115503189 0.39805919680116886 -0.10680480671208802
v 0.2565512135503189 0.39872207490116884 -0.106638770512088
v 0.2556778192503189 0.3982367292011688 -0.10605047641208801
v 0.2538472227503189 0.4040083662011688 -0.10687048361208801
v 0.2527822740503189 0.4035525843011688 -0.10697863251208801
v 0.2524585574503189 0.40314838290116883 -0.10592672971208801
v 0.2541937306503189 0.40388575940116883 -0.10575536261208801
v 0.2533387802503189 0.40335399660116883 -0.10517629981208801
v 0.2523882146503189 0.40796478090116883 -0.10630728301208801
v 0.2513368278503189 0.4074510932011688 -0.10643298551208802
v 0.2510300483503189 0.4070013016011688 -0.10538995261208801
v 0.2527367640503189 0.40783187750116884 -0.10519571971208802
v 0.2519001625503189 0.4072364420011688 -0.10463188591208801
v 0.2508979272503189 0.4116344452011688 -0.105528559512088
v 0.2498386241503189 0.4111282304011688 -0.10564451661208801
v 0.24953911265031892 0.4106674194011688 -0.10459765051208801
v 0.2512503284503189 0.41148704290116883 -0.10441669081208801
v 0.2504098936503189 0.4108892828011688 -0.10384586821208802
v 0.24801310155031892 0.41657520090116884 -0.10448646921208801
v 0.2469149064503189 0.41616290810116885 -0.10457326471208801
v 0.2465924695503189 0.4157466441011688 -0.10351569581208801
v 0.2483730558503189 0.41641376170116884 -0.10337983821208802
v 0.2474958281503189 0.4159016758011688 -0.10278194021208802
v 0.2450442165503189 0.4216168597011688 -0.10358486701208802
v 0.2438992168503189 0.42134139690116884 -0.103644147512088
v 0.2435478456503189 0.4209999442011688 -0.10255778771208801
v 0.2454050108503189 0.4214453474011688 -0.10247603061208801
v 0.2444827314503189 0.4210639521011688 -0.10184889291208801
v 0.2414757199503189 0.4299011979011688 -0.103157993412088
v 0.2402754258503189 0.42976088790116884 -0.10315138471208801
v 0.2398937456503189 0.42949706290116885 -0.10202961411208801
v 0.2418349869503189 0.4297238509011688 -0.10205495361208801
v 0.2408628892503189 0.42947398890116883 -0.10137863641208801
v 0.2401475943503189 0.44158252290116884 -0.10242959481208802
v 0.2389315832503189 0.44155189390116883 -0.102406706612088
v 0.2385265585503189 0.4413534109011688 -0.10126966981208801
v 0.2405081782503189 0.44140277790116883 -0.10133439671208802
v 0.2395122759503189 0.44126094090116885 -0.10060993771208801
v 0.24075857545031892 0.4562623949011688 -0.10023511391208802
v 0.2395782694503189 0.45627437490116884 -0.10025382601208802
v 0.2391962464503189 0.45610865990116883 -0.09914796431208801
v 0.2411209531503189 0.4560896609011688 -0.09914911721208801
v 0.2401538323503189 0.4559945319011688 -0.098483137812088
v 0.24149694855031892 0.47030055490116884 -0.09754714551208801
v 0.2403349541503189 0.47026084390116885 -0.097558550512088
v 0.23996919955031892 0.47008749890116885 -0.09649083761208802
v 0.2418626248503189 0.47015102190116886 -0.09643299691208801
v 0.24091642725031892 0.47002010090116886 -0.09581589331208801
v 0.2414886895503189 0.4854927809011688 -0.09459559061208801
v 0.2403325699503189 0.48535865590116883 -0.09466039201208801
v 0.24001861925031892 0.4851691719011688 -0.09365865211208801
v 0.2418622244503189 0.48538607390116884 -0.09350235571208801
v 0.2409672960503189 0.48518584690116884 -0.09294369261208801
v 0.24008385095031892 0.49857367590116886 -0.09165721571208801
v 0.2389509230503189 0.49833022090116885 -0.09173179231208801
v 0.2386346291503189 0.49810348490116885 -0.09073885531208802
v 0.2404679916503189 0.4984980379011688 -0.09062453731208801
v 0.23955911955031892 0.49820586990116883 -0.090022798612088
v 0.23775303275031892 0.5113167469011688 -0.08866037991208801
v 0.2366308821503189 0.5109894869011689 -0.08872890101208801
v 0.2363064419503189 0.5107480589011688 -0.08771243691208802
v 0.2381181949503189 0.5112766619011688 -0.08759740371208802
v 0.2372181164503189 0.5109251739011689 -0.08698720581208802
v 0.2355500450503189 0.5206940029011689 -0.08628619741208801
v 0.2344606630503189 0.5203002099011689 -0.08637603371208802
v 0.23412685745031891 0.5200410779011688 -0.08532468411208802
v 0.23588978215031892 0.5206761059011689 -0.08518753571208801
v 0.23501032315031892 0.5202740429011689 -0.08459016401208802
v 0.2301505319803189 0.5324353279011689 -0.08359355571208801
v 0.2291337433303189 0.5319363329011688 -0.08375882731208802
v 0.2288124696303189 0.5316590819011688 -0.08275161401208801
v 0.2304762117603189 0.5324667249011689 -0.08249633391208801
v 0.2296182862503189 0.5319739129011688 -0.081915165312088
v 0.2250611728503189 0.5416179149011688 -0.08147488251208801
v 0.22409828601031892 0.5409993679011689 -0.08165919871208802
v 0.2237645953403189 0.5406910329011688 -0.08064280171208801
v 0.2253361172003189 0.5416921969011688 -0.08036032319208801
v 0.2245310061803189 0.5411190689011688 -0.07983879186208802
v 0.22103643836031892 0.5486834349011689 -0.07998527121208801
v 0.2201436657903189 0.5479519959011688 -0.08012707345208801
v 0.2198195881203189 0.5476360319011688 -0.079105611892088
v 0.2212588161903189 0.5488225519011688 -0.07884315122208801
v 0.2205138248403189 0.5481734429011689 -0.07832339871208802
v 0.2162720914903189 0.5548501459011688 -0.07892976375208802
v 0.2154707000603189 0.5540190789011689 -0.079052010552088
v 0.2151238103403189 0.5537269559011688 -0.07800302142208801
v 0.21642395435031891 0.5550741549011688 -0.07780818548208801
v 0.2157143256603189 0.5543787329011688 -0.07724167453208801
v 0.2110857432503189 0.5597302169011689 -0.07917708484208802
v 0.2103282399503189 0.5588327349011688 -0.07923698984208802
v 0.20992302425031892 0.5586014089011688 -0.07818996999208801
v 0.2111441278503189 0.5600514109011688 -0.07807940105208801
v 0.21042879575031892 0.5593556459011688 -0.07747359853208802
v 0.20525089655031892 0.5645909009011688 -0.08057436533208802
v 0.2045252081503189 0.5636653449011688 -0.08064475655208801
v 0.2040116935503189 0.5635265709011688 -0.07959337812208801
v 0.2051845975503189 0.5650237199011688 -0.07946716901208802
v 0.2044178433503189 0.5643654619011689 -0.07885345071208802
v 0.20002502945031891 0.5688261689011689 -0.08327195701208802
v 0.1992985587503189 0.5679048449011688 -0.08335101701208801
v 0.1986326649503189 0.5678850119011688 -0.08235383591208802
v 0.1998082026503189 0.5693754849011688 -0.08222631081208802
v 0.19894775935031891 0.5687938179011688 -0.08164462631208802
v 0.19561670905031892 0.5726848099011688 -0.08683601951208801
v 0.1948575843503189 0.5717924829011688 -0.08693779541208801
v 0.1940296422503189 0.5719169979011688 -0.08610092751208802
v 0.19525797475031892 0.5733610839011688 -0.08593613191208802
v 0.1942769866503189 0.5728862289011688 -0.085481802012088
v 0.1916367970503189 0.5758233519011688 -0.09237549451208801
v 0.19089659305031892 0.5749108789011688 -0.09245888331208801
v 0.1899409368503189 0.5751690569011688 -0.09181252121208801
v 0.19113875185031892 0.5766442869011688 -0.09167763221208801
v 0.1900904700503189 0.5762402269011688 -0.09132958021208801
v 0.1868548057503189 0.5795072019011689 -0.09975340401208801
v 0.18620325625031892 0.5785227119011689 -0.09964346511208802
v 0.1851681023503189 0.5788382589011688 -0.09917746111208801
v 0.1862221769503189 0.5804318789011689 -0.09935515001208801
v 0.1851798519503189 0.5800180729011688 -0.09899931401208802
v 0.1825116798503189 0.5814439059011689 -0.10582016411208801
v 0.18187588455031892 0.5805169639011688 -0.10537880291208801
v 0.1807936355503189 0.5808230639011689 -0.10503368081208801
v 0.1818258725503189 0.5823197369011688 -0.10575409601208802
v 0.18076107655031892 0.5819394889011689 -0.10526089371208802
v 0.1767088398503189 0.5846495329011688 -0.11300671101208801
v 0.17607588325031892 0.5837473269011688 -0.11246345941208802
v 0.17493982985031892 0.5840348009011689 -0.11216780171208801
v 0.17596178875031893 0.5854969029011688 -0.11304378881208801
v 0.17487221585031892 0.5851160289011688 -0.112527281012088
v 0.16840964185031893 0.5874608159011688 -0.11980411041208802
v 0.16724096985031892 0.5877420309011688 -0.11951454731208802
v 0.16708399355031892 0.5888921019011688 -0.11970622461208802
v 0.16898762435031892 0.5884292419011687 -0.12019502001208801
v 0.1681579276503189 0.5893196459011688 -0.12011963501208801
v 0.1597436964503189 0.5900664929011687 -0.126996282512088
v 0.1596262454503189 0.5912324189011688 -0.12709823251208802
v 0.16069987045031892 0.5897363129011688 -0.12761658061208803
v 0.1611731611503189 0.5906983019011689 -0.12810188901208802
v 0.16050961245031892 0.5916230979011688 -0.12778137621208802
v 0.15519273285031893 0.5915189979011688 -0.13378106431208803
v 0.15436466035031893 0.5918672979011688 -0.133021950712088
v 0.1556200161503189 0.5924747889011688 -0.134316012312088
v 0.1550563946503189 0.5934133529011688 -0.133887849712088
v 0.1542804688503189 0.5930379029011688 -0.133088029912088
v 0.15241318195031892 0.5852571129011688 -0.144367843912088
v 0.1519977226503189 0.5843031109011688 -0.14382096381208803
v 0.1512096375503189 0.5846560299011688 -0.143022768212088
v 0.15188174695031892 0.5861997609011689 -0.143907658712088
v 0.1511379703503189 0.5858282749011688 -0.143076397512088
v 0.14791977405031892 0.5781856179011688 -0.151760742112088
v 0.1475245729503189 0.5772522389011688 -0.151165373612088
v 0.1467801257503189 0.5776660149011688 -0.15030371401208803
v 0.14741973575031891 0.5791767539011689 -0.151266299212088
v 0.1467147767503189 0.5788561699011688 -0.15036509181208801
v 0.1400503069503189 0.5713576379011689 -0.160082198712088
v 0.13969921325031892 0.5704884229011689 -0.15937311951208802
v 0.13904348015031892 0.5710603299011688 -0.15845097601208802
v 0.1396082788503189 0.5724809919011689 -0.15958996861208802
v 0.1389817893503189 0.5723062899011688 -0.158576786512088
v 0.1301513090503189 0.5659438219011688 -0.16544171421208803
v 0.1298400312503189 0.5651337359011688 -0.164633609312088
v 0.1293343678503189 0.5658754259011688 -0.163693815512088
v 0.12983927135031892 0.5671884119011688 -0.164998136412088
v 0.1293331384503189 0.5671455269011688 -0.163917206212088
v 0.1202746628503189 0.5628528149011688 -0.170056387812088
v 0.11994952685031891 0.5621103939011688 -0.16920448841208802
v 0.11966733585031891 0.5628319089011689 -0.168245397512088
v 0.1201901058503189 0.5640641749011688 -0.16962033511208802
v 0.11981339785031891 0.5640541469011688 -0.168500222312088
v 0.11245075585031891 0.5612576159011688 -0.17327933031208803
v 0.1122568998503189 0.5605022009011689 -0.17239958831208801
v 0.1118369768503189 0.5611144159011688 -0.171482384312088
v 0.11215066185031891 0.5623366539011688 -0.17290595131208802
v 0.1117713228503189 0.5622481109011688 -0.17179541331208803
v 0.1066857578503189 0.5606503929011688 -0.174935482312088
v 0.10645236085031891 0.5598952029011688 -0.174069889312088
v 0.1062445488503189 0.5605177579011689 -0.17309954731208801
v 0.10662250185031891 0.5617394149011689 -0.174501449312088
v 0.1063499598503189 0.5616573689011688 -0.173367493312088
v 0.1005086008503189 0.5605550709011689 -0.17644824131208803
v 0.10018175085031891 0.5598136039011689 -0.17560312931208802
v 0.1002697198503189 0.5603789089011688 -0.174583688312088
v 0.10079873385031891 0.5615786609011688 -0.17595186831208803
v 0.10065098885031891 0.5614694509011688 -0.17479865231208802
v 0.09328371285031892 0.5614850969011689 -0.17756564131208802
v 0.09298062285031891 0.5607358519011688 -0.176716678312088
v 0.0930955408503189 0.5612923799011689 -0.175693273312088
v 0.09358623585031892 0.5625044559011688 -0.177067324312088
v 0.09346985785031892 0.5623852909011688 -0.175910368312088
v 0.0866628288503189 0.5624996869011688 -0.17813166231208802
v 0.08637866385031892 0.5617443469011688 -0.17727728931208803
v 0.08651556085031892 0.5622938129011688 -0.176248692312088
v 0.08697527685031892 0.5635155739011688 -0.177630372312088
v 0.08688427485031891 0.5633885119011688 -0.176466547312088
v 0.07876782085031891 0.5650595729011688 -0.178239204312088
v 0.07849919785031892 0.5642993899011688 -0.177383639312088
v 0.0786539468503189 0.5648428649011689 -0.17635363331208803
v 0.07908847885031892 0.5660727619011688 -0.177737035312088
v 0.07901817585031892 0.5659390539011688 -0.176571987312088
v 0.0706150678503189 0.5677232299011689 -0.177724331312088
v 0.07035899185031891 0.5669590679011688 -0.17686861731208803
v 0.07052767285031891 0.5674977009011688 -0.175837584312088
v 0.0709420588503189 0.5687345859011688 -0.177222162312088
v 0.0708880718503189 0.5685951109011689 -0.176056087312088
v 0.06223310485031891 0.5704677109011689 -0.17690947631208803
v 0.06199422485031891 0.5696980659011688 -0.17605376231208802
v 0.06218269485031891 0.5702302159011688 -0.17502371931208802
v 0.06256921585031891 0.5714760129011688 -0.176407307312088
v 0.0625380728503189 0.5713294599011688 -0.175242223312088
v 0.053647830850318906 0.5732842239011688 -0.17584951931208803
v 0.0534371288503189 0.5725052949011689 -0.17499655531208802
v 0.05365925985031891 0.5730263889011689 -0.173968531312088
v 0.0540003028503189 0.5742875929011688 -0.17534884031208803
v 0.054007321850318896 0.5741281059011688 -0.17418623731208802
v 0.04491035685031891 0.5761507299011688 -0.174188681312088
v 0.04472917285031891 0.5753620119011689 -0.173338532312088
v 0.044987216850318895 0.5758714679011688 -0.172313377312088
v 0.04528032285031891 0.5771479309011689 -0.17368987231208802
v 0.0453277528503189 0.5769756739011689 -0.172530316312088
v 0.0360429288503189 0.5790710449011689 -0.172483392312088
v 0.03588503585031891 0.5782751439011689 -0.17163317631208802
v 0.036171301850318915 0.5787752869011689 -0.170613661412088
v 0.036426543850318904 0.5800640879011688 -0.171984277312088
v 0.03650599685031891 0.5798812509011688 -0.170830793712088
v 0.0269276948503189 0.5819270309011688 -0.170549228812088
v 0.02678765385031892 0.5811248419011688 -0.169704429812088
v 0.027095287850318922 0.5816180409011689 -0.16869089751208802
v 0.02732177085031892 0.5829161999011688 -0.17005461451208803
v 0.027425422850318903 0.5827252869011688 -0.168906159712088
v 0.017683371850318902 0.5845482049011688 -0.16839800771208802
v 0.017555862850318904 0.5837416049011688 -0.167557016012088
v 0.017878085850318914 0.5842301849011688 -0.166542001112088
v 0.018084481850318912 0.5855355259011688 -0.16790492091208803
v 0.018204897850318896 0.5853385929011687 -0.16675791891208802
v 0.008807971850318896 0.5869326289011688 -0.16598505531208801
v 0.008687778850318906 0.5861233179011689 -0.16514048721208802
v 0.009018286850318913 0.5866097509011688 -0.164122417612088
v 0.009212866850318913 0.5879183409011688 -0.16548914461208802
v 0.009342878850318898 0.5877187549011689 -0.164338022512088
v -0.001111448149681088 0.5892079469011688 -0.160284072112088
v -0.0020154421496810793 0.5886525209011688 -0.159305699212088
v 0.0004138498503189203 0.5884535609011688 -0.158648803812088
v 0.001876562850318897 0.5893519819011688 -0.160231888312088
v 0.0028192548503189196 0.5888856949011688 -0.15922131391208802
v 0.017476379850318913 0.5990799369011688 -0.161663159712088
v 0.017314314850318896 0.5988384489011689 -0.160520926112088
v 0.01773513885031891 0.5977599029011689 -0.16032481191208803
v 0.01799753285031891 0.5981499849011689 -0.16217539461208802
v 0.01815767585031891 0.5973340269011689 -0.161352030912088
v 0.0346866698503189 0.6070137619011688 -0.160771548712088
v 0.034478723850318915 0.6067531409011688 -0.15963496271208802
v 0.034886657850318914 0.6056663689011688 -0.15946365891208802
v 0.03522349885031892 0.6060879829011688 -0.16130812461208802
v 0.035347267850318914 0.6052547689011688 -0.16050425171208801
v 0.05067840185031891 0.6136279699011689 -0.15520316361208802
v 0.05038352285031891 0.6133300959011688 -0.154103152412088
v 0.0507628918503189 0.6122339069011689 -0.153909213812088
v 0.0512401168503189 0.6127167049011688 -0.155689150112088
v 0.05129229985031891 0.6118548809011688 -0.154889442012088
v 0.0640204098503189 0.6191284359011688 -0.147362321612088
v 0.06357680285031891 0.6187695559011688 -0.146328546112088
v 0.0639105138503189 0.6176556649011689 -0.146154895412088
v 0.0646281988503189 0.6182354989011688 -0.147827714712088
v 0.06456029385031892 0.6173254849011689 -0.147081561412088
v 0.07234162085031892 0.6231439409011688 -0.139262534712088
v 0.07166703085031892 0.6227008399011689 -0.138388589012088
v 0.07192979785031892 0.6215600969011688 -0.138264082412088
v 0.07302133785031892 0.6222778559011688 -0.139678187712088
v 0.07276681085031891 0.6212988499011689 -0.139061048612088
v 0.07750831585031892 0.6252862809011688 -0.129623495012088
v 0.0765614508503189 0.6247644429011688 -0.129093021112088
v 0.07674065185031892 0.6235998869011687 -0.129074100412088
v 0.07827278985031891 0.6244440079011688 -0.12993233281208802
v 0.07779830685031891 0.6234021189011688 -0.12959282471208802
v 0.0808237348503189 0.6251422469011688 -0.11802452431208801
v 0.07975754185031891 0.6246246699011688 -0.11792213841208801
v 0.07990433285031892 0.6234613359011688 -0.11802361161208802
v 0.08162955985031892 0.6242993469011688 -0.11818932001208801
v 0.0810612588503189 0.6232605279011688 -0.118188787212088
v 0.08206735585031891 0.6220029889011689 -0.10963031281208802
v 0.08100564785031891 0.6215183439011689 -0.10979716851208801
v 0.08115434685031891 0.6203623419011688 -0.10994975641208801
v 0.0828722568503189 0.6211460529011688 -0.10967982931208801
v 0.08230790485031891 0.6201322379011689 -0.10987727721208801
v 0.08304059485031892 0.6163348259011688 -0.10102411731208802
v 0.0820049788503189 0.6158746179011688 -0.10134493371208801
v 0.08215573385031891 0.6147204639011687 -0.10150972941208801
v 0.0838314588503189 0.6154644789011688 -0.100990625112088
v 0.08328458685031892 0.6144671439011689 -0.10129076611208801
v 0.0844585298503189 0.6097484829011688 -0.092902580312088
v 0.0834135558503189 0.6095232069011689 -0.09339431301208802
v 0.08349852285031892 0.6085056369011688 -0.09397760961208801
v 0.0851894018503189 0.6088708939011689 -0.09318176841208801
v 0.0845960528503189 0.6081028279011689 -0.09384603051208801
v 0.08586390285031892 0.6022480729011688 -0.08430730461208802
v 0.08481924285031892 0.6022405919011689 -0.08484772311208802
v 0.0848472118503189 0.6014118789011689 -0.08568081441208801
v 0.08653750985031891 0.6014239189011688 -0.08480637151208802
v 0.08590911285031891 0.6009070579011688 -0.08565545641208801
v 0.0863034428503189 0.5933254659011689 -0.07380210981208801
v 0.08527854085031891 0.5933737459011688 -0.07436871156208802
v 0.0853026058503189 0.5925621089011688 -0.075215383662088
v 0.08696131385031891 0.5924823289011688 -0.07429626095208801
v 0.08634230485031891 0.5920141939011688 -0.075174709552088
v 0.08555626885031892 0.5771755879011689 -0.05090945961208801
v 0.0846003888503189 0.5767311449011688 -0.05095296541208801
v 0.0862992258503189 0.5764204409011688 -0.05107023941208801
v 0.0847509208503189 0.5757011329011688 -0.051143642512088014
v 0.08580011085031891 0.5755092199011689 -0.05121735301208801
v 0.06518797585031891 0.20887272090116882 -0.0021480098120880142
v 0.06406488985031891 0.20879047390116884 -0.0018106028120880163
v 0.06586019685031891 0.20884128690116882 -0.001184105912088007
v 0.0651524958503189 0.20873966090116883 -0.0002509132120880192
v 0.0640429858503189 0.20870823390116883 -0.0006381050120880111
v 0.0629753768503189 0.22906299680116882 0.000769697087911983
v 0.0640850658503189 0.22909168150116882 0.0011566951879119908
v 0.06586019685031891 0.20884128690116882 -0.001184105912088007
v 0.0629972668503189 0.22914600370116883 -0.0004028082120880183
v 0.06406488985031891 0.20879047390116884 -0.0018106028120880163
v 0.0647927668503189 0.22919224200116883 0.00022339078791198952
v 0.06518797585031891 0.20887272090116882 -0.0021480098120880142
v 0.06412047185031891 0.22922580690116884 -0.0007404089120880142
v 0.0620220898503189 0.24904850130116882 0.0021776929879119833
v 0.0620439798503189 0.24913364650116882 0.0010053962879119915
v 0.0631321968503189 0.24906818570116884 0.0025639906879119934
v 0.0631674828503189 0.24920596930116884 0.0006671920879119941
v 0.06384009085031891 0.24916538600116883 0.0016305967879119837
v 0.06129778885031892 0.26829257980116883 0.003585889887911989
v 0.061319380850318905 0.26838169250116883 0.002413988087911989
v 0.06240847685031892 0.26829624180116884 0.00397109238791199
v 0.062443494850318915 0.2684402838011688 0.002074792987911994
v 0.0631165948503189 0.2683874890011688 0.0030371918879119886
v 0.0609167818503189 0.2864239886011688 0.00499469038791199
v 0.0609384028503189 0.2865192033011688 0.003823190887911984
v 0.06202807985031891 0.28640201690116884 0.005377888687911989
v 0.0620629038503189 0.28655612840116884 0.0034822895879119825
v 0.06273637685031891 0.28648380190116884 0.004443190987911988
v 0.06099417785031891 0.30307224210116884 0.006404094387911993
v 0.0610158148503189 0.3031772226011688 0.005233392087911987
v 0.06210528285031891 0.30301120690116884 0.006783992087911986
v 0.06214019685031891 0.3031808846011688 0.004889793687911981
v 0.0628135948503189 0.30307834600116884 0.005848094787911984
v 0.06164538885031892 0.3178696045611688 0.007814988487911984
v 0.06166759085031892 0.31798923388116884 0.006645694387911988
v 0.06275378185031891 0.3177472297111688 0.008188992787911992
v 0.06278978285031891 0.3179410165211688 0.006297096587911985
v 0.06346099085031892 0.31779147964116883 0.007250994487911985
v 0.0629855988503189 0.3304315554011688 0.009226389187911993
v 0.06300868085031891 0.3305582033911688 0.008057892287911983
v 0.06408807685031892 0.3302551638311688 0.009594485187911991
v 0.0641255078503189 0.3304602419911688 0.007703795987911988
v 0.06479257385031892 0.33027286408116885 0.00865349168791199
v 0.06488798585031891 0.34409305450116884 0.010722093287911988
v 0.0649080868503189 0.3441968132011688 0.009551092987911985
v 0.06599058185031892 0.34391757850116883 0.011090494687911984
v 0.06602308185031891 0.3440857306011688 0.009195789687911987
v 0.06669218885031891 0.3439130001011688 0.010147198987911984
v 0.06652380485031892 0.3579404056011688 0.011729091387911991
v 0.0665381848503189 0.3579965569011688 0.010554701087911983
v 0.06763048485031892 0.3577994145011688 0.012099899387911991
v 0.06765378985031892 0.3578906618011688 0.010199591487911983
v 0.0683288868503189 0.3577685915011688 0.011154696387911986
v 0.0679674748503189 0.37188144400116885 0.012090191287911986
v 0.0679754908503189 0.37187686560116884 0.010914199087911983
v 0.06907759585031892 0.3717721924011688 0.012461803887911987
v 0.0690906048503189 0.3717651740011688 0.010558895787911984
v 0.0697716768503189 0.3717004769011688 0.011515393887911993
v 0.06929136785031892 0.38580631090116885 0.011645898187911993
v 0.06929227685031891 0.3857275732011688 0.010472193387911985
v 0.07040426185031892 0.3857266605011688 0.012016400687911988
v 0.07040579585031892 0.38559940080116883 0.01011738178791198
v 0.0710929778503189 0.3855990954011688 0.011071786287911986
v 0.07056799485031892 0.3996057510011688 0.01023628558791198
v 0.07056066385031892 0.3994385153011688 0.009071700287911988
v 0.07168348085031892 0.3995535597011688 0.010603986687911987
v 0.0716715898503189 0.3992828727011688 0.008719697587911981
v 0.07236547785031891 0.3993539810011688 0.009666696187911994
v 0.07187010385031892 0.41316989810116883 0.007701091487911982
v 0.0718527878503189 0.4128995091011688 0.0065557956879119805
v 0.07298795885031892 0.4131430387011688 0.00806398688791199
v 0.07295995985031892 0.4127057269011688 0.0062107890879119915
v 0.07366156585031891 0.4128564820011688 0.007142893987911986
v 0.07326818985031891 0.42636875060116886 0.0038843899879119903
v 0.07323965385031891 0.4259878919011688 0.002770990087911984
v 0.07439047085031891 0.4263858348011688 0.0042350962879119936
v 0.0743443968503189 0.42576999220116885 0.0024335905879119824
v 0.07505567385031892 0.4260156602011688 0.0033383890879119804
v 0.0742378828503189 0.4387683419011688 -0.0010917038120880074
v 0.0742021798503189 0.4382883009011688 -0.002165302612088013
v 0.07536588585031892 0.43885898590116884 -0.0007699057120880148
v 0.07530805485031891 0.4380826129011688 -0.0025071055120880065
v 0.0760272888503189 0.4384353979011688 -0.0016448125120880064
v 0.07489812385031891 0.45072829690116883 -0.007047608512088008
v 0.0748612728503189 0.4501744059011688 -0.008084408912088017
v 0.0760272738503189 0.4508903469011688 -0.006761305012088006
v 0.07596754985031892 0.44999404290116884 -0.008438907612088015
v 0.07668814085031891 0.45043654690116885 -0.007621206312088014
v 0.07571618285031892 0.46237334590116885 -0.013720806712088016
v 0.0756807778503189 0.4617709369011688 -0.01472990591208801
v 0.07684364885031891 0.4625820819011688 -0.013461306712088013
v 0.07678657785031892 0.46160735190116886 -0.015094004612088013
v 0.07750526085031892 0.4621087609011688 -0.014310006012088011
v 0.0771691798503189 0.4735644159011688 -0.020842198312088014
v 0.07713545885031892 0.47293665990116884 -0.021835595412088016
v 0.07829520085031891 0.4737978729011688 -0.02059790491208801
v 0.0782406478503189 0.4727819409011688 -0.02220510691208801
v 0.07895734885031891 0.4733138679011688 -0.021440207912088012
v 0.07974936085031892 0.4841581289011688 -0.028142705512088015
v 0.07971587785031892 0.48352672190116885 -0.029133804112088012
v 0.08087508385031891 0.48439495290116885 -0.02790051701208801
v 0.08082091785031892 0.48337322490116885 -0.029504116612088016
v 0.0815373208503189 0.48390971090116885 -0.028741896112088015
v 0.08143098685031891 0.49498827790116884 -0.035561509412088015
v 0.08139991785031891 0.4944093229011688 -0.03658494351208801
v 0.0825565608503189 0.49520282490116885 -0.035304904012088016
v 0.0825063138503189 0.49426600290116884 -0.03696079921208801
v 0.08322112285031891 0.4947564599011688 -0.036169637012088016
v 0.08199194085031891 0.5063213709011688 -0.04224834221208801
v 0.08195677385031891 0.5057970439011689 -0.04330130671208801
v 0.08311997385031891 0.5065125969011688 -0.04197858461208801
v 0.08306312585031891 0.5056641699011688 -0.04368226791208801
v 0.0837819878503189 0.5061065559011688 -0.04286476411208801
v 0.08138616385031891 0.5183253739011688 -0.047458589112088015
v 0.08134366585031891 0.5178947749011689 -0.04855439811208801
v 0.08251561185031892 0.5184874239011689 -0.04717550051208801
v 0.0824468728503189 0.5177904069011688 -0.04894848911208802
v 0.08317127785031891 0.5181566179011688 -0.04809628611208801
v 0.0819122348503189 0.5331532659011688 -0.05012345501208801
v 0.0818624498503189 0.5328578499011688 -0.05126207511208801
v 0.08304277085031891 0.5332954679011688 -0.04983415831208801
v 0.0829622298503189 0.5328175719011689 -0.05167653221208801
v 0.0836917158503189 0.5330879539011688 -0.050793964412088013
v 0.0825017688503189 0.5483205019011688 -0.052221315012088015
v 0.08244478685031892 0.5481236579011688 -0.053381316412088015
v 0.0836333928503189 0.5484484729011688 -0.05192887411208801
v 0.0835411698503189 0.5481299159011688 -0.053805867212088014
v 0.08427575185031891 0.5483306049011688 -0.05290820821208801
v 0.0827020408503189 0.5635675339011688 -0.053580524412088014
v 0.08263826385031892 0.5634707959011689 -0.054750915612088016
v 0.0838346628503189 0.5636810659011688 -0.05328652451208801
v 0.08373144285031892 0.5635242019011688 -0.05518033731208801
v 0.08447083785031892 0.5636541989011689 -0.05427533761208801
v 0.0837235598503189 0.5702706429011688 -0.05200357181208801
v 0.08485652485031892 0.5703798979011688 -0.051709381912088015
v 0.08549040585031892 0.5703802109011689 -0.05269942991208801
v 0.0847492518503189 0.5702712539011688 -0.05360543911208801
v 0.08365726485031891 0.5702039599011688 -0.05317536931208801
v 0.0858783868503189 0.5770787299011688 -0.05013223741208801
v 0.08650997285031892 0.5771062079011688 -0.051123520312088014
v 0.0847450788503189 0.5769737659011689 -0.05042661911208801
v 0.0857670758503189 0.5770183209011688 -0.05203053731208801
v 0.0846762658503189 0.5769371389011688 -0.05159982851208801
v 0.03677751085031891 0.6886345449011688 0.01421250398791199
v 0.0372909758503189 0.6881124079011689 0.014797382087911981
v 0.031687691850318916 0.6871459189011688 0.013289220587911987
v 0.03146903185031891 0.6875588889011688 0.012569569087911986
v 0.03655993985031891 0.6881085039011688 0.01346775888791199
v 0.03220145385031892 0.6865389939011688 0.013082638387911988
v 0.03739118585031892 0.6872632499011688 0.014414146587911986
v 0.03183804485031891 0.6871871949011688 0.011901512787911989
v 0.036939546850318916 0.6872607469011689 0.013592414587911994
v 0.032294109850318914 0.6865157189011688 0.012256607387911983
v 0.02762635085031892 0.6852656599011688 0.012857504187911983
v 0.0278659458503189 0.6845754979011689 0.012444153387911994
v 0.02719812085031892 0.6856454309011688 0.012287832787911984
v 0.027202814850318918 0.6851766999011688 0.011487834187911994
v 0.027648418850318907 0.6844575409011688 0.011580653487911985
v 0.023983150850318907 0.6828625499011689 0.013686589887911993
v 0.024022683850318916 0.6821869609011688 0.013289727287911987
v 0.02338172485031892 0.6832426489011688 0.013357557387911986
v 0.0230326798503189 0.6828317049011688 0.012701623187911987
v 0.023439839850318916 0.6821681859011688 0.01266398278791199
v 0.0189989208503189 0.6798449759011689 0.01842121778791199
v 0.019130512850318915 0.6790709499011689 0.017930015887911988
v 0.018485217850318897 0.6803278329011688 0.018002837887911988
v 0.018296718850318916 0.6798769239011688 0.01725300398791199
v 0.01868249485031892 0.6791180969011688 0.017208322887911992
v 0.013517573850318904 0.6776366229011688 0.02242617308791199
v 0.013683795850318897 0.6767996249011689 0.021834611887911984
v 0.01300615085031892 0.6781928839011688 0.02200927588791199
v 0.012865021850318903 0.6777010259011689 0.021187804687911982
v 0.013278543850318902 0.6768772899011688 0.021066740187911992
v 0.0083377058503189 0.6766310039011688 0.02369652688791199
v 0.008521303850318906 0.6759648029011689 0.023003749587911987
v 0.0077364298503189155 0.6771359149011689 0.023299239587911982
v 0.007568090850318898 0.6767845749011688 0.022399663887911994
v 0.008074909850318918 0.6760806139011688 0.022210530887911986
v 0.002079829850318904 0.6758083109011688 0.023806311187911988
v 0.0021435318503189027 0.6751043499011689 0.02319724108791199
v 0.001606747850318918 0.6763874589011688 0.023328214887911994
v 0.0013758238503188969 0.6760586499011688 0.022454716287911985
v 0.0017163008503189026 0.6752721969011688 0.02235335108791199
v -0.004205465149681092 0.6757884029011688 0.023020900787911983
v -0.004214868149681084 0.6750885549011688 0.02258982508791199
v -0.004547715149681081 0.6765007679011688 0.022439241387911993
v -0.004792079149681078 0.6762653289011689 0.021650336687911984
v -0.004591197149681092 0.6753975449011689 0.021729029687911988
v -0.010958746149681092 0.6773659289011689 0.021914295887911994
v -0.011133194149681086 0.6766548159011688 0.02149935068791199
v -0.011020109149681101 0.6782054009011689 0.021228186787911982
v -0.011244014149681097 0.6780011649011688 0.02045057718791199
v -0.011328429149681102 0.6770490109011689 0.02060968428791199
v -0.017248124149681104 0.6803045569011688 0.02026057988791198
v -0.017594114149681095 0.6795915959011688 0.019807174787911982
v -0.017041862149681092 0.6811955869011688 0.019522100687911992
v -0.017252207149681092 0.6809917989011689 0.01873596758791199
v -0.017617687149681094 0.6800095139011688 0.01891004298791199
v -0.02329495514968108 0.6840336619011689 0.017904065587911994
v -0.023566052149681105 0.6832143369011688 0.017419449987911992
v -0.022983461149681084 0.6848203839011688 0.01729893688791198
v -0.023061961149681093 0.6845054629011689 0.016504354787911985
v -0.0234483631496811 0.6835546789011688 0.016589954487911993
v -0.02990983414968107 0.6876078849011689 0.013678282487911989
v -0.03039462814968108 0.6869808729011688 0.014003246987911985
v -0.029578820149681107 0.6873333749011687 0.012958034887911987
v -0.029853329149681085 0.6865331229011689 0.012827023887911987
v -0.03035099814968112 0.6863200369011688 0.013470821087911991
f 3/3/3 2/2/2 1/1/1
f 2/2/2 3/3/3 4/4/4
f 5/5/5 2/2/2 4/4/4
f 4/4/4 6/6/6 5/5/5
f 6/6/6 7/7/7 5/5/5
f 5/5/5 7/7/7 8/8/8
f 9/9/9 6/6/6 4/4/4
f 10/10/10 9/9/9 4/4/4
f 7/7/7 11/11/11 8/8/8
f 8/8/8 11/11/11 12/12/12
f 12/12/12 13/13/13 10/10/10
f 13/13/13 9/9/9 10/10/10
f 11/11/11 13/13/13 12/12/12
f 9/9/9 14/14/14 6/6/6
f 6/6/6 15/15/15 7/7/7
f 14/14/14 15/15/15 6/6/6
f 13/13/13 16/16/16 9/9/9
f 16/16/16 14/14/14 9/9/9
f 11/11/11 17/17/17 13/13/13
f 17/17/17 16/16/16 13/13/13
f 7/7/7 18/18/18 11/11/11
f 15/15/15 18/18/18 7/7/7
f 18/18/18 17/17/17 11/11/11
f 16/16/16 19/19/19 14/14/14
f 14/14/14 20/20/20 15/15/15
f 19/19/19 20/20/20 14/14/14
f 17/17/17 21/21/21 16/16/16
f 21/21/21 19/19/19 16/16/16
f 15/15/15 22/22/22 18/18/18
f 20/20/20 22/22/22 15/15/15
f 18/18/18 23/23/23 17/17/17
f 23/23/23 21/21/21 17/17/17
f 22/22/22 23/23/23 18/18/18
f 19/19/19 21/21/21 24/24/24
f 20/20/20 19/19/19 25/25/25
f 19/19/19 24/24/24 25/25/25
f 21/21/21 23/23/23 26/26/26
f 21/21/21 26/26/26 24/24/24
f 22/22/22 20/20/20 27/27/27
f 20/20/20 25/25/25 27/27/27
f 23/23/23 22/22/22 28/28/28
f 23/23/23 28/28/28 26/26/26
f 22/22/22 27/27/27 28/28/28
f 24/24/24 26/26/26 29/29/29
f 25/25/25 24/24/24 30/30/30
f 24/24/24 29/29/29 30/30/30
f 26/26/26 28/28/28 31/31/31
f 26/26/26 31/31/31 29/29/29
f 27/27/27 25/25/25 32/32/32
f 25/25/25 30/30/30 32/32/32
f 28/28/28 27/27/27 33/33/33
f 28/28/28 33/33/33 31/31/31
f 27/27/27 32/32/32 33/33/33
f 29/29/29 31/31/31 34/34/34
f 30/30/30 29/29/29 35/35/35
f 29/29/29 34/34/34 35/35/35
f 31/31/31 33/33/33 36/36/36
f 31/31/31 36/36/36 34/34/34
f 32/32/32 30/30/30 37/37/37
f 30/30/30 35/35/35 37/37/37
f 33/33/33 32/32/32 38/38/38
f 33/33/33 38/38/38 36/36/36
f 32/32/32 37/37/37 38/38/38
f 34/34/34 36/36/36 39/39/39
f 35/35/35 34/34/34 40/40/40
f 34/34/34 39/39/39 40/40/40
f 36/36/36 38/38/38 41/41/41
f 36/36/36 41/41/41 39/39/39
f 37/37/37 35/35/35 42/42/42
f 35/35/35 40/40/40 42/42/42
f 38/38/38 37/37/37 43/43/43
f 38/38/38 43/43/43 41/41/41
f 37/37/37 42/42/42 43/43/43
f 39/39/39 41/41/41 44/44/44
f 40/40/40 39/39/39 45/45/45
f 39/39/39 44/44/44 45/45/45
f 41/41/41 43/43/43 46/46/46
f 41/41/41 46/46/46 44/44/44
f 42/42/42 40/40/40 47/47/47
f 40/40/40 45/45/45 47/47/47
f 43/43/43 42/42/42 48/48/48
f 43/43/43 48/48/48 46/46/46
f 42/42/42 47/47/47 48/48/48
f 44/44/44 46/46/46 49/49/49
f 45/45/45 44/44/44 50/50/50
f 44/44/44 49/49/49 50/50/50
f 46/46/46 48/48/48 51/51/51
f 46/46/46 51/51/51 49/49/49
f 47/47/47 45/45/45 52/52/52
f 45/45/45 50/50/50 52/52/52
f 48/48/48 47/47/47 53/53/53
f 48/48/48 53/53/53 51/51/51
f 47/47/47 52/52/52 53/53/53
f 49/49/49 51/51/51 54/54/54
f 50/50/50 49/49/49 55/55/55
f 49/49/49 54/54/54 55/55/55
f 51/51/51 53/53/53 56/56/56
f 51/51/51 56/56/56 54/54/54
f 52/52/52 50/50/50 57/57/57
f 50/50/50 55/55/55 57/57/57
f 53/53/53 52/52/52 58/58/58
f 53/53/53 58/58/58 56/56/56
f 52/52/52 57/57/57 58/58/58
f 54/54/54 56/56/56 59/59/59
f 55/55/55 54/54/54 60/60/60
f 54/54/54 59/59/59 60/60/60
f 56/56/56 58/58/58 61/61/61
f 56/56/56 61/61/61 59/59/59
f 57/57/57 55/55/55 62/62/62
f 55/55/55 60/60/60 62/62/62
f 58/58/58 57/57/57 63/63/63
f 58/58/58 63/63/63 61/61/61
f 57/57/57 62/62/62 63/63/63
f 59/59/59 61/61/61 64/64/64
f 60/60/60 59/59/59 65/65/65
f 59/59/59 64/64/64 65/65/65
f 61/61/61 63/63/63 66/66/66
f 61/61/61 66/66/66 64/64/64
f 62/62/62 60/60/60 67/67/67
f 60/60/60 65/65/65 67/67/67
f 63/63/63 62/62/62 68/68/68
f 63/63/63 68/68/68 66/66/66
f 62/62/62 67/67/67 68/68/68
f 64/64/64 66/66/66 69/69/69
f 65/65/65 64/64/64 70/70/70
f 64/64/64 69/69/69 70/70/70
f 66/66/66 68/68/68 71/71/71
f 66/66/66 71/71/71 69/69/69
f 67/67/67 65/65/65 72/72/72
f 65/65/65 70/70/70 72/72/72
f 68/68/68 67/67/67 73/73/73
f 68/68/68 73/73/73 71/71/71
f 67/67/67 72/72/72 73/73/73
f 69/69/69 71/71/71 74/74/74
f 70/70/70 69/69/69 75/75/75
f 69/69/69 74/74/74 75/75/75
f 71/71/71 73/73/73 76/76/76
f 71/71/71 76/76/76 74/74/74
f 72/72/72 70/70/70 77/77/77
f 70/70/70 75/75/75 77/77/77
f 73/73/73 72/72/72 78/78/78
f 73/73/73 78/78/78 76/76/76
f 72/72/72 77/77/77 78/78/78
f 74/74/74 76/76/76 79/79/79
f 75/75/75 74/74/74 80/80/80
f 74/74/74 79/79/79 80/80/80
f 76/76/76 78/78/78 81/81/81
f 76/76/76 81/81/81 79/79/79
f 77/77/77 75/75/75 82/82/82
f 75/75/75 80/80/80 82/82/82
f 78/78/78 77/77/77 83/83/83
f 78/78/78 83/83/83 81/81/81
f 77/77/77 82/82/82 83/83/83
f 79/79/79 81/81/81 84/84/84
f 80/80/80 79/79/79 85/85/85
f 79/79/79 84/84/84 85/85/85
f 81/81/81 83/83/83 86/86/86
f 81/81/81 86/86/86 84/84/84
f 82/82/82 80/80/80 87/87/87
f 80/80/80 85/85/85 87/87/87
f 83/83/83 82/82/82 88/88/88
f 83/83/83 88/88/88 86/86/86
f 82/82/82 87/87/87 88/88/88
f 84/84/84 86/86/86 89/89/89
f 85/85/85 84/84/84 90/90/90
f 84/84/84 89/89/89 90/90/90
f 86/86/86 88/88/88 91/91/91
f 86/86/86 91/91/91 89/89/89
f 87/87/87 85/85/85 92/92/92
f 85/85/85 90/90/90 92/92/92
f 88/88/88 87/87/87 93/93/93
f 88/88/88 93/93/93 91/91/91
f 87/87/87 92/92/92 93/93/93
f 89/89/89 91/91/91 94/94/94
f 90/90/90 89/89/89 95/95/95
f 89/89/89 94/94/94 95/95/95
f 91/91/91 93/93/93 96/96/96
f 91/91/91 96/96/96 94/94/94
f 92/92/92 90/90/90 97/97/97
f 90/90/90 95/95/95 97/97/97
f 93/93/93 92/92/92 98/98/98
f 93/93/93 98/98/98 96/96/96
f 92/92/92 97/97/97 98/98/98
f 94/94/94 96/96/96 99/99/99
f 95/95/95 94/94/94 100/100/100
f 94/94/94 99/99/99 100/100/100
f 96/96/96 98/98/98 101/101/101
f 96/96/96 101/101/101 99/99/99
f 97/97/97 95/95/95 102/102/102
f 95/95/95 100/100/100 102/102/102
f 98/98/98 97/97/97 103/103/103
f 98/98/98 103/103/103 101/101/101
f 97/97/97 102/102/102 103/103/103
f 99/99/99 101/101/101 104/104/104
f 100/100/100 99/99/99 105/105/105
f 99/99/99 104/104/104 105/105/105
f 101/101/101 103/103/103 106/106/106
f 101/101/101 106/106/106 104/104/104
f 102/102/102 100/100/100 107/107/107
f 100/100/100 105/105/105 107/107/107
f 103/103/103 102/102/102 108/108/108
f 103/103/103 108/108/108 106/106/106
f 102/102/102 107/107/107 108/108/108
f 104/104/104 106/106/106 109/109/109
f 105/105/105 104/104/104 110/110/110
f 104/104/104 109/109/109 110/110/110
f 106/106/106 108/108/108 111/111/111
f 106/106/106 111/111/111 109/109/109
f 107/107/107 105/105/105 112/112/112
f 105/105/105 110/110/110 112/112/112
f 108/108/108 107/107/107 113/113/113
f 108/108/108 113/113/113 111/111/111
f 107/107/107 112/112/112 113/113/113
f 109/109/109 111/111/111 114/114/114
f 110/110/110 109/109/109 115/115/115
f 109/109/109 114/114/114 115/115/115
f 111/111/111 113/113/113 116/116/116
f 111/111/111 116/116/116 114/114/114
f 112/112/112 110/110/110 117/117/117
f 110/110/110 115/115/115 117/117/117
f 113/113/113 112/112/112 118/118/118
f 113/113/113 118/118/118 116/116/116
f 112/112/112 117/117/117 118/118/118
f 114/114/114 116/116/116 119/119/119
f 115/115/115 114/114/114 120/120/120
f 114/114/114 119/119/119 120/120/120
f 116/116/116 118/118/118 121/121/121
f 116/116/116 121/121/121 119/119/119
f 117/117/117 115/115/115 122/122/122
f 115/115/115 120/120/120 122/122/122
f 118/118/118 117/117/117 123/123/123
f 118/118/118 123/123/123 121/121/121
f 117/117/117 122/122/122 123/123/123
f 119/119/119 121/121/121 124/124/124
f 120/120/120 119/119/119 125/125/125
f 119/119/119 124/124/124 125/125/125
f 121/121/121 123/123/123 126/126/126
f 121/121/121 126/126/126 124/124/124
f 122/122/122 120/120/120 127/127/127
f 120/120/120 125/125/125 127/127/127
f 123/123/123 122/122/122 128/128/128
f 123/123/123 128/128/128 126/126/126
f 122/122/122 127/127/127 128/128/128
f 124/124/124 126/126/126 129/129/129
f 125/125/125 124/124/124 130/130/130
f 124/124/124 129/129/129 130/130/130
f 126/126/126 128/128/128 131/131/131
f 126/126/126 131/131/131 129/129/129
f 127/127/127 125/125/125 132/132/132
f 125/125/125 130/130/130 132/132/132
f 128/128/128 127/127/127 133/133/133
f 128/128/128 133/133/133 131/131/131
f 127/127/127 132/132/132 133/133/133
f 129/129/129 131/131/131 134/134/134
f 130/130/130 129/129/129 135/135/135
f 129/129/129 134/134/134 135/135/135
f 131/131/131 133/133/133 136/136/136
f 131/131/131 136/136/136 134/134/134
f 132/132/132 130/130/130 137/137/137
f 130/130/130 135/135/135 137/137/137
f 133/133/133 132/132/132 138/138/138
f 133/133/133 138/138/138 136/136/136
f 132/132/132 137/137/137 138/138/138
f 134/134/134 136/136/136 139/139/139
f 135/135/135 134/134/134 140/140/140
f 134/134/134 139/139/139 140/140/140
f 136/136/136 138/138/138 141/141/141
f 136/136/136 141/141/141 139/139/139
f 137/137/137 135/135/135 142/142/142
f 135/135/135 140/140/140 142/142/142
f 138/138/138 137/137/137 143/143/143
f 138/138/138 143/143/143 141/141/141
f 137/137/137 142/142/142 143/143/143
f 139/139/139 141/141/141 144/144/144
f 140/140/140 139/139/139 145/145/145
f 139/139/139 144/144/144 145/145/145
f 141/141/141 143/143/143 146/146/146
f 141/141/141 146/146/146 144/144/144
f 142/142/142 140/140/140 147/147/147
f 140/140/140 145/145/145 147/147/147
f 143/143/143 142/142/142 148/148/148
f 143/143/143 148/148/148 146/146/146
f 142/142/142 147/147/147 148/148/148
f 144/144/144 146/146/146 149/149/149
f 145/145/145 144/144/144 150/150/150
f 144/144/144 149/149/149 150/150/150
f 146/146/146 148/148/148 151/151/151
f 146/146/146 151/151/151 149/149/149
f 147/147/147 145/145/145 152/152/152
f 145/145/145 150/150/150 152/152/152
f 148/148/148 147/147/147 153/153/153
f 148/148/148 153/153/153 151/151/151
f 147/147/147 152/152/152 153/153/153
f 149/149/149 151/151/151 154/154/154
f 150/150/150 149/149/149 155/155/155
f 149/149/149 154/154/154 155/155/155
f 151/151/151 153/153/153 156/156/156
f 151/151/151 156/156/156 154/154/154
f 152/152/152 150/150/150 157/157/157
f 150/150/150 155/155/155 157/157/157
f 153/153/153 152/152/152 158/158/158
f 153/153/153 158/158/158 156/156/156
f 152/152/152 157/157/157 158/158/158
f 154/154/154 156/156/156 159/159/159
f 155/155/155 154/154/154 160/160/160
f 154/154/154 159/159/159 160/160/160
f 156/156/156 158/158/158 161/161/161
f 156/156/156 161/161/161 159/159/159
f 157/157/157 155/155/155 162/162/162
f 155/155/155 160/160/160 162/162/162
f 158/158/158 157/157/157 163/163/163
f 158/158/158 163/163/163 161/161/161
f 157/157/157 162/162/162 163/163/163
f 159/159/159 161/161/161 164/164/164
f 160/160/160 159/159/159 165/165/165
f 159/159/159 164/164/164 165/165/165
f 161/161/161 163/163/163 166/166/166
f 161/161/161 166/166/166 164/164/164
f 162/162/162 160/160/160 167/167/167
f 160/160/160 165/165/165 167/167/167
f 163/163/163 162/162/162 168/168/168
f 163/163/163 168/168/168 166/166/166
f 162/162/162 167/167/167 168/168/168
f 164/164/164 166/166/166 169/169/169
f 165/165/165 164/164/164 170/170/170
f 164/164/164 169/169/169 170/170/170
f 166/166/166 168/168/168 171/171/171
f 166/166/166 171/171/171 169/169/169
f 167/167/167 165/165/165 172/172/172
f 165/165/165 170/170/170 172/172/172
f 168/168/168 167/167/167 173/173/173
f 168/168/168 173/173/173 171/171/171
f 167/167/167 172/172/172 173/173/173
f 169/169/169 171/171/171 174/174/174
f 170/170/170 169/169/169 175/175/175
f 169/169/169 174/174/174 175/175/175
f 171/171/171 173/173/173 176/176/176
f 171/171/171 176/176/176 174/174/174
f 172/172/172 170/170/170 177/177/177
f 170/170/170 175/175/175 177/177/177
f 173/173/173 172/172/172 178/178/178
f 173/173/173 178/178/178 176/176/176
f 172/172/172 177/177/177 178/178/178
f 174/174/174 176/176/176 179/179/179
f 175/175/175 174/174/174 180/180/180
f 174/174/174 179/179/179 180/180/180
f 176/176/176 178/178/178 181/181/181
f 176/176/176 181/181/181 179/179/179
f 177/177/177 175/175/175 182/182/182
f 175/175/175 180/180/180 182/182/182
f 178/178/178 177/177/177 183/183/183
f 178/178/178 183/183/183 181/181/181
f 177/177/177 182/182/182 183/183/183
f 179/179/179 181/181/181 184/184/184
f 180/180/180 179/179/179 185/185/185
f 179/179/179 184/184/184 185/185/185
f 181/181/181 183/183/183 186/186/186
f 181/181/181 186/186/186 184/184/184
f 182/182/182 180/180/180 187/187/187
f 180/180/180 185/185/185 187/187/187
f 183/183/183 182/182/182 188/188/188
f 183/183/183 188/188/188 186/186/186
f 182/182/182 187/187/187 188/188/188
f 184/184/184 186/186/186 189/189/189
f 185/185/185 184/184/184 190/190/190
f 184/184/184 189/189/189 190/190/190
f 186/186/186 188/188/188 191/191/191
f 186/186/186 191/191/191 189/189/189
f 187/187/187 185/185/185 192/192/192
f 185/185/185 190/190/190 192/192/192
f 188/188/188 187/187/187 193/193/193
f 188/188/188 193/193/193 191/191/191
f 187/187/187 192/192/192 193/193/193
f 194/194/194 190/190/190 189/189/189
f 195/195/195 189/189/189 191/191/191
f 195/195/195 194/194/194 189/189/189
f 196/196/196 191/191/191 193/193/193
f 196/196/196 195/195/195 191/191/191
f 197/197/197 192/192/192 190/190/190
f 194/194/194 197/197/197 190/190/190
f 198/198/198 193/193/193 192/192/192
f 198/198/198 196/196/196 193/193/193
f 197/197/197 198/198/198 192/192/192
f 199/199/199 194/194/194 195/195/195
f 200/200/200 199/199/199 195/195/195
f 200/200/200 195/195/195 196/196/196
f 199/199/199 201/201/201 194/194/194
f 201/201/201 197/197/197 194/194/194
f 202/202/202 200/200/200 196/196/196
f 202/202/202 196/196/196 198/198/198
f 201/201/201 203/203/203 197/197/197
f 203/203/203 202/202/202 198/198/198
f 203/203/203 198/198/198 197/197/197
f 206/206/206 205/205/205 204/204/204
f 204/204/204 205/205/205 207/207/207
f 207/207/207 205/205/205 208/208/208
f 209/209/209 207/207/207 208/208/208
f 210/210/210 209/209/209 208/208/208
f 210/210/210 208/208/208 211/211/211
f 209/209/209 212/212/212 207/207/207
f 212/212/212 213/213/213 207/207/207
f 214/214/214 210/210/210 211/211/211
f 214/214/214 211/211/211 215/215/215
f 216/216/216 215/215/215 213/213/213
f 212/212/212 216/216/216 213/213/213
f 216/216/216 214/214/214 215/215/215
f 217/217/217 212/212/212 209/209/209
f 218/218/218 209/209/209 210/210/210
f 218/218/218 217/217/217 209/209/209
f 219/219/219 210/210/210 214/214/214
f 219/219/219 218/218/218 210/210/210
f 220/220/220 214/214/214 216/216/216
f 220/220/220 219/219/219 214/214/214
f 221/221/221 216/216/216 212/212/212
f 217/217/217 221/221/221 212/212/212
f 221/221/221 220/220/220 216/216/216
f 222/222/222 217/217/217 218/218/218
f 223/223/223 218/218/218 219/219/219
f 223/223/223 222/222/222 218/218/218
f 224/224/224 219/219/219 220/220/220
f 224/224/224 223/223/223 219/219/219
f 225/225/225 220/220/220 221/221/221
f 225/225/225 224/224/224 220/220/220
f 226/226/226 221/221/221 217/217/217
f 222/222/222 226/226/226 217/217/217
f 226/226/226 225/225/225 221/221/221
f 227/227/227 222/222/222 223/223/223
f 228/228/228 223/223/223 224/224/224
f 228/228/228 227/227/227 223/223/223
f 229/229/229 224/224/224 225/225/225
f 229/229/229 228/228/228 224/224/224
f 230/230/230 225/225/225 226/226/226
f 230/230/230 229/229/229 225/225/225
f 231/231/231 226/226/226 222/222/222
f 227/227/227 231/231/231 222/222/222
f 231/231/231 230/230/230 226/226/226
f 232/232/232 227/227/227 228/228/228
f 233/233/233 228/228/228 229/229/229
f 233/233/233 232/232/232 228/228/228
f 234/234/234 229/229/229 230/230/230
f 234/234/234 233/233/233 229/229/229
f 235/235/235 230/230/230 231/231/231
f 235/235/235 234/234/234 230/230/230
f 236/236/236 231/231/231 227/227/227
f 232/232/232 236/236/236 227/227/227
f 236/236/236 235/235/235 231/231/231
f 237/237/237 232/232/232 233/233/233
f 238/238/238 233/233/233 234/234/234
f 238/238/238 237/237/237 233/233/233
f 239/239/239 234/234/234 235/235/235
f 239/239/239 238/238/238 234/234/234
f 240/240/240 235/235/235 236/236/236
f 240/240/240 239/239/239 235/235/235
f 241/241/241 236/236/236 232/232/232
f 237/237/237 241/241/241 232/232/232
f 241/241/241 240/240/240 236/236/236
f 242/242/242 237/237/237 238/238/238
f 243/243/243 238/238/238 239/239/239
f 243/243/243 242/242/242 238/238/238
f 244/244/244 239/239/239 240/240/240
f 244/244/244 243/243/243 239/239/239
f 245/245/245 240/240/240 241/241/241
f 245/245/245 244/244/244 240/240/240
f 246/246/246 241/241/241 237/237/237
f 242/242/242 246/246/246 237/237/237
f 246/246/246 245/245/245 241/241/241
f 247/247/247 242/242/242 243/243/243
f 248/248/248 243/243/243 244/244/244
f 248/248/248 247/247/247 243/243/243
f 249/249/249 244/244/244 245/245/245
f 249/249/249 248/248/248 244/244/244
f 250/250/250 245/245/245 246/246/246
f 250/250/250 249/249/249 245/245/245
f 251/251/251 246/246/246 242/242/242
f 247/247/247 251/251/251 242/242/242
f 251/251/251 250/250/250 246/246/246
f 252/252/252 251/251/251 247/247/247
f 253/253/253 252/252/252 247/247/247
f 253/253/253 247/247/247 248/248/248
f 254/254/254 252/252/252 253/253/253
f 255/255/255 248/248/248 249/249/249
f 255/255/255 253/253/253 248/248/248
f 256/256/256 250/250/250 251/251/251
f 257/257/257 256/256/256 251/251/251
f 258/258/258 249/249/249 250/250/250
f 256/256/256 258/258/258 250/250/250
f 258/258/258 255/255/255 249/249/249
f 259/259/259 256/256/256 257/257/257
f 260/260/260 259/259/259 257/257/257
f 259/259/259 260/260/260 261/261/261
f 262/262/262 259/259/259 261/261/261
f 262/262/262 261/261/261 263/263/263
f 264/264/264 262/262/262 263/263/263
f 265/265/265 254/254/254 253/253/253
f 265/265/265 253/253/253 255/255/255
f 266/266/266 255/255/255 258/258/258
f 266/266/266 265/265/265 255/255/255
f 254/254/254 265/265/265 267/267/267
f 268/268/268 254/254/254 267/267/267
f 263/263/263 268/268/268 269/269/269
f 268/268/268 267/267/267 269/269/269
f 263/263/263 269/269/269 270/270/270
f 267/267/267 265/265/265 271/271/271
f 265/265/265 266/266/266 271/271/271
f 272/272/272 266/266/266 258/258/258
f 272/272/272 258/258/258 273/273/273
f 274/274/274 272/272/272 273/273/273
f 266/266/266 272/272/272 275/275/275
f 275/275/275 272/272/272 274/274/274
f 271/271/271 266/266/266 275/275/275
f 276/276/276 275/275/275 274/274/274
f 276/276/276 277/277/277 275/275/275
f 269/269/269 267/267/267 278/278/278
f 267/267/267 271/271/271 278/278/278
f 271/271/271 275/275/275 279/279/279
f 277/277/277 279/279/279 275/275/275
f 278/278/278 271/271/271 279/279/279
f 269/269/269 278/278/278 280/280/280
f 269/269/269 280/280/280 270/270/270
f 278/278/278 279/279/279 281/281/281
f 278/278/278 281/281/281 280/280/280
f 282/282/282 279/279/279 277/277/277
f 279/279/279 282/282/282 281/281/281
f 283/283/283 282/282/282 277/277/277
f 283/283/283 277/277/277 284/284/284
f 270/270/270 283/283/283 284/284/284
f 270/270/270 280/280/280 285/285/285
f 280/280/280 281/281/281 286/286/286
f 285/285/285 280/280/280 286/286/286
f 281/281/281 282/282/282 287/287/287
f 286/286/286 281/281/281 287/287/287
f 283/283/283 270/270/270 288/288/288
f 288/288/288 270/270/270 285/285/285
f 282/282/282 283/283/283 289/289/289
f 287/287/287 282/282/282 289/289/289
f 289/289/289 283/283/283 288/288/288
f 286/286/286 287/287/287 290/290/290
f 285/285/285 286/286/286 291/291/291
f 291/291/291 286/286/286 290/290/290
f 288/288/288 285/285/285 292/292/292
f 292/292/292 285/285/285 291/291/291
f 289/289/289 288/288/288 293/293/293
f 293/293/293 288/288/288 292/292/292
f 287/287/287 289/289/289 294/294/294
f 290/290/290 287/287/287 294/294/294
f 294/294/294 289/289/289 293/293/293
f 295/295/295 292/292/292 291/291/291
f 296/296/296 291/291/291 290/290/290
f 296/296/296 295/295/295 291/291/291
f 297/297/297 293/293/293 292/292/292
f 295/295/295 297/297/297 292/292/292
f 298/298/298 294/294/294 293/293/293
f 297/297/297 298/298/298 293/293/293
f 299/299/299 290/290/290 294/294/294
f 299/299/299 296/296/296 290/290/290
f 298/298/298 299/299/299 294/294/294
f 300/300/300 297/297/297 295/295/295
f 301/301/301 295/295/295 296/296/296
f 301/301/301 300/300/300 295/295/295
f 302/302/302 296/296/296 299/299/299
f 302/302/302 301/301/301 296/296/296
f 303/303/303 298/298/298 297/297/297
f 300/300/300 303/303/303 297/297/297
f 304/304/304 299/299/299 298/298/298
f 304/304/304 302/302/302 299/299/299
f 303/303/303 304/304/304 298/298/298
f 305/305/305 300/300/300 301/301/301
f 306/306/306 301/301/301 302/302/302
f 306/306/306 305/305/305 301/301/301
f 307/307/307 302/302/302 304/304/304
f 307/307/307 306/306/306 302/302/302
f 308/308/308 303/303/303 300/300/300
f 305/305/305 308/308/308 300/300/300
f 309/309/309 304/304/304 303/303/303
f 309/309/309 307/307/307 304/304/304
f 308/308/308 309/309/309 303/303/303
f 310/310/310 305/305/305 306/306/306
f 311/311/311 306/306/306 307/307/307
f 311/311/311 310/310/310 306/306/306
f 312/312/312 307/307/307 309/309/309
f 312/312/312 311/311/311 307/307/307
f 313/313/313 308/308/308 305/305/305
f 310/310/310 313/313/313 305/305/305
f 314/314/314 309/309/309 308/308/308
f 314/314/314 312/312/312 309/309/309
f 313/313/313 314/314/314 308/308/308
f 315/315/315 310/310/310 311/311/311
f 316/316/316 311/311/311 312/312/312
f 316/316/316 315/315/315 311/311/311
f 317/317/317 312/312/312 314/314/314
f 317/317/317 316/316/316 312/312/312
f 318/318/318 313/313/313 310/310/310
f 315/315/315 318/318/318 310/310/310
f 319/319/319 314/314/314 313/313/313
f 319/319/319 317/317/317 314/314/314
f 318/318/318 319/319/319 313/313/313
f 320/320/320 315/315/315 316/316/316
f 321/321/321 316/316/316 317/317/317
f 321/321/321 320/320/320 316/316/316
f 322/322/322 317/317/317 319/319/319
f 322/322/322 321/321/321 317/317/317
f 323/323/323 318/318/318 315/315/315
f 320/320/320 323/323/323 315/315/315
f 324/324/324 319/319/319 318/318/318
f 324/324/324 322/322/322 319/319/319
f 323/323/323 324/324/324 318/318/318
f 325/325/325 320/320/320 321/321/321
f 326/326/326 321/321/321 322/322/322
f 326/326/326 325/325/325 321/321/321
f 327/327/327 322/322/322 324/324/324
f 327/327/327 326/326/326 322/322/322
f 328/328/328 323/323/323 320/320/320
f 325/325/325 328/328/328 320/320/320
f 329/329/329 324/324/324 323/323/323
f 329/329/329 327/327/327 324/324/324
f 328/328/328 329/329/329 323/323/323
f 330/330/330 325/325/325 326/326/326
f 331/331/331 326/326/326 327/327/327
f 331/331/331 330/330/330 326/326/326
f 332/332/332 327/327/327 329/329/329
f 332/332/332 331/331/331 327/327/327
f 333/333/333 328/328/328 325/325/325
f 330/330/330 333/333/333 325/325/325
f 334/334/334 329/329/329 328/328/328
f 334/334/334 332/332/332 329/329/329
f 333/333/333 334/334/334 328/328/328
f 335/335/335 330/330/330 331/331/331
f 336/336/336 331/331/331 332/332/332
f 336/336/336 335/335/335 331/331/331
f 337/337/337 332/332/332 334/334/334
f 337/337/337 336/336/336 332/332/332
f 338/338/338 333/333/333 330/330/330
f 335/335/335 338/338/338 330/330/330
f 339/339/339 334/334/334 333/333/333
f 339/339/339 337/337/337 334/334/334
f 338/338/338 339/339/339 333/333/333
f 340/340/340 335/335/335 336/336/336
f 341/341/341 336/336/336 337/337/337
f 341/341/341 340/340/340 336/336/336
f 342/342/342 337/337/337 339/339/339
f 342/342/342 341/341/341 337/337/337
f 343/343/343 338/338/338 335/335/335
f 340/340/340 343/343/343 335/335/335
f 344/344/344 339/339/339 338/338/338
f 344/344/344 342/342/342 339/339/339
f 343/343/343 344/344/344 338/338/338
f 345/345/345 340/340/340 341/341/341
f 346/346/346 341/341/341 342/342/342
f 346/346/346 345/345/345 341/341/341
f 347/347/347 342/342/342 344/344/344
f 347/347/347 346/346/346 342/342/342
f 348/348/348 343/343/343 340/340/340
f 345/345/345 348/348/348 340/340/340
f 349/349/349 344/344/344 343/343/343
f 349/349/349 347/347/347 344/344/344
f 348/348/348 349/349/349 343/343/343
f 350/350/350 345/345/345 346/346/346
f 351/351/351 346/346/346 347/347/347
f 351/351/351 350/350/350 346/346/346
f 352/352/352 347/347/347 349/349/349
f 352/352/352 351/351/351 347/347/347
f 353/353/353 348/348/348 345/345/345
f 350/350/350 353/353/353 345/345/345
f 354/354/354 349/349/349 348/348/348
f 354/354/354 352/352/352 349/349/349
f 353/353/353 354/354/354 348/348/348
f 355/355/355 350/350/350 351/351/351
f 356/356/356 351/351/351 352/352/352
f 356/356/356 355/355/355 351/351/351
f 357/357/357 352/352/352 354/354/354
f 357/357/357 356/356/356 352/352/352
f 358/358/358 353/353/353 350/350/350
f 355/355/355 358/358/358 350/350/350
f 359/359/359 354/354/354 353/353/353
f 359/359/359 357/357/357 354/354/354
f 358/358/358 359/359/359 353/353/353
f 360/360/360 355/355/355 356/356/356
f 361/361/361 356/356/356 357/357/357
f 361/361/361 360/360/360 356/356/356
f 362/362/362 357/357/357 359/359/359
f 362/362/362 361/361/361 357/357/357
f 363/363/363 358/358/358 355/355/355
f 360/360/360 363/363/363 355/355/355
f 364/364/364 359/359/359 358/358/358
f 364/364/364 362/362/362 359/359/359
f 363/363/363 364/364/364 358/358/358
f 365/365/365 360/360/360 361/361/361
f 366/366/366 361/361/361 362/362/362
f 366/366/366 365/365/365 361/361/361
f 367/367/367 362/362/362 364/364/364
f 367/367/367 366/366/366 362/362/362
f 368/368/368 363/363/363 360/360/360
f 365/365/365 368/368/368 360/360/360
f 369/369/369 364/364/364 363/363/363
f 369/369/369 367/367/367 364/364/364
f 368/368/368 369/369/369 363/363/363
f 370/370/370 365/365/365 366/366/366
f 371/371/371 366/366/366 367/367/367
f 371/371/371 370/370/370 366/366/366
f 372/372/372 367/367/367 369/369/369
f 372/372/372 371/371/371 367/367/367
f 373/373/373 368/368/368 365/365/365
f 370/370/370 373/373/373 365/365/365
f 374/374/374 369/369/369 368/368/368
f 374/374/374 372/372/372 369/369/369
f 373/373/373 374/374/374 368/368/368
f 375/375/375 370/370/370 371/371/371
f 376/376/376 371/371/371 372/372/372
f 376/376/376 375/375/375 371/371/371
f 377/377/377 372/372/372 374/374/374
f 377/377/377 376/376/376 372/372/372
f 378/378/378 373/373/373 370/370/370
f 375/375/375 378/378/378 370/370/370
f 379/379/379 374/374/374 373/373/373
f 379/379/379 377/377/377 374/374/374
f 378/378/378 379/379/379 373/373/373
f 380/380/380 375/375/375 376/376/376
f 381/381/381 376/376/376 377/377/377
f 381/381/381 380/380/380 376/376/376
f 382/382/382 377/377/377 379/379/379
f 382/382/382 381/381/381 377/377/377
f 383/383/383 378/378/378 375/375/375
f 380/380/380 383/383/383 375/375/375
f 384/384/384 379/379/379 378/378/378
f 384/384/384 382/382/382 379/379/379
f 383/383/383 384/384/384 378/378/378
f 385/385/385 380/380/380 381/381/381
f 386/386/386 381/381/381 382/382/382
f 386/386/386 385/385/385 381/381/381
f 387/387/387 382/382/382 384/384/384
f 387/387/387 386/386/386 382/382/382
f 388/388/388 383/383/383 380/380/380
f 385/385/385 388/388/388 380/380/380
f 389/389/389 384/384/384 383/383/383
f 389/389/389 387/387/387 384/384/384
f 388/388/388 389/389/389 383/383/383
f 390/390/390 385/385/385 386/386/386
f 391/391/391 386/386/386 387/387/387
f 391/391/391 390/390/390 386/386/386
f 392/392/392 387/387/387 389/389/389
f 392/392/392 391/391/391 387/387/387
f 393/393/393 388/388/388 385/385/385
f 390/390/390 393/393/393 385/385/385
f 394/394/394 389/389/389 388/388/388
f 394/394/394 392/392/392 389/389/389
f 393/393/393 394/394/394 388/388/388
f 395/395/395 390/390/390 391/391/391
f 396/396/396 391/391/391 392/392/392
f 396/396/396 395/395/395 391/391/391
f 397/397/397 392/392/392 394/394/394
f 397/397/397 396/396/396 392/392/392
f 398/398/398 393/393/393 390/390/390
f 395/395/395 398/398/398 390/390/390
f 399/399/399 394/394/394 393/393/393
f 399/399/399 397/397/397 394/394/394
f 398/398/398 399/399/399 393/393/393
f 400/400/400 395/395/395 396/396/396
f 401/401/401 396/396/396 397/397/397
f 401/401/401 400/400/400 396/396/396
f 402/402/402 397/397/397 399/399/399
f 402/402/402 401/401/401 397/397/397
f 403/403/403 398/398/398 395/395/395
f 400/400/400 403/403/403 395/395/395
f 404/404/404 399/399/399 398/398/398
f 404/404/404 402/402/402 399/399/399
f 403/403/403 404/404/404 398/398/398
f 405/405/405 400/400/400 401/401/401
f 406/406/406 401/401/401 402/402/402
f 406/406/406 405/405/405 401/401/401
f 407/407/407 402/402/402 404/404/404
f 407/407/407 406/406/406 402/402/402
f 408/408/408 403/403/403 400/400/400
f 405/405/405 408/408/408 400/400/400
f 409/409/409 404/404/404 403/403/403
f 409/409/409 407/407/407 404/404/404
f 408/408/408 409/409/409 403/403/403
f 410/410/410 405/405/405 406/406/406
f 411/411/411 406/406/406 407/407/407
f 411/411/411 410/410/410 406/406/406
f 412/412/412 407/407/407 409/409/409
f 412/412/412 411/411/411 407/407/407
f 413/413/413 408/408/408 405/405/405
f 410/410/410 413/413/413 405/405/405
f 414/414/414 409/409/409 408/408/408
f 414/414/414 412/412/412 409/409/409
f 413/413/413 414/414/414 408/408/408
f 415/415/415 410/410/410 411/411/411
f 416/416/416 411/411/411 412/412/412
f 416/416/416 415/415/415 411/411/411
f 417/417/417 412/412/412 414/414/414
f 417/417/417 416/416/416 412/412/412
f 418/418/418 413/413/413 410/410/410
f 415/415/415 418/418/418 410/410/410
f 419/419/419 414/414/414 413/413/413
f 419/419/419 417/417/417 414/414/414
f 418/418/418 419/419/419 413/413/413
f 420/420/420 415/415/415 416/416/416
f 421/421/421 416/416/416 417/417/417
f 421/421/421 420/420/420 416/416/416
f 422/422/422 417/417/417 419/419/419
f 422/422/422 421/421/421 417/417/417
f 423/423/423 418/418/418 415/415/415
f 420/420/420 423/423/423 415/415/415
f 424/424/424 419/419/419 418/418/418
f 424/424/424 422/422/422 419/419/419
f 423/423/423 424/424/424 418/418/418
f 425/425/425 420/420/420 421/421/421
f 426/426/426 421/421/421 422/422/422
f 426/426/426 425/425/425 421/421/421
f 427/427/427 422/422/422 424/424/424
f 427/427/427 426/426/426 422/422/422
f 428/428/428 423/423/423 420/420/420
f 425/425/425 428/428/428 420/420/420
f 429/429/429 424/424/424 423/423/423
f 429/429/429 427/427/427 424/424/424
f 428/428/428 429/429/429 423/423/423
f 430/430/430 425/425/425 426/426/426
f 431/431/431 426/426/426 427/427/427
f 431/431/431 430/430/430 426/426/426
f 432/432/432 427/427/427 429/429/429
f 432/432/432 431/431/431 427/427/427
f 433/433/433 428/428/428 425/425/425
f 430/430/430 433/433/433 425/425/425
f 434/434/434 429/429/429 428/428/428
f 434/434/434 432/432/432 429/429/429
f 433/433/433 434/434/434 428/428/428
f 435/435/435 430/430/430 431/431/431
f 436/436/436 431/431/431 432/432/432
f 436/436/436 435/435/435 431/431/431
f 437/437/437 432/432/432 434/434/434
f 437/437/437 436/436/436 432/432/432
f 438/438/438 433/433/433 430/430/430
f 435/435/435 438/438/438 430/430/430
f 439/439/439 434/434/434 433/433/433
f 439/439/439 437/437/437 434/434/434
f 438/438/438 439/439/439 433/433/433
f 440/440/440 435/435/435 436/436/436
f 441/441/441 436/436/436 437/437/437
f 441/441/441 440/440/440 436/436/436
f 442/442/442 437/437/437 439/439/439
f 442/442/442 441/441/441 437/437/437
f 443/443/443 438/438/438 435/435/435
f 440/440/440 443/443/443 435/435/435
f 444/444/444 439/439/439 438/438/438
f 444/444/444 442/442/442 439/439/439
f 443/443/443 444/444/444 438/438/438
f 445/445/445 440/440/440 441/441/441
f 446/446/446 441/441/441 442/442/442
f 446/446/446 445/445/445 441/441/441
f 447/447/447 442/442/442 444/444/444
f 447/447/447 446/446/446 442/442/442
f 448/448/448 443/443/443 440/440/440
f 445/445/445 448/448/448 440/440/440
f 449/449/449 444/444/444 443/443/443
f 449/449/449 447/447/447 444/444/444
f 448/448/448 449/449/449 443/443/443
f 450/450/450 445/445/445 446/446/446
f 451/451/451 446/446/446 447/447/447
f 451/451/451 450/450/450 446/446/446
f 452/452/452 447/447/447 449/449/449
f 452/452/452 451/451/451 447/447/447
f 453/453/453 448/448/448 445/445/445
f 450/450/450 453/453/453 445/445/445
f 454/454/454 449/449/449 448/448/448
f 454/454/454 452/452/452 449/449/449
f 453/453/453 454/454/454 448/448/448
f 455/455/455 450/450/450 451/451/451
f 456/456/456 451/451/451 452/452/452
f 456/456/456 455/455/455 451/451/451
f 457/457/457 452/452/452 454/454/454
f 457/457/457 456/456/456 452/452/452
f 458/458/458 453/453/453 450/450/450
f 455/455/455 458/458/458 450/450/450
f 459/459/459 454/454/454 453/453/453
f 459/459/459 457/457/457 454/454/454
f 458/458/458 459/459/459 453/453/453
f 460/460/460 455/455/455 456/456/456
f 461/461/461 456/456/456 457/457/457
f 461/461/461 460/460/460 456/456/456
f 462/462/462 457/457/457 459/459/459
f 462/462/462 461/461/461 457/457/457
f 463/463/463 458/458/458 455/455/455
f 460/460/460 463/463/463 455/455/455
f 464/464/464 459/459/459 458/458/458
f 464/464/464 462/462/462 459/459/459
f 463/463/463 464/464/464 458/458/458
f 465/465/465 460/460/460 461/461/461
f 466/466/466 461/461/461 462/462/462
f 466/466/466 465/465/465 461/461/461
f 467/467/467 462/462/462 464/464/464
f 467/467/467 466/466/466 462/462/462
f 468/468/468 463/463/463 460/460/460
f 465/465/465 468/468/468 460/460/460
f 469/469/469 464/464/464 463/463/463
f 469/469/469 467/467/467 464/464/464
f 468/468/468 469/469/469 463/463/463
f 470/470/470 465/465/465 466/466/466
f 471/471/471 466/466/466 467/467/467
f 471/471/471 470/470/470 466/466/466
f 472/472/472 467/467/467 469/469/469
f 472/472/472 471/471/471 467/467/467
f 473/473/473 468/468/468 465/465/465
f 470/470/470 473/473/473 465/465/465
f 474/474/474 469/469/469 468/468/468
f 474/474/474 472/472/472 469/469/469
f 473/473/473 474/474/474 468/468/468
f 475/475/475 470/470/470 471/471/471
f 476/476/476 471/471/471 472/472/472
f 476/476/476 475/475/475 471/471/471
f 477/477/477 472/472/472 474/474/474
f 477/477/477 476/476/476 472/472/472
f 478/478/478 473/473/473 470/470/470
f 475/475/475 478/478/478 470/470/470
f 479/479/479 474/474/474 473/473/473
f 479/479/479 477/477/477 474/474/474
f 478/478/478 479/479/479 473/473/473
f 480/480/480 475/475/475 476/476/476
f 481/481/481 476/476/476 477/477/477
f 481/481/481 480/480/480 476/476/476
f 482/482/482 477/477/477 479/479/479
f 482/482/482 481/481/481 477/477/477
f 483/483/483 478/478/478 475/475/475
f 480/480/480 483/483/483 475/475/475
f 484/484/484 479/479/479 478/478/478
f 484/484/484 482/482/482 479/479/479
f 483/483/483 484/484/484 478/478/478
f 485/485/485 480/480/480 481/481/481
f 486/486/486 481/481/481 482/482/482
f 486/486/486 485/485/485 481/481/481
f 487/487/487 482/482/482 484/484/484
f 487/487/487 486/486/486 482/482/482
f 488/488/488 483/483/483 480/480/480
f 485/485/485 488/488/488 480/480/480
f 489/489/489 484/484/484 483/483/483
f 489/489/489 487/487/487 484/484/484
f 488/488/488 489/489/489 483/483/483
f 485/485/485 486/486/486 490/490/490
f 486/486/486 487/487/487 491/491/491
f 490/490/490 486/486/486 491/491/491
f 487/487/487 489/489/489 492/492/492
f 491/491/491 487/487/487 492/492/492
f 488/488/488 485/485/485 493/493/493
f 493/493/493 485/485/485 490/490/490
f 489/489/489 488/488/488 494/494/494
f 492/492/492 489/489/489 494/494/494
f 494/494/494 488/488/488 493/493/493
f 490/490/490 491/491/491 495/495/495
f 491/491/491 492/492/492 496/496/496
f 495/495/495 491/491/491 496/496/496
f 493/493/493 490/490/490 497/497/497
f 497/497/497 490/490/490 495/495/495
f 494/494/494 493/493/493 498/498/498
f 498/498/498 493/493/493 497/497/497
f 492/492/492 494/494/494 499/499/499
f 496/496/496 492/492/492 499/499/499
f 499/499/499 494/494/494 498/498/498
f 500/500/500 497/497/497 495/495/495
f 501/501/501 495/495/495 496/496/496
f 501/501/501 500/500/500 495/495/495
f 502/502/502 498/498/498 497/497/497
f 500/500/500 502/502/502 497/497/497
f 503/503/503 499/499/499 498/498/498
f 502/502/502 503/503/503 498/498/498
f 504/504/504 496/496/496 499/499/499
f 504/504/504 501/501/501 496/496/496
f 503/503/503 504/504/504 499/499/499
f 505/505/505 502/502/502 500/500/500
f 506/506/506 500/500/500 501/501/501
f 506/506/506 505/505/505 500/500/500
f 507/507/507 501/501/501 504/504/504
f 507/507/507 506/506/506 501/501/501
f 508/508/508 503/503/503 502/502/502
f 505/505/505 508/508/508 502/502/502
f 509/509/509 504/504/504 503/503/503
f 509/509/509 507/507/507 504/504/504
f 508/508/508 509/509/509 503/503/503
f 510/510/510 505/505/505 506/506/506
f 511/511/511 506/506/506 507/507/507
f 511/511/511 510/510/510 506/506/506
f 512/512/512 507/507/507 509/509/509
f 512/512/512 511/511/511 507/507/507
f 513/513/513 508/508/508 505/505/505
f 510/510/510 513/513/513 505/505/505
f 514/514/514 509/509/509 508/508/508
f 514/514/514 512/512/512 509/509/509
f 513/513/513 514/514/514 508/508/508
f 515/515/515 510/510/510 511/511/511
f 516/516/516 511/511/511 512/512/512
f 516/516/516 515/515/515 511/511/511
f 517/517/517 512/512/512 514/514/514
f 517/517/517 516/516/516 512/512/512
f 518/518/518 513/513/513 510/510/510
f 515/515/515 518/518/518 510/510/510
f 519/519/519 514/514/514 513/513/513
f 519/519/519 517/517/517 514/514/514
f 518/518/518 519/519/519 513/513/513
f 520/520/520 515/515/515 516/516/516
f 521/521/521 516/516/516 517/517/517
f 521/521/521 520/520/520 516/516/516
f 522/522/522 517/517/517 519/519/519
f 522/522/522 521/521/521 517/517/517
f 523/523/523 518/518/518 515/515/515
f 520/520/520 523/523/523 515/515/515
f 524/524/524 519/519/519 518/518/518
f 524/524/524 522/522/522 519/519/519
f 523/523/523 524/524/524 518/518/518
f 525/525/525 520/520/520 521/521/521
f 526/526/526 521/521/521 522/522/522
f 526/526/526 525/525/525 521/521/521
f 527/527/527 522/522/522 524/524/524
f 527/527/527 526/526/526 522/522/522
f 528/528/528 523/523/523 520/520/520
f 525/525/525 528/528/528 520/520/520
f 529/529/529 524/524/524 523/523/523
f 529/529/529 527/527/527 524/524/524
f 528/528/528 529/529/529 523/523/523
f 530/530/530 525/525/525 526/526/526
f 531/531/531 526/526/526 527/527/527
f 531/531/531 530/530/530 526/526/526
f 532/532/532 527/527/527 529/529/529
f 532/532/532 531/531/531 527/527/527
f 533/533/533 528/528/528 525/525/525
f 530/530/530 533/533/533 525/525/525
f 534/534/534 529/529/529 528/528/528
f 534/534/534 532/532/532 529/529/529
f 533/533/533 534/534/534 528/528/528
f 535/535/535 530/530/530 531/531/531
f 536/536/536 531/531/531 532/532/532
f 536/536/536 535/535/535 531/531/531
f 537/537/537 532/532/532 534/534/534
f 537/537/537 536/536/536 532/532/532
f 538/538/538 533/533/533 530/530/530
f 535/535/535 538/538/538 530/530/530
f 539/539/539 534/534/534 533/533/533
f 539/539/539 537/537/537 534/534/534
f 538/538/538 539/539/539 533/533/533
f 540/540/540 535/535/535 536/536/536
f 541/541/541 536/536/536 537/537/537
f 541/541/541 540/540/540 536/536/536
f 542/542/542 537/537/537 539/539/539
f 542/542/542 541/541/541 537/537/537
f 543/543/543 538/538/538 535/535/535
f 540/540/540 543/543/543 535/535/535
f 544/544/544 539/539/539 538/538/538
f 544/544/544 542/542/542 539/539/539
f 543/543/543 544/544/544 538/538/538
f 545/545/545 540/540/540 541/541/541
f 546/546/546 541/541/541 542/542/542
f 546/546/546 545/545/545 541/541/541
f 547/547/547 542/542/542 544/544/544
f 547/547/547 546/546/546 542/542/542
f 548/548/548 543/543/543 540/540/540
f 545/545/545 548/548/548 540/540/540
f 549/549/549 544/544/544 543/543/543
f 549/549/549 547/547/547 544/544/544
f 548/548/548 549/549/549 543/543/543
f 550/550/550 545/545/545 546/546/546
f 551/551/551 546/546/546 547/547/547
f 551/551/551 550/550/550 546/546/546
f 552/552/552 547/547/547 549/549/549
f 552/552/552 551/551/551 547/547/547
f 553/553/553 548/548/548 545/545/545
f 550/550/550 553/553/553 545/545/545
f 554/554/554 549/549/549 548/548/548
f 554/554/554 552/552/552 549/549/549
f 553/553/553 554/554/554 548/548/548
f 555/555/555 550/550/550 551/551/551
f 556/556/556 551/551/551 552/552/552
f 556/556/556 555/555/555 551/551/551
f 557/557/557 552/552/552 554/554/554
f 557/557/557 556/556/556 552/552/552
f 558/558/558 553/553/553 550/550/550
f 555/555/555 558/558/558 550/550/550
f 559/559/559 554/554/554 553/553/553
f 559/559/559 557/557/557 554/554/554
f 558/558/558 559/559/559 553/553/553
f 560/560/560 555/555/555 556/556/556
f 561/561/561 556/556/556 557/557/557
f 561/561/561 560/560/560 556/556/556
f 562/562/562 557/557/557 559/559/559
f 562/562/562 561/561/561 557/557/557
f 563/563/563 558/558/558 555/555/555
f 560/560/560 563/563/563 555/555/555
f 564/564/564 559/559/559 558/558/558
f 564/564/564 562/562/562 559/559/559
f 563/563/563 564/564/564 558/558/558
f 565/565/565 560/560/560 561/561/561
f 566/566/566 561/561/561 562/562/562
f 566/566/566 565/565/565 561/561/561
f 567/567/567 562/562/562 564/564/564
f 567/567/567 566/566/566 562/562/562
f 568/568/568 563/563/563 560/560/560
f 565/565/565 568/568/568 560/560/560
f 569/569/569 564/564/564 563/563/563
f 569/569/569 567/567/567 564/564/564
f 568/568/568 569/569/569 563/563/563
f 570/570/570 565/565/565 566/566/566
f 571/571/571 566/566/566 567/567/567
f 571/571/571 570/570/570 566/566/566
f 572/572/572 567/567/567 569/569/569
f 572/572/572 571/571/571 567/567/567
f 573/573/573 568/568/568 565/565/565
f 570/570/570 573/573/573 565/565/565
f 574/574/574 569/569/569 568/568/568
f 574/574/574 572/572/572 569/569/569
f 573/573/573 574/574/574 568/568/568
f 575/575/575 570/570/570 571/571/571
f 576/576/576 571/571/571 572/572/572
f 576/576/576 575/575/575 571/571/571
f 577/577/577 572/572/572 574/574/574
f 577/577/577 576/576/576 572/572/572
f 578/578/578 573/573/573 570/570/570
f 575/575/575 578/578/578 570/570/570
f 579/579/579 574/574/574 573/573/573
f 579/579/579 577/577/577 574/574/574
f 578/578/578 579/579/579 573/573/573
f 580/580/580 575/575/575 576/576/576
f 581/581/581 576/576/576 577/577/577
f 581/581/581 580/580/580 576/576/576
f 582/582/582 577/577/577 579/579/579
f 582/582/582 581/581/581 577/577/577
f 583/583/583 578/578/578 575/575/575
f 580/580/580 583/583/583 575/575/575
f 584/584/584 579/579/579 578/578/578
f 584/584/584 582/582/582 579/579/579
f 583/583/583 584/584/584 578/578/578
f 585/585/585 580/580/580 581/581/581
f 586/586/586 581/581/581 582/582/582
f 586/586/586 585/585/585 581/581/581
f 587/587/587 582/582/582 584/584/584
f 587/587/587 586/586/586 582/582/582
f 588/588/588 583/583/583 580/580/580
f 585/585/585 588/588/588 580/580/580
f 589/589/589 584/584/584 583/583/583
f 589/589/589 587/587/587 584/584/584
f 588/588/588 589/589/589 583/583/583
f 590/590/590 585/585/585 586/586/586
f 591/591/591 586/586/586 587/587/587
f 591/591/591 590/590/590 586/586/586
f 592/592/592 587/587/587 589/589/589
f 592/592/592 591/591/591 587/587/587
f 593/593/593 588/588/588 585/585/585
f 590/590/590 593/593/593 585/585/585
f 594/594/594 589/589/589 588/588/588
f 594/594/594 592/592/592 589/589/589
f 593/593/593 594/594/594 588/588/588
f 595/595/595 590/590/590 591/591/591
f 596/596/596 591/591/591 592/592/592
f 596/596/596 595/595/595 591/591/591
f 597/597/597 592/592/592 594/594/594
f 597/597/597 596/596/596 592/592/592
f 598/598/598 593/593/593 590/590/590
f 595/595/595 598/598/598 590/590/590
f 599/599/599 594/594/594 593/593/593
f 599/599/599 597/597/597 594/594/594
f 598/598/598 599/599/599 593/593/593
f 600/600/600 595/595/595 596/596/596
f 601/601/601 596/596/596 597/597/597
f 601/601/601 600/600/600 596/596/596
f 602/602/602 597/597/597 599/599/599
f 602/602/602 601/601/601 597/597/597
f 603/603/603 598/598/598 595/595/595
f 600/600/600 603/603/603 595/595/595
f 604/604/604 599/599/599 598/598/598
f 604/604/604 602/602/602 599/599/599
f 603/603/603 604/604/604 598/598/598
f 605/605/605 600/600/600 601/601/601
f 606/606/606 601/601/601 602/602/602
f 606/606/606 605/605/605 601/601/601
f 607/607/607 602/602/602 604/604/604
f 607/607/607 606/606/606 602/602/602
f 608/608/608 603/603/603 600/600/600
f 605/605/605 608/608/608 600/600/600
f 609/609/609 604/604/604 603/603/603
f 609/609/609 607/607/607 604/604/604
f 608/608/608 609/609/609 603/603/603
f 610/610/610 605/605/605 606/606/606
f 611/611/611 606/606/606 607/607/607
f 611/611/611 610/610/610 606/606/606
f 612/612/612 607/607/607 609/609/609
f 612/612/612 611/611/611 607/607/607
f 613/613/613 608/608/608 605/605/605
f 610/610/610 613/613/613 605/605/605
f 614/614/614 609/609/609 608/608/608
f 614/614/614 612/612/612 609/609/609
f 613/613/613 614/614/614 608/608/608
f 615/615/615 610/610/610 611/611/611
f 616/616/616 611/611/611 612/612/612
f 616/616/616 615/615/615 611/611/611
f 617/617/617 612/612/612 614/614/614
f 617/617/617 616/616/616 612/612/612
f 618/618/618 613/613/613 610/610/610
f 615/615/615 618/618/618 610/610/610
f 619/619/619 614/614/614 613/613/613
f 619/619/619 617/617/617 614/614/614
f 618/618/618 619/619/619 613/613/613
f 620/620/620 615/615/615 616/616/616
f 621/621/621 616/616/616 617/617/617
f 621/621/621 620/620/620 616/616/616
f 622/622/622 617/617/617 619/619/619
f 622/622/622 621/621/621 617/617/617
f 623/623/623 618/618/618 615/615/615
f 620/620/620 623/623/623 615/615/615
f 624/624/624 619/619/619 618/618/618
f 624/624/624 622/622/622 619/619/619
f 623/623/623 624/624/624 618/618/618
f 625/625/625 620/620/620 621/621/621
f 626/626/626 621/621/621 622/622/622
f 626/626/626 625/625/625 621/621/621
f 627/627/627 622/622/622 624/624/624
f 627/627/627 626/626/626 622/622/622
f 628/628/628 623/623/623 620/620/620
f 625/625/625 628/628/628 620/620/620
f 629/629/629 624/624/624 623/623/623
f 629/629/629 627/627/627 624/624/624
f 628/628/628 629/629/629 623/623/623
f 630/630/630 625/625/625 626/626/626
f 631/631/631 626/626/626 627/627/627
f 631/631/631 630/630/630 626/626/626
f 632/632/632 627/627/627 629/629/629
f 632/632/632 631/631/631 627/627/627
f 633/633/633 628/628/628 625/625/625
f 630/630/630 633/633/633 625/625/625
f 634/634/634 629/629/629 628/628/628
f 634/634/634 632/632/632 629/629/629
f 633/633/633 634/634/634 628/628/628
f 635/635/635 630/630/630 631/631/631
f 636/636/636 631/631/631 632/632/632
f 636/636/636 635/635/635 631/631/631
f 637/637/637 632/632/632 634/634/634
f 637/637/637 636/636/636 632/632/632
f 638/638/638 633/633/633 630/630/630
f 635/635/635 638/638/638 630/630/630
f 639/639/639 634/634/634 633/633/633
f 639/639/639 637/637/637 634/634/634
f 638/638/638 639/639/639 633/633/633
f 640/640/640 635/635/635 636/636/636
f 641/641/641 636/636/636 637/637/637
f 641/641/641 640/640/640 636/636/636
f 642/642/642 637/637/637 639/639/639
f 642/642/642 641/641/641 637/637/637
f 643/643/643 638/638/638 635/635/635
f 640/640/640 643/643/643 635/635/635
f 644/644/644 639/639/639 638/638/638
f 644/644/644 642/642/642 639/639/639
f 643/643/643 644/644/644 638/638/638
f 645/645/645 640/640/640 641/641/641
f 646/646/646 641/641/641 642/642/642
f 646/646/646 645/645/645 641/641/641
f 647/647/647 642/642/642 644/644/644
f 647/647/647 646/646/646 642/642/642
f 648/648/648 643/643/643 640/640/640
f 645/645/645 648/648/648 640/640/640
f 649/649/649 644/644/644 643/643/643
f 649/649/649 647/647/647 644/644/644
f 648/648/648 649/649/649 643/643/643
f 650/650/650 645/645/645 646/646/646
f 651/651/651 646/646/646 647/647/647
f 651/651/651 650/650/650 646/646/646
f 652/652/652 647/647/647 649/649/649
f 652/652/652 651/651/651 647/647/647
f 653/653/653 648/648/648 645/645/645
f 650/650/650 653/653/653 645/645/645
f 654/654/654 649/649/649 648/648/648
f 654/654/654 652/652/652 649/649/649
f 653/653/653 654/654/654 648/648/648
f 655/655/655 650/650/650 651/651/651
f 656/656/656 651/651/651 652/652/652
f 656/656/656 655/655/655 651/651/651
f 657/657/657 652/652/652 654/654/654
f 657/657/657 656/656/656 652/652/652
f 658/658/658 653/653/653 650/650/650
f 655/655/655 658/658/658 650/650/650
f 659/659/659 654/654/654 653/653/653
f 659/659/659 657/657/657 654/654/654
f 658/658/658 659/659/659 653/653/653
f 660/660/660 655/655/655 656/656/656
f 661/661/661 656/656/656 657/657/657
f 661/661/661 660/660/660 656/656/656
f 662/662/662 657/657/657 659/659/659
f 662/662/662 661/661/661 657/657/657
f 663/663/663 658/658/658 655/655/655
f 660/660/660 663/663/663 655/655/655
f 664/664/664 659/659/659 658/658/658
f 664/664/664 662/662/662 659/659/659
f 663/663/663 664/664/664 658/658/658
f 665/665/665 660/660/660 661/661/661
f 666/666/666 665/665/665 661/661/661
f 666/666/666 661/661/661 662/662/662
f 665/665/665 667/667/667 660/660/660
f 667/667/667 663/663/663 660/660/660
f 668/668/668 666/666/666 662/662/662
f 668/668/668 662/662/662 664/664/664
f 667/667/667 669/669/669 663/663/663
f 669/669/669 668/668/668 664/664/664
f 669/669/669 664/664/664 663/663/663
f 672/672/672 671/671/671 670/670/670
f 671/671/671 672/672/672 673/673/673
f 674/674/674 671/671/671 673/673/673
f 674/674/674 673/673/673 675/675/675
f 673/673/673 676/676/676 675/675/675
f 673/673/673 677/677/677 676/676/676
f 674/674/674 675/675/675 678/678/678
f 679/679/679 674/674/674 678/678/678
f 677/677/677 680/680/680 676/676/676
f 677/677/677 681/681/681 680/680/680
f 681/681/681 679/679/679 682/682/682
f 679/679/679 678/678/678 682/682/682
f 681/681/681 682/682/682 680/680/680
f 675/675/675 676/676/676 683/683/683
f 678/678/678 675/675/675 684/684/684
f 675/675/675 683/683/683 684/684/684
f 676/676/676 680/680/680 685/685/685
f 676/676/676 685/685/685 683/683/683
f 682/682/682 678/678/678 686/686/686
f 678/678/678 684/684/684 686/686/686
f 680/680/680 682/682/682 687/687/687
f 680/680/680 687/687/687 685/685/685
f 682/682/682 686/686/686 687/687/687
f 683/683/683 685/685/685 688/688/688
f 684/684/684 683/683/683 689/689/689
f 683/683/683 688/688/688 689/689/689
f 685/685/685 687/687/687 690/690/690
f 685/685/685 690/690/690 688/688/688
f 686/686/686 684/684/684 691/691/691
f 684/684/684 689/689/689 691/691/691
f 687/687/687 686/686/686 692/692/692
f 687/687/687 692/692/692 690/690/690
f 686/686/686 691/691/691 692/692/692
f 688/688/688 690/690/690 693/693/693
f 689/689/689 688/688/688 694/694/694
f 688/688/688 693/693/693 694/694/694
f 690/690/690 692/692/692 695/695/695
f 690/690/690 695/695/695 693/693/693
f 691/691/691 689/689/689 696/696/696
f 689/689/689 694/694/694 696/696/696
f 692/692/692 691/691/691 697/697/697
f 692/692/692 697/697/697 695/695/695
f 691/691/691 696/696/696 697/697/697
f 693/693/693 695/695/695 698/698/698
f 694/694/694 693/693/693 699/699/699
f 693/693/693 698/698/698 699/699/699
f 695/695/695 697/697/697 700/700/700
f 695/695/695 700/700/700 698/698/698
f 696/696/696 694/694/694 701/701/701
f 694/694/694 699/699/699 701/701/701
f 697/697/697 696/696/696 702/702/702
f 697/697/697 702/702/702 700/700/700
f 696/696/696 701/701/701 702/702/702
f 698/698/698 700/700/700 703/703/703
f 699/699/699 698/698/698 704/704/704
f 698/698/698 703/703/703 704/704/704
f 700/700/700 702/702/702 705/705/705
f 700/700/700 705/705/705 703/703/703
f 701/701/701 699/699/699 706/706/706
f 699/699/699 704/704/704 706/706/706
f 702/702/702 701/701/701 707/707/707
f 702/702/702 707/707/707 705/705/705
f 701/701/701 706/706/706 707/707/707
f 703/703/703 705/705/705 708/708/708
f 704/704/704 703/703/703 709/709/709
f 703/703/703 708/708/708 709/709/709
f 705/705/705 707/707/707 710/710/710
f 705/705/705 710/710/710 708/708/708
f 706/706/706 704/704/704 711/711/711
f 704/704/704 709/709/709 711/711/711
f 707/707/707 706/706/706 712/712/712
f 707/707/707 712/712/712 710/710/710
f 706/706/706 711/711/711 712/712/712
f 708/708/708 710/710/710 713/713/713
f 709/709/709 708/708/708 714/714/714
f 708/708/708 713/713/713 714/714/714
f 710/710/710 712/712/712 715/715/715
f 710/710/710 715/715/715 713/713/713
f 711/711/711 709/709/709 716/716/716
f 709/709/709 714/714/714 716/716/716
f 712/712/712 711/711/711 717/717/717
f 712/712/712 717/717/717 715/715/715
f 711/711/711 716/716/716 717/717/717
f 713/713/713 715/715/715 718/718/718
f 714/714/714 713/713/713 719/719/719
f 713/713/713 718/718/718 719/719/719
f 715/715/715 717/717/717 720/720/720
f 715/715/715 720/720/720 718/718/718
f 716/716/716 714/714/714 721/721/721
f 714/714/714 719/719/719 721/721/721
f 717/717/717 716/716/716 722/722/722
f 717/717/717 722/722/722 720/720/720
f 716/716/716 721/721/721 722/722/722
f 718/718/718 720/720/720 723/723/723
f 719/719/719 718/718/718 724/724/724
f 718/718/718 723/723/723 724/724/724
f 720/720/720 722/722/722 725/725/725
f 720/720/720 725/725/725 723/723/723
f 721/721/721 719/719/719 726/726/726
f 719/719/719 724/724/724 726/726/726
f 722/722/722 721/721/721 727/727/727
f 722/722/722 727/727/727 725/725/725
f 721/721/721 726/726/726 727/727/727
f 723/723/723 725/725/725 728/728/728
f 724/724/724 723/723/723 729/729/729
f 723/723/723 728/728/728 729/729/729
f 725/725/725 727/727/727 730/730/730
f 725/725/725 730/730/730 728/728/728
f 726/726/726 724/724/724 731/731/731
f 724/724/724 729/729/729 731/731/731
f 727/727/727 726/726/726 732/732/732
f 727/727/727 732/732/732 730/730/730
f 726/726/726 731/731/731 732/732/732
f 728/728/728 730/730/730 733/733/733
f 729/729/729 728/728/728 734/734/734
f 728/728/728 733/733/733 734/734/734
f 730/730/730 732/732/732 735/735/735
f 730/730/730 735/735/735 733/733/733
f 731/731/731 729/729/729 736/736/736
f 729/729/729 734/734/734 736/736/736
f 732/732/732 731/731/731 737/737/737
f 732/732/732 737/737/737 735/735/735
f 731/731/731 736/736/736 737/737/737
f 733/733/733 735/735/735 738/738/738
f 734/734/734 733/733/733 739/739/739
f 733/733/733 738/738/738 739/739/739
f 735/735/735 737/737/737 740/740/740
f 735/735/735 740/740/740 738/738/738
f 736/736/736 734/734/734 741/741/741
f 734/734/734 739/739/739 741/741/741
f 737/737/737 736/736/736 742/742/742
f 737/737/737 742/742/742 740/740/740
f 736/736/736 741/741/741 742/742/742
f 738/738/738 740/740/740 743/743/743
f 739/739/739 738/738/738 744/744/744
f 738/738/738 743/743/743 744/744/744
f 740/740/740 742/742/742 745/745/745
f 740/740/740 745/745/745 743/743/743
f 741/741/741 739/739/739 746/746/746
f 739/739/739 744/744/744 746/746/746
f 742/742/742 741/741/741 747/747/747
f 742/742/742 747/747/747 745/745/745
f 741/741/741 746/746/746 747/747/747
f 743/743/743 745/745/745 748/748/748
f 744/744/744 743/743/743 749/749/749
f 743/743/743 748/748/748 749/749/749
f 745/745/745 747/747/747 750/750/750
f 745/745/745 750/750/750 748/748/748
f 746/746/746 744/744/744 751/751/751
f 744/744/744 749/749/749 751/751/751
f 747/747/747 746/746/746 752/752/752
f 747/747/747 752/752/752 750/750/750
f 746/746/746 751/751/751 752/752/752
f 748/748/748 750/750/750 753/753/753
f 749/749/749 748/748/748 754/754/754
f 748/748/748 753/753/753 754/754/754
f 750/750/750 752/752/752 755/755/755
f 750/750/750 755/755/755 753/753/753
f 751/751/751 749/749/749 756/756/756
f 749/749/749 754/754/754 756/756/756
f 752/752/752 751/751/751 757/757/757
f 752/752/752 757/757/757 755/755/755
f 751/751/751 756/756/756 757/757/757
f 753/753/753 755/755/755 758/758/758
f 754/754/754 753/753/753 759/759/759
f 753/753/753 758/758/758 759/759/759
f 755/755/755 757/757/757 760/760/760
f 755/755/755 760/760/760 758/758/758
f 756/756/756 754/754/754 761/761/761
f 754/754/754 759/759/759 761/761/761
f 757/757/757 756/756/756 762/762/762
f 757/757/757 762/762/762 760/760/760
f 756/756/756 761/761/761 762/762/762
f 758/758/758 760/760/760 763/763/763
f 759/759/759 758/758/758 764/764/764
f 758/758/758 763/763/763 764/764/764
f 760/760/760 762/762/762 765/765/765
f 760/760/760 765/765/765 763/763/763
f 761/761/761 759/759/759 766/766/766
f 759/759/759 764/764/764 766/766/766
f 762/762/762 761/761/761 767/767/767
f 762/762/762 767/767/767 765/765/765
f 761/761/761 766/766/766 767/767/767
f 763/763/763 765/765/765 768/768/768
f 764/764/764 763/763/763 769/769/769
f 763/763/763 768/768/768 769/769/769
f 765/765/765 767/767/767 770/770/770
f 765/765/765 770/770/770 768/768/768
f 766/766/766 764/764/764 771/771/771
f 764/764/764 769/769/769 771/771/771
f 767/767/767 766/766/766 772/772/772
f 767/767/767 772/772/772 770/770/770
f 766/766/766 771/771/771 772/772/772
f 768/768/768 770/770/770 773/773/773
f 769/769/769 768/768/768 774/774/774
f 768/768/768 773/773/773 774/774/774
f 770/770/770 772/772/772 775/775/775
f 770/770/770 775/775/775 773/773/773
f 771/771/771 769/769/769 776/776/776
f 769/769/769 774/774/774 776/776/776
f 772/772/772 771/771/771 777/777/777
f 772/772/772 777/777/777 775/775/775
f 771/771/771 776/776/776 777/777/777
f 773/773/773 775/775/775 778/778/778
f 774/774/774 773/773/773 779/779/779
f 773/773/773 778/778/778 779/779/779
f 775/775/775 777/777/777 780/780/780
f 775/775/775 780/780/780 778/778/778
f 776/776/776 774/774/774 781/781/781
f 774/774/774 779/779/779 781/781/781
f 777/777/777 776/776/776 782/782/782
f 777/777/777 782/782/782 780/780/780
f 776/776/776 781/781/781 782/782/782
f 778/778/778 780/780/780 783/783/783
f 779/779/779 778/778/778 784/784/784
f 778/778/778 783/783/783 784/784/784
f 780/780/780 782/782/782 785/785/785
f 780/780/780 785/785/785 783/783/783
f 781/781/781 779/779/779 786/786/786
f 779/779/779 784/784/784 786/786/786
f 782/782/782 781/781/781 787/787/787
f 782/782/782 787/787/787 785/785/785
f 781/781/781 786/786/786 787/787/787
f 783/783/783 785/785/785 788/788/788
f 784/784/784 783/783/783 789/789/789
f 783/783/783 788/788/788 789/789/789
f 785/785/785 787/787/787 790/790/790
f 785/785/785 790/790/790 788/788/788
f 786/786/786 784/784/784 791/791/791
f 784/784/784 789/789/789 791/791/791
f 787/787/787 786/786/786 792/792/792
f 787/787/787 792/792/792 790/790/790
f 786/786/786 791/791/791 792/792/792
f 788/788/788 790/790/790 793/793/793
f 789/789/789 788/788/788 794/794/794
f 788/788/788 793/793/793 794/794/794
f 790/790/790 792/792/792 795/795/795
f 790/790/790 795/795/795 793/793/793
f 791/791/791 789/789/789 796/796/796
f 789/789/789 794/794/794 796/796/796
f 792/792/792 791/791/791 797/797/797
f 792/792/792 797/797/797 795/795/795
f 791/791/791 796/796/796 797/797/797
f 793/793/793 795/795/795 798/798/798
f 794/794/794 793/793/793 799/799/799
f 793/793/793 798/798/798 799/799/799
f 795/795/795 797/797/797 800/800/800
f 795/795/795 800/800/800 798/798/798
f 796/796/796 794/794/794 801/801/801
f 794/794/794 799/799/799 801/801/801
f 797/797/797 796/796/796 802/802/802
f 797/797/797 802/802/802 800/800/800
f 796/796/796 801/801/801 802/802/802
f 798/798/798 800/800/800 803/803/803
f 799/799/799 798/798/798 803/803/803
f 800/800/800 802/802/802 804/804/804
f 800/800/800 804/804/804 803/803/803
f 802/802/802 801/801/801 805/805/805
f 802/802/802 805/805/805 804/804/804
f 801/801/801 799/799/799 806/806/806
f 801/801/801 806/806/806 805/805/805
f 807/807/807 799/799/799 803/803/803
f 799/799/799 807/807/807 806/806/806
f 804/804/804 805/805/805 808/808/808
f 805/805/805 809/809/809 808/808/808
f 805/805/805 806/806/806 809/809/809
f 804/804/804 808/808/808 810/810/810
f 803/803/803 804/804/804 810/810/810
f 806/806/806 811/811/811 809/809/809
f 806/806/806 807/807/807 811/811/811
f 803/803/803 810/810/810 812/812/812
f 807/807/807 812/812/812 811/811/811
f 807/807/807 803/803/803 812/812/812
f 815/815/815 814/814/814 813/813/813
f 816/816/816 815/815/815 813/813/813
f 816/816/816 813/813/813 817/817/817
f 815/815/815 818/818/818 814/814/814
f 818/818/818 819/819/819 814/814/814
f 820/820/820 816/816/816 817/817/817
f 820/820/820 817/817/817 821/821/821
f 822/822/822 821/821/821 819/819/819
f 818/818/818 822/822/822 819/819/819
f 822/822/822 820/820/820 821/821/821
f 823/823/823 815/815/815 816/816/816
f 824/824/824 818/818/818 815/815/815
f 823/823/823 824/824/824 815/815/815
f 825/825/825 816/816/816 820/820/820
f 825/825/825 823/823/823 816/816/816
f 826/826/826 820/820/820 822/822/822
f 826/826/826 825/825/825 820/820/820
f 827/827/827 822/822/822 818/818/818
f 824/824/824 827/827/827 818/818/818
f 827/827/827 826/826/826 822/822/822
f 828/828/828 823/823/823 825/825/825
f 829/829/829 824/824/824 823/823/823
f 828/828/828 829/829/829 823/823/823
f 830/830/830 825/825/825 826/826/826
f 830/830/830 828/828/828 825/825/825
f 831/831/831 826/826/826 827/827/827
f 831/831/831 830/830/830 826/826/826
f 832/832/832 827/827/827 824/824/824
f 829/829/829 832/832/832 824/824/824
f 832/832/832 831/831/831 827/827/827
f 833/833/833 828/828/828 830/830/830
f 834/834/834 829/829/829 828/828/828
f 833/833/833 834/834/834 828/828/828
f 835/835/835 830/830/830 831/831/831
f 835/835/835 833/833/833 830/830/830
f 836/836/836 831/831/831 832/832/832
f 836/836/836 835/835/835 831/831/831
f 837/837/837 832/832/832 829/829/829
f 834/834/834 837/837/837 829/829/829
f 837/837/837 836/836/836 832/832/832
f 838/838/838 833/833/833 835/835/835
f 839/839/839 834/834/834 833/833/833
f 838/838/838 839/839/839 833/833/833
f 840/840/840 835/835/835 836/836/836
f 840/840/840 838/838/838 835/835/835
f 841/841/841 836/836/836 837/837/837
f 841/841/841 840/840/840 836/836/836
f 842/842/842 837/837/837 834/834/834
f 839/839/839 842/842/842 834/834/834
f 842/842/842 841/841/841 837/837/837
f 843/843/843 838/838/838 840/840/840
f 844/844/844 839/839/839 838/838/838
f 843/843/843 844/844/844 838/838/838
f 845/845/845 840/840/840 841/841/841
f 845/845/845 843/843/843 840/840/840
f 846/846/846 841/841/841 842/842/842
f 846/846/846 845/845/845 841/841/841
f 847/847/847 842/842/842 839/839/839
f 844/844/844 847/847/847 839/839/839
f 847/847/847 846/846/846 842/842/842
f 848/848/848 843/843/843 845/845/845
f 849/849/849 844/844/844 843/843/843
f 848/848/848 849/849/849 843/843/843
f 850/850/850 845/845/845 846/846/846
f 850/850/850 848/848/848 845/845/845
f 851/851/851 846/846/846 847/847/847
f 851/851/851 850/850/850 846/846/846
f 852/852/852 847/847/847 844/844/844
f 849/849/849 852/852/852 844/844/844
f 852/852/852 851/851/851 847/847/847
f 853/853/853 848/848/848 850/850/850
f 854/854/854 849/849/849 848/848/848
f 853/853/853 854/854/854 848/848/848
f 855/855/855 850/850/850 851/851/851
f 855/855/855 853/853/853 850/850/850
f 856/856/856 851/851/851 852/852/852
f 856/856/856 855/855/855 851/851/851
f 857/857/857 852/852/852 849/849/849
f 854/854/854 857/857/857 849/849/849
f 857/857/857 856/856/856 852/852/852
f 858/858/858 853/853/853 855/855/855
f 859/859/859 854/854/854 853/853/853
f 858/858/858 859/859/859 853/853/853
f 860/860/860 855/855/855 856/856/856
f 860/860/860 858/858/858 855/855/855
f 861/861/861 856/856/856 857/857/857
f 861/861/861 860/860/860 856/856/856
f 862/862/862 857/857/857 854/854/854
f 859/859/859 862/862/862 854/854/854
f 862/862/862 861/861/861 857/857/857
f 863/863/863 858/858/858 860/860/860
f 864/864/864 859/859/859 858/858/858
f 863/863/863 864/864/864 858/858/858
f 865/865/865 860/860/860 861/861/861
f 865/865/865 863/863/863 860/860/860
f 866/866/866 861/861/861 862/862/862
f 866/866/866 865/865/865 861/861/861
f 867/867/867 862/862/862 859/859/859
f 864/864/864 867/867/867 859/859/859
f 867/867/867 866/866/866 862/862/862
f 868/868/868 863/863/863 865/865/865
f 869/869/869 864/864/864 863/863/863
f 868/868/868 869/869/869 863/863/863
f 870/870/870 865/865/865 866/866/866
f 870/870/870 868/868/868 865/865/865
f 871/871/871 866/866/866 867/867/867
f 871/871/871 870/870/870 866/866/866
f 872/872/872 867/867/867 864/864/864
f 869/869/869 872/872/872 864/864/864
f 872/872/872 871/871/871 867/867/867
f 868/868/868 870/870/870 873/873/873
f 869/869/869 868/868/868 874/874/874
f 874/874/874 868/868/868 873/873/873
f 873/873/873 870/870/870 875/875/875
f 870/870/870 871/871/871 875/875/875
f 875/875/875 874/874/874 873/873/873
f 875/875/875 871/871/871 876/876/876
f 871/871/871 872/872/872 876/876/876
f 876/876/876 874/874/874 875/875/875
f 872/872/872 869/869/869 877/877/877
f 877/877/877 869/869/869 874/874/874
f 876/876/876 872/872/872 877/877/877
f 877/877/877 874/874/874 876/876/876
