# Meridian LR tube mesh
v 0.04806317924490515 -0.8402819421837373 0.06055141242211609
v 0.04989328025590515 -0.8407562161837373 0.060340419422116084
v 0.04879037500390515 -0.8411462091837373 0.06022559852211609
v 0.0010539927059051504 0.009569884506262722 0.008084811222116087
v 0.0014311895059051505 0.009565898216262723 0.009228009722116091
v 0.0011244118059051539 0.07634506281626272 0.021734818822116087
v 0.0007410161059051498 0.07677444721626273 0.02069453152211609
v -0.0001206099940948488 0.008249103096262722 0.007787305822116092
v 0.0039017871059051495 0.008966685506262721 0.00824157152211609
v 0.0037514865059051494 0.010051089576262722 0.00866996872211609
v 0.0014311895059051505 0.009565898216262723 0.009228009722116091
v -0.00043499099409485126 0.07758834861626272 0.020908914522116087
v -0.0004693120940948495 0.007428694986262722 0.00874660912211609
v 0.004120789505905151 0.008246489796262722 0.00914447012211609
v -0.0007782838940948514 0.07766183371626272 0.02208182212211609
v 0.008373111505905154 0.08358911331626272 0.022497899822116092
v 0.008359711605905151 0.08378481771626273 0.02365710962211609
v 0.008764009905905153 0.08249505511626272 0.022318799022116087
v 0.00899211320590515 0.08201455981626272 0.02336730812211609
v 0.0011244118059051539 0.07634506281626272 0.021734818822116087
v 0.01750511300590515 0.08798698991626272 0.023598182922116087
v 0.017093908005905153 0.08907349311626273 0.023778598722116087
v 0.01777161100590515 0.08752082941626273 0.024644285422116087
v 0.008742209505905152 0.08281160051626273 0.02419440822211609
v 0.01752511230590515 0.08831924851626272 0.02547119932211609
v 0.00018550830590514933 0.07689355221626272 0.022592321022116092
v 0.017106210805905152 0.08927887581626272 0.02493609112211609
v -0.0007782838940948514 0.07766183371626272 0.02208182212211609
v 0.0004896931059051521 0.008242598736262721 0.009637005622116092
v -0.0004693120940948495 0.007428694986262722 0.00874660912211609
v 0.003877591305905148 0.010001098036262722 0.009837668422116086
v 0.004105892005905151 0.008885794786262722 0.010130964222116089
v 0.02640040590590515 0.09518174731626272 0.024877611522116087
v 0.026351312205905152 0.09496133681626272 0.02372372522211609
v 0.02687100880590515 0.09424324981626273 0.02540751172211609
v 0.026791509205905152 0.09388665021626272 0.023540522922116086
v 0.02711270560590515 0.09344284891626273 0.02458111572211609
v 0.007393091905905154 0.010627986166262721 0.00983255732211609
v 0.007623791705905152 0.009513199326262722 0.01012555512211609
v 0.007258590305905151 0.010676584206262722 0.008665658522116086
v 0.007631786205905149 0.008872691546262721 0.009139854422116088
v 0.00740609320590515 0.009591685606262721 0.008237555622116088
v 0.03704793560590515 0.10001648871626272 0.02516544982211609
v 0.037284330505905156 0.09921364391626272 0.024339865922116087
v 0.03651960010590515 0.10092873031626272 0.024644259322116085
v 0.03690209800590515 0.09962975141626272 0.023308444722116087
v 0.03642949460590515 0.10068976781626272 0.023496549622116086
v 0.01097969710590515 0.010230398266262722 0.007834456822116087
v 0.011215988505905154 0.009513292466262722 0.008735459322116092
v 0.010836590105905153 0.011315984766262721 0.008262056822116087
v 0.011218994805905151 0.010155687346262722 0.00971995662211609
v 0.010984495305905152 0.011269885346262722 0.009427458022116086
v 0.04761082769290515 0.10683341971626273 0.022501137122116086
v 0.048114901786905154 0.10578925811626272 0.022306531622116092
v 0.047740908863505155 0.10709251371626272 0.023640625222116088
v 0.04855649109190515 0.10540298281626272 0.023325722622116088
v 0.04832539678290515 0.10620849481626272 0.02415023002211609
v 0.014522492905905154 0.011976786831262722 0.007794458422116089
v 0.01468799260590515 0.011933795176262722 0.008957549922116087
v 0.014659792205905152 0.010890094096262723 0.0073675550221160915
v 0.014927487805905151 0.010820496126262721 0.00924955682211609
v 0.014910094405905149 0.010175486796262722 0.008266858722116091
v 0.060340510705905154 0.11403861581626272 0.02150274072211609
v 0.06097531410590515 0.11318229781626273 0.02199913562211609
v 0.060174609505905155 0.11375983681626273 0.02037264402211609
v 0.061201830405905155 0.11237418561626272 0.02117583902211609
v 0.06070691160590515 0.11273116521626272 0.020170640222116086
v 0.01875079800590515 0.010866595546262722 0.00771245732211609
v 0.018785188005905153 0.011514693496262721 0.00869265942211609
v 0.018483998205905152 0.011578189096262723 0.0068155564221160855
v 0.01853969320590515 0.012626887532262722 0.008401557822116087
v 0.018353497605905152 0.012666102615262721 0.007241457722116089
v 0.07495049570590515 0.12124473481626272 0.01624449342211609
v 0.07549668290590515 0.12091842181626272 0.017233587822116092
v 0.07439332080590515 0.12225837181626273 0.016454495522116086
v 0.07527703420590515 0.12173042381626273 0.018054798222116086
v 0.07459504160590515 0.12255859281626272 0.01757319272211609
v 0.02248958310590515 0.012301989773262722 0.006156954922116091
v 0.02236669320590515 0.013391295622262721 0.006581556022116089
v 0.022774597605905153 0.011593694686262722 0.007050856922116086
v 0.02257579560590515 0.013356200419262722 0.007737953222116088
v 0.022827889805905152 0.012245188933262721 0.008027955922116088
v 0.08728544410590515 0.12931411581626273 0.011739298722116091
v 0.08752989020590515 0.12964194881626273 0.01284189892211609
v 0.08786954730590515 0.12831786881626273 0.011519189922116091
v 0.08826513220590515 0.12884826081626272 0.013303190422116092
v 0.08847501500590516 0.12802985981626272 0.012485694122116087
v 0.02708450330590515 0.013017893987262722 0.007235258822116092
v 0.026831986405905152 0.014128886396262723 0.006945356722116089
v 0.027014503205905153 0.012363387330262722 0.006261255622116088
v 0.026605891105905152 0.014160891646262722 0.005792155822116091
v 0.026718787805905152 0.013069792941262722 0.005369357722116087
v 0.10291169960590515 0.13700179681626273 0.006634511022116089
v 0.10270906240590516 0.13782531681626273 0.00744850932211609
v 0.10224054010590515 0.13724258481626272 0.0056988112221160875
v 0.10191240160590515 0.13857512781626272 0.007016010622116091
v 0.10162279010590515 0.13821502681626271 0.005934610922116092
v 0.037565664405905155 0.014534175276262723 0.007347997322116086
v 0.03727544470590515 0.015241572866262721 0.006455000522116089
v 0.03764645940590515 0.015190474926262722 0.00831989942211609
v 0.037176870705905155 0.016335074786262723 0.006875097722116086
v 0.03740613350590515 0.01630356418626272 0.008027598222116086
v 0.11203408990590515 0.14518692281626272 5.370942211608762e-05
v 0.11137605460590515 0.1461265598162627 0.0003126133221160905
v 0.11277169730590515 0.14500015181626272 0.0009511113221160883
v 0.11170694230590515 0.14652053181626273 0.0013701096221160891
v 0.11256951840590515 0.14582427481626273 0.0017646104221160919
v 0.04766081929890515 0.018681138756262722 0.006973147422116091
v 0.04743498921790515 0.018713125956262722 0.005819946522116086
v 0.04788329243460515 0.017565226186262724 0.00726884972211609
v 0.04751792072790515 0.017617127856262724 0.00540284812211609
v 0.047794910669385154 0.016907725016262722 0.006298348322116086
v 0.12104264650590515 0.15386047081626272 -0.004239490277883912
v 0.12011079490590515 0.15449096881626273 -0.004585090977883913
v 0.12125093490590515 0.1530419948162627 -0.005057293877883912
v 0.11974313110590515 0.1540620388162627 -0.005616489777883912
v 0.12044771020590515 0.15316665781626274 -0.005908286177883911
v 0.12708230320590513 0.16133948281626273 -0.010735155977883912
v 0.12808389220590516 0.16078955581626272 -0.01045115107788391
v 0.13466992970590513 0.17154110081626273 -0.020108141007883912
v 0.12830445910590516 0.1599849528162627 -0.01127945627788391
v 0.13573743400590516 0.17108913381626273 -0.01989913357788391
v 0.13739776610590515 0.17976035781626273 -0.02850402949788391
v 0.12668374930590515 0.16087470081626273 -0.011738955977883912
v 0.12708230320590513 0.16133948281626273 -0.010735155977883912
v 0.12743890280590514 0.16003744981626272 -0.012075353377883912
v 0.13597440720590515 0.1703089538162627 -0.02074624411788391
v 0.13424725830590517 0.17104015381626272 -0.021084245297883913
v 0.13466992970590513 0.17154110081626273 -0.020108141007883912
v 0.13505346330590515 0.17027858581626273 -0.02147864736788391
v 0.13851477950590516 0.1794118498162627 -0.02837343339788391
v 0.13695602120590517 0.17922004181626272 -0.029450436820883913
v 0.13876334580590516 0.17865622681626273 -0.02923902630588391
v 0.13779998570590515 0.17853767381626273 -0.029904729133683913
v 0.13796663280590515 0.18533157481626272 -0.03515142807788391
v 0.13842294360590515 0.18591537281626272 -0.03423832310788391
v 0.13956681640590515 0.18564971481626272 -0.03417103178788391
v 0.13981759550590517 0.1849015718162627 -0.03504253737788391
v 0.13882859800590513 0.1847050408162627 -0.03564842557788391
v 0.13892858470590513 0.1923422138162627 -0.040410469277883915
v 0.13939382140590517 0.1929653948162627 -0.03952874056788391
v 0.14055143300590517 0.1927586258162627 -0.03950836974788391
v 0.14080151910590516 0.19200774181626273 -0.04037754887788391
v 0.13979848470590517 0.19175032481626272 -0.04093506657788391
v 0.13975191120590513 0.19952041581626273 -0.04694823177788391
v 0.14022195340590515 0.20017424881626272 -0.04609164037788391
v 0.14138658340590515 0.20001327181626272 -0.04610884557788391
v 0.14163628970590514 0.19925994381626272 -0.04697615467788391
v 0.14062600580590515 0.19895522981626274 -0.047494839877883915
v 0.14049718530590516 0.2068339498162627 -0.05287398207788391
v 0.14096944780590515 0.20751022481626272 -0.05203646417788391
v 0.14213735610590517 0.20738295381626273 -0.05208205057788391
v 0.14238691330590514 0.20662795681626273 -0.05294787327788391
v 0.14137319470590515 0.20628859781626271 -0.05343725907788391
v 0.14104997370590516 0.2142503328162627 -0.058995282277883906
v 0.14152307060590513 0.21494216381626272 -0.058171004077883906
v 0.14269227530590517 0.21483809381626273 -0.05823650207788391
v 0.14294168350590514 0.21408187481626273 -0.05910121647788391
v 0.14192674310590514 0.21371855481626273 -0.05957019697788391
v 0.14089864490590515 0.22173765981626273 -0.06549190357788391
v 0.14137189830590516 0.2224386548162627 -0.06467540557788391
v 0.14254155750590514 0.2223480108162627 -0.0647526904778839
v 0.14279088380590516 0.22159103181626272 -0.06561690937788392
v 0.14177564530590514 0.22121383881626272 -0.06607368217788391
v 0.13975150880590514 0.22945388281626272 -0.07222740347788391
v 0.14021209630590514 0.2293542388162627 -0.07071098307788391
v 0.14138259740590514 0.22931303781626272 -0.07082801687788391
v 0.14164527510590513 0.2293872008162627 -0.07241676377788392
v 0.14063727860590514 0.22947432781626273 -0.07328163087788392
v 0.13963501900590514 0.23660587381626272 -0.06437328087788391
v 0.14004661890590514 0.23578753181626272 -0.06363651157788391
v 0.14121994380590513 0.23579043781626272 -0.06370910627788391
v 0.14153351630590516 0.23661044881626273 -0.06449069827788391
v 0.14055405560590517 0.23711445081626273 -0.06490119917788391
v 0.13931531460590516 0.24381606981626272 -0.05678378787788391
v 0.13972760740590515 0.24301040781626274 -0.05603351447788391
v 0.14090146870590514 0.24302413181626273 -0.05609439687788391
v 0.14121480290590516 0.2438384958162627 -0.05688228457788391
v 0.14023450760590517 0.2443278498162627 -0.05730830877788391
v 0.13841985170590515 0.2510110358162627 -0.049340398977883906
v 0.13883275540590514 0.2502267428162627 -0.04856780917788391
v 0.14000722770590515 0.2502590928162627 -0.048609502577883906
v 0.14032025630590517 0.2510633828162627 -0.049407690777883914
v 0.13933911920590514 0.2515281648162627 -0.049859387777883915
v 0.13728524740590514 0.25832991981626274 -0.04211189127788391
v 0.13769777120590515 0.25757705281626275 -0.04130859207788391
v 0.13887185600590515 0.2576364048162627 -0.04132358447788391
v 0.13918504120590514 0.2584260468162627 -0.04213619047788391
v 0.13820444050590514 0.25885482781626273 -0.04262347987788391
v 0.13605768230590515 0.2658169488162627 -0.03516700630788391
v 0.13646760580590517 0.26510541781626273 -0.03432500688788391
v 0.13763947780590516 0.26520096381626274 -0.03430660115788391
v 0.13795388490590516 0.26597135381626275 -0.035137194207883915
v 0.13697633150590516 0.2663519298162627 -0.035668905827883915
v 0.13513589650590516 0.2735154548162627 -0.028573397427883913
v 0.13553903250590515 0.27285658481626274 -0.02768628950788391
v 0.13670518250590513 0.2729975798162627 -0.02762889745788391
v 0.13702264430590516 0.2737434418162627 -0.02848039508788391
v 0.13605272020590514 0.2740635488162627 -0.02906419639488391
v 0.13429676000590515 0.28147338981626274 -0.022395495327883912
v 0.13468906280590515 0.28087004181626274 -0.021465491507883912
v 0.13584475960590514 0.28106414481626274 -0.021366595287883913
v 0.13616672160590515 0.2817878638162627 -0.02223550714788391
v 0.13521007450590516 0.2820407068162627 -0.02287139789788391
v 0.13254585120590515 0.2922473168162627 -0.014662999677883912
v 0.13292670990590516 0.29168640681626273 -0.01370249687788391
v 0.13406836990590515 0.2919329918162627 -0.013565797377883913
v 0.13439315560590515 0.2926461608162627 -0.014441898977883911
v 0.13345222170590515 0.2928405618162627 -0.01511999967788391
v 0.12965965270590515 0.3030545028162627 -0.007222799577883913
v 0.13003051280590516 0.3025237838162627 -0.0062412973778839115
v 0.13115730140590515 0.30281492181626274 -0.0060738976778839104
v 0.13148299600590516 0.3035256778162627 -0.00695189837788391
v 0.13055747750590516 0.30367370581626274 -0.007661899577883911
v 0.12614990770590515 0.31388946481626273 -2.6399277883910194e-05
v 0.12651123850590515 0.31338318381626273 0.0009714011221160883
v 0.12762398270590514 0.31371062181626275 0.0011628009221160904
v 0.12795060870590513 0.31441923181626275 0.0002834014221160877
v 0.12703949960590516 0.31452970881626274 -0.0004516001778839124
v 0.12088432910590514 0.3256307458162627 0.005980867922116086
v 0.12123741950590515 0.3251436868162627 0.006990868622116092
v 0.12233841420590515 0.3254989298162627 0.007200367722116088
v 0.12266571820590515 0.32620569181626274 0.006319768722116086
v 0.12176705150590515 0.3262871718162627 0.005566071722116088
v 0.11590462180590515 0.33700286481626274 0.01192438972211609
v 0.11625153570590516 0.33652921681626274 0.01294288412211609
v 0.11734344810590515 0.3369042788162627 0.013164691622116087
v 0.11767128850590515 0.3376098488162627 0.012283388522116086
v 0.11678200210590516 0.33767058581626275 0.01151688392211609
v 0.11106053740590516 0.3471896268162627 0.01690248402211609
v 0.11140363660590515 0.3467236378162627 0.01792588832211609
v 0.11248990890590516 0.3471105908162627 0.018154982522116087
v 0.11281804740590515 0.3478152368162627 0.017273291922116088
v 0.11193463950590515 0.3478643808162627 0.01649919152211609
v 0.10532959550590515 0.3571899448162627 0.02118974552211609
v 0.10555138440590515 0.3569714348162627 0.02236524222211609
v 0.10652168840590515 0.3575936768162627 0.022739142222116086
v 0.10689957440590515 0.3581970248162627 0.021794755022116086
v 0.10616280140590514 0.3579473708162627 0.020837150522116092
v 0.10314638910590515 0.35898973681626273 0.020696736922116092
v 0.10321306810590515 0.35887925981626273 0.02187174182211609
v 0.10380243880590515 0.3599196288162627 0.02036823332211609
v 0.10391047220590516 0.35974078581626273 0.02226944272211609
v 0.10427470130590516 0.36038379981626273 0.021340239822116087
v -0.025354139494094846 -0.02506177588373728 -0.0021095145778839107
v -0.02573873099409485 -0.02541267218373728 -0.0010483171778839125
v -0.023386038794094843 -0.019216869983737277 0.002686981122116086
v -0.022939927894094853 -0.018711772783737278 0.0017212815221160915
v -0.026257626694094843 -0.024559569583737277 -0.002691822077883911
v -0.027309715794094844 -0.029606276183737276 -0.005951039477883911
v -0.026359908294094847 -0.02986147718373728 -0.005299240377883912
v -0.023748934294094845 -0.01796497308373728 0.0012859851221160915
v -0.027200557294094846 -0.024599974083737278 -0.0019906237778839105
v -0.02824940529409485 -0.02962538688373728 -0.00524493867788391
v -0.024695031394094846 -0.018008467783737277 0.001982580822116088
v -0.02119382469409485 -0.014219372483737277 0.00358133022211609
v -0.02209573979409485 -0.01419137138373728 0.0043397285221160875
v -0.020477428994094854 -0.01509896948373728 0.0038958303221160867
v -0.02093654869409485 -0.015614473283737277 0.004848528622116086
v -0.023386038794094843 -0.019216869983737277 0.002686981122116086
v -0.017260342794094843 -0.011766669383737278 0.006989333822116091
v -0.017909333094094843 -0.010817472783737278 0.0053390413221160865
v -0.017658635994094854 -0.012218671883737278 0.006600640722116087
v -0.021936751894094844 -0.015053574883737278 0.005122829222116092
v -0.018553942394094844 -0.011548873983737277 0.006974939222116089
v -0.024470731594094852 -0.018782169583737275 0.0028484836221160867
v -0.02573873099409485 -0.02541267218373728 -0.0010483171778839125
v -0.018708839994094853 -0.010682971183737278 0.00619513912211609
v -0.024695031394094846 -0.018008467783737277 0.001982580822116088
v -0.026879854494094843 -0.025127273983737278 -0.0009748171778839118
v -0.027200557294094846 -0.024599974083737278 -0.0019906237778839105
v -0.02788031849409485 -0.02989228158373728 -0.00415653917788391
v -0.026712618794094853 -0.030038175183737276 -0.004190137577883911
v -0.025354139494094846 -0.02506177588373728 -0.0021095145778839107
v -0.01456584039409485 -0.0074697704837372765 0.007707905022116088
v -0.01389883829409485 -0.007707468283737279 0.006764508822116086
v -0.014401741294094848 -0.00832827108373728 0.008494108922116092
v -0.01332253589409485 -0.008712970683737279 0.0069676079221160855
v -0.013633441194094847 -0.009096671783737277 0.008036512922116087
v -0.027449652594094848 -0.03588112908373728 -0.007766488977883911
v -0.027101755094094848 -0.03578282238373728 -0.008885294177883911
v -0.028626166294094854 -0.03585492168373728 -0.007749294877883912
v -0.028063364294094853 -0.03569592258373728 -0.009559491677883912
v -0.02900546039409485 -0.03574042118373728 -0.008857389877883912
v -0.009525936094094849 -0.005406473783737278 0.00995505602211609
v -0.008903142094094846 -0.006262269783737277 0.009435556822116088
v -0.00971573959409485 -0.004563671583737279 0.00915755332211609
v -0.008708134294094852 -0.005948469983737277 0.008316952722116092
v -0.009210336994094848 -0.004898670083737278 0.008145149822116088
v -0.028886206494094846 -0.04307776408373728 -0.011271662977883911
v -0.029262617194094842 -0.043040675083737275 -0.01238496417788391
v -0.02771291879409485 -0.04298105928373728 -0.011280160377883913
v -0.028321817494094848 -0.04292097038373728 -0.01308155617788391
v -0.027364008094094852 -0.04288404528373728 -0.01239865827788391
v -0.003888942294094852 -0.0023993719837372782 0.009207747922116087
v -0.0034576430940948463 -0.0034824693837372765 0.009363651322116091
v -0.004209242794094847 -0.0019771707837372785 0.01026235522211609
v -0.0035113431940948514 -0.0037295715837372782 0.010514754822116092
v -0.003975838394094849 -0.002799270683737278 0.011070154622116087
v -0.02698035539409485 -0.04944153598373728 -0.014733288477883912
v -0.027922555794094847 -0.04958513098373728 -0.015423491577883912
v -0.027318552094094853 -0.049623840483737275 -0.013620188477883911
v -0.028843156994094843 -0.04985623898373728 -0.014736893577883912
v -0.028469756294094845 -0.049880229883737276 -0.01362239197788391
v 0.0019017607059051492 0.0002774317162627226 0.011076714822116092
v 0.0021941550059051546 -0.0005226730837372788 0.011887613722116087
v 0.0020241626059051485 -0.00021806918373727842 0.010012518622116086
v 0.0024972632059051536 -0.0015126736837372777 0.011324517422116091
v 0.0023921579059051484 -0.0013244757837372785 0.010165624322116089
v -0.02549783889409485 -0.05694428928373728 -0.01622995547788391
v -0.026569634694094846 -0.057456099383737275 -0.01626865377788391
v -0.025229223094094852 -0.056531199283737274 -0.01731136437788391
v -0.02696353939409485 -0.05735929408373727 -0.017374059177883913
v -0.026135139194094853 -0.05678758118373728 -0.01801845707788391
v 0.00883655620590515 0.0005241278162627216 0.009273607322116087
v 0.00906105710590515 0.00036963261626272136 0.01041780412211609
v 0.008524060205905154 0.0016465261162627223 0.00911420212211609
v 0.00888736170590515 0.0013964344162627224 0.010965507522116086
v 0.008555460705905155 0.0021856278162627214 0.01015990232211609
v -0.023337885694094854 -0.061146483783737285 -0.01987990087788391
v -0.023919083194094845 -0.06207174898373728 -0.01938220017788391
v -0.022540457594094843 -0.060728453983737274 -0.01911098607788391
v -0.023481041194094845 -0.062225417283737275 -0.01830578687788391
v -0.022628672394094843 -0.061395176683737285 -0.018137931777883913
v 0.015658862905905152 0.003245828676262722 0.008349429822116089
v 0.015751563005905155 0.003798224966262722 0.009383026522116089
v 0.015922058405905153 0.0021123290162627217 0.00851823012211609
v 0.01607206460590515 0.003006227316262723 0.010190628422116092
v 0.01617746430590515 0.0019642329162627217 0.009656228122116091
v -0.018683649594094853 -0.06334807068373728 -0.02127266302788391
v -0.018644832094094843 -0.06408215408373728 -0.02036600466788391
v -0.019279405494094848 -0.06388951188373727 -0.02214375137788391
v -0.019217833894094843 -0.06507703008373728 -0.020678126257883914
v -0.019609451294094846 -0.06495808158373728 -0.02177607919788391
v 0.023842563805905152 0.0033557293962627223 0.009108897322116088
v 0.02377046460590515 0.004403731786262723 0.00963679702211609
v 0.02359787000590515 0.0035057328662627223 0.007968898822116086
v 0.023481158505905153 0.005201432856262722 0.008823100522116087
v 0.023374557505905152 0.0046465275762627226 0.007792297722116086
v -0.013198766894094847 -0.06708671988373728 -0.02398190647788391
v -0.012924842494094847 -0.06716663488373728 -0.02284770877788391
v -0.012979812894094847 -0.06597987658373727 -0.024296382907883912
v -0.012535825394094847 -0.06610947198373728 -0.02246027625788391
v -0.012570857994094846 -0.06537583568373728 -0.023356887047883912
v 0.03174045310590515 0.004730927756262722 0.0068110600221160875
v 0.031546555505905155 0.005876033566262722 0.006628859822116091
v 0.03197725300590515 0.004579732196262723 0.007952660322116091
v 0.03166356870590515 0.006432530936262722 0.007657762622116086
v 0.03192966620590515 0.005631329956262722 0.008475858722116092
v -0.005493909094094848 -0.06738468348373727 -0.02598917158788391
v -0.005253743394094845 -0.06674863488373728 -0.025005942677883912
v -0.005621157594094851 -0.06850867068373728 -0.02570950658788391
v -0.005230937194094849 -0.06747995408373728 -0.02411646721788391
v -0.005459025494094848 -0.06856753768373727 -0.024552592077883913
v 0.04045757418590515 0.006723134776262722 0.007187813522116088
v 0.04020805517590515 0.007526529026262722 0.006366517422116087
v 0.04048748174590515 0.005669229196262722 0.006667815122116089
v 0.04008377203590515 0.006969030016262722 0.005339015322116086
v 0.040256348905905154 0.005821225696262722 0.0055252164221160915
v 0.002546362605905149 -0.06905879918373728 -0.02544721727788391
v 0.0025895797059051484 -0.06796056868373727 -0.02498181955788391
v 0.002517741205905151 -0.06900852268373728 -0.026617783357883913
v 0.002585962405905154 -0.06723120158373727 -0.02586703421788391
v 0.0025427006059051543 -0.06787904448373727 -0.02687668217788391
v 0.04927997710590515 0.006657827176262722 0.005403608122116092
v 0.04905277374590515 0.006810233466262722 0.00426030532211609
v 0.04926197172590515 0.007713126016262722 0.0059214085221160895
v 0.04889434936590515 0.007959630336262721 0.00407150762211609
v 0.04902366758590515 0.008517739826262721 0.0050981082221160864
v 0.010604716805905148 -0.06834895258373727 -0.02634471072788391
v 0.01049340140590515 -0.06723152938373728 -0.026604760907883912
v 0.01045186820590515 -0.06841399618373728 -0.02518048882788391
v 0.01027074460590515 -0.06660550178373728 -0.02560253021788391
v 0.01024653020590515 -0.06733661238373728 -0.02472036005788391
v 0.057188812645905154 0.009082880106262722 0.003445606722116086
v 0.05705659463590515 0.008524581326262722 0.0024195052221160918
v 0.05742070730590515 0.008277694226262722 0.004270106522116089
v 0.05720681790590515 0.007374277336262722 0.0026099048221160867
v 0.05743180867590515 0.007221689446262722 0.003753606222116089
v 0.017059912905905153 -0.06541397518373727 -0.023038631767883913
v 0.01712278460590515 -0.06467125658373728 -0.02391305798788391
v 0.01759802360590515 -0.06639856188373727 -0.02341379550788391
v 0.01770197410590515 -0.06519746878373728 -0.02482580067788391
v 0.01799512280590515 -0.06626483888373728 -0.02451793569788391
v 0.06718895020590515 0.008690133226262723 0.002612404522116092
v 0.06716274280590515 0.007630524686262722 0.0021027028221160884
v 0.06702667290590515 0.009502129626262722 0.0017752088221160908
v 0.06698436850590515 0.007787728216262722 0.0009505078221160902
v 0.06690025330590516 0.008944439936262722 0.0007481072221160873
v 0.02327324820590515 -0.06277496458373728 -0.019851981677883913
v 0.023830032005905152 -0.06253568918373728 -0.020856398157883912
v 0.02248755840590515 -0.06194346488373728 -0.01963464357788391
v 0.023387700305905153 -0.061556071983737276 -0.02126088551788391
v 0.02255721580590515 -0.06118994298373728 -0.02050679363788391
v 0.08060246330590515 0.009014650016262723 -0.0008710920778839115
v 0.08106305080590515 0.007855249106262722 -0.000718595477883912
v 0.08052495120590515 0.009566962256262721 0.00018261002211608993
v 0.08127026630590514 0.007691159846262722 0.00042940492211608963
v 0.08093770220590515 0.008749051946262722 0.0009864103221160873
v 0.026606623105905152 -0.05724623888373728 -0.01691072157788391
v 0.02748708800590515 -0.05756534728373727 -0.017620110877883913
v 0.026577895505905152 -0.05797043538373728 -0.01600198637788391
v 0.028001552405905152 -0.05848663398373728 -0.017151074477883912
v 0.02743918820590515 -0.05873680208373727 -0.01615151207788391
v 0.09701489280590515 0.029284634616262722 -0.00171618717788391
v 0.09921203550590516 0.030354174816262722 -0.0011654775778839124
v 0.09871768580590515 0.03032390861626272 -0.0030078142778839113
v 0.10227263350590515 0.032054471816262725 -0.0021166056778839128
v 0.10196710380590515 0.03203578381626272 -0.0032553020778839127
v 0.03066176550590515 -0.05392284038373728 -0.012986484877883911
v 0.031526519005905154 -0.05469465348373728 -0.013129383277883912
v 0.03062985090590515 -0.05325158778373727 -0.013943590177883911
v 0.032029846705905154 -0.05450071488373728 -0.014173550577883911
v 0.03147587920590515 -0.05360870898373728 -0.014676570877883911
v 0.08424180000590514 0.028785339516262724 -0.0008758939778839119
v 0.08445847410590515 0.02875204291626272 0.0002791043221160895
v 0.08428330350590515 0.027684039416262723 -0.0012850966778839117
v 0.08463379740590515 0.02763023321626272 0.0005836040221160882
v 0.08452553670590515 0.02697023381626272 -0.00038309207788391267
v 0.03539844690590515 -0.04964207948373728 -0.01174263467788391
v 0.03596966620590515 -0.05050014048373727 -0.01120514237788391
v 0.03458395410590515 -0.04925027578373728 -0.01099224387788391
v 0.03551471420590515 -0.05064062868373728 -0.01012592207788391
v 0.03466782440590515 -0.04987143818373728 -0.009999286377883911
v 0.07561437600590515 0.02525985241626272 0.00035660532211609017
v 0.07586149680590515 0.024546559016262723 0.0012577064221160894
v 0.07556708340590515 0.02636047081626272 0.0007669050221160885
v 0.07596693560590514 0.02520625571626272 0.0022250078221160915
v 0.07578497010590515 0.02632735481626272 0.0019216053221160906
v 0.038715127855905154 -0.04577187918373728 -0.008361946777883912
v 0.038813770745905155 -0.04634091728373728 -0.007329780577883912
v 0.039482358845905154 -0.04618581108373728 -0.00911293737788391
v 0.04264534125590515 -0.04211259358373728 -0.00626481137788391
v 0.04278534045590515 -0.042653460983737276 -0.005225488877883912
v 0.03961796685590515 -0.047098000583737275 -0.007429202977883912
v 0.04003453859590515 -0.04700326268373728 -0.00853314067788391
v 0.04360242979590515 -0.043418430683737276 -0.0053346026778839095
v 0.04656769870590515 -0.039350965083737276 -0.00399183477788391
v 0.04339709412590515 -0.04255075848373728 -0.007028266777883912
v 0.04264534125590515 -0.04211259358373728 -0.00626481137788391
v 0.043982783565905154 -0.04335566698373728 -0.0064500588778839095
v 0.04742891431690515 -0.04013357028373728 -0.0041272677778839105
v 0.04778495907790515 -0.040090103583737276 -0.00524759287788391
v 0.047142421011905154 -0.039280050483737276 -0.005803732177883911
v 0.04638821724590515 -0.038822670483737276 -0.005026632877883911
v 0.04278534045590515 -0.042653460983737276 -0.005225488877883912
v 0.04656769870590515 -0.039350965083737276 -0.00399183477788391
v 0.051548410675905154 -0.03552447348373728 -0.00423273257788391
v 0.05159449204590515 -0.03423947188373728 -0.0031761321778839106
v 0.05042990320590515 -0.038177289983737275 -0.004292633377883912
v 0.04978479980590515 -0.03853186308373728 -0.0032730325778839095
v 0.050504595045905154 -0.03609816448373728 -0.0025830343778839096
v 0.05159449204590515 -0.03423947188373728 -0.0031761321778839106
v 0.04638821724590515 -0.038822670483737276 -0.005026632877883911
v 0.04926683544590515 -0.058635988283737284 -0.004134733277883912
v 0.04854250547990515 -0.05862262188373728 -0.005089189877883912
v 0.04920944804590515 -0.058770150883737285 -0.006049288477883909
v 0.05034551722590515 -0.05887502528373728 -0.005688779077883913
v 0.05038149468590515 -0.05879230148373728 -0.004504842677883911
v 0.050504595045905154 -0.03609816448373728 -0.0025830343778839096
v 0.04926683544590515 -0.058635988283737284 -0.004134733277883912
v 0.04704824567290515 -0.07203410658373728 -0.0069714449778839095
v 0.04707539203790515 -0.07199512518373728 -0.0057823005778839115
v 0.04595158225590515 -0.07179621698373728 -0.007327305177883912
v 0.04190724482590515 -0.08653995488373728 -0.00980702417788391
v 0.04300472885590515 -0.08678573458373728 -0.009446356477883913
v 0.03776931200590515 -0.10133952018373728 -0.012930881277883912
v 0.04302850831590515 -0.08679111398373728 -0.008245382477883912
v 0.03886283282590515 -0.10160067018373728 -0.01257140937788391
v 0.03270505370590515 -0.11757149618373727 -0.017249790977883914
v 0.033794581005905155 -0.11784891118373728 -0.016893746377883913
v 0.03886808734590515 -0.10167635318373727 -0.01137672367788391
v 0.04194492474590515 -0.08654836658373728 -0.00786453487788391
v 0.033779774805905154 -0.11800698318373729 -0.01571280597788391
v 0.03777787830590515 -0.10146193318373728 -0.010997518877883913
v 0.04125129850590515 -0.08639278358373728 -0.008830714977883913
v 0.03268138600590515 -0.11782743918373728 -0.01533869377788391
v 0.03709875510590515 -0.10125376418373727 -0.01195814087788391
v 0.04190724482590515 -0.08653995488373728 -0.00980702417788391
v 0.032016964605905154 -0.11755841318373728 -0.01628874427788391
v 0.03776931200590515 -0.10133952018373728 -0.012930881277883912
v 0.04707539203790515 -0.07199512518373728 -0.0057823005778839115
v 0.05038149468590515 -0.05879230148373728 -0.004504842677883911
v 0.04599424486590515 -0.07173359488373728 -0.005405086977883913
v 0.04302850831590515 -0.08679111398373728 -0.008245382477883912
v 0.04194492474590515 -0.08654836658373728 -0.00786453487788391
v 0.045299950985905155 -0.07161045908373728 -0.0063595622778839095
v 0.04125129850590515 -0.08639278358373728 -0.008830714977883913
v 0.04595158225590515 -0.07179621698373728 -0.007327305177883912
v 0.04190724482590515 -0.08653995488373728 -0.00980702417788391
v 0.02771520060590515 -0.1355925881837373 -0.02217110339788391
v 0.033794581005905155 -0.11784891118373728 -0.016893746377883913
v 0.03270505370590515 -0.11757149618373727 -0.017249790977883914
v 0.028797145905905153 -0.13588608118373727 -0.02182480506788391
v 0.033779774805905154 -0.11800698318373729 -0.01571280597788391
v 0.02876009420590515 -0.13613074318373727 -0.02066766190788391
v 0.03268138600590515 -0.11782743918373728 -0.01533869377788391
v 0.02765599450590515 -0.13598827318373727 -0.02029767166788391
v 0.032016964605905154 -0.11755841318373728 -0.01628874427788391
v 0.027009634305905153 -0.13565541118373728 -0.021228088067883913
v 0.03270505370590515 -0.11757149618373727 -0.017249790977883914
v 0.02771520060590515 -0.1355925881837373 -0.02217110339788391
v 0.02281934020590515 -0.15572043618373727 -0.02758774161788391
v 0.028797145905905153 -0.13588608118373727 -0.02182480506788391
v 0.02771520060590515 -0.1355925881837373 -0.02217110339788391
v 0.023896610405905152 -0.15603070818373727 -0.02724793320788391
v 0.02876009420590515 -0.13613074318373727 -0.02066766190788391
v 0.02383836730590515 -0.15635626818373727 -0.02612011087788391
v 0.02765599450590515 -0.13598827318373727 -0.02029767166788391
v 0.02272521520590515 -0.15624680418373726 -0.02576272841788391
v 0.027009634305905153 -0.13565541118373728 -0.021228088067883913
v 0.02209542500590515 -0.15585378618373727 -0.02666975860788391
v 0.02771520060590515 -0.1355925881837373 -0.02217110339788391
v 0.02281934020590515 -0.15572043618373727 -0.02758774161788391
v 0.01888022380590515 -0.17868324418373727 -0.03381331800788391
v 0.023896610405905152 -0.15603070818373727 -0.02724793320788391
v 0.02281934020590515 -0.15572043618373727 -0.02758774161788391
v 0.01995674150590515 -0.17900081818373728 -0.03347526420788391
v 0.02383836730590515 -0.15635626818373727 -0.02612011087788391
v 0.01988939750590515 -0.17938276518373727 -0.03236480103788391
v 0.02272521520590515 -0.15624680418373726 -0.02576272841788391
v 0.018770823205905153 -0.17930109118373727 -0.03201709384788391
v 0.02209542500590515 -0.15585378618373727 -0.02666975860788391
v 0.01814669560590515 -0.17886900218373727 -0.03291284921788391
v 0.02281934020590515 -0.15572043618373727 -0.02758774161788391
v 0.01888022380590515 -0.17868324418373727 -0.03381331800788391
v 0.01551243660590515 -0.2015166071837373 -0.04071888797788391
v 0.01995674150590515 -0.17900081818373728 -0.03347526420788391
v 0.01888022380590515 -0.17868324418373727 -0.03381331800788391
v 0.01659130120590515 -0.20181975618373726 -0.04037660457788391
v 0.01988939750590515 -0.17938276518373727 -0.03236480103788391
v 0.01285330210590515 -0.22247552218373728 -0.04718824657788391
v 0.01652536170590515 -0.2022236371837373 -0.03926645591788391
v 0.018770823205905153 -0.17930109118373727 -0.03201709384788391
v 0.013933036505905154 -0.22275803318373727 -0.04683630357788391
v 0.01540464530590515 -0.20216860718373728 -0.03892473783788391
v 0.01814669560590515 -0.17886900218373727 -0.03291284921788391
v 0.01386293020590515 -0.22316385118373727 -0.04573206787788391
v 0.014779496905905153 -0.20173219718373728 -0.03982097282788391
v 0.01888022380590515 -0.17868324418373727 -0.03381331800788391
v 0.01551243660590515 -0.2015166071837373 -0.04071888797788391
v 0.012739695605905155 -0.22313193318373728 -0.045401833977883915
v 0.012114319905905148 -0.22270701218373729 -0.04630016717788391
v 0.010809678605905149 -0.2388732221837373 -0.053550476177883916
v 0.011892080305905155 -0.2391294921837373 -0.05319651027788391
v 0.01182023810590515 -0.23954067518373728 -0.052095325677883914
v 0.010069180305905152 -0.23912567718373728 -0.05266773517788391
v 0.010693386205905153 -0.23953820118373725 -0.05176895487788391
v 0.009783700105905152 -0.2550579691837373 -0.05924447807788391
v 0.010868836205905154 -0.2552936761837373 -0.05888060857788391
v 0.01079520210590515 -0.25570831518373727 -0.05778344537788391
v 0.00904074310590515 -0.2553277101837373 -0.05836368347788391
v 0.009664729205905151 -0.2557285211837373 -0.05746918547788391
v 0.00968346000590515 -0.27110431418373726 -0.0650014318778839
v 0.01076979190590515 -0.2713239871837373 -0.06463309007788391
v 0.010694097705905153 -0.27173877618373726 -0.0635452307778839
v 0.008936792605905151 -0.27138523118373725 -0.06413191927788392
v 0.009561516305905154 -0.27177596918373725 -0.06323836747788392
v 0.010016448805905152 -0.2872302911837373 -0.07054992767788391
v 0.01110507550590515 -0.2874336621837373 -0.07017780467788391
v 0.010191008405905151 -0.3001499561837373 -0.0745767317778839
v 0.011031370605905151 -0.28785068618373727 -0.06909247117788392
v 0.011031370605905151 -0.28785068618373727 -0.06909247117788392
v 0.011284392305905153 -0.30036968818373727 -0.0742106996778839
v 0.011218920305905149 -0.30082059718373727 -0.07312340657788391
v 0.010493930405905148 -0.30763480918373726 -0.07722792777788391
v 0.009896684405905153 -0.2879049861837373 -0.06879320737788391
v 0.011218920305905149 -0.30082059718373727 -0.07312340657788391
v 0.009268444005905152 -0.2875215201837373 -0.06969436257788392
v 0.010016448805905152 -0.2872302911837373 -0.07054992767788391
v 0.010081585505905148 -0.30087814618373726 -0.07282723487788391
v 0.011524111005905148 -0.3083258651837373 -0.0757885463778839
v 0.009446736405905154 -0.3004628801837373 -0.07373177627788391
v 0.010191008405905151 -0.3001499561837373 -0.0745767317778839
v 0.010386694205905149 -0.30838982118373726 -0.07549206907788392
v 0.009748276305905149 -0.3079615021837373 -0.07639056067788391
v 0.010356530505905154 -0.3162427921837373 -0.0781595334778839
v 0.011494454005905153 -0.3161667071837373 -0.0784592926778839
v 0.009715579405905152 -0.31581188118373726 -0.07905501497788392
v 0.01155764610590515 -0.3156915991837373 -0.07951833677788392
v 0.011588521305905153 -0.30785889318373727 -0.07686579597788391
v 0.011218920305905149 -0.30082059718373727 -0.07312340657788391
v 0.010460674805905151 -0.3154725511837373 -0.07988650347788391
v 0.010239824605905154 -0.3240747241837373 -0.08040143917788392
v 0.011378720405905152 -0.32398856518373725 -0.08069330077788392
v 0.009598985305905153 -0.3236422921837373 -0.0812992006778839
v 0.010343615005905152 -0.32329107218373726 -0.08212251587788391
v 0.011442232905905153 -0.3235055591837373 -0.08174843717788391
v 0.01033505420590515 -0.33179212418373727 -0.08216622467788391
v 0.011476140505905154 -0.33168722018373725 -0.08243836457788392
v 0.00969807430590515 -0.33137271618373726 -0.08306239177788391
v 0.01044441760590515 -0.33100844218373726 -0.08387945217788391
v 0.01154261080590515 -0.33120335018373726 -0.08349210767788391
v 0.010485854005905154 -0.3395173931837373 -0.08401817457788391
v 0.011626623605905148 -0.3393938031837373 -0.0842690765778839
v 0.009856015405905152 -0.33910817718373726 -0.08491788807788392
v 0.01060689240590515 -0.3387304921837373 -0.0857270508778839
v 0.011699136305905154 -0.33890731018373726 -0.08532648907788391
v 0.010783888405905148 -0.3477730241837373 -0.08611580727788391
v 0.011920832105905152 -0.3476162631837373 -0.0863586812778839
v 0.010156627705905148 -0.3473804681837373 -0.0870281867778839
v 0.01090687510590515 -0.34698001418373725 -0.0878378562778839
v 0.011996507605905149 -0.3471253001837373 -0.0874155983778839
v 0.01080480590590515 -0.35602808818373727 -0.08830313757788391
v 0.01194402200590515 -0.3558336581837373 -0.08852935957788391
v 0.010177049805905149 -0.3556557681837373 -0.08922103787788391
v 0.010929256705905152 -0.3552310851837373 -0.09001839537788392
v 0.01202101630590515 -0.35534057818373727 -0.0895901098778839
v 0.01103417950590515 -0.36433489018373727 -0.0901374034778839
v 0.012170855005905153 -0.3641006731837373 -0.09037034957788391
v 0.010407842705905154 -0.36398554718373727 -0.09106385337788392
v 0.011159017705905154 -0.36353550218373726 -0.0918637066778839
v 0.012248139805905153 -0.36360690818373725 -0.09143810347788392
v 0.01133884490590515 -0.37276915518373727 -0.0920167527778839
v 0.012465346605905155 -0.37250179918373727 -0.09224653247788392
v 0.010721925605905153 -0.3724415981837373 -0.0929649620778839
v 0.011472038905905153 -0.3719717051837373 -0.09377244857788392
v 0.01255052910590515 -0.3720093751837373 -0.09332759677788391
v 0.011236857605905148 -0.3806038881837373 -0.09621361647788391
v 0.012302197505905152 -0.38061574918373725 -0.0957289784778839
v 0.010778788505905149 -0.3892554131837373 -0.09852595627788391
v 0.012190971505905153 -0.38110292818373726 -0.09465288367788391
v 0.011844325805905151 -0.3892406611837373 -0.09802081437788392
v 0.011602740705905154 -0.3987242071837373 -0.1002902760778839
v 0.010471701605905152 -0.3810859111837373 -0.09541475027788392
v 0.011236857605905148 -0.3806038881837373 -0.09621361647788391
v 0.01106693600590515 -0.3813943351837373 -0.0944636091778839
v 0.01172581690590515 -0.3897233391837373 -0.09697761387788391
v 0.010014191305905154 -0.38974956518373727 -0.09773825857788392
v 0.010778788505905149 -0.3892554131837373 -0.09852595627788391
v 0.01061536370590515 -0.3900387971837373 -0.09680172797788392
v 0.012675400805905152 -0.3987006331837373 -0.09981292487788392
v 0.010850790905905149 -0.3992029211837373 -0.09952602537788391
v 0.01145244390590515 -0.39947543418373727 -0.09859322757788391
v 0.012574113905905154 -0.39916534118373725 -0.0987669452778839
v 0.013739470405905153 -0.4102344301837373 -0.1025273501778839
v 0.012973561905905151 -0.41064144018373727 -0.1017469018778839
v 0.014819301705905154 -0.4102327611837373 -0.10206024347788391
v 0.013573095205905154 -0.4108915111837373 -0.1007992177778839
v 0.01470981170590515 -0.4106391451837373 -0.10100872067788391
v 0.016870949405905153 -0.42208407118373725 -0.10519328717788391
v 0.016078665805905154 -0.42241809618373727 -0.10437788067788391
v 0.01668571490590515 -0.4226447721837373 -0.10339639337788391
v 0.01701408250590515 -0.43757517018373726 -0.1075525656778839
v 0.01784225930590515 -0.4224508191837373 -0.10360986737788391
v 0.01794933340590515 -0.42210445618373726 -0.10472269357788391
v 0.017612600705905153 -0.43774340418373725 -0.10655353217788391
v 0.01529188450590515 -0.4526528801837373 -0.11307608337788391
v 0.018755640805905152 -0.43765757318373727 -0.10676395147788391
v 0.01886507500590515 -0.4374363501837373 -0.10792634637788391
v 0.01589537410590515 -0.4527629701837373 -0.11205406487788391
v 0.014084462105905152 -0.46843791818373726 -0.11763793227788391
v 0.013478711205905151 -0.4683885061837373 -0.11867403987788391
v 0.01268346610590515 -0.4790651881837373 -0.11879052217788391
v 0.012063577805905154 -0.4791607041837373 -0.11979421227788391
v 0.01703513970590515 -0.4527847251837373 -0.11229036007788391
v 0.01156742500590515 -0.4907952331837373 -0.11835872377788391
v 0.010946337105905153 -0.4909041901837373 -0.1193509250778839
v 0.010730840305905154 -0.5024972941837372 -0.11785699427788392
v 0.010109361305905153 -0.5026285431837373 -0.1188456490778839
v 0.01778147180590515 -0.43738544818373726 -0.10837741937788391
v 0.017136914605905152 -0.4526880471837373 -0.11347395177788391
v 0.016058128305905153 -0.4526066561837373 -0.11394456027788391
v 0.014240823705905153 -0.4684920091837373 -0.11959314347788391
v 0.015317522005905151 -0.4686051691837373 -0.11913240697788391
v 0.015220806005905155 -0.4685718801837373 -0.11791577937788392
v 0.012818276905905153 -0.4793416941837373 -0.12068252267788392
v 0.013904560405905153 -0.4793581751837373 -0.12022882697788391
v 0.013821359705905152 -0.47918725818373725 -0.11905907837788392
v 0.012789234505905155 -0.4910784151837373 -0.11978878077788391
v 0.01270633190590515 -0.4909029391837373 -0.11862934377788391
v 0.011953439605905149 -0.5027637271837373 -0.1192895695778839
v 0.01187090950590515 -0.5025809191837373 -0.11813133207788391
v 0.010883074205905154 -0.5143939641837373 -0.1182634457778839
v 0.01080077140590515 -0.5142007851837372 -0.11710675057788392
v 0.010730840305905154 -0.5024972941837372 -0.11785699427788392
v 0.01020736990590515 -0.5259409331837372 -0.11704696717788392
v 0.009661048605905151 -0.5141510751837373 -0.11682704087788391
v 0.01012416930590515 -0.5257339861837372 -0.11589315537788392
v 0.010169211805905153 -0.5385938071837373 -0.11616621167788391
v 0.008985798805905151 -0.5257282641837373 -0.1156034916778839
v 0.01008560140590515 -0.5383704091837372 -0.11501744387788392
v 0.010929111405905148 -0.5458223601837373 -0.11571861807788392
v 0.008985798805905151 -0.5257282641837373 -0.1156034916778839
v 0.008949905605905153 -0.5384180931837372 -0.11471367627788391
v 0.01084421200590515 -0.5455891871837373 -0.1145733147778839
v 0.009715203205905153 -0.5456924221837373 -0.11426292357788391
v 0.013684984305905153 -0.5587960271837373 -0.1108610704778839
v 0.012568190705905154 -0.5589456941837373 -0.11054553087788391
v 0.015061534905905151 -0.5684520981837373 -0.10587771237788392
v 0.016174946005905154 -0.5682807941837372 -0.10619834067788392
v 0.01838635470590515 -0.5750629091837373 -0.1016579344778839
v 0.01445378360590515 -0.5687751551837372 -0.10684056577788391
v 0.011960111605905148 -0.5592652941837373 -0.11149961497788391
v 0.017275461905905152 -0.5752503061837373 -0.10133121157788391
v 0.02047253030590515 -0.5834421301837373 -0.0980365946778839
v 0.01936733160590515 -0.5836589721837373 -0.09770080447788392
v 0.02251369130590515 -0.5924009461837373 -0.0930631532778839
v 0.02141200750590515 -0.5926365041837373 -0.0927248745778839
v 0.02508777940590515 -0.6032460711837373 -0.09008092807788391
v 0.023994948705905152 -0.6034972451837373 -0.08974473927788391
v 0.02080770210590515 -0.5929776811837373 -0.0936791449778839
v 0.023385567605905152 -0.6038424751837372 -0.0906923189778839
v 0.02719238210590515 -0.6147307541837372 -0.08722276617788391
v 0.026582395705905152 -0.6150777121837373 -0.0881700887778839
v 0.028349231905905152 -0.6146554731837373 -0.08871680127788391
v 0.025157481405905152 -0.6034350781837373 -0.0912386588778839
v 0.02828762680590515 -0.6144699241837372 -0.08756021407788392
v 0.029506608805905152 -0.6249623081837373 -0.08811907837788391
v 0.028389513505905153 -0.6251466061837373 -0.08779207987788391
v 0.03246522600590515 -0.6662785191837373 -0.09144265947788391
v 0.03359234520590515 -0.6662006761837372 -0.09177101027788391
v 0.028389513505905153 -0.6251466061837373 -0.08779207987788391
v 0.026582395705905152 -0.6150777121837373 -0.0881700887778839
v 0.02773347120590515 -0.6253204131837373 -0.08876960727788391
v 0.025157481405905152 -0.6034350781837373 -0.0912386588778839
v 0.02251369130590515 -0.5924009461837373 -0.0930631532778839
v 0.022586951005905152 -0.5925960321837372 -0.0942254513778839
v 0.02047253030590515 -0.5834421301837373 -0.0980365946778839
v 0.02055023050590515 -0.5836444881837373 -0.09920865297788391
v 0.01838635470590515 -0.5750629091837373 -0.1016579344778839
v 0.01846563820590515 -0.5752770091837373 -0.10282672197788391
v 0.016174946005905154 -0.5682807941837372 -0.10619834067788392
v 0.01625556130590515 -0.5685005571837373 -0.10735985637788391
v 0.013767384005905152 -0.5590232991837373 -0.11201044917788391
v 0.013684984305905153 -0.5587960271837373 -0.1108610704778839
v 0.013684984305905153 -0.5587960271837373 -0.1108610704778839
v 0.010929111405905148 -0.5458223601837373 -0.11571861807788392
v 0.015220806005905155 -0.4685718801837373 -0.11791577937788392
v 0.01589537410590515 -0.4527629701837373 -0.11205406487788391
v 0.01703513970590515 -0.4527847251837373 -0.11229036007788391
v 0.014084462105905152 -0.46843791818373726 -0.11763793227788391
v 0.013821359705905152 -0.47918725818373725 -0.11905907837788392
v 0.01268346610590515 -0.4790651881837373 -0.11879052217788391
v 0.01270633190590515 -0.4909029391837373 -0.11862934377788391
v 0.01187090950590515 -0.5025809191837373 -0.11813133207788391
v 0.010730840305905154 -0.5024972941837372 -0.11785699427788392
v 0.01156742500590515 -0.4907952331837373 -0.11835872377788391
v 0.01270633190590515 -0.4909029391837373 -0.11862934377788391
v 0.009039577105905153 -0.5143137951837373 -0.11781069637788391
v 0.009795013805905153 -0.5144639401837373 -0.1186985894778839
v 0.010864958205905148 -0.5027930521837373 -0.11973104627788392
v 0.010109361305905153 -0.5026285431837373 -0.1188456490778839
v 0.011701434805905152 -0.4910790701837373 -0.12023472037788391
v 0.010946337105905153 -0.4909041901837373 -0.1193509250778839
v 0.012818276905905153 -0.4793416941837373 -0.12068252267788392
v 0.012063577805905154 -0.4791607041837373 -0.11979421227788391
v 0.014240823705905153 -0.4684920091837373 -0.11959314347788391
v 0.013478711205905151 -0.4683885061837373 -0.11867403987788391
v 0.016058128305905153 -0.4526066561837373 -0.11394456027788391
v 0.01529188450590515 -0.4526528801837373 -0.11307608337788391
v 0.01701408250590515 -0.43757517018373726 -0.1075525656778839
v 0.01778147180590515 -0.43738544818373726 -0.10837741937788391
v 0.016078665805905154 -0.42241809618373727 -0.10437788067788391
v 0.009661048605905151 -0.5141510751837373 -0.11682704087788391
v 0.010730840305905154 -0.5024972941837372 -0.11785699427788392
v 0.008365888105905155 -0.5259317541837373 -0.11657803507788392
v 0.008949905605905153 -0.5384180931837372 -0.11471367627788391
v 0.00833145530590515 -0.5386708761837373 -0.11567750577788391
v 0.009085107605905154 -0.5387794161837373 -0.11657433207788391
v 0.009120486705905151 -0.5260631231837373 -0.11747037617788392
v 0.008365888105905155 -0.5259317541837373 -0.11657803507788392
v 0.009795013805905153 -0.5144639401837373 -0.1186985894778839
v 0.009039577105905153 -0.5143137951837373 -0.11781069637788391
v 0.00910181180590515 -0.5459896711837373 -0.11521653087788392
v 0.009852506205905151 -0.5460699581837373 -0.11611648647788392
v 0.012701243205905148 -0.5593128581837373 -0.11240510637788391
v 0.015192017005905153 -0.5688058521837372 -0.10775461797788391
v 0.012701243205905148 -0.5593128581837373 -0.11240510637788391
v 0.01445378360590515 -0.5687751551837372 -0.10684056577788391
v 0.016667956505905152 -0.5755759261837373 -0.10229995097788391
v 0.01740403100590515 -0.5755939861837372 -0.10322226587788391
v 0.017275461905905152 -0.5752503061837373 -0.10133121157788391
v 0.015061534905905151 -0.5684520981837373 -0.10587771237788392
v 0.01936733160590515 -0.5836589721837373 -0.09770080447788392
v 0.018761770805905152 -0.5839955591837372 -0.09866482767788391
v 0.02141200750590515 -0.5926365041837373 -0.0927248745778839
v 0.019492212705905152 -0.5839849491837372 -0.09959599377788392
v 0.02080770210590515 -0.5929776811837373 -0.0936791449778839
v 0.02153109760590515 -0.5929448391837373 -0.09460709247788392
v 0.023385567605905152 -0.6038424751837372 -0.0906923189778839
v 0.02410334530590515 -0.6038036131837373 -0.0916153825778839
v 0.026582395705905152 -0.6150777121837373 -0.0881700887778839
v 0.02729833500590515 -0.6150309231837373 -0.08909387517788392
v 0.009852506205905151 -0.5460699581837373 -0.11611648647788392
v 0.010929111405905148 -0.5458223601837373 -0.11571861807788392
v 0.010169211805905153 -0.5385938071837373 -0.11616621167788391
v 0.009085107605905154 -0.5387794161837373 -0.11657433207788391
v 0.01020736990590515 -0.5259409331837372 -0.11704696717788392
v 0.009120486705905151 -0.5260631231837373 -0.11747037617788392
v 0.010883074205905154 -0.5143939641837373 -0.1182634457778839
v 0.009795013805905153 -0.5144639401837373 -0.1186985894778839
v 0.011953439605905149 -0.5027637271837373 -0.1192895695778839
v 0.010864958205905148 -0.5027930521837373 -0.11973104627788392
v 0.012789234505905155 -0.4910784151837373 -0.11978878077788391
v 0.011701434805905152 -0.4910790701837373 -0.12023472037788391
v 0.013904560405905153 -0.4793581751837373 -0.12022882697788391
v 0.009715203205905153 -0.5456924221837373 -0.11426292357788391
v 0.00833145530590515 -0.5386708761837373 -0.11567750577788391
v 0.008949905605905153 -0.5384180931837372 -0.11471367627788391
v 0.00910181180590515 -0.5459896711837373 -0.11521653087788392
v 0.012568190705905154 -0.5589456941837373 -0.11054553087788391
v 0.011960111605905148 -0.5592652941837373 -0.11149961497788391
v 0.012701243205905148 -0.5593128581837373 -0.11240510637788391
v 0.010929111405905148 -0.5458223601837373 -0.11571861807788392
v 0.009852506205905151 -0.5460699581837373 -0.11611648647788392
v 0.013767384005905152 -0.5590232991837373 -0.11201044917788391
v 0.01625556130590515 -0.5685005571837373 -0.10735985637788391
v 0.015192017005905153 -0.5688058521837372 -0.10775461797788391
v 0.01740403100590515 -0.5755939861837372 -0.10322226587788391
v 0.01846563820590515 -0.5752770091837373 -0.10282672197788391
v 0.019492212705905152 -0.5839849491837372 -0.09959599377788392
v 0.02055023050590515 -0.5836444881837373 -0.09920865297788391
v 0.02153109760590515 -0.5929448391837373 -0.09460709247788392
v 0.022586951005905152 -0.5925960321837372 -0.0942254513778839
v 0.02410334530590515 -0.6038036131837373 -0.0916153825778839
v 0.025157481405905152 -0.6034350781837373 -0.0912386588778839
v 0.02729833500590515 -0.6150309231837373 -0.08909387517788392
v 0.025157481405905152 -0.6034350781837373 -0.0912386588778839
v 0.02410334530590515 -0.6038036131837373 -0.0916153825778839
v 0.028349231905905152 -0.6146554731837373 -0.08871680127788391
v 0.02844486570590515 -0.6252433441837373 -0.08970034497788391
v 0.02954116090590515 -0.6250219731837373 -0.08929855377788391
v 0.029506608805905152 -0.6249623081837373 -0.08811907837788391
v 0.03359234520590515 -0.6662006761837372 -0.09177101027788391
v 0.03361705970590515 -0.6660842081837373 -0.09294938297788391
v 0.03250481000590515 -0.6660910631837372 -0.09333784137788391
v 0.03191546910590515 -0.6810664911837373 -0.09807066617788392
v 0.03302328750590515 -0.6810346631837373 -0.09767787907788392
v 0.031961811705905147 -0.7005625751837373 -0.10498040167788392
v 0.03298533150590515 -0.6810455701837372 -0.09648489207788391
v 0.03246522600590515 -0.6662785191837373 -0.09144265947788391
v 0.03185376710590515 -0.6810765651837373 -0.09615529327788391
v 0.03305189030590515 -0.7005407591837373 -0.10460581627788391
v 0.03306848180590515 -0.7004805591837373 -0.10348033907788391
v 0.03281668290590515 -0.7109118481837373 -0.10622170567788392
v 0.03283074960590515 -0.7109895131837373 -0.10737227647788392
v 0.031731717305905155 -0.7110172891837373 -0.1077523007778839
v 0.03319081940590515 -0.7189740321837372 -0.10516119747788391
v 0.033153320705905154 -0.7188831351837373 -0.1039914488778839
v 0.02828762680590515 -0.6144699241837372 -0.08756021407788392
v 0.02719238210590515 -0.6147307541837372 -0.08722276617788391
v 0.023994948705905152 -0.6034972451837373 -0.08974473927788391
v 0.02508777940590515 -0.6032460711837373 -0.09008092807788391
v 0.02773347120590515 -0.6253204131837373 -0.08876960727788391
v 0.02729833500590515 -0.6150309231837373 -0.08909387517788392
v 0.026582395705905152 -0.6150777121837373 -0.0881700887778839
v 0.02844486570590515 -0.6252433441837373 -0.08970034497788391
v 0.03250481000590515 -0.6660910631837372 -0.09333784137788391
v 0.03179326280590515 -0.6662099151837373 -0.09241863337788392
v 0.03119317630590515 -0.6810930751837373 -0.09714607147788391
v 0.03191546910590515 -0.6810664911837373 -0.09807066617788392
v 0.03125645410590515 -0.7005159641837373 -0.10406502337788391
v 0.031961811705905147 -0.7005625751837373 -0.10498040167788392
v 0.031731717305905155 -0.7110172891837373 -0.1077523007778839
v 0.031017545605905153 -0.7109573271837373 -0.1068336367778839
v 0.03136403670590515 -0.7189362431837373 -0.1046242117778839
v 0.03208493810590515 -0.7190063981837372 -0.1055453866778839
v 0.031988460605905156 -0.7004651211837373 -0.10316277297788391
v 0.03185376710590515 -0.6810765651837373 -0.09615529327788391
v 0.03246522600590515 -0.6662785191837373 -0.09144265947788391
v 0.03306848180590515 -0.7004805591837373 -0.10348033907788391
v 0.03298533150590515 -0.6810455701837372 -0.09648489207788391
v 0.031707985305905156 -0.7108920001837373 -0.10590101777788391
v 0.03281668290590515 -0.7109118481837373 -0.10622170567788392
v 0.028389513505905153 -0.6251466061837373 -0.08779207987788391
v 0.03246522600590515 -0.6662785191837373 -0.09144265947788391
v 0.033153320705905154 -0.7188831351837373 -0.1039914488778839
v 0.031707985305905156 -0.7108920001837373 -0.10590101777788391
v 0.03202271090590515 -0.7188598301837372 -0.10366838427788391
v 0.03136403670590515 -0.7189362431837373 -0.1046242117778839
v 0.031017545605905153 -0.7109573271837373 -0.1068336367778839
v 0.031707985305905156 -0.7108920001837373 -0.10590101777788391
v 0.031988460605905156 -0.7004651211837373 -0.10316277297788391
v 0.03125645410590515 -0.7005159641837373 -0.10406502337788391
v 0.03345267660590515 -0.7359407921837373 -0.09942538287788391
v 0.03233813960590515 -0.7359007381837372 -0.09906709937788391
v 0.033153320705905154 -0.7188831351837373 -0.1039914488778839
v 0.03274816930590515 -0.7510323901837372 -0.0929295941778839
v 0.03161482330590515 -0.7509635471837373 -0.09257845577788391
v 0.03374644460590515 -0.7637123851837373 -0.08477110047788392
v 0.03262800160590515 -0.7635952021837373 -0.08446136487788392
v 0.035111996305905155 -0.7733735231837373 -0.07702324907788391
v 0.03397267500590515 -0.7731744431837373 -0.07677139337788391
v 0.033775941505905155 -0.7641396311837373 -0.08584255347788391
v 0.032795733805905156 -0.7512849351837373 -0.09406264127788391
v 0.03374644460590515 -0.7637123851837373 -0.08477110047788392
v 0.035176042505905156 -0.7740958711837372 -0.07792926947788391
v 0.03409234430590515 -0.7743441841837373 -0.07822529967788391
v 0.033775941505905155 -0.7641396311837373 -0.08584255347788391
v 0.03268949410590515 -0.7642867351837372 -0.08619424697788391
v 0.032795733805905156 -0.7512849351837373 -0.09406264127788391
v 0.03169606070590515 -0.7513734481837373 -0.09443920847788391
v 0.03348930550590515 -0.7360912941837373 -0.10037916157788392
v 0.03243668750590515 -0.7361446401837373 -0.10075183957788392
v 0.03345267660590515 -0.7359407921837373 -0.09942538287788391
v 0.03274816930590515 -0.7510323901837372 -0.0929295941778839
v 0.03319081940590515 -0.7189740321837372 -0.10516119747788391
v 0.03208493810590515 -0.7190063981837372 -0.1055453866778839
v 0.03283074960590515 -0.7109895131837373 -0.10737227647788392
v 0.031731717305905155 -0.7110172891837373 -0.1077523007778839
v 0.03166398590590515 -0.7360266231837372 -0.09998127077788391
v 0.03208493810590515 -0.7190063981837372 -0.1055453866778839
v 0.03136403670590515 -0.7189362431837373 -0.1046242117778839
v 0.03243668750590515 -0.7361446401837373 -0.10075183957788392
v 0.030963648105905153 -0.7511738921837373 -0.09351934487788391
v 0.03169606070590515 -0.7513734481837373 -0.09443920847788391
v 0.031948816005905156 -0.7639503861837372 -0.08535381407788391
v 0.03268949410590515 -0.7642867351837372 -0.08619424697788391
v 0.03333411370590515 -0.7737738871837373 -0.0775219537778839
v 0.03409234430590515 -0.7743441841837373 -0.07822529967788391
v 0.03594935130590515 -0.7789208671837373 -0.07027436417788391
v 0.03397267500590515 -0.7731744431837373 -0.07677139337788391
v 0.03533824810590515 -0.7797845391837372 -0.0708265006778839
v 0.03715046030590515 -0.7812769201837373 -0.06626979637788391
v 0.03409234430590515 -0.7743441841837373 -0.07822529967788391
v 0.03609714660590515 -0.7805232191837372 -0.07141944767788391
v 0.036601325505905155 -0.7822661181837373 -0.06657044217788391
v 0.03736730940590515 -0.7830194611837373 -0.0671137347778839
v 0.03533824810590515 -0.7797845391837372 -0.0708265006778839
v 0.03970168717590515 -0.7834504031837373 -0.06110638377788391
v 0.03917880169590515 -0.7844790601837373 -0.06128434467788391
v 0.03715046030590515 -0.7812769201837373 -0.06626979637788391
v 0.04296524636590515 -0.7857469101837373 -0.05497118267788391
v 0.04076024191590515 -0.7835488101837372 -0.061575993877883914
v 0.04242936242590515 -0.7867831371837373 -0.05509424577788391
v 0.03825644869590515 -0.7814190771837373 -0.0666279680778839
v 0.04635121463590515 -0.7882959031837373 -0.04788589287788391
v 0.03594935130590515 -0.7789208671837373 -0.07027436417788391
v 0.03708663120590515 -0.7791265031837373 -0.07052677127788391
v 0.03397267500590515 -0.7731744431837373 -0.07677139337788391
v 0.035111996305905155 -0.7733735231837373 -0.07702324907788391
v 0.04579579480590515 -0.7893237261837373 -0.04801868277788391
v 0.04965352173590515 -0.7912646321837373 -0.04025730027788391
v 0.04907281033590515 -0.7922698641837372 -0.040448415977883914
v 0.04907281033590515 -0.7922698641837372 -0.040448415977883914
v 0.04650822759590515 -0.7900475641837372 -0.04861049537788391
v 0.04978871461590515 -0.7929968021837372 -0.04103229377788391
v 0.05072819813590515 -0.7913708471837373 -0.04072311237788391
v 0.04635121463590515 -0.7882959031837373 -0.04788589287788391
v 0.04740689397990515 -0.7883843561837373 -0.04839568957788391
v 0.04296524636590515 -0.7857469101837373 -0.05497118267788391
v 0.04401231417590515 -0.7858324431837372 -0.05548455937788391
v 0.03970168717590515 -0.7834504031837373 -0.06110638377788391
v 0.04076024191590515 -0.7835488101837372 -0.061575993877883914
v 0.04412485728590515 -0.7869215991837373 -0.05592630247788391
v 0.04089229740590515 -0.7846377871837372 -0.062044948377883914
v 0.03825644869590515 -0.7814190771837373 -0.0666279680778839
v 0.03839127160590515 -0.7824963711837373 -0.06715037677788391
v 0.03708663120590515 -0.7791265031837373 -0.07052677127788391
v 0.03717806930590515 -0.7801168941837373 -0.07123458017788391
v 0.03736730940590515 -0.7830194611837373 -0.0671137347778839
v 0.035111996305905155 -0.7733735231837373 -0.07702324907788391
v 0.03609714660590515 -0.7805232191837372 -0.07141944767788391
v 0.035176042505905156 -0.7740958711837372 -0.07792926947788391
v 0.03409234430590515 -0.7743441841837373 -0.07822529967788391
v 0.047503901732905154 -0.7894671341837373 -0.04884361107788391
v 0.04401231417590515 -0.7858324431837372 -0.05548455937788391
v 0.04740689397990515 -0.7883843561837373 -0.04839568957788391
v 0.05081181647590515 -0.7924414061837373 -0.04120208597788391
v 0.05072819813590515 -0.7913708471837373 -0.04072311237788391
v 0.03233813960590515 -0.7359007381837372 -0.09906709937788391
v 0.03136403670590515 -0.7189362431837373 -0.1046242117778839
v 0.03202271090590515 -0.7188598301837372 -0.10366838427788391
v 0.03166398590590515 -0.7360266231837372 -0.09998127077788391
v 0.03161482330590515 -0.7509635471837373 -0.09257845577788391
v 0.030963648105905153 -0.7511738921837373 -0.09351934487788391
v 0.03262800160590515 -0.7635952021837373 -0.08446136487788392
v 0.031948816005905156 -0.7639503861837372 -0.08535381407788391
v 0.03397267500590515 -0.7731744431837373 -0.07677139337788391
v 0.03333411370590515 -0.7737738871837373 -0.0775219537778839
v 0.03991405106590515 -0.7852126741837373 -0.061863802377883914
v 0.03839127160590515 -0.7824963711837373 -0.06715037677788391
v 0.03736730940590515 -0.7830194611837373 -0.0671137347778839
v 0.04089229740590515 -0.7846377871837372 -0.062044948377883914
v 0.04314595367590515 -0.7875090621837373 -0.05568435047788391
v 0.04412485728590515 -0.7869215991837373 -0.05592630247788391
v 0.04650822759590515 -0.7900475641837372 -0.04861049537788391
v 0.047503901732905154 -0.7894671341837373 -0.04884361107788391
v 0.03917880169590515 -0.7844790601837373 -0.06128434467788391
v 0.03736730940590515 -0.7830194611837373 -0.0671137347778839
v 0.036601325505905155 -0.7822661181837373 -0.06657044217788391
v 0.03991405106590515 -0.7852126741837373 -0.061863802377883914
v 0.04242936242590515 -0.7867831371837373 -0.05509424577788391
v 0.04314595367590515 -0.7875090621837373 -0.05568435047788391
v 0.04579579480590515 -0.7893237261837373 -0.04801868277788391
v 0.04650822759590515 -0.7900475641837372 -0.04861049537788391
v 0.04978871461590515 -0.7929968021837372 -0.04103229377788391
v 0.047503901732905154 -0.7894671341837373 -0.04884361107788391
v 0.04650822759590515 -0.7900475641837372 -0.04861049537788391
v 0.05081181647590515 -0.7924414061837373 -0.04120208597788391
v 0.05256852274590515 -0.7965002441837373 -0.03313739644788391
v 0.05362931359590515 -0.7959918161837373 -0.03320009098788391
v 0.05072819813590515 -0.7913708471837373 -0.04072311237788391
v 0.05356221320590515 -0.7949420001837373 -0.03267389163788391
v 0.05441392026590515 -0.8007092261837373 -0.02506410469788391
v 0.055502596775905154 -0.8002642771837373 -0.025003603657883913
v 0.05368210887590515 -0.7999542141837372 -0.02453779102788391
v 0.05441392026590515 -0.8007092261837373 -0.02506410469788391
v 0.05184590443590515 -0.7957647231837373 -0.03257259237788391
v 0.04978871461590515 -0.7929968021837372 -0.04103229377788391
v 0.04907281033590515 -0.7922698641837372 -0.040448415977883914
v 0.055502596775905154 -0.8002642771837373 -0.025003603657883913
v 0.05356221320590515 -0.7949420001837373 -0.03267389163788391
v 0.05544362170590515 -0.7992346071837373 -0.024439791687883912
v 0.052459994335905154 -0.7948016311837373 -0.032286089607883914
v 0.04907281033590515 -0.7922698641837372 -0.040448415977883914
v 0.05184590443590515 -0.7957647231837373 -0.03257259237788391
v 0.05431840056590515 -0.7990423221837373 -0.02415189658788391
v 0.05368210887590515 -0.7999542141837372 -0.02453779102788391
v 0.05515092005590515 -0.8036663911837373 -0.01581359747788391
v 0.05450951680590515 -0.8045465131837373 -0.01625619827788391
v 0.05441392026590515 -0.8007092261837373 -0.02506410469788391
v 0.055247698905905154 -0.8053344271837373 -0.01672300227788391
v 0.05458150012590515 -0.8089989801837373 -0.007852500277883912
v 0.05532033089590515 -0.8098193191837373 -0.00825759767788391
v 0.05634541623590515 -0.8049407981837373 -0.01656889817788391
v 0.05628560203590515 -0.8039098761837373 -0.01600689817788391
v 0.05641862004590515 -0.8094598431837373 -0.008039196977883911
v 0.055502596775905154 -0.8002642771837373 -0.025003603657883913
v 0.055247698905905154 -0.8053344271837373 -0.01672300227788391
v 0.05441392026590515 -0.8007092261837373 -0.02506410469788391
v 0.05641862004590515 -0.8094598431837373 -0.008039196977883911
v 0.05628560203590515 -0.8039098761837373 -0.01600689817788391
v 0.05635861493590515 -0.8084173581837373 -0.007499197477883912
v 0.05402173148590515 -0.8133312841837372 0.0006473996221160877
v 0.05532033089590515 -0.8098193191837373 -0.00825759767788391
v 0.054757128935905154 -0.8141772531837372 0.00029299962211608993
v 0.05295472266590515 -0.8175683401837373 0.009226903322116092
v 0.053685313555905154 -0.8184338001837372 0.008911401022116086
v 0.05359299760590515 -0.8167205831837373 0.009733494322116086
v 0.05466199014590515 -0.8124755401837372 0.0011374000221160904
v 0.05458150012590515 -0.8089989801837373 -0.007852500277883912
v 0.05522320838590515 -0.8081323291837372 -0.007383799177883912
v 0.05450951680590515 -0.8045465131837373 -0.01625619827788391
v 0.05515092005590515 -0.8036663911837373 -0.01581359747788391
v 0.051506015005905154 -0.8217351821837373 0.01786908882211609
v 0.05223202798590515 -0.8226135161837372 0.01758079232211609
v 0.04980141762590515 -0.8258569021837373 0.026556603622116086
v 0.050524226385905154 -0.8267431641837373 0.02628469092211609
v 0.05043629766590515 -0.8250189211837373 0.02708179132211609
v 0.05214223032590515 -0.8208935641837373 0.018387507622116092
v 0.04794751286690515 -0.8300036571837373 0.03536729512211609
v 0.048675509693905154 -0.8308788921837372 0.03507219252211609
v 0.04806317924490515 -0.8402819421837373 0.06055141242211609
v 0.04879037500390515 -0.8411462091837373 0.06022559852211609
v 0.05214223032590515 -0.8208935641837373 0.018387507622116092
v 0.05295472266590515 -0.8175683401837373 0.009226903322116092
v 0.05359299760590515 -0.8167205831837373 0.009733494322116086
v 0.04860341187990515 -0.8291180511837373 0.03579208252211609
v 0.05043629766590515 -0.8250189211837373 0.02708179132211609
v 0.04794751286690515 -0.8300036571837373 0.03536729512211609
v 0.048716484277905155 -0.8393572951837373 0.06086761502211609
v 0.04806317924490515 -0.8402819421837373 0.06055141242211609
v 0.05628560203590515 -0.8039098761837373 -0.01600689817788391
v 0.05515092005590515 -0.8036663911837373 -0.01581359747788391
v 0.05431840056590515 -0.7990423221837373 -0.02415189658788391
v 0.05544362170590515 -0.7992346071837373 -0.024439791687883912
v 0.05635861493590515 -0.8084173581837373 -0.007499197477883912
v 0.05515092005590515 -0.8036663911837373 -0.01581359747788391
v 0.05628560203590515 -0.8039098761837373 -0.01600689817788391
v 0.05522320838590515 -0.8081323291837372 -0.007383799177883912
v 0.05579320061590515 -0.8127929351837373 0.0010858010221160876
v 0.05466199014590515 -0.8124755401837372 0.0011374000221160904
v 0.05585202295590515 -0.8138446001837373 0.0005639009221160875
v 0.05641862004590515 -0.8094598431837373 -0.008039196977883911
v 0.054717990105905154 -0.8170623561837372 0.009731102722116088
v 0.05359299760590515 -0.8167205831837373 0.009733494322116086
v 0.054775096005905154 -0.8181212921837373 0.009222898622116088
v 0.053685313555905154 -0.8184338001837372 0.008911401022116086
v 0.054757128935905154 -0.8141772531837372 0.00029299962211608993
v 0.05223202798590515 -0.8226135161837372 0.01758079232211609
v 0.05331700434590515 -0.8223150161837373 0.01792100812211609
v 0.050524226385905154 -0.8267431641837373 0.02628469092211609
v 0.05326150031590515 -0.8212517881837372 0.01841958612211609
v 0.05160592193590515 -0.8264525911837373 0.02664190162211609
v 0.048675509693905154 -0.8308788921837372 0.03507219252211609
v 0.04978119954590515 -0.8305340191837373 0.03531459722211609
v 0.04879037500390515 -0.8411462091837373 0.06022559852211609
v 0.05155152431590515 -0.8253869201837373 0.02713460852211609
v 0.04989328025590515 -0.8407562161837373 0.060340419422116084
v 0.049736605835905154 -0.8294457581837372 0.035759501122116094
v 0.049847580255905154 -0.8396502521837372 0.060737110722116086
v 0.05160592193590515 -0.8264525911837373 0.02664190162211609
v 0.05155152431590515 -0.8253869201837373 0.02713460852211609
v 0.05331700434590515 -0.8223150161837373 0.01792100812211609
v 0.05155152431590515 -0.8253869201837373 0.02713460852211609
v 0.05214223032590515 -0.8208935641837373 0.018387507622116092
v 0.05043629766590515 -0.8250189211837373 0.02708179132211609
v 0.054757128935905154 -0.8141772531837372 0.00029299962211608993
v 0.05585202295590515 -0.8138446001837373 0.0005639009221160875
v 0.05641862004590515 -0.8094598431837373 -0.008039196977883911
v 0.05532033089590515 -0.8098193191837373 -0.00825759767788391
v 0.05326150031590515 -0.8212517881837372 0.01841958612211609
v 0.05214223032590515 -0.8208935641837373 0.018387507622116092
v 0.05359299760590515 -0.8167205831837373 0.009733494322116086
v 0.054717990105905154 -0.8170623561837372 0.009731102722116088
v 0.049736605835905154 -0.8294457581837372 0.035759501122116094
v 0.05043629766590515 -0.8250189211837373 0.02708179132211609
v 0.05155152431590515 -0.8253869201837373 0.02713460852211609
v 0.04860341187990515 -0.8291180511837373 0.03579208252211609
v 0.049847580255905154 -0.8396502521837372 0.060737110722116086
v 0.048716484277905155 -0.8393572951837373 0.06086761502211609
v 0.04989328025590515 -0.8407562161837373 0.060340419422116084
v 0.04806317924490515 -0.8402819421837373 0.06055141242211609
v 0.034861404405905155 0.8667446588162627 -0.06253664197788392
v 0.03416661450590515 0.8658157208162627 -0.06272413577788391
v 0.03597771750590515 0.8663900708162627 -0.06263563407788392
v 0.03597279730590515 0.8652413698162628 -0.06288423757788392
v 0.034853507805905154 0.8648861268162628 -0.06293893977788391
v 0.035002414105905155 0.8632540918162627 -0.05540186167788391
v 0.03612191320590515 0.8636074878162627 -0.055337546377883906
v 0.03597771750590515 0.8663900708162627 -0.06263563407788392
v 0.03431601640590515 0.8641787388162627 -0.05516355857788391
v 0.03416661450590515 0.8658157208162627 -0.06272413577788391
v 0.036127406205905155 0.8647500488162627 -0.055059645277883915
v 0.034861404405905155 0.8667446588162627 -0.06253664197788392
v 0.03501130270590515 0.8651028488162628 -0.054952032877883916
v 0.035149509105905155 0.8611489748162627 -0.04762453397788391
v 0.03446391220590515 0.8620608068162627 -0.04733896627788391
v 0.03626931360590515 0.8614968868162627 -0.04754156437788391
v 0.03516020900590515 0.8629721018162627 -0.04707945137788391
v 0.03627591300590515 0.8626235938162627 -0.047204650977883914
v 0.03529610760590515 0.8585671998162627 -0.03974686283788391
v 0.03461150360590515 0.8594625808162627 -0.03941235132788391
v 0.03641640770590515 0.8589089728162628 -0.03964516240788391
v 0.03530871500590515 0.8603579618162627 -0.03910374268788391
v 0.03642411340590515 0.8600155328162628 -0.03924765251788391
v 0.03544350810590515 0.8555129978162628 -0.03193335176788391
v 0.03475991360590515 0.8563876368162627 -0.03154615999788391
v 0.036564113605905155 0.8558468438162627 -0.03181206341788391
v 0.03545800320590515 0.8572628708162627 -0.03118555666788391
v 0.03657300120590515 0.8569283698162627 -0.03134985558788391
v 0.03559239490590515 0.8519894098162627 -0.024348150477883912
v 0.034910003605905154 0.8528372268162627 -0.02390285161788391
v 0.03671342040590515 0.8523135398162627 -0.02420594822788391
v 0.03560921830590515 0.8536855788162627 -0.02348545705788391
v 0.03672379630590515 0.8533621048162627 -0.02367274881788391
v 0.03574399180590515 0.8480013818162627 -0.01715575347788391
v 0.03506301060590515 0.8488131378162628 -0.016645051577883912
v 0.03686551280590515 0.8483132938162627 -0.01699045297788391
v 0.03576352260590515 0.8496261458162627 -0.01616405137788391
v 0.036877605105905154 0.8493172738162628 -0.01637755517788391
v 0.03589879160590515 0.8435684058162627 -0.01053955217788391
v 0.03521981370590515 0.8443191268162628 -0.009937252877883912
v 0.037021113605905154 0.8438564748162627 -0.010338852177883912
v 0.03592251890590515 0.8450705028162627 -0.009364351677883912
v 0.03703580050590515 0.8447848178162627 -0.00961255277788391
v 0.03604371190590515 0.8371340848162627 -0.0034652538778839094
v 0.03536740410590515 0.8377621388162627 -0.0027286540778839116
v 0.03716710210590515 0.8373702978162627 -0.0032076518778839103
v 0.03607281860590515 0.8383864978162627 -0.0020158551778839094
v 0.03718510740590515 0.8381448008162627 -0.0023118518778839116
v 0.03607030030590515 0.8305532548162627 0.0009648446221160872
v 0.035394812905905154 0.8309933158162627 0.001827947822116087
v 0.03719411040590515 0.8307088828162628 0.0012767426221160921
v 0.03610112330590515 0.8314211578162627 0.0026733428221160857
v 0.037213107605905155 0.8312453838162627 0.002332642722116092
v 0.03601212610590515 0.8236349438162627 0.00346914682211609
v 0.03533501740590515 0.8238864158162628 0.0044006482221160895
v 0.037135211705905155 0.8237106418162627 0.0038099512221160883
v 0.03603963090590515 0.8241177418162627 0.005317043522116087
v 0.03715222510590515 0.8240090818162628 0.004951946422116091
v 0.03589951620590515 0.8174865458162627 0.005814332522116092
v 0.03522051960590515 0.8176104638162627 0.006766833322116091
v 0.037021914505905154 0.8175103278162628 0.006163634322116092
v 0.03592331990590515 0.8177117918162627 0.007704932222116087
v 0.03703652510590515 0.8176495048162628 0.00733202692211609
v 0.03576390440590515 0.8102843978162627 0.007459722422116087
v 0.03508422060590515 0.8103631348162628 0.008415617022116087
v 0.03688599730590515 0.8102923248162627 0.007810119522116091
v 0.03578621990590515 0.8104186868162627 0.009356923422116088
v 0.03689980690590515 0.8103753538162627 0.008982721722116088
v 0.03563809580590515 0.8015448068162627 0.008524317322116087
v 0.03495881240590515 0.8016479228162627 0.009478621222116089
v 0.03676041770590515 0.8015667418162628 0.008873820322116088
v 0.03566121220590515 0.8017345878162627 0.010417725922116088
v 0.03677472290590515 0.8016845798162627 0.010044019622116089
v 0.03555600340590515 0.7918169708162627 0.009813018122116088
v 0.03487700600590515 0.7919610358162628 0.010761927822116088
v 0.03667840170590515 0.7918542238162627 0.010160423822116092
v 0.035579921705905154 0.7920873978162627 0.011695820822116086
v 0.03669320230590515 0.7920208788162627 0.011324021922116088
v 0.03548640380590515 0.7868645998162628 0.010580021922116087
v 0.034807407305905154 0.7870043728162627 0.011529710122116087
v 0.03660863080590515 0.7868853428162628 0.010929927222116088
v 0.03551011250590515 0.7871111848162627 0.01246652382211609
v 0.03662331680590515 0.7870373348162627 0.012095812722116087
v 0.03533560880590515 0.7819354148162627 0.011106126022116088
v 0.03465571530590515 0.7820440748162627 0.012059230322116088
v 0.036456805605905154 0.7819244478162627 0.011459521922116092
v 0.03535681870590515 0.7820989708162627 0.01300151642211609
v 0.03646992800590515 0.7820257158162627 0.012630824022116086
v 0.03511630180590515 0.7769927598162627 0.011436022822116088
v 0.03443530200590515 0.7770751928162627 0.012390725322116089
v 0.036236392305905155 0.7769549108162627 0.011791113722116088
v 0.03513451760590515 0.7770880078162627 0.01333591342211609
v 0.03624772190590515 0.7770135618162627 0.012965220922116091
v 0.03484210190590515 0.7720360968162627 0.011608425522116092
v 0.03416001420590515 0.7720983838162627 0.012563817222116087
v 0.03596100960590515 0.7719775058162627 0.011964224322116086
v 0.03485730290590515 0.7720788338162627 0.013510111722116087
v 0.03597050810590515 0.7720037908162627 0.013139512422116091
v 0.03452630150590515 0.7670678708162627 0.011662423622116086
v 0.033843318905905154 0.7671160908162628 0.01261802392211609
v 0.03564431330590515 0.7669946168162627 0.012018315522116088
v 0.03453921430590515 0.7670721028162627 0.013564527022116087
v 0.03565232460590515 0.7669976568162628 0.013193909122116092
v 0.03418261650590515 0.7620886178162627 0.011637229522116085
v 0.03349900430590515 0.7621282558162628 0.012592829722116089
v 0.03530001830590515 0.7620068408162627 0.011993121322116086
v 0.03419390790590515 0.7620709158162627 0.013539217422116091
v 0.035307018105905155 0.7619958138162627 0.013168618122116088
v 0.03382611460590515 0.7571221808162627 0.011572722322116091
v 0.03313552030590515 0.7570629928162628 0.012527119322116087
v 0.03494801650590515 0.7571026298162628 0.011929225222116091
v 0.033830710705905154 0.7570061898162628 0.013473413922116088
v 0.03495082070590515 0.7570306278162627 0.01310392092211609
v 0.034816714905905155 0.7440099928162627 0.01013662292211609
v 0.03413310180590515 0.7438525178162627 0.011079918622116089
v 0.03593430670590515 0.7440453978162628 0.01049962642211609
v 0.03482831180590515 0.7437902908162627 0.012026023122116092
v 0.03594151600590515 0.7439092608162627 0.011667326122116087
v 0.03563832400590515 0.7310003258162627 0.00852541622211609
v 0.03495520730590515 0.7308355788162627 0.009467922122116092
v 0.03675770950590515 0.7310070608162628 0.008884921622116092
v 0.03565251450590515 0.7307403298162627 0.010409828322116087
v 0.03676652070590515 0.7308465458162627 0.01004952192211609
v 0.03612141780590515 0.7182250828162627 0.006567921522116091
v 0.03543881610590515 0.7180474618162627 0.007508415722116087
v 0.03724259510590515 0.7181835988162627 0.006920017322116091
v 0.036138202105905154 0.7178954698162627 0.008441720122116088
v 0.03725300910590515 0.7179796908162627 0.008078016322116091
v 0.03609852960590515 0.7057934618162627 0.0040915161221160914
v 0.03541590830590515 0.7055968858162627 0.005028214322116087
v 0.03721959240590515 0.7056817628162627 0.004429623522116087
v 0.03611512300590515 0.7053637718162628 0.005945317422116091
v 0.03722989190590515 0.7054162238162627 0.005575317922116088
v 0.03540331960590515 0.6938134648162627 0.0009245164221160888
v 0.03471930700590515 0.6935925098162627 0.001854814622116091
v 0.03651910000590515 0.6936102128162627 0.0012385230221160885
v 0.03541230320590515 0.6932531808162627 0.0027437173221160904
v 0.03652470740590515 0.6932641478162628 0.0023628175221160896
v 0.03387070820590515 0.6823919628162627 -0.003103479777883913
v 0.03318270850590515 0.6821410868162627 -0.00218357887788391
v 0.034971515605905154 0.6820770118162627 -0.002828784277883911
v 0.03385831040590515 0.6816717598162627 -0.0013404842778839098
v 0.034963904905905153 0.6816320638162627 -0.0017391815778839102
v 0.031334506305905147 0.6716277818162627 -0.008164280977883912
v 0.030634604405905153 0.6713232018162627 -0.00726918127788391
v 0.03241171970590515 0.6712115618162627 -0.007938081377883911
v 0.03127921190590515 0.6707189898162628 -0.006489882277883913
v 0.03237750190590515 0.6706500268162627 -0.00690328147788391
v 0.028294803605905153 0.6617559408162628 -0.014480880477883911
v 0.027569115205905152 0.6613647558162628 -0.013640278977883911
v 0.02935370620590515 0.6612798788162627 -0.01429397987788391
v 0.02817961950590515 0.6606475928162627 -0.01293388197788391
v 0.02928250470590515 0.6605950808162627 -0.013337982777883912
v 0.025385009105905153 0.6569836358162627 -0.02550447126788391
v 0.02463130090590515 0.6565087648162627 -0.024735971817883912
v 0.026432907205905153 0.6564746118162628 -0.025346075187883912
v 0.025213405505905152 0.6557055328162628 -0.02410267479788391
v 0.02632691520590515 0.6556847908162627 -0.02447967184788391
v 0.022580616205905152 0.6499265048162627 -0.03503000363788391
v 0.021804707105905152 0.6493881558162627 -0.03432424179788391
v 0.02361972070590515 0.6493924478162627 -0.03489799610788391
v 0.02236441710590515 0.6485215048162627 -0.03375177248788391
v 0.023486111305905152 0.6485245438162627 -0.03411073330788391
v 0.01985930650590515 0.6402030798162627 -0.04303372747788391
v 0.01906710860590515 0.6396213988162627 -0.042374895877883914
v 0.020892020305905153 0.6396519158162627 -0.04291638727788391
v 0.019610205705905152 0.6387113548162627 -0.04185052217788391
v 0.02073802240590515 0.6387296538162627 -0.04218173397788391
v 0.01719950880590515 0.6330490918162627 -0.04876518067788391
v 0.016396209605905154 0.6324393968162627 -0.04814380967788391
v 0.01822781750590515 0.6324869608162628 -0.048663146777883914
v 0.01692811210590515 0.6315012788162627 -0.04765776547788391
v 0.01806000810590515 0.6315305448162627 -0.04797871967788391
v 0.014579411605905153 0.6256234858162627 -0.05587625877788391
v 0.013769716005905153 0.6249984718162627 -0.055281288877883916
v 0.01560521500590515 0.6250552158162628 -0.055785262977883915
v 0.014295112305905154 0.6240444998162628 -0.05482266287788391
v 0.015429507905905152 0.6240792488162628 -0.05513406547788391
v 0.011961709705905155 0.6186096288162627 -0.06352924557788392
v 0.01116111130590515 0.6180059528162627 -0.0629132501778839
v 0.012997008905905154 0.6180639478162627 -0.06340767067788391
v 0.011701613705905153 0.6170873858162628 -0.06240901347788391
v 0.01283621040590515 0.6171233868162628 -0.0627163722778839
v 0.009968310605905153 0.6120770188162628 -0.07087942217788391
v 0.00919780880590515 0.6115722278162627 -0.0701458379778839
v 0.011031113605905155 0.6116216988162627 -0.0706505588778839
v 0.009784616505905154 0.6108050558162628 -0.06946483997788391
v 0.01091760770590515 0.6108355738162627 -0.0697767287778839
v 0.00855431330590515 0.6035925368162627 -0.07652679457788392
v 0.007810514405905154 0.6032470678162627 -0.07568015907788392
v 0.009641412605905154 0.6032824728162627 -0.07619461047788391
v 0.008437711705905154 0.6027233818162627 -0.07482482867788391
v 0.009569313405905153 0.6027453758162628 -0.07514267037788391
v 0.007638216005905155 0.5935796718162627 -0.0803137197778839
v 0.006907016005905153 0.5933727838162627 -0.07941459487788391
v 0.00873681160590515 0.5933959698162627 -0.07993369917788391
v 0.007553711505905149 0.5930615278162628 -0.07847892867788392
v 0.00868461280590515 0.5930755348162627 -0.0787996686778839
v 0.007116109105905148 0.5823742368162628 -0.08252799887788391
v 0.006389606705905153 0.5822680808162627 -0.08160896227788392
v 0.008219011105905151 0.5822820878162627 -0.08212989937788391
v 0.007043410105905153 0.5821099498162627 -0.0806430056778839
v 0.008174110205905152 0.5821185328162627 -0.0809648893778839
v 0.006886012805905152 0.5702850438162628 -0.08357688787788392
v 0.00616070630590515 0.5702429028162628 -0.08265236017788391
v 0.007990010105905151 0.5702508308162627 -0.08317367727788391
v 0.00681641700590515 0.5701824638162627 -0.08167777957788391
v 0.007947012805905151 0.5701873518162627 -0.0819999687778839
v 0.006848909005905152 0.5576129178162628 -0.08385551347788392
v 0.006123714105905148 0.5576058838162627 -0.08293022217788391
v 0.00795290990590515 0.5576110698162627 -0.0834516137778839
v 0.006779614805905151 0.5575994468162627 -0.08195442337788392
v 0.00791011010590515 0.5576028438162627 -0.08227668697788391
v 0.006907511505905149 0.5446926568162628 -0.08375122027788391
v 0.006182413505905149 0.5446813918162627 -0.08282577617788392
v 0.008011709905905148 0.5446746568162627 -0.08334716777788391
v 0.0068384074059051544 0.5446566558162628 -0.08184997737788391
v 0.007969010605905151 0.5446523638162627 -0.08217216657788391
v 0.006574209805905153 0.5301479908162627 -0.08443076907788391
v 0.005848206605905154 0.5301010228162627 -0.08350707967788391
v 0.00767671690590515 0.5300613258162628 -0.08402999867788391
v 0.00650211420590515 0.5299853298162627 -0.08253547547788391
v 0.007632207105905155 0.5299605938162627 -0.08285858107788391
v 0.005535211405905148 0.5154589628162627 -0.08632476627788391
v 0.004807509505905153 0.5153908948162628 -0.08540397507788391
v 0.006632909205905153 0.5153057788162627 -0.0859323888778839
v 0.00545560940590515 0.5151956298162628 -0.08444251867788391
v 0.006583813605905153 0.5151431178162628 -0.08476905897788392
v 0.0039775073059051536 0.5007015978162628 -0.08866027737788391
v 0.003251515305905152 0.5006509338162628 -0.08773689347788391
v 0.00507191570590515 0.5005166448162628 -0.08827270567788391
v 0.003897208705905153 0.5004345688162628 -0.08677864077788391
v 0.005022209105905152 0.5003518678162627 -0.08710968117788391
v 0.0020914078059051516 0.4859936448162627 -0.0906537621778839
v 0.001372411805905152 0.4859991288162627 -0.0897229015778839
v 0.0031858161059051537 0.4858096158162627 -0.0902658849778839
v 0.0020225160059051533 0.48581846681626273 -0.0887596904778839
v 0.0031432137059051526 0.48570128481626273 -0.0890953056778839
v 6.821750590515346e-05 0.47144683381626273 -0.0915141291778839
v -0.0006369873940948456 0.47155212481626274 -0.0905774682778839
v 0.0011674128059051547 0.47129791181626274 -0.09112403917788392
v 2.631170590514792e-05 0.4714678738162627 -0.08960838247788391
v 0.0011415109059051548 0.47131072681626274 -0.08994621407788392
v -0.001898582994094851 0.4571746798162627 -0.09043952817788392
v -0.002583991694094852 0.45742522881626274 -0.08951393137788391
v -0.000789690794094848 0.4570965388162627 -0.09005447477788392
v -0.001898691094094851 0.4575018198162627 -0.08855682237788391
v -0.000789783894094849 0.4572988668162627 -0.08889091387788392
v -0.00361438839409485 0.4432919238162627 -0.08661468327788391
v -0.004271086294094846 0.4437649468162627 -0.08574951067788392
v -0.002495385694094847 0.44329162581626275 -0.08625259247788392
v -0.003557987494094847 0.44405668181626273 -0.08485259857788391
v -0.0024604908940948494 0.4437640228162627 -0.08516357467788391
v -0.006249483694094851 0.42720275281626274 -0.07656669617788392
v -0.00686168669409485 0.42793761881626274 -0.07586380097788391
v -0.005123492294094846 0.42724027381626273 -0.0762306973778839
v -0.006114091694094846 0.42842956581626274 -0.0750933065778839
v -0.005039893094094847 0.42799865381626273 -0.0753201283778839
v -0.009913187494094845 0.4148296928162627 -0.062321890177883914
v -0.01047529279409485 0.41573270281626273 -0.06181209537788391
v -0.008785285094094847 0.4148733528162627 -0.06199329347788391
v -0.009694784894094852 0.4163345308162627 -0.06116847877788391
v -0.008650284294094847 0.41580351381626274 -0.06128047777788391
v -0.014416094894094851 0.40469818481626274 -0.045541304177883914
v -0.014948293594094844 0.4056677138162627 -0.04514140917788391
v -0.013290386694094845 0.40473662981626274 -0.04520450437788391
v -0.01415159179409485 0.4063052158162627 -0.044557379577883915
v -0.01312688739409485 0.4057296728162627 -0.04459640387788391
v -0.019582889994094854 0.3953091418162627 -0.02781370049788391
v -0.020110085594094843 0.39628722381626275 -0.027429694077883912
v -0.018464386494094848 0.39533354981626273 -0.02745229610788391
v -0.01931748539409485 0.3969164998162627 -0.02683090092788391
v -0.01830029489409485 0.3963271888162627 -0.02684490102788391
v -0.025238789594094854 0.3851937868162627 -0.01071490157788391
v -0.025789387494094845 0.38612945981626273 -0.01025899867788391
v -0.02413368969409485 0.3851940848162627 -0.01031289997788391
v -0.025024592894094852 0.38670807281626274 -0.009575204877883912
v -0.02400128539409485 0.3861300568162627 -0.009608495977883911
v -0.031207188994094845 0.37291168281626275 0.0041885003221160885
v -0.03181519359409485 0.37372892281626274 0.004788700522116086
v -0.03012318909409485 0.37286802281626275 0.00464320182211609
v -0.031106993594094842 0.3741903518162627 0.005614299322116087
v -0.030061289694094842 0.37365843981626273 0.005524400622116087
v -0.037331789694094855 0.35699798781626274 0.01538789642211609
v -0.038014695094094844 0.3576205288162627 0.016125001022116087
v -0.036272488494094854 0.3568905508162627 0.015887603122116088
v -0.037377372394094846 0.35789763081626275 0.01708040012211609
v -0.036300562294094854 0.35744627481626273 0.01693360132211609
v -0.03959318249409485 0.3498443578162627 0.017998408522116087
v -0.040335066594094846 0.3502795318162627 0.018803995122116092
v -0.03855207559409485 0.3496786568162627 0.01851909232211609
v -0.039752483394094845 0.35038297481626274 0.01982259382211609
v -0.038650490294094855 0.3500115788162627 0.01964648812211609
v -0.04168027639409484 0.3421972608162627 0.01937080172211609
v -0.04246076199409485 0.3424899198162627 0.020202290222116087
v -0.040647298094094855 0.3420010428162627 0.019896600422116086
v -0.04191018639409484 0.3424746608162627 0.021242007622116088
v -0.04078939559409485 0.3421725248162627 0.021053101822116088
v -0.04350358989409485 0.33417876681626274 0.01982980592211609
v -0.044309176494094854 0.33435972681626275 0.02066798882211609
v -0.042470797894094844 0.33398070081626274 0.02035539222211609
v -0.043774396194094845 0.3342736878162627 0.02171149852211609
v -0.04263819009409485 0.3340395908162627 0.02151839812211609
v -0.044976480294094845 0.3259020958162627 0.01971210162211609
v -0.04579629749409485 0.3260018738162627 0.020549390422116086
v -0.04393869639409485 0.3257315078162627 0.020237807222116086
v -0.045265294594094854 0.32589294681626274 0.021592501522116087
v -0.04411718249409485 0.3257256958162627 0.02139989662211609
v -0.046011596894094856 0.31748168781626274 0.01936099682211609
v -0.04683778439409485 0.3175280608162627 0.020196206822116092
v -0.04496667529409484 0.3173678438162627 0.01988870282211609
v -0.04630350319409485 0.3174429158162627 0.02124019342211609
v -0.045147076294094854 0.3173437328162627 0.02105008812211609
v -0.04652128369409485 0.3090295408162627 0.019125096522116088
v -0.04734876749409485 0.30904906181626274 0.01995979252211609
v -0.04547086359409484 0.30900450681626274 0.019654899822116087
v -0.04680978509409485 0.30903624681626274 0.02100558952211609
v -0.04564916339409485 0.3090087688162627 0.02081720162211609
v -0.04641637949409484 0.3007602008162627 0.01935539022211609
v -0.04724397509409485 0.3007244678162627 0.02019079032211609
v -0.045366875794094846 0.30077057281626274 0.019885290422116092
v -0.04670606549409485 0.30071320281626274 0.021237105122116087
v -0.045545980294094845 0.30074157481626274 0.02104829622211609
v -0.046360798194094846 0.2988949628162627 0.01922189442211609
v -0.04718507829409485 0.29872038081626273 0.020046688622116088
v -0.045308969894094844 0.2988094898162627 0.01974580432211609
v -0.046642668594094855 0.2985269048162627 0.021080397022116087
v -0.045483186794094854 0.29858215781626274 0.02089450512211609
v -0.046357475194094847 0.2971249438162627 0.018645800622116092
v -0.047180764394094854 0.2967929158162627 0.01941999052211609
v -0.04530496149409485 0.29692565581626273 0.019131790822116086
v -0.04663709549409485 0.2963882298162627 0.02038459482211609
v -0.045477770294094846 0.2964706338162627 0.02020650732211609
v -0.04634095729409485 0.2953439268162627 0.017707698022116088
v -0.047162495594094855 0.29489319681626275 0.018420103922116092
v -0.04528768359409485 0.2951019318162627 0.01817029712211609
v -0.046616874594094845 0.2943725498162627 0.01932290942211609
v -0.04545816029409484 0.2945013258162627 0.019168604122116087
v -0.046243078994094855 0.29357086781626274 0.01652099562211609
v -0.047058962294094855 0.29302885281626273 0.01717289532211609
v -0.04519017789409485 0.2933419858162627 0.01699159292211609
v -0.04651029409409485 0.29246520181626273 0.01804649082211609
v -0.04535539449409484 0.2926586778162627 0.01793449002211609
v -0.04599077259409484 0.29181822281626274 0.015212897222116085
v -0.046795368194094855 0.2912014638162627 0.015809495022116087
v -0.044946685394094854 0.29165281981626273 0.015729997322116086
v -0.04624849559409484 0.2906545908162627 0.01669540252211609
v -0.04510587449409485 0.2909335408162627 0.016646202622116087
v -0.04550546409409485 0.29008941981626274 0.013916395622116086
v -0.046290680794094846 0.2894055168162627 0.01446339492211609
v -0.044493772094094844 0.2900411998162627 0.014520395522116092
v -0.04576417799409485 0.2889343118162627 0.015405394122116091
v -0.044653564694094844 0.28932707681626274 0.015440594422116087
v -0.044711396094094844 0.2884109528162627 0.012790095022116088
v -0.04544316979409485 0.28761138681626275 0.013258397622116086
v -0.043790571394094854 0.2885525438162627 0.013523299222116092
v -0.04497457299409485 0.2872592128162627 0.014280993522116092
v -0.04395318779409485 0.28784056681626274 0.01444470142211609
v -0.04174417259409485 0.2851412808162627 0.010719899122116086
v -0.04231687639409484 0.2841647188162627 0.011073194422116087
v -0.04101228709409485 0.28548767281626275 0.011586099822116086
v -0.041938878594094856 0.2839074648162627 0.012157697222116091
v -0.04113256189409485 0.28472503181626274 0.012474697122116088
v -0.03760278969409485 0.2829023818162627 0.00901379432211609
v -0.03794446589409485 0.28180038081626274 0.009270899022116086
v -0.037087991794094846 0.28336518181626275 0.009969901322116087
v -0.03764078019409485 0.2815821678162627 0.010385796422116088
v -0.03711137919409485 0.2825492838162627 0.010817803422116086
v -0.03265397999409485 0.2816212388162627 0.007564101322116087
v -0.032789781694094855 0.2804658328162627 0.007759898922116086
v -0.03230468929409484 0.2821261498162627 0.008569002122116087
v -0.03252437709409485 0.2802567998162627 0.008885897722116086
v -0.032224580694094854 0.2812829528162627 0.009385995522116088
v -0.027277685694094847 0.2812438818162627 0.00627490132211609
v -0.02723248299409485 0.2800756908162627 0.006426602622116091
v -0.02704188229409485 0.2817561248162627 0.007307402822116088
v -0.026968695194094852 0.27986603181626274 0.00755279882211609
v -0.026850901494094845 0.2809045228162627 0.008097201622116086
v -0.021857194594094853 0.2817167558162627 0.005053401022116086
v -0.021638289094094848 0.28056349481626275 0.005165200722116091
v -0.021694786894094847 0.2822218158162627 0.006102800322116089
v -0.021340683094094842 0.2803559818162627 0.0062836967221160875
v -0.021375685894094845 0.2813810618162627 0.00686319922211609
v -0.016780093294094856 0.2829815658162627 0.0038096010221160895
v -0.016375295794094843 0.28187452881626274 0.003875102822116089
v -0.01665939389409485 0.2834756288162627 0.004869598922116088
v -0.01600448789409485 0.28168456881626275 0.004975501422116092
v -0.01617999379409485 0.28267394681626273 0.005590099822116092
v -0.01231319459409485 0.2850201348162627 0.0024191998221160874
v -0.01175418869409485 0.2839840568162627 0.002442199722116088
v -0.012313786894094847 0.28546415881626275 0.003514401622116088
v -0.011409491294094846 0.2837875398162627 0.003551598622116091
v -0.011755295094094849 0.2847024418162627 0.004214201122116089
v -0.0058483890940948455 0.2889886418162627 0.0016514025221160897
v -0.005220890094094849 0.28799467481626273 0.0016717016221160855
v -0.00612698499409485 0.2892681868162627 0.002777300822116087
v -0.00511168319409485 0.28765990481626275 0.0028102994221160874
v -0.005671586794094852 0.28844665681626275 0.003493599622116088
v 0.00046821680590514864 0.29311432581626273 0.0036013014221160863
v 0.0011216178059051535 0.2921371378162627 0.003628600422116088
v -7.618959409484705e-05 0.2932189918162627 0.004645500322116088
v 0.0009811111059051525 0.29163818681626275 0.004689600322116086
v 0.00024090710590515124 0.2923065038162627 0.005317997222116087
v 0.006475515705905148 0.2974008238162627 0.007288899322116092
v 0.007162209605905148 0.2964474478162627 0.0073355026221160885
v 0.005797814605905151 0.29740934681626274 0.00825120132211609
v 0.006908807905905152 0.29586668981626274 0.008326601222116092
v 0.00606551020590515 0.2964611868162627 0.00889249892211609
v 0.01216780770590515 0.3019522048162627 0.011784695122116086
v 0.012894611805905148 0.3010305678162627 0.011861998622116086
v 0.011445313705905152 0.3019238328162627 0.012711599422116089
v 0.012621108405905149 0.3004330308162627 0.012836702122116087
v 0.011725407105905153 0.3009847918162627 0.013361796722116091
v 0.01752110760590515 0.3068579058162627 0.016188800322116087
v 0.01829941940590515 0.3059835648162627 0.01630759982211609
v 0.01681851600590515 0.3068469078162627 0.017132099722116087
v 0.01807791930590515 0.3054324308162627 0.01732430232211609
v 0.01716261170590515 0.30596586181626273 0.01783389972211609
v 0.02249110490590515 0.3121856668162627 0.019614387322116088
v 0.02334061820590515 0.3113873218162627 0.019781090322116092
v 0.02187401990590515 0.3122649998162627 0.020616605922116088
v 0.02324851230590515 0.31097351681626273 0.02088639882211609
v 0.02234210260590515 0.3115160978162627 0.021402794822116086
v 0.02712100180590515 0.3180984468162627 0.02124360952211609
v 0.02803681600590515 0.3173855458162627 0.02143548802211609
v 0.02656741250590515 0.31826140681626275 0.022267796122116087
v 0.02804930880590515 0.3171078478162627 0.02257829532211609
v 0.027141105405905152 0.3176492368162627 0.023092705722116087
v 0.031957713905905155 0.32522215581626274 0.02264468742211609
v 0.03289410750590515 0.32453980181626274 0.02284419912211609
v 0.03136191520590515 0.32532530181626274 0.02365629002211609
v 0.03287701770590515 0.3242214838162627 0.02397909012211609
v 0.03193001820590515 0.32470702281626274 0.024480987322116086
v 0.03674660810590515 0.3325408908162627 0.025476396122116086
v 0.03766820110590515 0.3318362448162627 0.025667987722116085
v 0.03608823010590515 0.3325494448162627 0.026450898522116087
v 0.03757939490590515 0.3314095948162627 0.02676089852211609
v 0.03660290870590515 0.33185028181626275 0.02724479512211609
v 0.04164692992590515 0.3396359298162627 0.02906629442211609
v 0.04253640305590515 0.3388848818162627 0.029235094822116087
v 0.04097230080590515 0.3396221908162627 0.030028894522116087
v 0.04241150990590515 0.33840726981626273 0.03030210362211609
v 0.041444827335905154 0.3388629178162627 0.030792690822116088
v 0.04688401345590515 0.34619476581626274 0.030780550122116092
v 0.047716113331305154 0.34537201281626273 0.03090944882211609
v 0.046240702855905154 0.3462213198162627 0.03176535292211609
v 0.04758690953890515 0.34489013881626274 0.03197396172211609
v 0.04667512059590515 0.3454147198162627 0.03250294182211609
v 0.05267583019590515 0.3519003308162627 0.03172801812211609
v 0.053406191985905155 0.3509774718162627 0.031801909222116086
v 0.05213391408590515 0.35202788481626274 0.032768629522116094
v 0.05331570748590515 0.3505346688162627 0.032888218722116086
v 0.05252930754590515 0.3511837638162627 0.03348559882211609
v 0.059232112005905155 0.3564355288162627 0.03172440452211609
v 0.05978962960590515 0.35539337181626274 0.031745497122116086
v 0.05890339980590515 0.3567117368162627 0.032831005722116086
v 0.059805499405905155 0.3550253128162627 0.03286518902211609
v 0.05925782300590515 0.3558401378162627 0.033536076522116084
v 0.06676129440590516 0.35949065481626274 0.03046208992211609
v 0.06714779880590516 0.35837920681626273 0.030479792522116092
v 0.06670132650590516 0.3598785318162627 0.03157739342211609
v 0.06732670780590515 0.3580798128162627 0.031606193622116086
v 0.06705079230590515 0.3590066348162627 0.03228448702211609
v 0.07214577680590514 0.3610443088162627 0.029565218822116088
v 0.07247323170590515 0.35991545681626275 0.02959409352211609
v 0.07225678490590515 0.3614828498162627 0.030651606622116086
v 0.07278664600590515 0.35965668281626273 0.03069829572211609
v 0.07265282610590515 0.3606252888162627 0.03135190532211609
v 0.07765412330590515 0.36258970881626273 0.028086412722116087
v 0.07794884780590515 0.3614517068162627 0.02812330052211609
v 0.07785782780590515 0.36305358181626274 0.029148194922116087
v 0.07833459040590515 0.3612124538162627 0.02920800822211609
v 0.07827843730590515 0.3622021298162627 0.029841400722116086
v 0.08325768630590516 0.3638131538162627 0.026220299322116086
v 0.08346550910590515 0.36265655481626274 0.026285514222116092
v 0.08354111760590516 0.3642938058162627 0.027255896522116088
v 0.08387719090590515 0.36242186181626274 0.02736129612211609
v 0.08392388370590514 0.3634338298162627 0.027961097622116092
v 0.08891709150590515 0.3643920938162627 0.02414394172211609
v 0.08897812660590515 0.3632202068162627 0.02426154912211609
v 0.08927269650590515 0.3648794508162627 0.02515365182211609
v 0.08937142040590515 0.36298309881626273 0.025343950822116088
v 0.08955353500590515 0.3640084778162627 0.025895345922116092
v 0.09459443020590516 0.3639947388162627 0.022512976122116092
v 0.09444481510590516 0.3628375148162627 0.022705066922116088
v 0.09501648690590515 0.3644766128162627 0.023499172222116088
v 0.09477448090590515 0.3626040438162627 0.02381007002211609
v 0.09512779860590515 0.36361723281626274 0.02430086952211609
v 0.10024033490590514 0.36228331081626275 0.020723063522116086
v 0.09983368590590515 0.36120390081626275 0.020996082622116087
v 0.10071907940590516 0.3627474818162627 0.02169167252211609
v 0.10006119310590515 0.3610009768162627 0.022133279622116087
v 0.10060852770590514 0.3619549488162627 0.02256317812211609
v 0.10380243880590515 0.3599196288162627 0.02036823332211609
v 0.10427470130590516 0.36038379981626273 0.021340239822116087
v 0.10314638910590515 0.35898973681626273 0.020696736922116092
v 0.10391047220590516 0.35974078581626273 0.02226944272211609
v 0.10321306810590515 0.35887925981626273 0.02187174182211609
v 0.028528606505905153 0.6944616648162627 0.012434728422116091
v 0.02737431600590515 0.6949590658162628 0.01100721212211609
v 0.027560511605905152 0.6941540458162627 0.011843010822116092
v 0.028940707405905153 0.6954571218162627 0.011964622922116086
v 0.028227303205905153 0.6957647418162627 0.011082418222116086
v 0.02531491410590515 0.6985393978162627 0.014405019622116086
v 0.02451651730590515 0.6976818658162627 0.014267612222116088
v 0.027560511605905152 0.6941540458162627 0.011843010822116092
v 0.02604180570590515 0.6982189628162627 0.015271812722116092
v 0.028940707405905153 0.6954571218162627 0.011964622922116086
v 0.02474991980590515 0.6968316648162627 0.015049625222116086
v 0.028528606505905153 0.6944616648162627 0.012434728422116091
v 0.025692608205905153 0.6971630668162627 0.01567022132211609
v 0.021904803805905152 0.7004949668162628 0.01813922822211609
v 0.02264710520590515 0.7001666048162627 0.01898961882211609
v 0.021220218405905152 0.6995721078162627 0.017878223222116088
v 0.02242131340590515 0.6990411498162628 0.019254129422116087
v 0.02153950930590515 0.6986730908162627 0.018567215622116086
v 0.01811181190590515 0.7017412998162628 0.021928612122116088
v 0.01883801630590515 0.7014190768162627 0.022795427622116088
v 0.01753451490590515 0.7007830958162627 0.02156131342211609
v 0.018709518005905153 0.7002618528162627 0.02296392242211609
v 0.01790400780590515 0.6998681638162627 0.02220121022211609
v 0.013979110905905152 0.7024420118162628 0.025502011222116087
v 0.01465231180590515 0.7021301008162627 0.026415020222116087
v 0.01350771260590515 0.7014648528162627 0.025044113422116092
v 0.014596913005905154 0.7009600618162627 0.026521414522116087
v 0.013889513905905149 0.7005486698162627 0.025674112122116087
v 0.009552307405905153 0.7027532668162627 0.028590008622116088
v 0.010124512005905154 0.7024493428162627 0.029573705022116085
v 0.009192906305905149 0.7017681808162627 0.028054807322116092
v 0.010118715505905151 0.7012756088162627 0.029646527022116086
v 0.00954300910590515 0.7008545018162627 0.02870780602211609
v 0.004882011605905151 0.7028277728162627 0.030924718822116087
v 0.005287513105905153 0.7025268288162627 0.03199203312211609
v 0.004648007405905152 0.7018395878162628 0.030327718722116086
v 0.005304105605905149 0.7013531538162627 0.03205470742211609
v 0.004908915605905152 0.7009283518162627 0.031026035522116087
v 3.611670590514954e-05 0.7028131098162628 0.03224113212211609
v 0.00016091390590514815 0.7025128218162627 0.033385239522116084
v -4.528839409485147e-05 0.7018249248162627 0.03160392492211609
v 0.00015661120590514804 0.7013396838162628 0.03345511852211609
v 2.9210005905153102e-05 0.7009136888162627 0.03235423942211609
v -0.005215492094094852 0.7029345848162627 0.03201610222211609
v -0.005445491494094852 0.7026422238162627 0.033144831622116094
v -0.005121890494094845 0.7019427628162628 0.03138602902211609
v -0.0054941847940948516 0.7014690848162627 0.033212430822116085
v -0.005294188894094852 0.7010369518162627 0.03212543202211609
v -0.010561190594094848 0.7031420688162627 0.030100934222116092
v -0.01106128839409485 0.7028582908162627 0.031132429822116087
v -0.01030829549409485 0.7021447638162627 0.02952640132211609
v -0.011117488194094846 0.7016857478162627 0.03119533132211609
v -0.010652188194094851 0.7012450908162627 0.03020282462211609
v -0.015769988294094844 0.7031646588162627 0.02691802752211609
v -0.016427591394094845 0.7028796288162628 0.02785272522211609
v -0.015377491694094844 0.7021673538162627 0.026427324822116086
v -0.01644159109409485 0.7017071458162627 0.02793971822211609
v -0.01579258589409485 0.7012664888162627 0.027058713122116086
v -0.020575091194094855 0.7027215578162628 0.022918317422116086
v -0.021323896994094843 0.7024267528162628 0.02377672122211609
v -0.02004229279409485 0.7017376638162627 0.02254291252211609
v -0.021253898694094844 0.7012616018162627 0.023931711922116086
v -0.020461797694094855 0.7008355478162627 0.023169230622116087
v -0.024723388294094845 0.7015221928162627 0.018553711522116087
v -0.025521896794094848 0.7012115338162627 0.01935922352211609
v -0.024031683794094844 0.7005853268162627 0.01834361632211609
v -0.025323688994094845 0.7000829788162627 0.01964681222211609
v -0.024402685494094842 0.6996960258162627 0.019019123122116087
v -0.02796359359409485 0.6992523288162628 0.014271028322116089
v -0.028779990994094853 0.6989270068162627 0.01505172622211609
v -0.027088895394094842 0.6984442088162627 0.014300212222116089
v -0.02840998769409485 0.6979174828162628 0.01556342842211609
v -0.02736479789409485 0.6976189828162627 0.015099026222116091
v -0.030029684294094847 0.6955273368162628 0.010512921922116086
v -0.030840195694094852 0.6952080938162627 0.011302620222116089
v -0.028964891994094855 0.6950616458162627 0.010884322222116091
v -0.030276291094094854 0.6945452908162627 0.012162111722116085
v -0.029117286194094844 0.6944543338162628 0.011903628722116089
v -0.029950797594094844 0.6905895688162628 0.008721720422116087
v -0.030763193994094842 0.6902954198162627 0.009518913922116089
v -0.02889779209409485 0.6908135628162627 0.009345717722116086
v -0.030212297994094847 0.6903380968162627 0.010635621822116088
v -0.029059380294094855 0.6906585308162627 0.010528523522116091
v -0.02733989059409485 0.6858001568162627 0.00966431942211609
v -0.028148084894094844 0.6854919408162627 0.010460812622116088
v -0.026579290594094848 0.6865576128162627 0.010187126722116087
v -0.027886897294094853 0.6860589598162627 0.01147592442211609
v -0.026917293694094846 0.6867168758162627 0.011306818622116091
v -0.023035384694094843 0.6815313318162627 0.012198217222116087
v -0.023804292094094848 0.6811816308162627 0.013016622522116092
v -0.022482596294094853 0.6824932908162628 0.012601621422116085
v -0.02372679859409485 0.6819274638162627 0.013925913722116087
v -0.022909901994094845 0.6827380278162627 0.013669412622116087
v -0.017583586294094844 0.6778729178162627 0.015402428822116086
v -0.01827668399409485 0.6774707058162627 0.016264721722116092
v -0.017165392594094844 0.6789245228162627 0.01572881642211609
v -0.018286697594094847 0.6782732818162627 0.017124116422116087
v -0.017599888194094845 0.6791723588162627 0.01679281142211609
v -0.011521290994094852 0.6750286438162627 0.01841102542211609
v -0.01207399369409485 0.6745587208162627 0.019342210122116087
v -0.011214885894094848 0.6761321638162627 0.01868362352211609
v -0.012109290794094847 0.6753723238162628 0.020190428922116088
v -0.011578291694094849 0.6763445948162627 0.019783418622116092
v -0.005432091694094851 0.6732409808162627 0.02035512772211609
v -0.005699891594094848 0.6726855258162627 0.02137641612211609
v -0.0052531919940948454 0.6743816948162628 0.020589217522116086
v -0.005686484294094851 0.6734826778162627 0.02224181962211609
v -0.005410384394094851 0.6745306468162627 0.021755214822116085
v 0.00018581370590515373 0.6727184868162627 0.020420130322116085
v 0.0003078096059051516 0.6721294738162628 0.021447524422116088
v 0.00018530710590514837 0.6738757108162627 0.02064912392211609
v 0.0003827102059051485 0.6729229308162628 0.02231141922211609
v 0.00030691180590514816 0.6740026688162627 0.021817911422116087
v 0.005403813005905152 0.6734423848162627 0.01923331992211609
v 0.005762413105905154 0.6728912208162627 0.020209521022116088
v 0.005205705805905153 0.6745739798162628 0.01950181652211609
v 0.005785808005905155 0.6736822338162627 0.021081216622116088
v 0.005441807205905154 0.6747222758162628 0.02064382282211609
v 0.010772906205905153 0.6751983378162627 0.017912920522116092
v 0.011234410105905153 0.6746801348162628 0.018863715222116086
v 0.010405007705905155 0.6762737848162628 0.018223322922116092
v 0.011151716105905152 0.6754363988162627 0.019761711322116092
v 0.010639116205905151 0.6764214848162627 0.019365917922116088
v 0.01592021060590515 0.6778369168162627 0.01651231572211609
v 0.01647811010590515 0.6773681258162627 0.017436713022116086
v 0.015405610205905154 0.6788372608162627 0.016862809622116087
v 0.01630831140590515 0.6780792088162627 0.01835851372211609
v 0.015645515205905153 0.6789874048162627 0.01800382512211609
v 0.020566016405905153 0.6812310428162627 0.015061128922116092
v 0.02122111430590515 0.6808331228162627 0.015955120322116087
v 0.01991431410590515 0.6821313118162627 0.015454612722116089
v 0.02097430450590515 0.6814879988162628 0.016901128022116088
v 0.02016661870590515 0.6822900388162627 0.016591716522116086
v 0.02442832100590515 0.6852544758162628 0.013589322522116087
v 0.02518431840590515 0.6849621148162627 0.014444712522116092
v 0.02364281750590515 0.6860156278162627 0.014033924822116087
v 0.024866115305905153 0.6855419488162627 0.015418127222116086
v 0.02391331830590515 0.6861932488162628 0.01516421882211609
v 0.02722300770590515 0.6897827008162627 0.012127015722116087
v 0.028076602105905152 0.6896478148162627 0.012931324522116087
v 0.026313906505905153 0.6903429838162627 0.012636527422116087
v 0.027695113805905152 0.6901251288162628 0.013937927822116086
v 0.02660571220590515 0.6905548188162627 0.013755720122116087
v 0.02866921570590515 0.6947045538162627 0.010700415822116088
v 0.02956341950590515 0.6947124818162628 0.011464916122116087
v 0.02769560930590515 0.6950481748162627 0.011270921722116092
v 0.02914240960590515 0.6950622418162627 0.012507911722116086
v 0.02798812090590515 0.6952691288162627 0.012387923922116087
v 0.02973990510590515 0.7034148788162627 0.008823115422116092
v 0.03063410890590515 0.7034362768162628 0.00958661732211609
v 0.028748713405905152 0.7036254618162627 0.009420514122116086
v 0.030195705605905152 0.7036602708162627 0.010655820322116087
v 0.029030410605905152 0.7037768578162628 0.01055311042211609
v 0.03068041990590515 0.7122387508162628 0.00785431262211609
v 0.03156840430590515 0.7122014978162627 0.008624214722116087
v 0.02968180740590515 0.7123791198162627 0.008459314722116092
v 0.031118614605905152 0.7123186798162627 0.00970511882211609
v 0.029952613605905152 0.7124285908162628 0.009603220922116087
v 0.03151211890590515 0.7211352208162627 0.00764391572211609
v 0.03239550720590515 0.7210498068162627 0.008414920422116091
v 0.03050801340590515 0.7212182498162627 0.008250318422116092
v 0.031937515405905156 0.7210790728162627 0.009497914422116088
v 0.03077101890590515 0.7211828448162627 0.009396214022116087
v 0.03225651850590515 0.7300854538162628 0.00803791732211609
v 0.03313681760590515 0.7299627278162627 0.008807320122116089
v 0.03124880980590515 0.7301238988162627 0.008642420222116087
v 0.03267331230590515 0.7299249388162627 0.009887415922116088
v 0.03150641550590515 0.7300244188162627 0.00978541742211609
v 0.03293540140590515 0.7390716288162628 0.008883215522116086
v 0.03381381180590515 0.7389227368162627 0.00965021552211609
v 0.03192540260590515 0.7390789608162627 0.009484820022116092
v 0.033346702305905154 0.7388372638162627 0.010725818622116086
v 0.032179519505905155 0.7389342998162627 0.01062362642211609
v 0.033570415305905155 0.7480761618162627 0.010027818422116086
v 0.034447814305905156 0.7479119518162627 0.01079282532211609
v 0.03255912010590515 0.7480651948162628 0.010627020122116089
v 0.03397870250590515 0.7477996568162627 0.011864926622116086
v 0.03281140510590515 0.7478942488162628 0.01176242532211609
v 0.03418311290590515 0.7570831398162627 0.011320415922116092
v 0.03506011140590515 0.7569134448162628 0.012084711322116089
v 0.03459040820590515 0.7567913748162627 0.013155419422116087
v 0.03317141720590515 0.7570654368162627 0.011918827922116092
v 0.033423110805905154 0.7568859668162627 0.01305291802211609
v 0.03459040820590515 0.7567913748162627 0.013155419422116087
v 0.03506011140590515 0.7569134448162628 0.012084711322116089
v 0.03317141720590515 0.7570654368162627 0.011918827922116092
v 0.03418311290590515 0.7570831398162627 0.011320415922116092
v 0.03459040820590515 0.7567913748162627 0.013155419422116087
v -0.01415159179409485 0.4063052158162627 -0.044557379577883915
v -0.014948293594094844 0.4056677138162627 -0.04514140917788391
v -0.019598238194094855 0.4186875438162627 -0.05486349387788391
v -0.019284248394094844 0.4195676068162627 -0.05414761787788391
v -0.01312688739409485 0.4057296728162627 -0.04459640387788391
v -0.018661409594094847 0.4183929778162627 -0.05551686137788391
v -0.014416094894094851 0.40469818481626274 -0.045541304177883914
v -0.018153421594094846 0.4198170518162627 -0.054358519577883915
v -0.013290386694094845 0.40473662981626274 -0.04520450437788391
v -0.017768405394094855 0.4190909478162627 -0.055204752877883914
v -0.024870112494094848 0.4336376408162627 -0.0644778534778839
v -0.024018086494094842 0.4335261498162627 -0.06529667977788392
v -0.024500809594094855 0.4343979568162627 -0.06365315617788392
v -0.023420512694094855 0.43475624081626274 -0.06396243347788391
v -0.023122012594094854 0.4342173548162627 -0.0649781785778839
v -0.03360649939409485 0.4486240358162627 -0.07182811947788391
v -0.03289759899409485 0.4487613058162627 -0.07276732477788392
v -0.03312789649409485 0.4491935588162627 -0.0709090605778839
v -0.03212316329409484 0.4496829128162627 -0.07128038257788391
v -0.03198099879409484 0.44941597381626275 -0.07242880757788392
v -0.041053645294094845 0.4606871818162627 -0.07345344497788392
v -0.040464952594094855 0.46102156381626275 -0.0744182690778839
v -0.04045858979409485 0.46106582081626274 -0.0725078768778839
v -0.039502330094094845 0.4616344488162627 -0.07288828867788391
v -0.03950615969409485 0.4616070008162627 -0.07406898587788391
v -0.04828623679409484 0.47297324881626274 -0.07234302537788391
v -0.047772094594094844 0.47343387381626273 -0.0732965469778839
v -0.04760875549409485 0.47321211481626274 -0.07141021637788392
v -0.04667595029409485 0.4738205888162627 -0.07178732757788392
v -0.04677704719409485 0.4739577688162627 -0.07295311987788392
v -0.055455304994094845 0.48533298681626275 -0.0692894011778839
v -0.05499079799409484 0.48587893581626274 -0.07022193077788391
v -0.05397827199409484 0.48637290981626274 -0.06988604737788391
v -0.053816958994094846 0.4861321958162627 -0.06874594467788392
v -0.05472984199409485 0.4854895388162627 -0.06837714837788392
v 0.057728430255905155 0.01947993598626272 0.004705406722116091
v 0.05746334604590515 0.02019112789626272 0.0038076080221160907
v 0.05782364490590515 0.02013842807626272 0.005674507422116087
v 0.05739472526590515 0.02128913346626272 0.004221908722116086
v 0.05761742684590515 0.021256632176262724 0.005375709422116091
v 0.06689469330590515 0.02210935111626272 0.0029458068221160857
v 0.06699570640590516 0.02276864275626272 0.003913905422116087
v 0.06663971950590515 0.022821857616262722 0.0020461082221160873
v 0.06680322250590515 0.023888542316262723 0.003612503422116088
v 0.06658322360590516 0.023921349116262723 0.0024582073221160877
f 3/3/3 2/2/2 1/1/1
f 6/6/6 5/5/5 4/4/4
f 7/7/7 6/6/6 4/4/4
f 7/7/7 4/4/4 8/8/8
f 8/8/8 4/4/4 9/9/9
f 4/4/4 10/10/10 9/9/9
f 4/4/4 11/11/11 10/10/10
f 12/12/12 7/7/7 8/8/8
f 12/12/12 8/8/8 13/13/13
f 13/13/13 8/8/8 14/14/14
f 8/8/8 9/9/9 14/14/14
f 15/15/15 12/12/12 13/13/13
f 16/16/16 12/12/12 15/15/15
f 17/17/17 16/16/16 15/15/15
f 18/18/18 7/7/7 12/12/12
f 16/16/16 18/18/18 12/12/12
f 18/18/18 19/19/19 7/7/7
f 19/19/19 20/20/20 7/7/7
f 21/21/21 18/18/18 16/16/16
f 22/22/22 16/16/16 17/17/17
f 22/22/22 21/21/21 16/16/16
f 23/23/23 19/19/19 18/18/18
f 21/21/21 23/23/23 18/18/18
f 19/19/19 24/24/24 20/20/20
f 23/23/23 25/25/25 19/19/19
f 25/25/25 24/24/24 19/19/19
f 24/24/24 26/26/26 20/20/20
f 24/24/24 17/17/17 26/26/26
f 20/20/20 26/26/26 11/11/11
f 27/27/27 17/17/17 24/24/24
f 25/25/25 27/27/27 24/24/24
f 27/27/27 22/22/22 17/17/17
f 17/17/17 28/28/28 26/26/26
f 26/26/26 28/28/28 29/29/29
f 26/26/26 29/29/29 11/11/11
f 28/28/28 30/30/30 29/29/29
f 11/11/11 29/29/29 31/31/31
f 11/11/11 31/31/31 10/10/10
f 29/29/29 30/30/30 32/32/32
f 29/29/29 32/32/32 31/31/31
f 30/30/30 14/14/14 32/32/32
f 33/33/33 27/27/27 25/25/25
f 34/34/34 22/22/22 27/27/27
f 33/33/33 34/34/34 27/27/27
f 35/35/35 33/33/33 25/25/25
f 35/35/35 25/25/25 23/23/23
f 34/34/34 36/36/36 22/22/22
f 36/36/36 21/21/21 22/22/22
f 37/37/37 23/23/23 21/21/21
f 37/37/37 35/35/35 23/23/23
f 36/36/36 37/37/37 21/21/21
f 31/31/31 32/32/32 38/38/38
f 32/32/32 14/14/14 39/39/39
f 32/32/32 39/39/39 38/38/38
f 31/31/31 38/38/38 40/40/40
f 10/10/10 31/31/31 40/40/40
f 14/14/14 41/41/41 39/39/39
f 14/14/14 9/9/9 41/41/41
f 9/9/9 10/10/10 42/42/42
f 10/10/10 40/40/40 42/42/42
f 9/9/9 42/42/42 41/41/41
f 43/43/43 35/35/35 37/37/37
f 44/44/44 37/37/37 36/36/36
f 44/44/44 43/43/43 37/37/37
f 43/43/43 45/45/45 35/35/35
f 45/45/45 33/33/33 35/35/35
f 46/46/46 44/44/44 36/36/36
f 46/46/46 36/36/36 34/34/34
f 47/47/47 34/34/34 33/33/33
f 45/45/45 47/47/47 33/33/33
f 47/47/47 46/46/46 34/34/34
f 42/42/42 40/40/40 48/48/48
f 41/41/41 42/42/42 49/49/49
f 42/42/42 48/48/48 49/49/49
f 40/40/40 50/50/50 48/48/48
f 40/40/40 38/38/38 50/50/50
f 41/41/41 49/49/49 51/51/51
f 39/39/39 41/41/41 51/51/51
f 38/38/38 39/39/39 52/52/52
f 38/38/38 52/52/52 50/50/50
f 39/39/39 51/51/51 52/52/52
f 53/53/53 47/47/47 45/45/45
f 54/54/54 46/46/46 47/47/47
f 53/53/53 54/54/54 47/47/47
f 55/55/55 53/53/53 45/45/45
f 55/55/55 45/45/45 43/43/43
f 54/54/54 56/56/56 46/46/46
f 56/56/56 44/44/44 46/46/46
f 57/57/57 43/43/43 44/44/44
f 57/57/57 55/55/55 43/43/43
f 56/56/56 57/57/57 44/44/44
f 50/50/50 52/52/52 58/58/58
f 52/52/52 51/51/51 59/59/59
f 52/52/52 59/59/59 58/58/58
f 50/50/50 58/58/58 60/60/60
f 48/48/48 50/50/50 60/60/60
f 51/51/51 61/61/61 59/59/59
f 51/51/51 49/49/49 61/61/61
f 49/49/49 48/48/48 62/62/62
f 48/48/48 60/60/60 62/62/62
f 49/49/49 62/62/62 61/61/61
f 63/63/63 55/55/55 57/57/57
f 64/64/64 57/57/57 56/56/56
f 64/64/64 63/63/63 57/57/57
f 63/63/63 65/65/65 55/55/55
f 65/65/65 53/53/53 55/55/55
f 66/66/66 64/64/64 56/56/56
f 66/66/66 56/56/56 54/54/54
f 67/67/67 54/54/54 53/53/53
f 65/65/65 67/67/67 53/53/53
f 67/67/67 66/66/66 54/54/54
f 62/62/62 60/60/60 68/68/68
f 61/61/61 62/62/62 69/69/69
f 62/62/62 68/68/68 69/69/69
f 60/60/60 70/70/70 68/68/68
f 60/60/60 58/58/58 70/70/70
f 61/61/61 69/69/69 71/71/71
f 59/59/59 61/61/61 71/71/71
f 58/58/58 59/59/59 72/72/72
f 58/58/58 72/72/72 70/70/70
f 59/59/59 71/71/71 72/72/72
f 73/73/73 67/67/67 65/65/65
f 74/74/74 66/66/66 67/67/67
f 73/73/73 74/74/74 67/67/67
f 75/75/75 73/73/73 65/65/65
f 75/75/75 65/65/65 63/63/63
f 74/74/74 76/76/76 66/66/66
f 76/76/76 64/64/64 66/66/66
f 77/77/77 63/63/63 64/64/64
f 77/77/77 75/75/75 63/63/63
f 76/76/76 77/77/77 64/64/64
f 70/70/70 72/72/72 78/78/78
f 72/72/72 71/71/71 79/79/79
f 72/72/72 79/79/79 78/78/78
f 70/70/70 78/78/78 80/80/80
f 68/68/68 70/70/70 80/80/80
f 71/71/71 81/81/81 79/79/79
f 71/71/71 69/69/69 81/81/81
f 69/69/69 68/68/68 82/82/82
f 68/68/68 80/80/80 82/82/82
f 69/69/69 82/82/82 81/81/81
f 83/83/83 75/75/75 77/77/77
f 84/84/84 77/77/77 76/76/76
f 84/84/84 83/83/83 77/77/77
f 83/83/83 85/85/85 75/75/75
f 85/85/85 73/73/73 75/75/75
f 86/86/86 84/84/84 76/76/76
f 86/86/86 76/76/76 74/74/74
f 87/87/87 74/74/74 73/73/73
f 85/85/85 87/87/87 73/73/73
f 87/87/87 86/86/86 74/74/74
f 82/82/82 80/80/80 88/88/88
f 81/81/81 82/82/82 89/89/89
f 82/82/82 88/88/88 89/89/89
f 80/80/80 90/90/90 88/88/88
f 80/80/80 78/78/78 90/90/90
f 81/81/81 89/89/89 91/91/91
f 79/79/79 81/81/81 91/91/91
f 78/78/78 79/79/79 92/92/92
f 78/78/78 92/92/92 90/90/90
f 79/79/79 91/91/91 92/92/92
f 93/93/93 87/87/87 85/85/85
f 94/94/94 86/86/86 87/87/87
f 93/93/93 94/94/94 87/87/87
f 95/95/95 93/93/93 85/85/85
f 95/95/95 85/85/85 83/83/83
f 94/94/94 96/96/96 86/86/86
f 96/96/96 84/84/84 86/86/86
f 97/97/97 83/83/83 84/84/84
f 97/97/97 95/95/95 83/83/83
f 96/96/96 97/97/97 84/84/84
f 90/90/90 92/92/92 98/98/98
f 92/92/92 91/91/91 99/99/99
f 92/92/92 99/99/99 98/98/98
f 90/90/90 98/98/98 100/100/100
f 88/88/88 90/90/90 100/100/100
f 91/91/91 101/101/101 99/99/99
f 91/91/91 89/89/89 101/101/101
f 89/89/89 88/88/88 102/102/102
f 88/88/88 100/100/100 102/102/102
f 89/89/89 102/102/102 101/101/101
f 103/103/103 95/95/95 97/97/97
f 104/104/104 97/97/97 96/96/96
f 104/104/104 103/103/103 97/97/97
f 103/103/103 105/105/105 95/95/95
f 105/105/105 93/93/93 95/95/95
f 106/106/106 104/104/104 96/96/96
f 106/106/106 96/96/96 94/94/94
f 107/107/107 94/94/94 93/93/93
f 105/105/105 107/107/107 93/93/93
f 107/107/107 106/106/106 94/94/94
f 102/102/102 100/100/100 108/108/108
f 101/101/101 102/102/102 109/109/109
f 102/102/102 108/108/108 109/109/109
f 100/100/100 110/110/110 108/108/108
f 100/100/100 98/98/98 110/110/110
f 101/101/101 109/109/109 111/111/111
f 99/99/99 101/101/101 111/111/111
f 98/98/98 99/99/99 112/112/112
f 98/98/98 112/112/112 110/110/110
f 99/99/99 111/111/111 112/112/112
f 113/113/113 107/107/107 105/105/105
f 114/114/114 106/106/106 107/107/107
f 113/113/113 114/114/114 107/107/107
f 115/115/115 113/113/113 105/105/105
f 115/115/115 105/105/105 103/103/103
f 114/114/114 116/116/116 106/106/106
f 116/116/116 104/104/104 106/106/106
f 117/117/117 103/103/103 104/104/104
f 117/117/117 115/115/115 103/103/103
f 116/116/116 117/117/117 104/104/104
f 118/118/118 114/114/114 113/113/113
f 119/119/119 118/118/118 113/113/113
f 119/119/119 113/113/113 115/115/115
f 120/120/120 118/118/118 119/119/119
f 121/121/121 115/115/115 117/117/117
f 121/121/121 119/119/119 115/115/115
f 122/122/122 120/120/120 119/119/119
f 122/122/122 119/119/119 121/121/121
f 123/123/123 120/120/120 122/122/122
f 124/124/124 116/116/116 114/114/114
f 125/125/125 124/124/124 114/114/114
f 126/126/126 117/117/117 116/116/116
f 126/126/126 121/121/121 117/117/117
f 124/124/124 126/126/126 116/116/116
f 127/127/127 122/122/122 121/121/121
f 127/127/127 121/121/121 126/126/126
f 128/128/128 124/124/124 125/125/125
f 129/129/129 128/128/128 125/125/125
f 130/130/130 126/126/126 124/124/124
f 130/130/130 127/127/127 126/126/126
f 128/128/128 130/130/130 124/124/124
f 131/131/131 122/122/122 127/127/127
f 131/131/131 123/123/123 122/122/122
f 132/132/132 128/128/128 129/129/129
f 123/123/123 132/132/132 129/129/129
f 133/133/133 127/127/127 130/130/130
f 133/133/133 131/131/131 127/127/127
f 134/134/134 130/130/130 128/128/128
f 132/132/132 134/134/134 128/128/128
f 134/134/134 133/133/133 130/130/130
f 135/135/135 132/132/132 123/123/123
f 136/136/136 123/123/123 131/131/131
f 136/136/136 135/135/135 123/123/123
f 137/137/137 131/131/131 133/133/133
f 137/137/137 136/136/136 131/131/131
f 138/138/138 133/133/133 134/134/134
f 138/138/138 137/137/137 133/133/133
f 139/139/139 134/134/134 132/132/132
f 135/135/135 139/139/139 132/132/132
f 139/139/139 138/138/138 134/134/134
f 140/140/140 135/135/135 136/136/136
f 141/141/141 136/136/136 137/137/137
f 141/141/141 140/140/140 136/136/136
f 142/142/142 137/137/137 138/138/138
f 142/142/142 141/141/141 137/137/137
f 143/143/143 138/138/138 139/139/139
f 143/143/143 142/142/142 138/138/138
f 144/144/144 139/139/139 135/135/135
f 140/140/140 144/144/144 135/135/135
f 144/144/144 143/143/143 139/139/139
f 145/145/145 140/140/140 141/141/141
f 146/146/146 141/141/141 142/142/142
f 146/146/146 145/145/145 141/141/141
f 147/147/147 142/142/142 143/143/143
f 147/147/147 146/146/146 142/142/142
f 148/148/148 143/143/143 144/144/144
f 148/148/148 147/147/147 143/143/143
f 149/149/149 144/144/144 140/140/140
f 145/145/145 149/149/149 140/140/140
f 149/149/149 148/148/148 144/144/144
f 150/150/150 145/145/145 146/146/146
f 151/151/151 146/146/146 147/147/147
f 151/151/151 150/150/150 146/146/146
f 152/152/152 147/147/147 148/148/148
f 152/152/152 151/151/151 147/147/147
f 153/153/153 148/148/148 149/149/149
f 153/153/153 152/152/152 148/148/148
f 154/154/154 149/149/149 145/145/145
f 150/150/150 154/154/154 145/145/145
f 154/154/154 153/153/153 149/149/149
f 155/155/155 150/150/150 151/151/151
f 156/156/156 151/151/151 152/152/152
f 156/156/156 155/155/155 151/151/151
f 157/157/157 152/152/152 153/153/153
f 157/157/157 156/156/156 152/152/152
f 158/158/158 153/153/153 154/154/154
f 158/158/158 157/157/157 153/153/153
f 159/159/159 154/154/154 150/150/150
f 155/155/155 159/159/159 150/150/150
f 159/159/159 158/158/158 154/154/154
f 160/160/160 155/155/155 156/156/156
f 161/161/161 156/156/156 157/157/157
f 161/161/161 160/160/160 156/156/156
f 162/162/162 157/157/157 158/158/158
f 162/162/162 161/161/161 157/157/157
f 163/163/163 158/158/158 159/159/159
f 163/163/163 162/162/162 158/158/158
f 164/164/164 159/159/159 155/155/155
f 160/160/160 164/164/164 155/155/155
f 164/164/164 163/163/163 159/159/159
f 165/165/165 160/160/160 161/161/161
f 166/166/166 161/161/161 162/162/162
f 166/166/166 165/165/165 161/161/161
f 167/167/167 162/162/162 163/163/163
f 167/167/167 166/166/166 162/162/162
f 168/168/168 163/163/163 164/164/164
f 168/168/168 167/167/167 163/163/163
f 169/169/169 164/164/164 160/160/160
f 165/165/165 169/169/169 160/160/160
f 169/169/169 168/168/168 164/164/164
f 170/170/170 165/165/165 166/166/166
f 171/171/171 166/166/166 167/167/167
f 171/171/171 170/170/170 166/166/166
f 172/172/172 167/167/167 168/168/168
f 172/172/172 171/171/171 167/167/167
f 173/173/173 168/168/168 169/169/169
f 173/173/173 172/172/172 168/168/168
f 174/174/174 169/169/169 165/165/165
f 170/170/170 174/174/174 165/165/165
f 174/174/174 173/173/173 169/169/169
f 175/175/175 170/170/170 171/171/171
f 176/176/176 171/171/171 172/172/172
f 176/176/176 175/175/175 171/171/171
f 177/177/177 172/172/172 173/173/173
f 177/177/177 176/176/176 172/172/172
f 178/178/178 173/173/173 174/174/174
f 178/178/178 177/177/177 173/173/173
f 179/179/179 174/174/174 170/170/170
f 175/175/175 179/179/179 170/170/170
f 179/179/179 178/178/178 174/174/174
f 180/180/180 175/175/175 176/176/176
f 181/181/181 176/176/176 177/177/177
f 181/181/181 180/180/180 176/176/176
f 182/182/182 177/177/177 178/178/178
f 182/182/182 181/181/181 177/177/177
f 183/183/183 178/178/178 179/179/179
f 183/183/183 182/182/182 178/178/178
f 184/184/184 179/179/179 175/175/175
f 180/180/180 184/184/184 175/175/175
f 184/184/184 183/183/183 179/179/179
f 185/185/185 180/180/180 181/181/181
f 186/186/186 181/181/181 182/182/182
f 186/186/186 185/185/185 181/181/181
f 187/187/187 182/182/182 183/183/183
f 187/187/187 186/186/186 182/182/182
f 188/188/188 183/183/183 184/184/184
f 188/188/188 187/187/187 183/183/183
f 189/189/189 184/184/184 180/180/180
f 185/185/185 189/189/189 180/180/180
f 189/189/189 188/188/188 184/184/184
f 190/190/190 185/185/185 186/186/186
f 191/191/191 186/186/186 187/187/187
f 191/191/191 190/190/190 186/186/186
f 192/192/192 187/187/187 188/188/188
f 192/192/192 191/191/191 187/187/187
f 193/193/193 188/188/188 189/189/189
f 193/193/193 192/192/192 188/188/188
f 194/194/194 189/189/189 185/185/185
f 190/190/190 194/194/194 185/185/185
f 194/194/194 193/193/193 189/189/189
f 195/195/195 190/190/190 191/191/191
f 196/196/196 191/191/191 192/192/192
f 196/196/196 195/195/195 191/191/191
f 197/197/197 192/192/192 193/193/193
f 197/197/197 196/196/196 192/192/192
f 198/198/198 193/193/193 194/194/194
f 198/198/198 197/197/197 193/193/193
f 199/199/199 194/194/194 190/190/190
f 195/195/195 199/199/199 190/190/190
f 199/199/199 198/198/198 194/194/194
f 200/200/200 195/195/195 196/196/196
f 201/201/201 196/196/196 197/197/197
f 201/201/201 200/200/200 196/196/196
f 202/202/202 197/197/197 198/198/198
f 202/202/202 201/201/201 197/197/197
f 203/203/203 198/198/198 199/199/199
f 203/203/203 202/202/202 198/198/198
f 204/204/204 199/199/199 195/195/195
f 200/200/200 204/204/204 195/195/195
f 204/204/204 203/203/203 199/199/199
f 205/205/205 200/200/200 201/201/201
f 206/206/206 201/201/201 202/202/202
f 206/206/206 205/205/205 201/201/201
f 207/207/207 202/202/202 203/203/203
f 207/207/207 206/206/206 202/202/202
f 208/208/208 203/203/203 204/204/204
f 208/208/208 207/207/207 203/203/203
f 209/209/209 204/204/204 200/200/200
f 205/205/205 209/209/209 200/200/200
f 209/209/209 208/208/208 204/204/204
f 210/210/210 205/205/205 206/206/206
f 211/211/211 206/206/206 207/207/207
f 211/211/211 210/210/210 206/206/206
f 212/212/212 207/207/207 208/208/208
f 212/212/212 211/211/211 207/207/207
f 213/213/213 208/208/208 209/209/209
f 213/213/213 212/212/212 208/208/208
f 214/214/214 209/209/209 205/205/205
f 210/210/210 214/214/214 205/205/205
f 214/214/214 213/213/213 209/209/209
f 215/215/215 210/210/210 211/211/211
f 216/216/216 211/211/211 212/212/212
f 216/216/216 215/215/215 211/211/211
f 217/217/217 212/212/212 213/213/213
f 217/217/217 216/216/216 212/212/212
f 218/218/218 213/213/213 214/214/214
f 218/218/218 217/217/217 213/213/213
f 219/219/219 214/214/214 210/210/210
f 215/215/215 219/219/219 210/210/210
f 219/219/219 218/218/218 214/214/214
f 220/220/220 215/215/215 216/216/216
f 221/221/221 216/216/216 217/217/217
f 221/221/221 220/220/220 216/216/216
f 222/222/222 217/217/217 218/218/218
f 222/222/222 221/221/221 217/217/217
f 223/223/223 218/218/218 219/219/219
f 223/223/223 222/222/222 218/218/218
f 224/224/224 219/219/219 215/215/215
f 220/220/220 224/224/224 215/215/215
f 224/224/224 223/223/223 219/219/219
f 225/225/225 220/220/220 221/221/221
f 226/226/226 221/221/221 222/222/222
f 226/226/226 225/225/225 221/221/221
f 227/227/227 222/222/222 223/223/223
f 227/227/227 226/226/226 222/222/222
f 228/228/228 223/223/223 224/224/224
f 228/228/228 227/227/227 223/223/223
f 229/229/229 224/224/224 220/220/220
f 225/225/225 229/229/229 220/220/220
f 229/229/229 228/228/228 224/224/224
f 230/230/230 225/225/225 226/226/226
f 231/231/231 226/226/226 227/227/227
f 231/231/231 230/230/230 226/226/226
f 232/232/232 227/227/227 228/228/228
f 232/232/232 231/231/231 227/227/227
f 233/233/233 228/228/228 229/229/229
f 233/233/233 232/232/232 228/228/228
f 234/234/234 229/229/229 225/225/225
f 230/230/230 234/234/234 225/225/225
f 234/234/234 233/233/233 229/229/229
f 235/235/235 230/230/230 231/231/231
f 236/236/236 231/231/231 232/232/232
f 236/236/236 235/235/235 231/231/231
f 237/237/237 232/232/232 233/233/233
f 237/237/237 236/236/236 232/232/232
f 238/238/238 233/233/233 234/234/234
f 238/238/238 237/237/237 233/233/233
f 239/239/239 234/234/234 230/230/230
f 235/235/235 239/239/239 230/230/230
f 239/239/239 238/238/238 234/234/234
f 240/240/240 235/235/235 236/236/236
f 241/241/241 240/240/240 236/236/236
f 241/241/241 236/236/236 237/237/237
f 240/240/240 242/242/242 235/235/235
f 242/242/242 239/239/239 235/235/235
f 243/243/243 241/241/241 237/237/237
f 243/243/243 237/237/237 238/238/238
f 242/242/242 244/244/244 239/239/239
f 244/244/244 243/243/243 238/238/238
f 244/244/244 238/238/238 239/239/239
f 247/247/247 246/246/246 245/245/245
f 248/248/248 247/247/247 245/245/245
f 248/248/248 245/245/245 249/249/249
f 249/249/249 245/245/245 250/250/250
f 245/245/245 251/251/251 250/250/250
f 252/252/252 248/248/248 249/249/249
f 252/252/252 249/249/249 253/253/253
f 253/253/253 249/249/249 254/254/254
f 249/249/249 250/250/250 254/254/254
f 255/255/255 252/252/252 253/253/253
f 256/256/256 252/252/252 255/255/255
f 257/257/257 256/256/256 255/255/255
f 258/258/258 248/248/248 252/252/252
f 256/256/256 258/258/258 252/252/252
f 258/258/258 259/259/259 248/248/248
f 259/259/259 260/260/260 248/248/248
f 261/261/261 258/258/258 256/256/256
f 262/262/262 256/256/256 257/257/257
f 262/262/262 261/261/261 256/256/256
f 263/263/263 259/259/259 258/258/258
f 261/261/261 263/263/263 258/258/258
f 259/259/259 264/264/264 260/260/260
f 263/263/263 265/265/265 259/259/259
f 265/265/265 264/264/264 259/259/259
f 264/264/264 266/266/266 260/260/260
f 264/264/264 257/257/257 266/266/266
f 260/260/260 266/266/266 267/267/267
f 268/268/268 257/257/257 264/264/264
f 265/265/265 268/268/268 264/264/264
f 268/268/268 262/262/262 257/257/257
f 257/257/257 269/269/269 266/266/266
f 266/266/266 269/269/269 270/270/270
f 266/266/266 270/270/270 267/267/267
f 269/269/269 271/271/271 270/270/270
f 270/270/270 271/271/271 272/272/272
f 271/271/271 254/254/254 272/272/272
f 267/267/267 270/270/270 273/273/273
f 270/270/270 272/272/272 273/273/273
f 267/267/267 273/273/273 251/251/251
f 274/274/274 267/267/267 251/251/251
f 275/275/275 268/268/268 265/265/265
f 276/276/276 262/262/262 268/268/268
f 275/275/275 276/276/276 268/268/268
f 277/277/277 275/275/275 265/265/265
f 277/277/277 265/265/265 263/263/263
f 276/276/276 278/278/278 262/262/262
f 278/278/278 261/261/261 262/262/262
f 279/279/279 263/263/263 261/261/261
f 279/279/279 277/277/277 263/263/263
f 278/278/278 279/279/279 261/261/261
f 273/273/273 272/272/272 280/280/280
f 251/251/251 273/273/273 281/281/281
f 273/273/273 280/280/280 281/281/281
f 272/272/272 282/282/282 280/280/280
f 272/272/272 254/254/254 282/282/282
f 251/251/251 281/281/281 283/283/283
f 250/250/250 251/251/251 283/283/283
f 254/254/254 250/250/250 284/284/284
f 254/254/254 284/284/284 282/282/282
f 250/250/250 283/283/283 284/284/284
f 285/285/285 277/277/277 279/279/279
f 286/286/286 279/279/279 278/278/278
f 286/286/286 285/285/285 279/279/279
f 285/285/285 287/287/287 277/277/277
f 287/287/287 275/275/275 277/277/277
f 288/288/288 286/286/286 278/278/278
f 288/288/288 278/278/278 276/276/276
f 289/289/289 276/276/276 275/275/275
f 287/287/287 289/289/289 275/275/275
f 289/289/289 288/288/288 276/276/276
f 282/282/282 284/284/284 290/290/290
f 284/284/284 283/283/283 291/291/291
f 284/284/284 291/291/291 290/290/290
f 282/282/282 290/290/290 292/292/292
f 280/280/280 282/282/282 292/292/292
f 283/283/283 293/293/293 291/291/291
f 283/283/283 281/281/281 293/293/293
f 281/281/281 280/280/280 294/294/294
f 280/280/280 292/292/292 294/294/294
f 281/281/281 294/294/294 293/293/293
f 295/295/295 289/289/289 287/287/287
f 296/296/296 288/288/288 289/289/289
f 295/295/295 296/296/296 289/289/289
f 297/297/297 295/295/295 287/287/287
f 297/297/297 287/287/287 285/285/285
f 296/296/296 298/298/298 288/288/288
f 298/298/298 286/286/286 288/288/288
f 299/299/299 285/285/285 286/286/286
f 299/299/299 297/297/297 285/285/285
f 298/298/298 299/299/299 286/286/286
f 294/294/294 292/292/292 300/300/300
f 293/293/293 294/294/294 301/301/301
f 294/294/294 300/300/300 301/301/301
f 292/292/292 302/302/302 300/300/300
f 292/292/292 290/290/290 302/302/302
f 293/293/293 301/301/301 303/303/303
f 291/291/291 293/293/293 303/303/303
f 290/290/290 291/291/291 304/304/304
f 290/290/290 304/304/304 302/302/302
f 291/291/291 303/303/303 304/304/304
f 305/305/305 297/297/297 299/299/299
f 306/306/306 299/299/299 298/298/298
f 306/306/306 305/305/305 299/299/299
f 305/305/305 307/307/307 297/297/297
f 307/307/307 295/295/295 297/297/297
f 308/308/308 306/306/306 298/298/298
f 308/308/308 298/298/298 296/296/296
f 309/309/309 296/296/296 295/295/295
f 307/307/307 309/309/309 295/295/295
f 309/309/309 308/308/308 296/296/296
f 302/302/302 304/304/304 310/310/310
f 304/304/304 303/303/303 311/311/311
f 304/304/304 311/311/311 310/310/310
f 302/302/302 310/310/310 312/312/312
f 300/300/300 302/302/302 312/312/312
f 303/303/303 313/313/313 311/311/311
f 303/303/303 301/301/301 313/313/313
f 301/301/301 300/300/300 314/314/314
f 300/300/300 312/312/312 314/314/314
f 301/301/301 314/314/314 313/313/313
f 315/315/315 309/309/309 307/307/307
f 316/316/316 308/308/308 309/309/309
f 315/315/315 316/316/316 309/309/309
f 317/317/317 315/315/315 307/307/307
f 317/317/317 307/307/307 305/305/305
f 316/316/316 318/318/318 308/308/308
f 318/318/318 306/306/306 308/308/308
f 319/319/319 305/305/305 306/306/306
f 319/319/319 317/317/317 305/305/305
f 318/318/318 319/319/319 306/306/306
f 314/314/314 312/312/312 320/320/320
f 313/313/313 314/314/314 321/321/321
f 314/314/314 320/320/320 321/321/321
f 312/312/312 322/322/322 320/320/320
f 312/312/312 310/310/310 322/322/322
f 313/313/313 321/321/321 323/323/323
f 311/311/311 313/313/313 323/323/323
f 310/310/310 311/311/311 324/324/324
f 310/310/310 324/324/324 322/322/322
f 311/311/311 323/323/323 324/324/324
f 325/325/325 317/317/317 319/319/319
f 326/326/326 319/319/319 318/318/318
f 326/326/326 325/325/325 319/319/319
f 325/325/325 327/327/327 317/317/317
f 327/327/327 315/315/315 317/317/317
f 328/328/328 326/326/326 318/318/318
f 328/328/328 318/318/318 316/316/316
f 329/329/329 316/316/316 315/315/315
f 327/327/327 329/329/329 315/315/315
f 329/329/329 328/328/328 316/316/316
f 322/322/322 324/324/324 330/330/330
f 324/324/324 323/323/323 331/331/331
f 324/324/324 331/331/331 330/330/330
f 322/322/322 330/330/330 332/332/332
f 320/320/320 322/322/322 332/332/332
f 323/323/323 333/333/333 331/331/331
f 323/323/323 321/321/321 333/333/333
f 321/321/321 320/320/320 334/334/334
f 320/320/320 332/332/332 334/334/334
f 321/321/321 334/334/334 333/333/333
f 335/335/335 329/329/329 327/327/327
f 336/336/336 328/328/328 329/329/329
f 335/335/335 336/336/336 329/329/329
f 337/337/337 335/335/335 327/327/327
f 337/337/337 327/327/327 325/325/325
f 336/336/336 338/338/338 328/328/328
f 338/338/338 326/326/326 328/328/328
f 339/339/339 325/325/325 326/326/326
f 339/339/339 337/337/337 325/325/325
f 338/338/338 339/339/339 326/326/326
f 334/334/334 332/332/332 340/340/340
f 333/333/333 334/334/334 341/341/341
f 334/334/334 340/340/340 341/341/341
f 332/332/332 342/342/342 340/340/340
f 332/332/332 330/330/330 342/342/342
f 333/333/333 341/341/341 343/343/343
f 331/331/331 333/333/333 343/343/343
f 330/330/330 331/331/331 344/344/344
f 330/330/330 344/344/344 342/342/342
f 331/331/331 343/343/343 344/344/344
f 345/345/345 337/337/337 339/339/339
f 346/346/346 339/339/339 338/338/338
f 346/346/346 345/345/345 339/339/339
f 345/345/345 347/347/347 337/337/337
f 347/347/347 335/335/335 337/337/337
f 348/348/348 346/346/346 338/338/338
f 348/348/348 338/338/338 336/336/336
f 349/349/349 336/336/336 335/335/335
f 347/347/347 349/349/349 335/335/335
f 349/349/349 348/348/348 336/336/336
f 342/342/342 344/344/344 350/350/350
f 344/344/344 343/343/343 351/351/351
f 344/344/344 351/351/351 350/350/350
f 342/342/342 350/350/350 352/352/352
f 340/340/340 342/342/342 352/352/352
f 343/343/343 353/353/353 351/351/351
f 343/343/343 341/341/341 353/353/353
f 341/341/341 340/340/340 354/354/354
f 340/340/340 352/352/352 354/354/354
f 341/341/341 354/354/354 353/353/353
f 355/355/355 349/349/349 347/347/347
f 356/356/356 348/348/348 349/349/349
f 355/355/355 356/356/356 349/349/349
f 357/357/357 355/355/355 347/347/347
f 357/357/357 347/347/347 345/345/345
f 356/356/356 358/358/358 348/348/348
f 358/358/358 346/346/346 348/348/348
f 359/359/359 345/345/345 346/346/346
f 359/359/359 357/357/357 345/345/345
f 358/358/358 359/359/359 346/346/346
f 354/354/354 352/352/352 360/360/360
f 353/353/353 354/354/354 361/361/361
f 354/354/354 360/360/360 361/361/361
f 352/352/352 362/362/362 360/360/360
f 352/352/352 350/350/350 362/362/362
f 353/353/353 361/361/361 363/363/363
f 351/351/351 353/353/353 363/363/363
f 350/350/350 351/351/351 364/364/364
f 350/350/350 364/364/364 362/362/362
f 351/351/351 363/363/363 364/364/364
f 365/365/365 357/357/357 359/359/359
f 366/366/366 359/359/359 358/358/358
f 366/366/366 365/365/365 359/359/359
f 365/365/365 367/367/367 357/357/357
f 367/367/367 355/355/355 357/357/357
f 368/368/368 366/366/366 358/358/358
f 368/368/368 358/358/358 356/356/356
f 369/369/369 356/356/356 355/355/355
f 367/367/367 369/369/369 355/355/355
f 369/369/369 368/368/368 356/356/356
f 362/362/362 364/364/364 370/370/370
f 364/364/364 363/363/363 371/371/371
f 364/364/364 371/371/371 370/370/370
f 362/362/362 370/370/370 372/372/372
f 360/360/360 362/362/362 372/372/372
f 363/363/363 373/373/373 371/371/371
f 363/363/363 361/361/361 373/373/373
f 361/361/361 360/360/360 374/374/374
f 360/360/360 372/372/372 374/374/374
f 361/361/361 374/374/374 373/373/373
f 375/375/375 369/369/369 367/367/367
f 376/376/376 368/368/368 369/369/369
f 375/375/375 376/376/376 369/369/369
f 377/377/377 375/375/375 367/367/367
f 377/377/377 367/367/367 365/365/365
f 376/376/376 378/378/378 368/368/368
f 378/378/378 366/366/366 368/368/368
f 379/379/379 365/365/365 366/366/366
f 379/379/379 377/377/377 365/365/365
f 378/378/378 379/379/379 366/366/366
f 374/374/374 372/372/372 380/380/380
f 373/373/373 374/374/374 381/381/381
f 374/374/374 380/380/380 381/381/381
f 372/372/372 382/382/382 380/380/380
f 372/372/372 370/370/370 382/382/382
f 373/373/373 381/381/381 383/383/383
f 371/371/371 373/373/373 383/383/383
f 370/370/370 371/371/371 384/384/384
f 370/370/370 384/384/384 382/382/382
f 371/371/371 383/383/383 384/384/384
f 385/385/385 377/377/377 379/379/379
f 386/386/386 379/379/379 378/378/378
f 386/386/386 385/385/385 379/379/379
f 385/385/385 387/387/387 377/377/377
f 387/387/387 375/375/375 377/377/377
f 388/388/388 386/386/386 378/378/378
f 388/388/388 378/378/378 376/376/376
f 389/389/389 376/376/376 375/375/375
f 387/387/387 389/389/389 375/375/375
f 389/389/389 388/388/388 376/376/376
f 382/382/382 384/384/384 390/390/390
f 384/384/384 383/383/383 391/391/391
f 384/384/384 391/391/391 390/390/390
f 382/382/382 390/390/390 392/392/392
f 380/380/380 382/382/382 392/392/392
f 383/383/383 393/393/393 391/391/391
f 383/383/383 381/381/381 393/393/393
f 381/381/381 380/380/380 394/394/394
f 380/380/380 392/392/392 394/394/394
f 381/381/381 394/394/394 393/393/393
f 395/395/395 389/389/389 387/387/387
f 396/396/396 388/388/388 389/389/389
f 395/395/395 396/396/396 389/389/389
f 397/397/397 395/395/395 387/387/387
f 397/397/397 387/387/387 385/385/385
f 396/396/396 398/398/398 388/388/388
f 398/398/398 386/386/386 388/388/388
f 399/399/399 385/385/385 386/386/386
f 399/399/399 397/397/397 385/385/385
f 398/398/398 399/399/399 386/386/386
f 394/394/394 392/392/392 400/400/400
f 393/393/393 394/394/394 401/401/401
f 394/394/394 400/400/400 401/401/401
f 392/392/392 402/402/402 400/400/400
f 392/392/392 390/390/390 402/402/402
f 393/393/393 401/401/401 403/403/403
f 391/391/391 393/393/393 403/403/403
f 390/390/390 391/391/391 404/404/404
f 390/390/390 404/404/404 402/402/402
f 391/391/391 403/403/403 404/404/404
f 405/405/405 397/397/397 399/399/399
f 406/406/406 399/399/399 398/398/398
f 406/406/406 405/405/405 399/399/399
f 405/405/405 407/407/407 397/397/397
f 407/407/407 395/395/395 397/397/397
f 408/408/408 406/406/406 398/398/398
f 408/408/408 398/398/398 396/396/396
f 409/409/409 396/396/396 395/395/395
f 407/407/407 409/409/409 395/395/395
f 409/409/409 408/408/408 396/396/396
f 402/402/402 404/404/404 410/410/410
f 404/404/404 403/403/403 411/411/411
f 404/404/404 411/411/411 410/410/410
f 402/402/402 410/410/410 412/412/412
f 400/400/400 402/402/402 412/412/412
f 403/403/403 413/413/413 411/411/411
f 403/403/403 401/401/401 413/413/413
f 401/401/401 400/400/400 414/414/414
f 400/400/400 412/412/412 414/414/414
f 401/401/401 414/414/414 413/413/413
f 415/415/415 409/409/409 407/407/407
f 416/416/416 408/408/408 409/409/409
f 415/415/415 416/416/416 409/409/409
f 417/417/417 415/415/415 407/407/407
f 417/417/417 407/407/407 405/405/405
f 416/416/416 418/418/418 408/408/408
f 418/418/418 406/406/406 408/408/408
f 419/419/419 405/405/405 406/406/406
f 419/419/419 417/417/417 405/405/405
f 418/418/418 419/419/419 406/406/406
f 414/414/414 412/412/412 420/420/420
f 413/413/413 414/414/414 421/421/421
f 414/414/414 420/420/420 421/421/421
f 412/412/412 422/422/422 420/420/420
f 412/412/412 410/410/410 422/422/422
f 413/413/413 421/421/421 423/423/423
f 411/411/411 413/413/413 423/423/423
f 410/410/410 411/411/411 424/424/424
f 410/410/410 424/424/424 422/422/422
f 411/411/411 423/423/423 424/424/424
f 425/425/425 417/417/417 419/419/419
f 426/426/426 419/419/419 418/418/418
f 426/426/426 425/425/425 419/419/419
f 425/425/425 427/427/427 417/417/417
f 427/427/427 415/415/415 417/417/417
f 428/428/428 426/426/426 418/418/418
f 428/428/428 418/418/418 416/416/416
f 429/429/429 416/416/416 415/415/415
f 427/427/427 429/429/429 415/415/415
f 429/429/429 428/428/428 416/416/416
f 422/422/422 424/424/424 430/430/430
f 424/424/424 423/423/423 431/431/431
f 424/424/424 431/431/431 430/430/430
f 422/422/422 430/430/430 432/432/432
f 420/420/420 422/422/422 432/432/432
f 430/430/430 431/431/431 433/433/433
f 431/431/431 434/434/434 433/433/433
f 423/423/423 435/435/435 431/431/431
f 431/431/431 435/435/435 434/434/434
f 423/423/423 421/421/421 435/435/435
f 421/421/421 420/420/420 436/436/436
f 421/421/421 436/436/436 435/435/435
f 420/420/420 432/432/432 436/436/436
f 435/435/435 437/437/437 434/434/434
f 435/435/435 436/436/436 437/437/437
f 434/434/434 437/437/437 438/438/438
f 432/432/432 430/430/430 439/439/439
f 430/430/430 440/440/440 439/439/439
f 436/436/436 432/432/432 441/441/441
f 436/436/436 441/441/441 437/437/437
f 432/432/432 439/439/439 441/441/441
f 437/437/437 441/441/441 442/442/442
f 437/437/437 442/442/442 438/438/438
f 441/441/441 439/439/439 443/443/443
f 441/441/441 443/443/443 442/442/442
f 439/439/439 440/440/440 444/444/444
f 439/439/439 444/444/444 443/443/443
f 440/440/440 445/445/445 444/444/444
f 440/440/440 446/446/446 445/445/445
f 446/446/446 447/447/447 445/445/445
f 444/444/444 445/445/445 448/448/448
f 445/445/445 449/449/449 448/448/448
f 443/443/443 444/444/444 450/450/450
f 444/444/444 448/448/448 450/450/450
f 442/442/442 443/443/443 451/451/451
f 443/443/443 450/450/450 451/451/451
f 438/438/438 442/442/442 452/452/452
f 442/442/442 451/451/451 452/452/452
f 438/438/438 452/452/452 453/453/453
f 454/454/454 438/438/438 453/453/453
f 452/452/452 451/451/451 455/455/455
f 451/451/451 450/450/450 456/456/456
f 451/451/451 456/456/456 455/455/455
f 450/450/450 448/448/448 457/457/457
f 450/450/450 457/457/457 456/456/456
f 448/448/448 449/449/449 458/458/458
f 448/448/448 458/458/458 457/457/457
f 449/449/449 459/459/459 458/458/458
f 449/449/449 460/460/460 459/459/459
f 460/460/460 461/461/461 459/459/459
f 458/458/458 459/459/459 462/462/462
f 459/459/459 463/463/463 462/462/462
f 457/457/457 458/458/458 464/464/464
f 458/458/458 462/462/462 464/464/464
f 464/464/464 462/462/462 465/465/465
f 462/462/462 463/463/463 466/466/466
f 462/462/462 466/466/466 465/465/465
f 465/465/465 466/466/466 467/467/467
f 463/463/463 468/468/468 466/466/466
f 466/466/466 469/469/469 467/467/467
f 466/466/466 468/468/468 469/469/469
f 467/467/467 469/469/469 470/470/470
f 469/469/469 471/471/471 470/470/470
f 468/468/468 472/472/472 469/469/469
f 469/469/469 472/472/472 471/471/471
f 468/468/468 473/473/473 472/472/472
f 472/472/472 474/474/474 471/471/471
f 473/473/473 475/475/475 472/472/472
f 472/472/472 475/475/475 474/474/474
f 473/473/473 476/476/476 475/475/475
f 475/475/475 477/477/477 474/474/474
f 476/476/476 478/478/478 475/475/475
f 475/475/475 478/478/478 477/477/477
f 476/476/476 479/479/479 478/478/478
f 478/478/478 480/480/480 477/477/477
f 481/481/481 470/470/470 480/480/480
f 479/479/479 481/481/481 478/478/478
f 478/478/478 481/481/481 480/480/480
f 483/483/483 455/455/455 482/482/482
f 455/455/455 484/484/484 482/482/482
f 482/482/482 484/484/484 485/485/485
f 455/455/455 456/456/456 484/484/484
f 484/484/484 486/486/486 485/485/485
f 456/456/456 487/487/487 484/484/484
f 484/484/484 487/487/487 486/486/486
f 456/456/456 457/457/457 487/487/487
f 487/487/487 488/488/488 486/486/486
f 457/457/457 489/489/489 487/487/487
f 487/487/487 489/489/489 488/488/488
f 489/489/489 490/490/490 488/488/488
f 493/493/493 492/492/492 491/491/491
f 492/492/492 494/494/494 491/491/491
f 492/492/492 495/495/495 494/494/494
f 495/495/495 496/496/496 494/494/494
f 495/495/495 497/497/497 496/496/496
f 497/497/497 498/498/498 496/496/496
f 497/497/497 499/499/499 498/498/498
f 499/499/499 500/500/500 498/498/498
f 499/499/499 501/501/501 500/500/500
f 501/501/501 502/502/502 500/500/500
f 505/505/505 504/504/504 503/503/503
f 504/504/504 506/506/506 503/503/503
f 504/504/504 507/507/507 506/506/506
f 507/507/507 508/508/508 506/506/506
f 507/507/507 509/509/509 508/508/508
f 509/509/509 510/510/510 508/508/508
f 509/509/509 511/511/511 510/510/510
f 511/511/511 512/512/512 510/510/510
f 511/511/511 513/513/513 512/512/512
f 513/513/513 514/514/514 512/512/512
f 517/517/517 516/516/516 515/515/515
f 516/516/516 518/518/518 515/515/515
f 516/516/516 519/519/519 518/518/518
f 519/519/519 520/520/520 518/518/518
f 519/519/519 521/521/521 520/520/520
f 521/521/521 522/522/522 520/520/520
f 521/521/521 523/523/523 522/522/522
f 523/523/523 524/524/524 522/522/522
f 523/523/523 525/525/525 524/524/524
f 525/525/525 526/526/526 524/524/524
f 529/529/529 528/528/528 527/527/527
f 528/528/528 530/530/530 527/527/527
f 528/528/528 531/531/531 530/530/530
f 527/527/527 530/530/530 532/532/532
f 531/531/531 533/533/533 530/530/530
f 531/531/531 534/534/534 533/533/533
f 530/530/530 535/535/535 532/532/532
f 530/530/530 533/533/533 535/535/535
f 534/534/534 536/536/536 533/533/533
f 534/534/534 537/537/537 536/536/536
f 533/533/533 538/538/538 535/535/535
f 533/533/533 536/536/536 538/538/538
f 537/537/537 539/539/539 536/536/536
f 537/537/537 540/540/540 539/539/539
f 540/540/540 541/541/541 539/539/539
f 536/536/536 539/539/539 542/542/542
f 536/536/536 542/542/542 538/538/538
f 539/539/539 541/541/541 543/543/543
f 541/541/541 532/532/532 543/543/543
f 539/539/539 543/543/543 542/542/542
f 532/532/532 535/535/535 544/544/544
f 535/535/535 538/538/538 545/545/545
f 535/535/535 545/545/545 544/544/544
f 538/538/538 542/542/542 546/546/546
f 538/538/538 546/546/546 545/545/545
f 543/543/543 532/532/532 547/547/547
f 532/532/532 544/544/544 547/547/547
f 542/542/542 543/543/543 548/548/548
f 542/542/542 548/548/548 546/546/546
f 543/543/543 547/547/547 548/548/548
f 544/544/544 545/545/545 549/549/549
f 545/545/545 546/546/546 550/550/550
f 545/545/545 550/550/550 549/549/549
f 546/546/546 548/548/548 551/551/551
f 546/546/546 551/551/551 550/550/550
f 547/547/547 544/544/544 552/552/552
f 544/544/544 549/549/549 552/552/552
f 548/548/548 547/547/547 553/553/553
f 548/548/548 553/553/553 551/551/551
f 547/547/547 552/552/552 553/553/553
f 549/549/549 550/550/550 554/554/554
f 550/550/550 551/551/551 555/555/555
f 550/550/550 555/555/555 554/554/554
f 551/551/551 553/553/553 556/556/556
f 551/551/551 556/556/556 555/555/555
f 552/552/552 549/549/549 557/557/557
f 549/549/549 554/554/554 557/557/557
f 553/553/553 552/552/552 558/558/558
f 553/553/553 558/558/558 556/556/556
f 552/552/552 557/557/557 558/558/558
f 554/554/554 555/555/555 559/559/559
f 555/555/555 560/560/560 559/559/559
f 555/555/555 556/556/556 560/560/560
f 559/559/559 560/560/560 561/561/561
f 556/556/556 558/558/558 562/562/562
f 556/556/556 563/563/563 560/560/560
f 560/560/560 564/564/564 561/561/561
f 560/560/560 563/563/563 564/564/564
f 563/563/563 565/565/565 564/564/564
f 561/561/561 564/564/564 566/566/566
f 558/558/558 567/567/567 562/562/562
f 558/558/558 557/557/557 567/567/567
f 562/562/562 567/567/567 568/568/568
f 557/557/557 554/554/554 569/569/569
f 557/557/557 569/569/569 567/567/567
f 554/554/554 570/570/570 569/569/569
f 567/567/567 571/571/571 568/568/568
f 567/567/567 569/569/569 571/571/571
f 568/568/568 571/571/571 572/572/572
f 569/569/569 570/570/570 573/573/573
f 569/569/569 573/573/573 571/571/571
f 570/570/570 574/574/574 573/573/573
f 571/571/571 573/573/573 575/575/575
f 571/571/571 575/575/575 572/572/572
f 573/573/573 574/574/574 576/576/576
f 573/573/573 576/576/576 575/575/575
f 574/574/574 566/566/566 576/576/576
f 575/575/575 576/576/576 577/577/577
f 572/572/572 575/575/575 578/578/578
f 575/575/575 577/577/577 578/578/578
f 576/576/576 566/566/566 579/579/579
f 576/576/576 579/579/579 577/577/577
f 572/572/572 578/578/578 580/580/580
f 581/581/581 572/572/572 580/580/580
f 582/582/582 572/572/572 581/581/581
f 564/564/564 582/582/582 581/581/581
f 564/564/564 581/581/581 566/566/566
f 566/566/566 581/581/581 583/583/583
f 566/566/566 583/583/583 579/579/579
f 581/581/581 580/580/580 583/583/583
f 577/577/577 579/579/579 584/584/584
f 578/578/578 577/577/577 585/585/585
f 577/577/577 584/584/584 585/585/585
f 579/579/579 583/583/583 586/586/586
f 579/579/579 586/586/586 584/584/584
f 583/583/583 580/580/580 587/587/587
f 583/583/583 587/587/587 586/586/586
f 580/580/580 578/578/578 588/588/588
f 578/578/578 585/585/585 588/588/588
f 580/580/580 588/588/588 587/587/587
f 584/584/584 586/586/586 589/589/589
f 585/585/585 584/584/584 590/590/590
f 584/584/584 589/589/589 590/590/590
f 586/586/586 587/587/587 591/591/591
f 586/586/586 591/591/591 589/589/589
f 587/587/587 588/588/588 592/592/592
f 587/587/587 592/592/592 591/591/591
f 588/588/588 585/585/585 593/593/593
f 585/585/585 590/590/590 593/593/593
f 588/588/588 593/593/593 592/592/592
f 589/589/589 591/591/591 594/594/594
f 590/590/590 589/589/589 595/595/595
f 589/589/589 594/594/594 595/595/595
f 591/591/591 592/592/592 596/596/596
f 591/591/591 596/596/596 594/594/594
f 592/592/592 593/593/593 597/597/597
f 592/592/592 597/597/597 596/596/596
f 593/593/593 590/590/590 598/598/598
f 590/590/590 595/595/595 598/598/598
f 593/593/593 598/598/598 597/597/597
f 594/594/594 596/596/596 599/599/599
f 595/595/595 594/594/594 600/600/600
f 594/594/594 599/599/599 600/600/600
f 596/596/596 597/597/597 601/601/601
f 596/596/596 601/601/601 599/599/599
f 597/597/597 598/598/598 602/602/602
f 597/597/597 602/602/602 601/601/601
f 598/598/598 595/595/595 603/603/603
f 595/595/595 600/600/600 603/603/603
f 598/598/598 603/603/603 602/602/602
f 599/599/599 601/601/601 604/604/604
f 600/600/600 599/599/599 605/605/605
f 599/599/599 604/604/604 605/605/605
f 601/601/601 602/602/602 606/606/606
f 601/601/601 606/606/606 604/604/604
f 602/602/602 603/603/603 607/607/607
f 602/602/602 607/607/607 606/606/606
f 603/603/603 600/600/600 608/608/608
f 600/600/600 605/605/605 608/608/608
f 603/603/603 608/608/608 607/607/607
f 604/604/604 606/606/606 609/609/609
f 605/605/605 604/604/604 610/610/610
f 604/604/604 609/609/609 610/610/610
f 606/606/606 607/607/607 611/611/611
f 606/606/606 611/611/611 609/609/609
f 607/607/607 608/608/608 612/612/612
f 607/607/607 612/612/612 611/611/611
f 608/608/608 605/605/605 613/613/613
f 605/605/605 610/610/610 613/613/613
f 608/608/608 613/613/613 612/612/612
f 609/609/609 611/611/611 614/614/614
f 610/610/610 609/609/609 615/615/615
f 609/609/609 614/614/614 615/615/615
f 611/611/611 612/612/612 616/616/616
f 611/611/611 616/616/616 614/614/614
f 612/612/612 613/613/613 617/617/617
f 612/612/612 617/617/617 616/616/616
f 613/613/613 610/610/610 618/618/618
f 610/610/610 615/615/615 618/618/618
f 613/613/613 618/618/618 617/617/617
f 617/617/617 618/618/618 619/619/619
f 618/618/618 620/620/620 619/619/619
f 618/618/618 615/615/615 620/620/620
f 619/619/619 620/620/620 621/621/621
f 615/615/615 614/614/614 622/622/622
f 615/615/615 622/622/622 620/620/620
f 620/620/620 623/623/623 621/621/621
f 620/620/620 622/622/622 623/623/623
f 621/621/621 623/623/623 624/624/624
f 616/616/616 617/617/617 625/625/625
f 617/617/617 626/626/626 625/625/625
f 614/614/614 616/616/616 627/627/627
f 614/614/614 627/627/627 622/622/622
f 616/616/616 625/625/625 627/627/627
f 622/622/622 628/628/628 623/623/623
f 622/622/622 627/627/627 628/628/628
f 625/625/625 626/626/626 629/629/629
f 626/626/626 630/630/630 629/629/629
f 627/627/627 625/625/625 631/631/631
f 627/627/627 631/631/631 628/628/628
f 625/625/625 629/629/629 631/631/631
f 623/623/623 628/628/628 632/632/632
f 623/623/623 632/632/632 624/624/624
f 629/629/629 630/630/630 633/633/633
f 630/630/630 624/624/624 633/633/633
f 631/631/631 629/629/629 634/634/634
f 629/629/629 633/633/633 634/634/634
f 628/628/628 631/631/631 635/635/635
f 628/628/628 635/635/635 632/632/632
f 631/631/631 634/634/634 635/635/635
f 624/624/624 632/632/632 636/636/636
f 633/633/633 624/624/624 637/637/637
f 624/624/624 636/636/636 637/637/637
f 632/632/632 635/635/635 638/638/638
f 632/632/632 638/638/638 636/636/636
f 634/634/634 633/633/633 639/639/639
f 633/633/633 637/637/637 639/639/639
f 635/635/635 634/634/634 640/640/640
f 635/635/635 640/640/640 638/638/638
f 634/634/634 639/639/639 640/640/640
f 636/636/636 638/638/638 641/641/641
f 637/637/637 636/636/636 642/642/642
f 636/636/636 641/641/641 642/642/642
f 637/637/637 642/642/642 643/643/643
f 639/639/639 637/637/637 643/643/643
f 643/643/643 642/642/642 644/644/644
f 640/640/640 639/639/639 645/645/645
f 639/639/639 643/643/643 645/645/645
f 638/638/638 640/640/640 646/646/646
f 638/638/638 646/646/646 641/641/641
f 640/640/640 645/645/645 646/646/646
f 647/647/647 643/643/643 644/644/644
f 645/645/645 643/643/643 647/647/647
f 647/647/647 644/644/644 648/648/648
f 646/646/646 645/645/645 649/649/649
f 649/649/649 645/645/645 647/647/647
f 641/641/641 646/646/646 650/650/650
f 650/650/650 646/646/646 649/649/649
f 651/651/651 647/647/647 648/648/648
f 649/649/649 647/647/647 651/651/651
f 651/651/651 648/648/648 652/652/652
f 648/648/648 653/653/653 652/652/652
f 652/652/652 653/653/653 654/654/654
f 653/653/653 655/655/655 654/654/654
f 656/656/656 649/649/649 651/651/651
f 650/650/650 649/649/649 656/656/656
f 654/654/654 655/655/655 657/657/657
f 655/655/655 658/658/658 657/657/657
f 657/657/657 658/658/658 659/659/659
f 658/658/658 660/660/660 659/659/659
f 661/661/661 641/641/641 650/650/650
f 661/661/661 650/650/650 662/662/662
f 662/662/662 650/650/650 656/656/656
f 663/663/663 661/661/661 662/662/662
f 663/663/663 662/662/662 664/664/664
f 662/662/662 656/656/656 665/665/665
f 662/662/662 665/665/665 664/664/664
f 656/656/656 666/666/666 665/665/665
f 664/664/664 665/665/665 667/667/667
f 665/665/665 666/666/666 668/668/668
f 665/665/665 668/668/668 667/667/667
f 666/666/666 669/669/669 668/668/668
f 668/668/668 669/669/669 670/670/670
f 669/669/669 671/671/671 670/670/670
f 670/670/670 671/671/671 672/672/672
f 671/671/671 673/673/673 672/672/672
f 672/672/672 673/673/673 674/674/674
f 673/673/673 675/675/675 674/674/674
f 673/673/673 676/676/676 675/675/675
f 674/674/674 675/675/675 677/677/677
f 676/676/676 678/678/678 675/675/675
f 675/675/675 679/679/679 677/677/677
f 675/675/675 678/678/678 679/679/679
f 677/677/677 679/679/679 680/680/680
f 678/678/678 681/681/681 679/679/679
f 679/679/679 682/682/682 680/680/680
f 680/680/680 682/682/682 683/683/683
f 679/679/679 684/684/684 682/682/682
f 684/684/684 685/685/685 682/682/682
f 682/682/682 686/686/686 683/683/683
f 682/682/682 685/685/685 686/686/686
f 685/685/685 687/687/687 686/686/686
f 686/686/686 687/687/687 688/688/688
f 687/687/687 689/689/689 688/688/688
f 688/688/688 689/689/689 690/690/690
f 691/691/691 688/688/688 690/690/690
f 691/691/691 690/690/690 692/692/692
f 690/690/690 689/689/689 693/693/693
f 689/689/689 694/694/694 693/693/693
f 690/690/690 695/695/695 692/692/692
f 692/692/692 695/695/695 696/696/696
f 695/695/695 697/697/697 696/696/696
f 696/696/696 697/697/697 698/698/698
f 697/697/697 699/699/699 698/698/698
f 698/698/698 699/699/699 700/700/700
f 699/699/699 701/701/701 700/700/700
f 699/699/699 702/702/702 701/701/701
f 702/702/702 703/703/703 701/701/701
f 701/701/701 703/703/703 704/704/704
f 703/703/703 705/705/705 704/704/704
f 707/707/707 700/700/700 706/706/706
f 700/700/700 708/708/708 706/706/706
f 708/708/708 704/704/704 709/709/709
f 704/704/704 710/710/710 709/709/709
f 709/709/709 710/710/710 711/711/711
f 712/712/712 709/709/709 711/711/711
f 704/704/704 714/714/714 713/713/713
f 714/714/714 715/715/715 713/713/713
f 717/717/717 700/700/700 716/716/716
f 718/718/718 717/717/717 716/716/716
f 719/719/719 717/717/717 718/718/718
f 720/720/720 719/719/719 718/718/718
f 721/721/721 719/719/719 720/720/720
f 722/722/722 721/721/721 720/720/720
f 723/723/723 721/721/721 722/722/722
f 724/724/724 723/723/723 722/722/722
f 724/724/724 725/725/725 723/723/723
f 725/725/725 726/726/726 723/723/723
f 686/686/686 727/727/727 725/725/725
f 728/728/728 686/686/686 725/725/725
f 731/731/731 730/730/730 729/729/729
f 730/730/730 732/732/732 729/729/729
f 729/729/729 732/732/732 733/733/733
f 732/732/732 734/734/734 733/733/733
f 733/733/733 734/734/734 735/735/735
f 734/734/734 657/657/657 735/735/735
f 738/738/738 737/737/737 736/736/736
f 739/739/739 738/738/738 736/736/736
f 742/742/742 741/741/741 740/740/740
f 743/743/743 742/742/742 740/740/740
f 744/744/744 742/742/742 743/743/743
f 745/745/745 744/744/744 743/743/743
f 746/746/746 744/744/744 745/745/745
f 747/747/747 746/746/746 745/745/745
f 748/748/748 746/746/746 747/747/747
f 749/749/749 748/748/748 747/747/747
f 750/750/750 748/748/748 749/749/749
f 751/751/751 750/750/750 749/749/749
f 751/751/751 752/752/752 750/750/750
f 752/752/752 753/753/753 750/750/750
f 752/752/752 754/754/754 753/753/753
f 754/754/754 641/641/641 753/753/753
f 743/743/743 740/740/740 755/755/755
f 756/756/756 743/743/743 755/755/755
f 755/755/755 740/740/740 681/681/681
f 740/740/740 757/757/757 681/681/681
f 681/681/681 757/757/757 758/758/758
f 757/757/757 759/759/759 758/758/758
f 761/761/761 760/760/760 759/759/759
f 762/762/762 761/761/761 759/759/759
f 763/763/763 761/761/761 762/762/762
f 764/764/764 763/763/763 762/762/762
f 759/759/759 760/760/760 765/765/765
f 760/760/760 766/766/766 765/765/765
f 765/765/765 766/766/766 694/694/694
f 766/766/766 767/767/767 694/694/694
f 694/694/694 769/769/769 768/768/768
f 770/770/770 694/694/694 768/768/768
f 770/770/770 768/768/768 771/771/771
f 768/768/768 772/772/772 771/771/771
f 770/770/770 771/771/771 773/773/773
f 774/774/774 770/770/770 773/773/773
f 773/773/773 771/771/771 775/775/775
f 771/771/771 772/772/772 776/776/776
f 771/771/771 776/776/776 775/775/775
f 775/775/775 776/776/776 777/777/777
f 772/772/772 778/778/778 776/776/776
f 776/776/776 779/779/779 777/777/777
f 776/776/776 778/778/778 779/779/779
f 778/778/778 780/780/780 779/779/779
f 779/779/779 780/780/780 781/781/781
f 780/780/780 782/782/782 781/781/781
f 781/781/781 782/782/782 783/783/783
f 782/782/782 784/784/784 783/783/783
f 787/787/787 786/786/786 785/785/785
f 788/788/788 787/787/787 785/785/785
f 789/789/789 787/787/787 788/788/788
f 790/790/790 789/789/789 788/788/788
f 791/791/791 789/789/789 790/790/790
f 792/792/792 791/791/791 790/790/790
f 793/793/793 791/791/791 792/792/792
f 794/794/794 793/793/793 792/792/792
f 795/795/795 793/793/793 794/794/794
f 796/796/796 795/795/795 794/794/794
f 797/797/797 795/795/795 796/796/796
f 667/667/667 797/797/797 796/796/796
f 800/800/800 799/799/799 798/798/798
f 799/799/799 801/801/801 798/798/798
f 798/798/798 801/801/801 802/802/802
f 801/801/801 803/803/803 802/802/802
f 806/806/806 805/805/805 804/804/804
f 805/805/805 807/807/807 804/804/804
f 804/804/804 807/807/807 808/808/808
f 809/809/809 804/804/804 808/808/808
f 809/809/809 808/808/808 810/810/810
f 808/808/808 811/811/811 810/810/810
f 810/810/810 811/811/811 812/812/812
f 811/811/811 813/813/813 812/812/812
f 812/812/812 813/813/813 814/814/814
f 813/813/813 815/815/815 814/814/814
f 814/814/814 815/815/815 816/816/816
f 815/815/815 817/817/817 816/816/816
f 820/820/820 819/819/819 818/818/818
f 819/819/819 821/821/821 818/818/818
f 818/818/818 821/821/821 822/822/822
f 821/821/821 823/823/823 822/822/822
f 821/821/821 708/708/708 823/823/823
f 708/708/708 824/824/824 823/823/823
f 823/823/823 824/824/824 825/825/825
f 822/822/822 823/823/823 826/826/826
f 826/826/826 823/823/823 825/825/825
f 827/827/827 822/822/822 826/826/826
f 827/827/827 826/826/826 828/828/828
f 826/826/826 829/829/829 828/828/828
f 826/826/826 825/825/825 829/829/829
f 828/828/828 829/829/829 830/830/830
f 825/825/825 831/831/831 829/829/829
f 825/825/825 832/832/832 831/831/831
f 832/832/832 833/833/833 831/831/831
f 829/829/829 831/831/831 834/834/834
f 829/829/829 834/834/834 830/830/830
f 831/831/831 835/835/835 834/834/834
f 834/834/834 835/835/835 836/836/836
f 830/830/830 834/834/834 837/837/837
f 837/837/837 834/834/834 836/836/836
f 838/838/838 830/830/830 837/837/837
f 837/837/837 836/836/836 839/839/839
f 836/836/836 840/840/840 839/839/839
f 843/843/843 842/842/842 841/841/841
f 844/844/844 843/843/843 841/841/841
f 847/847/847 846/846/846 845/845/845
f 846/846/846 848/848/848 845/845/845
f 845/845/845 848/848/848 849/849/849
f 850/850/850 845/845/845 849/849/849
f 850/850/850 849/849/849 851/851/851
f 849/849/849 852/852/852 851/851/851
f 851/851/851 852/852/852 853/853/853
f 852/852/852 854/854/854 853/853/853
f 853/853/853 854/854/854 855/855/855
f 856/856/856 853/853/853 855/855/855
f 856/856/856 855/855/855 857/857/857
f 855/855/855 858/858/858 857/857/857
f 851/851/851 853/853/853 859/859/859
f 860/860/860 851/851/851 859/859/859
f 850/850/850 851/851/851 860/860/860
f 861/861/861 850/850/850 860/860/860
f 860/860/860 859/859/859 862/862/862
f 863/863/863 860/860/860 862/862/862
f 862/862/862 859/859/859 864/864/864
f 865/865/865 862/862/862 864/864/864
f 866/866/866 715/715/715 850/850/850
f 867/867/867 866/866/866 850/850/850
f 865/865/865 869/869/869 868/868/868
f 869/869/869 870/870/870 868/868/868
f 872/872/872 871/871/871 870/870/870
f 873/873/873 872/872/872 870/870/870
f 873/873/873 874/874/874 872/872/872
f 874/874/874 875/875/875 872/872/872
f 870/870/870 877/877/877 876/876/876
f 878/878/878 870/870/870 876/876/876
f 876/876/876 877/877/877 879/879/879
f 877/877/877 880/880/880 879/879/879
f 879/879/879 880/880/880 881/881/881
f 880/880/880 882/882/882 881/881/881
f 881/881/881 882/882/882 883/883/883
f 882/882/882 884/884/884 883/883/883
f 886/886/886 879/879/879 885/885/885
f 879/879/879 887/887/887 885/885/885
f 887/887/887 883/883/883 888/888/888
f 885/885/885 887/887/887 888/888/888
f 890/890/890 888/888/888 889/889/889
f 891/891/891 890/890/890 889/889/889
f 892/892/892 890/890/890 891/891/891
f 893/893/893 892/892/892 891/891/891
f 894/894/894 892/892/892 893/893/893
f 895/895/895 894/894/894 893/893/893
f 894/894/894 896/896/896 892/892/892
f 896/896/896 897/897/897 892/892/892
f 878/878/878 896/896/896 894/894/894
f 898/898/898 878/878/878 894/894/894
f 898/898/898 894/894/894 895/895/895
f 899/899/899 898/898/898 895/895/895
f 900/900/900 898/898/898 899/899/899
f 901/901/901 900/900/900 899/899/899
f 904/904/904 903/903/903 902/902/902
f 903/903/903 905/905/905 902/902/902
f 902/902/902 905/905/905 906/906/906
f 905/905/905 907/907/907 906/906/906
f 906/906/906 907/907/907 908/908/908
f 907/907/907 909/909/909 908/908/908
f 908/908/908 909/909/909 910/910/910
f 909/909/909 911/911/911 910/910/910
f 913/913/913 910/910/910 912/912/912
f 910/910/910 914/914/914 912/912/912
f 912/912/912 914/914/914 915/915/915
f 910/910/910 916/916/916 914/914/914
f 916/916/916 917/917/917 914/914/914
f 914/914/914 918/918/918 915/915/915
f 917/917/917 919/919/919 918/918/918
f 920/920/920 917/917/917 918/918/918
f 918/918/918 922/922/922 921/921/921
f 923/923/923 918/918/918 921/921/921
f 921/921/921 922/922/922 924/924/924
f 923/923/923 921/921/921 925/925/925
f 922/922/922 926/926/926 924/924/924
f 927/927/927 923/923/923 925/925/925
f 924/924/924 926/926/926 928/928/928
f 929/929/929 923/923/923 927/927/927
f 930/930/930 929/929/929 927/927/927
f 931/931/931 929/929/929 930/930/930
f 932/932/932 931/931/931 930/930/930
f 926/926/926 933/933/933 928/928/928
f 928/928/928 933/933/933 934/934/934
f 933/933/933 935/935/935 934/934/934
f 933/933/933 937/937/937 936/936/936
f 937/937/937 938/938/938 936/936/936
f 940/940/940 934/934/934 939/939/939
f 941/941/941 940/940/940 939/939/939
f 942/942/942 940/940/940 941/941/941
f 943/943/943 942/942/942 941/941/941
f 944/944/944 942/942/942 943/943/943
f 945/945/945 944/944/944 943/943/943
f 945/945/945 943/943/943 946/946/946
f 947/947/947 945/945/945 946/946/946
f 948/948/948 945/945/945 947/947/947
f 949/949/949 948/948/948 947/947/947
f 950/950/950 948/948/948 949/949/949
f 951/951/951 950/950/950 949/949/949
f 951/951/951 949/949/949 952/952/952
f 953/953/953 950/950/950 951/951/951
f 954/954/954 951/951/951 952/952/952
f 955/955/955 953/953/953 951/951/951
f 955/955/955 951/951/951 954/954/954
f 956/956/956 955/955/955 954/954/954
f 946/946/946 958/958/958 957/957/957
f 958/958/958 959/959/959 957/957/957
f 957/957/957 959/959/959 960/960/960
f 959/959/959 961/961/961 960/960/960
f 964/964/964 963/963/963 962/962/962
f 963/963/963 965/965/965 962/962/962
f 962/962/962 965/965/965 966/966/966
f 965/965/965 967/967/967 966/966/966
f 966/966/966 967/967/967 968/968/968
f 967/967/967 969/969/969 968/968/968
f 968/968/968 969/969/969 970/970/970
f 969/969/969 971/971/971 970/970/970
f 974/974/974 973/973/973 972/972/972
f 973/973/973 975/975/975 972/972/972
f 972/972/972 975/975/975 976/976/976
f 975/975/975 977/977/977 976/976/976
f 976/976/976 977/977/977 978/978/978
f 977/977/977 979/979/979 978/978/978
f 982/982/982 981/981/981 980/980/980
f 981/981/981 983/983/983 980/980/980
f 980/980/980 983/983/983 984/984/984
f 983/983/983 985/985/985 984/984/984
f 984/984/984 985/985/985 986/986/986
f 985/985/985 987/987/987 986/986/986
f 990/990/990 989/989/989 988/988/988
f 989/989/989 991/991/991 988/988/988
f 988/988/988 991/991/991 992/992/992
f 991/991/991 993/993/993 992/992/992
f 991/991/991 994/994/994 993/993/993
f 994/994/994 995/995/995 993/993/993
f 992/992/992 993/993/993 996/996/996
f 993/993/993 997/997/997 996/996/996
f 992/992/992 999/999/999 998/998/998
f 1000/1000/1000 992/992/992 998/998/998
f 1001/1001/1001 992/992/992 1000/1000/1000
f 1002/1002/1002 1001/1001/1001 1000/1000/1000
f 993/993/993 1004/1004/1004 1003/1003/1003
f 994/994/994 934/934/934 1004/1004/1004
f 1004/1004/1004 1005/1005/1005 1003/1003/1003
f 934/934/934 1006/1006/1006 1004/1004/1004
f 1004/1004/1004 1006/1006/1006 1005/1005/1005
f 934/934/934 1007/1007/1007 1006/1006/1006
f 1007/1007/1007 1008/1008/1008 1006/1006/1006
f 1006/1006/1006 1008/1008/1008 1009/1009/1009
f 1006/1006/1006 1009/1009/1009 1005/1005/1005
f 1008/1008/1008 1010/1010/1010 1009/1009/1009
f 1009/1009/1009 1010/1010/1010 1011/1011/1011
f 1010/1010/1010 1012/1012/1012 1011/1011/1011
f 1010/1010/1010 1013/1013/1013 1012/1012/1012
f 1013/1013/1013 1014/1014/1014 1012/1012/1012
f 1012/1012/1012 1014/1014/1014 1015/1015/1015
f 1014/1014/1014 1016/1016/1016 1015/1015/1015
f 1005/1005/1005 1018/1018/1018 1017/1017/1017
f 1017/1017/1017 1019/1019/1019 1016/1016/1016
f 1020/1020/1020 1005/1005/1005 1017/1017/1017
f 1021/1021/1021 1017/1017/1017 1016/1016/1016
f 1020/1020/1020 1017/1017/1017 1021/1021/1021
f 1022/1022/1022 1020/1020/1020 1021/1021/1021
f 1017/1017/1017 1024/1024/1024 1023/1023/1023
f 1024/1024/1024 1025/1025/1025 1023/1023/1023
f 1015/1015/1015 1027/1027/1027 1026/1026/1026
f 1027/1027/1027 1028/1028/1028 1026/1026/1026
f 1026/1026/1026 1028/1028/1028 1029/1029/1029
f 1028/1028/1028 1030/1030/1030 1029/1029/1029
f 1026/1026/1026 1029/1029/1029 1031/1031/1031
f 1032/1032/1032 1026/1026/1026 1031/1031/1031
f 1033/1033/1033 1026/1026/1026 1032/1032/1032
f 1034/1034/1034 1033/1033/1033 1032/1032/1032
f 1035/1035/1035 1033/1033/1033 1034/1034/1034
f 1036/1036/1036 1035/1035/1035 1034/1034/1034
f 1029/1029/1029 1030/1030/1030 1037/1037/1037
f 1030/1030/1030 1038/1038/1038 1037/1037/1037
f 1037/1037/1037 1038/1038/1038 1039/1039/1039
f 1038/1038/1038 1040/1040/1040 1039/1039/1039
f 1037/1037/1037 1039/1039/1039 1041/1041/1041
f 1042/1042/1042 1037/1037/1037 1041/1041/1041
f 1039/1039/1039 1040/1040/1040 1043/1043/1043
f 1040/1040/1040 1044/1044/1044 1043/1043/1043
f 1043/1043/1043 1044/1044/1044 1045/1045/1045
f 1044/1044/1044 1046/1046/1046 1045/1045/1045
f 1048/1048/1048 1037/1037/1037 1047/1047/1047
f 1049/1049/1049 1048/1048/1048 1047/1047/1047
f 1051/1051/1051 1039/1039/1039 1050/1050/1050
f 1039/1039/1039 1052/1052/1052 1050/1050/1050
f 1050/1050/1050 1052/1052/1052 1053/1053/1053
f 1052/1052/1052 1054/1054/1054 1053/1053/1053
f 1057/1057/1057 1056/1056/1056 1055/1055/1055
f 1058/1058/1058 1057/1057/1057 1055/1055/1055
f 1061/1061/1061 1060/1060/1060 1059/1059/1059
f 1060/1060/1060 1062/1062/1062 1059/1059/1059
f 1059/1059/1059 1062/1062/1062 1063/1063/1063
f 1062/1062/1062 1064/1064/1064 1063/1063/1063
f 1059/1059/1059 1063/1063/1063 1065/1065/1065
f 1066/1066/1066 1059/1059/1059 1065/1065/1065
f 1063/1063/1063 1064/1064/1064 1067/1067/1067
f 1064/1064/1064 1068/1068/1068 1067/1067/1067
f 1065/1065/1065 1063/1063/1063 1069/1069/1069
f 1063/1063/1063 1067/1067/1067 1069/1069/1069
f 1065/1065/1065 1069/1069/1069 1070/1070/1070
f 1071/1071/1071 1065/1065/1065 1070/1070/1070
f 1070/1070/1070 1069/1069/1069 1072/1072/1072
f 1069/1069/1069 1067/1067/1067 1073/1073/1073
f 1069/1069/1069 1073/1073/1073 1072/1072/1072
f 1072/1072/1072 1073/1073/1073 1074/1074/1074
f 1067/1067/1067 1075/1075/1075 1073/1073/1073
f 1073/1073/1073 1076/1076/1076 1074/1074/1074
f 1074/1074/1074 1076/1076/1076 1077/1077/1077
f 1076/1076/1076 1078/1078/1078 1077/1077/1077
f 1077/1077/1077 1078/1078/1078 1079/1079/1079
f 1076/1076/1076 1080/1080/1080 1078/1078/1078
f 1078/1078/1078 1081/1081/1081 1079/1079/1079
f 1080/1080/1080 1082/1082/1082 1078/1078/1078
f 1078/1078/1078 1082/1082/1082 1081/1081/1081
f 1082/1082/1082 1083/1083/1083 1081/1081/1081
f 1075/1075/1075 1085/1085/1085 1084/1084/1084
f 1086/1086/1086 1075/1075/1075 1084/1084/1084
f 1075/1075/1075 1088/1088/1088 1087/1087/1087
f 1088/1088/1088 1089/1089/1089 1087/1087/1087
f 1092/1092/1092 1091/1091/1091 1090/1090/1090
f 1093/1093/1093 1092/1092/1092 1090/1090/1090
f 1096/1096/1096 1095/1095/1095 1094/1094/1094
f 1097/1097/1097 1096/1096/1096 1094/1094/1094
f 1100/1100/1100 1099/1099/1099 1098/1098/1098
f 1099/1099/1099 1101/1101/1101 1098/1098/1098
f 1098/1098/1098 1101/1101/1101 1102/1102/1102
f 1101/1101/1101 1103/1103/1103 1102/1102/1102
f 1103/1103/1103 1104/1104/1104 1102/1102/1102
f 1105/1105/1105 1104/1104/1104 1103/1103/1103
f 1108/1108/1108 1107/1107/1107 1106/1106/1106
f 1107/1107/1107 1108/1108/1108 1109/1109/1109
f 1110/1110/1110 1107/1107/1107 1109/1109/1109
f 1110/1110/1110 1109/1109/1109 1111/1111/1111
f 1109/1109/1109 1112/1112/1112 1111/1111/1111
f 1109/1109/1109 1113/1113/1113 1112/1112/1112
f 1110/1110/1110 1111/1111/1111 1114/1114/1114
f 1115/1115/1115 1110/1110/1110 1114/1114/1114
f 1113/1113/1113 1116/1116/1116 1112/1112/1112
f 1113/1113/1113 1117/1117/1117 1116/1116/1116
f 1117/1117/1117 1115/1115/1115 1118/1118/1118
f 1115/1115/1115 1114/1114/1114 1118/1118/1118
f 1117/1117/1117 1118/1118/1118 1116/1116/1116
f 1111/1111/1111 1112/1112/1112 1119/1119/1119
f 1114/1114/1114 1111/1111/1111 1120/1120/1120
f 1111/1111/1111 1119/1119/1119 1120/1120/1120
f 1112/1112/1112 1116/1116/1116 1121/1121/1121
f 1112/1112/1112 1121/1121/1121 1119/1119/1119
f 1118/1118/1118 1114/1114/1114 1122/1122/1122
f 1114/1114/1114 1120/1120/1120 1122/1122/1122
f 1116/1116/1116 1118/1118/1118 1123/1123/1123
f 1116/1116/1116 1123/1123/1123 1121/1121/1121
f 1118/1118/1118 1122/1122/1122 1123/1123/1123
f 1119/1119/1119 1121/1121/1121 1124/1124/1124
f 1120/1120/1120 1119/1119/1119 1125/1125/1125
f 1119/1119/1119 1124/1124/1124 1125/1125/1125
f 1121/1121/1121 1123/1123/1123 1126/1126/1126
f 1121/1121/1121 1126/1126/1126 1124/1124/1124
f 1122/1122/1122 1120/1120/1120 1127/1127/1127
f 1120/1120/1120 1125/1125/1125 1127/1127/1127
f 1123/1123/1123 1122/1122/1122 1128/1128/1128
f 1123/1123/1123 1128/1128/1128 1126/1126/1126
f 1122/1122/1122 1127/1127/1127 1128/1128/1128
f 1124/1124/1124 1126/1126/1126 1129/1129/1129
f 1125/1125/1125 1124/1124/1124 1130/1130/1130
f 1124/1124/1124 1129/1129/1129 1130/1130/1130
f 1126/1126/1126 1128/1128/1128 1131/1131/1131
f 1126/1126/1126 1131/1131/1131 1129/1129/1129
f 1127/1127/1127 1125/1125/1125 1132/1132/1132
f 1125/1125/1125 1130/1130/1130 1132/1132/1132
f 1128/1128/1128 1127/1127/1127 1133/1133/1133
f 1128/1128/1128 1133/1133/1133 1131/1131/1131
f 1127/1127/1127 1132/1132/1132 1133/1133/1133
f 1129/1129/1129 1131/1131/1131 1134/1134/1134
f 1130/1130/1130 1129/1129/1129 1135/1135/1135
f 1129/1129/1129 1134/1134/1134 1135/1135/1135
f 1131/1131/1131 1133/1133/1133 1136/1136/1136
f 1131/1131/1131 1136/1136/1136 1134/1134/1134
f 1132/1132/1132 1130/1130/1130 1137/1137/1137
f 1130/1130/1130 1135/1135/1135 1137/1137/1137
f 1133/1133/1133 1132/1132/1132 1138/1138/1138
f 1133/1133/1133 1138/1138/1138 1136/1136/1136
f 1132/1132/1132 1137/1137/1137 1138/1138/1138
f 1134/1134/1134 1136/1136/1136 1139/1139/1139
f 1135/1135/1135 1134/1134/1134 1140/1140/1140
f 1134/1134/1134 1139/1139/1139 1140/1140/1140
f 1136/1136/1136 1138/1138/1138 1141/1141/1141
f 1136/1136/1136 1141/1141/1141 1139/1139/1139
f 1137/1137/1137 1135/1135/1135 1142/1142/1142
f 1135/1135/1135 1140/1140/1140 1142/1142/1142
f 1138/1138/1138 1137/1137/1137 1143/1143/1143
f 1138/1138/1138 1143/1143/1143 1141/1141/1141
f 1137/1137/1137 1142/1142/1142 1143/1143/1143
f 1139/1139/1139 1141/1141/1141 1144/1144/1144
f 1140/1140/1140 1139/1139/1139 1145/1145/1145
f 1139/1139/1139 1144/1144/1144 1145/1145/1145
f 1141/1141/1141 1143/1143/1143 1146/1146/1146
f 1141/1141/1141 1146/1146/1146 1144/1144/1144
f 1142/1142/1142 1140/1140/1140 1147/1147/1147
f 1140/1140/1140 1145/1145/1145 1147/1147/1147
f 1143/1143/1143 1142/1142/1142 1148/1148/1148
f 1143/1143/1143 1148/1148/1148 1146/1146/1146
f 1142/1142/1142 1147/1147/1147 1148/1148/1148
f 1144/1144/1144 1146/1146/1146 1149/1149/1149
f 1145/1145/1145 1144/1144/1144 1150/1150/1150
f 1144/1144/1144 1149/1149/1149 1150/1150/1150
f 1146/1146/1146 1148/1148/1148 1151/1151/1151
f 1146/1146/1146 1151/1151/1151 1149/1149/1149
f 1147/1147/1147 1145/1145/1145 1152/1152/1152
f 1145/1145/1145 1150/1150/1150 1152/1152/1152
f 1148/1148/1148 1147/1147/1147 1153/1153/1153
f 1148/1148/1148 1153/1153/1153 1151/1151/1151
f 1147/1147/1147 1152/1152/1152 1153/1153/1153
f 1149/1149/1149 1151/1151/1151 1154/1154/1154
f 1150/1150/1150 1149/1149/1149 1155/1155/1155
f 1149/1149/1149 1154/1154/1154 1155/1155/1155
f 1151/1151/1151 1153/1153/1153 1156/1156/1156
f 1151/1151/1151 1156/1156/1156 1154/1154/1154
f 1152/1152/1152 1150/1150/1150 1157/1157/1157
f 1150/1150/1150 1155/1155/1155 1157/1157/1157
f 1153/1153/1153 1152/1152/1152 1158/1158/1158
f 1153/1153/1153 1158/1158/1158 1156/1156/1156
f 1152/1152/1152 1157/1157/1157 1158/1158/1158
f 1154/1154/1154 1156/1156/1156 1159/1159/1159
f 1155/1155/1155 1154/1154/1154 1160/1160/1160
f 1154/1154/1154 1159/1159/1159 1160/1160/1160
f 1156/1156/1156 1158/1158/1158 1161/1161/1161
f 1156/1156/1156 1161/1161/1161 1159/1159/1159
f 1157/1157/1157 1155/1155/1155 1162/1162/1162
f 1155/1155/1155 1160/1160/1160 1162/1162/1162
f 1158/1158/1158 1157/1157/1157 1163/1163/1163
f 1158/1158/1158 1163/1163/1163 1161/1161/1161
f 1157/1157/1157 1162/1162/1162 1163/1163/1163
f 1159/1159/1159 1161/1161/1161 1164/1164/1164
f 1160/1160/1160 1159/1159/1159 1165/1165/1165
f 1159/1159/1159 1164/1164/1164 1165/1165/1165
f 1161/1161/1161 1163/1163/1163 1166/1166/1166
f 1161/1161/1161 1166/1166/1166 1164/1164/1164
f 1162/1162/1162 1160/1160/1160 1167/1167/1167
f 1160/1160/1160 1165/1165/1165 1167/1167/1167
f 1163/1163/1163 1162/1162/1162 1168/1168/1168
f 1163/1163/1163 1168/1168/1168 1166/1166/1166
f 1162/1162/1162 1167/1167/1167 1168/1168/1168
f 1164/1164/1164 1166/1166/1166 1169/1169/1169
f 1165/1165/1165 1164/1164/1164 1170/1170/1170
f 1164/1164/1164 1169/1169/1169 1170/1170/1170
f 1166/1166/1166 1168/1168/1168 1171/1171/1171
f 1166/1166/1166 1171/1171/1171 1169/1169/1169
f 1167/1167/1167 1165/1165/1165 1172/1172/1172
f 1165/1165/1165 1170/1170/1170 1172/1172/1172
f 1168/1168/1168 1167/1167/1167 1173/1173/1173
f 1168/1168/1168 1173/1173/1173 1171/1171/1171
f 1167/1167/1167 1172/1172/1172 1173/1173/1173
f 1169/1169/1169 1171/1171/1171 1174/1174/1174
f 1170/1170/1170 1169/1169/1169 1175/1175/1175
f 1169/1169/1169 1174/1174/1174 1175/1175/1175
f 1171/1171/1171 1173/1173/1173 1176/1176/1176
f 1171/1171/1171 1176/1176/1176 1174/1174/1174
f 1172/1172/1172 1170/1170/1170 1177/1177/1177
f 1170/1170/1170 1175/1175/1175 1177/1177/1177
f 1173/1173/1173 1172/1172/1172 1178/1178/1178
f 1173/1173/1173 1178/1178/1178 1176/1176/1176
f 1172/1172/1172 1177/1177/1177 1178/1178/1178
f 1174/1174/1174 1176/1176/1176 1179/1179/1179
f 1175/1175/1175 1174/1174/1174 1180/1180/1180
f 1174/1174/1174 1179/1179/1179 1180/1180/1180
f 1176/1176/1176 1178/1178/1178 1181/1181/1181
f 1176/1176/1176 1181/1181/1181 1179/1179/1179
f 1177/1177/1177 1175/1175/1175 1182/1182/1182
f 1175/1175/1175 1180/1180/1180 1182/1182/1182
f 1178/1178/1178 1177/1177/1177 1183/1183/1183
f 1178/1178/1178 1183/1183/1183 1181/1181/1181
f 1177/1177/1177 1182/1182/1182 1183/1183/1183
f 1179/1179/1179 1181/1181/1181 1184/1184/1184
f 1180/1180/1180 1179/1179/1179 1185/1185/1185
f 1179/1179/1179 1184/1184/1184 1185/1185/1185
f 1181/1181/1181 1183/1183/1183 1186/1186/1186
f 1181/1181/1181 1186/1186/1186 1184/1184/1184
f 1182/1182/1182 1180/1180/1180 1187/1187/1187
f 1180/1180/1180 1185/1185/1185 1187/1187/1187
f 1183/1183/1183 1182/1182/1182 1188/1188/1188
f 1183/1183/1183 1188/1188/1188 1186/1186/1186
f 1182/1182/1182 1187/1187/1187 1188/1188/1188
f 1184/1184/1184 1186/1186/1186 1189/1189/1189
f 1185/1185/1185 1184/1184/1184 1190/1190/1190
f 1184/1184/1184 1189/1189/1189 1190/1190/1190
f 1186/1186/1186 1188/1188/1188 1191/1191/1191
f 1186/1186/1186 1191/1191/1191 1189/1189/1189
f 1187/1187/1187 1185/1185/1185 1192/1192/1192
f 1185/1185/1185 1190/1190/1190 1192/1192/1192
f 1188/1188/1188 1187/1187/1187 1193/1193/1193
f 1188/1188/1188 1193/1193/1193 1191/1191/1191
f 1187/1187/1187 1192/1192/1192 1193/1193/1193
f 1189/1189/1189 1191/1191/1191 1194/1194/1194
f 1190/1190/1190 1189/1189/1189 1195/1195/1195
f 1189/1189/1189 1194/1194/1194 1195/1195/1195
f 1191/1191/1191 1193/1193/1193 1196/1196/1196
f 1191/1191/1191 1196/1196/1196 1194/1194/1194
f 1192/1192/1192 1190/1190/1190 1197/1197/1197
f 1190/1190/1190 1195/1195/1195 1197/1197/1197
f 1193/1193/1193 1192/1192/1192 1198/1198/1198
f 1193/1193/1193 1198/1198/1198 1196/1196/1196
f 1192/1192/1192 1197/1197/1197 1198/1198/1198
f 1194/1194/1194 1196/1196/1196 1199/1199/1199
f 1195/1195/1195 1194/1194/1194 1200/1200/1200
f 1194/1194/1194 1199/1199/1199 1200/1200/1200
f 1196/1196/1196 1198/1198/1198 1201/1201/1201
f 1196/1196/1196 1201/1201/1201 1199/1199/1199
f 1197/1197/1197 1195/1195/1195 1202/1202/1202
f 1195/1195/1195 1200/1200/1200 1202/1202/1202
f 1198/1198/1198 1197/1197/1197 1203/1203/1203
f 1198/1198/1198 1203/1203/1203 1201/1201/1201
f 1197/1197/1197 1202/1202/1202 1203/1203/1203
f 1199/1199/1199 1201/1201/1201 1204/1204/1204
f 1200/1200/1200 1199/1199/1199 1205/1205/1205
f 1199/1199/1199 1204/1204/1204 1205/1205/1205
f 1201/1201/1201 1203/1203/1203 1206/1206/1206
f 1201/1201/1201 1206/1206/1206 1204/1204/1204
f 1202/1202/1202 1200/1200/1200 1207/1207/1207
f 1200/1200/1200 1205/1205/1205 1207/1207/1207
f 1203/1203/1203 1202/1202/1202 1208/1208/1208
f 1203/1203/1203 1208/1208/1208 1206/1206/1206
f 1202/1202/1202 1207/1207/1207 1208/1208/1208
f 1204/1204/1204 1206/1206/1206 1209/1209/1209
f 1205/1205/1205 1204/1204/1204 1210/1210/1210
f 1204/1204/1204 1209/1209/1209 1210/1210/1210
f 1206/1206/1206 1208/1208/1208 1211/1211/1211
f 1206/1206/1206 1211/1211/1211 1209/1209/1209
f 1207/1207/1207 1205/1205/1205 1212/1212/1212
f 1205/1205/1205 1210/1210/1210 1212/1212/1212
f 1208/1208/1208 1207/1207/1207 1213/1213/1213
f 1208/1208/1208 1213/1213/1213 1211/1211/1211
f 1207/1207/1207 1212/1212/1212 1213/1213/1213
f 1209/1209/1209 1211/1211/1211 1214/1214/1214
f 1210/1210/1210 1209/1209/1209 1215/1215/1215
f 1209/1209/1209 1214/1214/1214 1215/1215/1215
f 1211/1211/1211 1213/1213/1213 1216/1216/1216
f 1211/1211/1211 1216/1216/1216 1214/1214/1214
f 1212/1212/1212 1210/1210/1210 1217/1217/1217
f 1210/1210/1210 1215/1215/1215 1217/1217/1217
f 1213/1213/1213 1212/1212/1212 1218/1218/1218
f 1213/1213/1213 1218/1218/1218 1216/1216/1216
f 1212/1212/1212 1217/1217/1217 1218/1218/1218
f 1214/1214/1214 1216/1216/1216 1219/1219/1219
f 1215/1215/1215 1214/1214/1214 1220/1220/1220
f 1214/1214/1214 1219/1219/1219 1220/1220/1220
f 1216/1216/1216 1218/1218/1218 1221/1221/1221
f 1216/1216/1216 1221/1221/1221 1219/1219/1219
f 1217/1217/1217 1215/1215/1215 1222/1222/1222
f 1215/1215/1215 1220/1220/1220 1222/1222/1222
f 1218/1218/1218 1217/1217/1217 1223/1223/1223
f 1218/1218/1218 1223/1223/1223 1221/1221/1221
f 1217/1217/1217 1222/1222/1222 1223/1223/1223
f 1219/1219/1219 1221/1221/1221 1224/1224/1224
f 1220/1220/1220 1219/1219/1219 1225/1225/1225
f 1219/1219/1219 1224/1224/1224 1225/1225/1225
f 1221/1221/1221 1223/1223/1223 1226/1226/1226
f 1221/1221/1221 1226/1226/1226 1224/1224/1224
f 1222/1222/1222 1220/1220/1220 1227/1227/1227
f 1220/1220/1220 1225/1225/1225 1227/1227/1227
f 1223/1223/1223 1222/1222/1222 1228/1228/1228
f 1223/1223/1223 1228/1228/1228 1226/1226/1226
f 1222/1222/1222 1227/1227/1227 1228/1228/1228
f 1224/1224/1224 1226/1226/1226 1229/1229/1229
f 1225/1225/1225 1224/1224/1224 1230/1230/1230
f 1224/1224/1224 1229/1229/1229 1230/1230/1230
f 1226/1226/1226 1228/1228/1228 1231/1231/1231
f 1226/1226/1226 1231/1231/1231 1229/1229/1229
f 1227/1227/1227 1225/1225/1225 1232/1232/1232
f 1225/1225/1225 1230/1230/1230 1232/1232/1232
f 1228/1228/1228 1227/1227/1227 1233/1233/1233
f 1228/1228/1228 1233/1233/1233 1231/1231/1231
f 1227/1227/1227 1232/1232/1232 1233/1233/1233
f 1229/1229/1229 1231/1231/1231 1234/1234/1234
f 1230/1230/1230 1229/1229/1229 1235/1235/1235
f 1229/1229/1229 1234/1234/1234 1235/1235/1235
f 1231/1231/1231 1233/1233/1233 1236/1236/1236
f 1231/1231/1231 1236/1236/1236 1234/1234/1234
f 1232/1232/1232 1230/1230/1230 1237/1237/1237
f 1230/1230/1230 1235/1235/1235 1237/1237/1237
f 1233/1233/1233 1232/1232/1232 1238/1238/1238
f 1233/1233/1233 1238/1238/1238 1236/1236/1236
f 1232/1232/1232 1237/1237/1237 1238/1238/1238
f 1234/1234/1234 1236/1236/1236 1239/1239/1239
f 1235/1235/1235 1234/1234/1234 1240/1240/1240
f 1234/1234/1234 1239/1239/1239 1240/1240/1240
f 1236/1236/1236 1238/1238/1238 1241/1241/1241
f 1236/1236/1236 1241/1241/1241 1239/1239/1239
f 1237/1237/1237 1235/1235/1235 1242/1242/1242
f 1235/1235/1235 1240/1240/1240 1242/1242/1242
f 1238/1238/1238 1237/1237/1237 1243/1243/1243
f 1238/1238/1238 1243/1243/1243 1241/1241/1241
f 1237/1237/1237 1242/1242/1242 1243/1243/1243
f 1239/1239/1239 1241/1241/1241 1244/1244/1244
f 1240/1240/1240 1239/1239/1239 1245/1245/1245
f 1239/1239/1239 1244/1244/1244 1245/1245/1245
f 1241/1241/1241 1243/1243/1243 1246/1246/1246
f 1241/1241/1241 1246/1246/1246 1244/1244/1244
f 1242/1242/1242 1240/1240/1240 1247/1247/1247
f 1240/1240/1240 1245/1245/1245 1247/1247/1247
f 1243/1243/1243 1242/1242/1242 1248/1248/1248
f 1243/1243/1243 1248/1248/1248 1246/1246/1246
f 1242/1242/1242 1247/1247/1247 1248/1248/1248
f 1244/1244/1244 1246/1246/1246 1249/1249/1249
f 1245/1245/1245 1244/1244/1244 1250/1250/1250
f 1244/1244/1244 1249/1249/1249 1250/1250/1250
f 1246/1246/1246 1248/1248/1248 1251/1251/1251
f 1246/1246/1246 1251/1251/1251 1249/1249/1249
f 1247/1247/1247 1245/1245/1245 1252/1252/1252
f 1245/1245/1245 1250/1250/1250 1252/1252/1252
f 1248/1248/1248 1247/1247/1247 1253/1253/1253
f 1248/1248/1248 1253/1253/1253 1251/1251/1251
f 1247/1247/1247 1252/1252/1252 1253/1253/1253
f 1249/1249/1249 1251/1251/1251 1254/1254/1254
f 1250/1250/1250 1249/1249/1249 1255/1255/1255
f 1249/1249/1249 1254/1254/1254 1255/1255/1255
f 1251/1251/1251 1253/1253/1253 1256/1256/1256
f 1251/1251/1251 1256/1256/1256 1254/1254/1254
f 1252/1252/1252 1250/1250/1250 1257/1257/1257
f 1250/1250/1250 1255/1255/1255 1257/1257/1257
f 1253/1253/1253 1252/1252/1252 1258/1258/1258
f 1253/1253/1253 1258/1258/1258 1256/1256/1256
f 1252/1252/1252 1257/1257/1257 1258/1258/1258
f 1254/1254/1254 1256/1256/1256 1259/1259/1259
f 1255/1255/1255 1254/1254/1254 1260/1260/1260
f 1254/1254/1254 1259/1259/1259 1260/1260/1260
f 1256/1256/1256 1258/1258/1258 1261/1261/1261
f 1256/1256/1256 1261/1261/1261 1259/1259/1259
f 1257/1257/1257 1255/1255/1255 1262/1262/1262
f 1255/1255/1255 1260/1260/1260 1262/1262/1262
f 1258/1258/1258 1257/1257/1257 1263/1263/1263
f 1258/1258/1258 1263/1263/1263 1261/1261/1261
f 1257/1257/1257 1262/1262/1262 1263/1263/1263
f 1259/1259/1259 1261/1261/1261 1264/1264/1264
f 1260/1260/1260 1259/1259/1259 1265/1265/1265
f 1259/1259/1259 1264/1264/1264 1265/1265/1265
f 1261/1261/1261 1263/1263/1263 1266/1266/1266
f 1261/1261/1261 1266/1266/1266 1264/1264/1264
f 1262/1262/1262 1260/1260/1260 1267/1267/1267
f 1260/1260/1260 1265/1265/1265 1267/1267/1267
f 1263/1263/1263 1262/1262/1262 1268/1268/1268
f 1263/1263/1263 1268/1268/1268 1266/1266/1266
f 1262/1262/1262 1267/1267/1267 1268/1268/1268
f 1264/1264/1264 1266/1266/1266 1269/1269/1269
f 1265/1265/1265 1264/1264/1264 1270/1270/1270
f 1264/1264/1264 1269/1269/1269 1270/1270/1270
f 1266/1266/1266 1268/1268/1268 1271/1271/1271
f 1266/1266/1266 1271/1271/1271 1269/1269/1269
f 1267/1267/1267 1265/1265/1265 1272/1272/1272
f 1265/1265/1265 1270/1270/1270 1272/1272/1272
f 1268/1268/1268 1267/1267/1267 1273/1273/1273
f 1268/1268/1268 1273/1273/1273 1271/1271/1271
f 1267/1267/1267 1272/1272/1272 1273/1273/1273
f 1269/1269/1269 1271/1271/1271 1274/1274/1274
f 1270/1270/1270 1269/1269/1269 1275/1275/1275
f 1269/1269/1269 1274/1274/1274 1275/1275/1275
f 1271/1271/1271 1273/1273/1273 1276/1276/1276
f 1271/1271/1271 1276/1276/1276 1274/1274/1274
f 1272/1272/1272 1270/1270/1270 1277/1277/1277
f 1270/1270/1270 1275/1275/1275 1277/1277/1277
f 1273/1273/1273 1272/1272/1272 1278/1278/1278
f 1273/1273/1273 1278/1278/1278 1276/1276/1276
f 1272/1272/1272 1277/1277/1277 1278/1278/1278
f 1274/1274/1274 1276/1276/1276 1279/1279/1279
f 1275/1275/1275 1274/1274/1274 1280/1280/1280
f 1274/1274/1274 1279/1279/1279 1280/1280/1280
f 1276/1276/1276 1278/1278/1278 1281/1281/1281
f 1276/1276/1276 1281/1281/1281 1279/1279/1279
f 1277/1277/1277 1275/1275/1275 1282/1282/1282
f 1275/1275/1275 1280/1280/1280 1282/1282/1282
f 1278/1278/1278 1277/1277/1277 1283/1283/1283
f 1278/1278/1278 1283/1283/1283 1281/1281/1281
f 1277/1277/1277 1282/1282/1282 1283/1283/1283
f 1279/1279/1279 1281/1281/1281 1284/1284/1284
f 1280/1280/1280 1279/1279/1279 1285/1285/1285
f 1279/1279/1279 1284/1284/1284 1285/1285/1285
f 1281/1281/1281 1283/1283/1283 1286/1286/1286
f 1281/1281/1281 1286/1286/1286 1284/1284/1284
f 1282/1282/1282 1280/1280/1280 1287/1287/1287
f 1280/1280/1280 1285/1285/1285 1287/1287/1287
f 1283/1283/1283 1282/1282/1282 1288/1288/1288
f 1283/1283/1283 1288/1288/1288 1286/1286/1286
f 1282/1282/1282 1287/1287/1287 1288/1288/1288
f 1284/1284/1284 1286/1286/1286 1289/1289/1289
f 1285/1285/1285 1284/1284/1284 1290/1290/1290
f 1284/1284/1284 1289/1289/1289 1290/1290/1290
f 1286/1286/1286 1288/1288/1288 1291/1291/1291
f 1286/1286/1286 1291/1291/1291 1289/1289/1289
f 1287/1287/1287 1285/1285/1285 1292/1292/1292
f 1285/1285/1285 1290/1290/1290 1292/1292/1292
f 1288/1288/1288 1287/1287/1287 1293/1293/1293
f 1288/1288/1288 1293/1293/1293 1291/1291/1291
f 1287/1287/1287 1292/1292/1292 1293/1293/1293
f 1289/1289/1289 1291/1291/1291 1294/1294/1294
f 1290/1290/1290 1289/1289/1289 1295/1295/1295
f 1289/1289/1289 1294/1294/1294 1295/1295/1295
f 1291/1291/1291 1293/1293/1293 1296/1296/1296
f 1291/1291/1291 1296/1296/1296 1294/1294/1294
f 1292/1292/1292 1290/1290/1290 1297/1297/1297
f 1290/1290/1290 1295/1295/1295 1297/1297/1297
f 1293/1293/1293 1292/1292/1292 1298/1298/1298
f 1293/1293/1293 1298/1298/1298 1296/1296/1296
f 1292/1292/1292 1297/1297/1297 1298/1298/1298
f 1294/1294/1294 1296/1296/1296 1299/1299/1299
f 1295/1295/1295 1294/1294/1294 1300/1300/1300
f 1294/1294/1294 1299/1299/1299 1300/1300/1300
f 1296/1296/1296 1298/1298/1298 1301/1301/1301
f 1296/1296/1296 1301/1301/1301 1299/1299/1299
f 1297/1297/1297 1295/1295/1295 1302/1302/1302
f 1295/1295/1295 1300/1300/1300 1302/1302/1302
f 1298/1298/1298 1297/1297/1297 1303/1303/1303
f 1298/1298/1298 1303/1303/1303 1301/1301/1301
f 1297/1297/1297 1302/1302/1302 1303/1303/1303
f 1299/1299/1299 1301/1301/1301 1304/1304/1304
f 1300/1300/1300 1299/1299/1299 1305/1305/1305
f 1299/1299/1299 1304/1304/1304 1305/1305/1305
f 1301/1301/1301 1303/1303/1303 1306/1306/1306
f 1301/1301/1301 1306/1306/1306 1304/1304/1304
f 1302/1302/1302 1300/1300/1300 1307/1307/1307
f 1300/1300/1300 1305/1305/1305 1307/1307/1307
f 1303/1303/1303 1302/1302/1302 1308/1308/1308
f 1303/1303/1303 1308/1308/1308 1306/1306/1306
f 1302/1302/1302 1307/1307/1307 1308/1308/1308
f 1304/1304/1304 1306/1306/1306 1309/1309/1309
f 1305/1305/1305 1304/1304/1304 1310/1310/1310
f 1304/1304/1304 1309/1309/1309 1310/1310/1310
f 1306/1306/1306 1308/1308/1308 1311/1311/1311
f 1306/1306/1306 1311/1311/1311 1309/1309/1309
f 1307/1307/1307 1305/1305/1305 1312/1312/1312
f 1305/1305/1305 1310/1310/1310 1312/1312/1312
f 1308/1308/1308 1307/1307/1307 1313/1313/1313
f 1308/1308/1308 1313/1313/1313 1311/1311/1311
f 1307/1307/1307 1312/1312/1312 1313/1313/1313
f 1309/1309/1309 1311/1311/1311 1314/1314/1314
f 1310/1310/1310 1309/1309/1309 1315/1315/1315
f 1309/1309/1309 1314/1314/1314 1315/1315/1315
f 1311/1311/1311 1313/1313/1313 1316/1316/1316
f 1311/1311/1311 1316/1316/1316 1314/1314/1314
f 1312/1312/1312 1310/1310/1310 1317/1317/1317
f 1310/1310/1310 1315/1315/1315 1317/1317/1317
f 1313/1313/1313 1312/1312/1312 1318/1318/1318
f 1313/1313/1313 1318/1318/1318 1316/1316/1316
f 1312/1312/1312 1317/1317/1317 1318/1318/1318
f 1314/1314/1314 1316/1316/1316 1319/1319/1319
f 1315/1315/1315 1314/1314/1314 1320/1320/1320
f 1314/1314/1314 1319/1319/1319 1320/1320/1320
f 1316/1316/1316 1318/1318/1318 1321/1321/1321
f 1316/1316/1316 1321/1321/1321 1319/1319/1319
f 1317/1317/1317 1315/1315/1315 1322/1322/1322
f 1315/1315/1315 1320/1320/1320 1322/1322/1322
f 1318/1318/1318 1317/1317/1317 1323/1323/1323
f 1318/1318/1318 1323/1323/1323 1321/1321/1321
f 1317/1317/1317 1322/1322/1322 1323/1323/1323
f 1319/1319/1319 1321/1321/1321 1324/1324/1324
f 1320/1320/1320 1319/1319/1319 1325/1325/1325
f 1319/1319/1319 1324/1324/1324 1325/1325/1325
f 1321/1321/1321 1323/1323/1323 1326/1326/1326
f 1321/1321/1321 1326/1326/1326 1324/1324/1324
f 1322/1322/1322 1320/1320/1320 1327/1327/1327
f 1320/1320/1320 1325/1325/1325 1327/1327/1327
f 1323/1323/1323 1322/1322/1322 1328/1328/1328
f 1323/1323/1323 1328/1328/1328 1326/1326/1326
f 1322/1322/1322 1327/1327/1327 1328/1328/1328
f 1324/1324/1324 1326/1326/1326 1329/1329/1329
f 1325/1325/1325 1324/1324/1324 1330/1330/1330
f 1324/1324/1324 1329/1329/1329 1330/1330/1330
f 1326/1326/1326 1328/1328/1328 1331/1331/1331
f 1326/1326/1326 1331/1331/1331 1329/1329/1329
f 1327/1327/1327 1325/1325/1325 1332/1332/1332
f 1325/1325/1325 1330/1330/1330 1332/1332/1332
f 1328/1328/1328 1327/1327/1327 1333/1333/1333
f 1328/1328/1328 1333/1333/1333 1331/1331/1331
f 1327/1327/1327 1332/1332/1332 1333/1333/1333
f 1329/1329/1329 1331/1331/1331 1334/1334/1334
f 1330/1330/1330 1329/1329/1329 1335/1335/1335
f 1329/1329/1329 1334/1334/1334 1335/1335/1335
f 1331/1331/1331 1333/1333/1333 1336/1336/1336
f 1331/1331/1331 1336/1336/1336 1334/1334/1334
f 1332/1332/1332 1330/1330/1330 1337/1337/1337
f 1330/1330/1330 1335/1335/1335 1337/1337/1337
f 1333/1333/1333 1332/1332/1332 1338/1338/1338
f 1333/1333/1333 1338/1338/1338 1336/1336/1336
f 1332/1332/1332 1337/1337/1337 1338/1338/1338
f 1334/1334/1334 1336/1336/1336 1339/1339/1339
f 1335/1335/1335 1334/1334/1334 1340/1340/1340
f 1334/1334/1334 1339/1339/1339 1340/1340/1340
f 1336/1336/1336 1338/1338/1338 1341/1341/1341
f 1336/1336/1336 1341/1341/1341 1339/1339/1339
f 1337/1337/1337 1335/1335/1335 1342/1342/1342
f 1335/1335/1335 1340/1340/1340 1342/1342/1342
f 1338/1338/1338 1337/1337/1337 1343/1343/1343
f 1338/1338/1338 1343/1343/1343 1341/1341/1341
f 1337/1337/1337 1342/1342/1342 1343/1343/1343
f 1339/1339/1339 1341/1341/1341 1344/1344/1344
f 1340/1340/1340 1339/1339/1339 1345/1345/1345
f 1339/1339/1339 1344/1344/1344 1345/1345/1345
f 1341/1341/1341 1343/1343/1343 1346/1346/1346
f 1341/1341/1341 1346/1346/1346 1344/1344/1344
f 1342/1342/1342 1340/1340/1340 1347/1347/1347
f 1340/1340/1340 1345/1345/1345 1347/1347/1347
f 1343/1343/1343 1342/1342/1342 1348/1348/1348
f 1343/1343/1343 1348/1348/1348 1346/1346/1346
f 1342/1342/1342 1347/1347/1347 1348/1348/1348
f 1344/1344/1344 1346/1346/1346 1349/1349/1349
f 1345/1345/1345 1344/1344/1344 1350/1350/1350
f 1344/1344/1344 1349/1349/1349 1350/1350/1350
f 1346/1346/1346 1348/1348/1348 1351/1351/1351
f 1346/1346/1346 1351/1351/1351 1349/1349/1349
f 1347/1347/1347 1345/1345/1345 1352/1352/1352
f 1345/1345/1345 1350/1350/1350 1352/1352/1352
f 1348/1348/1348 1347/1347/1347 1353/1353/1353
f 1348/1348/1348 1353/1353/1353 1351/1351/1351
f 1347/1347/1347 1352/1352/1352 1353/1353/1353
f 1349/1349/1349 1351/1351/1351 1354/1354/1354
f 1350/1350/1350 1349/1349/1349 1355/1355/1355
f 1349/1349/1349 1354/1354/1354 1355/1355/1355
f 1351/1351/1351 1353/1353/1353 1356/1356/1356
f 1351/1351/1351 1356/1356/1356 1354/1354/1354
f 1352/1352/1352 1350/1350/1350 1357/1357/1357
f 1350/1350/1350 1355/1355/1355 1357/1357/1357
f 1353/1353/1353 1352/1352/1352 1358/1358/1358
f 1353/1353/1353 1358/1358/1358 1356/1356/1356
f 1352/1352/1352 1357/1357/1357 1358/1358/1358
f 1354/1354/1354 1356/1356/1356 1359/1359/1359
f 1355/1355/1355 1354/1354/1354 1360/1360/1360
f 1354/1354/1354 1359/1359/1359 1360/1360/1360
f 1356/1356/1356 1358/1358/1358 1361/1361/1361
f 1356/1356/1356 1361/1361/1361 1359/1359/1359
f 1357/1357/1357 1355/1355/1355 1362/1362/1362
f 1355/1355/1355 1360/1360/1360 1362/1362/1362
f 1358/1358/1358 1357/1357/1357 1363/1363/1363
f 1358/1358/1358 1363/1363/1363 1361/1361/1361
f 1357/1357/1357 1362/1362/1362 1363/1363/1363
f 1359/1359/1359 1361/1361/1361 1364/1364/1364
f 1360/1360/1360 1359/1359/1359 1365/1365/1365
f 1359/1359/1359 1364/1364/1364 1365/1365/1365
f 1361/1361/1361 1363/1363/1363 1366/1366/1366
f 1361/1361/1361 1366/1366/1366 1364/1364/1364
f 1362/1362/1362 1360/1360/1360 1367/1367/1367
f 1360/1360/1360 1365/1365/1365 1367/1367/1367
f 1363/1363/1363 1362/1362/1362 1368/1368/1368
f 1363/1363/1363 1368/1368/1368 1366/1366/1366
f 1362/1362/1362 1367/1367/1367 1368/1368/1368
f 1364/1364/1364 1366/1366/1366 1369/1369/1369
f 1365/1365/1365 1364/1364/1364 1370/1370/1370
f 1364/1364/1364 1369/1369/1369 1370/1370/1370
f 1366/1366/1366 1368/1368/1368 1371/1371/1371
f 1366/1366/1366 1371/1371/1371 1369/1369/1369
f 1367/1367/1367 1365/1365/1365 1372/1372/1372
f 1365/1365/1365 1370/1370/1370 1372/1372/1372
f 1368/1368/1368 1367/1367/1367 1373/1373/1373
f 1368/1368/1368 1373/1373/1373 1371/1371/1371
f 1367/1367/1367 1372/1372/1372 1373/1373/1373
f 1369/1369/1369 1371/1371/1371 1374/1374/1374
f 1370/1370/1370 1369/1369/1369 1375/1375/1375
f 1369/1369/1369 1374/1374/1374 1375/1375/1375
f 1371/1371/1371 1373/1373/1373 1376/1376/1376
f 1371/1371/1371 1376/1376/1376 1374/1374/1374
f 1372/1372/1372 1370/1370/1370 1377/1377/1377
f 1370/1370/1370 1375/1375/1375 1377/1377/1377
f 1373/1373/1373 1372/1372/1372 1378/1378/1378
f 1373/1373/1373 1378/1378/1378 1376/1376/1376
f 1372/1372/1372 1377/1377/1377 1378/1378/1378
f 1374/1374/1374 1376/1376/1376 1379/1379/1379
f 1375/1375/1375 1374/1374/1374 1380/1380/1380
f 1374/1374/1374 1379/1379/1379 1380/1380/1380
f 1376/1376/1376 1378/1378/1378 1381/1381/1381
f 1376/1376/1376 1381/1381/1381 1379/1379/1379
f 1377/1377/1377 1375/1375/1375 1382/1382/1382
f 1375/1375/1375 1380/1380/1380 1382/1382/1382
f 1378/1378/1378 1377/1377/1377 1383/1383/1383
f 1378/1378/1378 1383/1383/1383 1381/1381/1381
f 1377/1377/1377 1382/1382/1382 1383/1383/1383
f 1379/1379/1379 1381/1381/1381 1384/1384/1384
f 1380/1380/1380 1379/1379/1379 1385/1385/1385
f 1379/1379/1379 1384/1384/1384 1385/1385/1385
f 1381/1381/1381 1383/1383/1383 1386/1386/1386
f 1381/1381/1381 1386/1386/1386 1384/1384/1384
f 1382/1382/1382 1380/1380/1380 1387/1387/1387
f 1380/1380/1380 1385/1385/1385 1387/1387/1387
f 1383/1383/1383 1382/1382/1382 1388/1388/1388
f 1383/1383/1383 1388/1388/1388 1386/1386/1386
f 1382/1382/1382 1387/1387/1387 1388/1388/1388
f 1384/1384/1384 1386/1386/1386 1389/1389/1389
f 1385/1385/1385 1384/1384/1384 1390/1390/1390
f 1384/1384/1384 1389/1389/1389 1390/1390/1390
f 1386/1386/1386 1388/1388/1388 1391/1391/1391
f 1386/1386/1386 1391/1391/1391 1389/1389/1389
f 1387/1387/1387 1385/1385/1385 1392/1392/1392
f 1385/1385/1385 1390/1390/1390 1392/1392/1392
f 1388/1388/1388 1387/1387/1387 1393/1393/1393
f 1388/1388/1388 1393/1393/1393 1391/1391/1391
f 1387/1387/1387 1392/1392/1392 1393/1393/1393
f 1389/1389/1389 1391/1391/1391 1394/1394/1394
f 1390/1390/1390 1389/1389/1389 1395/1395/1395
f 1389/1389/1389 1394/1394/1394 1395/1395/1395
f 1391/1391/1391 1393/1393/1393 1396/1396/1396
f 1391/1391/1391 1396/1396/1396 1394/1394/1394
f 1392/1392/1392 1390/1390/1390 1397/1397/1397
f 1390/1390/1390 1395/1395/1395 1397/1397/1397
f 1393/1393/1393 1392/1392/1392 1398/1398/1398
f 1393/1393/1393 1398/1398/1398 1396/1396/1396
f 1392/1392/1392 1397/1397/1397 1398/1398/1398
f 1394/1394/1394 1396/1396/1396 1399/1399/1399
f 1395/1395/1395 1394/1394/1394 1400/1400/1400
f 1394/1394/1394 1399/1399/1399 1400/1400/1400
f 1396/1396/1396 1398/1398/1398 1401/1401/1401
f 1396/1396/1396 1401/1401/1401 1399/1399/1399
f 1397/1397/1397 1395/1395/1395 1402/1402/1402
f 1395/1395/1395 1400/1400/1400 1402/1402/1402
f 1398/1398/1398 1397/1397/1397 1403/1403/1403
f 1398/1398/1398 1403/1403/1403 1401/1401/1401
f 1397/1397/1397 1402/1402/1402 1403/1403/1403
f 1399/1399/1399 1401/1401/1401 1404/1404/1404
f 1400/1400/1400 1399/1399/1399 1405/1405/1405
f 1399/1399/1399 1404/1404/1404 1405/1405/1405
f 1401/1401/1401 1403/1403/1403 1406/1406/1406
f 1401/1401/1401 1406/1406/1406 1404/1404/1404
f 1402/1402/1402 1400/1400/1400 1407/1407/1407
f 1400/1400/1400 1405/1405/1405 1407/1407/1407
f 1403/1403/1403 1402/1402/1402 1408/1408/1408
f 1403/1403/1403 1408/1408/1408 1406/1406/1406
f 1402/1402/1402 1407/1407/1407 1408/1408/1408
f 1404/1404/1404 1406/1406/1406 1409/1409/1409
f 1405/1405/1405 1404/1404/1404 1410/1410/1410
f 1404/1404/1404 1409/1409/1409 1410/1410/1410
f 1406/1406/1406 1408/1408/1408 1411/1411/1411
f 1406/1406/1406 1411/1411/1411 1409/1409/1409
f 1407/1407/1407 1405/1405/1405 1412/1412/1412
f 1405/1405/1405 1410/1410/1410 1412/1412/1412
f 1408/1408/1408 1407/1407/1407 1413/1413/1413
f 1408/1408/1408 1413/1413/1413 1411/1411/1411
f 1407/1407/1407 1412/1412/1412 1413/1413/1413
f 1409/1409/1409 1411/1411/1411 1414/1414/1414
f 1410/1410/1410 1409/1409/1409 1415/1415/1415
f 1409/1409/1409 1414/1414/1414 1415/1415/1415
f 1411/1411/1411 1413/1413/1413 1416/1416/1416
f 1411/1411/1411 1416/1416/1416 1414/1414/1414
f 1412/1412/1412 1410/1410/1410 1417/1417/1417
f 1410/1410/1410 1415/1415/1415 1417/1417/1417
f 1413/1413/1413 1412/1412/1412 1418/1418/1418
f 1413/1413/1413 1418/1418/1418 1416/1416/1416
f 1412/1412/1412 1417/1417/1417 1418/1418/1418
f 1414/1414/1414 1416/1416/1416 1419/1419/1419
f 1415/1415/1415 1414/1414/1414 1420/1420/1420
f 1414/1414/1414 1419/1419/1419 1420/1420/1420
f 1416/1416/1416 1418/1418/1418 1421/1421/1421
f 1416/1416/1416 1421/1421/1421 1419/1419/1419
f 1417/1417/1417 1415/1415/1415 1422/1422/1422
f 1415/1415/1415 1420/1420/1420 1422/1422/1422
f 1418/1418/1418 1417/1417/1417 1423/1423/1423
f 1418/1418/1418 1423/1423/1423 1421/1421/1421
f 1417/1417/1417 1422/1422/1422 1423/1423/1423
f 1419/1419/1419 1421/1421/1421 1424/1424/1424
f 1420/1420/1420 1419/1419/1419 1425/1425/1425
f 1419/1419/1419 1424/1424/1424 1425/1425/1425
f 1421/1421/1421 1423/1423/1423 1426/1426/1426
f 1421/1421/1421 1426/1426/1426 1424/1424/1424
f 1422/1422/1422 1420/1420/1420 1427/1427/1427
f 1420/1420/1420 1425/1425/1425 1427/1427/1427
f 1423/1423/1423 1422/1422/1422 1428/1428/1428
f 1423/1423/1423 1428/1428/1428 1426/1426/1426
f 1422/1422/1422 1427/1427/1427 1428/1428/1428
f 1424/1424/1424 1426/1426/1426 1429/1429/1429
f 1425/1425/1425 1424/1424/1424 1430/1430/1430
f 1424/1424/1424 1429/1429/1429 1430/1430/1430
f 1426/1426/1426 1428/1428/1428 1431/1431/1431
f 1426/1426/1426 1431/1431/1431 1429/1429/1429
f 1427/1427/1427 1425/1425/1425 1432/1432/1432
f 1425/1425/1425 1430/1430/1430 1432/1432/1432
f 1428/1428/1428 1427/1427/1427 1433/1433/1433
f 1428/1428/1428 1433/1433/1433 1431/1431/1431
f 1427/1427/1427 1432/1432/1432 1433/1433/1433
f 1429/1429/1429 1431/1431/1431 1434/1434/1434
f 1430/1430/1430 1429/1429/1429 1435/1435/1435
f 1429/1429/1429 1434/1434/1434 1435/1435/1435
f 1431/1431/1431 1433/1433/1433 1436/1436/1436
f 1431/1431/1431 1436/1436/1436 1434/1434/1434
f 1432/1432/1432 1430/1430/1430 1437/1437/1437
f 1430/1430/1430 1435/1435/1435 1437/1437/1437
f 1433/1433/1433 1432/1432/1432 1438/1438/1438
f 1433/1433/1433 1438/1438/1438 1436/1436/1436
f 1432/1432/1432 1437/1437/1437 1438/1438/1438
f 1434/1434/1434 1436/1436/1436 1439/1439/1439
f 1435/1435/1435 1434/1434/1434 1440/1440/1440
f 1434/1434/1434 1439/1439/1439 1440/1440/1440
f 1436/1436/1436 1438/1438/1438 1441/1441/1441
f 1436/1436/1436 1441/1441/1441 1439/1439/1439
f 1437/1437/1437 1435/1435/1435 1442/1442/1442
f 1435/1435/1435 1440/1440/1440 1442/1442/1442
f 1438/1438/1438 1437/1437/1437 1443/1443/1443
f 1438/1438/1438 1443/1443/1443 1441/1441/1441
f 1437/1437/1437 1442/1442/1442 1443/1443/1443
f 1439/1439/1439 1441/1441/1441 1444/1444/1444
f 1440/1440/1440 1439/1439/1439 1445/1445/1445
f 1439/1439/1439 1444/1444/1444 1445/1445/1445
f 1441/1441/1441 1443/1443/1443 1446/1446/1446
f 1441/1441/1441 1446/1446/1446 1444/1444/1444
f 1442/1442/1442 1440/1440/1440 1447/1447/1447
f 1440/1440/1440 1445/1445/1445 1447/1447/1447
f 1443/1443/1443 1442/1442/1442 1448/1448/1448
f 1443/1443/1443 1448/1448/1448 1446/1446/1446
f 1442/1442/1442 1447/1447/1447 1448/1448/1448
f 1444/1444/1444 1446/1446/1446 1449/1449/1449
f 1445/1445/1445 1444/1444/1444 1450/1450/1450
f 1444/1444/1444 1449/1449/1449 1450/1450/1450
f 1446/1446/1446 1448/1448/1448 1451/1451/1451
f 1446/1446/1446 1451/1451/1451 1449/1449/1449
f 1447/1447/1447 1445/1445/1445 1452/1452/1452
f 1445/1445/1445 1450/1450/1450 1452/1452/1452
f 1448/1448/1448 1447/1447/1447 1453/1453/1453
f 1448/1448/1448 1453/1453/1453 1451/1451/1451
f 1447/1447/1447 1452/1452/1452 1453/1453/1453
f 1449/1449/1449 1451/1451/1451 1454/1454/1454
f 1450/1450/1450 1449/1449/1449 1455/1455/1455
f 1449/1449/1449 1454/1454/1454 1455/1455/1455
f 1451/1451/1451 1453/1453/1453 1456/1456/1456
f 1451/1451/1451 1456/1456/1456 1454/1454/1454
f 1452/1452/1452 1450/1450/1450 1457/1457/1457
f 1450/1450/1450 1455/1455/1455 1457/1457/1457
f 1453/1453/1453 1452/1452/1452 1458/1458/1458
f 1453/1453/1453 1458/1458/1458 1456/1456/1456
f 1452/1452/1452 1457/1457/1457 1458/1458/1458
f 1454/1454/1454 1456/1456/1456 1459/1459/1459
f 1455/1455/1455 1454/1454/1454 1460/1460/1460
f 1454/1454/1454 1459/1459/1459 1460/1460/1460
f 1456/1456/1456 1458/1458/1458 1461/1461/1461
f 1456/1456/1456 1461/1461/1461 1459/1459/1459
f 1457/1457/1457 1455/1455/1455 1462/1462/1462
f 1455/1455/1455 1460/1460/1460 1462/1462/1462
f 1458/1458/1458 1457/1457/1457 1463/1463/1463
f 1458/1458/1458 1463/1463/1463 1461/1461/1461
f 1457/1457/1457 1462/1462/1462 1463/1463/1463
f 1459/1459/1459 1461/1461/1461 1464/1464/1464
f 1460/1460/1460 1459/1459/1459 1465/1465/1465
f 1459/1459/1459 1464/1464/1464 1465/1465/1465
f 1461/1461/1461 1463/1463/1463 1466/1466/1466
f 1461/1461/1461 1466/1466/1466 1464/1464/1464
f 1462/1462/1462 1460/1460/1460 1467/1467/1467
f 1460/1460/1460 1465/1465/1465 1467/1467/1467
f 1463/1463/1463 1462/1462/1462 1468/1468/1468
f 1463/1463/1463 1468/1468/1468 1466/1466/1466
f 1462/1462/1462 1467/1467/1467 1468/1468/1468
f 1464/1464/1464 1466/1466/1466 1469/1469/1469
f 1465/1465/1465 1464/1464/1464 1470/1470/1470
f 1464/1464/1464 1469/1469/1469 1470/1470/1470
f 1466/1466/1466 1468/1468/1468 1471/1471/1471
f 1466/1466/1466 1471/1471/1471 1469/1469/1469
f 1467/1467/1467 1465/1465/1465 1472/1472/1472
f 1465/1465/1465 1470/1470/1470 1472/1472/1472
f 1468/1468/1468 1467/1467/1467 1473/1473/1473
f 1468/1468/1468 1473/1473/1473 1471/1471/1471
f 1467/1467/1467 1472/1472/1472 1473/1473/1473
f 1469/1469/1469 1471/1471/1471 1474/1474/1474
f 1470/1470/1470 1469/1469/1469 1475/1475/1475
f 1469/1469/1469 1474/1474/1474 1475/1475/1475
f 1471/1471/1471 1473/1473/1473 1476/1476/1476
f 1471/1471/1471 1476/1476/1476 1474/1474/1474
f 1472/1472/1472 1470/1470/1470 1477/1477/1477
f 1470/1470/1470 1475/1475/1475 1477/1477/1477
f 1473/1473/1473 1472/1472/1472 1478/1478/1478
f 1473/1473/1473 1478/1478/1478 1476/1476/1476
f 1472/1472/1472 1477/1477/1477 1478/1478/1478
f 1474/1474/1474 1476/1476/1476 1479/1479/1479
f 1475/1475/1475 1474/1474/1474 1480/1480/1480
f 1474/1474/1474 1479/1479/1479 1480/1480/1480
f 1476/1476/1476 1478/1478/1478 1481/1481/1481
f 1476/1476/1476 1481/1481/1481 1479/1479/1479
f 1477/1477/1477 1475/1475/1475 1482/1482/1482
f 1475/1475/1475 1480/1480/1480 1482/1482/1482
f 1478/1478/1478 1477/1477/1477 1483/1483/1483
f 1478/1478/1478 1483/1483/1483 1481/1481/1481
f 1477/1477/1477 1482/1482/1482 1483/1483/1483
f 1479/1479/1479 1481/1481/1481 1484/1484/1484
f 1480/1480/1480 1479/1479/1479 1485/1485/1485
f 1479/1479/1479 1484/1484/1484 1485/1485/1485
f 1481/1481/1481 1483/1483/1483 1486/1486/1486
f 1481/1481/1481 1486/1486/1486 1484/1484/1484
f 1482/1482/1482 1480/1480/1480 1487/1487/1487
f 1480/1480/1480 1485/1485/1485 1487/1487/1487
f 1483/1483/1483 1482/1482/1482 1488/1488/1488
f 1483/1483/1483 1488/1488/1488 1486/1486/1486
f 1482/1482/1482 1487/1487/1487 1488/1488/1488
f 1484/1484/1484 1486/1486/1486 1489/1489/1489
f 1485/1485/1485 1484/1484/1484 1490/1490/1490
f 1484/1484/1484 1489/1489/1489 1490/1490/1490
f 1486/1486/1486 1488/1488/1488 1491/1491/1491
f 1486/1486/1486 1491/1491/1491 1489/1489/1489
f 1487/1487/1487 1485/1485/1485 1492/1492/1492
f 1485/1485/1485 1490/1490/1490 1492/1492/1492
f 1488/1488/1488 1487/1487/1487 1493/1493/1493
f 1488/1488/1488 1493/1493/1493 1491/1491/1491
f 1487/1487/1487 1492/1492/1492 1493/1493/1493
f 1489/1489/1489 1491/1491/1491 1494/1494/1494
f 1490/1490/1490 1489/1489/1489 1495/1495/1495
f 1489/1489/1489 1494/1494/1494 1495/1495/1495
f 1491/1491/1491 1493/1493/1493 1496/1496/1496
f 1491/1491/1491 1496/1496/1496 1494/1494/1494
f 1492/1492/1492 1490/1490/1490 1497/1497/1497
f 1490/1490/1490 1495/1495/1495 1497/1497/1497
f 1493/1493/1493 1492/1492/1492 1498/1498/1498
f 1493/1493/1493 1498/1498/1498 1496/1496/1496
f 1492/1492/1492 1497/1497/1497 1498/1498/1498
f 1494/1494/1494 1496/1496/1496 1499/1499/1499
f 1495/1495/1495 1494/1494/1494 1500/1500/1500
f 1494/1494/1494 1499/1499/1499 1500/1500/1500
f 1496/1496/1496 1498/1498/1498 1501/1501/1501
f 1496/1496/1496 1501/1501/1501 1499/1499/1499
f 1497/1497/1497 1495/1495/1495 1502/1502/1502
f 1495/1495/1495 1500/1500/1500 1502/1502/1502
f 1498/1498/1498 1497/1497/1497 1503/1503/1503
f 1498/1498/1498 1503/1503/1503 1501/1501/1501
f 1497/1497/1497 1502/1502/1502 1503/1503/1503
f 1499/1499/1499 1501/1501/1501 1504/1504/1504
f 1500/1500/1500 1499/1499/1499 1505/1505/1505
f 1499/1499/1499 1504/1504/1504 1505/1505/1505
f 1501/1501/1501 1503/1503/1503 1506/1506/1506
f 1501/1501/1501 1506/1506/1506 1504/1504/1504
f 1502/1502/1502 1500/1500/1500 1507/1507/1507
f 1500/1500/1500 1505/1505/1505 1507/1507/1507
f 1503/1503/1503 1502/1502/1502 1508/1508/1508
f 1503/1503/1503 1508/1508/1508 1506/1506/1506
f 1502/1502/1502 1507/1507/1507 1508/1508/1508
f 1504/1504/1504 1506/1506/1506 1509/1509/1509
f 1505/1505/1505 1504/1504/1504 1510/1510/1510
f 1504/1504/1504 1509/1509/1509 1510/1510/1510
f 1506/1506/1506 1508/1508/1508 1511/1511/1511
f 1506/1506/1506 1511/1511/1511 1509/1509/1509
f 1507/1507/1507 1505/1505/1505 1512/1512/1512
f 1505/1505/1505 1510/1510/1510 1512/1512/1512
f 1508/1508/1508 1507/1507/1507 1513/1513/1513
f 1508/1508/1508 1513/1513/1513 1511/1511/1511
f 1507/1507/1507 1512/1512/1512 1513/1513/1513
f 1509/1509/1509 1511/1511/1511 1514/1514/1514
f 1510/1510/1510 1509/1509/1509 1515/1515/1515
f 1509/1509/1509 1514/1514/1514 1515/1515/1515
f 1511/1511/1511 1513/1513/1513 1516/1516/1516
f 1511/1511/1511 1516/1516/1516 1514/1514/1514
f 1512/1512/1512 1510/1510/1510 1517/1517/1517
f 1510/1510/1510 1515/1515/1515 1517/1517/1517
f 1513/1513/1513 1512/1512/1512 1518/1518/1518
f 1513/1513/1513 1518/1518/1518 1516/1516/1516
f 1512/1512/1512 1517/1517/1517 1518/1518/1518
f 1514/1514/1514 1516/1516/1516 1519/1519/1519
f 1515/1515/1515 1514/1514/1514 1520/1520/1520
f 1514/1514/1514 1519/1519/1519 1520/1520/1520
f 1516/1516/1516 1518/1518/1518 1521/1521/1521
f 1516/1516/1516 1521/1521/1521 1519/1519/1519
f 1517/1517/1517 1515/1515/1515 1522/1522/1522
f 1515/1515/1515 1520/1520/1520 1522/1522/1522
f 1518/1518/1518 1517/1517/1517 1523/1523/1523
f 1518/1518/1518 1523/1523/1523 1521/1521/1521
f 1517/1517/1517 1522/1522/1522 1523/1523/1523
f 1519/1519/1519 1521/1521/1521 1524/1524/1524
f 1520/1520/1520 1519/1519/1519 1525/1525/1525
f 1519/1519/1519 1524/1524/1524 1525/1525/1525
f 1521/1521/1521 1523/1523/1523 1526/1526/1526
f 1521/1521/1521 1526/1526/1526 1524/1524/1524
f 1522/1522/1522 1520/1520/1520 1527/1527/1527
f 1520/1520/1520 1525/1525/1525 1527/1527/1527
f 1523/1523/1523 1522/1522/1522 1528/1528/1528
f 1523/1523/1523 1528/1528/1528 1526/1526/1526
f 1522/1522/1522 1527/1527/1527 1528/1528/1528
f 1524/1524/1524 1526/1526/1526 1529/1529/1529
f 1525/1525/1525 1524/1524/1524 1530/1530/1530
f 1524/1524/1524 1529/1529/1529 1530/1530/1530
f 1526/1526/1526 1528/1528/1528 1531/1531/1531
f 1526/1526/1526 1531/1531/1531 1529/1529/1529
f 1527/1527/1527 1525/1525/1525 1532/1532/1532
f 1525/1525/1525 1530/1530/1530 1532/1532/1532
f 1528/1528/1528 1527/1527/1527 1533/1533/1533
f 1528/1528/1528 1533/1533/1533 1531/1531/1531
f 1527/1527/1527 1532/1532/1532 1533/1533/1533
f 1529/1529/1529 1531/1531/1531 1534/1534/1534
f 1530/1530/1530 1529/1529/1529 1535/1535/1535
f 1529/1529/1529 1534/1534/1534 1535/1535/1535
f 1531/1531/1531 1533/1533/1533 1536/1536/1536
f 1531/1531/1531 1536/1536/1536 1534/1534/1534
f 1532/1532/1532 1530/1530/1530 1537/1537/1537
f 1530/1530/1530 1535/1535/1535 1537/1537/1537
f 1533/1533/1533 1532/1532/1532 1538/1538/1538
f 1533/1533/1533 1538/1538/1538 1536/1536/1536
f 1532/1532/1532 1537/1537/1537 1538/1538/1538
f 1534/1534/1534 1536/1536/1536 1539/1539/1539
f 1535/1535/1535 1534/1534/1534 1540/1540/1540
f 1534/1534/1534 1539/1539/1539 1540/1540/1540
f 1536/1536/1536 1538/1538/1538 1541/1541/1541
f 1536/1536/1536 1541/1541/1541 1539/1539/1539
f 1537/1537/1537 1535/1535/1535 1542/1542/1542
f 1535/1535/1535 1540/1540/1540 1542/1542/1542
f 1538/1538/1538 1537/1537/1537 1543/1543/1543
f 1538/1538/1538 1543/1543/1543 1541/1541/1541
f 1537/1537/1537 1542/1542/1542 1543/1543/1543
f 1539/1539/1539 1541/1541/1541 1544/1544/1544
f 1540/1540/1540 1539/1539/1539 1545/1545/1545
f 1539/1539/1539 1544/1544/1544 1545/1545/1545
f 1541/1541/1541 1543/1543/1543 1546/1546/1546
f 1541/1541/1541 1546/1546/1546 1544/1544/1544
f 1542/1542/1542 1540/1540/1540 1547/1547/1547
f 1540/1540/1540 1545/1545/1545 1547/1547/1547
f 1543/1543/1543 1542/1542/1542 1548/1548/1548
f 1543/1543/1543 1548/1548/1548 1546/1546/1546
f 1542/1542/1542 1547/1547/1547 1548/1548/1548
f 1544/1544/1544 1546/1546/1546 1549/1549/1549
f 1545/1545/1545 1544/1544/1544 1550/1550/1550
f 1544/1544/1544 1549/1549/1549 1550/1550/1550
f 1546/1546/1546 1548/1548/1548 1551/1551/1551
f 1546/1546/1546 1551/1551/1551 1549/1549/1549
f 1547/1547/1547 1545/1545/1545 1552/1552/1552
f 1545/1545/1545 1550/1550/1550 1552/1552/1552
f 1548/1548/1548 1547/1547/1547 1553/1553/1553
f 1548/1548/1548 1553/1553/1553 1551/1551/1551
f 1547/1547/1547 1552/1552/1552 1553/1553/1553
f 1549/1549/1549 1551/1551/1551 1554/1554/1554
f 1550/1550/1550 1549/1549/1549 1555/1555/1555
f 1549/1549/1549 1554/1554/1554 1555/1555/1555
f 1551/1551/1551 1553/1553/1553 1556/1556/1556
f 1551/1551/1551 1556/1556/1556 1554/1554/1554
f 1552/1552/1552 1550/1550/1550 1557/1557/1557
f 1550/1550/1550 1555/1555/1555 1557/1557/1557
f 1553/1553/1553 1552/1552/1552 1558/1558/1558
f 1553/1553/1553 1558/1558/1558 1556/1556/1556
f 1552/1552/1552 1557/1557/1557 1558/1558/1558
f 1554/1554/1554 1556/1556/1556 1559/1559/1559
f 1555/1555/1555 1554/1554/1554 1560/1560/1560
f 1554/1554/1554 1559/1559/1559 1560/1560/1560
f 1556/1556/1556 1558/1558/1558 1561/1561/1561
f 1556/1556/1556 1561/1561/1561 1559/1559/1559
f 1557/1557/1557 1555/1555/1555 1562/1562/1562
f 1555/1555/1555 1560/1560/1560 1562/1562/1562
f 1558/1558/1558 1557/1557/1557 1563/1563/1563
f 1558/1558/1558 1563/1563/1563 1561/1561/1561
f 1557/1557/1557 1562/1562/1562 1563/1563/1563
f 1559/1559/1559 1561/1561/1561 1564/1564/1564
f 1560/1560/1560 1559/1559/1559 1565/1565/1565
f 1559/1559/1559 1564/1564/1564 1565/1565/1565
f 1561/1561/1561 1563/1563/1563 1566/1566/1566
f 1561/1561/1561 1566/1566/1566 1564/1564/1564
f 1562/1562/1562 1560/1560/1560 1567/1567/1567
f 1560/1560/1560 1565/1565/1565 1567/1567/1567
f 1563/1563/1563 1562/1562/1562 1568/1568/1568
f 1563/1563/1563 1568/1568/1568 1566/1566/1566
f 1562/1562/1562 1567/1567/1567 1568/1568/1568
f 1564/1564/1564 1566/1566/1566 1569/1569/1569
f 1565/1565/1565 1564/1564/1564 1570/1570/1570
f 1564/1564/1564 1569/1569/1569 1570/1570/1570
f 1566/1566/1566 1568/1568/1568 1571/1571/1571
f 1566/1566/1566 1571/1571/1571 1569/1569/1569
f 1567/1567/1567 1565/1565/1565 1572/1572/1572
f 1565/1565/1565 1570/1570/1570 1572/1572/1572
f 1568/1568/1568 1567/1567/1567 1573/1573/1573
f 1568/1568/1568 1573/1573/1573 1571/1571/1571
f 1567/1567/1567 1572/1572/1572 1573/1573/1573
f 1569/1569/1569 1571/1571/1571 1574/1574/1574
f 1570/1570/1570 1569/1569/1569 1575/1575/1575
f 1569/1569/1569 1574/1574/1574 1575/1575/1575
f 1571/1571/1571 1573/1573/1573 1576/1576/1576
f 1571/1571/1571 1576/1576/1576 1574/1574/1574
f 1572/1572/1572 1570/1570/1570 1577/1577/1577
f 1570/1570/1570 1575/1575/1575 1577/1577/1577
f 1573/1573/1573 1572/1572/1572 1578/1578/1578
f 1573/1573/1573 1578/1578/1578 1576/1576/1576
f 1572/1572/1572 1577/1577/1577 1578/1578/1578
f 1574/1574/1574 1576/1576/1576 1579/1579/1579
f 1575/1575/1575 1574/1574/1574 1580/1580/1580
f 1574/1574/1574 1579/1579/1579 1580/1580/1580
f 1576/1576/1576 1578/1578/1578 1581/1581/1581
f 1576/1576/1576 1581/1581/1581 1579/1579/1579
f 1577/1577/1577 1575/1575/1575 1582/1582/1582
f 1575/1575/1575 1580/1580/1580 1582/1582/1582
f 1578/1578/1578 1577/1577/1577 1583/1583/1583
f 1578/1578/1578 1583/1583/1583 1581/1581/1581
f 1577/1577/1577 1582/1582/1582 1583/1583/1583
f 1579/1579/1579 1581/1581/1581 1584/1584/1584
f 1580/1580/1580 1579/1579/1579 1585/1585/1585
f 1579/1579/1579 1584/1584/1584 1585/1585/1585
f 1581/1581/1581 1583/1583/1583 1586/1586/1586
f 1581/1581/1581 1586/1586/1586 1584/1584/1584
f 1582/1582/1582 1580/1580/1580 1587/1587/1587
f 1580/1580/1580 1585/1585/1585 1587/1587/1587
f 1583/1583/1583 1582/1582/1582 1588/1588/1588
f 1583/1583/1583 1588/1588/1588 1586/1586/1586
f 1582/1582/1582 1587/1587/1587 1588/1588/1588
f 1584/1584/1584 1586/1586/1586 1589/1589/1589
f 1585/1585/1585 1584/1584/1584 1590/1590/1590
f 1584/1584/1584 1589/1589/1589 1590/1590/1590
f 1586/1586/1586 1588/1588/1588 1591/1591/1591
f 1586/1586/1586 1591/1591/1591 1589/1589/1589
f 1587/1587/1587 1585/1585/1585 1592/1592/1592
f 1585/1585/1585 1590/1590/1590 1592/1592/1592
f 1588/1588/1588 1587/1587/1587 1593/1593/1593
f 1588/1588/1588 1593/1593/1593 1591/1591/1591
f 1587/1587/1587 1592/1592/1592 1593/1593/1593
f 1589/1589/1589 1591/1591/1591 1594/1594/1594
f 1590/1590/1590 1589/1589/1589 1595/1595/1595
f 1589/1589/1589 1594/1594/1594 1595/1595/1595
f 1591/1591/1591 1593/1593/1593 1596/1596/1596
f 1591/1591/1591 1596/1596/1596 1594/1594/1594
f 1592/1592/1592 1590/1590/1590 1597/1597/1597
f 1590/1590/1590 1595/1595/1595 1597/1597/1597
f 1593/1593/1593 1592/1592/1592 1598/1598/1598
f 1593/1593/1593 1598/1598/1598 1596/1596/1596
f 1592/1592/1592 1597/1597/1597 1598/1598/1598
f 1594/1594/1594 1596/1596/1596 1599/1599/1599
f 1596/1596/1596 1600/1600/1600 1599/1599/1599
f 1596/1596/1596 1598/1598/1598 1600/1600/1600
f 1594/1594/1594 1599/1599/1599 1601/1601/1601
f 1595/1595/1595 1594/1594/1594 1601/1601/1601
f 1598/1598/1598 1602/1602/1602 1600/1600/1600
f 1598/1598/1598 1597/1597/1597 1602/1602/1602
f 1595/1595/1595 1601/1601/1601 1603/1603/1603
f 1597/1597/1597 1603/1603/1603 1602/1602/1602
f 1597/1597/1597 1595/1595/1595 1603/1603/1603
f 1606/1606/1606 1605/1605/1605 1604/1604/1604
f 1605/1605/1605 1607/1607/1607 1604/1604/1604
f 1607/1607/1607 1605/1605/1605 1608/1608/1608
f 1608/1608/1608 1605/1605/1605 1609/1609/1609
f 1605/1605/1605 1610/1610/1610 1609/1609/1609
f 1605/1605/1605 1611/1611/1611 1610/1610/1610
f 1608/1608/1608 1609/1609/1609 1612/1612/1612
f 1613/1613/1613 1608/1608/1608 1612/1612/1612
f 1611/1611/1611 1614/1614/1614 1610/1610/1610
f 1611/1611/1611 1615/1615/1615 1614/1614/1614
f 1615/1615/1615 1613/1613/1613 1616/1616/1616
f 1613/1613/1613 1612/1612/1612 1616/1616/1616
f 1615/1615/1615 1616/1616/1616 1614/1614/1614
f 1609/1609/1609 1610/1610/1610 1617/1617/1617
f 1612/1612/1612 1609/1609/1609 1618/1618/1618
f 1609/1609/1609 1617/1617/1617 1618/1618/1618
f 1610/1610/1610 1614/1614/1614 1619/1619/1619
f 1610/1610/1610 1619/1619/1619 1617/1617/1617
f 1616/1616/1616 1612/1612/1612 1620/1620/1620
f 1612/1612/1612 1618/1618/1618 1620/1620/1620
f 1614/1614/1614 1616/1616/1616 1621/1621/1621
f 1614/1614/1614 1621/1621/1621 1619/1619/1619
f 1616/1616/1616 1620/1620/1620 1621/1621/1621
f 1617/1617/1617 1619/1619/1619 1622/1622/1622
f 1618/1618/1618 1617/1617/1617 1623/1623/1623
f 1617/1617/1617 1622/1622/1622 1623/1623/1623
f 1619/1619/1619 1621/1621/1621 1624/1624/1624
f 1619/1619/1619 1624/1624/1624 1622/1622/1622
f 1620/1620/1620 1618/1618/1618 1625/1625/1625
f 1618/1618/1618 1623/1623/1623 1625/1625/1625
f 1621/1621/1621 1620/1620/1620 1626/1626/1626
f 1621/1621/1621 1626/1626/1626 1624/1624/1624
f 1620/1620/1620 1625/1625/1625 1626/1626/1626
f 1622/1622/1622 1624/1624/1624 1627/1627/1627
f 1623/1623/1623 1622/1622/1622 1628/1628/1628
f 1622/1622/1622 1627/1627/1627 1628/1628/1628
f 1624/1624/1624 1626/1626/1626 1629/1629/1629
f 1624/1624/1624 1629/1629/1629 1627/1627/1627
f 1625/1625/1625 1623/1623/1623 1630/1630/1630
f 1623/1623/1623 1628/1628/1628 1630/1630/1630
f 1626/1626/1626 1625/1625/1625 1631/1631/1631
f 1626/1626/1626 1631/1631/1631 1629/1629/1629
f 1625/1625/1625 1630/1630/1630 1631/1631/1631
f 1627/1627/1627 1629/1629/1629 1632/1632/1632
f 1628/1628/1628 1627/1627/1627 1633/1633/1633
f 1627/1627/1627 1632/1632/1632 1633/1633/1633
f 1629/1629/1629 1631/1631/1631 1634/1634/1634
f 1629/1629/1629 1634/1634/1634 1632/1632/1632
f 1630/1630/1630 1628/1628/1628 1635/1635/1635
f 1628/1628/1628 1633/1633/1633 1635/1635/1635
f 1631/1631/1631 1630/1630/1630 1636/1636/1636
f 1631/1631/1631 1636/1636/1636 1634/1634/1634
f 1630/1630/1630 1635/1635/1635 1636/1636/1636
f 1632/1632/1632 1634/1634/1634 1637/1637/1637
f 1633/1633/1633 1632/1632/1632 1638/1638/1638
f 1632/1632/1632 1637/1637/1637 1638/1638/1638
f 1634/1634/1634 1636/1636/1636 1639/1639/1639
f 1634/1634/1634 1639/1639/1639 1637/1637/1637
f 1635/1635/1635 1633/1633/1633 1640/1640/1640
f 1633/1633/1633 1638/1638/1638 1640/1640/1640
f 1636/1636/1636 1635/1635/1635 1641/1641/1641
f 1636/1636/1636 1641/1641/1641 1639/1639/1639
f 1635/1635/1635 1640/1640/1640 1641/1641/1641
f 1637/1637/1637 1639/1639/1639 1642/1642/1642
f 1638/1638/1638 1637/1637/1637 1643/1643/1643
f 1637/1637/1637 1642/1642/1642 1643/1643/1643
f 1639/1639/1639 1641/1641/1641 1644/1644/1644
f 1639/1639/1639 1644/1644/1644 1642/1642/1642
f 1640/1640/1640 1638/1638/1638 1645/1645/1645
f 1638/1638/1638 1643/1643/1643 1645/1645/1645
f 1641/1641/1641 1640/1640/1640 1646/1646/1646
f 1641/1641/1641 1646/1646/1646 1644/1644/1644
f 1640/1640/1640 1645/1645/1645 1646/1646/1646
f 1642/1642/1642 1644/1644/1644 1647/1647/1647
f 1643/1643/1643 1642/1642/1642 1648/1648/1648
f 1642/1642/1642 1647/1647/1647 1648/1648/1648
f 1644/1644/1644 1646/1646/1646 1649/1649/1649
f 1644/1644/1644 1649/1649/1649 1647/1647/1647
f 1645/1645/1645 1643/1643/1643 1650/1650/1650
f 1643/1643/1643 1648/1648/1648 1650/1650/1650
f 1646/1646/1646 1645/1645/1645 1651/1651/1651
f 1646/1646/1646 1651/1651/1651 1649/1649/1649
f 1645/1645/1645 1650/1650/1650 1651/1651/1651
f 1647/1647/1647 1649/1649/1649 1652/1652/1652
f 1648/1648/1648 1647/1647/1647 1653/1653/1653
f 1647/1647/1647 1652/1652/1652 1653/1653/1653
f 1649/1649/1649 1651/1651/1651 1654/1654/1654
f 1649/1649/1649 1654/1654/1654 1652/1652/1652
f 1650/1650/1650 1648/1648/1648 1655/1655/1655
f 1648/1648/1648 1653/1653/1653 1655/1655/1655
f 1651/1651/1651 1650/1650/1650 1656/1656/1656
f 1651/1651/1651 1656/1656/1656 1654/1654/1654
f 1650/1650/1650 1655/1655/1655 1656/1656/1656
f 1652/1652/1652 1654/1654/1654 1657/1657/1657
f 1653/1653/1653 1652/1652/1652 1658/1658/1658
f 1652/1652/1652 1657/1657/1657 1658/1658/1658
f 1654/1654/1654 1656/1656/1656 1659/1659/1659
f 1654/1654/1654 1659/1659/1659 1657/1657/1657
f 1655/1655/1655 1653/1653/1653 1660/1660/1660
f 1653/1653/1653 1658/1658/1658 1660/1660/1660
f 1656/1656/1656 1655/1655/1655 1661/1661/1661
f 1656/1656/1656 1661/1661/1661 1659/1659/1659
f 1655/1655/1655 1660/1660/1660 1661/1661/1661
f 1657/1657/1657 1659/1659/1659 1662/1662/1662
f 1658/1658/1658 1657/1657/1657 1663/1663/1663
f 1657/1657/1657 1662/1662/1662 1663/1663/1663
f 1659/1659/1659 1661/1661/1661 1664/1664/1664
f 1659/1659/1659 1664/1664/1664 1662/1662/1662
f 1660/1660/1660 1658/1658/1658 1665/1665/1665
f 1658/1658/1658 1663/1663/1663 1665/1665/1665
f 1661/1661/1661 1660/1660/1660 1666/1666/1666
f 1661/1661/1661 1666/1666/1666 1664/1664/1664
f 1660/1660/1660 1665/1665/1665 1666/1666/1666
f 1662/1662/1662 1664/1664/1664 1667/1667/1667
f 1663/1663/1663 1662/1662/1662 1668/1668/1668
f 1662/1662/1662 1667/1667/1667 1668/1668/1668
f 1664/1664/1664 1666/1666/1666 1669/1669/1669
f 1664/1664/1664 1669/1669/1669 1667/1667/1667
f 1665/1665/1665 1663/1663/1663 1670/1670/1670
f 1663/1663/1663 1668/1668/1668 1670/1670/1670
f 1666/1666/1666 1665/1665/1665 1671/1671/1671
f 1666/1666/1666 1671/1671/1671 1669/1669/1669
f 1665/1665/1665 1670/1670/1670 1671/1671/1671
f 1667/1667/1667 1669/1669/1669 1672/1672/1672
f 1668/1668/1668 1667/1667/1667 1673/1673/1673
f 1667/1667/1667 1672/1672/1672 1673/1673/1673
f 1669/1669/1669 1671/1671/1671 1674/1674/1674
f 1669/1669/1669 1674/1674/1674 1672/1672/1672
f 1670/1670/1670 1668/1668/1668 1675/1675/1675
f 1668/1668/1668 1673/1673/1673 1675/1675/1675
f 1671/1671/1671 1670/1670/1670 1676/1676/1676
f 1671/1671/1671 1676/1676/1676 1674/1674/1674
f 1670/1670/1670 1675/1675/1675 1676/1676/1676
f 1672/1672/1672 1674/1674/1674 1677/1677/1677
f 1673/1673/1673 1672/1672/1672 1678/1678/1678
f 1672/1672/1672 1677/1677/1677 1678/1678/1678
f 1674/1674/1674 1676/1676/1676 1679/1679/1679
f 1674/1674/1674 1679/1679/1679 1677/1677/1677
f 1675/1675/1675 1673/1673/1673 1680/1680/1680
f 1673/1673/1673 1678/1678/1678 1680/1680/1680
f 1676/1676/1676 1675/1675/1675 1681/1681/1681
f 1676/1676/1676 1681/1681/1681 1679/1679/1679
f 1675/1675/1675 1680/1680/1680 1681/1681/1681
f 1677/1677/1677 1679/1679/1679 1682/1682/1682
f 1678/1678/1678 1677/1677/1677 1683/1683/1683
f 1677/1677/1677 1682/1682/1682 1683/1683/1683
f 1679/1679/1679 1681/1681/1681 1684/1684/1684
f 1679/1679/1679 1684/1684/1684 1682/1682/1682
f 1680/1680/1680 1678/1678/1678 1685/1685/1685
f 1678/1678/1678 1683/1683/1683 1685/1685/1685
f 1681/1681/1681 1680/1680/1680 1686/1686/1686
f 1681/1681/1681 1686/1686/1686 1684/1684/1684
f 1680/1680/1680 1685/1685/1685 1686/1686/1686
f 1682/1682/1682 1684/1684/1684 1687/1687/1687
f 1683/1683/1683 1682/1682/1682 1688/1688/1688
f 1682/1682/1682 1687/1687/1687 1688/1688/1688
f 1684/1684/1684 1686/1686/1686 1689/1689/1689
f 1684/1684/1684 1689/1689/1689 1687/1687/1687
f 1685/1685/1685 1683/1683/1683 1690/1690/1690
f 1683/1683/1683 1688/1688/1688 1690/1690/1690
f 1686/1686/1686 1685/1685/1685 1691/1691/1691
f 1686/1686/1686 1691/1691/1691 1689/1689/1689
f 1685/1685/1685 1690/1690/1690 1691/1691/1691
f 1687/1687/1687 1689/1689/1689 1692/1692/1692
f 1688/1688/1688 1687/1687/1687 1693/1693/1693
f 1687/1687/1687 1692/1692/1692 1693/1693/1693
f 1689/1689/1689 1691/1691/1691 1694/1694/1694
f 1689/1689/1689 1694/1694/1694 1692/1692/1692
f 1690/1690/1690 1688/1688/1688 1695/1695/1695
f 1688/1688/1688 1693/1693/1693 1695/1695/1695
f 1691/1691/1691 1690/1690/1690 1696/1696/1696
f 1691/1691/1691 1696/1696/1696 1694/1694/1694
f 1690/1690/1690 1695/1695/1695 1696/1696/1696
f 1692/1692/1692 1694/1694/1694 1697/1697/1697
f 1693/1693/1693 1692/1692/1692 1698/1698/1698
f 1692/1692/1692 1697/1697/1697 1698/1698/1698
f 1694/1694/1694 1696/1696/1696 1699/1699/1699
f 1694/1694/1694 1699/1699/1699 1697/1697/1697
f 1695/1695/1695 1693/1693/1693 1700/1700/1700
f 1693/1693/1693 1698/1698/1698 1700/1700/1700
f 1696/1696/1696 1695/1695/1695 1701/1701/1701
f 1696/1696/1696 1701/1701/1701 1699/1699/1699
f 1695/1695/1695 1700/1700/1700 1701/1701/1701
f 1697/1697/1697 1699/1699/1699 1702/1702/1702
f 1698/1698/1698 1697/1697/1697 1703/1703/1703
f 1697/1697/1697 1702/1702/1702 1703/1703/1703
f 1699/1699/1699 1701/1701/1701 1704/1704/1704
f 1699/1699/1699 1704/1704/1704 1702/1702/1702
f 1700/1700/1700 1698/1698/1698 1705/1705/1705
f 1698/1698/1698 1703/1703/1703 1705/1705/1705
f 1701/1701/1701 1700/1700/1700 1706/1706/1706
f 1701/1701/1701 1706/1706/1706 1704/1704/1704
f 1700/1700/1700 1705/1705/1705 1706/1706/1706
f 1702/1702/1702 1704/1704/1704 1707/1707/1707
f 1703/1703/1703 1702/1702/1702 1708/1708/1708
f 1702/1702/1702 1707/1707/1707 1708/1708/1708
f 1704/1704/1704 1706/1706/1706 1709/1709/1709
f 1704/1704/1704 1709/1709/1709 1707/1707/1707
f 1705/1705/1705 1703/1703/1703 1710/1710/1710
f 1703/1703/1703 1708/1708/1708 1710/1710/1710
f 1706/1706/1706 1705/1705/1705 1711/1711/1711
f 1706/1706/1706 1711/1711/1711 1709/1709/1709
f 1705/1705/1705 1710/1710/1710 1711/1711/1711
f 1707/1707/1707 1709/1709/1709 1712/1712/1712
f 1708/1708/1708 1707/1707/1707 1713/1713/1713
f 1707/1707/1707 1712/1712/1712 1713/1713/1713
f 1709/1709/1709 1711/1711/1711 1714/1714/1714
f 1709/1709/1709 1714/1714/1714 1712/1712/1712
f 1710/1710/1710 1708/1708/1708 1715/1715/1715
f 1708/1708/1708 1713/1713/1713 1715/1715/1715
f 1711/1711/1711 1710/1710/1710 1716/1716/1716
f 1711/1711/1711 1716/1716/1716 1714/1714/1714
f 1710/1710/1710 1715/1715/1715 1716/1716/1716
f 1712/1712/1712 1714/1714/1714 1717/1717/1717
f 1713/1713/1713 1712/1712/1712 1718/1718/1718
f 1712/1712/1712 1717/1717/1717 1718/1718/1718
f 1714/1714/1714 1716/1716/1716 1719/1719/1719
f 1714/1714/1714 1719/1719/1719 1717/1717/1717
f 1715/1715/1715 1713/1713/1713 1720/1720/1720
f 1713/1713/1713 1718/1718/1718 1720/1720/1720
f 1716/1716/1716 1715/1715/1715 1721/1721/1721
f 1716/1716/1716 1721/1721/1721 1719/1719/1719
f 1715/1715/1715 1720/1720/1720 1721/1721/1721
f 1717/1717/1717 1719/1719/1719 1722/1722/1722
f 1718/1718/1718 1717/1717/1717 1723/1723/1723
f 1717/1717/1717 1722/1722/1722 1723/1723/1723
f 1719/1719/1719 1721/1721/1721 1724/1724/1724
f 1719/1719/1719 1724/1724/1724 1722/1722/1722
f 1720/1720/1720 1718/1718/1718 1725/1725/1725
f 1718/1718/1718 1723/1723/1723 1725/1725/1725
f 1721/1721/1721 1720/1720/1720 1726/1726/1726
f 1721/1721/1721 1726/1726/1726 1724/1724/1724
f 1720/1720/1720 1725/1725/1725 1726/1726/1726
f 1722/1722/1722 1724/1724/1724 1727/1727/1727
f 1723/1723/1723 1722/1722/1722 1728/1728/1728
f 1722/1722/1722 1727/1727/1727 1728/1728/1728
f 1724/1724/1724 1726/1726/1726 1729/1729/1729
f 1724/1724/1724 1729/1729/1729 1727/1727/1727
f 1725/1725/1725 1723/1723/1723 1730/1730/1730
f 1723/1723/1723 1728/1728/1728 1730/1730/1730
f 1726/1726/1726 1725/1725/1725 1731/1731/1731
f 1726/1726/1726 1731/1731/1731 1729/1729/1729
f 1725/1725/1725 1730/1730/1730 1731/1731/1731
f 1727/1727/1727 1729/1729/1729 1732/1732/1732
f 1728/1728/1728 1727/1727/1727 1733/1733/1733
f 1727/1727/1727 1732/1732/1732 1733/1733/1733
f 1729/1729/1729 1731/1731/1731 1734/1734/1734
f 1729/1729/1729 1734/1734/1734 1732/1732/1732
f 1730/1730/1730 1728/1728/1728 1735/1735/1735
f 1728/1728/1728 1733/1733/1733 1735/1735/1735
f 1731/1731/1731 1730/1730/1730 1736/1736/1736
f 1731/1731/1731 1736/1736/1736 1734/1734/1734
f 1730/1730/1730 1735/1735/1735 1736/1736/1736
f 1732/1732/1732 1734/1734/1734 1737/1737/1737
f 1733/1733/1733 1732/1732/1732 1738/1738/1738
f 1732/1732/1732 1737/1737/1737 1738/1738/1738
f 1734/1734/1734 1736/1736/1736 1739/1739/1739
f 1734/1734/1734 1739/1739/1739 1737/1737/1737
f 1735/1735/1735 1733/1733/1733 1740/1740/1740
f 1733/1733/1733 1738/1738/1738 1740/1740/1740
f 1736/1736/1736 1735/1735/1735 1741/1741/1741
f 1736/1736/1736 1741/1741/1741 1739/1739/1739
f 1735/1735/1735 1740/1740/1740 1741/1741/1741
f 1737/1737/1737 1739/1739/1739 1742/1742/1742
f 1738/1738/1738 1737/1737/1737 1743/1743/1743
f 1737/1737/1737 1742/1742/1742 1743/1743/1743
f 1739/1739/1739 1741/1741/1741 1744/1744/1744
f 1739/1739/1739 1744/1744/1744 1742/1742/1742
f 1740/1740/1740 1738/1738/1738 1745/1745/1745
f 1738/1738/1738 1743/1743/1743 1745/1745/1745
f 1741/1741/1741 1740/1740/1740 1746/1746/1746
f 1741/1741/1741 1746/1746/1746 1744/1744/1744
f 1740/1740/1740 1745/1745/1745 1746/1746/1746
f 1742/1742/1742 1744/1744/1744 1747/1747/1747
f 1743/1743/1743 1742/1742/1742 1748/1748/1748
f 1742/1742/1742 1747/1747/1747 1748/1748/1748
f 1744/1744/1744 1746/1746/1746 1749/1749/1749
f 1744/1744/1744 1749/1749/1749 1747/1747/1747
f 1745/1745/1745 1743/1743/1743 1750/1750/1750
f 1743/1743/1743 1748/1748/1748 1750/1750/1750
f 1746/1746/1746 1745/1745/1745 1751/1751/1751
f 1746/1746/1746 1751/1751/1751 1749/1749/1749
f 1745/1745/1745 1750/1750/1750 1751/1751/1751
f 1747/1747/1747 1749/1749/1749 1752/1752/1752
f 1748/1748/1748 1747/1747/1747 1753/1753/1753
f 1747/1747/1747 1752/1752/1752 1753/1753/1753
f 1749/1749/1749 1751/1751/1751 1754/1754/1754
f 1749/1749/1749 1754/1754/1754 1752/1752/1752
f 1750/1750/1750 1748/1748/1748 1755/1755/1755
f 1748/1748/1748 1753/1753/1753 1755/1755/1755
f 1751/1751/1751 1750/1750/1750 1756/1756/1756
f 1751/1751/1751 1756/1756/1756 1754/1754/1754
f 1750/1750/1750 1755/1755/1755 1756/1756/1756
f 1752/1752/1752 1754/1754/1754 1757/1757/1757
f 1753/1753/1753 1752/1752/1752 1758/1758/1758
f 1752/1752/1752 1757/1757/1757 1758/1758/1758
f 1754/1754/1754 1756/1756/1756 1759/1759/1759
f 1754/1754/1754 1759/1759/1759 1757/1757/1757
f 1755/1755/1755 1753/1753/1753 1760/1760/1760
f 1753/1753/1753 1758/1758/1758 1760/1760/1760
f 1756/1756/1756 1755/1755/1755 1761/1761/1761
f 1756/1756/1756 1761/1761/1761 1759/1759/1759
f 1755/1755/1755 1760/1760/1760 1761/1761/1761
f 1757/1757/1757 1759/1759/1759 1762/1762/1762
f 1758/1758/1758 1757/1757/1757 1763/1763/1763
f 1757/1757/1757 1762/1762/1762 1763/1763/1763
f 1759/1759/1759 1761/1761/1761 1764/1764/1764
f 1759/1759/1759 1764/1764/1764 1762/1762/1762
f 1760/1760/1760 1758/1758/1758 1765/1765/1765
f 1758/1758/1758 1763/1763/1763 1765/1765/1765
f 1761/1761/1761 1760/1760/1760 1766/1766/1766
f 1761/1761/1761 1766/1766/1766 1764/1764/1764
f 1760/1760/1760 1765/1765/1765 1766/1766/1766
f 1762/1762/1762 1764/1764/1764 1767/1767/1767
f 1763/1763/1763 1762/1762/1762 1768/1768/1768
f 1762/1762/1762 1767/1767/1767 1768/1768/1768
f 1764/1764/1764 1766/1766/1766 1769/1769/1769
f 1764/1764/1764 1769/1769/1769 1767/1767/1767
f 1765/1765/1765 1763/1763/1763 1770/1770/1770
f 1763/1763/1763 1768/1768/1768 1770/1770/1770
f 1766/1766/1766 1765/1765/1765 1771/1771/1771
f 1766/1766/1766 1771/1771/1771 1769/1769/1769
f 1765/1765/1765 1770/1770/1770 1771/1771/1771
f 1767/1767/1767 1769/1769/1769 1772/1772/1772
f 1768/1768/1768 1767/1767/1767 1773/1773/1773
f 1767/1767/1767 1772/1772/1772 1773/1773/1773
f 1769/1769/1769 1771/1771/1771 1774/1774/1774
f 1769/1769/1769 1774/1774/1774 1772/1772/1772
f 1770/1770/1770 1768/1768/1768 1775/1775/1775
f 1768/1768/1768 1773/1773/1773 1775/1775/1775
f 1771/1771/1771 1770/1770/1770 1776/1776/1776
f 1771/1771/1771 1776/1776/1776 1774/1774/1774
f 1770/1770/1770 1775/1775/1775 1776/1776/1776
f 1772/1772/1772 1774/1774/1774 1777/1777/1777
f 1773/1773/1773 1772/1772/1772 1778/1778/1778
f 1772/1772/1772 1777/1777/1777 1778/1778/1778
f 1774/1774/1774 1776/1776/1776 1779/1779/1779
f 1774/1774/1774 1779/1779/1779 1777/1777/1777
f 1775/1775/1775 1773/1773/1773 1780/1780/1780
f 1773/1773/1773 1778/1778/1778 1780/1780/1780
f 1776/1776/1776 1775/1775/1775 1781/1781/1781
f 1776/1776/1776 1781/1781/1781 1779/1779/1779
f 1775/1775/1775 1780/1780/1780 1781/1781/1781
f 1777/1777/1777 1779/1779/1779 1782/1782/1782
f 1777/1777/1777 1782/1782/1782 1783/1783/1783
f 1778/1778/1778 1777/1777/1777 1783/1783/1783
f 1778/1778/1778 1783/1783/1783 1784/1784/1784
f 1780/1780/1780 1778/1778/1778 1784/1784/1784
f 1779/1779/1779 1785/1785/1785 1782/1782/1782
f 1779/1779/1779 1781/1781/1781 1785/1785/1785
f 1780/1780/1780 1784/1784/1784 1786/1786/1786
f 1781/1781/1781 1780/1780/1780 1786/1786/1786
f 1781/1781/1781 1786/1786/1786 1785/1785/1785
f 1787/1787/1787 1785/1785/1785 1786/1786/1786
f 1790/1790/1790 1789/1789/1789 1788/1788/1788
f 1788/1788/1788 1789/1789/1789 1791/1791/1791
f 1794/1794/1794 1793/1793/1793 1792/1792/1792
f 1795/1795/1795 1794/1794/1794 1792/1792/1792
f 1795/1795/1795 1792/1792/1792 1796/1796/1796
f 1794/1794/1794 1797/1797/1797 1793/1793/1793
f 1797/1797/1797 1798/1798/1798 1793/1793/1793
f 1799/1799/1799 1795/1795/1795 1796/1796/1796
f 1799/1799/1799 1796/1796/1796 1800/1800/1800
f 1801/1801/1801 1800/1800/1800 1798/1798/1798
f 1797/1797/1797 1801/1801/1801 1798/1798/1798
f 1801/1801/1801 1799/1799/1799 1800/1800/1800
f 1802/1802/1802 1794/1794/1794 1795/1795/1795
f 1803/1803/1803 1797/1797/1797 1794/1794/1794
f 1802/1802/1802 1803/1803/1803 1794/1794/1794
f 1804/1804/1804 1795/1795/1795 1799/1799/1799
f 1804/1804/1804 1802/1802/1802 1795/1795/1795
f 1805/1805/1805 1799/1799/1799 1801/1801/1801
f 1805/1805/1805 1804/1804/1804 1799/1799/1799
f 1806/1806/1806 1801/1801/1801 1797/1797/1797
f 1803/1803/1803 1806/1806/1806 1797/1797/1797
f 1806/1806/1806 1805/1805/1805 1801/1801/1801
f 1807/1807/1807 1802/1802/1802 1804/1804/1804
f 1808/1808/1808 1803/1803/1803 1802/1802/1802
f 1807/1807/1807 1808/1808/1808 1802/1802/1802
f 1809/1809/1809 1804/1804/1804 1805/1805/1805
f 1809/1809/1809 1807/1807/1807 1804/1804/1804
f 1810/1810/1810 1805/1805/1805 1806/1806/1806
f 1810/1810/1810 1809/1809/1809 1805/1805/1805
f 1811/1811/1811 1806/1806/1806 1803/1803/1803
f 1808/1808/1808 1811/1811/1811 1803/1803/1803
f 1811/1811/1811 1810/1810/1810 1806/1806/1806
f 1812/1812/1812 1807/1807/1807 1809/1809/1809
f 1813/1813/1813 1808/1808/1808 1807/1807/1807
f 1812/1812/1812 1813/1813/1813 1807/1807/1807
f 1814/1814/1814 1809/1809/1809 1810/1810/1810
f 1814/1814/1814 1812/1812/1812 1809/1809/1809
f 1815/1815/1815 1810/1810/1810 1811/1811/1811
f 1815/1815/1815 1814/1814/1814 1810/1810/1810
f 1816/1816/1816 1811/1811/1811 1808/1808/1808
f 1813/1813/1813 1816/1816/1816 1808/1808/1808
f 1816/1816/1816 1815/1815/1815 1811/1811/1811
f 1817/1817/1817 1812/1812/1812 1814/1814/1814
f 1818/1818/1818 1813/1813/1813 1812/1812/1812
f 1817/1817/1817 1818/1818/1818 1812/1812/1812
f 1819/1819/1819 1814/1814/1814 1815/1815/1815
f 1819/1819/1819 1817/1817/1817 1814/1814/1814
f 1820/1820/1820 1815/1815/1815 1816/1816/1816
f 1820/1820/1820 1819/1819/1819 1815/1815/1815
f 1821/1821/1821 1816/1816/1816 1813/1813/1813
f 1818/1818/1818 1821/1821/1821 1813/1813/1813
f 1821/1821/1821 1820/1820/1820 1816/1816/1816
f 1822/1822/1822 1817/1817/1817 1819/1819/1819
f 1823/1823/1823 1818/1818/1818 1817/1817/1817
f 1822/1822/1822 1823/1823/1823 1817/1817/1817
f 1823/1823/1823 1824/1824/1824 1818/1818/1818
f 1824/1824/1824 1821/1821/1821 1818/1818/1818
f 1823/1823/1823 1822/1822/1822 1824/1824/1824
f 1824/1824/1824 1825/1825/1825 1821/1821/1821
f 1825/1825/1825 1820/1820/1820 1821/1821/1821
f 1824/1824/1824 1822/1822/1822 1825/1825/1825
f 1826/1826/1826 1822/1822/1822 1819/1819/1819
f 1826/1826/1826 1819/1819/1819 1820/1820/1820
f 1825/1825/1825 1826/1826/1826 1820/1820/1820
f 1825/1825/1825 1822/1822/1822 1826/1826/1826
f 112/112/112 111/111/111 1827/1827/1827
f 111/111/111 1828/1828/1828 1827/1827/1827
f 111/111/111 109/109/109 1828/1828/1828
f 112/112/112 1827/1827/1827 1829/1829/1829
f 110/110/110 112/112/112 1829/1829/1829
f 109/109/109 1830/1830/1830 1828/1828/1828
f 109/109/109 108/108/108 1830/1830/1830
f 108/108/108 110/110/110 1831/1831/1831
f 110/110/110 1829/1829/1829 1831/1831/1831
f 108/108/108 1831/1831/1831 1830/1830/1830
f 1827/1827/1827 1828/1828/1828 1832/1832/1832
f 1829/1829/1829 1827/1827/1827 1833/1833/1833
f 1827/1827/1827 1832/1832/1832 1833/1833/1833
f 1828/1828/1828 1830/1830/1830 1834/1834/1834
f 1828/1828/1828 1834/1834/1834 1832/1832/1832
f 1831/1831/1831 1829/1829/1829 1835/1835/1835
f 1829/1829/1829 1833/1833/1833 1835/1835/1835
f 1830/1830/1830 1831/1831/1831 1836/1836/1836
f 1830/1830/1830 1836/1836/1836 1834/1834/1834
f 1831/1831/1831 1835/1835/1835 1836/1836/1836
f 1832/1832/1832 1834/1834/1834 426/426/426
f 1834/1834/1834 425/425/425 426/426/426
f 1834/1834/1834 1836/1836/1836 425/425/425
f 1832/1832/1832 426/426/426 428/428/428
f 1833/1833/1833 1832/1832/1832 428/428/428
f 1836/1836/1836 427/427/427 425/425/425
f 1836/1836/1836 1835/1835/1835 427/427/427
f 1833/1833/1833 428/428/428 429/429/429
f 1835/1835/1835 429/429/429 427/427/427
f 1835/1835/1835 1833/1833/1833 429/429/429
