# Meridian LU tube mesh
v 0.4337445052654724 -0.013356060115966795 0.010648269228437233
v 0.43379500526547243 -0.013891846115966777 0.009602913628437234
v 0.44344168926547245 -0.028821349115966788 0.015704849728437234
v 0.4433888192654724 -0.028281629115966822 0.016748512128437233
v 0.4508540332654724 -0.04338467111596678 0.023370543528437232
v 0.45095573326547245 -0.04401433511596681 0.02236812372843723
v 0.4424916062654724 -0.029517799115966803 0.015602661328437233
v 0.4647108312654724 -0.07336193311596678 0.040675634528437234
v 0.46475482026547243 -0.07388454711596681 0.03962355662843723
v 0.4500073942654724 -0.04471108311596678 0.022264348328437232
v 0.4637464882654724 -0.07446759911596679 0.03946518712843723
v 0.44931945226547243 -0.044512123115966806 0.023202618628437234
v 0.4418515262654724 -0.029408455115966792 0.01658314282843723
v 0.4424916062654724 -0.029517799115966803 0.015602661328437233
v 0.4630790952654724 -0.07430535511596681 0.040419368028437236
v 0.46475482026547243 -0.07388454711596681 0.03962355662843723
v 0.46367518626547244 -0.07362207811596677 0.041167503228437236
v 0.4647108312654724 -0.07336193311596678 0.040675634528437234
v 0.4424060432654724 -0.028644383115966787 0.017291339128437236
v 0.43219114826547245 -0.014456749115966783 0.010473335128437233
v 0.4327532942654724 -0.01370525311596682 0.011186229028437234
v 0.4498427062654724 -0.04369241011596681 0.02388632852843723
v 0.46367518626547244 -0.07362207811596677 0.041167503228437236
v 0.4508540332654724 -0.04338467111596678 0.023370543528437232
v 0.4647108312654724 -0.07336193311596678 0.040675634528437234
v 0.4433888192654724 -0.028281629115966822 0.016748512128437233
v 0.4337445052654724 -0.013356060115966795 0.010648269228437233
v 0.4210741672654724 0.002250879884033219 0.002666998628437233
v 0.4220392852654724 0.002625226884033216 0.002125831328437234
v 0.4108577672654724 0.018732070884033225 -0.004872725371562766
v 0.4117631462654724 0.019125818884033197 -0.005374980171562767
v 0.4102867092654724 0.018025308884033198 -0.005616779471562767
v 0.4210741672654724 0.002250879884033219 0.002666998628437233
v 0.42049875826547245 0.0015218858840331806 0.0019408297284372322
v 0.4210741672654724 0.002250879884033219 0.002666998628437233
v 0.4327532942654724 -0.01370525311596682 0.011186229028437234
v 0.43219114826547245 -0.014456749115966783 0.010473335128437233
v 0.4211091992654724 0.001444756884033227 0.0009482391284372331
v 0.4328347742654724 -0.014571994115966824 0.009494865328437234
v 0.4328347742654724 -0.014571994115966824 0.009494865328437234
v 0.4418515262654724 -0.029408455115966792 0.01658314282843723
v 0.42206114526547245 0.0021266338840332244 0.0010629296284372335
v 0.43379500526547243 -0.013891846115966777 0.009602913628437234
v 0.44344168926547245 -0.028821349115966788 0.015704849728437234
v 0.4220392852654724 0.002625226884033216 0.002125831328437234
v 0.4337445052654724 -0.013356060115966795 0.010648269228437233
v 0.4117631462654724 0.019125818884033197 -0.005374980171562767
v 0.41175368426547243 0.018658697884033182 -0.006438923071562767
v 0.4211091992654724 0.001444756884033227 0.0009482391284372331
v 0.4108390362654724 0.01797836988403323 -0.006586535871562767
v 0.42049875826547245 0.0015218858840331806 0.0019408297284372322
v 0.4102867092654724 0.018025308884033198 -0.005616779471562767
v 0.4036253992654724 0.032831251884033186 -0.011724321641562768
v 0.4045684782654724 0.03349399588403318 -0.011616556441562767
v 0.3992876712654724 0.04355907488403321 -0.015275027601562767
v 0.40032805526547244 0.04413574888403321 -0.015136288011562766
v 0.39860865426547243 0.04377570788403318 -0.014275349211562767
v 0.40305995926547245 0.032919078884033226 -0.010695154781562768
v 0.3954289552654724 0.05245858388403318 -0.017115637891562768
v 0.3962328582654724 0.0520760418840332 -0.017990337221562767
v 0.3973986352654724 0.05252322588403319 -0.017772199821562768
v 0.4003217962654724 0.04470676188403322 -0.014072406101562768
v 0.3973452302654724 0.0531823928840332 -0.016793863381562767
v 0.3935608272654724 0.06075236188403321 -0.020398378021562767
v 0.39486934226547243 0.06100900488403321 -0.02017340145556277
v 0.3928998562654724 0.06472547388403321 -0.021957916671562768
v 0.3942692872654724 0.06480151388403321 -0.02179093798156277
v 0.3925894792654724 0.0686379078840332 -0.023833567741562766
v 0.3939759732654724 0.0685018598840332 -0.023760921321562767
v 0.3927411142654724 0.0613168178840332 -0.019647970999562767
v 0.3935416792654724 0.06193321988403319 -0.018968375545562768
v 0.3961276562654724 0.05314046188403321 -0.016381425551562766
v 0.3948466782654724 0.061752959884033204 -0.019291245564062767
v 0.39860865426547243 0.04377570788403318 -0.014275349211562767
v 0.3973452302654724 0.0531823928840332 -0.016793863381562767
v 0.3992582712654724 0.04448360188403322 -0.013536960821562766
v 0.4003217962654724 0.04470676188403322 -0.014072406101562768
v 0.40305995926547245 0.032919078884033226 -0.010695154781562768
v 0.40366713726547243 0.03363299388403318 -0.009958516801562766
v 0.40459875726547245 0.033989727884033205 -0.010524673391562767
v 0.4108577672654724 0.018732070884033225 -0.004872725371562766
v 0.4117631462654724 0.019125818884033197 -0.005374980171562767
v 0.4102867092654724 0.018025308884033198 -0.005616779471562767
v 0.4108390362654724 0.01797836988403323 -0.006586535871562767
v 0.4036253992654724 0.032831251884033186 -0.011724321641562768
v 0.4117631462654724 0.019125818884033197 -0.005374980171562767
v 0.4045684782654724 0.03349399588403318 -0.011616556441562767
v 0.41175368426547243 0.018658697884033182 -0.006438923071562767
v 0.40459875726547245 0.033989727884033205 -0.010524673391562767
v 0.40032805526547244 0.04413574888403321 -0.015136288011562766
v 0.3935416792654724 0.06193321988403319 -0.018968375545562768
v 0.3943669502654724 0.06560571488403319 -0.020948187911562766
v 0.3948466782654724 0.061752959884033204 -0.019291245564062767
v 0.3931119892654724 0.06600473788403322 -0.020636663071562766
v 0.3927411142654724 0.0613168178840332 -0.019647970999562767
v 0.3943177012654724 0.0693732498840332 -0.022943620341562766
v 0.3922033312654724 0.0654595788840332 -0.021255256611562766
v 0.3932302442654724 0.07001334388403321 -0.022601334611562766
v 0.39216154826547245 0.06955715988403322 -0.023148805601562766
v 0.3922033312654724 0.0654595788840332 -0.021255256611562766
v 0.3928998562654724 0.06472547388403321 -0.021957916671562768
v 0.3925894792654724 0.0686379078840332 -0.023833567741562766
v 0.3935608272654724 0.06075236188403321 -0.020398378021562767
v 0.3922033312654724 0.0654595788840332 -0.021255256611562766
v 0.3943177012654724 0.0693732498840332 -0.022943620341562766
v 0.39440390426547245 0.07292623788403321 -0.024983801411562766
v 0.3937086012654724 0.0719985068840332 -0.02580059972156277
v 0.3939759732654724 0.0685018598840332 -0.023760921321562767
v 0.3943669502654724 0.06560571488403319 -0.020948187911562766
v 0.3923628482654724 0.0724140258840332 -0.025820860171562765
v 0.3942692872654724 0.06480151388403321 -0.02179093798156277
v 0.3925894792654724 0.0686379078840332 -0.023833567741562766
v 0.3948466782654724 0.061752959884033204 -0.019291245564062767
v 0.3923215862654724 0.07354958388403321 -0.025140897831562765
v 0.39486934226547243 0.06100900488403321 -0.02017340145556277
v 0.3973452302654724 0.0531823928840332 -0.016793863381562767
v 0.3973986352654724 0.05252322588403319 -0.017772199821562768
v 0.39216154826547245 0.06955715988403322 -0.023148805601562766
v 0.3935865312654724 0.0738638788840332 -0.024619628671562768
v 0.3932302442654724 0.07001334388403321 -0.022601334611562766
v 0.39440390426547245 0.07292623788403321 -0.024983801411562766
v 0.3943177012654724 0.0693732498840332 -0.022943620341562766
v 0.3916026652654724 0.07405722188403321 -0.021576857191562767
v 0.39209471626547243 0.07296530888403321 -0.021076921951562768
v 0.3935865012654724 0.0738638788840332 -0.024619628671562768
v 0.3905464112654724 0.07387167188403321 -0.022379095201562768
v 0.3951245102654724 0.0735535618840332 -0.028688871301562766
v 0.3923215862654724 0.07354958388403321 -0.025140900161562767
v 0.3903900532654724 0.0726547988840332 -0.022371749391562768
v 0.3944063182654724 0.07455515888403319 -0.02853529621156277
v 0.3948534722654724 0.0752676428840332 -0.032079586771562765
v 0.3923628482654724 0.0724140258840332 -0.025820860171562765
v 0.3913822922654724 0.07203075288403321 -0.021582252581562766
v 0.3930142522654724 0.07410974788403321 -0.028796601111562767
v 0.3941123932654724 0.07604742088403321 -0.031687614471562764
v 0.3938840772654724 0.0782465188840332 -0.034289948671562764
v 0.39317984926547245 0.0787400308840332 -0.033758980271562766
v 0.3911302092654724 0.08551336788403321 -0.037502249671562765
v 0.3927051422654724 0.0754491988840332 -0.03178054277156277
v 0.3928787562654724 0.0728346708840332 -0.029105081221562766
v 0.39066261026547244 0.0852627008840332 -0.03649844787156277
v 0.3851874472654724 0.0978620648840332 -0.04037275167156276
v 0.3918220402654724 0.0781802238840332 -0.03387877437156277
v 0.3848314582654724 0.09787529688403321 -0.039315829071562766
v 0.3787456452654724 0.10992735588403321 -0.04314176927156277
v 0.3937086462654724 0.0719985068840332 -0.02580059972156277
v 0.3925800622654724 0.0742989178840332 -0.032227880271562766
v 0.38942889826547245 0.0848471368840332 -0.03658491747156277
v 0.3785982432654724 0.10994543088403319 -0.04199320637156277
v 0.3688457462654724 0.1256562618840332 -0.04639746997156277
v 0.3942131402654724 0.07245829688403321 -0.029064864851562768
v 0.3916816712654724 0.07732611888403321 -0.03448188207156277
v 0.38370688226547245 0.09750278288403319 -0.03926187377156277
v 0.3939030762654724 0.0741959958840332 -0.032388967471562766
v 0.38913272326547244 0.0848385248840332 -0.03763945217156277
v 0.3929023292654724 0.07738532088403322 -0.03460556637156277
v 0.39440390426547245 0.07292623788403321 -0.024983801411562766
v 0.39209471626547243 0.07296530888403321 -0.021076921951562768
v 0.3951245102654724 0.0735535618840332 -0.028688871301562766
v 0.3948534722654724 0.0752676428840332 -0.032079586771562765
v 0.3880066272654724 0.07223044288403321 -0.017686154461562766
v 0.3877250252654724 0.0713835358840332 -0.018370931968562768
v 0.3861490632654724 0.07128681288403321 -0.016371100911562766
v 0.3861012902654724 0.07053545088403321 -0.017216133651562767
v 0.38526371126547243 0.06987176788403321 -0.015217276751562767
v 0.38532169126547244 0.06926828588403319 -0.016217891821562767
v 0.3938840772654724 0.0782465188840332 -0.034289948671562764
v 0.39003849026547244 0.08526568088403319 -0.03791411777156277
v 0.3911302092654724 0.08551336788403321 -0.037502249671562765
v 0.38414107226547245 0.09758669088403321 -0.04075861347156277
v 0.3851874472654724 0.0978620648840332 -0.04037275167156276
v 0.3833680302654724 0.09725937288403319 -0.040285563071562766
v 0.3777756392654724 0.1094413548840332 -0.04356540177156277
v 0.3787456452654724 0.10992735588403321 -0.04314176927156277
v 0.3770743902654724 0.1091249138840332 -0.04274773597156277
v 0.3775652202654724 0.1094494168840332 -0.04174962827156277
v 0.3679213672654724 0.1250703338840332 -0.046827567771562766
v 0.3688457462654724 0.1256562618840332 -0.04639746997156277
v 0.3602925092654724 0.1385032538840332 -0.04790727047156276
v 0.3687486942654724 0.12567885188403322 -0.045226167871562764
v 0.3677642042654724 0.1251067968840332 -0.044932283471562764
v 0.3594120742654724 0.1378481088840332 -0.048332151071562766
v 0.3526697452654724 0.1483840788840332 -0.04815543997156277
v 0.36725272226547245 0.1247306618840332 -0.045921968271562766
v 0.3601930142654724 0.1385291068840332 -0.04673615847156277
v 0.3602925092654724 0.1385032538840332 -0.04790727047156276
v 0.3518495112654724 0.1476511958840332 -0.04857335057156277
v 0.3457694502654724 0.1557900008840332 -0.048094991571562766
v 0.3587687612654724 0.13746915788403322 -0.04742364397156276
v 0.3592515442654724 0.1378899958840332 -0.04643735287156277
v 0.35256728526547243 0.1484141348840332 -0.04698475827156277
v 0.3526697452654724 0.1483840788840332 -0.04815543997156277
v 0.34501354426547237 0.1549870968840332 -0.04850518517156277
v 0.3393551932654724 0.1614450068840332 -0.048132190471562766
v 0.3512399942654724 0.1472285238840332 -0.047660836971562766
v 0.3516837212654724 0.1477000268840332 -0.04667904787156277
v 0.34566172926547245 0.1558257188840332 -0.04692490957156277
v 0.3457694502654724 0.1557900008840332 -0.048094991571562766
v 0.3386636302654724 0.1605835558840332 -0.04853092507156277
v 0.3333601352654724 0.1662553248840332 -0.04843942077156277
v 0.34443889526547244 0.1545265768840332 -0.04758859057156277
v 0.3448392752654724 0.1550449278840332 -0.04661191437156277
v 0.3392391502654724 0.1614881158840332 -0.04696451497156277
v 0.3393551932654724 0.1614450068840332 -0.048132190471562766
v 0.3327210542654724 0.1653511968840332 -0.04883218187156277
v 0.3285095172654724 0.1701703818840332 -0.04943223297156277
v 0.3381202672654724 0.1600942308840332 -0.04760981907156277
v 0.33847590526547244 0.16065344188403322 -0.04664173537156277
v 0.33323119626547243 0.1663090738840332 -0.04727401587156277
v 0.3333601352654724 0.1662553248840332 -0.04843942077156277
v 0.3278945912654724 0.1692479998840332 -0.04982313517156277
v 0.3251176402654724 0.17310695388403322 -0.05050258527156277
v 0.3321969132654724 0.1648461218840332 -0.047909477771562764
v 0.3325121252654724 0.1654381598840332 -0.04694646227156277
v 0.32835937326547243 0.1702404168840332 -0.04826821757156277
v 0.3285095172654724 0.1701703818840332 -0.04943223297156277
v 0.3244294672654724 0.1722288278840332 -0.05092832637156277
v 0.31741958126547243 0.1822943088840332 -0.05360970087156277
v 0.3273641912654724 0.1687479618840332 -0.04890073277156277
v 0.3276513592654724 0.16936121888403322 -0.047939743871562766
v 0.32490516426547245 0.1732190698840332 -0.049361910671562766
v 0.3251176402654724 0.17310695388403322 -0.05050258527156277
v 0.3166230322654724 0.1815464048840332 -0.054087085671562764
v 0.3105248436654724 0.1933186198840332 -0.056851839671562765
v 0.3237926812654724 0.1717992868840332 -0.050047162871562766
v 0.3240861822654724 0.1724110688840332 -0.04908027127156277
v 0.3171349092654724 0.1824864598840332 -0.05249902047156277
v 0.31741958126547243 0.1822943088840332 -0.05360970087156277
v 0.3096614405654724 0.1926824818840332 -0.05736411547156277
v 0.3040141612654724 0.2073317538840332 -0.06104967927156277
v 0.3158464352654724 0.1812759488840332 -0.053270762771562764
v 0.3161626602654724 0.1818570348840332 -0.05228734207156277
v 0.3102078586654724 0.1935600118840332 -0.055777372771562764
v 0.3105248436654724 0.1933186198840332 -0.056851839671562765
v 0.3031181692654724 0.2067674848840332 -0.061561869471562766
v 0.2992021515654724 0.2232727482840332 -0.06566903557156277
v 0.30881110576547244 0.1925311308840332 -0.05660471137156277
v 0.3091490119654724 0.1930736158840332 -0.05562342887156277
v 0.30369342116547243 0.2075996998840332 -0.05995077827156277
v 0.3040141612654724 0.2073317538840332 -0.06104967927156277
v 0.2982857078654724 0.2227634414840332 -0.06620050777156276
v 0.2934962063654724 0.2394939660840332 -0.07326303977156276
v 0.3022441416654724 0.2066867648840332 -0.06077967397156277
v 0.30259967596547244 0.2072009888840332 -0.05978396347156277
v 0.2988832443654724 0.2235340699840332 -0.06457134527156277
v 0.2992021515654724 0.2232727482840332 -0.06566903557156277
v 0.29256158326547244 0.2390417083840332 -0.07382677307156277
v 0.2885378971654724 0.2536353505840332 -0.08035756837156277
v 0.2875838205654724 0.2532434090840332 -0.08093440717156276
v 0.2974000871654724 0.2227122932840332 -0.06542924237156277
v 0.2977696955654724 0.2231876998840332 -0.06442306747156276
v 0.29167503116547244 0.2389847561840332 -0.07306499217156276
v 0.2867071479654724 0.2531656846840332 -0.08014463077156277
v 0.29206184296547244 0.23939695208403322 -0.07203512457156278
v 0.2871190383654724 0.2535087801840332 -0.07909102177156277
v 0.2931877672654724 0.2397112100840332 -0.07215916547156276
v 0.2882508039654724 0.2537994570840332 -0.07921784187156276
v 0.2934962063654724 0.2394939660840332 -0.07326303977156276
v 0.2885378971654724 0.2536353505840332 -0.08035756837156277
v 0.04605072726547241 0.2411429807840332 0.007667588028437235
v 0.04366108726547241 0.2366643920840332 0.007798960428437234
v 0.04284825926547242 0.2373230158840332 0.007992321628437233
v 0.04690934726547241 0.2405583560840332 0.007481055328437233
v 0.049072057265472424 0.24545135348403319 0.007189327828437234
v 0.04384557926547242 0.2369255050840332 0.006562026228437233
v 0.049959600265472415 0.2449092343840332 0.006987284828437232
v 0.05195046926547242 0.25126728038403323 0.008848436128437234
v 0.04711049826547242 0.24080616238403318 0.006221612928437231
v 0.04305693526547241 0.2376916333840332 0.006095128128437231
v 0.046277404265472416 0.24148701128403322 0.005739320028437234
v 0.042445525265472406 0.2379400655840332 0.006975259628437234
v 0.05015772626547241 0.2451098039840332 0.005720630328437233
v 0.05298602626547241 0.2511186413840332 0.008655073128437232
v 0.04562383926547242 0.24169553818403322 0.006633481028437232
v 0.04284825926547242 0.2373230158840332 0.007992321628437233
v 0.04605072726547241 0.2411429807840332 0.007667588028437235
v 0.04931041626547242 0.2457338571840332 0.005228953428437232
v 0.04863809026547242 0.2459427117840332 0.006139699328437234
v 0.049072057265472424 0.24545135348403319 0.007189327828437234
v 0.05301053826547242 0.2514374367840332 0.0074181389284372345
v 0.055381655265472424 0.2468895911840332 0.006987284828437232
v 0.054500758265472404 0.2463367283840332 0.007189327828437234
v 0.05128832126547242 0.2515905014840332 0.007831372328437232
v 0.05195046926547242 0.25126728038403323 0.008848436128437234
v 0.054500758265472404 0.2463367283840332 0.007189327828437234
v 0.0519405902654724 0.2516907341840332 0.006951240828437233
v 0.053867519265472424 0.24616725738403322 0.006139699328437234
v 0.057144984265472404 0.2415613978840332 0.007667588028437235
v 0.05529040126547241 0.2471563368840332 0.005720630328437233
v 0.0543541162654724 0.2466760053840332 0.005228953428437232
v 0.05646009726547241 0.24142555148403322 0.006633481028437232
v 0.060024246265472425 0.2368429377840332 0.007992321628437233
v 0.0592923762654724 0.2367574348840332 0.006975259628437234
v 0.0569380672654724 0.24191768468403319 0.005739320028437234
v 0.059787273265472424 0.2371940090840332 0.006095128128437231
v 0.0579188762654724 0.2423599660840332 0.006221612928437231
v 0.0608246032654724 0.23755853618403322 0.006562026228437233
v 0.058051049265472415 0.2420694529840332 0.007481055328437233
v 0.06097611826547242 0.2372769787840332 0.007798960428437234
v 0.057144984265472404 0.2415613978840332 0.007667588028437235
v 0.060024246265472425 0.2368429377840332 0.007992321628437233
v 0.04687379326547242 0.24983112518403322 0.007667588028437235
v 0.044746101265472404 0.2444919570840332 0.007798960428437234
v 0.04393327226547242 0.2451505884840332 0.007992321628437233
v 0.04773244226547241 0.2492465041840332 0.007481055328437233
v 0.04971791826547242 0.2554761916840332 0.007104611028437232
v 0.04493059226547241 0.2447530775840332 0.006562026228437233
v 0.05069062126547241 0.2552053667840332 0.006897639528437232
v 0.0523113462654724 0.2612222283840332 0.007131699428437232
v 0.0479335782654724 0.2494943067840332 0.006221612928437231
v 0.044141918265472424 0.2455191984840332 0.006095128128437231
v 0.04710048426547242 0.2501751519840332 0.005739320028437234
v 0.0435305382654724 0.2457676306840332 0.006975259628437234
v 0.05083994526547242 0.2554153836840332 0.005634555628437232
v 0.053351328265472425 0.2612119316840332 0.006929656528437234
v 0.04644688926547241 0.2503836825840332 0.006633481028437232
v 0.04393327226547242 0.2451505884840332 0.007992321628437233
v 0.04687379326547242 0.24983112518403322 0.007667588028437235
v 0.049887970265472426 0.2557712010840332 0.0051486212284372335
v 0.049195379265472405 0.2558091357840332 0.0060582626284372346
v 0.04971791826547242 0.2554761916840332 0.007104611028437232
v 0.053418547265472405 0.2614857293840332 0.005663003728437234
v 0.055381655265472424 0.2563261799840332 0.006987284828437232
v 0.054500758265472404 0.2557733170840332 0.007189327828437234
v 0.05168683826547241 0.2614215276840332 0.006082072828437233
v 0.0523113462654724 0.2612222283840332 0.007131699428437232
v 0.054500758265472404 0.2557733170840332 0.007189327828437234
v 0.05237111426547242 0.2615869901840332 0.005171326928437234
v 0.053867519265472424 0.2556038498840332 0.006139699328437234
v 0.057144984265472404 0.2509979828840332 0.007667588028437235
v 0.05529040126547241 0.2565929218840332 0.005720630328437233
v 0.0543541162654724 0.2561125941840332 0.005228953428437232
v 0.05646009726547241 0.2508621401840332 0.006633481028437232
v 0.060024246265472425 0.2462795301840332 0.007992321628437233
v 0.0592923762654724 0.24619401988403322 0.006975259628437234
v 0.0569380672654724 0.2513542770840332 0.005739320028437234
v 0.059787273265472424 0.24663059418403321 0.006095128128437231
v 0.0579188762654724 0.2517965510840332 0.006221612928437231
v 0.0608246032654724 0.2469951286840332 0.006562026228437233
v 0.058051049265472415 0.2515060454840332 0.007481055328437233
v 0.06097611826547242 0.2467135637840332 0.007798960428437234
v 0.057144984265472404 0.2509979828840332 0.007667588028437235
v 0.060024246265472425 0.2462795301840332 0.007992321628437233
v 0.04687379326547242 0.2577578760840332 0.007667588028437235
v 0.044746101265472404 0.2524187117840332 0.007798960428437234
v 0.04393327226547242 0.25307733568403323 0.007992321628437233
v 0.04773244226547241 0.2571732550840332 0.007481055328437233
v 0.049969956265472404 0.2622533626840332 0.007189327828437234
v 0.04493059226547241 0.2526798247840332 0.006562026228437233
v 0.050857514265472414 0.2617112360840332 0.006987284828437232
v 0.05253684526547242 0.2672278023840332 0.0064608473284372345
v 0.0479335782654724 0.2574210576840332 0.006221612928437231
v 0.044141918265472424 0.2534459493840332 0.006095128128437231
v 0.04710048426547242 0.25810190288403323 0.005739320028437234
v 0.0435305382654724 0.2536943815840332 0.006975259628437234
v 0.051055625265472415 0.2619118131840332 0.005720630328437233
v 0.04644688926547241 0.2583104334840332 0.006633481028437232
v 0.04393327226547242 0.25307733568403323 0.007992321628437233
v 0.04687379326547242 0.2577578760840332 0.007667588028437235
v 0.050208315265472425 0.2625358588840332 0.005228953428437232
v 0.049536004265472416 0.2627447135840332 0.006139699328437234
v 0.049969956265472404 0.2622533626840332 0.007189327828437234
v 0.053596899265472425 0.2672839164840332 0.006227066728437234
v 0.053676247265472404 0.2674661650840332 0.004968756828437233
v 0.05529040126547241 0.2645196728840332 0.005720630328437233
v 0.053418547265472405 0.2614857293840332 0.005663003728437234
v 0.05262978326547241 0.2674844935840332 0.004479015228437234
v 0.051926225265472414 0.2673370353840332 0.005401095328437234
v 0.05253684526547242 0.2672278023840332 0.0064608473284372345
v 0.053867519265472424 0.2635305970840332 0.006139699328437234
v 0.05168683826547241 0.2614215276840332 0.006082072828437233
v 0.0524518792654724 0.2723073959840332 0.0056128613284372325
v 0.05352188626547241 0.2723339870840332 0.005327967928437233
v 0.052384987265472416 0.2773288339840332 0.0045056939284372315
v 0.053476199265472424 0.27731969948403323 0.004155565028437232
v 0.05255679826547241 0.2825156785840332 0.002942357228437234
v 0.05358743626547241 0.2724346182840332 0.004081729828437235
v 0.05369621526547241 0.2823532484840332 0.002564668628437232
v 0.052616164265472415 0.2877959254840332 0.00044347902843723183
v 0.053521439265472426 0.2773384116840332 0.0029219631284372327
v 0.0537662652654724 0.2876179515840332 3.3678528437233735e-05
v 0.05278573926547242 0.2932656872840332 -0.002364836671562766
v 0.052545905265472426 0.2724540531840332 0.0036196597284372314
v 0.05373522626547242 0.2822904977840332 0.0013384483284372313
v 0.05390417526547242 0.2930931467840332 -0.0027604270715627655
v 0.05390855626547242 0.2994002531840332 -0.006182558871562768
v 0.05246958126547241 0.2773651890840332 0.0025073494284372326
v 0.053780392265472404 0.2873990833840332 -0.0011712256715627686
v 0.05500726426547242 0.29919544238403323 -0.006559090671562767
v 0.05451615126547241 0.3051129532940332 -0.010639314541562767
v 0.05264520626547242 0.2824306301840332 0.0009407773284372326
v 0.05389185226547241 0.2927228361840332 -0.003930760571562768
v 0.055610209265472416 0.3048734664940332 -0.010997903531562768
v 0.054350525265472405 0.3082603074140332 -0.013740717901562767
v 0.052660688265472405 0.2874511349840332 -0.0015234462715627665
v 0.054959342265472416 0.2986050992840332 -0.007600691171562767
v 0.055444494265472405 0.3080175973040332 -0.014096209781562768
v 0.054018825265472414 0.3111589813200332 -0.016758610961562767
v 0.05277468226547241 0.2926726527840332 -0.004268505571562766
v 0.0555443762654724 0.3040856551340332 -0.011873690881562766
v 0.05511288326547242 0.3109125328050332 -0.017111284421562768
v 0.05370400826547242 0.3137834549440332 -0.01959334095556277
v 0.0538330222654724 0.2984487535840332 -0.007871699471562767
v 0.05537977826547241 0.3071815110740332 -0.014922072641562766
v 0.0547983792654724 0.3135329054240332 -0.019941832637562766
v 0.053467497265472425 0.3160399626940332 -0.021991924851562768
v 0.05456207726547241 0.3157869717140332 -0.022337924921562766
v 0.055051237265472425 0.3100532913230332 -0.017912122891562767
v 0.0547373142654724 0.3126708221340332 -0.02073881111156277
v 0.05450066926547242 0.3149288175640332 -0.02313902811156277
v 0.0544101152654724 0.3038381766540332 -0.012055063151562767
v 0.054246276265472404 0.3069072915240332 -0.015075704551562766
v 0.053919300265472425 0.3097683907250332 -0.018053700561562767
v 0.053605199265472414 0.3123883628240332 -0.020882763431562767
v 0.0533680912654724 0.3146514128940332 -0.023288127961562766
v 0.05456207726547241 0.3157869717140332 -0.022337924921562766
v 0.05272947226547242 0.3153383634040332 -0.022579221291562767
v 0.053467497265472425 0.3160399626940332 -0.021991924851562768
v 0.052966639265472404 0.3130762290640332 -0.020174843899562766
v 0.05272947226547242 0.3153383634040332 -0.022579221291562767
v 0.05370400826547242 0.3137834549440332 -0.01959334095556277
v 0.054018825265472414 0.3111589813200332 -0.016758610961562767
v 0.053281232265472406 0.3104515457230332 -0.01734075276156277
v 0.054350525265472405 0.3082603074140332 -0.013740717901562767
v 0.05361025026547242 0.3075742339740332 -0.014345442871562766
v 0.05451615126547241 0.3051129532940332 -0.010639314541562767
v 0.053774625265472414 0.3044727519140332 -0.011292112061562767
v 0.05390855626547242 0.2994002531840332 -0.006182558871562768
v 0.0531863272654724 0.2989426236840332 -0.007000226571562768
v 0.05278573926547242 0.2932656872840332 -0.002364836671562766
v 0.05209882526547241 0.2930128108840332 -0.003311313671562767
v 0.052616164265472415 0.2877959254840332 0.00044347902843723183
v 0.05195407526547241 0.2877007107840332 -0.0005408208715627673
v 0.05255679826547241 0.2825156785840332 0.002942357228437234
v 0.051930442265472415 0.2825767323840332 0.0019163489284372316
v 0.052384987265472416 0.2773288339840332 0.0045056939284372315
v 0.05177652826547241 0.2773625962840332 0.0034744832284372314
v 0.0524518792654724 0.2723073959840332 0.0056128613284372325
v 0.051848322265472424 0.27237730098403323 0.0045602843284372335
v 0.054500758265472404 0.2637000679840332 0.007189327828437234
v 0.0523113462654724 0.2612222283840332 0.007131699428437232
v 0.057144984265472404 0.2589247338840332 0.007667588028437235
v 0.052074820265472416 0.2567934617840332 0.007667588028437235
v 0.05646009726547241 0.2587888911840332 0.006633481028437232
v 0.060024246265472425 0.25420627738403323 0.007992321628437233
v 0.0592923762654724 0.2541207708840332 0.006975259628437234
v 0.0514249802654724 0.2570489309840332 0.006633481028437232
v 0.05195046926547242 0.25126728038403323 0.008848436128437234
v 0.0543541162654724 0.2640393450840332 0.005228953428437232
v 0.0569380672654724 0.2592810243840332 0.005739320028437234
v 0.059787273265472424 0.2545573450840332 0.006095128128437231
v 0.0523711442654724 0.2615869901840332 0.005171326928437234
v 0.05128832126547242 0.2515905014840332 0.007831372328437232
v 0.0515331332654724 0.2463075294840332 0.009983915828437231
v 0.0579188762654724 0.2597233019840332 0.006221612928437231
v 0.0608246032654724 0.2549218758840332 0.006562026228437233
v 0.05209302926547241 0.2572050690840332 0.005739320028437234
v 0.0508746802654724 0.2467192262840332 0.008983125928437231
v 0.05037395626547242 0.2415685504840332 0.012286754328437233
v 0.055381655265472424 0.26425293088403323 0.006987284828437232
v 0.058051049265472415 0.2594327926840332 0.007481055328437233
v 0.06097611826547242 0.2546403146840332 0.007798960428437234
v 0.057144984265472404 0.2589247338840332 0.007667588028437235
v 0.060024246265472425 0.25420627738403323 0.007992321628437233
v 0.054500758265472404 0.2637000679840332 0.007189327828437234
v 0.053351328265472425 0.2612119316840332 0.006929656528437234
v 0.0523113462654724 0.2612222283840332 0.007131699428437232
v 0.0531117622654724 0.2567318528840332 0.007481055328437233
v 0.052074820265472416 0.2567934617840332 0.007667588028437235
v 0.0531573742654724 0.2570477500840332 0.006221612928437231
v 0.05298602626547241 0.2511186413840332 0.008655073128437232
v 0.05195046926547242 0.25126728038403323 0.008848436128437234
v 0.0519405902654724 0.2516907341840332 0.006951240828437233
v 0.05301053826547242 0.2514374367840332 0.0074181389284372345
v 0.05255268526547241 0.24600767348403318 0.009772056728437232
v 0.0515331332654724 0.2463075294840332 0.009983915828437231
v 0.051505342265472404 0.2467074021840332 0.008114559528437232
v 0.05255873526547242 0.24629592898403319 0.008567716928437233
v 0.051350042265472406 0.24112076308403319 0.01204066912843723
v 0.05037395626547242 0.2415685504840332 0.012286754328437233
v 0.04974555926547242 0.2420631050840332 0.011304125228437233
v 0.048258900265472415 0.2371114939840332 0.013423329228437232
v 0.05034242526547242 0.2419402673840332 0.010433562128437233
v 0.05134466326547241 0.24137754738403322 0.010866293728437233
v 0.04770502426547241 0.2376917078840332 0.012452812828437236
v 0.044881075265472414 0.2335584833840332 0.015038205328437235
v 0.049128055265472426 0.2364856153840332 0.013146290528437236
v 0.048258900265472415 0.2371114939840332 0.013423329228437232
v 0.04823347926547242 0.2374299838840332 0.011572565928437233
v 0.04446165226547241 0.2342322393840332 0.014068013028437236
v 0.038725719265472414 0.2321735992840332 0.01920173872843723
v 0.049118057265472415 0.2366945296840332 0.011989813328437234
v 0.04553289726547241 0.23270241168403322 0.014752639428437235
v 0.044881075265472414 0.2335584833840332 0.015038205328437235
v 0.03848688326547242 0.23293054848403322 0.01825272102843723
v 0.031875536265472404 0.2318119629840332 0.021156745028437236
v 0.044848770265472404 0.23378681388403322 0.013184836128437231
v 0.04550872726547242 0.2328398748840332 0.013605212828437234
v 0.03909242126547241 0.23108118028403318 0.018864205128437235
v 0.038725719265472414 0.2321735992840332 0.01920173872843723
v 0.03180864426547242 0.2325920313840332 0.020204151028437235
v 0.023174628265472424 0.2317567094840332 0.02155574592843723
v 0.03869533526547242 0.2322944476840332 0.01732797732843723
v 0.0390660162654724 0.23114714028403321 0.017712837128437235
v 0.0319460932654724 0.2306300922840332 0.02081188002843723
v 0.031875536265472404 0.2318119629840332 0.021156745028437236
v 0.023175969265472413 0.2325146868840332 0.020595038328437232
v 0.013541549265472408 0.2327651604840332 0.02251835722843723
v 0.031825259265472416 0.2318849414840332 0.019269822128437232
v 0.03190103126547242 0.2306648865840332 0.019659424228437236
v 0.0230978432654724 0.23062568898403318 0.02120784112843723
v 0.023174628265472424 0.2317567094840332 0.02155574592843723
v 0.0136457082654724 0.2335013374840332 0.021558241928437236
v 0.004116952265472401 0.2349731847840332 0.020984342328437232
v 0.02309471326547241 0.2318550496840332 0.019654301928437236
v 0.023034483265472416 0.23068159078403322 0.02004631422843723
v 0.013365730265472414 0.2316633835840332 0.022157544228437236
v 0.013541549265472408 0.2327651604840332 0.02251835722843723
v 0.004322439265472405 0.2356847747840332 0.02003576042843723
v -0.004774838734527581 0.2382611259840332 0.020651282728437234
v 0.01353277226547242 0.2328572868840332 0.020603118428437234
v 0.01335306426547242 0.23172054438403322 0.020978922028437236
v 0.003844812265472425 0.2338945418840332 0.020605286628437233
v 0.004116952265472401 0.2349731847840332 0.020984342328437232
v -0.004460826734527579 0.2389366700840332 0.019722817428437234
v -0.010213792734527577 0.2420473843840332 0.019335700228437232
v 0.004179731265472414 0.2350443675840332 0.019066909328437236
v 0.003882944265472421 0.2339410259840332 0.019416382528437234
v -0.0051150317345275975 0.2372128888840332 0.02025063152843723
v -0.004774838734527581 0.2382611259840332 0.020651282728437234
v -0.009747221734527578 0.2426595314840332 0.01843484302843723
v -0.01520024273452758 0.24647314098403322 0.017670432128437233
v -0.004603400734527585 0.2383053376840332 0.01874473502843723
v -0.00500464473452758 0.2372406199840332 0.01906724832843723
v -0.010638385734527578 0.2410370856840332 0.01891113262843723
v -0.010213792734527577 0.2420473843840332 0.019335700228437232
v -0.014593466734527577 0.2470046281840332 0.01680374332843723
v -0.0183232877345276 0.2491880803840332 0.016733093228437232
v -0.00988152573452758 0.2420280277840332 0.017453303528437235
v -0.0104307387345276 0.2410258873840332 0.01774672972843723
v -0.015703901734527598 0.2455090507840332 0.01722783412843723
v -0.01520024273452758 0.24647314098403322 0.017670432128437233
v -0.0175620017345276 0.2495810128840332 0.015911692728437232
v -0.02058403173452758 0.2527325264840332 0.015990560828437236
v -0.014722555734527576 0.2463682368840332 0.015823395928437234
v -0.015409067734527576 0.2454434781840332 0.01608425192843723
v -0.019009068734527595 0.2483867853840332 0.016249159328437235
v -0.0183232877345276 0.2491880803840332 0.016733093228437232
v -0.019724949734527597 0.2529744356840332 0.015207590528437231
v -0.022145822734527587 0.2569562717840332 0.015428265528437235
v -0.01777908173452758 0.2490160204840332 0.01490860242843723
v -0.01867467173452758 0.2482743672840332 0.01511072922843723
v -0.021411716734527575 0.2521468922840332 0.015457013628437231
v -0.02058403173452758 0.2527325264840332 0.015990560828437236
v -0.021239682734527587 0.2570723145840332 0.014669945428437234
v -0.023136332734527587 0.2616597935840332 0.015019575128437233
v -0.02002370373452758 0.2525320052840332 0.014178009728437233
v -0.021067976734527594 0.2520158774840332 0.014325136328437231
v -0.02304278273452759 0.2565399743840332 0.01486136952843723
v -0.022145822734527587 0.2569562717840332 0.015428265528437235
v -0.022211476734527585 0.2616812698840332 0.014275940128437234
v -0.02369269773452759 0.2666271403840332 0.014707127628437233
v -0.02157826673452759 0.2567218206840332 0.013624036728437233
v -0.022694110734527595 0.2563898116840332 0.013738324828437232
v -0.024063914734527597 0.2613556310840332 0.014431932928437231
v -0.023136332734527587 0.2616597935840332 0.015019575128437233
v -0.022763117734527577 0.2665823548840332 0.013972090528437231
v -0.0239677277345276 0.2716343700840332 0.014408083628437235
v -0.022568657734527597 0.2613864726840332 0.013221381228437232
v -0.023715376734527588 0.2611819095840332 0.013313470428437231
v -0.0246338847345276 0.2663842402840332 0.014108164228437234
v -0.02369269773452759 0.2666271403840332 0.014707127628437233
v -0.023039340734527597 0.2715465761840332 0.013677766528437232
v -0.024133741734527592 0.2765028401840332 0.014023428828437233
v -0.02313144473452758 0.2663075439840332 0.012911802128437233
v -0.024289235734527598 0.2661824822840332 0.012991985328437233
v -0.024915903734527595 0.2714060209840332 0.013806579628437232
v -0.0239677277345276 0.2716343700840332 0.014408083628437235
v -0.02320556373452759 0.2762790508840332 0.013303427028437231
v -0.023181333734527576 0.2856420520840332 0.011943202428437234
v -0.023415833734527575 0.2712597101840332 0.012617217328437236
v -0.0245775137345276 0.2711697779840332 0.012691779028437232
v -0.02508802673452759 0.2762877680840332 0.01342442822843723
v -0.024133741734527592 0.2765028401840332 0.014023428828437233
v -0.022285088734527586 0.2851161006840332 0.011322421928437233
v -0.020099311734527586 0.2933355718840332 0.007935863028437233
v -0.023588537734527598 0.2759203351840332 0.012250309828437236
v -0.0247542707345276 0.2759220897840332 0.012318925928437231
v -0.024137288734527584 0.28549592938403323 0.011345524328437231
v -0.023181333734527576 0.2856420520840332 0.011943202428437234
v -0.019304379734527588 0.2925524711840332 0.0075000375284372325
v -0.01572389873452759 0.2997576333840332 0.0023492686284372344
v -0.022699773734527584 0.2846260070840332 0.010308319728437234
v -0.0238523487345276 0.2848503887840332 0.010304454728437232
v -0.021049767734527575 0.2932403180840332 0.007291788228437231
v -0.020099311734527586 0.2933355718840332 0.007935863028437233
v -0.015008538734527593 0.2988605498840332 0.002061748828437234
v -0.010836660734527576 0.3051986885240332 -0.004558601371562767
v -0.0197705027345276 0.2919628712840332 0.006569556928437234
v -0.02085749773452758 0.2923774532840332 0.006423460328437235
v -0.0166738927345276 0.2996782110840332 0.0016713850284372327
v -0.01572389873452759 0.2997576333840332 0.0023492686284372344
v -0.01015794273452758 0.3042624094540332 -0.004770698971562766
v -0.005918860734527576 0.3102398872720332 -0.012060604061562768
v -0.015517636734527579 0.2982239154840332 0.0012028496284372317
v -0.016549736734527587 0.2987257577840332 0.000956086428437232
v -0.0117892627345276 0.3051193431040332 -0.005242800371562767
v -0.010836660734527576 0.3051986885240332 -0.004558601371562767
v -0.0052390697345275905 0.3093048286440332 -0.012274198231562767
v -0.0014566627345275751 0.3154153632940332 -0.019469604114562767
v -0.01069116573452758 0.3036041450640332 -0.0055859992715627665
v -0.011699348734527576 0.3041339302440332 -0.005877800271562768
v -0.006882145734527584 0.31014925002803323 -0.012728500181562767
v -0.005918860734527576 0.3102398872720332 -0.012060604061562768
v -0.0007360577345275898 0.3145276068240332 -0.019750499341562765
v 0.0019505322654723989 0.3211169624840332 -0.026381892621562767
v -0.005782156734527588 0.3086358832640332 -0.013074102341562768
v -0.0067977757345275835 0.3091580391640332 -0.013354796911562767
v -0.0024428517345276013 0.3152981759040332 -0.020099506014562767
v -0.0014566627345275751 0.3154153632940332 -0.019469604114562767
v 0.002713337265472404 0.3202997017640332 -0.026748790401562767
v 0.00370255126547242 0.32511384968403323 -0.03080409947156277
v -0.0012768507345276014 0.3138611030340332 -0.020554103421562768
v -0.0023317487345276 0.3143374824440332 -0.02076980553156277
v 0.0009413362654724089 0.3209613226840332 -0.026965293571562767
v 0.0019505322654723989 0.3211169624840332 -0.026381892621562767
v 0.0044767412654724 0.3243231391840332 -0.031200503971562765
v 0.005447849265472399 0.3290353584840332 -0.03534870037156276
v 0.002175539265472426 0.3196389963840332 -0.027558898551562766
v 0.001080438265472411 0.32004793174403323 -0.027692698871562768
v 0.0026826262654724153 0.3249341006840332 -0.031360492071562766
v 0.00370255126547242 0.32511384968403323 -0.03080409947156277
v 0.006217628265472425 0.3282345775840332 -0.03573367927156276
v 0.007245853265472418 0.3328973576840332 -0.03990978187156277
v 0.003935337265472405 0.3236544988840332 -0.03200189487156277
v 0.00282654126547241 0.3240323066840332 -0.03210069607156277
v 0.004426747265472403 0.3288531675840332 -0.03590190787156276
v 0.005447849265472399 0.3290353584840332 -0.03534870037156276
v 0.008011535265472408 0.3320877253840332 -0.040284194071562765
v 0.00916413926547241 0.3367355540840332 -0.04440509717156277
v 0.005672335265472422 0.3275573923840332 -0.03652480987156277
v 0.004565447265472422 0.3279397766840332 -0.036628799471562765
v 0.00622913226547242 0.3327246270840332 -0.04047408887156277
v 0.007245853265472418 0.3328973576840332 -0.03990978187156277
v 0.009925633265472411 0.3359176814840332 -0.04476989617156277
v 0.011269748265472418 0.3405856508840332 -0.04875228737156277
v 0.0074679402654724 0.3314142040840332 -0.041079901171562766
v 0.006366327265472399 0.3318078796840332 -0.041197318571562766
v 0.008158132265472406 0.3365841861840332 -0.04499458147156277
v 0.00916413926547241 0.3367355540840332 -0.04440509717156277
v 0.01202704026547241 0.3397598452840332 -0.049108618871562766
v 0.013629138265472407 0.3444824404840332 -0.05287029037156277
v 0.009390235265472419 0.3352606389840332 -0.04558479227156277
v 0.00829784526547242 0.3356726262840332 -0.04572368597156277
v 0.010282442265472425 0.3404684625840332 -0.049380492371562765
v 0.011269748265472418 0.3405856508840332 -0.04875228737156277
v 0.014382153265472403 0.3436496145840332 -0.05321910787156277
v 0.016281649265472403 0.3484201244840332 -0.056639099471562766
v 0.011507749265472406 0.3391327093840332 -0.04995689357156277
v 0.010429531265472414 0.3395703304840332 -0.050124892971562765
v 0.012670651265472399 0.3444131649840332 -0.05354869547156277
v 0.013629138265472407 0.3444824404840332 -0.05287029037156277
v 0.017047539265472422 0.3476071357840332 -0.057007597771562765
v 0.022943035265472422 0.3579107857840332 -0.062467688671562764
v 0.013889029265472419 0.3430658131840332 -0.054113080771562766
v 0.012831330265472424 0.3435373119840332 -0.05431690257156277
v 0.015384733265472406 0.3484433181840332 -0.05740508997156277
v 0.016281649265472403 0.3484201244840332 -0.056639099471562766
v 0.023763939265472406 0.3571771420840332 -0.06288600897156277
v 0.030146733265472403 0.3685952946840332 -0.06481429747156277
v 0.016623944265472423 0.3471280075840332 -0.05800151637156277
v 0.015596330265472413 0.3476449772840332 -0.05824718437156277
v 0.022159844265472406 0.3580978586840332 -0.06333301407156278
v 0.022943035265472422 0.3579107857840332 -0.062467688671562764
v 0.0310385372654724 0.3679672404840332 -0.06525650057156276
v 0.03754013826547242 0.3803106844840332 -0.06475440967156276
v 0.023487925265472415 0.3569104186840332 -0.06400970187156277
v 0.022496551265472425 0.3574795722840332 -0.06428600287156278
v 0.029470354265472426 0.3689419738840332 -0.06571411157156276
v 0.030146733265472403 0.3685952946840332 -0.06481429747156277
v 0.038485452265472425 0.3797680809840332 -0.06519691457156276
v 0.044703454265472425 0.3928030579840332 -0.06334930097156277
v 0.030913144265472425 0.3679254315840332 -0.06642959457156276
v 0.029944047265472423 0.3685278482840332 -0.06671230307156277
v 0.036915317265472425 0.3807400688840332 -0.06565330367156277
v 0.03754013826547242 0.3803106844840332 -0.06475440967156276
v 0.04568713926547241 0.39232820268403323 -0.06378478747156277
v 0.0512142182654724 0.4058175831840332 -0.06168468487156277
v 0.03844493626547241 0.37986207758403323 -0.06636920757156277
v 0.03747451326547241 0.3804629668840332 -0.06665118967156278
v 0.04408413126547242 0.3932431190840332 -0.06424648127156277
v 0.044703454265472425 0.3928030579840332 -0.06334930097156277
v 0.05222594726547242 0.4053988828840332 -0.06211360727156277
v 0.05665333526547242 0.4191092098840332 -0.06086181667156277
v 0.045675844265472415 0.3924743830840332 -0.06495109387156277
v 0.044685140265472406 0.39303987468403323 -0.06523651067156278
v 0.05056442326547242 0.4061975255840332 -0.06258918527156276
v 0.0512142182654724 0.4058175831840332 -0.06168468487156277
v 0.0576854352654724 0.4187411668840332 -0.061288183571562765
v 0.06058494726547242 0.4323993098840332 -0.06199550447156277
v 0.05220142026547242 0.4055200367840332 -0.06328311747156276
v 0.05117455126547241 0.4060138091840332 -0.06357708017156277
v 0.05594451726547242 0.4193466378840332 -0.06177471017156277
v 0.05665333526547242 0.4191092098840332 -0.06086181667156277
v 0.061628833265472416 0.43207124588403323 -0.06242561157156277
v 0.06310763926547241 0.44445802288403324 -0.06457580437156277
v 0.05761444526547241 0.4187506288840332 -0.06246471217156277
v 0.056538552265472414 0.4191250798840332 -0.06276538777156276
v 0.059822917265472425 0.4324572908840332 -0.06289291197156277
v 0.06058494726547242 0.4323993098840332 -0.06199550447156277
v 0.0641591252654724 0.44416566188403317 -0.06501300817156278
v 0.06505195826547241 0.4569384898840332 -0.06764198277156278
v 0.06151203826547241 0.43192659288403323 -0.06358878877156277
v 0.06039592626547241 0.4321652348840332 -0.06387771477156276
v 0.06232193126547242 0.4444009508840332 -0.06544899007156277
v 0.06310763926547241 0.44445802288403324 -0.06457580437156277
v 0.06611202626547241 0.4567004588840332 -0.06809230707156277
v 0.06608933226547242 0.4695703238840332 -0.07082588037156276
v 0.06402333126547241 0.4439276308840332 -0.06615638547156277
v 0.06288784726547242 0.44407288688403324 -0.06642577987156276
v 0.06425681726547242 0.4568194748840332 -0.06850021147156277
v 0.06505195826547241 0.4569384898840332 -0.06764198277156278
v 0.06715683626547242 0.4694201798840332 -0.07129821737156276
v 0.06588776426547241 0.4820535478840332 -0.07375518787156277
v 0.06597213426547241 0.4564343388840332 -0.06922878137156277
v 0.0648255492654724 0.4565078918840332 -0.06948089417156277
v 0.0652895422654724 0.4693911968840332 -0.07166923397156277
v 0.06608933226547242 0.4695703238840332 -0.07082588037156276
v 0.06695324226547242 0.4820331038840332 -0.07425758057156276
v 0.06411872826547241 0.4940869358840332 -0.07605918687156277
v 0.06701664626547241 0.4691488738840332 -0.07243331707156277
v 0.06586265526547241 0.4691305758840332 -0.07266258257156277
v 0.0650891512654724 0.4818118508840332 -0.07458388987156277
v 0.06588776426547241 0.4820535478840332 -0.07375518787156277
v 0.0651578602654724 0.4942474518840332 -0.07659598997156276
v 0.0604593302654724 0.5053723308840332 -0.07737167367156277
v 0.06681312626547242 0.4817791878840332 -0.07539687867156276
v 0.06566093826547242 0.48164217188403324 -0.07559859937156277
v 0.06333042726547242 0.4937759488840332 -0.07687492107156277
v 0.06411872826547241 0.4940869358840332 -0.07605918687156277
v 0.06142295926547242 0.5057660038840333 -0.07793533247156276
v 0.0545689462654724 0.5156607178840332 -0.07733116117156277
v 0.0650116352654724 0.4940359588840332 -0.07774352837156276
v 0.0638823362654724 0.4937448198840332 -0.07791587527156277
v 0.05969563126547242 0.5049862858840333 -0.07817893657156277
v 0.0604593302654724 0.5053723308840332 -0.07737167367156277
v 0.055401727265472406 0.5162814408840333 -0.07789519987156276
v 0.05011852126547242 0.5207132098840332 -0.07687377747156277
v 0.061254725265472404 0.5056234898840332 -0.07909088027156277
v 0.06018722026547241 0.5051416158840332 -0.07924140807156277
v 0.05385525526547241 0.5151855648840332 -0.07813773867156276
v 0.0545689462654724 0.5156607178840332 -0.07733116117156277
v 0.050825119265472424 0.5214764478840332 -0.07742607037156277
v 0.04492984726547242 0.5252304228840332 -0.07643081437156277
v 0.055202752265472416 0.5161898878840332 -0.07905028947156276
v 0.05424694726547241 0.5155124068840332 -0.07920013177156277
v 0.0494819282654724 0.5201492458840332 -0.07768729887156277
v 0.05011852126547242 0.5207132098840332 -0.07687377747156277
v 0.04555992826547242 0.5260598958840332 -0.07697646877156276
v 0.0393754542654724 0.5294503868840332 -0.07599159147156276
v 0.05062523526547241 0.5213836878840332 -0.07858093267156277
v 0.049795150265472404 0.5205636768840332 -0.07874236817156277
v 0.044357836265472406 0.5246099978840332 -0.07724983057156276
v 0.04492984726547242 0.5252304228840332 -0.07643081437156277
v 0.039976120265472426 0.5303024498840332 -0.07653503307156276
v 0.03380563826547242 0.5336377028840332 -0.07554359177156277
v 0.04537743326547242 0.5259524728840332 -0.07813285477156276
v 0.044634431265472424 0.5250561688840332 -0.07830177057156276
v 0.038827434265472416 0.5288119618840332 -0.07681258957156277
v 0.0393754542654724 0.5294503868840332 -0.07599159147156276
v 0.034426227265472426 0.5344748048840332 -0.07608863527156276
v 0.028570726265472413 0.5380575658840332 -0.07507377307156277
v 0.039799228265472414 0.5301904378840332 -0.07769180277156276
v 0.039089352265472416 0.5292694268840332 -0.07786338587156277
v 0.03323863426547241 0.5330136268840332 -0.07636298797156277
v 0.03380563826547242 0.5336377028840332 -0.07554359177156277
v 0.02926003926547241 0.5388366878840332 -0.07562492227156277
v 0.024021834265472414 0.5429770048840332 -0.07456916757156276
v 0.03424283826547242 0.5343676958840332 -0.07724479397156277
v 0.03350883726547241 0.5334646698840332 -0.07741447347156277
v 0.02794253826547241 0.5374853608840332 -0.07588767817156276
v 0.028570726265472413 0.5380575658840332 -0.07507377307156277
v 0.024819344265472415 0.5436389298840332 -0.07513229367156277
v 0.020510733265472425 0.5486636458840333 -0.07401702737156277
v 0.02905795026547242 0.5387457458840332 -0.07677947917156278
v 0.028243646265472405 0.5379101638840332 -0.07694190927156278
v 0.023298442265472424 0.5425073358840332 -0.07537261957156277
v 0.024021834265472414 0.5429770048840332 -0.07456916757156276
v 0.021400243265472407 0.5491769608840332 -0.07459419037156276
v 0.0185253322654724 0.5532681348840331 -0.07365501117156277
v 0.024588838265472424 0.5435785058840332 -0.07628379577156277
v 0.023648843265472425 0.5428793428840332 -0.07643226347156276
v 0.019711748265472423 0.5483166578840332 -0.07480880427156276
v 0.020510733265472425 0.5486636458840333 -0.07401702737156277
v 0.019458547265472415 0.5536804348840332 -0.07423988167156276
v 0.01679223726547241 0.5579858568840332 -0.07338050567156276
v 0.021150931265472406 0.5491476508840332 -0.07574271967156276
v 0.020107448265472422 0.5486160368840332 -0.07587531767156278
v 0.017696440265472402 0.5529910478840332 -0.07444152797156277
v 0.0185253322654724 0.5532681348840331 -0.07365501117156277
v 0.01774594226547241 0.5583422928840331 -0.07396873277156277
v 0.015295237265472411 0.5627835098840333 -0.07312827747156277
v 0.019206539265472417 0.5536581578840332 -0.07538787837156277
v 0.018117547265472406 0.5532321338840331 -0.07551246327156277
v 0.015950531265472412 0.5577435488840332 -0.07416488417156276
v 0.01679223726547241 0.5579858568840332 -0.07338050567156276
v 0.01626284426547242 0.5630954208840332 -0.07371902277156277
v 0.014016837265472398 0.5676321688840332 -0.07283370757156277
v 0.01749372526547241 0.5583203288840333 -0.07511672937156277
v 0.016384139265472414 0.5579501538840332 -0.07523795777156277
v 0.0144408492654724 0.5625821058840332 -0.07391052137156276
v 0.015295237265472411 0.5627835098840333 -0.07312827747156277
v 0.014993041265472407 0.5679110888840332 -0.07342643477156277
v 0.012939557265472412 0.5725024638840333 -0.07243209517156277
v 0.016006455265472425 0.5630865688840332 -0.07486633027156277
v 0.014880359265472404 0.5627691748840332 -0.07498466407156276
v 0.013149932265472425 0.5674777328840332 -0.07361289677156277
v 0.014016837265472398 0.5676321688840332 -0.07283370757156277
v 0.013920232265472399 0.5727606418840332 -0.07302673347156277
v 0.012045845265472421 0.5773669478840332 -0.07185981607156278
v 0.014729440265472404 0.5679293868840332 -0.07457206587156276
v 0.013590336265472402 0.5676614638840332 -0.07468727047156276
v 0.012060523265472411 0.5724023578840332 -0.07320686247156277
v 0.012939557265472412 0.5725024638840333 -0.07243209517156277
v 0.013028249265472414 0.5776159758840331 -0.07245551977156277
v 0.011318743265472414 0.5821954608840332 -0.07105358127156278
v 0.013647541265472407 0.5728198288840332 -0.07416892987156276
v 0.012498155265472405 0.5725982788840331 -0.07428031597156276
v 0.011155650265472411 0.5773272808840332 -0.07262733397156276
v 0.012045845265472421 0.5773669478840332 -0.07185981607156278
v 0.012299254265472404 0.5824566778840332 -0.07164748947156277
v 0.010649129265472401 0.5869708358840332 -0.06994838457156277
v 0.012745231265472418 0.5777301188840331 -0.07359123047156277
v 0.011587932265472417 0.5775519008840332 -0.07369743097156277
v 0.010419547265472423 0.5822155768840331 -0.07181098867156277
v 0.011318743265472414 0.5821954608840332 -0.07105358127156278
v 0.011626959265472414 0.5872516038840332 -0.07053779627156276
v 0.01001784226547242 0.5919232368840333 -0.06858539397156277
v 0.012005940265472415 0.5826373398840332 -0.07277198697156276
v 0.010844245265472424 0.5824884178840333 -0.07287299817156276
v 0.009743139265472406 0.5870392028840332 -0.07069488427156276
v 0.010649129265472401 0.5869708358840332 -0.06994838457156277
v 0.010997236265472415 0.5921917858840332 -0.06917770397156277
v 0.009605244265472407 0.5969507098840332 -0.06715060957156277
v 0.011325240265472408 0.5874920788840332 -0.07164848037156277
v 0.010161042265472403 0.5873608588840332 -0.07174552787156277
v 0.009106636265472423 0.5920343098840333 -0.06932018137156276
v 0.01001784226547242 0.5919232368840333 -0.06858539397156277
v 0.010589733265472412 0.5971594448840332 -0.06775989567156276
v 0.009595126265472403 0.6019482608840332 -0.06583381627156276
v 0.010691344265472413 0.5924688878840332 -0.07027858677156276
v 0.009522840265472399 0.5923712248840332 -0.07036670487156277
v 0.00869013326547241 0.5971105988840333 -0.06787158737156276
v 0.009605244265472407 0.5969507098840332 -0.06715060957156277
v 0.01057992826547241 0.6020404098840332 -0.06647350077156278
v 0.010176152265472416 0.6068139668840332 -0.06482768987156276
v 0.010283038265472416 0.5974481398840332 -0.06885749657156276
v 0.00910903526547241 0.5974176228840332 -0.06892650387156277
v 0.00868004526547242 0.6021679938840332 -0.06653919257156277
v 0.009595126265472403 0.6019482608840332 -0.06583381627156276
v 0.011139050265472406 0.6067218188840332 -0.06550540957156277
v 0.011544034265472403 0.6114441158840331 -0.06433090007156277
v 0.010273531265472424 0.6023175118840332 -0.06757430917156276
v 0.009099334265472409 0.6023956538840332 -0.06761478447156277
v 0.00927034026547241 0.6071099938840332 -0.06551750187156277
v 0.010176152265472416 0.6068139668840332 -0.06482768987156276
v 0.012431428265472416 0.6110956068840332 -0.06503589637156276
v 0.013890743265472405 0.6156988738840332 -0.06454898607156276
v 0.01082834626547241 0.6069604758840332 -0.06661399637156276
v 0.009673446265472424 0.6072003248840332 -0.06662151027156277
v 0.010665834265472407 0.6118322908840332 -0.06501110087156277
v 0.011544034265472403 0.6114441158840331 -0.06433090007156277
v 0.014593526265472417 0.6150195298840332 -0.06523948347156278
v 0.0182580352654724 0.6193762418840332 -0.06561561487156277
v 0.01210153126547242 0.6112683118840332 -0.06615169537156276
v 0.011010349265472424 0.6117236318840332 -0.06613639557156277
v 0.013096824265472401 0.6162445248840331 -0.06523448787156277
v 0.013890743265472405 0.6156988738840332 -0.06454898607156276
v 0.018616944265472418 0.6184100508840332 -0.06622588817156277
v 0.02399213626547242 0.6209588648840332 -0.06706439887156276
v 0.0142340362654724 0.6151446698840333 -0.06635181417156277
v 0.013309046265472413 0.6159021258840331 -0.06634868497156277
v 0.0176857412654724 0.6201117038840331 -0.06635230967156278
v 0.0182580352654724 0.6193762418840332 -0.06561561487156277
v 0.023994639265472406 0.6198944148840332 -0.06758598047156276
v 0.03053614526547241 0.6207824948840333 -0.06860030997156277
v 0.018266335265472416 0.6185479758840332 -0.06733989527156277
v 0.01769083726547241 0.6196002368840332 -0.06741798107156277
v 0.02369694426547242 0.6217718718840333 -0.06787021647156277
v 0.02399213626547242 0.6209588648840332 -0.06706439887156276
v 0.03029684726547241 0.6197253468840331 -0.06906600857156277
v 0.0373492392654724 0.6191638408840332 -0.06993488037156276
v 0.0237010422654724 0.6200500728840332 -0.06871410277156276
v 0.02351704226547241 0.6212103368840332 -0.06888969427156277
v 0.03045794326547241 0.6215905848840332 -0.06945621407156277
v 0.03053614526547241 0.6207824948840333 -0.06860030997156277
v 0.03694492626547241 0.6181463598840332 -0.07036910767156276
v 0.04388493326547241 0.6164111498840332 -0.07078048397156277
v 0.030070632265472408 0.6198797818840331 -0.07020980677156277
v 0.030170232265472413 0.6210327148840332 -0.07045101187156277
v 0.037454232265472426 0.6199292238840333 -0.07082610767156278
v 0.0373492392654724 0.6191638408840332 -0.06993488037156276
v 0.043353051265472425 0.6154474018840332 -0.07119895707156276
v 0.048989832265472405 0.6118261818840331 -0.07085258327156277
v 0.0368000422654724 0.6182824968840333 -0.07152870107156277
v 0.03711482926547241 0.6193841698840332 -0.07181121597156276
v 0.04417563926547241 0.6170983908840332 -0.07169517317156276
v 0.04388493326547241 0.6164111498840332 -0.07078048397156277
v 0.0483425552654724 0.6109356878840332 -0.07127059807156277
v 0.05322198526547242 0.6063408848840333 -0.07102535477156277
v 0.04331493426547242 0.6155395508840332 -0.07237228197156276
v 0.04382331626547242 0.6165600718840332 -0.07267898507156276
v 0.04950225326547242 0.6123754978840332 -0.07176948527156277
v 0.048989832265472405 0.6118261818840331 -0.07085258327156277
v 0.052480295265472404 0.6055388748840331 -0.07146354947156278
v 0.057507634265472424 0.5994987488840332 -0.07075150867156277
v 0.048454851265472415 0.6109344658840332 -0.07244583037156277
v 0.04917164126547241 0.6118243638840333 -0.07275413537156276
v 0.05391520226547242 0.6067186888840332 -0.07190204967156277
v 0.05322198526547242 0.6063408848840333 -0.07102535477156277
v 0.05671113726547242 0.5987663268840332 -0.07121182787156277
v 0.06226387626547242 0.5912952418840332 -0.06954803127156277
v 0.05271509326547241 0.6054210658840332 -0.07261112517156276
v 0.05360189126547241 0.6061504478840332 -0.07288212147156277
v 0.05826172226547241 0.5997966228840332 -0.07160260337156277
v 0.057507634265472424 0.5994987488840332 -0.07075150867156277
v 0.06143848626547241 0.5906037388840333 -0.07002002557156277
v 0.06722448726547242 0.5840785208840332 -0.06690541467156277
v 0.056972936265472424 0.5986113248840332 -0.07234753857156276
v 0.05793122926547242 0.5992485288840332 -0.07258900817156277
v 0.0630256682654724 0.5915827448840332 -0.07039611597156277
v 0.06226387626547242 0.5912952418840332 -0.06954803127156277
v 0.06638270626547241 0.5834120218840332 -0.06738408467156276
v 0.0726738572654724 0.5767759378840331 -0.06429333057156277
v 0.06168998826547242 0.5904639658840332 -0.07115981917156278
v 0.06267097626547241 0.5910688038840333 -0.07139221017156278
v 0.0680007782654724 0.5843440298840332 -0.06774758737156276
v 0.06722448726547242 0.5840785208840332 -0.06690541467156277
v 0.0718269942654724 0.5761173668840331 -0.06477444057156276
v 0.07775764126547241 0.5700739028840331 -0.06077949517156277
v 0.0666387822654724 0.5832655428840332 -0.06852208637156276
v 0.06763881426547241 0.5838417108840332 -0.06874669527156277
v 0.07347112926547242 0.5770072638840332 -0.06512585097156276
v 0.0726738572654724 0.5767759378840331 -0.06429333057156277
v 0.0769160542654724 0.5694067778840333 -0.061257781471562765
v 0.08263017226547242 0.5630821288840332 -0.056747997171562765
v 0.07210096726547241 0.5759422178840332 -0.06590431367156277
v 0.0731171222654724 0.5764921308840332 -0.06612152417156276
v 0.0785822272654724 0.5702594518840332 -0.061597058571562766
v 0.07775764126547241 0.5700739028840331 -0.06077949517156277
v 0.08180367926547241 0.5623893738840332 -0.05721598677156277
v 0.08718441426547241 0.5571874378840332 -0.052586486571562764
v 0.0772205292654724 0.5691803398840332 -0.06237106207156277
v 0.07825034826547242 0.5697076918840331 -0.06258079227156277
v 0.08348803226547241 0.5632106068840332 -0.057542370671562766
v 0.08263017226547242 0.5630821288840332 -0.056747997171562765
v 0.08637936426547241 0.5564574598840332 -0.05303559267156277
v 0.09024753426547241 0.5521057248840332 -0.04925861207156276
v 0.0821506682654724 0.5620894138840332 -0.05829958807156277
v 0.08319170726547243 0.5625969168840332 -0.05850138697156277
v 0.0880617202654724 0.5572826568840332 -0.05336319837156277
v 0.08718441426547241 0.5571874378840332 -0.052586486571562764
v 0.0894688072654724 0.5513336358840332 -0.049683492671562766
v 0.09383113726547242 0.5471618768840332 -0.046364402371562766
v 0.08675907526547241 0.5561019328840332 -0.054089972771562765
v 0.08779872926547241 0.5566118808840332 -0.054292382671562764
v 0.09111095226547242 0.5522238318840332 -0.05004829357156276
v 0.09024753426547241 0.5521057248840332 -0.04925861207156276
v 0.09309116726547241 0.5463360698840332 -0.046757696171562765
v 0.09787006626547241 0.5425253358840332 -0.04347850757156277
v 0.08985096226547241 0.5509747418840332 -0.050735702771562766
v 0.09086589526547241 0.5515246688840332 -0.05096118707156277
v 0.09465984226547242 0.5473275928840332 -0.04718219677156277
v 0.09383113726547242 0.5471618768840332 -0.046364402371562766
v 0.0971916612654724 0.5416290458840332 -0.04382751327156277
v 0.10231426326547241 0.5384890888840332 -0.04060451497156277
v 0.0934625642654724 0.5459918378840332 -0.04781860297156276
v 0.0944320332654724 0.5466043208840332 -0.04808090067156277
v 0.09865947826547242 0.5427359188840332 -0.04432441667156277
v 0.09787006626547241 0.5425253358840332 -0.04347850757156277
v 0.10173084626547241 0.5375064168840332 -0.040891913671562766
v 0.1071100232654724 0.5353448688840332 -0.037748413171562765
v 0.09756160526547242 0.5412857238840332 -0.04488918187156277
v 0.09846881826547241 0.5419699248840332 -0.04519630407156276
v 0.1030551492654724 0.5387435998840332 -0.04148189537156277
v 0.10231426326547241 0.5384890888840332 -0.04060451497156277
v 0.10667125926547241 0.5342669788840332 -0.03794929387156277
v 0.1122037102654724 0.5333758738840332 -0.03491529447156277
v 0.10211116826547241 0.5371533338840332 -0.04194690657156277
v 0.10292965126547242 0.5379181058840332 -0.04231151567156277
v 0.1077880482654724 0.5356402698840332 -0.038663290471562764
v 0.1071100232654724 0.5353448688840332 -0.037748413171562765
v 0.10707805326547241 0.5338965058840333 -0.03898837977156277
v 0.10776820826547241 0.5347451868840332 -0.03942958827156277
v 0.11197452226547241 0.5322174278840333 -0.03499940787156276
v 0.1128000242654724 0.5337027158840332 -0.03587570037156276
v 0.1122037102654724 0.5333758738840332 -0.03491529447156277
v 0.11807365716547241 0.5328009128840332 -0.031477083471562764
v 0.11242931326547241 0.5318280158840332 -0.03601169587156276
v 0.11293941726547241 0.5327459868840332 -0.03655330647156277
v 0.11874222006547241 0.5331265328840332 -0.03238768967156277
v 0.12364264576547242 0.5325334368840332 -0.029717931571562765
v 0.11803749206547241 0.5316259858840332 -0.031455187171562767
v 0.11807365716547241 0.5328009128840332 -0.031477083471562764
v 0.11868354676547241 0.5312256068840332 -0.03235228917156277
v 0.11911910776547241 0.5321530248840332 -0.03292859527156276
v 0.12424933166547242 0.5328547808840332 -0.030673932271562766
v 0.12376677246547241 0.5313685688840332 -0.029578027271562765
v 0.12364264576547242 0.5325334368840332 -0.029717931571562765
v 0.1279807165654724 0.5326393988840332 -0.029762584671562765
v 0.12445013966547241 0.5309700218840332 -0.030447530571562766
v 0.12474844606547242 0.5318885888840332 -0.031124829271562765
v 0.1283697411654724 0.5315514508840332 -0.029448978571562767
v 0.1309555396654724 0.5331339088840332 -0.030960008471562765
v 0.1317526846654724 0.5324233028840332 -0.030541472171562768
v 0.1290523409654724 0.5311532018840333 -0.030319282771562768
v 0.1324156373654724 0.5320071878840332 -0.03141574287156276
v 0.1290852278654724 0.5319951768840332 -0.03117077987156277
v 0.1320287212654724 0.5324603468840332 -0.03237421247156277
v 0.1284229159654724 0.5329134468840332 -0.030826789371562767
v 0.13112903386547242 0.5331533998840332 -0.032089719571562765
v 0.1279807165654724 0.5326393988840332 -0.029762584671562765
v 0.1309555396654724 0.5331339088840332 -0.030960008471562765
v 0.4224561602654724 0.03618583088403321 0.019379733128437236
v 0.4227042642654724 0.035406201884033206 0.01853542592843723
v 0.43413703126547243 0.025215297884033205 0.029812647028437236
v 0.4338861702654724 0.02599793688403318 0.030654026228437235
v 0.4426993872654724 0.01532158288403318 0.041660917928437236
v 0.44300676926547244 0.014473408884033201 0.040887849428437234
v 0.4333182872654724 0.024362921884033217 0.029847560428437232
v 0.4524365962654724 0.0012904998840331805 0.055090034428437226
v 0.4526770712654724 0.0005202888840332154 0.05423512492843724
v 0.4421899022654724 0.01362052588403323 0.04092144402843723
v 0.4517908392654724 -0.00024992211596680525 0.05418015452843723
v 0.4413775952654724 0.013941585884033214 0.041715314628437236
v 0.43256144226547244 0.02461877488403319 0.03071049042843723
v 0.4333182872654724 0.024362921884033217 0.029847560428437232
v 0.4510022702654724 4.4285884033212763e-05 0.05500103722843723
v 0.4526770712654724 0.0005202888840332154 0.05423512492843724
v 0.4514014422654724 0.000996291884033218 0.05556343682843723
v 0.4524365962654724 0.0012904998840331805 0.055090034428437226
v 0.4329123942654724 0.025629281884033184 0.03120893802843723
v 0.4211127762654724 0.03482612988403322 0.019418528328437233
v 0.42147257926547244 0.03582730888403318 0.019925540328437234
v 0.4416924562654724 0.0149929228840332 0.04217235552843723
v 0.4514014422654724 0.000996291884033218 0.05556343682843723
v 0.4426993872654724 0.01532158288403318 0.041660917928437236
v 0.4524365962654724 0.0012904998840331805 0.055090034428437226
v 0.4338861702654724 0.02599793688403318 0.030654026228437235
v 0.4224561602654724 0.03618583088403321 0.019379733128437236
v 0.3964422942654724 0.05386915788403318 -0.004037654071562768
v 0.3973578212654724 0.05427947688403323 -0.004650452171562767
v 0.3944241702654724 0.055566966884033175 -0.005922854871562766
v 0.3953418282654724 0.05597528788403322 -0.006533554771562767
v 0.3940240742654724 0.05460357688403322 -0.006468453471562767
v 0.3964422942654724 0.05386915788403318 -0.004037654071562768
v 0.3961087312654724 0.05285006788403318 -0.004521353171562766
v 0.3964422942654724 0.05386915788403318 -0.004037654071562768
v 0.42147257926547244 0.03582730888403318 0.019925540328437234
v 0.4211127762654724 0.03482612988403322 0.019418528328437233
v 0.3968178932654724 0.052630483884033186 -0.005433151471562767
v 0.4218738822654724 0.03456580688403321 0.01855943912843723
v 0.4218738822654724 0.03456580688403321 0.01855943912843723
v 0.43256144226547244 0.02461877488403319 0.03071049042843723
v 0.3975900562654724 0.05351385488403321 -0.005512949971562767
v 0.4227042642654724 0.035406201884033206 0.01853542592843723
v 0.43413703126547243 0.025215297884033205 0.029812647028437236
v 0.3973578212654724 0.05427947688403323 -0.004650452171562767
v 0.4224561602654724 0.03618583088403321 0.019379733128437236
v 0.3953418282654724 0.05597528788403322 -0.006533554771562767
v 0.3955090642654724 0.055264263884033216 -0.007456550371562768
v 0.3968178932654724 0.052630483884033186 -0.005433151471562767
v 0.3946948502654724 0.054416447884033214 -0.007416353571562766
v 0.3961087312654724 0.05285006788403318 -0.004521353171562766
v 0.3940240742654724 0.05460357688403322 -0.006468453471562767
v 0.3908712712654724 0.05889034288403322 -0.010542551991562767
v 0.3917651322654724 0.05965402688403321 -0.010518548081562768
v 0.3872969452654724 0.0642237658840332 -0.013844801111562766
v 0.3882344362654724 0.06493128788403321 -0.013784894721562767
v 0.38673540926547245 0.0642865598840332 -0.012823980771562767
v 0.39027099326547243 0.05900281688403319 -0.009537845851562768
v 0.38303989126547244 0.0697402808840332 -0.015773856311562768
v 0.38394747626547243 0.0691870748840332 -0.016565255821562767
v 0.38532169126547244 0.06926828588403319 -0.016217891821562767
v 0.3882521392654724 0.06543138588403322 -0.012725710871562768
v 0.38526371126547243 0.06987176788403321 -0.015217276751562767
v 0.38485896626547245 0.07076998088403319 -0.017788585041562766
v 0.3861012902654724 0.07053545088403321 -0.017216133651562767
v 0.38680309026547244 0.07186394888403319 -0.01920931779026277
v 0.3877250252654724 0.0713835358840332 -0.018370931968562768
v 0.3903900532654724 0.0726547988840332 -0.022371749391562768
v 0.3913822922654724 0.07203075288403321 -0.021582252581562766
v 0.3841418032654724 0.07164148988403321 -0.017295570111562766
v 0.3849374352654724 0.07195565088403319 -0.016417984621562767
v 0.3838535692654724 0.0701634888840332 -0.014937662981562766
v 0.3861490632654724 0.07128681288403321 -0.016371100911562766
v 0.38673540926547245 0.0642865598840332 -0.012823980771562767
v 0.38526371126547243 0.06987176788403321 -0.015217276751562767
v 0.3873256292654724 0.0650329888840332 -0.012131588071562768
v 0.3882521392654724 0.06543138588403322 -0.012725710871562768
v 0.39027099326547243 0.05900281688403319 -0.009537845851562768
v 0.39079375526547244 0.0598361198840332 -0.008892848171562768
v 0.3917172102654724 0.060238629884033223 -0.009499049741562767
v 0.3944241702654724 0.055566966884033175 -0.005922854871562766
v 0.3953418282654724 0.05597528788403322 -0.006533554771562767
v 0.3940240742654724 0.05460357688403322 -0.006468453471562767
v 0.3946948502654724 0.054416447884033214 -0.007416353571562766
v 0.3908712712654724 0.05889034288403322 -0.010542551991562767
v 0.3953418282654724 0.05597528788403322 -0.006533554771562767
v 0.3917651322654724 0.05965402688403321 -0.010518548081562768
v 0.3955090642654724 0.055264263884033216 -0.007456550371562768
v 0.3917172102654724 0.060238629884033223 -0.009499049741562767
v 0.3882344362654724 0.06493128788403321 -0.013784894721562767
v 0.3849374352654724 0.07195565088403319 -0.016417984621562767
v 0.3880066272654724 0.07223044288403321 -0.017686154461562766
v 0.3861490632654724 0.07128681288403321 -0.016371100911562766
v 0.38726218026547243 0.07316969288403322 -0.018096971211562767
v 0.3841418032654724 0.07164148988403321 -0.017295570111562766
v 0.39209471626547243 0.07296530888403321 -0.021076921951562768
v 0.3865227852654724 0.07295550388403321 -0.019039312231562768
v 0.3916026652654724 0.07405722188403321 -0.021576857191562767
v 0.3905464112654724 0.07387167188403321 -0.022379095201562768
v 0.3865227852654724 0.07295550388403321 -0.019039312231562768
v 0.38680309026547244 0.07186394888403319 -0.01920931779026277
v 0.3903900532654724 0.0726547988840332 -0.022371749391562768
v 0.38485896626547245 0.07076998088403319 -0.017788585041562766
v 0.3865227852654724 0.07295550388403321 -0.019039312231562768
v 0.2846408039654724 0.2645276635840332 -0.08547533867156276
v 0.2875838205654724 0.2532434090840332 -0.08093440717156276
v 0.2885378971654724 0.2536353505840332 -0.08035756837156277
v 0.2836628481654724 0.2642213068840332 -0.08606414307156277
v 0.2867071479654724 0.2531656846840332 -0.08014463077156277
v 0.2808641418654724 0.2704758643840332 -0.08866251817156277
v 0.2818518578654724 0.2707310691840332 -0.08807331137156277
v 0.2827879488654724 0.2641318887840332 -0.08528388847156276
v 0.2871190383654724 0.2535087801840332 -0.07909102177156277
v 0.2799788266654724 0.2704317308840332 -0.08788339607156277
v 0.2795412391654724 0.2780226729840332 -0.08859917337156277
v 0.2805387079654724 0.2782267592840332 -0.08800957167156277
v 0.2786455079654724 0.2780238352840332 -0.08782118377156277
v 0.2772304117654724 0.2949504479840332 -0.08607337437156276
v 0.2782325297654724 0.2951290905840332 -0.08548515107156276
v 0.2784349769654724 0.3072369575940332 -0.08351273647156277
v 0.27745044226547244 0.3069680023440332 -0.08409761447156276
v 0.2780125215654724 0.3143592451240332 -0.08318014257156277
v 0.27633933726547244 0.29490688438403323 -0.08529451307156277
v 0.2832250967654724 0.2643828577840332 -0.08421274837156277
v 0.2882508039654724 0.2537994570840332 -0.07921784187156276
v 0.2804190441654724 0.2706595807840332 -0.08681264337156276
v 0.2770295664654724 0.3140828132140332 -0.08376382847156277
v 0.2770877778654724 0.3217288395840332 -0.08336335977156277
v 0.2843701168654724 0.2646282761840332 -0.08433029617156276
v 0.2885378971654724 0.2536353505840332 -0.08035756837156277
v 0.2846408039654724 0.2645276635840332 -0.08547533867156276
v 0.2818518578654724 0.2707310691840332 -0.08807331137156277
v 0.2815769761654724 0.2708450704840332 -0.08692931947156277
v 0.2805387079654724 0.2782267592840332 -0.08800957167156277
v 0.2802596241654724 0.2783541306840332 -0.08686661537156276
v 0.2782325297654724 0.2951290905840332 -0.08548515107156276
v 0.27796115726547244 0.2951959799840332 -0.08434253747156277
v 0.2790887579654724 0.2782285511840332 -0.08675081837156276
v 0.2781587913654724 0.3073160173340332 -0.08237147887156276
v 0.2786455079654724 0.2780238352840332 -0.08782118377156277
v 0.2784349769654724 0.3072369575940332 -0.08351273647156277
v 0.27678937466547243 0.2950584031840332 -0.08422513867156277
v 0.2795412391654724 0.2780226729840332 -0.08859917337156277
v 0.2772304117654724 0.2949504479840332 -0.08607337437156276
v 0.2765652797654724 0.3068812943540332 -0.08331786657156277
v 0.2770009972654724 0.3070961572240332 -0.08225133827156277
v 0.2761435843654724 0.3140018652240332 -0.08298454247156277
v 0.2777341604654724 0.3144491575640332 -0.08204006967156277
v 0.2780125215654724 0.3143592451240332 -0.08318014257156277
v 0.2765776030654724 0.3142281339940332 -0.08191935527156277
v 0.2761067338654724 0.3214467810840332 -0.08394623357156276
v 0.2756727747654724 0.3292528334840332 -0.08356226047156276
v 0.2768083549654724 0.3218415258840332 -0.08222603607156277
v 0.2770877778654724 0.3217288395840332 -0.08336335977156277
v 0.2756576686654724 0.3216294282840332 -0.08210578377156277
v 0.2752206772654724 0.3213852494840332 -0.08316919017156277
v 0.2746963649654724 0.3289656247840332 -0.08414377087156277
v 0.2740032747654724 0.3364094718840332 -0.08403451557156277
v 0.2753998339654724 0.3293839823840332 -0.08242673987156277
v 0.2756727747654724 0.3292528334840332 -0.08356226047156276
v 0.2742430642654724 0.3291777986840332 -0.08230764977156277
v 0.2738129943654724 0.3289195056840332 -0.08336856777156276
v 0.2730238698654724 0.3361187167840332 -0.08461613767156277
v 0.27244550366547243 0.3433565720840332 -0.08470402467156277
v 0.2737280614654724 0.3365550040840332 -0.08290138657156276
v 0.2740032747654724 0.3364094718840332 -0.08403451557156277
v 0.2725802771654724 0.3363540842840332 -0.08278226667156277
v 0.2721476889654724 0.3360843080840332 -0.08384159017156277
v 0.2714666128654724 0.3430633358840332 -0.08528516257156277
v 0.2704351022654724 0.3504569418840332 -0.08516951467156277
v 0.2721729054654724 0.3435122482840332 -0.08357210267156277
v 0.27244550366547243 0.3433565720840332 -0.08470402467156277
v 0.2710285521654724 0.3433149531840332 -0.08345304247156277
v 0.2705937921654724 0.3430377766840332 -0.08451156127156277
v 0.2694608643654724 0.3501624092840332 -0.08574982547156276
v 0.2676800303654724 0.3610208294840332 -0.08565847387156277
v 0.2701660320654724 0.3506180382840332 -0.08403795027156277
v 0.2704351022654724 0.3504569418840332 -0.08516951467156277
v 0.26902587716547244 0.3504237532840332 -0.08391883037156277
v 0.2685899697654724 0.3501421138840332 -0.08497680537156277
v 0.26670797166547244 0.3607241622840332 -0.08623806947156276
v 0.2618981152654724 0.3780471235840332 -0.08777494547156277
v 0.26741063596547243 0.3611161969840332 -0.08451920557156277
v 0.2676800303654724 0.3610208294840332 -0.08565847387156277
v 0.2662805914654724 0.3608785420840332 -0.08439146537156277
v 0.2658458277654724 0.3606364614840332 -0.08545398527156277
v 0.2609434276654724 0.3776760622840332 -0.08834676257156276
v 0.2589023560654724 0.3863119333840332 -0.08840185967156276
v 0.2616892978654724 0.3779500350840332 -0.08661541157156277
v 0.2618981152654724 0.3780471235840332 -0.08777494547156277
v 0.2606058865654724 0.3775189369840332 -0.08647060207156276
v 0.2601439244654724 0.3773498311840332 -0.08754079607156277
v 0.2579655051654724 0.3858784660840332 -0.08898598517156277
v 0.2558957449654724 0.3930344581840332 -0.08939391187156277
v 0.25873536616547244 0.38610189408403317 -0.08726057227156277
v 0.2589023560654724 0.3863119333840332 -0.08840185967156276
v 0.2576952725654724 0.3855384215840332 -0.08713941087156277
v 0.2572238519654724 0.3854004814840332 -0.08820397217156277
v 0.2549602649654724 0.3926095366840332 -0.08997507207156277
v 0.25241776926547244 0.4009241684840332 -0.09023655017156276
v 0.2557286992654724 0.3928259461840332 -0.08825191667156276
v 0.2558957449654724 0.3930344581840332 -0.08939391187156277
v 0.25469199936547243 0.3922719731840332 -0.08812668737156276
v 0.2542163617654724 0.3921384960840332 -0.08919140507156277
v 0.2514796219654724 0.4005161448840332 -0.09081446197156277
v 0.24909720946547242 0.4065997451840332 -0.09093069097156277
v 0.2522559910654724 0.4007179066840332 -0.08909147047156277
v 0.25241776926547244 0.4009241684840332 -0.09023655017156276
v 0.2512197457654724 0.40018247068403323 -0.08896107787156277
v 0.2507379501654724 0.4000577330840332 -0.09002674927156276
v 0.24814273416547242 0.4062202646840332 -0.09150647927156277
v 0.2460444979654724 0.41229341188403323 -0.09169035967156276
v 0.24893142286547243 0.4063984453840332 -0.08978387527156277
v 0.24909720946547242 0.4065997451840332 -0.09093069097156277
v 0.24787887186547242 0.4058935343840332 -0.08965144117156276
v 0.2473890855654724 0.4057839736840332 -0.09071581627156276
v 0.2450666017654724 0.4119606538840332 -0.09226172977156277
v 0.2430144846654724 0.4179234508840332 -0.09268328357156276
v 0.2458759657654724 0.4120997038840332 -0.09054317887156277
v 0.2460444979654724 0.41229341188403323 -0.09169035967156276
v 0.2447938117654724 0.4116474318840332 -0.09040574547156277
v 0.2442920654654724 0.4115621748840332 -0.09146763947156276
v 0.2420010156654724 0.4176756818840332 -0.09324592167156277
v 0.2398035600654724 0.4250152338840332 -0.09351540167156276
v 0.24283525156547242 0.4177470578840332 -0.09153418057156276
v 0.2430144846654724 0.4179234508840332 -0.09268328357156276
v 0.24171197596547242 0.4173904208840332 -0.09138659197156276
v 0.2411952558654724 0.4173467008840332 -0.09244437327156277
v 0.23874452336547242 0.42490243888403323 -0.09406345897156276
v 0.2352256364654724 0.4362194988840332 -0.09337582997156277
v 0.23962247556547242 0.4248423198840332 -0.09236586657156276
v 0.2398035600654724 0.4250152338840332 -0.09351540167156276
v 0.23845269906547242 0.4246223198840332 -0.09220363757156276
v 0.2379084564654724 0.4246598998840332 -0.09325272407156276
v 0.2341527528654724 0.4362134338840332 -0.09390964917156276
v 0.2346184328654724 0.44715917088403323 -0.09157334077156276
v 0.2350492831654724 0.4360164108840332 -0.09223130907156277
v 0.2352256364654724 0.4362194988840332 -0.09337582997156277
v 0.2338677942654724 0.4358844158840332 -0.09205791917156277
v 0.2333114594654724 0.4360069478840332 -0.09309530067156277
v 0.2335511371654724 0.44718408588403324 -0.09210484287156277
v 0.2361393142654724 0.4641182128840332 -0.08708310687156277
v 0.2344436812654724 0.4469249098840332 -0.09043461647156277
v 0.2346184328654724 0.44715917088403323 -0.09157334077156276
v 0.2332678772654724 0.4468046278840332 -0.09026245587156277
v 0.23271648216547242 0.4469646958840332 -0.09129509147156277
v 0.2350828721654724 0.4641396108840332 -0.08761876637156277
v 0.23663133386547242 0.4814599748840332 -0.08297144437156277
v 0.2359616830654724 0.4638666358840332 -0.08594859947156276
v 0.2361393142654724 0.4641182128840332 -0.08708310687156277
v 0.2347990572654724 0.4637321228840332 -0.08578265267156276
v 0.2342549860654724 0.4639005808840332 -0.08681525107156277
v 0.2355880904654724 0.4814511238840332 -0.08351343687156276
v 0.2349201179654724 0.4981306938840332 -0.07953067307156277
v 0.2364560477654724 0.4811968798840332 -0.08183911257156276
v 0.23663133386547242 0.4814599748840332 -0.08297144437156277
v 0.23530214096547242 0.4810254128840332 -0.08168169667156278
v 0.2347665559654724 0.4811825748840332 -0.08271639607156277
v 0.2338845413654724 0.4980675278840332 -0.08008448597156276
v 0.2308837473654724 0.5134577308840332 -0.07690875417156276
v 0.2347447946654724 0.4978584798840332 -0.07840060627156277
v 0.2349201179654724 0.4981306938840332 -0.07953067307156277
v 0.2336006890654724 0.4976271538840332 -0.07825587507156276
v 0.23306895976547243 0.4977562428840332 -0.07929660197156277
v 0.2298676650654724 0.5133011788840331 -0.07748225517156276
v 0.2268672920654724 0.5257004348840332 -0.07505526207156277
v 0.2307102549654724 0.5131763668840332 -0.07578052017156277
v 0.2308837473654724 0.5134577308840332 -0.07690875417156276
v 0.2295870566654724 0.5128461568840332 -0.07565676977156277
v 0.22906631226547242 0.5129230618840332 -0.07670849007156277
v 0.2258989689654724 0.5254004448840333 -0.07565764147156276
v 0.22233752952547242 0.5349920388840332 -0.07336653957156276
v 0.2266951724654724 0.5254157038840332 -0.07392775457156277
v 0.2268672920654724 0.5257004348840332 -0.07505526207156277
v 0.2256208015654724 0.5249396268840332 -0.07383326257156277
v 0.2251285528654724 0.5249301638840332 -0.07490248417156277
v 0.2214496205554724 0.5345388498840332 -0.07399504817156277
v 0.21755403280547242 0.5432154238840332 -0.07229982877156277
v 0.22216346487547242 0.5347112868840332 -0.07223834287156278
v 0.22233752952547242 0.5349920388840332 -0.07336653957156276
v 0.2211679434354724 0.5340847518840333 -0.07216956277156276
v 0.2207268117954724 0.5339782538840332 -0.07325526517156276
v 0.2167572188154724 0.5426362008840332 -0.07294542527156277
v 0.2112140059454724 0.5513394328840332 -0.07197066207156277
v 0.21738023520547242 0.5429340448840332 -0.07117170657156277
v 0.21755403280547242 0.5432154238840332 -0.07229982877156277
v 0.2164756940954724 0.5421808808840332 -0.07112020817156277
v 0.2160907149054724 0.5419965538840332 -0.07221643817156276
v 0.2105159163454724 0.5506558418840333 -0.07262785917156277
v 0.20439307946547242 0.5584584618840331 -0.07126503627156278
v 0.21105058444547242 0.5510467738840332 -0.07084383627156277
v 0.2112140059454724 0.5513394328840332 -0.07197066207156277
v 0.21025132900547241 0.5501822088840332 -0.07080473567156276
v 0.2099209763154724 0.5499405118840333 -0.07190733587156277
v 0.2038022596654724 0.5576875808840331 -0.07193100637156277
v 0.1957695558654724 0.5633310078840332 -0.07020048987156277
v 0.20425315666547242 0.5581462678840332 -0.07014023697156277
v 0.20439307946547242 0.5584584618840331 -0.07126503627156278
v 0.2035759715654724 0.5571822078840332 -0.07011093757156277
v 0.2032973840654724 0.5568990108840333 -0.07121773627156278
v 0.1952977534654724 0.5624881088840332 -0.07087427937156277
v 0.1859898734654724 0.5672943298840332 -0.06902629697156276
v 0.1956700682654724 0.5629937948840332 -0.06907828337156277
v 0.1957695558654724 0.5633310078840332 -0.07020048987156277
v 0.19513677436547242 0.5619427558840332 -0.06905859897156277
v 0.19490667056547242 0.5616302488840332 -0.07016848587156277
v 0.18565204366547242 0.5663955808840332 -0.06970890057156276
v 0.17591615396547242 0.5695812998840333 -0.06723707357156276
v 0.1859518792654724 0.5669311578840333 -0.06790821067156277
v 0.1859898734654724 0.5672943298840332 -0.06902629697156276
v 0.1855905521654724 0.5658081178840332 -0.06789970207156276
v 0.1854053102654724 0.5654773118840333 -0.06901260277156276
v 0.17568818856547241 0.5686581428840332 -0.06792925107156277
v 0.16881738606547242 0.5703222748840332 -0.06617635677156276
v 0.17597429086547242 0.5691949728840332 -0.06612676937156277
v 0.17591615396547242 0.5695812998840333 -0.06723707357156276
v 0.1757821813654724 0.5680325328840332 -0.06613268147156276
v 0.1756054870654724 0.5677008328840332 -0.06724665127156276
v 0.1686243600654724 0.5693963768840332 -0.06687444637156276
v 0.16125165666547242 0.5705224868840333 -0.06470107477156277
v 0.1690027788654724 0.5699218808840332 -0.06508455237156277
v 0.16881738606547242 0.5703222748840332 -0.06617635677156276
v 0.16892435026547242 0.5687484738840332 -0.06510785777156278
v 0.16869043186547242 0.5684234798840332 -0.06621404547156276
v 0.16105390336547243 0.5695971848840332 -0.06539794247156278
v 0.1542636081654724 0.5702764988840332 -0.06397342127156277
v 0.1615589707654724 0.5701190228840332 -0.06363906157156277
v 0.16125165666547242 0.5705224868840333 -0.06470107477156277
v 0.1615511886654724 0.5689435008840332 -0.06367965227156278
v 0.1612389944654724 0.5686209198840332 -0.06476664727156277
v 0.15406204016547242 0.5693505998840331 -0.06466902977156277
v 0.1465005874654724 0.5696747008840333 -0.06305024587156277
v 0.1546672060654724 0.5698761048840333 -0.06294341567156277
v 0.1542636081654724 0.5702764988840332 -0.06397342127156277
v 0.15471511706547242 0.5687026978840333 -0.06300250257156276
v 0.15434112396547242 0.5683777038840332 -0.06406901587156277
v 0.14629627016547242 0.5687484738840332 -0.06374474797156277
v 0.1390952765654724 0.5674448008840332 -0.06146444567156277
v 0.14697544276547242 0.5692804158840332 -0.06204926777156277
v 0.1465005874654724 0.5696747008840333 -0.06305024587156277
v 0.14706455166547241 0.5681103768840332 -0.062125066271562765
v 0.14664477856547242 0.5677816868840332 -0.06317296437156276
v 0.1388889774654724 0.5665183068840332 -0.06215803507156277
v 0.1396185755654724 0.5670563278840333 -0.06048574857156277
v 0.1390952765654724 0.5674448008840332 -0.06146444567156277
v 0.13078676906547243 0.5643956958840333 -0.05755812857156277
v 0.13973569126547242 0.5658899548840333 -0.060574440271562766
v 0.1392846405654724 0.5655573008840332 -0.061608033271562765
v 0.13076807556547243 0.5634993908840332 -0.058348229171562765
v 0.13078676906547243 0.5643956958840333 -0.05755812857156277
v 0.13336106386547242 0.5362462398840332 -0.033136753371562765
v 0.1320443972654724 0.5641283688840333 -0.05695933667156277
v 0.1328029185654724 0.5630666608840331 -0.05737933327156277
v 0.13201411066547242 0.5626778598840332 -0.05823760297156277
v 0.1333142146654724 0.5355501328840332 -0.034083942871562765
v 0.1344829648654724 0.5365605648840333 -0.032969554871562765
v 0.13336106386547242 0.5362462398840332 -0.033136753371562765
v 0.1332727894654724 0.5353526768840332 -0.03272415607156277
v 0.13512948156547241 0.5360588578840332 -0.03381344207156277
v 0.1344072073654724 0.5354341718840332 -0.03450214767156277
v 0.1343693658654724 0.5352089408840333 -0.03232515787156277
v 0.13309441506547243 0.5345931048840332 -0.03247345427156277
v 0.13324540106547242 0.5350020378840332 -0.03384594337156277
v 0.1332727894654724 0.5353526768840332 -0.03272415607156277
v 0.1350196152654724 0.5347694898840332 -0.03320034407156277
v 0.13432496036547242 0.5346416238840332 -0.034140247871562765
v 0.13417802006547241 0.5343755038840332 -0.03204605537156277
v 0.1330742761654724 0.5342870058840332 -0.03361275137156276
v 0.13309441506547243 0.5345931048840332 -0.03247345427156277
v 0.1309555396654724 0.5331339088840332 -0.030960008471562765
v 0.13112903386547242 0.5331533998840332 -0.032089719571562765
v 0.13414559516547242 0.5338802038840332 -0.033889450171562766
v 0.1320287212654724 0.5324603468840332 -0.03237421247156277
v 0.1348276585654724 0.5339348318840332 -0.03292114657156277
v 0.1324156373654724 0.5320071878840332 -0.03141574287156276
v 0.1317526846654724 0.5324233028840332 -0.030541472171562768
v 0.1309555396654724 0.5331339088840332 -0.030960008471562765
v 0.27796115726547244 0.2951959799840332 -0.08434253747156277
v 0.2802596241654724 0.2783541306840332 -0.08686661537156276
v 0.2790887579654724 0.2782285511840332 -0.08675081837156276
v 0.27678937466547243 0.2950584031840332 -0.08422513867156277
v 0.2770009972654724 0.3070961572240332 -0.08225133827156277
f 3/3/3 2/2/2 1/1/1
f 4/4/4 3/3/3 1/1/1
f 4/4/4 5/5/5 3/3/3
f 5/5/5 6/6/6 3/3/3
f 3/3/3 6/6/6 7/7/7
f 5/5/5 8/8/8 6/6/6
f 8/8/8 9/9/9 6/6/6
f 6/6/6 10/10/10 7/7/7
f 6/6/6 9/9/9 10/10/10
f 9/9/9 11/11/11 10/10/10
f 10/10/10 11/11/11 12/12/12
f 10/10/10 12/12/12 13/13/13
f 14/14/14 10/10/10 13/13/13
f 11/11/11 15/15/15 12/12/12
f 11/11/11 16/16/16 15/15/15
f 16/16/16 17/17/17 15/15/15
f 17/17/17 16/16/16 18/18/18
f 13/13/13 12/12/12 19/19/19
f 13/13/13 19/19/19 20/20/20
f 19/19/19 21/21/21 20/20/20
f 12/12/12 15/15/15 22/22/22
f 12/12/12 22/22/22 19/19/19
f 15/15/15 23/23/23 22/22/22
f 22/22/22 23/23/23 24/24/24
f 23/23/23 25/25/25 24/24/24
f 22/22/22 24/24/24 26/26/26
f 19/19/19 22/22/22 26/26/26
f 19/19/19 26/26/26 21/21/21
f 26/26/26 27/27/27 21/21/21
f 21/21/21 27/27/27 28/28/28
f 27/27/27 29/29/29 28/28/28
f 28/28/28 29/29/29 30/30/30
f 29/29/29 31/31/31 30/30/30
f 33/33/33 30/30/30 32/32/32
f 34/34/34 33/33/33 32/32/32
f 36/36/36 35/35/35 34/34/34
f 37/37/37 36/36/36 34/34/34
f 37/37/37 34/34/34 38/38/38
f 39/39/39 37/37/37 38/38/38
f 41/41/41 37/37/37 40/40/40
f 14/14/14 41/41/41 40/40/40
f 40/40/40 38/38/38 42/42/42
f 14/14/14 40/40/40 43/43/43
f 43/43/43 40/40/40 42/42/42
f 44/44/44 14/14/14 43/43/43
f 43/43/43 42/42/42 45/45/45
f 46/46/46 43/43/43 45/45/45
f 45/45/45 42/42/42 47/47/47
f 42/42/42 48/48/48 47/47/47
f 42/42/42 49/49/49 48/48/48
f 49/49/49 50/50/50 48/48/48
f 49/49/49 51/51/51 50/50/50
f 51/51/51 52/52/52 50/50/50
f 50/50/50 53/53/53 48/48/48
f 53/53/53 54/54/54 48/48/48
f 53/53/53 55/55/55 54/54/54
f 55/55/55 56/56/56 54/54/54
f 57/57/57 55/55/55 53/53/53
f 58/58/58 57/57/57 53/53/53
f 57/57/57 59/59/59 55/55/55
f 55/55/55 60/60/60 56/56/56
f 59/59/59 60/60/60 55/55/55
f 60/60/60 61/61/61 56/56/56
f 56/56/56 61/61/61 62/62/62
f 61/61/61 63/63/63 62/62/62
f 60/60/60 64/64/64 61/61/61
f 64/64/64 65/65/65 61/61/61
f 64/64/64 66/66/66 65/65/65
f 66/66/66 67/67/67 65/65/65
f 67/67/67 66/66/66 68/68/68
f 69/69/69 67/67/67 68/68/68
f 70/70/70 64/64/64 60/60/60
f 59/59/59 70/70/70 60/60/60
f 71/71/71 70/70/70 59/59/59
f 72/72/72 71/71/71 59/59/59
f 73/73/73 71/71/71 72/72/72
f 72/72/72 59/59/59 74/74/74
f 75/75/75 73/73/73 72/72/72
f 76/76/76 72/72/72 74/74/74
f 75/75/75 72/72/72 76/76/76
f 77/77/77 75/75/75 76/76/76
f 76/76/76 74/74/74 78/78/78
f 77/77/77 76/76/76 79/79/79
f 79/79/79 76/76/76 78/78/78
f 80/80/80 77/77/77 79/79/79
f 80/80/80 79/79/79 81/81/81
f 82/82/82 80/80/80 81/81/81
f 81/81/81 79/79/79 83/83/83
f 79/79/79 78/78/78 83/83/83
f 83/83/83 78/78/78 84/84/84
f 78/78/78 85/85/85 84/84/84
f 88/88/88 87/87/87 86/86/86
f 87/87/87 89/89/89 86/86/86
f 87/87/87 90/90/90 89/89/89
f 90/90/90 62/62/62 89/89/89
f 93/93/93 92/92/92 91/91/91
f 92/92/92 94/94/94 91/91/91
f 91/91/91 94/94/94 95/95/95
f 94/94/94 92/92/92 96/96/96
f 94/94/94 97/97/97 95/95/95
f 98/98/98 94/94/94 96/96/96
f 97/97/97 94/94/94 98/98/98
f 99/99/99 97/97/97 98/98/98
f 101/101/101 100/100/100 99/99/99
f 102/102/102 101/101/101 99/99/99
f 104/104/104 101/101/101 103/103/103
f 70/70/70 104/104/104 103/103/103
f 107/107/107 106/106/106 105/105/105
f 108/108/108 107/107/107 105/105/105
f 105/105/105 109/109/109 108/108/108
f 110/110/110 107/107/107 108/108/108
f 109/109/109 111/111/111 108/108/108
f 112/112/112 110/110/110 108/108/108
f 111/111/111 109/109/109 113/113/113
f 114/114/114 110/110/110 112/112/112
f 115/115/115 111/111/111 113/113/113
f 115/115/115 113/113/113 116/116/116
f 117/117/117 115/115/115 116/116/116
f 118/118/118 114/114/114 112/112/112
f 119/119/119 114/114/114 118/118/118
f 120/120/120 119/119/119 118/118/118
f 121/121/121 119/119/119 120/120/120
f 122/122/122 121/121/121 120/120/120
f 124/124/124 121/121/121 123/123/123
f 121/121/121 125/125/125 123/123/123
f 123/123/123 125/125/125 126/126/126
f 121/121/121 127/127/127 125/125/125
f 125/125/125 128/128/128 126/126/126
f 126/126/126 128/128/128 129/129/129
f 127/127/127 130/130/130 125/125/125
f 125/125/125 130/130/130 128/128/128
f 127/127/127 131/131/131 130/130/130
f 128/128/128 132/132/132 129/129/129
f 129/129/129 132/132/132 133/133/133
f 130/130/130 134/134/134 128/128/128
f 128/128/128 134/134/134 132/132/132
f 131/131/131 135/135/135 130/130/130
f 130/130/130 135/135/135 134/134/134
f 131/131/131 136/136/136 135/135/135
f 136/136/136 137/137/137 135/135/135
f 137/137/137 136/136/136 138/138/138
f 135/135/135 139/139/139 134/134/134
f 135/135/135 137/137/137 139/139/139
f 134/134/134 140/140/140 132/132/132
f 134/134/134 139/139/139 140/140/140
f 141/141/141 137/137/137 138/138/138
f 138/138/138 142/142/142 141/141/141
f 137/137/137 143/143/143 139/139/139
f 143/143/143 137/137/137 141/141/141
f 142/142/142 144/144/144 141/141/141
f 142/142/142 145/145/145 144/144/144
f 132/132/132 140/140/140 146/146/146
f 132/132/132 146/146/146 133/133/133
f 139/139/139 147/147/147 140/140/140
f 139/139/139 143/143/143 147/147/147
f 148/148/148 143/143/143 141/141/141
f 141/141/141 144/144/144 148/148/148
f 145/145/145 149/149/149 144/144/144
f 145/145/145 150/150/150 149/149/149
f 140/140/140 151/151/151 146/146/146
f 140/140/140 147/147/147 151/151/151
f 143/143/143 152/152/152 147/147/147
f 152/152/152 143/143/143 148/148/148
f 144/144/144 153/153/153 148/148/148
f 144/144/144 149/149/149 153/153/153
f 147/147/147 154/154/154 151/151/151
f 147/147/147 152/152/152 154/154/154
f 155/155/155 152/152/152 148/148/148
f 148/148/148 153/153/153 155/155/155
f 152/152/152 156/156/156 154/154/154
f 156/156/156 152/152/152 155/155/155
f 146/146/146 151/151/151 157/157/157
f 146/146/146 157/157/157 158/158/158
f 151/151/151 159/159/159 157/157/157
f 151/151/151 154/154/154 159/159/159
f 133/133/133 146/146/146 158/158/158
f 154/154/154 160/160/160 159/159/159
f 154/154/154 156/156/156 160/160/160
f 158/158/158 161/161/161 133/133/133
f 161/161/161 162/162/162 133/133/133
f 162/162/162 161/161/161 163/163/163
f 164/164/164 162/162/162 163/163/163
f 164/164/164 163/163/163 165/165/165
f 166/166/166 164/164/164 165/165/165
f 156/156/156 167/167/167 160/160/160
f 167/167/167 156/156/156 168/168/168
f 169/169/169 167/167/167 168/168/168
f 168/168/168 156/156/156 155/155/155
f 168/168/168 170/170/170 169/169/169
f 168/168/168 155/155/155 170/170/170
f 170/170/170 171/171/171 169/169/169
f 155/155/155 172/172/172 170/170/170
f 153/153/153 172/172/172 155/155/155
f 170/170/170 173/173/173 171/171/171
f 173/173/173 174/174/174 171/171/171
f 172/172/172 175/175/175 170/170/170
f 175/175/175 173/173/173 170/170/170
f 153/153/153 176/176/176 172/172/172
f 176/176/176 175/175/175 172/172/172
f 149/149/149 176/176/176 153/153/153
f 173/173/173 177/177/177 174/174/174
f 173/173/173 175/175/175 177/177/177
f 177/177/177 178/178/178 174/174/174
f 178/178/178 177/177/177 179/179/179
f 149/149/149 180/180/180 176/176/176
f 150/150/150 180/180/180 149/149/149
f 176/176/176 181/181/181 175/175/175
f 180/180/180 181/181/181 176/176/176
f 177/177/177 182/182/182 179/179/179
f 179/179/179 182/182/182 183/183/183
f 175/175/175 184/184/184 177/177/177
f 181/181/181 184/184/184 175/175/175
f 177/177/177 184/184/184 182/182/182
f 180/180/180 150/150/150 185/185/185
f 150/150/150 186/186/186 185/185/185
f 182/182/182 187/187/187 183/183/183
f 183/183/183 187/187/187 188/188/188
f 184/184/184 189/189/189 182/182/182
f 184/184/184 181/181/181 189/189/189
f 182/182/182 189/189/189 187/187/187
f 181/181/181 180/180/180 190/190/190
f 181/181/181 190/190/190 189/189/189
f 180/180/180 185/185/185 190/190/190
f 185/185/185 186/186/186 191/191/191
f 186/186/186 192/192/192 191/191/191
f 187/187/187 193/193/193 188/188/188
f 188/188/188 193/193/193 194/194/194
f 189/189/189 195/195/195 187/187/187
f 189/189/189 190/190/190 195/195/195
f 187/187/187 195/195/195 193/193/193
f 190/190/190 185/185/185 196/196/196
f 190/190/190 196/196/196 195/195/195
f 185/185/185 191/191/191 196/196/196
f 191/191/191 192/192/192 197/197/197
f 192/192/192 198/198/198 197/197/197
f 193/193/193 199/199/199 194/194/194
f 194/194/194 199/199/199 200/200/200
f 195/195/195 201/201/201 193/193/193
f 195/195/195 196/196/196 201/201/201
f 193/193/193 201/201/201 199/199/199
f 196/196/196 191/191/191 202/202/202
f 196/196/196 202/202/202 201/201/201
f 191/191/191 197/197/197 202/202/202
f 197/197/197 198/198/198 203/203/203
f 198/198/198 204/204/204 203/203/203
f 199/199/199 205/205/205 200/200/200
f 200/200/200 205/205/205 206/206/206
f 201/201/201 207/207/207 199/199/199
f 201/201/201 202/202/202 207/207/207
f 199/199/199 207/207/207 205/205/205
f 202/202/202 197/197/197 208/208/208
f 202/202/202 208/208/208 207/207/207
f 197/197/197 203/203/203 208/208/208
f 203/203/203 204/204/204 209/209/209
f 204/204/204 210/210/210 209/209/209
f 205/205/205 211/211/211 206/206/206
f 206/206/206 211/211/211 212/212/212
f 207/207/207 213/213/213 205/205/205
f 207/207/207 208/208/208 213/213/213
f 205/205/205 213/213/213 211/211/211
f 208/208/208 203/203/203 214/214/214
f 208/208/208 214/214/214 213/213/213
f 203/203/203 209/209/209 214/214/214
f 209/209/209 210/210/210 215/215/215
f 210/210/210 216/216/216 215/215/215
f 211/211/211 217/217/217 212/212/212
f 212/212/212 217/217/217 218/218/218
f 213/213/213 219/219/219 211/211/211
f 213/213/213 214/214/214 219/219/219
f 211/211/211 219/219/219 217/217/217
f 214/214/214 209/209/209 220/220/220
f 214/214/214 220/220/220 219/219/219
f 209/209/209 215/215/215 220/220/220
f 215/215/215 216/216/216 221/221/221
f 216/216/216 222/222/222 221/221/221
f 217/217/217 223/223/223 218/218/218
f 218/218/218 223/223/223 224/224/224
f 219/219/219 225/225/225 217/217/217
f 219/219/219 220/220/220 225/225/225
f 217/217/217 225/225/225 223/223/223
f 220/220/220 215/215/215 226/226/226
f 220/220/220 226/226/226 225/225/225
f 215/215/215 221/221/221 226/226/226
f 221/221/221 222/222/222 227/227/227
f 222/222/222 228/228/228 227/227/227
f 223/223/223 229/229/229 224/224/224
f 224/224/224 229/229/229 230/230/230
f 225/225/225 231/231/231 223/223/223
f 225/225/225 226/226/226 231/231/231
f 223/223/223 231/231/231 229/229/229
f 226/226/226 221/221/221 232/232/232
f 226/226/226 232/232/232 231/231/231
f 221/221/221 227/227/227 232/232/232
f 227/227/227 228/228/228 233/233/233
f 228/228/228 234/234/234 233/233/233
f 229/229/229 235/235/235 230/230/230
f 230/230/230 235/235/235 236/236/236
f 231/231/231 237/237/237 229/229/229
f 231/231/231 232/232/232 237/237/237
f 229/229/229 237/237/237 235/235/235
f 232/232/232 227/227/227 238/238/238
f 232/232/232 238/238/238 237/237/237
f 227/227/227 233/233/233 238/238/238
f 233/233/233 234/234/234 239/239/239
f 234/234/234 240/240/240 239/239/239
f 235/235/235 241/241/241 236/236/236
f 236/236/236 241/241/241 242/242/242
f 237/237/237 243/243/243 235/235/235
f 237/237/237 238/238/238 243/243/243
f 235/235/235 243/243/243 241/241/241
f 238/238/238 233/233/233 244/244/244
f 238/238/238 244/244/244 243/243/243
f 233/233/233 239/239/239 244/244/244
f 239/239/239 240/240/240 245/245/245
f 240/240/240 246/246/246 245/245/245
f 241/241/241 247/247/247 242/242/242
f 242/242/242 247/247/247 248/248/248
f 247/247/247 249/249/249 248/248/248
f 243/243/243 250/250/250 241/241/241
f 243/243/243 244/244/244 250/250/250
f 241/241/241 250/250/250 247/247/247
f 244/244/244 239/239/239 251/251/251
f 244/244/244 251/251/251 250/250/250
f 239/239/239 245/245/245 251/251/251
f 247/247/247 252/252/252 249/249/249
f 250/250/250 252/252/252 247/247/247
f 250/250/250 251/251/251 252/252/252
f 252/252/252 253/253/253 249/249/249
f 251/251/251 254/254/254 252/252/252
f 252/252/252 254/254/254 253/253/253
f 251/251/251 245/245/245 254/254/254
f 254/254/254 255/255/255 253/253/253
f 245/245/245 256/256/256 254/254/254
f 254/254/254 256/256/256 255/255/255
f 245/245/245 246/246/246 256/256/256
f 256/256/256 257/257/257 255/255/255
f 246/246/246 258/258/258 256/256/256
f 256/256/256 258/258/258 257/257/257
f 258/258/258 259/259/259 257/257/257
f 262/262/262 261/261/261 260/260/260
f 261/261/261 263/263/263 260/260/260
f 260/260/260 263/263/263 264/264/264
f 261/261/261 265/265/265 263/263/263
f 263/263/263 266/266/266 264/264/264
f 264/264/264 266/266/266 267/267/267
f 265/265/265 268/268/268 263/263/263
f 263/263/263 268/268/268 266/266/266
f 265/265/265 269/269/269 268/268/268
f 269/269/269 270/270/270 268/268/268
f 269/269/269 271/271/271 270/270/270
f 268/268/268 272/272/272 266/266/266
f 268/268/268 270/270/270 272/272/272
f 266/266/266 273/273/273 267/267/267
f 266/266/266 272/272/272 273/273/273
f 271/271/271 274/274/274 270/270/270
f 271/271/271 275/275/275 274/274/274
f 275/275/275 276/276/276 274/274/274
f 270/270/270 277/277/277 272/272/272
f 270/270/270 274/274/274 277/277/277
f 274/274/274 276/276/276 278/278/278
f 274/274/274 278/278/278 277/277/277
f 276/276/276 279/279/279 278/278/278
f 272/272/272 277/277/277 280/280/280
f 272/272/272 280/280/280 273/273/273
f 281/281/281 273/273/273 267/267/267
f 282/282/282 281/281/281 267/267/267
f 278/278/278 279/279/279 283/283/283
f 279/279/279 284/284/284 283/283/283
f 285/285/285 284/284/284 283/283/283
f 277/277/277 278/278/278 286/286/286
f 278/278/278 283/283/283 286/286/286
f 277/277/277 286/286/286 280/280/280
f 287/287/287 285/285/285 283/283/283
f 287/287/287 283/283/283 286/286/286
f 288/288/288 285/285/285 287/287/287
f 289/289/289 280/280/280 273/273/273
f 281/281/281 289/289/289 273/273/273
f 290/290/290 286/286/286 280/280/280
f 290/290/290 287/287/287 286/286/286
f 289/289/289 290/290/290 280/280/280
f 291/291/291 288/288/288 287/287/287
f 291/291/291 287/287/287 290/290/290
f 292/292/292 288/288/288 291/291/291
f 293/293/293 292/292/292 291/291/291
f 294/294/294 291/291/291 290/290/290
f 293/293/293 291/291/291 294/294/294
f 294/294/294 290/290/290 289/289/289
f 295/295/295 293/293/293 294/294/294
f 296/296/296 294/294/294 289/289/289
f 295/295/295 294/294/294 296/296/296
f 296/296/296 289/289/289 281/281/281
f 297/297/297 295/295/295 296/296/296
f 298/298/298 296/296/296 281/281/281
f 297/297/297 296/296/296 298/298/298
f 298/298/298 281/281/281 282/282/282
f 299/299/299 297/297/297 298/298/298
f 300/300/300 298/298/298 282/282/282
f 299/299/299 298/298/298 300/300/300
f 301/301/301 299/299/299 300/300/300
f 304/304/304 303/303/303 302/302/302
f 303/303/303 305/305/305 302/302/302
f 302/302/302 305/305/305 306/306/306
f 303/303/303 307/307/307 305/305/305
f 305/305/305 308/308/308 306/306/306
f 306/306/306 308/308/308 309/309/309
f 307/307/307 310/310/310 305/305/305
f 305/305/305 310/310/310 308/308/308
f 307/307/307 311/311/311 310/310/310
f 311/311/311 312/312/312 310/310/310
f 311/311/311 313/313/313 312/312/312
f 310/310/310 314/314/314 308/308/308
f 310/310/310 312/312/312 314/314/314
f 308/308/308 315/315/315 309/309/309
f 308/308/308 314/314/314 315/315/315
f 313/313/313 316/316/316 312/312/312
f 313/313/313 317/317/317 316/316/316
f 317/317/317 318/318/318 316/316/316
f 312/312/312 319/319/319 314/314/314
f 312/312/312 316/316/316 319/319/319
f 316/316/316 318/318/318 320/320/320
f 316/316/316 320/320/320 319/319/319
f 318/318/318 321/321/321 320/320/320
f 314/314/314 319/319/319 322/322/322
f 314/314/314 322/322/322 315/315/315
f 323/323/323 315/315/315 309/309/309
f 324/324/324 323/323/323 309/309/309
f 320/320/320 321/321/321 325/325/325
f 321/321/321 326/326/326 325/325/325
f 327/327/327 326/326/326 325/325/325
f 319/319/319 320/320/320 328/328/328
f 320/320/320 325/325/325 328/328/328
f 319/319/319 328/328/328 322/322/322
f 329/329/329 327/327/327 325/325/325
f 329/329/329 325/325/325 328/328/328
f 330/330/330 327/327/327 329/329/329
f 331/331/331 322/322/322 315/315/315
f 323/323/323 331/331/331 315/315/315
f 332/332/332 328/328/328 322/322/322
f 332/332/332 329/329/329 328/328/328
f 331/331/331 332/332/332 322/322/322
f 333/333/333 330/330/330 329/329/329
f 333/333/333 329/329/329 332/332/332
f 334/334/334 330/330/330 333/333/333
f 335/335/335 334/334/334 333/333/333
f 336/336/336 333/333/333 332/332/332
f 335/335/335 333/333/333 336/336/336
f 336/336/336 332/332/332 331/331/331
f 337/337/337 335/335/335 336/336/336
f 338/338/338 336/336/336 331/331/331
f 337/337/337 336/336/336 338/338/338
f 338/338/338 331/331/331 323/323/323
f 339/339/339 337/337/337 338/338/338
f 340/340/340 338/338/338 323/323/323
f 339/339/339 338/338/338 340/340/340
f 340/340/340 323/323/323 324/324/324
f 341/341/341 339/339/339 340/340/340
f 342/342/342 340/340/340 324/324/324
f 341/341/341 340/340/340 342/342/342
f 343/343/343 341/341/341 342/342/342
f 346/346/346 345/345/345 344/344/344
f 345/345/345 347/347/347 344/344/344
f 344/344/344 347/347/347 348/348/348
f 345/345/345 349/349/349 347/347/347
f 347/347/347 350/350/350 348/348/348
f 348/348/348 350/350/350 351/351/351
f 349/349/349 352/352/352 347/347/347
f 347/347/347 352/352/352 350/350/350
f 349/349/349 353/353/353 352/352/352
f 353/353/353 354/354/354 352/352/352
f 353/353/353 355/355/355 354/354/354
f 352/352/352 356/356/356 350/350/350
f 352/352/352 354/354/354 356/356/356
f 355/355/355 357/357/357 354/354/354
f 355/355/355 358/358/358 357/357/357
f 358/358/358 359/359/359 357/357/357
f 354/354/354 357/357/357 360/360/360
f 354/354/354 360/360/360 356/356/356
f 357/357/357 359/359/359 361/361/361
f 357/357/357 361/361/361 360/360/360
f 359/359/359 362/362/362 361/361/361
f 350/350/350 356/356/356 363/363/363
f 350/350/350 363/363/363 351/351/351
f 356/356/356 364/364/364 363/363/363
f 356/356/356 360/360/360 364/364/364
f 365/365/365 364/364/364 363/363/363
f 366/366/366 364/364/364 363/363/363
f 360/360/360 367/367/367 364/364/364
f 360/360/360 361/361/361 367/367/367
f 361/361/361 362/362/362 368/368/368
f 361/361/361 368/368/368 367/367/367
f 362/362/362 369/369/369 368/368/368
f 370/370/370 368/368/368 367/367/367
f 371/371/371 368/368/368 367/367/367
f 351/351/351 363/363/363 372/372/372
f 363/363/363 373/373/373 372/372/372
f 363/363/363 364/364/364 373/373/373
f 372/372/372 373/373/373 374/374/374
f 373/373/373 375/375/375 374/374/374
f 374/374/374 375/375/375 376/376/376
f 364/364/364 377/377/377 373/373/373
f 373/373/373 377/377/377 375/375/375
f 364/364/364 367/367/367 377/377/377
f 375/375/375 378/378/378 376/376/376
f 376/376/376 378/378/378 379/379/379
f 377/377/377 380/380/380 375/375/375
f 375/375/375 380/380/380 378/378/378
f 378/378/378 381/381/381 379/379/379
f 379/379/379 381/381/381 382/382/382
f 367/367/367 383/383/383 377/377/377
f 377/377/377 383/383/383 380/380/380
f 380/380/380 384/384/384 378/378/378
f 378/378/378 384/384/384 381/381/381
f 381/381/381 385/385/385 382/382/382
f 382/382/382 385/385/385 386/386/386
f 383/383/383 387/387/387 380/380/380
f 380/380/380 387/387/387 384/384/384
f 384/384/384 388/388/388 381/381/381
f 381/381/381 388/388/388 385/385/385
f 385/385/385 389/389/389 386/386/386
f 386/386/386 389/389/389 390/390/390
f 387/387/387 391/391/391 384/384/384
f 384/384/384 391/391/391 388/388/388
f 388/388/388 392/392/392 385/385/385
f 385/385/385 392/392/392 389/389/389
f 389/389/389 393/393/393 390/390/390
f 390/390/390 393/393/393 394/394/394
f 391/391/391 395/395/395 388/388/388
f 388/388/388 395/395/395 392/392/392
f 392/392/392 396/396/396 389/389/389
f 389/389/389 396/396/396 393/393/393
f 393/393/393 397/397/397 394/394/394
f 394/394/394 397/397/397 398/398/398
f 395/395/395 399/399/399 392/392/392
f 392/392/392 399/399/399 396/396/396
f 396/396/396 400/400/400 393/393/393
f 393/393/393 400/400/400 397/397/397
f 397/397/397 401/401/401 398/398/398
f 398/398/398 401/401/401 402/402/402
f 399/399/399 403/403/403 396/396/396
f 396/396/396 403/403/403 400/400/400
f 400/400/400 404/404/404 397/397/397
f 397/397/397 404/404/404 401/401/401
f 401/401/401 405/405/405 402/402/402
f 402/402/402 405/405/405 406/406/406
f 405/405/405 407/407/407 406/406/406
f 401/401/401 408/408/408 405/405/405
f 404/404/404 408/408/408 401/401/401
f 405/405/405 409/409/409 407/407/407
f 408/408/408 409/409/409 405/405/405
f 409/409/409 410/410/410 407/407/407
f 400/400/400 411/411/411 404/404/404
f 403/403/403 411/411/411 400/400/400
f 404/404/404 412/412/412 408/408/408
f 411/411/411 412/412/412 404/404/404
f 408/408/408 413/413/413 409/409/409
f 412/412/412 413/413/413 408/408/408
f 409/409/409 414/414/414 410/410/410
f 413/413/413 414/414/414 409/409/409
f 414/414/414 415/415/415 410/410/410
f 415/415/415 416/416/416 410/410/410
f 417/417/417 416/416/416 415/415/415
f 418/418/418 416/416/416 417/417/417
f 414/414/414 419/419/419 415/415/415
f 419/419/419 420/420/420 415/415/415
f 421/421/421 418/418/418 420/420/420
f 419/419/419 421/421/421 420/420/420
f 422/422/422 421/421/421 419/419/419
f 423/423/423 419/419/419 414/414/414
f 423/423/423 422/422/422 419/419/419
f 413/413/413 423/423/423 414/414/414
f 424/424/424 422/422/422 423/423/423
f 425/425/425 423/423/423 413/413/413
f 425/425/425 424/424/424 423/423/423
f 412/412/412 425/425/425 413/413/413
f 426/426/426 424/424/424 425/425/425
f 427/427/427 425/425/425 412/412/412
f 427/427/427 426/426/426 425/425/425
f 411/411/411 427/427/427 412/412/412
f 428/428/428 426/426/426 427/427/427
f 429/429/429 427/427/427 411/411/411
f 429/429/429 428/428/428 427/427/427
f 403/403/403 429/429/429 411/411/411
f 430/430/430 428/428/428 429/429/429
f 431/431/431 429/429/429 403/403/403
f 431/431/431 430/430/430 429/429/429
f 399/399/399 431/431/431 403/403/403
f 432/432/432 430/430/430 431/431/431
f 433/433/433 431/431/431 399/399/399
f 433/433/433 432/432/432 431/431/431
f 395/395/395 433/433/433 399/399/399
f 434/434/434 432/432/432 433/433/433
f 435/435/435 433/433/433 395/395/395
f 435/435/435 434/434/434 433/433/433
f 391/391/391 435/435/435 395/395/395
f 436/436/436 434/434/434 435/435/435
f 437/437/437 435/435/435 391/391/391
f 437/437/437 436/436/436 435/435/435
f 387/387/387 437/437/437 391/391/391
f 438/438/438 436/436/436 437/437/437
f 439/439/439 437/437/437 387/387/387
f 439/439/439 438/438/438 437/437/437
f 383/383/383 439/439/439 387/387/387
f 369/369/369 438/438/438 439/439/439
f 368/368/368 439/439/439 383/383/383
f 368/368/368 369/369/369 439/439/439
f 367/367/367 368/368/368 383/383/383
f 440/440/440 369/369/369 368/368/368
f 441/441/441 369/369/369 368/368/368
f 370/370/370 440/440/440 368/368/368
f 371/371/371 441/441/441 368/368/368
f 442/442/442 440/440/440 370/370/370
f 443/443/443 441/441/441 371/371/371
f 444/444/444 442/442/442 370/370/370
f 445/445/445 442/442/442 444/444/444
f 446/446/446 445/445/445 444/444/444
f 447/447/447 443/443/443 371/371/371
f 448/448/448 443/443/443 447/447/447
f 444/444/444 370/370/370 449/449/449
f 449/449/449 370/370/370 367/367/367
f 446/446/446 444/444/444 450/450/450
f 450/450/450 444/444/444 449/449/449
f 451/451/451 446/446/446 450/450/450
f 452/452/452 371/371/371 367/367/367
f 447/447/447 371/371/371 452/452/452
f 453/453/453 448/448/448 447/447/447
f 454/454/454 448/448/448 453/453/453
f 449/449/449 367/367/367 364/364/364
f 452/452/452 367/367/367 364/364/364
f 365/365/365 449/449/449 364/364/364
f 450/450/450 449/449/449 365/365/365
f 366/366/366 452/452/452 364/364/364
f 451/451/451 450/450/450 455/455/455
f 455/455/455 450/450/450 365/365/365
f 456/456/456 451/451/451 455/455/455
f 457/457/457 447/447/447 452/452/452
f 453/453/453 447/447/447 457/457/457
f 457/457/457 452/452/452 366/366/366
f 458/458/458 454/454/454 453/453/453
f 459/459/459 454/454/454 458/458/458
f 455/455/455 365/365/365 460/460/460
f 460/460/460 365/365/365 363/363/363
f 456/456/456 455/455/455 461/461/461
f 461/461/461 455/455/455 460/460/460
f 462/462/462 456/456/456 461/461/461
f 462/462/462 461/461/461 463/463/463
f 464/464/464 462/462/462 463/463/463
f 463/463/463 461/461/461 465/465/465
f 461/461/461 460/460/460 465/465/465
f 465/465/465 460/460/460 351/351/351
f 460/460/460 363/363/363 351/351/351
f 466/466/466 363/363/363 351/351/351
f 467/467/467 466/466/466 351/351/351
f 466/466/466 366/366/366 363/363/363
f 468/468/468 466/466/466 467/467/467
f 469/469/469 468/468/468 467/467/467
f 470/470/470 366/366/366 466/466/466
f 468/468/468 470/470/470 466/466/466
f 470/470/470 457/457/457 366/366/366
f 471/471/471 468/468/468 469/469/469
f 472/472/472 471/471/471 469/469/469
f 473/473/473 457/457/457 470/470/470
f 473/473/473 453/453/453 457/457/457
f 458/458/458 453/453/453 473/473/473
f 474/474/474 470/470/470 468/468/468
f 474/474/474 473/473/473 470/470/470
f 471/471/471 474/474/474 468/468/468
f 475/475/475 471/471/471 472/472/472
f 476/476/476 475/475/475 472/472/472
f 477/477/477 458/458/458 473/473/473
f 477/477/477 473/473/473 474/474/474
f 478/478/478 474/474/474 471/471/471
f 475/475/475 478/478/478 471/471/471
f 478/478/478 477/477/477 474/474/474
f 479/479/479 475/475/475 476/476/476
f 480/480/480 479/479/479 476/476/476
f 481/481/481 458/458/458 477/477/477
f 481/481/481 459/459/459 458/458/458
f 482/482/482 459/459/459 481/481/481
f 483/483/483 477/477/477 478/478/478
f 483/483/483 481/481/481 477/477/477
f 484/484/484 478/478/478 475/475/475
f 479/479/479 484/484/484 475/475/475
f 484/484/484 483/483/483 478/478/478
f 485/485/485 482/482/482 481/481/481
f 485/485/485 481/481/481 483/483/483
f 486/486/486 482/482/482 485/485/485
f 487/487/487 479/479/479 480/480/480
f 488/488/488 487/487/487 480/480/480
f 489/489/489 483/483/483 484/484/484
f 489/489/489 485/485/485 483/483/483
f 490/490/490 486/486/486 485/485/485
f 490/490/490 485/485/485 489/489/489
f 491/491/491 486/486/486 490/490/490
f 492/492/492 484/484/484 479/479/479
f 492/492/492 489/489/489 484/484/484
f 487/487/487 492/492/492 479/479/479
f 493/493/493 487/487/487 488/488/488
f 494/494/494 493/493/493 488/488/488
f 495/495/495 491/491/491 490/490/490
f 496/496/496 491/491/491 495/495/495
f 497/497/497 490/490/490 489/489/489
f 497/497/497 489/489/489 492/492/492
f 495/495/495 490/490/490 497/497/497
f 498/498/498 492/492/492 487/487/487
f 498/498/498 497/497/497 492/492/492
f 493/493/493 498/498/498 487/487/487
f 499/499/499 493/493/493 494/494/494
f 500/500/500 499/499/499 494/494/494
f 501/501/501 496/496/496 495/495/495
f 502/502/502 496/496/496 501/501/501
f 503/503/503 495/495/495 497/497/497
f 503/503/503 497/497/497 498/498/498
f 501/501/501 495/495/495 503/503/503
f 504/504/504 498/498/498 493/493/493
f 504/504/504 503/503/503 498/498/498
f 499/499/499 504/504/504 493/493/493
f 505/505/505 499/499/499 500/500/500
f 506/506/506 505/505/505 500/500/500
f 507/507/507 502/502/502 501/501/501
f 508/508/508 502/502/502 507/507/507
f 509/509/509 501/501/501 503/503/503
f 509/509/509 503/503/503 504/504/504
f 507/507/507 501/501/501 509/509/509
f 510/510/510 504/504/504 499/499/499
f 510/510/510 509/509/509 504/504/504
f 505/505/505 510/510/510 499/499/499
f 511/511/511 505/505/505 506/506/506
f 512/512/512 511/511/511 506/506/506
f 513/513/513 508/508/508 507/507/507
f 514/514/514 508/508/508 513/513/513
f 515/515/515 507/507/507 509/509/509
f 515/515/515 509/509/509 510/510/510
f 513/513/513 507/507/507 515/515/515
f 516/516/516 510/510/510 505/505/505
f 516/516/516 515/515/515 510/510/510
f 511/511/511 516/516/516 505/505/505
f 517/517/517 511/511/511 512/512/512
f 518/518/518 517/517/517 512/512/512
f 519/519/519 514/514/514 513/513/513
f 520/520/520 514/514/514 519/519/519
f 521/521/521 513/513/513 515/515/515
f 521/521/521 515/515/515 516/516/516
f 519/519/519 513/513/513 521/521/521
f 522/522/522 516/516/516 511/511/511
f 522/522/522 521/521/521 516/516/516
f 517/517/517 522/522/522 511/511/511
f 523/523/523 517/517/517 518/518/518
f 524/524/524 523/523/523 518/518/518
f 525/525/525 520/520/520 519/519/519
f 526/526/526 520/520/520 525/525/525
f 527/527/527 519/519/519 521/521/521
f 527/527/527 521/521/521 522/522/522
f 525/525/525 519/519/519 527/527/527
f 528/528/528 522/522/522 517/517/517
f 528/528/528 527/527/527 522/522/522
f 523/523/523 528/528/528 517/517/517
f 529/529/529 523/523/523 524/524/524
f 530/530/530 529/529/529 524/524/524
f 531/531/531 526/526/526 525/525/525
f 532/532/532 526/526/526 531/531/531
f 533/533/533 525/525/525 527/527/527
f 533/533/533 527/527/527 528/528/528
f 531/531/531 525/525/525 533/533/533
f 534/534/534 528/528/528 523/523/523
f 534/534/534 533/533/533 528/528/528
f 529/529/529 534/534/534 523/523/523
f 535/535/535 529/529/529 530/530/530
f 536/536/536 535/535/535 530/530/530
f 537/537/537 532/532/532 531/531/531
f 538/538/538 532/532/532 537/537/537
f 539/539/539 531/531/531 533/533/533
f 539/539/539 533/533/533 534/534/534
f 537/537/537 531/531/531 539/539/539
f 540/540/540 534/534/534 529/529/529
f 540/540/540 539/539/539 534/534/534
f 535/535/535 540/540/540 529/529/529
f 541/541/541 535/535/535 536/536/536
f 542/542/542 541/541/541 536/536/536
f 543/543/543 538/538/538 537/537/537
f 544/544/544 538/538/538 543/543/543
f 545/545/545 537/537/537 539/539/539
f 545/545/545 539/539/539 540/540/540
f 543/543/543 537/537/537 545/545/545
f 546/546/546 540/540/540 535/535/535
f 546/546/546 545/545/545 540/540/540
f 541/541/541 546/546/546 535/535/535
f 547/547/547 541/541/541 542/542/542
f 548/548/548 547/547/547 542/542/542
f 549/549/549 544/544/544 543/543/543
f 550/550/550 544/544/544 549/549/549
f 551/551/551 543/543/543 545/545/545
f 551/551/551 545/545/545 546/546/546
f 549/549/549 543/543/543 551/551/551
f 552/552/552 546/546/546 541/541/541
f 552/552/552 551/551/551 546/546/546
f 547/547/547 552/552/552 541/541/541
f 553/553/553 547/547/547 548/548/548
f 554/554/554 553/553/553 548/548/548
f 555/555/555 550/550/550 549/549/549
f 556/556/556 550/550/550 555/555/555
f 557/557/557 549/549/549 551/551/551
f 557/557/557 551/551/551 552/552/552
f 555/555/555 549/549/549 557/557/557
f 558/558/558 552/552/552 547/547/547
f 558/558/558 557/557/557 552/552/552
f 553/553/553 558/558/558 547/547/547
f 559/559/559 553/553/553 554/554/554
f 560/560/560 559/559/559 554/554/554
f 561/561/561 556/556/556 555/555/555
f 562/562/562 556/556/556 561/561/561
f 563/563/563 555/555/555 557/557/557
f 563/563/563 557/557/557 558/558/558
f 561/561/561 555/555/555 563/563/563
f 564/564/564 558/558/558 553/553/553
f 564/564/564 563/563/563 558/558/558
f 559/559/559 564/564/564 553/553/553
f 565/565/565 559/559/559 560/560/560
f 566/566/566 565/565/565 560/560/560
f 567/567/567 562/562/562 561/561/561
f 568/568/568 562/562/562 567/567/567
f 569/569/569 561/561/561 563/563/563
f 569/569/569 563/563/563 564/564/564
f 567/567/567 561/561/561 569/569/569
f 570/570/570 564/564/564 559/559/559
f 570/570/570 569/569/569 564/564/564
f 565/565/565 570/570/570 559/559/559
f 571/571/571 565/565/565 566/566/566
f 572/572/572 571/571/571 566/566/566
f 573/573/573 568/568/568 567/567/567
f 574/574/574 568/568/568 573/573/573
f 575/575/575 567/567/567 569/569/569
f 575/575/575 569/569/569 570/570/570
f 573/573/573 567/567/567 575/575/575
f 576/576/576 570/570/570 565/565/565
f 576/576/576 575/575/575 570/570/570
f 571/571/571 576/576/576 565/565/565
f 577/577/577 571/571/571 572/572/572
f 578/578/578 577/577/577 572/572/572
f 579/579/579 574/574/574 573/573/573
f 580/580/580 574/574/574 579/579/579
f 581/581/581 573/573/573 575/575/575
f 581/581/581 575/575/575 576/576/576
f 579/579/579 573/573/573 581/581/581
f 582/582/582 576/576/576 571/571/571
f 582/582/582 581/581/581 576/576/576
f 577/577/577 582/582/582 571/571/571
f 583/583/583 577/577/577 578/578/578
f 584/584/584 583/583/583 578/578/578
f 585/585/585 580/580/580 579/579/579
f 586/586/586 580/580/580 585/585/585
f 587/587/587 579/579/579 581/581/581
f 587/587/587 581/581/581 582/582/582
f 585/585/585 579/579/579 587/587/587
f 588/588/588 582/582/582 577/577/577
f 588/588/588 587/587/587 582/582/582
f 583/583/583 588/588/588 577/577/577
f 589/589/589 583/583/583 584/584/584
f 590/590/590 589/589/589 584/584/584
f 591/591/591 586/586/586 585/585/585
f 592/592/592 586/586/586 591/591/591
f 593/593/593 585/585/585 587/587/587
f 593/593/593 587/587/587 588/588/588
f 591/591/591 585/585/585 593/593/593
f 594/594/594 588/588/588 583/583/583
f 594/594/594 593/593/593 588/588/588
f 589/589/589 594/594/594 583/583/583
f 595/595/595 589/589/589 590/590/590
f 596/596/596 595/595/595 590/590/590
f 597/597/597 592/592/592 591/591/591
f 598/598/598 592/592/592 597/597/597
f 599/599/599 591/591/591 593/593/593
f 599/599/599 593/593/593 594/594/594
f 597/597/597 591/591/591 599/599/599
f 600/600/600 594/594/594 589/589/589
f 600/600/600 599/599/599 594/594/594
f 595/595/595 600/600/600 589/589/589
f 601/601/601 595/595/595 596/596/596
f 602/602/602 601/601/601 596/596/596
f 603/603/603 598/598/598 597/597/597
f 604/604/604 598/598/598 603/603/603
f 605/605/605 597/597/597 599/599/599
f 605/605/605 599/599/599 600/600/600
f 603/603/603 597/597/597 605/605/605
f 606/606/606 600/600/600 595/595/595
f 606/606/606 605/605/605 600/600/600
f 601/601/601 606/606/606 595/595/595
f 607/607/607 601/601/601 602/602/602
f 608/608/608 607/607/607 602/602/602
f 609/609/609 604/604/604 603/603/603
f 610/610/610 604/604/604 609/609/609
f 611/611/611 603/603/603 605/605/605
f 611/611/611 605/605/605 606/606/606
f 609/609/609 603/603/603 611/611/611
f 612/612/612 606/606/606 601/601/601
f 612/612/612 611/611/611 606/606/606
f 607/607/607 612/612/612 601/601/601
f 613/613/613 607/607/607 608/608/608
f 614/614/614 613/613/613 608/608/608
f 615/615/615 610/610/610 609/609/609
f 616/616/616 610/610/610 615/615/615
f 617/617/617 609/609/609 611/611/611
f 617/617/617 611/611/611 612/612/612
f 615/615/615 609/609/609 617/617/617
f 618/618/618 612/612/612 607/607/607
f 618/618/618 617/617/617 612/612/612
f 613/613/613 618/618/618 607/607/607
f 619/619/619 613/613/613 614/614/614
f 620/620/620 619/619/619 614/614/614
f 621/621/621 616/616/616 615/615/615
f 622/622/622 616/616/616 621/621/621
f 623/623/623 615/615/615 617/617/617
f 623/623/623 617/617/617 618/618/618
f 621/621/621 615/615/615 623/623/623
f 624/624/624 618/618/618 613/613/613
f 624/624/624 623/623/623 618/618/618
f 619/619/619 624/624/624 613/613/613
f 625/625/625 619/619/619 620/620/620
f 626/626/626 625/625/625 620/620/620
f 627/627/627 622/622/622 621/621/621
f 628/628/628 622/622/622 627/627/627
f 629/629/629 621/621/621 623/623/623
f 629/629/629 623/623/623 624/624/624
f 627/627/627 621/621/621 629/629/629
f 630/630/630 624/624/624 619/619/619
f 630/630/630 629/629/629 624/624/624
f 625/625/625 630/630/630 619/619/619
f 631/631/631 625/625/625 626/626/626
f 632/632/632 631/631/631 626/626/626
f 633/633/633 628/628/628 627/627/627
f 634/634/634 628/628/628 633/633/633
f 635/635/635 627/627/627 629/629/629
f 635/635/635 629/629/629 630/630/630
f 633/633/633 627/627/627 635/635/635
f 636/636/636 630/630/630 625/625/625
f 636/636/636 635/635/635 630/630/630
f 631/631/631 636/636/636 625/625/625
f 637/637/637 631/631/631 632/632/632
f 638/638/638 637/637/637 632/632/632
f 639/639/639 634/634/634 633/633/633
f 640/640/640 634/634/634 639/639/639
f 641/641/641 633/633/633 635/635/635
f 641/641/641 635/635/635 636/636/636
f 639/639/639 633/633/633 641/641/641
f 642/642/642 636/636/636 631/631/631
f 642/642/642 641/641/641 636/636/636
f 637/637/637 642/642/642 631/631/631
f 643/643/643 637/637/637 638/638/638
f 644/644/644 643/643/643 638/638/638
f 645/645/645 640/640/640 639/639/639
f 646/646/646 640/640/640 645/645/645
f 647/647/647 639/639/639 641/641/641
f 647/647/647 641/641/641 642/642/642
f 645/645/645 639/639/639 647/647/647
f 648/648/648 642/642/642 637/637/637
f 648/648/648 647/647/647 642/642/642
f 643/643/643 648/648/648 637/637/637
f 649/649/649 643/643/643 644/644/644
f 650/650/650 649/649/649 644/644/644
f 651/651/651 646/646/646 645/645/645
f 652/652/652 646/646/646 651/651/651
f 653/653/653 645/645/645 647/647/647
f 653/653/653 647/647/647 648/648/648
f 651/651/651 645/645/645 653/653/653
f 654/654/654 648/648/648 643/643/643
f 654/654/654 653/653/653 648/648/648
f 649/649/649 654/654/654 643/643/643
f 655/655/655 649/649/649 650/650/650
f 656/656/656 655/655/655 650/650/650
f 657/657/657 652/652/652 651/651/651
f 658/658/658 652/652/652 657/657/657
f 659/659/659 651/651/651 653/653/653
f 659/659/659 653/653/653 654/654/654
f 657/657/657 651/651/651 659/659/659
f 660/660/660 654/654/654 649/649/649
f 660/660/660 659/659/659 654/654/654
f 655/655/655 660/660/660 649/649/649
f 661/661/661 655/655/655 656/656/656
f 662/662/662 661/661/661 656/656/656
f 663/663/663 658/658/658 657/657/657
f 664/664/664 658/658/658 663/663/663
f 665/665/665 657/657/657 659/659/659
f 665/665/665 659/659/659 660/660/660
f 663/663/663 657/657/657 665/665/665
f 666/666/666 660/660/660 655/655/655
f 666/666/666 665/665/665 660/660/660
f 661/661/661 666/666/666 655/655/655
f 667/667/667 661/661/661 662/662/662
f 668/668/668 667/667/667 662/662/662
f 669/669/669 664/664/664 663/663/663
f 670/670/670 664/664/664 669/669/669
f 671/671/671 663/663/663 665/665/665
f 671/671/671 665/665/665 666/666/666
f 669/669/669 663/663/663 671/671/671
f 672/672/672 666/666/666 661/661/661
f 672/672/672 671/671/671 666/666/666
f 667/667/667 672/672/672 661/661/661
f 673/673/673 667/667/667 668/668/668
f 674/674/674 673/673/673 668/668/668
f 675/675/675 670/670/670 669/669/669
f 676/676/676 670/670/670 675/675/675
f 677/677/677 669/669/669 671/671/671
f 677/677/677 671/671/671 672/672/672
f 675/675/675 669/669/669 677/677/677
f 678/678/678 672/672/672 667/667/667
f 678/678/678 677/677/677 672/672/672
f 673/673/673 678/678/678 667/667/667
f 679/679/679 673/673/673 674/674/674
f 680/680/680 679/679/679 674/674/674
f 681/681/681 676/676/676 675/675/675
f 682/682/682 676/676/676 681/681/681
f 683/683/683 675/675/675 677/677/677
f 683/683/683 677/677/677 678/678/678
f 681/681/681 675/675/675 683/683/683
f 684/684/684 678/678/678 673/673/673
f 684/684/684 683/683/683 678/678/678
f 679/679/679 684/684/684 673/673/673
f 685/685/685 679/679/679 680/680/680
f 686/686/686 685/685/685 680/680/680
f 687/687/687 682/682/682 681/681/681
f 688/688/688 682/682/682 687/687/687
f 689/689/689 681/681/681 683/683/683
f 689/689/689 683/683/683 684/684/684
f 687/687/687 681/681/681 689/689/689
f 690/690/690 684/684/684 679/679/679
f 690/690/690 689/689/689 684/684/684
f 685/685/685 690/690/690 679/679/679
f 691/691/691 685/685/685 686/686/686
f 692/692/692 691/691/691 686/686/686
f 693/693/693 688/688/688 687/687/687
f 694/694/694 688/688/688 693/693/693
f 695/695/695 687/687/687 689/689/689
f 695/695/695 689/689/689 690/690/690
f 693/693/693 687/687/687 695/695/695
f 696/696/696 690/690/690 685/685/685
f 696/696/696 695/695/695 690/690/690
f 691/691/691 696/696/696 685/685/685
f 697/697/697 691/691/691 692/692/692
f 698/698/698 697/697/697 692/692/692
f 699/699/699 694/694/694 693/693/693
f 700/700/700 694/694/694 699/699/699
f 701/701/701 693/693/693 695/695/695
f 701/701/701 695/695/695 696/696/696
f 699/699/699 693/693/693 701/701/701
f 702/702/702 696/696/696 691/691/691
f 702/702/702 701/701/701 696/696/696
f 697/697/697 702/702/702 691/691/691
f 703/703/703 697/697/697 698/698/698
f 704/704/704 703/703/703 698/698/698
f 705/705/705 700/700/700 699/699/699
f 706/706/706 700/700/700 705/705/705
f 707/707/707 699/699/699 701/701/701
f 707/707/707 701/701/701 702/702/702
f 705/705/705 699/699/699 707/707/707
f 708/708/708 702/702/702 697/697/697
f 708/708/708 707/707/707 702/702/702
f 703/703/703 708/708/708 697/697/697
f 709/709/709 703/703/703 704/704/704
f 710/710/710 709/709/709 704/704/704
f 711/711/711 706/706/706 705/705/705
f 712/712/712 706/706/706 711/711/711
f 713/713/713 705/705/705 707/707/707
f 713/713/713 707/707/707 708/708/708
f 711/711/711 705/705/705 713/713/713
f 714/714/714 708/708/708 703/703/703
f 714/714/714 713/713/713 708/708/708
f 709/709/709 714/714/714 703/703/703
f 715/715/715 709/709/709 710/710/710
f 716/716/716 715/715/715 710/710/710
f 717/717/717 712/712/712 711/711/711
f 718/718/718 712/712/712 717/717/717
f 719/719/719 711/711/711 713/713/713
f 719/719/719 713/713/713 714/714/714
f 717/717/717 711/711/711 719/719/719
f 720/720/720 714/714/714 709/709/709
f 720/720/720 719/719/719 714/714/714
f 715/715/715 720/720/720 709/709/709
f 721/721/721 715/715/715 716/716/716
f 722/722/722 721/721/721 716/716/716
f 723/723/723 718/718/718 717/717/717
f 724/724/724 718/718/718 723/723/723
f 725/725/725 717/717/717 719/719/719
f 725/725/725 719/719/719 720/720/720
f 723/723/723 717/717/717 725/725/725
f 726/726/726 720/720/720 715/715/715
f 726/726/726 725/725/725 720/720/720
f 721/721/721 726/726/726 715/715/715
f 727/727/727 721/721/721 722/722/722
f 728/728/728 727/727/727 722/722/722
f 729/729/729 724/724/724 723/723/723
f 730/730/730 724/724/724 729/729/729
f 731/731/731 723/723/723 725/725/725
f 731/731/731 725/725/725 726/726/726
f 729/729/729 723/723/723 731/731/731
f 732/732/732 726/726/726 721/721/721
f 732/732/732 731/731/731 726/726/726
f 727/727/727 732/732/732 721/721/721
f 733/733/733 727/727/727 728/728/728
f 734/734/734 733/733/733 728/728/728
f 735/735/735 730/730/730 729/729/729
f 736/736/736 730/730/730 735/735/735
f 737/737/737 729/729/729 731/731/731
f 737/737/737 731/731/731 732/732/732
f 735/735/735 729/729/729 737/737/737
f 738/738/738 732/732/732 727/727/727
f 738/738/738 737/737/737 732/732/732
f 733/733/733 738/738/738 727/727/727
f 739/739/739 733/733/733 734/734/734
f 740/740/740 739/739/739 734/734/734
f 741/741/741 736/736/736 735/735/735
f 742/742/742 736/736/736 741/741/741
f 743/743/743 735/735/735 737/737/737
f 743/743/743 737/737/737 738/738/738
f 741/741/741 735/735/735 743/743/743
f 744/744/744 738/738/738 733/733/733
f 744/744/744 743/743/743 738/738/738
f 739/739/739 744/744/744 733/733/733
f 745/745/745 739/739/739 740/740/740
f 746/746/746 745/745/745 740/740/740
f 747/747/747 742/742/742 741/741/741
f 748/748/748 742/742/742 747/747/747
f 749/749/749 741/741/741 743/743/743
f 749/749/749 743/743/743 744/744/744
f 747/747/747 741/741/741 749/749/749
f 750/750/750 744/744/744 739/739/739
f 750/750/750 749/749/749 744/744/744
f 745/745/745 750/750/750 739/739/739
f 751/751/751 745/745/745 746/746/746
f 752/752/752 751/751/751 746/746/746
f 753/753/753 748/748/748 747/747/747
f 754/754/754 748/748/748 753/753/753
f 755/755/755 747/747/747 749/749/749
f 755/755/755 749/749/749 750/750/750
f 753/753/753 747/747/747 755/755/755
f 756/756/756 750/750/750 745/745/745
f 756/756/756 755/755/755 750/750/750
f 751/751/751 756/756/756 745/745/745
f 757/757/757 751/751/751 752/752/752
f 758/758/758 757/757/757 752/752/752
f 759/759/759 754/754/754 753/753/753
f 760/760/760 754/754/754 759/759/759
f 761/761/761 753/753/753 755/755/755
f 761/761/761 755/755/755 756/756/756
f 759/759/759 753/753/753 761/761/761
f 762/762/762 756/756/756 751/751/751
f 762/762/762 761/761/761 756/756/756
f 757/757/757 762/762/762 751/751/751
f 763/763/763 757/757/757 758/758/758
f 764/764/764 763/763/763 758/758/758
f 765/765/765 760/760/760 759/759/759
f 766/766/766 760/760/760 765/765/765
f 767/767/767 759/759/759 761/761/761
f 767/767/767 761/761/761 762/762/762
f 765/765/765 759/759/759 767/767/767
f 768/768/768 762/762/762 757/757/757
f 768/768/768 767/767/767 762/762/762
f 763/763/763 768/768/768 757/757/757
f 769/769/769 763/763/763 764/764/764
f 770/770/770 769/769/769 764/764/764
f 771/771/771 766/766/766 765/765/765
f 772/772/772 766/766/766 771/771/771
f 773/773/773 765/765/765 767/767/767
f 773/773/773 767/767/767 768/768/768
f 771/771/771 765/765/765 773/773/773
f 774/774/774 768/768/768 763/763/763
f 774/774/774 773/773/773 768/768/768
f 769/769/769 774/774/774 763/763/763
f 775/775/775 769/769/769 770/770/770
f 776/776/776 775/775/775 770/770/770
f 777/777/777 772/772/772 771/771/771
f 778/778/778 772/772/772 777/777/777
f 779/779/779 771/771/771 773/773/773
f 779/779/779 773/773/773 774/774/774
f 777/777/777 771/771/771 779/779/779
f 780/780/780 774/774/774 769/769/769
f 780/780/780 779/779/779 774/774/774
f 775/775/775 780/780/780 769/769/769
f 781/781/781 775/775/775 776/776/776
f 782/782/782 781/781/781 776/776/776
f 783/783/783 778/778/778 777/777/777
f 784/784/784 778/778/778 783/783/783
f 785/785/785 777/777/777 779/779/779
f 785/785/785 779/779/779 780/780/780
f 783/783/783 777/777/777 785/785/785
f 786/786/786 780/780/780 775/775/775
f 786/786/786 785/785/785 780/780/780
f 781/781/781 786/786/786 775/775/775
f 787/787/787 781/781/781 782/782/782
f 788/788/788 787/787/787 782/782/782
f 789/789/789 784/784/784 783/783/783
f 790/790/790 784/784/784 789/789/789
f 791/791/791 783/783/783 785/785/785
f 791/791/791 785/785/785 786/786/786
f 789/789/789 783/783/783 791/791/791
f 792/792/792 786/786/786 781/781/781
f 792/792/792 791/791/791 786/786/786
f 787/787/787 792/792/792 781/781/781
f 793/793/793 787/787/787 788/788/788
f 794/794/794 793/793/793 788/788/788
f 795/795/795 790/790/790 789/789/789
f 796/796/796 790/790/790 795/795/795
f 797/797/797 789/789/789 791/791/791
f 797/797/797 791/791/791 792/792/792
f 795/795/795 789/789/789 797/797/797
f 798/798/798 792/792/792 787/787/787
f 798/798/798 797/797/797 792/792/792
f 793/793/793 798/798/798 787/787/787
f 799/799/799 793/793/793 794/794/794
f 800/800/800 799/799/799 794/794/794
f 801/801/801 796/796/796 795/795/795
f 802/802/802 796/796/796 801/801/801
f 803/803/803 795/795/795 797/797/797
f 803/803/803 797/797/797 798/798/798
f 801/801/801 795/795/795 803/803/803
f 804/804/804 798/798/798 793/793/793
f 804/804/804 803/803/803 798/798/798
f 799/799/799 804/804/804 793/793/793
f 805/805/805 799/799/799 800/800/800
f 806/806/806 805/805/805 800/800/800
f 807/807/807 802/802/802 801/801/801
f 808/808/808 802/802/802 807/807/807
f 809/809/809 801/801/801 803/803/803
f 809/809/809 803/803/803 804/804/804
f 807/807/807 801/801/801 809/809/809
f 810/810/810 804/804/804 799/799/799
f 810/810/810 809/809/809 804/804/804
f 805/805/805 810/810/810 799/799/799
f 811/811/811 805/805/805 806/806/806
f 812/812/812 811/811/811 806/806/806
f 813/813/813 808/808/808 807/807/807
f 814/814/814 808/808/808 813/813/813
f 815/815/815 807/807/807 809/809/809
f 815/815/815 809/809/809 810/810/810
f 813/813/813 807/807/807 815/815/815
f 816/816/816 810/810/810 805/805/805
f 816/816/816 815/815/815 810/810/810
f 811/811/811 816/816/816 805/805/805
f 817/817/817 811/811/811 812/812/812
f 818/818/818 817/817/817 812/812/812
f 819/819/819 814/814/814 813/813/813
f 820/820/820 814/814/814 819/819/819
f 821/821/821 813/813/813 815/815/815
f 821/821/821 815/815/815 816/816/816
f 819/819/819 813/813/813 821/821/821
f 822/822/822 816/816/816 811/811/811
f 822/822/822 821/821/821 816/816/816
f 817/817/817 822/822/822 811/811/811
f 823/823/823 817/817/817 818/818/818
f 824/824/824 823/823/823 818/818/818
f 825/825/825 820/820/820 819/819/819
f 826/826/826 820/820/820 825/825/825
f 827/827/827 819/819/819 821/821/821
f 827/827/827 821/821/821 822/822/822
f 825/825/825 819/819/819 827/827/827
f 828/828/828 822/822/822 817/817/817
f 828/828/828 827/827/827 822/822/822
f 823/823/823 828/828/828 817/817/817
f 829/829/829 823/823/823 824/824/824
f 830/830/830 829/829/829 824/824/824
f 831/831/831 826/826/826 825/825/825
f 832/832/832 826/826/826 831/831/831
f 833/833/833 825/825/825 827/827/827
f 833/833/833 827/827/827 828/828/828
f 831/831/831 825/825/825 833/833/833
f 834/834/834 828/828/828 823/823/823
f 834/834/834 833/833/833 828/828/828
f 829/829/829 834/834/834 823/823/823
f 835/835/835 829/829/829 830/830/830
f 836/836/836 835/835/835 830/830/830
f 837/837/837 832/832/832 831/831/831
f 838/838/838 832/832/832 837/837/837
f 839/839/839 831/831/831 833/833/833
f 839/839/839 833/833/833 834/834/834
f 837/837/837 831/831/831 839/839/839
f 840/840/840 834/834/834 829/829/829
f 840/840/840 839/839/839 834/834/834
f 835/835/835 840/840/840 829/829/829
f 841/841/841 835/835/835 836/836/836
f 842/842/842 841/841/841 836/836/836
f 843/843/843 838/838/838 837/837/837
f 844/844/844 838/838/838 843/843/843
f 845/845/845 837/837/837 839/839/839
f 845/845/845 839/839/839 840/840/840
f 843/843/843 837/837/837 845/845/845
f 846/846/846 840/840/840 835/835/835
f 846/846/846 845/845/845 840/840/840
f 841/841/841 846/846/846 835/835/835
f 847/847/847 841/841/841 842/842/842
f 848/848/848 847/847/847 842/842/842
f 849/849/849 844/844/844 843/843/843
f 850/850/850 844/844/844 849/849/849
f 851/851/851 843/843/843 845/845/845
f 851/851/851 845/845/845 846/846/846
f 849/849/849 843/843/843 851/851/851
f 852/852/852 846/846/846 841/841/841
f 852/852/852 851/851/851 846/846/846
f 847/847/847 852/852/852 841/841/841
f 853/853/853 847/847/847 848/848/848
f 854/854/854 853/853/853 848/848/848
f 855/855/855 850/850/850 849/849/849
f 856/856/856 850/850/850 855/855/855
f 857/857/857 849/849/849 851/851/851
f 857/857/857 851/851/851 852/852/852
f 855/855/855 849/849/849 857/857/857
f 858/858/858 852/852/852 847/847/847
f 858/858/858 857/857/857 852/852/852
f 853/853/853 858/858/858 847/847/847
f 859/859/859 853/853/853 854/854/854
f 860/860/860 859/859/859 854/854/854
f 861/861/861 856/856/856 855/855/855
f 862/862/862 856/856/856 861/861/861
f 863/863/863 855/855/855 857/857/857
f 863/863/863 857/857/857 858/858/858
f 861/861/861 855/855/855 863/863/863
f 864/864/864 858/858/858 853/853/853
f 864/864/864 863/863/863 858/858/858
f 859/859/859 864/864/864 853/853/853
f 865/865/865 859/859/859 860/860/860
f 866/866/866 865/865/865 860/860/860
f 867/867/867 862/862/862 861/861/861
f 868/868/868 862/862/862 867/867/867
f 869/869/869 861/861/861 863/863/863
f 869/869/869 863/863/863 864/864/864
f 867/867/867 861/861/861 869/869/869
f 870/870/870 864/864/864 859/859/859
f 870/870/870 869/869/869 864/864/864
f 865/865/865 870/870/870 859/859/859
f 871/871/871 865/865/865 866/866/866
f 872/872/872 871/871/871 866/866/866
f 873/873/873 868/868/868 867/867/867
f 874/874/874 868/868/868 873/873/873
f 875/875/875 867/867/867 869/869/869
f 875/875/875 869/869/869 870/870/870
f 873/873/873 867/867/867 875/875/875
f 876/876/876 870/870/870 865/865/865
f 876/876/876 875/875/875 870/870/870
f 871/871/871 876/876/876 865/865/865
f 877/877/877 871/871/871 872/872/872
f 878/878/878 877/877/877 872/872/872
f 879/879/879 874/874/874 873/873/873
f 880/880/880 874/874/874 879/879/879
f 881/881/881 873/873/873 875/875/875
f 881/881/881 875/875/875 876/876/876
f 879/879/879 873/873/873 881/881/881
f 882/882/882 876/876/876 871/871/871
f 882/882/882 881/881/881 876/876/876
f 877/877/877 882/882/882 871/871/871
f 883/883/883 877/877/877 878/878/878
f 884/884/884 883/883/883 878/878/878
f 885/885/885 880/880/880 879/879/879
f 886/886/886 880/880/880 885/885/885
f 887/887/887 879/879/879 881/881/881
f 887/887/887 881/881/881 882/882/882
f 885/885/885 879/879/879 887/887/887
f 888/888/888 882/882/882 877/877/877
f 888/888/888 887/887/887 882/882/882
f 883/883/883 888/888/888 877/877/877
f 889/889/889 883/883/883 884/884/884
f 890/890/890 889/889/889 884/884/884
f 891/891/891 886/886/886 885/885/885
f 892/892/892 886/886/886 891/891/891
f 893/893/893 885/885/885 887/887/887
f 893/893/893 887/887/887 888/888/888
f 891/891/891 885/885/885 893/893/893
f 894/894/894 888/888/888 883/883/883
f 894/894/894 893/893/893 888/888/888
f 889/889/889 894/894/894 883/883/883
f 895/895/895 889/889/889 890/890/890
f 896/896/896 895/895/895 890/890/890
f 897/897/897 892/892/892 891/891/891
f 898/898/898 892/892/892 897/897/897
f 899/899/899 891/891/891 893/893/893
f 899/899/899 893/893/893 894/894/894
f 897/897/897 891/891/891 899/899/899
f 900/900/900 894/894/894 889/889/889
f 900/900/900 899/899/899 894/894/894
f 895/895/895 900/900/900 889/889/889
f 901/901/901 895/895/895 896/896/896
f 902/902/902 901/901/901 896/896/896
f 903/903/903 898/898/898 897/897/897
f 904/904/904 898/898/898 903/903/903
f 905/905/905 897/897/897 899/899/899
f 905/905/905 899/899/899 900/900/900
f 903/903/903 897/897/897 905/905/905
f 906/906/906 900/900/900 895/895/895
f 906/906/906 905/905/905 900/900/900
f 901/901/901 906/906/906 895/895/895
f 907/907/907 901/901/901 902/902/902
f 908/908/908 907/907/907 902/902/902
f 909/909/909 904/904/904 903/903/903
f 910/910/910 904/904/904 909/909/909
f 911/911/911 903/903/903 905/905/905
f 911/911/911 905/905/905 906/906/906
f 909/909/909 903/903/903 911/911/911
f 912/912/912 906/906/906 901/901/901
f 912/912/912 911/911/911 906/906/906
f 907/907/907 912/912/912 901/901/901
f 913/913/913 907/907/907 908/908/908
f 914/914/914 913/913/913 908/908/908
f 915/915/915 910/910/910 909/909/909
f 916/916/916 910/910/910 915/915/915
f 917/917/917 909/909/909 911/911/911
f 917/917/917 911/911/911 912/912/912
f 915/915/915 909/909/909 917/917/917
f 918/918/918 912/912/912 907/907/907
f 918/918/918 917/917/917 912/912/912
f 913/913/913 918/918/918 907/907/907
f 919/919/919 913/913/913 914/914/914
f 920/920/920 919/919/919 914/914/914
f 921/921/921 916/916/916 915/915/915
f 922/922/922 916/916/916 921/921/921
f 923/923/923 915/915/915 917/917/917
f 923/923/923 917/917/917 918/918/918
f 921/921/921 915/915/915 923/923/923
f 924/924/924 918/918/918 913/913/913
f 924/924/924 923/923/923 918/918/918
f 919/919/919 924/924/924 913/913/913
f 925/925/925 919/919/919 920/920/920
f 926/926/926 925/925/925 920/920/920
f 927/927/927 922/922/922 921/921/921
f 928/928/928 922/922/922 927/927/927
f 929/929/929 921/921/921 923/923/923
f 929/929/929 923/923/923 924/924/924
f 927/927/927 921/921/921 929/929/929
f 930/930/930 924/924/924 919/919/919
f 930/930/930 929/929/929 924/924/924
f 925/925/925 930/930/930 919/919/919
f 931/931/931 925/925/925 926/926/926
f 932/932/932 931/931/931 926/926/926
f 933/933/933 928/928/928 927/927/927
f 934/934/934 928/928/928 933/933/933
f 935/935/935 927/927/927 929/929/929
f 935/935/935 929/929/929 930/930/930
f 933/933/933 927/927/927 935/935/935
f 936/936/936 930/930/930 925/925/925
f 936/936/936 935/935/935 930/930/930
f 931/931/931 936/936/936 925/925/925
f 937/937/937 931/931/931 932/932/932
f 938/938/938 937/937/937 932/932/932
f 939/939/939 934/934/934 933/933/933
f 940/940/940 934/934/934 939/939/939
f 941/941/941 933/933/933 935/935/935
f 941/941/941 935/935/935 936/936/936
f 939/939/939 933/933/933 941/941/941
f 942/942/942 936/936/936 931/931/931
f 942/942/942 941/941/941 936/936/936
f 937/937/937 942/942/942 931/931/931
f 943/943/943 937/937/937 938/938/938
f 944/944/944 943/943/943 938/938/938
f 945/945/945 940/940/940 939/939/939
f 946/946/946 940/940/940 945/945/945
f 947/947/947 939/939/939 941/941/941
f 947/947/947 941/941/941 942/942/942
f 945/945/945 939/939/939 947/947/947
f 948/948/948 942/942/942 937/937/937
f 948/948/948 947/947/947 942/942/942
f 943/943/943 948/948/948 937/937/937
f 949/949/949 943/943/943 944/944/944
f 950/950/950 949/949/949 944/944/944
f 951/951/951 946/946/946 945/945/945
f 952/952/952 946/946/946 951/951/951
f 953/953/953 945/945/945 947/947/947
f 953/953/953 947/947/947 948/948/948
f 951/951/951 945/945/945 953/953/953
f 954/954/954 948/948/948 943/943/943
f 954/954/954 953/953/953 948/948/948
f 949/949/949 954/954/954 943/943/943
f 955/955/955 949/949/949 950/950/950
f 956/956/956 955/955/955 950/950/950
f 957/957/957 952/952/952 951/951/951
f 958/958/958 952/952/952 957/957/957
f 959/959/959 951/951/951 953/953/953
f 959/959/959 953/953/953 954/954/954
f 957/957/957 951/951/951 959/959/959
f 960/960/960 954/954/954 949/949/949
f 960/960/960 959/959/959 954/954/954
f 955/955/955 960/960/960 949/949/949
f 961/961/961 955/955/955 956/956/956
f 962/962/962 961/961/961 956/956/956
f 963/963/963 958/958/958 957/957/957
f 964/964/964 958/958/958 963/963/963
f 965/965/965 957/957/957 959/959/959
f 965/965/965 959/959/959 960/960/960
f 963/963/963 957/957/957 965/965/965
f 966/966/966 960/960/960 955/955/955
f 966/966/966 965/965/965 960/960/960
f 961/961/961 966/966/966 955/955/955
f 967/967/967 961/961/961 962/962/962
f 968/968/968 967/967/967 962/962/962
f 969/969/969 964/964/964 963/963/963
f 970/970/970 964/964/964 969/969/969
f 971/971/971 963/963/963 965/965/965
f 971/971/971 965/965/965 966/966/966
f 969/969/969 963/963/963 971/971/971
f 972/972/972 966/966/966 961/961/961
f 972/972/972 971/971/971 966/966/966
f 967/967/967 972/972/972 961/961/961
f 973/973/973 967/967/967 968/968/968
f 974/974/974 973/973/973 968/968/968
f 975/975/975 970/970/970 969/969/969
f 976/976/976 970/970/970 975/975/975
f 977/977/977 969/969/969 971/971/971
f 977/977/977 971/971/971 972/972/972
f 975/975/975 969/969/969 977/977/977
f 978/978/978 972/972/972 967/967/967
f 978/978/978 977/977/977 972/972/972
f 973/973/973 978/978/978 967/967/967
f 979/979/979 973/973/973 974/974/974
f 980/980/980 979/979/979 974/974/974
f 981/981/981 976/976/976 975/975/975
f 982/982/982 976/976/976 981/981/981
f 983/983/983 975/975/975 977/977/977
f 983/983/983 977/977/977 978/978/978
f 981/981/981 975/975/975 983/983/983
f 984/984/984 978/978/978 973/973/973
f 984/984/984 983/983/983 978/978/978
f 979/979/979 984/984/984 973/973/973
f 985/985/985 979/979/979 980/980/980
f 986/986/986 985/985/985 980/980/980
f 987/987/987 982/982/982 981/981/981
f 988/988/988 982/982/982 987/987/987
f 989/989/989 981/981/981 983/983/983
f 989/989/989 983/983/983 984/984/984
f 987/987/987 981/981/981 989/989/989
f 990/990/990 984/984/984 979/979/979
f 990/990/990 989/989/989 984/984/984
f 985/985/985 990/990/990 979/979/979
f 991/991/991 985/985/985 986/986/986
f 992/992/992 991/991/991 986/986/986
f 993/993/993 987/987/987 989/989/989
f 993/993/993 989/989/989 990/990/990
f 994/994/994 990/990/990 985/985/985
f 991/991/991 994/994/994 985/985/985
f 994/994/994 993/993/993 990/990/990
f 995/995/995 988/988/988 987/987/987
f 995/995/995 987/987/987 993/993/993
f 996/996/996 991/991/991 992/992/992
f 997/997/997 996/996/996 992/992/992
f 996/996/996 997/997/997 998/998/998
f 999/999/999 993/993/993 994/994/994
f 999/999/999 995/995/995 993/993/993
f 1000/1000/1000 994/994/994 991/991/991
f 996/996/996 1000/1000/1000 991/991/991
f 1000/1000/1000 999/999/999 994/994/994
f 1001/1001/1001 996/996/996 998/998/998
f 1000/1000/1000 996/996/996 1001/1001/1001
f 1001/1001/1001 998/998/998 1002/1002/1002
f 988/988/988 995/995/995 1003/1003/1003
f 1004/1004/1004 988/988/988 1003/1003/1003
f 995/995/995 999/999/999 1005/1005/1005
f 1003/1003/1003 995/995/995 1005/1005/1005
f 999/999/999 1000/1000/1000 1006/1006/1006
f 1006/1006/1006 1000/1000/1000 1001/1001/1001
f 1005/1005/1005 999/999/999 1006/1006/1006
f 1007/1007/1007 1001/1001/1001 1002/1002/1002
f 1006/1006/1006 1001/1001/1001 1007/1007/1007
f 1004/1004/1004 1003/1003/1003 1008/1008/1008
f 1009/1009/1009 1004/1004/1004 1008/1008/1008
f 1010/1010/1010 1009/1009/1009 1008/1008/1008
f 1003/1003/1003 1005/1005/1005 1011/1011/1011
f 1008/1008/1008 1003/1003/1003 1011/1011/1011
f 1005/1005/1005 1006/1006/1006 1012/1012/1012
f 1012/1012/1012 1006/1006/1006 1007/1007/1007
f 1011/1011/1011 1005/1005/1005 1012/1012/1012
f 1013/1013/1013 1010/1010/1010 1008/1008/1008
f 1013/1013/1013 1008/1008/1008 1011/1011/1011
f 1014/1014/1014 1010/1010/1010 1013/1013/1013
f 1015/1015/1015 1014/1014/1014 1013/1013/1013
f 1016/1016/1016 1013/1013/1013 1011/1011/1011
f 1015/1015/1015 1013/1013/1013 1016/1016/1016
f 1016/1016/1016 1011/1011/1011 1012/1012/1012
f 1017/1017/1017 1015/1015/1015 1016/1016/1016
f 1018/1018/1018 1016/1016/1016 1012/1012/1012
f 1017/1017/1017 1016/1016/1016 1018/1018/1018
f 1018/1018/1018 1012/1012/1012 1007/1007/1007
f 1019/1019/1019 1017/1017/1017 1018/1018/1018
f 1020/1020/1020 1018/1018/1018 1007/1007/1007
f 1019/1019/1019 1018/1018/1018 1020/1020/1020
f 1020/1020/1020 1007/1007/1007 1002/1002/1002
f 1021/1021/1021 1019/1019/1019 1020/1020/1020
f 1022/1022/1022 1020/1020/1020 1002/1002/1002
f 1021/1021/1021 1020/1020/1020 1022/1022/1022
f 1023/1023/1023 1021/1021/1021 1022/1022/1022
f 1026/1026/1026 1025/1025/1025 1024/1024/1024
f 1027/1027/1027 1026/1026/1026 1024/1024/1024
f 1027/1027/1027 1028/1028/1028 1026/1026/1026
f 1028/1028/1028 1029/1029/1029 1026/1026/1026
f 1026/1026/1026 1029/1029/1029 1030/1030/1030
f 1028/1028/1028 1031/1031/1031 1029/1029/1029
f 1031/1031/1031 1032/1032/1032 1029/1029/1029
f 1029/1029/1029 1033/1033/1033 1030/1030/1030
f 1029/1029/1029 1032/1032/1032 1033/1033/1033
f 1032/1032/1032 1034/1034/1034 1033/1033/1033
f 1033/1033/1033 1034/1034/1034 1035/1035/1035
f 1033/1033/1033 1035/1035/1035 1036/1036/1036
f 1037/1037/1037 1033/1033/1033 1036/1036/1036
f 1034/1034/1034 1038/1038/1038 1035/1035/1035
f 1034/1034/1034 1039/1039/1039 1038/1038/1038
f 1039/1039/1039 1040/1040/1040 1038/1038/1038
f 1040/1040/1040 1039/1039/1039 1041/1041/1041
f 1036/1036/1036 1035/1035/1035 1042/1042/1042
f 1036/1036/1036 1042/1042/1042 1043/1043/1043
f 1042/1042/1042 1044/1044/1044 1043/1043/1043
f 1035/1035/1035 1038/1038/1038 1045/1045/1045
f 1035/1035/1035 1045/1045/1045 1042/1042/1042
f 1038/1038/1038 1046/1046/1046 1045/1045/1045
f 1045/1045/1045 1046/1046/1046 1047/1047/1047
f 1046/1046/1046 1048/1048/1048 1047/1047/1047
f 1045/1045/1045 1047/1047/1047 1049/1049/1049
f 1042/1042/1042 1045/1045/1045 1049/1049/1049
f 1042/1042/1042 1049/1049/1049 1044/1044/1044
f 1049/1049/1049 1050/1050/1050 1044/1044/1044
f 1044/1044/1044 1050/1050/1050 1051/1051/1051
f 1050/1050/1050 1052/1052/1052 1051/1051/1051
f 1051/1051/1051 1052/1052/1052 1053/1053/1053
f 1052/1052/1052 1054/1054/1054 1053/1053/1053
f 1056/1056/1056 1053/1053/1053 1055/1055/1055
f 1057/1057/1057 1056/1056/1056 1055/1055/1055
f 1059/1059/1059 1058/1058/1058 1057/1057/1057
f 1060/1060/1060 1059/1059/1059 1057/1057/1057
f 1060/1060/1060 1057/1057/1057 1061/1061/1061
f 1062/1062/1062 1060/1060/1060 1061/1061/1061
f 1064/1064/1064 1060/1060/1060 1063/1063/1063
f 1037/1037/1037 1064/1064/1064 1063/1063/1063
f 1063/1063/1063 1061/1061/1061 1065/1065/1065
f 1037/1037/1037 1063/1063/1063 1066/1066/1066
f 1066/1066/1066 1063/1063/1063 1065/1065/1065
f 1067/1067/1067 1037/1037/1037 1066/1066/1066
f 1066/1066/1066 1065/1065/1065 1068/1068/1068
f 1069/1069/1069 1066/1066/1066 1068/1068/1068
f 1068/1068/1068 1065/1065/1065 1070/1070/1070
f 1065/1065/1065 1071/1071/1071 1070/1070/1070
f 1065/1065/1065 1072/1072/1072 1071/1071/1071
f 1072/1072/1072 1073/1073/1073 1071/1071/1071
f 1072/1072/1072 1074/1074/1074 1073/1073/1073
f 1074/1074/1074 1075/1075/1075 1073/1073/1073
f 1073/1073/1073 1076/1076/1076 1071/1071/1071
f 1076/1076/1076 1077/1077/1077 1071/1071/1071
f 1076/1076/1076 1078/1078/1078 1077/1077/1077
f 1078/1078/1078 1079/1079/1079 1077/1077/1077
f 1080/1080/1080 1078/1078/1078 1076/1076/1076
f 1081/1081/1081 1080/1080/1080 1076/1076/1076
f 1080/1080/1080 1082/1082/1082 1078/1078/1078
f 1078/1078/1078 1083/1083/1083 1079/1079/1079
f 1082/1082/1082 1083/1083/1083 1078/1078/1078
f 1083/1083/1083 1084/1084/1084 1079/1079/1079
f 1079/1079/1079 1084/1084/1084 1085/1085/1085
f 1084/1084/1084 1086/1086/1086 1085/1085/1085
f 1083/1083/1083 1087/1087/1087 1084/1084/1084
f 1087/1087/1087 1088/1088/1088 1084/1084/1084
f 1087/1087/1087 1089/1089/1089 1088/1088/1088
f 1089/1089/1089 1090/1090/1090 1088/1088/1088
f 1090/1090/1090 1089/1089/1089 1091/1091/1091
f 1092/1092/1092 1090/1090/1090 1091/1091/1091
f 1093/1093/1093 1087/1087/1087 1083/1083/1083
f 1082/1082/1082 1093/1093/1093 1083/1083/1083
f 1094/1094/1094 1093/1093/1093 1082/1082/1082
f 1095/1095/1095 1094/1094/1094 1082/1082/1082
f 1096/1096/1096 1094/1094/1094 1095/1095/1095
f 1095/1095/1095 1082/1082/1082 1097/1097/1097
f 1098/1098/1098 1096/1096/1096 1095/1095/1095
f 1099/1099/1099 1095/1095/1095 1097/1097/1097
f 1098/1098/1098 1095/1095/1095 1099/1099/1099
f 1100/1100/1100 1098/1098/1098 1099/1099/1099
f 1099/1099/1099 1097/1097/1097 1101/1101/1101
f 1100/1100/1100 1099/1099/1099 1102/1102/1102
f 1102/1102/1102 1099/1099/1099 1101/1101/1101
f 1103/1103/1103 1100/1100/1100 1102/1102/1102
f 1103/1103/1103 1102/1102/1102 1104/1104/1104
f 1105/1105/1105 1103/1103/1103 1104/1104/1104
f 1104/1104/1104 1102/1102/1102 1106/1106/1106
f 1102/1102/1102 1101/1101/1101 1106/1106/1106
f 1106/1106/1106 1101/1101/1101 1107/1107/1107
f 1101/1101/1101 1108/1108/1108 1107/1107/1107
f 1111/1111/1111 1110/1110/1110 1109/1109/1109
f 1110/1110/1110 1112/1112/1112 1109/1109/1109
f 1110/1110/1110 1113/1113/1113 1112/1112/1112
f 1113/1113/1113 1085/1085/1085 1112/1112/1112
f 1116/1116/1116 1115/1115/1115 1114/1114/1114
f 1115/1115/1115 1117/1117/1117 1114/1114/1114
f 1114/1114/1114 1117/1117/1117 1118/1118/1118
f 1117/1117/1117 1115/1115/1115 1119/1119/1119
f 1117/1117/1117 1120/1120/1120 1118/1118/1118
f 1121/1121/1121 1117/1117/1117 1119/1119/1119
f 1120/1120/1120 1117/1117/1117 1121/1121/1121
f 1122/1122/1122 1120/1120/1120 1121/1121/1121
f 1124/1124/1124 1123/1123/1123 1122/1122/1122
f 1125/1125/1125 1124/1124/1124 1122/1122/1122
f 1127/1127/1127 1124/1124/1124 1126/1126/1126
f 1093/1093/1093 1127/1127/1127 1126/1126/1126
f 1130/1130/1130 1129/1129/1129 1128/1128/1128
f 1129/1129/1129 1131/1131/1131 1128/1128/1128
f 1129/1129/1129 1132/1132/1132 1131/1131/1131
f 1128/1128/1128 1131/1131/1131 1133/1133/1133
f 1134/1134/1134 1128/1128/1128 1133/1133/1133
f 1132/1132/1132 1135/1135/1135 1131/1131/1131
f 1132/1132/1132 1136/1136/1136 1135/1135/1135
f 1133/1133/1133 1131/1131/1131 1137/1137/1137
f 1131/1131/1131 1135/1135/1135 1137/1137/1137
f 1134/1134/1134 1133/1133/1133 1138/1138/1138
f 1139/1139/1139 1134/1134/1134 1138/1138/1138
f 1138/1138/1138 1133/1133/1133 1140/1140/1140
f 1133/1133/1133 1137/1137/1137 1140/1140/1140
f 1139/1139/1139 1138/1138/1138 1141/1141/1141
f 1142/1142/1142 1139/1139/1139 1141/1141/1141
f 1142/1142/1142 1141/1141/1141 1143/1143/1143
f 1141/1141/1141 1144/1144/1144 1143/1143/1143
f 1143/1143/1143 1144/1144/1144 1145/1145/1145
f 1141/1141/1141 1146/1146/1146 1144/1144/1144
f 1136/1136/1136 1147/1147/1147 1135/1135/1135
f 1136/1136/1136 1148/1148/1148 1147/1147/1147
f 1137/1137/1137 1135/1135/1135 1149/1149/1149
f 1135/1135/1135 1147/1147/1147 1149/1149/1149
f 1144/1144/1144 1150/1150/1150 1145/1145/1145
f 1145/1145/1145 1150/1150/1150 1151/1151/1151
f 1148/1148/1148 1152/1152/1152 1147/1147/1147
f 1148/1148/1148 1153/1153/1153 1152/1152/1152
f 1153/1153/1153 1154/1154/1154 1152/1152/1152
f 1152/1152/1152 1154/1154/1154 1155/1155/1155
f 1147/1147/1147 1152/1152/1152 1156/1156/1156
f 1156/1156/1156 1152/1152/1152 1155/1155/1155
f 1149/1149/1149 1147/1147/1147 1156/1156/1156
f 1156/1156/1156 1155/1155/1155 1157/1157/1157
f 1158/1158/1158 1156/1156/1156 1157/1157/1157
f 1149/1149/1149 1156/1156/1156 1158/1158/1158
f 1158/1158/1158 1157/1157/1157 1159/1159/1159
f 1160/1160/1160 1158/1158/1158 1159/1159/1159
f 1161/1161/1161 1149/1149/1149 1158/1158/1158
f 1137/1137/1137 1149/1149/1149 1161/1161/1161
f 1160/1160/1160 1159/1159/1159 1162/1162/1162
f 1163/1163/1163 1137/1137/1137 1161/1161/1161
f 1159/1159/1159 1164/1164/1164 1162/1162/1162
f 1163/1163/1163 1161/1161/1161 1165/1165/1165
f 1146/1146/1146 1163/1163/1163 1165/1165/1165
f 1166/1166/1166 1163/1163/1163 1146/1146/1146
f 1167/1167/1167 1166/1166/1166 1146/1146/1146
f 1146/1146/1146 1165/1165/1165 1168/1168/1168
f 1146/1146/1146 1168/1168/1168 1144/1144/1144
f 1165/1165/1165 1169/1169/1169 1168/1168/1168
f 1144/1144/1144 1168/1168/1168 1150/1150/1150
f 1168/1168/1168 1169/1169/1169 1170/1170/1170
f 1168/1168/1168 1170/1170/1170 1150/1150/1150
f 1162/1162/1162 1164/1164/1164 1171/1171/1171
f 1164/1164/1164 1172/1172/1172 1171/1171/1171
f 1169/1169/1169 1162/1162/1162 1173/1173/1173
f 1169/1169/1169 1173/1173/1173 1170/1170/1170
f 1162/1162/1162 1171/1171/1171 1173/1173/1173
f 1150/1150/1150 1170/1170/1170 1174/1174/1174
f 1150/1150/1150 1174/1174/1174 1151/1151/1151
f 1151/1151/1151 1174/1174/1174 1175/1175/1175
f 1171/1171/1171 1172/1172/1172 1176/1176/1176
f 1172/1172/1172 1177/1177/1177 1176/1176/1176
f 1173/1173/1173 1171/1171/1171 1178/1178/1178
f 1171/1171/1171 1176/1176/1176 1178/1178/1178
f 1170/1170/1170 1173/1173/1173 1179/1179/1179
f 1170/1170/1170 1179/1179/1179 1174/1174/1174
f 1173/1173/1173 1178/1178/1178 1179/1179/1179
f 1174/1174/1174 1180/1180/1180 1175/1175/1175
f 1174/1174/1174 1179/1179/1179 1180/1180/1180
f 1175/1175/1175 1180/1180/1180 1181/1181/1181
f 1176/1176/1176 1177/1177/1177 1182/1182/1182
f 1177/1177/1177 1183/1183/1183 1182/1182/1182
f 1178/1178/1178 1176/1176/1176 1184/1184/1184
f 1176/1176/1176 1182/1182/1182 1184/1184/1184
f 1179/1179/1179 1178/1178/1178 1185/1185/1185
f 1179/1179/1179 1185/1185/1185 1180/1180/1180
f 1178/1178/1178 1184/1184/1184 1185/1185/1185
f 1180/1180/1180 1186/1186/1186 1181/1181/1181
f 1180/1180/1180 1185/1185/1185 1186/1186/1186
f 1181/1181/1181 1186/1186/1186 1187/1187/1187
f 1182/1182/1182 1183/1183/1183 1188/1188/1188
f 1183/1183/1183 1189/1189/1189 1188/1188/1188
f 1184/1184/1184 1182/1182/1182 1190/1190/1190
f 1182/1182/1182 1188/1188/1188 1190/1190/1190
f 1185/1185/1185 1184/1184/1184 1191/1191/1191
f 1185/1185/1185 1191/1191/1191 1186/1186/1186
f 1184/1184/1184 1190/1190/1190 1191/1191/1191
f 1186/1186/1186 1192/1192/1192 1187/1187/1187
f 1186/1186/1186 1191/1191/1191 1192/1192/1192
f 1187/1187/1187 1192/1192/1192 1193/1193/1193
f 1188/1188/1188 1189/1189/1189 1194/1194/1194
f 1189/1189/1189 1195/1195/1195 1194/1194/1194
f 1190/1190/1190 1188/1188/1188 1196/1196/1196
f 1188/1188/1188 1194/1194/1194 1196/1196/1196
f 1191/1191/1191 1190/1190/1190 1197/1197/1197
f 1191/1191/1191 1197/1197/1197 1192/1192/1192
f 1190/1190/1190 1196/1196/1196 1197/1197/1197
f 1192/1192/1192 1198/1198/1198 1193/1193/1193
f 1192/1192/1192 1197/1197/1197 1198/1198/1198
f 1193/1193/1193 1198/1198/1198 1199/1199/1199
f 1194/1194/1194 1195/1195/1195 1200/1200/1200
f 1195/1195/1195 1201/1201/1201 1200/1200/1200
f 1196/1196/1196 1194/1194/1194 1202/1202/1202
f 1194/1194/1194 1200/1200/1200 1202/1202/1202
f 1197/1197/1197 1196/1196/1196 1203/1203/1203
f 1197/1197/1197 1203/1203/1203 1198/1198/1198
f 1196/1196/1196 1202/1202/1202 1203/1203/1203
f 1198/1198/1198 1204/1204/1204 1199/1199/1199
f 1198/1198/1198 1203/1203/1203 1204/1204/1204
f 1199/1199/1199 1204/1204/1204 1205/1205/1205
f 1200/1200/1200 1201/1201/1201 1206/1206/1206
f 1201/1201/1201 1207/1207/1207 1206/1206/1206
f 1202/1202/1202 1200/1200/1200 1208/1208/1208
f 1200/1200/1200 1206/1206/1206 1208/1208/1208
f 1203/1203/1203 1202/1202/1202 1209/1209/1209
f 1203/1203/1203 1209/1209/1209 1204/1204/1204
f 1202/1202/1202 1208/1208/1208 1209/1209/1209
f 1204/1204/1204 1210/1210/1210 1205/1205/1205
f 1204/1204/1204 1209/1209/1209 1210/1210/1210
f 1205/1205/1205 1210/1210/1210 1211/1211/1211
f 1206/1206/1206 1207/1207/1207 1212/1212/1212
f 1207/1207/1207 1213/1213/1213 1212/1212/1212
f 1208/1208/1208 1206/1206/1206 1214/1214/1214
f 1206/1206/1206 1212/1212/1212 1214/1214/1214
f 1209/1209/1209 1208/1208/1208 1215/1215/1215
f 1209/1209/1209 1215/1215/1215 1210/1210/1210
f 1208/1208/1208 1214/1214/1214 1215/1215/1215
f 1210/1210/1210 1216/1216/1216 1211/1211/1211
f 1210/1210/1210 1215/1215/1215 1216/1216/1216
f 1211/1211/1211 1216/1216/1216 1217/1217/1217
f 1212/1212/1212 1213/1213/1213 1218/1218/1218
f 1213/1213/1213 1219/1219/1219 1218/1218/1218
f 1214/1214/1214 1212/1212/1212 1220/1220/1220
f 1212/1212/1212 1218/1218/1218 1220/1220/1220
f 1215/1215/1215 1214/1214/1214 1221/1221/1221
f 1215/1215/1215 1221/1221/1221 1216/1216/1216
f 1214/1214/1214 1220/1220/1220 1221/1221/1221
f 1216/1216/1216 1222/1222/1222 1217/1217/1217
f 1216/1216/1216 1221/1221/1221 1222/1222/1222
f 1217/1217/1217 1222/1222/1222 1223/1223/1223
f 1218/1218/1218 1219/1219/1219 1224/1224/1224
f 1219/1219/1219 1225/1225/1225 1224/1224/1224
f 1220/1220/1220 1218/1218/1218 1226/1226/1226
f 1218/1218/1218 1224/1224/1224 1226/1226/1226
f 1221/1221/1221 1220/1220/1220 1227/1227/1227
f 1221/1221/1221 1227/1227/1227 1222/1222/1222
f 1220/1220/1220 1226/1226/1226 1227/1227/1227
f 1222/1222/1222 1228/1228/1228 1223/1223/1223
f 1222/1222/1222 1227/1227/1227 1228/1228/1228
f 1223/1223/1223 1228/1228/1228 1229/1229/1229
f 1224/1224/1224 1225/1225/1225 1230/1230/1230
f 1225/1225/1225 1231/1231/1231 1230/1230/1230
f 1226/1226/1226 1224/1224/1224 1232/1232/1232
f 1224/1224/1224 1230/1230/1230 1232/1232/1232
f 1227/1227/1227 1226/1226/1226 1233/1233/1233
f 1227/1227/1227 1233/1233/1233 1228/1228/1228
f 1226/1226/1226 1232/1232/1232 1233/1233/1233
f 1228/1228/1228 1234/1234/1234 1229/1229/1229
f 1228/1228/1228 1233/1233/1233 1234/1234/1234
f 1229/1229/1229 1234/1234/1234 1235/1235/1235
f 1230/1230/1230 1231/1231/1231 1236/1236/1236
f 1231/1231/1231 1237/1237/1237 1236/1236/1236
f 1232/1232/1232 1230/1230/1230 1238/1238/1238
f 1230/1230/1230 1236/1236/1236 1238/1238/1238
f 1233/1233/1233 1232/1232/1232 1239/1239/1239
f 1233/1233/1233 1239/1239/1239 1234/1234/1234
f 1232/1232/1232 1238/1238/1238 1239/1239/1239
f 1234/1234/1234 1240/1240/1240 1235/1235/1235
f 1234/1234/1234 1239/1239/1239 1240/1240/1240
f 1235/1235/1235 1240/1240/1240 1241/1241/1241
f 1236/1236/1236 1237/1237/1237 1242/1242/1242
f 1237/1237/1237 1243/1243/1243 1242/1242/1242
f 1238/1238/1238 1236/1236/1236 1244/1244/1244
f 1236/1236/1236 1242/1242/1242 1244/1244/1244
f 1239/1239/1239 1238/1238/1238 1245/1245/1245
f 1239/1239/1239 1245/1245/1245 1240/1240/1240
f 1238/1238/1238 1244/1244/1244 1245/1245/1245
f 1240/1240/1240 1246/1246/1246 1241/1241/1241
f 1240/1240/1240 1245/1245/1245 1246/1246/1246
f 1241/1241/1241 1246/1246/1246 1247/1247/1247
f 1242/1242/1242 1243/1243/1243 1248/1248/1248
f 1243/1243/1243 1249/1249/1249 1248/1248/1248
f 1244/1244/1244 1242/1242/1242 1250/1250/1250
f 1242/1242/1242 1248/1248/1248 1250/1250/1250
f 1245/1245/1245 1244/1244/1244 1251/1251/1251
f 1245/1245/1245 1251/1251/1251 1246/1246/1246
f 1244/1244/1244 1250/1250/1250 1251/1251/1251
f 1246/1246/1246 1252/1252/1252 1247/1247/1247
f 1246/1246/1246 1251/1251/1251 1252/1252/1252
f 1247/1247/1247 1252/1252/1252 1253/1253/1253
f 1248/1248/1248 1249/1249/1249 1254/1254/1254
f 1249/1249/1249 1255/1255/1255 1254/1254/1254
f 1250/1250/1250 1248/1248/1248 1256/1256/1256
f 1248/1248/1248 1254/1254/1254 1256/1256/1256
f 1251/1251/1251 1250/1250/1250 1257/1257/1257
f 1251/1251/1251 1257/1257/1257 1252/1252/1252
f 1250/1250/1250 1256/1256/1256 1257/1257/1257
f 1252/1252/1252 1258/1258/1258 1253/1253/1253
f 1252/1252/1252 1257/1257/1257 1258/1258/1258
f 1253/1253/1253 1258/1258/1258 1259/1259/1259
f 1254/1254/1254 1255/1255/1255 1260/1260/1260
f 1255/1255/1255 1261/1261/1261 1260/1260/1260
f 1256/1256/1256 1254/1254/1254 1262/1262/1262
f 1254/1254/1254 1260/1260/1260 1262/1262/1262
f 1257/1257/1257 1256/1256/1256 1263/1263/1263
f 1257/1257/1257 1263/1263/1263 1258/1258/1258
f 1256/1256/1256 1262/1262/1262 1263/1263/1263
f 1258/1258/1258 1264/1264/1264 1259/1259/1259
f 1258/1258/1258 1263/1263/1263 1264/1264/1264
f 1259/1259/1259 1264/1264/1264 1265/1265/1265
f 1260/1260/1260 1261/1261/1261 1266/1266/1266
f 1261/1261/1261 1267/1267/1267 1266/1266/1266
f 1262/1262/1262 1260/1260/1260 1268/1268/1268
f 1260/1260/1260 1266/1266/1266 1268/1268/1268
f 1263/1263/1263 1262/1262/1262 1269/1269/1269
f 1263/1263/1263 1269/1269/1269 1264/1264/1264
f 1262/1262/1262 1268/1268/1268 1269/1269/1269
f 1264/1264/1264 1270/1270/1270 1265/1265/1265
f 1264/1264/1264 1269/1269/1269 1270/1270/1270
f 1265/1265/1265 1270/1270/1270 1271/1271/1271
f 1266/1266/1266 1267/1267/1267 1272/1272/1272
f 1267/1267/1267 1273/1273/1273 1272/1272/1272
f 1268/1268/1268 1266/1266/1266 1274/1274/1274
f 1266/1266/1266 1272/1272/1272 1274/1274/1274
f 1269/1269/1269 1268/1268/1268 1275/1275/1275
f 1269/1269/1269 1275/1275/1275 1270/1270/1270
f 1268/1268/1268 1274/1274/1274 1275/1275/1275
f 1270/1270/1270 1276/1276/1276 1271/1271/1271
f 1270/1270/1270 1275/1275/1275 1276/1276/1276
f 1271/1271/1271 1276/1276/1276 1277/1277/1277
f 1272/1272/1272 1273/1273/1273 1278/1278/1278
f 1273/1273/1273 1279/1279/1279 1278/1278/1278
f 1274/1274/1274 1272/1272/1272 1280/1280/1280
f 1272/1272/1272 1278/1278/1278 1280/1280/1280
f 1275/1275/1275 1274/1274/1274 1281/1281/1281
f 1275/1275/1275 1281/1281/1281 1276/1276/1276
f 1274/1274/1274 1280/1280/1280 1281/1281/1281
f 1276/1276/1276 1282/1282/1282 1277/1277/1277
f 1276/1276/1276 1281/1281/1281 1282/1282/1282
f 1277/1277/1277 1282/1282/1282 1283/1283/1283
f 1278/1278/1278 1279/1279/1279 1284/1284/1284
f 1279/1279/1279 1285/1285/1285 1284/1284/1284
f 1280/1280/1280 1278/1278/1278 1286/1286/1286
f 1278/1278/1278 1284/1284/1284 1286/1286/1286
f 1281/1281/1281 1280/1280/1280 1287/1287/1287
f 1281/1281/1281 1287/1287/1287 1282/1282/1282
f 1280/1280/1280 1286/1286/1286 1287/1287/1287
f 1282/1282/1282 1288/1288/1288 1283/1283/1283
f 1282/1282/1282 1287/1287/1287 1288/1288/1288
f 1283/1283/1283 1288/1288/1288 1289/1289/1289
f 1284/1284/1284 1285/1285/1285 1290/1290/1290
f 1285/1285/1285 1291/1291/1291 1290/1290/1290
f 1286/1286/1286 1284/1284/1284 1292/1292/1292
f 1284/1284/1284 1290/1290/1290 1292/1292/1292
f 1287/1287/1287 1286/1286/1286 1293/1293/1293
f 1287/1287/1287 1293/1293/1293 1288/1288/1288
f 1286/1286/1286 1292/1292/1292 1293/1293/1293
f 1288/1288/1288 1294/1294/1294 1289/1289/1289
f 1288/1288/1288 1293/1293/1293 1294/1294/1294
f 1289/1289/1289 1294/1294/1294 1295/1295/1295
f 1290/1290/1290 1291/1291/1291 1296/1296/1296
f 1291/1291/1291 1297/1297/1297 1296/1296/1296
f 1292/1292/1292 1290/1290/1290 1298/1298/1298
f 1290/1290/1290 1296/1296/1296 1298/1298/1298
f 1293/1293/1293 1292/1292/1292 1299/1299/1299
f 1293/1293/1293 1299/1299/1299 1294/1294/1294
f 1292/1292/1292 1298/1298/1298 1299/1299/1299
f 1294/1294/1294 1300/1300/1300 1295/1295/1295
f 1294/1294/1294 1299/1299/1299 1300/1300/1300
f 1295/1295/1295 1300/1300/1300 1301/1301/1301
f 1296/1296/1296 1297/1297/1297 1302/1302/1302
f 1297/1297/1297 1303/1303/1303 1302/1302/1302
f 1298/1298/1298 1296/1296/1296 1304/1304/1304
f 1296/1296/1296 1302/1302/1302 1304/1304/1304
f 1299/1299/1299 1298/1298/1298 1305/1305/1305
f 1299/1299/1299 1305/1305/1305 1300/1300/1300
f 1298/1298/1298 1304/1304/1304 1305/1305/1305
f 1300/1300/1300 1306/1306/1306 1301/1301/1301
f 1300/1300/1300 1305/1305/1305 1306/1306/1306
f 1301/1301/1301 1306/1306/1306 1307/1307/1307
f 1302/1302/1302 1303/1303/1303 1308/1308/1308
f 1303/1303/1303 1309/1309/1309 1308/1308/1308
f 1304/1304/1304 1302/1302/1302 1310/1310/1310
f 1302/1302/1302 1308/1308/1308 1310/1310/1310
f 1305/1305/1305 1304/1304/1304 1311/1311/1311
f 1305/1305/1305 1311/1311/1311 1306/1306/1306
f 1304/1304/1304 1310/1310/1310 1311/1311/1311
f 1306/1306/1306 1312/1312/1312 1307/1307/1307
f 1306/1306/1306 1311/1311/1311 1312/1312/1312
f 1307/1307/1307 1312/1312/1312 1313/1313/1313
f 1308/1308/1308 1309/1309/1309 1314/1314/1314
f 1309/1309/1309 1315/1315/1315 1314/1314/1314
f 1310/1310/1310 1308/1308/1308 1316/1316/1316
f 1308/1308/1308 1314/1314/1314 1316/1316/1316
f 1311/1311/1311 1310/1310/1310 1317/1317/1317
f 1311/1311/1311 1317/1317/1317 1312/1312/1312
f 1310/1310/1310 1316/1316/1316 1317/1317/1317
f 1312/1312/1312 1318/1318/1318 1313/1313/1313
f 1312/1312/1312 1317/1317/1317 1318/1318/1318
f 1313/1313/1313 1318/1318/1318 1319/1319/1319
f 1314/1314/1314 1315/1315/1315 1320/1320/1320
f 1315/1315/1315 1321/1321/1321 1320/1320/1320
f 1316/1316/1316 1314/1314/1314 1322/1322/1322
f 1314/1314/1314 1320/1320/1320 1322/1322/1322
f 1317/1317/1317 1316/1316/1316 1323/1323/1323
f 1317/1317/1317 1323/1323/1323 1318/1318/1318
f 1316/1316/1316 1322/1322/1322 1323/1323/1323
f 1318/1318/1318 1324/1324/1324 1319/1319/1319
f 1318/1318/1318 1323/1323/1323 1324/1324/1324
f 1319/1319/1319 1324/1324/1324 1325/1325/1325
f 1320/1320/1320 1321/1321/1321 1326/1326/1326
f 1321/1321/1321 1327/1327/1327 1326/1326/1326
f 1322/1322/1322 1320/1320/1320 1328/1328/1328
f 1320/1320/1320 1326/1326/1326 1328/1328/1328
f 1323/1323/1323 1322/1322/1322 1329/1329/1329
f 1323/1323/1323 1329/1329/1329 1324/1324/1324
f 1322/1322/1322 1328/1328/1328 1329/1329/1329
f 1324/1324/1324 1330/1330/1330 1325/1325/1325
f 1324/1324/1324 1329/1329/1329 1330/1330/1330
f 1325/1325/1325 1330/1330/1330 1331/1331/1331
f 1326/1326/1326 1327/1327/1327 1332/1332/1332
f 1327/1327/1327 1333/1333/1333 1332/1332/1332
f 1328/1328/1328 1326/1326/1326 1334/1334/1334
f 1326/1326/1326 1332/1332/1332 1334/1334/1334
f 1329/1329/1329 1328/1328/1328 1335/1335/1335
f 1329/1329/1329 1335/1335/1335 1330/1330/1330
f 1328/1328/1328 1334/1334/1334 1335/1335/1335
f 1330/1330/1330 1336/1336/1336 1331/1331/1331
f 1330/1330/1330 1335/1335/1335 1336/1336/1336
f 1331/1331/1331 1336/1336/1336 1337/1337/1337
f 1332/1332/1332 1333/1333/1333 1338/1338/1338
f 1333/1333/1333 1339/1339/1339 1338/1338/1338
f 1334/1334/1334 1332/1332/1332 1340/1340/1340
f 1332/1332/1332 1338/1338/1338 1340/1340/1340
f 1335/1335/1335 1334/1334/1334 1341/1341/1341
f 1335/1335/1335 1341/1341/1341 1336/1336/1336
f 1334/1334/1334 1340/1340/1340 1341/1341/1341
f 1336/1336/1336 1342/1342/1342 1337/1337/1337
f 1336/1336/1336 1341/1341/1341 1342/1342/1342
f 1337/1337/1337 1342/1342/1342 1343/1343/1343
f 1338/1338/1338 1339/1339/1339 1344/1344/1344
f 1339/1339/1339 1345/1345/1345 1344/1344/1344
f 1340/1340/1340 1338/1338/1338 1346/1346/1346
f 1338/1338/1338 1344/1344/1344 1346/1346/1346
f 1341/1341/1341 1340/1340/1340 1347/1347/1347
f 1341/1341/1341 1347/1347/1347 1342/1342/1342
f 1340/1340/1340 1346/1346/1346 1347/1347/1347
f 1342/1342/1342 1348/1348/1348 1343/1343/1343
f 1342/1342/1342 1347/1347/1347 1348/1348/1348
f 1343/1343/1343 1348/1348/1348 1349/1349/1349
f 1344/1344/1344 1345/1345/1345 1350/1350/1350
f 1345/1345/1345 1351/1351/1351 1350/1350/1350
f 1346/1346/1346 1344/1344/1344 1352/1352/1352
f 1344/1344/1344 1350/1350/1350 1352/1352/1352
f 1347/1347/1347 1346/1346/1346 1353/1353/1353
f 1347/1347/1347 1353/1353/1353 1348/1348/1348
f 1346/1346/1346 1352/1352/1352 1353/1353/1353
f 1348/1348/1348 1354/1354/1354 1349/1349/1349
f 1348/1348/1348 1353/1353/1353 1354/1354/1354
f 1349/1349/1349 1354/1354/1354 1355/1355/1355
f 1350/1350/1350 1351/1351/1351 1356/1356/1356
f 1351/1351/1351 1357/1357/1357 1356/1356/1356
f 1352/1352/1352 1350/1350/1350 1358/1358/1358
f 1350/1350/1350 1356/1356/1356 1358/1358/1358
f 1353/1353/1353 1352/1352/1352 1359/1359/1359
f 1353/1353/1353 1359/1359/1359 1354/1354/1354
f 1352/1352/1352 1358/1358/1358 1359/1359/1359
f 1354/1354/1354 1360/1360/1360 1355/1355/1355
f 1354/1354/1354 1359/1359/1359 1360/1360/1360
f 1355/1355/1355 1360/1360/1360 1361/1361/1361
f 1356/1356/1356 1357/1357/1357 1362/1362/1362
f 1357/1357/1357 1363/1363/1363 1362/1362/1362
f 1358/1358/1358 1356/1356/1356 1364/1364/1364
f 1356/1356/1356 1362/1362/1362 1364/1364/1364
f 1359/1359/1359 1358/1358/1358 1365/1365/1365
f 1359/1359/1359 1365/1365/1365 1360/1360/1360
f 1358/1358/1358 1364/1364/1364 1365/1365/1365
f 1360/1360/1360 1366/1366/1366 1361/1361/1361
f 1360/1360/1360 1365/1365/1365 1366/1366/1366
f 1362/1362/1362 1363/1363/1363 1367/1367/1367
f 1363/1363/1363 1368/1368/1368 1367/1367/1367
f 1368/1368/1368 1369/1369/1369 1367/1367/1367
f 1364/1364/1364 1362/1362/1362 1370/1370/1370
f 1362/1362/1362 1367/1367/1367 1370/1370/1370
f 1365/1365/1365 1364/1364/1364 1371/1371/1371
f 1365/1365/1365 1371/1371/1371 1366/1366/1366
f 1364/1364/1364 1370/1370/1370 1371/1371/1371
f 1366/1366/1366 1372/1372/1372 1361/1361/1361
f 1372/1372/1372 1373/1373/1373 1361/1361/1361
f 1373/1373/1373 1372/1372/1372 1374/1374/1374
f 1369/1369/1369 1375/1375/1375 1367/1367/1367
f 1367/1367/1367 1375/1375/1375 1370/1370/1370
f 1370/1370/1370 1376/1376/1376 1371/1371/1371
f 1375/1375/1375 1376/1376/1376 1370/1370/1370
f 1371/1371/1371 1377/1377/1377 1366/1366/1366
f 1377/1377/1377 1372/1372/1372 1366/1366/1366
f 1376/1376/1376 1377/1377/1377 1371/1371/1371
f 1372/1372/1372 1378/1378/1378 1374/1374/1374
f 1372/1372/1372 1377/1377/1377 1378/1378/1378
f 1375/1375/1375 1369/1369/1369 1379/1379/1379
f 1369/1369/1369 1380/1380/1380 1379/1379/1379
f 1380/1380/1380 1381/1381/1381 1379/1379/1379
f 1376/1376/1376 1375/1375/1375 1382/1382/1382
f 1375/1375/1375 1379/1379/1379 1382/1382/1382
f 1377/1377/1377 1376/1376/1376 1383/1383/1383
f 1377/1377/1377 1383/1383/1383 1378/1378/1378
f 1376/1376/1376 1382/1382/1382 1383/1383/1383
f 1381/1381/1381 1384/1384/1384 1379/1379/1379
f 1379/1379/1379 1384/1384/1384 1382/1382/1382
f 1381/1381/1381 1385/1385/1385 1384/1384/1384
f 1378/1378/1378 1386/1386/1386 1374/1374/1374
f 1386/1386/1386 1387/1387/1387 1374/1374/1374
f 1382/1382/1382 1388/1388/1388 1383/1383/1383
f 1384/1384/1384 1388/1388/1388 1382/1382/1382
f 1383/1383/1383 1389/1389/1389 1378/1378/1378
f 1389/1389/1389 1386/1386/1386 1378/1378/1378
f 1388/1388/1388 1389/1389/1389 1383/1383/1383
f 1385/1385/1385 1390/1390/1390 1384/1384/1384
f 1384/1384/1384 1390/1390/1390 1388/1388/1388
f 1386/1386/1386 1391/1391/1391 1387/1387/1387
f 1391/1391/1391 1392/1392/1392 1387/1387/1387
f 1392/1392/1392 1391/1391/1391 1393/1393/1393
f 1391/1391/1391 1394/1394/1394 1393/1393/1393
f 1395/1395/1395 1391/1391/1391 1386/1386/1386
f 1391/1391/1391 1395/1395/1395 1394/1394/1394
f 1389/1389/1389 1395/1395/1395 1386/1386/1386
f 1395/1395/1395 1396/1396/1396 1394/1394/1394
f 1388/1388/1388 1397/1397/1397 1389/1389/1389
f 1397/1397/1397 1395/1395/1395 1389/1389/1389
f 1395/1395/1395 1397/1397/1397 1396/1396/1396
f 1390/1390/1390 1397/1397/1397 1388/1388/1388
f 1397/1397/1397 1398/1398/1398 1396/1396/1396
f 1397/1397/1397 1390/1390/1390 1398/1398/1398
f 1390/1390/1390 1399/1399/1399 1398/1398/1398
f 1390/1390/1390 1385/1385/1385 1399/1399/1399
f 1385/1385/1385 1400/1400/1400 1399/1399/1399
f 1403/1403/1403 1402/1402/1402 1401/1401/1401
f 1404/1404/1404 1403/1403/1403 1401/1401/1401
f 1404/1404/1404 1401/1401/1401 1405/1405/1405
f 1401/1401/1401 1162/1162/1162 1405/1405/1405
