# Meridian PC tube mesh
v 0.009832844501129145 0.254791211293042 0.013737928113479993
v 0.023128956501129144 0.245840119193042 0.011840358413479996
v 0.022470921501129143 0.244935540493042 0.012201685413479997
v 0.010492324501129163 0.255694664993042 0.013376381213479997
v 0.0026551935011291383 0.264709234193042 0.014831300813479997
v 0.001537218501129145 0.264673735993042 0.015192847713479993
v 0.0026551935011291383 0.264824286093042 0.013661351013479997
v 0.010401636501129158 0.255765292793042 0.012206431513479998
v 0.001537218501129145 0.264859873793042 0.013299807913479997
v 0.02303346950112914 0.245914677193042 0.010670963713479996
v 0.009686022501129155 0.254905689493042 0.011844888313479997
v 0.0008462225011291458 0.264766719193042 0.014246322213479996
v 0.00933459450112914 0.254303656493042 0.012791398913479995
v 0.009832844501129145 0.254791211293042 0.013737928113479993
v 0.022470921501129143 0.244935540493042 0.012201685413479997
v 0.021968811501129143 0.244450807593042 0.011255666613479993
v 0.022316500501129155 0.245055969793042 0.010309640313479994
v -0.007320106498870854 0.253706082693042 0.013737928113479993
v -0.018560901498870852 0.242280187093042 0.011840358413479996
v -0.019329190498870857 0.243093136693042 0.012201685413479997
v -0.006553173498870857 0.252891950293042 0.013376381213479997
v 0.0026551935011291383 0.264709234193042 0.014831300813479997
v 0.001537218501129145 0.264673735993042 0.015192847713479993
v 0.0026551935011291383 0.264824286093042 0.013661351013479997
v -0.0064670144988708544 0.252968128793042 0.012206431513479998
v 0.001537218501129145 0.264859873793042 0.013299807913479997
v -0.018470168498870843 0.242360295693042 0.010670963713479996
v -0.007180690498870851 0.253829449393042 0.011844888313479997
v 0.0008462225011291458 0.264766719193042 0.014246322213479996
v -0.007708117498870848 0.254285536693042 0.012791398913479995
v -0.007320106498870854 0.253706082693042 0.013737928113479993
v -0.019329190498870857 0.243093136693042 0.012201685413479997
v -0.019713506498870853 0.243675602593042 0.011255666613479993
v -0.019182428498870863 0.243222817793042 0.010309640313479994
v 0.009832844501129145 0.270724516393042 0.015192847713479993
v 0.023128956501129144 0.261773422393042 0.013295277913479994
v 0.022470921501129143 0.260868843693042 0.013656608713479998
v 0.010492324501129163 0.271627969993042 0.014831300813479997
v 0.002655208501129158 0.280641447793042 0.01628611241348
v 0.001537218501129145 0.280607040993042 0.016647767313479993
v 0.002655208501129158 0.280752897293042 0.015115860813479993
v 0.010401636501129158 0.271698597793042 0.013661351013479997
v 0.001537218501129145 0.280787382293042 0.014754187313479994
v 0.02303346950112914 0.261847980293042 0.012125887013479997
v 0.009686022501129155 0.270838994493042 0.013299807913479997
v 0.0008462225011291458 0.28069712589304197 0.015700966113479993
v 0.00933459450112914 0.270236957793042 0.014246322213479996
v 0.009832844501129145 0.270724516393042 0.015192847713479993
v 0.022470921501129143 0.260868843693042 0.013656608713479998
v 0.021968811501129143 0.260384108893042 0.012710586213479994
v 0.022316500501129155 0.260989274793042 0.011764559913479994
v -0.007320106498870854 0.26963938769304197 0.015192847713479993
v -0.018560901498870852 0.25821349029304197 0.013295277913479994
v -0.019329190498870857 0.259026441693042 0.013656608713479998
v -0.006553173498870857 0.268825251593042 0.014831300813479997
v 0.002655208501129158 0.280641447793042 0.01628611241348
v 0.001537218501129145 0.280607040993042 0.016647767313479993
v 0.002655208501129158 0.280752897293042 0.015115860813479993
v -0.0064670144988708544 0.268901433793042 0.013661351013479997
v 0.001537218501129145 0.280787382293042 0.014754187313479994
v -0.018470168498870843 0.258293598893042 0.012125887013479997
v -0.007180690498870851 0.269762754393042 0.013299807913479997
v 0.0008462225011291458 0.28069712589304197 0.015700966113479993
v -0.007708117498870848 0.27021883799304197 0.014246322213479996
v -0.007320106498870854 0.26963938769304197 0.015192847713479993
v -0.019329190498870857 0.259026441693042 0.013656608713479998
v -0.019713506498870853 0.25960890579304197 0.012710586213479994
v -0.019182428498870863 0.259156122793042 0.011764559913479994
v 0.009126216501129158 0.474748134493042 0.008798200613479995
v 0.0016003995011291405 0.475456148493042 0.007603000813479997
v 0.0019698145011291524 0.476384490493042 0.006983801713479995
v 0.008765608501129146 0.473817646493042 0.009419605113479994
v 0.016258716501129145 0.473110556493042 0.010373096913479998
v 0.015914410501129156 0.472176432493042 0.010998096313479998
v 0.023381695501129146 0.471473902493042 0.011756498413479997
v 0.02305091950112914 0.470536410493042 0.012384101713479999
v 0.030516207501129156 0.469837874493042 0.012998104113479993
v 0.030195936501129145 0.46889790849304197 0.013627596213479996
v 0.03768330850112914 0.468202114493042 0.014147598313479996
v 0.037370309501129156 0.46726064349304197 0.014778301113479997
v 0.04490421750112916 0.466566979493042 0.015254698713479994
v 0.04459530150112914 0.465624600493042 0.015886001313479996
v 0.03727753450112914 0.466346651493042 0.014044906913479996
v 0.04450173650112915 0.46471090649304203 0.015152398513479999
v 0.03753311950112914 0.466723233493042 0.012960996513479997
v 0.044752731501129156 0.465088412493042 0.014067802613479993
v 0.03037540650112916 0.468356534493042 0.011813003613479998
v 0.03010879450112916 0.46798239649304196 0.012895099813479999
v 0.02325832850112916 0.469988912493042 0.010574396713479997
v 0.022974625501129137 0.469618737493042 0.011653501513479998
v 0.01616041350112915 0.471619784493042 0.009195797113479995
v 0.015853628501129147 0.471255093493042 0.010270502413479994
v 0.016410812501129163 0.472766637493042 0.009259194113479995
v 0.023509904501129164 0.47113546749304197 0.010637998613479999
v 0.04500153650112915 0.46623556349304196 0.014131002113479993
v 0.03778393550112916 0.467869788493042 0.013024501513479995
v 0.052285015501129156 0.46409387849304196 0.01534075291348
v 0.05217964950112916 0.464427128493042 0.016463153113479997
v 0.05207161650112915 0.462938785493042 0.015282951313479995
v 0.044752731501129156 0.465088412493042 0.014067802613479993
v 0.06337498150112916 0.460108593493042 0.017415713513479994
v 0.06325401350112916 0.460462823493042 0.018532268713479995
v 0.06323847150112916 0.458889290493042 0.017379287613479996
v 0.07475467050112916 0.455605074493042 0.01968571171348
v 0.07462820450112914 0.455974489493042 0.020798768813479994
v 0.07466752850112915 0.454327106493042 0.019666414713479997
v 0.08601779450112915 0.449298009493042 0.021977044613479997
v 0.08612832450112914 0.450605869493042 0.021993350213479992
v 0.06303320850112915 0.458490014493042 0.018473282413479994
v 0.05183449350112915 0.462539047493042 0.016373276713479996
v 0.07448704550112914 0.453906655493042 0.02076767381348
v 0.07466752850112915 0.454327106493042 0.019666414713479997
v 0.06304274450112915 0.459462836493042 0.01918586711348
v 0.051901131501129155 0.463477730493042 0.01709915701348
v 0.06325401350112916 0.460462823493042 0.018532268713479995
v 0.07462820450112914 0.455974489493042 0.020798768813479994
v 0.07446278650112914 0.454925030493042 0.021467350413479996
v 0.08601555250112915 0.450981199493042 0.023106832013479996
v 0.08583539750112915 0.44990552949304197 0.023778673213479998
v 0.09709779950112915 0.445568263493042 0.025283116813479993
v 0.09683842250112915 0.444506093493042 0.025944218013479993
v 0.05217964950112916 0.464427128493042 0.016463153113479997
v 0.10755990450112915 0.439622744493042 0.024968143513479993
v 0.04459530150112914 0.465624600493042 0.015886001313479996
v 0.04490421750112916 0.466566979493042 0.015254698713479994
v 0.04450173650112915 0.46471090649304203 0.015152398513479999
v 0.044752731501129156 0.465088412493042 0.014067802613479993
v 0.05207161650112915 0.462938785493042 0.015282951313479995
v 0.10715112050112915 0.438630282493042 0.025604810613479995
v 0.11869551240112915 0.433637917493042 0.023375004513479992
v 0.11808055640112915 0.432798221493042 0.023977328113479995
v 0.12922126050112914 0.427363336493042 0.019928313813479995
v 0.12848777320112914 0.42665350449304196 0.02051201831348
v 0.12993343920112915 0.42129828049304197 0.020162280613479994
v 0.12910221520112913 0.420684874493042 0.020734373513479995
v 0.12794524430112914 0.425966560493042 0.019727107113479997
v 0.12838032100112914 0.420170649493042 0.019926782713479994
v 0.12941352280112917 0.414882570493042 0.02046511691348
v 0.12857932600112915 0.414581969493042 0.019693233113479994
v 0.13039210440112914 0.40832601449304196 0.019016809713479993
v 0.13115110990112916 0.409011483493042 0.018477503213479997
v 0.13025326280112914 0.41547262649304195 0.019881043613479997
v 0.12955103070112917 0.408018440493042 0.018251825113479996
v 0.12890375410112914 0.414958670493042 0.01863741131348
v 0.12979017940112914 0.408514007493042 0.017239674913479996
v 0.13025326280112914 0.41547262649304195 0.019881043613479997
v 0.12941352280112917 0.414882570493042 0.02046511691348
v 0.12993343920112915 0.42129828049304197 0.020162280613479994
v 0.12857932600112915 0.414581969493042 0.019693233113479994
v 0.12876529990112917 0.420466363493042 0.018855575513479994
v 0.12838032100112914 0.420170649493042 0.019926782713479994
v 0.12876529990112917 0.420466363493042 0.018855575513479994
v 0.12834350020112917 0.42625188849304196 0.018658325113479993
v 0.12794524430112914 0.425966560493042 0.019727107113479997
v 0.12972523270112915 0.421163082493042 0.019001070413479995
v 0.12876529990112917 0.420466363493042 0.018855575513479994
v 0.12993804370112916 0.415529847493042 0.01874953131348
v 0.12913207710112914 0.427115231493042 0.018782720013479998
v 0.12834350020112917 0.42625188849304196 0.018658325113479993
v 0.12993343920112915 0.42129828049304197 0.020162280613479994
v 0.13025326280112914 0.41547262649304195 0.019881043613479997
v 0.13077916200112916 0.40912795049304196 0.017379168413479994
v 0.13115110990112916 0.409011483493042 0.018477503213479997
v 0.13220006230112916 0.40462496849304197 0.015165027213479995
v 0.13263278450112914 0.404450818493042 0.016221944213479993
v 0.13126180320112915 0.403964370493042 0.014990646413479997
v 0.12979017940112914 0.408514007493042 0.017239674913479996
v 0.13364246490112913 0.400328740493042 0.011362880513479993
v 0.13451983780112914 0.401027545493042 0.011586610213479995
v 0.12979017940112914 0.408514007493042 0.017239674913479996
v 0.13077916200112916 0.40912795049304196 0.017379168413479994
v 0.12890375410112914 0.414958670493042 0.01863741131348
v 0.13360243290112916 0.399676039493042 0.012225590613479997
v 0.13364246490112913 0.400328740493042 0.011362880513479993
v 0.13111469890112915 0.403381869493042 0.015939824313479997
v 0.13728027050112915 0.398480057493042 0.0071521476134799936
v 0.13364246490112913 0.400328740493042 0.011362880513479993
v 0.13689742240112915 0.399124890493042 0.006446048613479999
v 0.13451983780112914 0.401027545493042 0.011586610213479995
v 0.13736274840112916 0.400095582493042 0.006762605113479994
v 0.13502236460112915 0.40080706749304196 0.012587431813479995
v 0.13803372530112915 0.400049418493042 0.007664572413479995
v 0.13263278450112914 0.404450818493042 0.016221944213479993
v 0.13220006230112916 0.40462496849304197 0.015165027213479995
v 0.14048130070112913 0.399656325493042 0.0011600572134799966
v 0.14063854520112914 0.400628685493042 0.001605041313479997
v 0.14117323610112914 0.39917787949304195 0.0016703214134799957
v 0.13728027050112915 0.398480057493042 0.0071521476134799936
v 0.14479216930112915 0.404220759493042 -0.0019435211865200044
v 0.14484708010112915 0.405095398493042 -0.001335112386520003
v 0.14562622460112915 0.40390501949304203 -0.0016813668865200034
v 0.14619284120112916 0.40458998049304196 -0.0009117480865200034
v 0.14174126090112915 0.39987677349304196 0.0024274587134799942
v 0.14570869510112916 0.405328959493042 -0.000698074686520004
v 0.14141002300112915 0.400774478493042 0.002386942513479994
v 0.13798204060112915 0.399052917493042 0.007905103313479996
v 0.13360243290112916 0.399676039493042 0.012225590613479997
v 0.13803372530112915 0.400049418493042 0.007664572413479995
v 0.13445539030112913 0.399971455493042 0.012982368513479996
v 0.13111469890112915 0.403381869493042 0.015939824313479997
v 0.13502236460112915 0.40080706749304196 0.012587431813479995
v 0.13196194170112915 0.403682500493042 0.016700863813479995
v 0.13263278450112914 0.404450818493042 0.016221944213479993
v 0.009308308501129153 0.47439718249304197 0.007691003413479995
v 0.0019698145011291524 0.476384490493042 0.006983801713479995
v 0.0021683125011291438 0.476029872493042 0.005880698513479998
v 0.009126216501129158 0.474748134493042 0.008798200613479995
v 0.016410812501129163 0.472766637493042 0.009259194113479995
v 0.016258716501129145 0.473110556493042 0.010373096913479998
v 0.01616041350112915 0.471619784493042 0.009195797113479995
v 0.009060218501129147 0.473249733493042 0.007628101813479997
v 0.015853628501129147 0.471255093493042 0.010270502413479994
v 0.023509904501129164 0.47113546749304197 0.010637998613479999
v 0.008724808501129139 0.472891449493042 0.008696500213479993
v 0.008765608501129146 0.473817646493042 0.009419605113479994
v 0.0015708205011291387 0.474527508493042 0.006882600513479997
v 0.0016003995011291405 0.475456148493042 0.007603000813479997
v 0.023381695501129146 0.471473902493042 0.011756498413479997
v 0.030627101501129156 0.469503074493042 0.011876601713479998
v 0.030516207501129156 0.469837874493042 0.012998104113479993
v 0.03037540650112916 0.468356534493042 0.011813003613479998
v 0.02325832850112916 0.469988912493042 0.010574396713479997
v 0.03753311950112914 0.466723233493042 0.012960996513479997
v 0.03778393550112916 0.467869788493042 0.013024501513479995
v 0.03768330850112914 0.468202114493042 0.014147598313479996
v 0.044752731501129156 0.465088412493042 0.014067802613479993
v 0.04500153650112915 0.46623556349304196 0.014131002113479993
v 0.009060218501129147 0.473249733493042 0.007628101813479997
v 0.009308308501129153 0.47439718249304197 0.007691003413479995
v 0.0021683125011291438 0.476029872493042 0.005880698513479998
v 0.0019217135011291575 0.47488209649304197 0.005818199413479996
v 0.008724808501129139 0.472891449493042 0.008696500213479993
v 0.0015708205011291387 0.474527508493042 0.006882600513479997
v 0.02305091950112914 0.470536410493042 0.012384101713479999
v 0.015853628501129147 0.471255093493042 0.010270502413479994
v 0.015914410501129156 0.472176432493042 0.010998096313479998
v 0.022974625501129137 0.469618737493042 0.011653501513479998
v 0.030195936501129145 0.46889790849304197 0.013627596213479996
v 0.03010879450112916 0.46798239649304196 0.012895099813479999
v 0.037370309501129156 0.46726064349304197 0.014778301113479997
v 0.03727753450112914 0.466346651493042 0.014044906913479996
v 0.07446278650112914 0.454925030493042 0.021467350413479996
v 0.06303320850112915 0.458490014493042 0.018473282413479994
v 0.06304274450112915 0.459462836493042 0.01918586711348
v 0.07448704550112914 0.453906655493042 0.02076767381348
v 0.08583539750112915 0.44990552949304197 0.023778673213479998
v 0.08583672350112916 0.448864966493042 0.023080512913479997
v 0.08583539750112915 0.44990552949304197 0.023778673213479998
v 0.09675607850112915 0.44348211549304195 0.025234073413479996
v 0.08601779450112915 0.449298009493042 0.021977044613479997
v 0.09696462050112915 0.443911999493042 0.024134062213479995
v 0.10718391050112915 0.438081726493042 0.023779176213479997
v 0.09717582950112916 0.44520144149304197 0.024164397313479996
v 0.10758022950112915 0.439283818493042 0.023839876013479998
v 0.11863996830112915 0.433358669493042 0.022233400513479995
v 0.11869551240112915 0.433637917493042 0.023375004513479992
v 0.12922126050112914 0.427363336493042 0.019928313813479995
v 0.12972523270112915 0.421163082493042 0.019001070413479995
v 0.12993343920112915 0.42129828049304197 0.020162280613479994
v 0.10758022950112915 0.439283818493042 0.023839876013479998
v 0.09709779950112915 0.445568263493042 0.025283116813479993
v 0.08601555250112915 0.450981199493042 0.023106832013479996
v 0.08612832450112914 0.450605869493042 0.021993350213479992
v 0.09696462050112915 0.443911999493042 0.024134062213479995
v 0.07462820450112914 0.455974489493042 0.020798768813479994
v 0.07475467050112916 0.455605074493042 0.01968571171348
v 0.08583672350112916 0.448864966493042 0.023080512913479997
v 0.07466752850112915 0.454327106493042 0.019666414713479997
v 0.10691875250112914 0.437677860493042 0.024869952313479993
v 0.09696462050112915 0.443911999493042 0.024134062213479995
v 0.09675607850112915 0.44348211549304195 0.025234073413479996
v 0.10718391050112915 0.438081726493042 0.023779176213479997
v 0.11764516680112914 0.43199346949304196 0.023209229113479994
v 0.11799091100112916 0.432346865493042 0.022130116813479997
v 0.12794524430112914 0.425966560493042 0.019727107113479997
v 0.10758022950112915 0.439283818493042 0.023839876013479998
v 0.12834350020112917 0.42625188849304196 0.018658325113479993
v 0.11863996830112915 0.433358669493042 0.022233400513479995
v 0.12913207710112914 0.427115231493042 0.018782720013479998
v 0.10715112050112915 0.438630282493042 0.025604810613479995
v 0.09675607850112915 0.44348211549304195 0.025234073413479996
v 0.09683842250112915 0.444506093493042 0.025944218013479993
v 0.10691875250112914 0.437677860493042 0.024869952313479993
v 0.11808055640112915 0.432798221493042 0.023977328113479995
v 0.11764516680112914 0.43199346949304196 0.023209229113479994
v 0.12848777320112914 0.42665350449304196 0.02051201831348
v 0.12794524430112914 0.425966560493042 0.019727107113479997
v 0.13263278450112914 0.404450818493042 0.016221944213479993
v 0.13039210440112914 0.40832601449304196 0.019016809713479993
v 0.13115110990112916 0.409011483493042 0.018477503213479997
v 0.13196194170112915 0.403682500493042 0.016700863813479995
v 0.12955103070112917 0.408018440493042 0.018251825113479996
v 0.13111469890112915 0.403381869493042 0.015939824313479997
v 0.12979017940112914 0.408514007493042 0.017239674913479996
v 0.13126180320112915 0.403964370493042 0.014990646413479997
v 0.14063854520112914 0.400628685493042 0.001605041313479997
v 0.13803372530112915 0.400049418493042 0.007664572413479995
v 0.13736274840112916 0.400095582493042 0.006762605113479994
v 0.14141002300112915 0.400774478493042 0.002386942513479994
v 0.14484708010112915 0.405095398493042 -0.001335112386520003
v 0.14570869510112916 0.405328959493042 -0.000698074686520004
v 0.14737635110112915 0.410769447493042 -0.004139751186520005
v 0.14832318570112915 0.411022856493042 -0.0036336741865200042
v 0.14832318570112915 0.411022856493042 -0.0036336741865200042
v 0.14619284120112916 0.40458998049304196 -0.0009117480865200034
v 0.14570869510112916 0.405328959493042 -0.000698074686520004
v 0.14885360000112915 0.41048361349304197 -0.004120338686520005
v 0.14562622460112915 0.40390501949304203 -0.0016813668865200034
v 0.14824656770112915 0.409877002493042 -0.004924485486520004
v 0.15223186840112915 0.418630629493042 -0.007593270386520003
v 0.15149373560112916 0.418253153493042 -0.008427021986520004
v 0.15647076820112915 0.427618771493042 -0.012042337986520005
v 0.15572799000112914 0.427300661493042 -0.012896226686520004
v 0.14732709150112916 0.410064384493042 -0.004938043686520004
v 0.15057591720112914 0.418593123493042 -0.008304996386520005
v 0.14737635110112915 0.410769447493042 -0.004139751186520005
v 0.15980114420112915 0.43912096349304197 -0.016623526786520005
v 0.16026806090112916 0.438566923493042 -0.017389541496520004
v 0.15597571810112915 0.428109765493042 -0.011310476786520005
v 0.15223186840112915 0.418630629493042 -0.007593270386520003
v 0.15177580340112914 0.419178530493042 -0.006951827586520003
v 0.14885360000112915 0.41048361349304197 -0.004120338686520005
v 0.14832318570112915 0.411022856493042 -0.0036336741865200042
v 0.15492517870112915 0.428105607493042 -0.011713905286520004
v 0.15075378860112915 0.419148847493042 -0.007390567986520005
v 0.15597571810112915 0.428109765493042 -0.011310476786520005
v 0.15874683860112915 0.439271494493042 -0.017021034886520004
v 0.15980114420112915 0.43912096349304197 -0.016623526786520005
v 0.16330269350112914 0.44896975149304197 -0.023054708256520003
v 0.16436680030112916 0.448792859493042 -0.022660802586520003
v 0.15075378860112915 0.419148847493042 -0.007390567986520005
v 0.15177580340112914 0.419178530493042 -0.006951827586520003
v 0.14832318570112915 0.411022856493042 -0.0036336741865200042
v 0.14737635110112915 0.410769447493042 -0.004139751186520005
v 0.15057591720112914 0.418593123493042 -0.008304996386520005
v 0.15075378860112915 0.419148847493042 -0.007390567986520005
v 0.14737635110112915 0.410769447493042 -0.004139751186520005
v 0.14732709150112916 0.410064384493042 -0.004938043686520004
v 0.15476918590112915 0.427623346493042 -0.012697081986520004
v 0.15075378860112915 0.419148847493042 -0.007390567986520005
v 0.15057591720112914 0.418593123493042 -0.008304996386520005
v 0.15492517870112915 0.428105607493042 -0.011713905286520004
v 0.15856207160112915 0.438820257493042 -0.018034497276520005
v 0.15874683860112915 0.439271494493042 -0.017021034886520004
v 0.15950226040112914 0.43838030149304197 -0.018261390736520004
v 0.15572799000112914 0.427300661493042 -0.012896226686520004
v 0.16026806090112916 0.438566923493042 -0.017389541496520004
v 0.15647076820112915 0.427618771493042 -0.012042337986520005
v 0.16410192850112915 0.44802096449304196 -0.024323657616520004
v 0.16313892600112914 0.448506876493042 -0.024085029256520004
v 0.16330269350112914 0.44896975149304197 -0.023054708256520003
v 0.16980569810112917 0.456544250493042 -0.03181980922652
v 0.16901531440112916 0.457345992493042 -0.03161679347652001
v 0.15572799000112914 0.427300661493042 -0.012896226686520004
v 0.15476918590112915 0.427623346493042 -0.012697081986520004
v 0.15057591720112914 0.418593123493042 -0.008304996386520005
v 0.15149373560112916 0.418253153493042 -0.008427021986520004
v 0.16436680030112916 0.448792859493042 -0.022660802586520003
v 0.16026806090112916 0.438566923493042 -0.017389541496520004
v 0.15980114420112915 0.43912096349304197 -0.016623526786520005
v 0.16486074780112914 0.44821016449304196 -0.023445857686520005
v 0.17024661970112914 0.457324430493042 -0.030167044136520004
v 0.17056842890112917 0.45653696349304196 -0.030925222436520003
v 0.17552583660112914 0.462052285493042 -0.03766819838652
v 0.17571353910112913 0.461131349493042 -0.038376723386520005
v 0.18028339370112914 0.464378729493042 -0.044223297386520005
v 0.18037494640112917 0.463364362493042 -0.04483141748652
v 0.18494146320112914 0.46458292049304195 -0.051154077086520006
v 0.18481102030112914 0.463484212493042 -0.051591737186520006
v 0.19011730140112915 0.463970735493042 -0.05428461918652
v 0.18978198990112916 0.462857425493042 -0.05453599798652001
v 0.19500732420112915 0.46256078749304197 -0.056700251986520005
v 0.19458389280112914 0.461455136493042 -0.05677574498652001
v 0.18417835240112915 0.46356695849304197 -0.05257925388652
v 0.18913583830112915 0.462886944493042 -0.05551783928652
v 0.18391769380112916 0.46471647949304196 -0.052751872686520006
v 0.18907180800112916 0.46401831549304196 -0.05587317798652
v 0.19387268090112916 0.46139776749304195 -0.057711452286520006
v 0.19385665930112916 0.462468326493042 -0.058214152186520006
v 0.19731410970112914 0.458965286493042 -0.060803353786520006
v 0.19745708540112916 0.45994977649304203 -0.061435982586520006
v 0.19455780090112915 0.463187009493042 -0.057589152786520006
v 0.19834377340112916 0.460571736493042 -0.06096147368652
v 0.20053607970112916 0.456483945493042 -0.06372379138652001
v 0.20156177552112914 0.456969782493042 -0.06339599568652
v 0.19874889403112916 0.459971144493042 -0.060035455986520006
v 0.20196567569112914 0.456372246493042 -0.06246768678652
v 0.20426111249112916 0.452735960493042 -0.06595701348652
v 0.20466241846112915 0.452140569493042 -0.06502600018652
v 0.20660289773112914 0.447066903493042 -0.06768866258652001
v 0.20698829659112916 0.446524724493042 -0.06669891628652
v 0.20030612964112915 0.455586120493042 -0.06299800798652
v 0.20053607970112916 0.456483945493042 -0.06372379138652001
v 0.19731410970112914 0.458965286493042 -0.060803353786520006
v 0.19834377340112916 0.460571736493042 -0.06096147368652
v 0.19500732420112915 0.46256078749304197 -0.056700251986520005
v 0.19011730140112915 0.463970735493042 -0.05428461918652
v 0.18967840260112914 0.464688017493042 -0.05511107668652
v 0.19385665930112916 0.462468326493042 -0.058214152186520006
v 0.18494146320112914 0.46458292049304195 -0.051154077086520006
v 0.18907180800112916 0.46401831549304196 -0.05587317798652
v 0.18438920940112916 0.465344414493042 -0.05187110788652
v 0.18391769380112916 0.46471647949304196 -0.052751872686520006
v 0.18028339370112914 0.464378729493042 -0.044223297386520005
v 0.17954795990112915 0.465103700493042 -0.044803494586520005
v 0.17552583660112914 0.462052285493042 -0.03766819838652
v 0.17468248310112916 0.462718606493042 -0.03814929998652
v 0.17918504770112914 0.46453765049304196 -0.04577017198652
v 0.17434884980112914 0.462209463493042 -0.039155147986520006
v 0.16928512600112916 0.45781908949304195 -0.030593379396520005
v 0.16901531440112916 0.457345992493042 -0.03161679347652001
v 0.16330269350112914 0.44896975149304197 -0.023054708256520003
v 0.16313892600112914 0.448506876493042 -0.024085029256520004
v 0.17498603840112914 0.461228504493042 -0.03929566688652
v 0.16980569810112917 0.456544250493042 -0.03181980922652
v 0.17969627490112916 0.463462665493042 -0.04578736608652001
v 0.17056842890112917 0.45653696349304196 -0.030925222436520003
v 0.18417835240112915 0.46356695849304197 -0.05257925388652
v 0.18391769380112916 0.46471647949304196 -0.052751872686520006
v 0.18481102030112914 0.463484212493042 -0.051591737186520006
v 0.18037494640112917 0.463364362493042 -0.04483141748652
v 0.17571353910112913 0.461131349493042 -0.038376723386520005
v 0.17056842890112917 0.45653696349304196 -0.030925222436520003
v 0.16410192850112915 0.44802096449304196 -0.024323657616520004
v 0.16486074780112914 0.44821016449304196 -0.023445857686520005
v 0.15950226040112914 0.43838030149304197 -0.018261390736520004
v 0.16026806090112916 0.438566923493042 -0.017389541496520004
v 0.16928512600112916 0.45781908949304195 -0.030593379396520005
v 0.16436680030112916 0.448792859493042 -0.022660802586520003
v 0.16330269350112914 0.44896975149304197 -0.023054708256520003
v 0.17024661970112914 0.457324430493042 -0.030167044136520004
v 0.17468248310112916 0.462718606493042 -0.03814929998652
v 0.18391769380112916 0.46471647949304196 -0.052751872686520006
v 0.18438920940112916 0.465344414493042 -0.05187110788652
v 0.17954795990112915 0.465103700493042 -0.044803494586520005
v 0.17918504770112914 0.46453765049304196 -0.04577017198652
v 0.19458389280112914 0.461455136493042 -0.05677574498652001
v 0.18913583830112915 0.462886944493042 -0.05551783928652
v 0.18978198990112916 0.462857425493042 -0.05453599798652001
v 0.19387268090112916 0.46139776749304195 -0.057711452286520006
v 0.19811260230112915 0.458978414493042 -0.05993776018652001
v 0.19731410970112914 0.458965286493042 -0.060803353786520006
v 0.19874889403112916 0.459971144493042 -0.060035455986520006
v 0.19500732420112915 0.46256078749304197 -0.056700251986520005
v 0.20196567569112914 0.456372246493042 -0.06246768678652
v 0.20118976617112916 0.455516844493042 -0.062221791586520005
v 0.20466241846112915 0.452140569493042 -0.06502600018652
v 0.20380441658112916 0.451421573493042 -0.06465582178652
v 0.20118976617112916 0.455516844493042 -0.062221791586520005
v 0.19731410970112914 0.458965286493042 -0.060803353786520006
v 0.19811260230112915 0.458978414493042 -0.05993776018652001
v 0.20030612964112915 0.455586120493042 -0.06299800798652
v 0.20380441658112916 0.451421573493042 -0.06465582178652
v 0.20287286769112914 0.45157232849304196 -0.06535803158652001
v 0.20608783723112914 0.445926427493042 -0.06622891498652
v 0.20698829659112916 0.446524724493042 -0.06669891628652
v 0.20466241846112915 0.452140569493042 -0.06502600018652
v 0.20976078033112916 0.440125107493042 -0.06711881238652001
v 0.20883562087012916 0.439619734493042 -0.06659179548652
v 0.20514625567112915 0.446099221493042 -0.06692531708652
v 0.20315500256112914 0.45238471049304196 -0.06616220618652
v 0.20790168765212916 0.439750656493042 -0.06732992828652001
v 0.21127595892112916 0.433503597493042 -0.06690264118652
v 0.21035850525112915 0.43355768949304196 -0.06768453868652
v 0.21432609530112914 0.425648257493042 -0.06683425228652001
v 0.20546520245112915 0.446803838493042 -0.06782767178652
v 0.21343465801112915 0.425599694493042 -0.06765013558652
v 0.21073301299112915 0.43403135249304203 -0.06872229278652
v 0.20426111249112916 0.452735960493042 -0.06595701348652
v 0.20156177552112914 0.456969782493042 -0.06339599568652
v 0.20053607970112916 0.456483945493042 -0.06372379138652001
v 0.20287286769112914 0.45157232849304196 -0.06535803158652001
v 0.20660289773112914 0.447066903493042 -0.06768866258652001
v 0.20825008393112915 0.440336629493042 -0.06831215318652001
v 0.20939899439712914 0.44056788049304196 -0.06818201018652001
v 0.20790168765212916 0.439750656493042 -0.06732992828652001
v 0.20514625567112915 0.446099221493042 -0.06692531708652
v 0.21035850525112915 0.43355768949304196 -0.06768453868652
v 0.20939899439712914 0.44056788049304196 -0.06818201018652001
v 0.21188154211112914 0.434269964493042 -0.06858256458652001
v 0.21383647900112915 0.425967469493042 -0.06872038918652001
v 0.21497615799112915 0.426243469493042 -0.06856631858652001
v 0.21745412797112915 0.41718924049304196 -0.06863648068652001
v 0.21857610720112916 0.417522832493042 -0.06847715748652
v 0.21702226624112914 0.41691935049304196 -0.06755452978652
v 0.22167081760112914 0.40535487249304203 -0.06799606978652001
v 0.22276502570112916 0.405758306493042 -0.06784375008652001
v 0.21883762350112915 0.417458936493042 -0.06729412448652
v 0.22297658860112915 0.405825570493042 -0.06667333468652001
v 0.22709970360112916 0.395203158493042 -0.06614536418652
v 0.22727457060112916 0.39535085849304197 -0.06499218198652001
v 0.23486877420112914 0.372206747493042 -0.06279389188652001
v 0.23504852320112915 0.372343465493042 -0.061639793186520006
v 0.24168203400112914 0.351044952493042 -0.06118308748652
v 0.24188110230112914 0.351117804493042 -0.06002843008652001
v 0.24667287620112915 0.330165430493042 -0.06191324068652
v 0.24689046670112916 0.330163985493042 -0.06076687578652001
v 0.22120437580112914 0.405172377493042 -0.06692200898652001
v 0.22167081760112914 0.40535487249304203 -0.06799606978652001
v 0.24554120750112915 0.32989577249304197 -0.06206034868652
v 0.24056522180112916 0.350714817493042 -0.06133728478652001
v 0.2505274974011292 0.309489659993042 -0.06464972718652001
v 0.24938480560112913 0.309265255893042 -0.06479229408652001
v 0.24505994840112916 0.329727888493042 -0.061005629586520005
v 0.24007344990112917 0.350583523493042 -0.06027858708652
v 0.23377380330112915 0.371805444493042 -0.06294697518652001
v 0.23327667270112915 0.371694058493042 -0.061887480286520004
v 0.22602035480112914 0.394763663493042 -0.06629113848652
v 0.22552846930112916 0.394640102493042 -0.06522981818652
v 0.24891540780112914 0.309041358493042 -0.06374511118652
v 0.25288955870112917 0.290175236793042 -0.07008552928652001
v 0.25243549420112915 0.28987643119304196 -0.06905173878652
v 0.24976665530112915 0.309127360593042 -0.06295809518652001
v 0.25330389290112915 0.289889112093042 -0.06827183068652001
v 0.24589254330112914 0.329893596493042 -0.060207489886520006
v 0.24007344990112917 0.350583523493042 -0.06027858708652
v 0.24088684100112914 0.350832775493042 -0.05946942418652001
v 0.23327667270112915 0.371694058493042 -0.061887480286520004
v 0.23406448220112916 0.372026398493042 -0.061079606386520005
v 0.22552846930112916 0.394640102493042 -0.06522981818652
v 0.25076305490112916 0.309404455093042 -0.06351721658652001
v 0.24188110230112914 0.351117804493042 -0.06002843008652001
v 0.23504852320112915 0.372343465493042 -0.061639793186520006
v 0.22630407290112914 0.395002961493042 -0.06442419438652
v 0.22727457060112916 0.39535085849304197 -0.06499218198652001
v 0.25429435820112917 0.290196292093042 -0.06882361698652001
v 0.25403835250112916 0.290372930493042 -0.06994464248652
v 0.22201229070112916 0.405463427493042 -0.06610279158652001
v 0.22297658860112915 0.405825570493042 -0.06667333468652001
v 0.22602035480112914 0.394763663493042 -0.06629113848652
v 0.22276502570112916 0.405758306493042 -0.06784375008652001
v 0.22709970360112916 0.395203158493042 -0.06614536418652
v 0.21787672024112914 0.417085483493042 -0.06672983988652001
v 0.21883762350112915 0.417458936493042 -0.06729412448652
v 0.21527887322112915 0.42604574549304197 -0.06740058588652001
v 0.20660289773112914 0.447066903493042 -0.06768866258652001
v 0.20976078033112916 0.440125107493042 -0.06711881238652001
v 0.21188154211112914 0.434269964493042 -0.06858256458652001
v 0.21221723547112914 0.433944001493042 -0.06745791058652001
v 0.21497615799112915 0.426243469493042 -0.06856631858652001
v 0.21527887322112915 0.42604574549304197 -0.06740058588652001
v 0.21857610720112916 0.417522832493042 -0.06847715748652
v 0.21221723547112914 0.433944001493042 -0.06745791058652001
v 0.20883562087012916 0.439619734493042 -0.06659179548652
v 0.20976078033112916 0.440125107493042 -0.06711881238652001
v 0.21127595892112916 0.433503597493042 -0.06690264118652
v 0.21527887322112915 0.42604574549304197 -0.06740058588652001
v 0.21432609530112914 0.425648257493042 -0.06683425228652001
v 0.23377380330112915 0.371805444493042 -0.06294697518652001
v 0.22602035480112914 0.394763663493042 -0.06629113848652
v 0.23486877420112914 0.372206747493042 -0.06279389188652001
v 0.24056522180112916 0.350714817493042 -0.06133728478652001
v 0.24168203400112914 0.351044952493042 -0.06118308748652
v 0.0019217135011291575 0.47488209649304197 0.005818199413479996
v 0.0016003995011291405 0.475456148493042 0.007603000813479997
v 0.0015708205011291387 0.474527508493042 0.006882600513479997
v 0.0021683125011291438 0.476029872493042 0.005880698513479998
v 0.0019698145011291524 0.476384490493042 0.006983801713479995
v 0.4422384945011292 -0.09571158850695799 0.029673051113479995
v 0.44168151950112916 -0.09544524550695799 0.031237591013479997
v 0.44224064050112916 -0.09521740650695804 0.030739754413479994
v 0.44120182050112916 -0.09624487150695799 0.029521953313479996
v 0.44103942850112915 -0.09608024350695799 0.030484989313479996
v 0.43311728550112916 -0.07511314750695802 0.020980052613479995
v 0.4324898575011291 -0.07497313650695803 0.021964646913479997
v 0.44168151950112916 -0.09544524550695799 0.031237591013479997
v 0.4341585485011291 -0.07458984850695799 0.021135959813479994
v 0.4422384945011292 -0.09571158850695799 0.029673051113479995
v 0.4331432285011292 -0.074363410506958 0.022728938613479993
v 0.44224064050112916 -0.09521740650695804 0.030739754413479994
v 0.43417441850112914 -0.07412645250695798 0.022216741013479993
v 0.4282590895011291 -0.058130502506958004 0.013907071213479998
v 0.42720836450112915 -0.05863130050695803 0.013742666713479998
v 0.4266050305011292 -0.058547854506957986 0.014748975613479993
v 0.42728343650112915 -0.057995557506958006 0.015535373213479996
v 0.42830547650112916 -0.05773770850695803 0.01501506941348
v 0.4227369275011291 -0.045149773506958035 0.010112978513479996
v 0.42167522050112916 -0.04562428550695802 0.009940978113479992
v 0.42110179350112914 -0.04561227550695801 0.010968081613479994
v 0.42180919650112914 -0.04513016350695803 0.011774882713479998
v 0.42281994250112914 -0.04484435950695803 0.011246383213479996
v 0.4187287835011292 -0.035777598506958 0.009685397113479995
v 0.41765609350112914 -0.03622540850695799 0.009508300613479993
v 0.41711653750112915 -0.03629696350695799 0.010551299913479993
v 0.41785506950112916 -0.035893470506958014 0.011372901513479992
v 0.4188517775011291 -0.03557246950695803 0.010837700213479996
v 0.41571663350112914 -0.030298516506958 0.009662643113479995
v 0.41465052950112913 -0.030761897506958014 0.009486403313479996
v 0.41412810950112916 -0.030878826506958 0.010534025713479993
v 0.41487082850112916 -0.03048780550695801 0.011357683713479998
v 0.41585274050112914 -0.030129164506958017 0.010819114713479995
v 0.41260184350112916 -0.02442966450695802 0.009016938513479997
v 0.4115427435011292 -0.024908512506957997 0.008841149513479994
v 0.41103827950112914 -0.02507072650695802 0.009890832013479997
v 0.4117854685011292 -0.024692192506958005 0.010715391513479992
v 0.41275180850112914 -0.024296000506958015 0.010175261613479994
v 0.40992419450112916 -0.01972824350695801 0.008605554713479999
v 0.40888632850112916 -0.020253464506958002 0.008431609713479997
v 0.4083866475011292 -0.02042651150695801 0.009481634913479996
v 0.4091152995011291 -0.02000828050695802 0.010304521813479996
v 0.4100656065011291 -0.019576758506958003 0.009762976313479999
v 0.4076346605011292 -0.015465021506957999 0.008017614513479994
v 0.40663284050112913 -0.01605838550695801 0.007849898213479999
v 0.40613159550112915 -0.016229122506958016 0.008899621713479994
v 0.40682357550112913 -0.015741273506958003 0.009716119613479998
v 0.40775267750112915 -0.015269041506958014 0.009170915913479995
v 0.40491642050112914 -0.010908976506958018 0.007487636013479994
v 0.4039438215011292 -0.011548757506957996 0.007325660413479998
v 0.40344715150112914 -0.011727571506957996 0.008376222113479999
v 0.40411281550112915 -0.011198297506958 0.009187564213479993
v 0.4050210565011292 -0.010692387506958001 0.008638348413479997
v 0.4009666445011292 -0.005096286506958009 0.007118672113479996
v 0.39999903750112914 -0.005745202506958008 0.0069579780134799984
v 0.39950004250112914 -0.005920439506958003 0.008007966013479993
v 0.40015891150112914 -0.0053799455069580004 0.008817691313479994
v 0.40106548350112914 -0.004870578506958018 0.008268065713479995
v 0.39615447850112917 0.0014487054930419907 0.006809450713479999
v 0.3951803595011292 0.0008105184930419784 0.006646797013479998
v 0.3946626335011292 0.0006642344930419819 0.0076921955134799935
v 0.3953166155011292 0.001212000493041987 0.008500903813479996
v 0.3962389675011292 0.0016968544930419938 0.007955383513479998
v 0.3913275895011291 0.008240357493042 0.0063552782134799965
v 0.3903393895011291 0.007624804493041981 0.006188325613479997
v 0.3897926655011291 0.007525131493041987 0.007224969613479994
v 0.3904430415011292 0.008079111493041996 0.008032701913479996
v 0.3913917545011292 0.008521094493042003 0.007495190913479999
v 0.38707755550112916 0.014904424493041996 0.003956774213479997
v 0.3860709815011292 0.014321669493042005 0.0037821922134799943
v 0.38548927050112913 0.014284193493041997 0.0048046373134799925
v 0.3861365915011291 0.014843747493041987 0.005611192413479994
v 0.38711802650112914 0.01522706449304198 0.005087137213479996
v 0.3845541775011292 0.020798906493042002 0.0026720427134799968
v 0.38353000550112915 0.020251691493041984 0.0024870299134799947
v 0.38291743350112917 0.020275399493041996 0.003491638213479996
v 0.3835631905011292 0.020837277493041984 0.004297543313479993
v 0.38457466650112915 0.021160811493041998 0.003790974613479995
v 0.38223445450112914 0.02699916049304199 0.0004844330134799943
v 0.3811952915011292 0.026487648493042 0.0002872255134799967
v 0.38055644950112916 0.026571795493042005 0.0012711920134799957
v 0.38120082050112913 0.027135342493042003 0.002076489813479996
v 0.38223804550112916 0.027399480493042 0.001590209113479995
v 0.3780466465011292 0.03442241249304198 -0.0018752254865200026
v 0.3773851395011292 0.03457106649304198 -0.0009165089865200045
v 0.37802547250112917 0.03514583449304198 -0.0001160297865200055
v 0.37908302250112913 0.035352513493042 -0.000580016486520004
v 0.3790958375011292 0.03490532949304198 -0.001667190386520006
v 0.37495212250112914 0.04263620049304198 -0.004492470986520003
v 0.37558932650112914 0.04322239749304199 -0.0036973673865200035
v 0.37563815750112917 0.042425021493042 -0.005423573786520003
v 0.3766693475011291 0.043373614493042 -0.004137068986520005
v 0.37669925350112915 0.04288071349304198 -0.005203865486520003
v 0.36704173650112915 0.057865530493041994 -0.013252521886520005
v 0.36768656950112916 0.05775602149304199 -0.014230323986520004
v 0.36765605250112915 0.05850923049304199 -0.012483822186520005
v 0.36869946150112914 0.058332115493041986 -0.014066129886520005
v 0.36868053650112914 0.05879762749304199 -0.012986723286520004
v 0.001537218501129145 0.457068085493042 0.013185195613479993
v 0.002655208501129158 0.43790213749304197 0.017366305013479993
v 0.001537218501129145 0.43797537649304197 0.017722196913479996
v 0.002655208501129158 0.456973478493042 0.012834303113479995
v 0.001537218501129145 0.475774437493042 0.007530998413479997
v 0.002655208501129158 0.437664702493042 0.01621440051348
v 0.002655208501129158 0.475652664493042 0.007188200913479999
v 0.001537218501129145 0.485258698493042 0.003651000513479996
v 0.002655208501129158 0.48510274249304197 0.0033223014134799965
v 0.002655208501129158 0.456667080493042 0.011698801113479998
v 0.002655208501129158 0.475259304493042 0.006079103813479994
v 0.002655208501129158 0.48459768249304197 0.0022588000134799967
v 0.001537218501129145 0.475137531493042 0.0057363994134799964
v 0.001537218501129145 0.484441429493042 0.001930099013479996
v 0.001537218501129145 0.456572473493042 0.011347904813479998
v 0.0008462225011291458 0.475456148493042 0.006633702713479996
v 0.0008462225011291458 0.484850078493042 0.0027905013134799962
v 0.0008462225011291458 0.456820279493042 0.012266501813479998
v 0.001537218501129145 0.437591463493042 0.01585840431348
v 0.0008462225011291458 0.437783420493042 0.016790304313479998
v 0.0008462225011291458 0.456820279493042 0.012266501813479998
v 0.001537218501129145 0.41831991049304196 0.019228991113479997
v 0.0008462225011291458 0.418455421493042 0.020170804113479997
v 0.002655208501129158 0.418371796493042 0.019588701413479993
v 0.002655208501129158 0.43790213749304197 0.017366305013479993
v 0.002655208501129158 0.41853903249304203 0.020752906813479993
v 0.001537218501129145 0.43797537649304197 0.017722196913479996
v 0.001537218501129145 0.418590918493042 0.021112594713479996
v 0.001537218501129145 0.43797537649304197 0.017722196913479996
v 0.001537218501129145 0.457068085493042 0.013185195613479993
v 0.0008462225011291458 0.475456148493042 0.006633702713479996
v 0.001537218501129145 0.475774437493042 0.007530998413479997
v 0.0008462225011291458 0.398946136493042 0.022373791813479996
v 0.001537218501129145 0.398868620493042 0.021425399913479998
v 0.002655208501129158 0.398898229493042 0.02178760621348
v 0.002655208501129158 0.398993745493042 0.022959899113479995
v 0.001537218501129145 0.399023652493042 0.023322105413479996
v 0.0008462225011291458 0.379365146493042 0.02336500211348
v 0.001537218501129145 0.379347145493042 0.022413596513479996
v 0.001537218501129145 0.379382848493042 0.024316407713479996
v 0.010699495501129141 0.370639294493042 0.023110292813479996
v -0.009234905498870849 0.370417997493042 0.023110292813479996
v 0.002655208501129158 0.379353851493042 0.022777006013479997
v 0.002655208501129158 0.37937612849304203 0.023952998213479994
v 0.012121587501129155 0.37175768649304197 0.023697797213479997
v -0.008085012498870836 0.369021251493042 0.023697797213479997
v 0.011208668501129143 0.37110842749304196 0.022159710513479994
v 0.01208737450112915 0.371799871493042 0.022522792213479997
v 0.025677189501129155 0.361849084493042 0.020628206413479996
v 0.026175841501129143 0.362850248493042 0.020990010313479995
v 0.02546690450112915 0.361185103493042 0.02157539501348
v 0.02627368250112916 0.36280512849304203 0.022160701413479998
v 0.025835409501129142 0.361776068493042 0.02252250541348
v 0.011263638501129158 0.371040642493042 0.02406080441348
v -0.008043587498870852 0.369056418493042 0.022522792213479997
v 0.002655208501129158 0.359795138493042 0.023697797213479997
v 0.002655208501129158 0.359849452493042 0.022522792213479997
v -0.008821025498870844 0.36986295849304196 0.02406080441348
v 0.001537218501129145 0.359778657493042 0.02406080441348
v -0.022923693498870856 0.359283164493042 0.020990010313479995
v -0.02302041649887085 0.35923574849304196 0.022160701413479998
v -0.023542270498870838 0.36022505149304196 0.02252250541348
v -0.02376820149887085 0.360883846493042 0.02157539501348
v -0.023385763498870837 0.36030173349304195 0.020628206413479996
v -0.008754476498870845 0.36991941949304197 0.022159710513479994
v 0.0008462225011291458 0.359822303493042 0.023110292813479996
v 0.001537218501129145 0.35986593349304197 0.022159710513479994
v 0.001537218501129145 0.340340487493042 0.02252250541348
v 0.0008462225011291458 0.340427465493042 0.02157539501348
v 0.001537218501129145 0.340514741493042 0.020628206413479996
v 0.002655208501129158 0.34037375449304197 0.022160701413479998
v 0.002655208501129158 0.340481482493042 0.020990010313479995
v 0.0008462225011291458 0.315302953093042 0.018934592613479996
v 0.001537218501129145 0.315208956593042 0.019881002613479998
v 0.001537218501129145 0.315397247693042 0.017988204913479994
v 0.002655208501129158 0.315361238993042 0.018349703413479995
v 0.002655208501129158 0.315244965293042 0.019519500413479995
v 0.0008462225011291458 0.296431012493042 0.017133403613479994
v 0.001537218501129145 0.296339802493042 0.018080100413479995
v 0.001537218501129145 0.296522416193042 0.016186736513479995
v 0.002655208501129158 0.296487510193042 0.016548376513479998
v 0.002655208501129158 0.296374745693042 0.017718497713479997
v 0.0008462225011291458 0.28069712589304197 0.015700966113479993
v 0.001537218501129145 0.280607040993042 0.016647767313479993
v 0.001537218501129145 0.280787382293042 0.014754187313479994
v 0.002655208501129158 0.280752897293042 0.015115860813479993
v 0.002655208501129158 0.280641447793042 0.01628611241348
v 0.001537218501129145 0.264859873793042 0.013299807913479997
v 0.0008462225011291458 0.264766719193042 0.014246322213479996
v 0.0026551935011291383 0.264824286093042 0.013661351013479997
v 0.001537218501129145 0.264673735993042 0.015192847713479993
v 0.0026551935011291383 0.264709234193042 0.014831300813479997
v 0.0008462225011291458 0.248744897593042 0.012710586213479994
v 0.001537218501129145 0.24884295459304198 0.011764559913479994
v 0.0026551935011291383 0.248805493093042 0.012125887013479997
v 0.0026551935011291383 0.248684415593042 0.013295277913479994
v 0.001537218501129145 0.248647011793042 0.013656608713479998
v 0.0008462225011291458 0.229949483693042 0.010766740913479997
v 0.001537218501129145 0.230059099393042 0.009821973713479995
v 0.0026551935011291383 0.23001725129304199 0.010182812813479998
v 0.0026551935011291383 0.229881829593042 0.011350661513479993
v 0.001537218501129145 0.229840040193042 0.011711500613479996
v 0.001537218501129145 0.211302518843042 0.007640596513479994
v 0.0026551935011291383 0.211256303823042 0.008000910313479999
v 0.0026551935011291383 0.211106576953042 0.009166989513479995
v 0.0008462225011291458 0.211181364023042 0.008583955513479999
v 0.001537218501129145 0.21106036193304198 0.009527299513479998
v 0.001537218501129145 0.189819250293042 0.004789799413479998
v 0.002655208501129158 0.18976614999304198 0.005149196813479993
v 0.002655208501129158 0.18959387769304198 0.006312198913479998
v 0.0008462225011291458 0.18967993739304198 0.005730699713479996
v 0.001537218501129145 0.18954077739304198 0.006671600013479995
v 0.001537218501129145 0.16000058129304198 -0.00014356148652000522
v 0.002655208501129158 0.15994265679304198 0.00021510011347999555
v 0.002655208501129158 0.159755051093042 0.0013756696134799955
v 0.0008462225011291458 0.159848786893042 0.0007954035134799947
v 0.001537218501129145 0.159697122893042 0.001734321913479997
v 0.001537218501129145 0.130260355793042 -0.005576312586520003
v 0.002655208501129158 0.130197621893042 -0.005218464886520006
v 0.002655208501129158 0.129994727693042 -0.004060538486520004
v 0.0008462225011291458 0.13009611519304198 -0.004639465386520006
v 0.001537218501129145 0.129931993793042 -0.003702720586520006
v 0.002655208501129158 0.104821600493042 -0.009828630786520003
v 0.002655208501129158 0.10461638849304199 -0.008671125386520005
v 0.001537218501129145 0.10455296949304199 -0.008313439786520004
v 0.001537218501129145 0.10488501949304199 -0.010186366786520004
v 0.0008462225011291458 0.10471894549304199 -0.009249851086520003
v 0.001537218501129145 0.049713313493042005 -0.018276404586520002
v 0.002655208501129158 0.04977820849304199 -0.018633803356520005
v 0.002655208501129158 0.049988433493041995 -0.019790400286520005
v 0.0008462225011291458 0.049883306493041984 -0.019212092276520005
v 0.001537218501129145 0.049713313493042005 -0.018276404586520002
v 0.001537218501129145 0.050053328493042004 -0.020147894506520006
v 0.002655208501129158 0.049988433493041995 -0.019790400286520005
v 0.002655208501129158 0.104821600493042 -0.009828630786520003
v 0.0008462225011291458 0.049883306493041984 -0.019212092276520005
v 0.002655208501129158 0.04977820849304199 -0.018633803356520005
v 0.001537218501129145 0.049713313493042005 -0.018276404586520002
v 0.001537218501129145 0.536242902493042 -0.031004389286520002
v 0.0008462225011291458 0.535707920493042 -0.03179090376652
v 0.002655208501129158 0.536038428493042 -0.031304796696520004
v 0.002655208501129158 0.535377413493042 -0.032276895826520005
v 0.001537218501129145 0.535173237493042 -0.03257730323652001
v 0.001537218501129145 0.5266817214930419 -0.026803396787520004
v 0.002655208501129158 0.526891678493042 -0.026506899448520003
v 0.002655208501129158 0.536038428493042 -0.031304796696520004
v 0.0008462225011291458 0.5272316634930421 -0.026027296666520004
v 0.0008462225011291458 0.535707920493042 -0.03179090376652
v 0.002655208501129158 0.527571618493042 -0.025547693836520006
v 0.001537218501129145 0.536242902493042 -0.031004389286520002
v 0.001537218501129145 0.527781903493042 -0.025251196466520003
v 0.0008462225011291458 0.518929958493042 -0.019897898656520002
v 0.001537218501129145 0.5183614194930419 -0.020660303996520003
v 0.002655208501129158 0.518578708493042 -0.020369089676520003
v 0.002655208501129158 0.519281536493042 -0.019426802636520003
v 0.001537218501129145 0.519498795493042 -0.019135607406520004
v 0.0008462225011291458 0.510672211493042 -0.013677099686520004
v 0.001537218501129145 0.510107338493042 -0.014442299486520004
v 0.002655208501129158 0.5103230774930421 -0.014149998286520004
v 0.002655208501129158 0.511021345493042 -0.013204202086520005
v 0.001537218501129145 0.5112370844930421 -0.012911995886520004
v 0.0008462225011291458 0.502327173493042 -0.007639197586520003
v 0.001537218501129145 0.501788556493042 -0.008423298586520005
v 0.002655208501129158 0.501994222493042 -0.008123798286520004
v 0.002655208501129158 0.5026601254930421 -0.007154596986520004
v 0.001537218501129145 0.5028658214930419 -0.006855100386520003
v 0.0008462225011291458 0.49376332749304197 -0.002058500386520005
v 0.001537218501129145 0.493275970493042 -0.0028758998865200044
v 0.002655208501129158 0.493462115493042 -0.002563700086520005
v 0.002655208501129158 0.494064837493042 -0.0015533994865200053
v 0.001537218501129145 0.494251012493042 -0.0012410990865200054
v 0.001537218501129145 0.484441429493042 0.001930099013479996
v 0.002655208501129158 0.48459768249304197 0.0022588000134799967
v 0.002655208501129158 0.48510274249304197 0.0033223014134799965
v 0.0008462225011291458 0.484850078493042 0.0027905013134799962
v 0.001537218501129145 0.485258698493042 0.003651000513479996
v 0.4161603455011291 -0.09881430850695799 0.014839891313479993
v 0.41561026850112914 -0.09855678650695798 0.016408354013479995
v 0.41618926850112914 -0.09835556150695801 0.01592191311348
v 0.41508845950112916 -0.09926408550695803 0.014664676013479996
v 0.41492985150112915 -0.09911826250695799 0.01563137401348
v 0.40866976950112915 -0.07733115550695802 0.006751339913479995
v 0.4080454265011292 -0.07717603450695798 0.007735621213479996
v 0.41561026850112914 -0.09855678650695798 0.016408354013479995
v 0.4097454395011292 -0.07689183950695799 0.006931077713479998
v 0.4161603455011291 -0.09881430850695799 0.014839891313479993
v 0.40873508150112914 -0.076640933506958 0.008523549913479998
v 0.41618926850112914 -0.09835556150695801 0.01592191311348
v 0.4097856435011291 -0.076465219506958 0.008026272013479996
v 0.4051476715011292 -0.05981984750695801 0.00019479171347999702
v 0.40406429750112915 -0.060235738506958014 7.225213479997161e-06
v 0.40345954850112914 -0.06013947750695803 0.0010115560134799952
v 0.4041697685011292 -0.05966418950695801 0.001819903013479996
v 0.40521281950112914 -0.05946671950695803 0.0013151318134799958
v 0.4018576745011292 -0.04650437850695799 -0.0025465655865200033
v 0.40076412250112914 -0.046845674506958035 -0.0027625877865200058
v 0.4002310485011291 -0.04683789650695802 -0.0017766300865200042
v 0.40099689350112916 -0.04649797050695803 -0.0009500681865200027
v 0.40200099350112917 -0.04628860950695801 -0.001425825086520005
v 0.4008966085011292 -0.03813049150695802 -0.0005756951865200054
v 0.39980296750112915 -0.03818118550695798 -0.0007828473865200032
v 0.39932903650112916 -0.03850802750695803 0.0002130736134799971
v 0.40015552950112915 -0.038657724506958036 0.0010363627134799963
v 0.4011149555011292 -0.03842040850695799 0.0005499516134799959
v 0.40377922350112916 -0.02975225450695801 0.0027899481134799967
v 0.40267726750112914 -0.029526025506958015 0.0027197637134799973
v 0.40217475550112913 -0.03007301650695801 0.0036213826134799953
v 0.4029657395011291 -0.03063862050695801 0.004248663813479998
v 0.40395820150112915 -0.030437514506958002 0.0037364960134799972
v 0.4082110225011292 -0.024272829506958 0.006445210413479993
v 0.40707999450112914 -0.024050518506957996 0.006335720413479996
v 0.40651375050112915 -0.024734020506958 0.0071063302134799985
v 0.40728148850112916 -0.025373712506957996 0.007687423413479999
v 0.4083357155011291 -0.02508991950695802 0.007281214013479996
v 0.41065998350112914 -0.02181351150695801 0.009036921013479998
v 0.40969386650112916 -0.021208330506958 0.009326033313479996
v 0.4105691465011292 -0.022888556506958008 0.009504515713479995
v 0.40900614850112915 -0.021909564506957996 0.009972181213479994
v 0.4095469715011292 -0.022947967506958017 0.010082632313479993
v 0.0008462225011291458 0.10471894549304199 -0.009249851086520003
v 0.012086361501129156 0.09417212749304199 -0.012403623186520005
v 0.001537218501129145 0.10488501949304199 -0.010186366786520004
v 0.011869683501129158 0.09349553249304199 -0.011466935286520003
v 0.001537218501129145 0.10455296949304199 -0.008313439786520004
v 0.012719452501129158 0.095095768493042 -0.012045830486520004
v 0.002655208501129158 0.104821600493042 -0.009828630786520003
v 0.01236876850112914 0.09400112149304199 -0.010530350686520005
v 0.002655208501129158 0.10461638849304199 -0.008671125386520005
v 0.012893930501129164 0.09499009649304199 -0.010888105286520004
v 0.023355484501129148 0.087347686493042 -0.014797085886520005
v 0.02398885750112914 0.088271141493042 -0.014439350886520005
v 0.02313959550112915 0.08667060749304198 -0.013860570286520005
v 0.024164393501129144 0.08816485149304198 -0.013281844586520004
v 0.023639515501129138 0.087175682493042 -0.012924159886520004
v 0.0008462225011291458 0.104717083493042 -0.009250184486520003
v -0.010500878498870853 0.094121679493042 -0.011420024586520004
v -0.009936824498870844 0.093689732493042 -0.012356716186520005
v 0.001537218501129145 0.10488501949304199 -0.010186366786520004
v 0.001537218501129145 0.10455296949304199 -0.008313439786520004
v -0.009280383498870837 0.092782571493042 -0.011998921586520004
v 0.002655208501129158 0.104821600493042 -0.009828630786520003
v -0.010192915498870858 0.093481481493042 -0.010483438186520005
v 0.002655208501129158 0.10461638849304199 -0.008671125386520005
v -0.009438633498870863 0.092653870493042 -0.010841194586520005
v -0.025005966498870852 0.08570818649304199 -0.014797085886520005
v -0.024719789498870853 0.08462560149304199 -0.014439350886520005
v -0.025378033498870856 0.08631370949304198 -0.013860570286520005
v -0.02491490549887085 0.08456200349304199 -0.013281844586520004
v -0.025321662498870856 0.085605293493042 -0.012924159886520004
v 0.0008462225011291458 0.13009611519304198 -0.004639465386520006
v 0.012086361501129156 0.11955115199304199 -0.007792904986520004
v 0.001537218501129145 0.130260355793042 -0.005576312586520003
v 0.011869683501129158 0.118874564793042 -0.006856216086520005
v 0.001537218501129145 0.129931993793042 -0.003702720586520006
v 0.012719452501129158 0.12047480049304199 -0.007435111286520003
v 0.002655208501129158 0.130197621893042 -0.005218464886520006
v 0.01236876850112914 0.11938015369304199 -0.005919631586520004
v 0.002655208501129158 0.129994727693042 -0.004060538486520004
v 0.012893930501129164 0.120369121393042 -0.006277387986520003
v 0.023355484501129148 0.11272671849304199 -0.010186366786520004
v 0.02398885750112914 0.11365017249304199 -0.009828630786520003
v 0.02313959550112915 0.11204963149304199 -0.009249851086520003
v 0.024164393501129144 0.113543875493042 -0.008671125386520005
v 0.023639515501129138 0.112554714493042 -0.008313439786520004
v 0.25785864140112913 0.272881668093042 -0.07655093818652
v 0.2568790242011292 0.272520951893042 -0.07600932938652
v 0.25758153950112916 0.273155257093042 -0.07766139878652001
v 0.25599661100112914 0.272571459393042 -0.07678504658652
v 0.2564311437011291 0.272963762293042 -0.07780377568652
v 0.2616565712011292 0.253155335793042 -0.08443315328652001
v 0.26137977840112914 0.253422975493042 -0.08554544298652
v 0.26068626340112916 0.252753570693042 -0.08390489218652
v 0.26023826750112916 0.253186464293042 -0.08570466558652001
v 0.25980964680112917 0.252772796893042 -0.08469079808652
v 0.26388683540112917 0.244735116093042 -0.08415479208652
v 0.26366405560112915 0.24480988459304198 -0.08531591298652
v 0.26291424040112915 0.244343575093042 -0.08362287278652
v 0.2625535205011291 0.244464730893042 -0.08550168578652001
v 0.26209011300112917 0.24417633939304198 -0.08445531498652001
v 0.26697151360112914 0.236739549793042 -0.08203769478652001
v 0.26683616640112917 0.23658360359304198 -0.08319927008652
v 0.26598701630112914 0.23637883179304198 -0.08150584998652
v 0.26576805110112917 0.23612645079304198 -0.08338535208652001
v 0.26524330300112914 0.235999803993042 -0.08233875038652
v 0.27099781480112917 0.22737948410304198 -0.07779657098652001
v 0.27092731740112913 0.22707903851304198 -0.07893251258652001
v 0.27000614260112915 0.227034787643042 -0.07726770268652
v 0.26989215980112913 0.226548642853042 -0.07910569758652
v 0.26932270080112913 0.226521329953042 -0.07807672398652
v 0.27592682090112913 0.21751957893104198 -0.07316127048652
v 0.27589553590112914 0.217140703233042 -0.07427409288652001
v 0.27493271230112915 0.21717976569304198 -0.07263392578652
v 0.27488189940112917 0.216566972783042 -0.07443446288652
v 0.27428695560112915 0.216591081703042 -0.07342082258652
v 0.2803853452011291 0.209048471413042 -0.06962756808652001
v 0.2803705409011291 0.20863877330304198 -0.07072940468652
v 0.2793929130011291 0.208705606873042 -0.06909915808652001
v 0.27936895190112915 0.208042612293042 -0.07088183988652
v 0.27876455340112916 0.208083963993042 -0.06987430528652
v 0.2863705456011292 0.198471441893042 -0.06561708818652001
v 0.28635223210112914 0.198068151293042 -0.06672129038652
v 0.28538360450112915 0.19811804779304198 -0.06508478518652
v 0.28535400330112914 0.197465581793042 -0.06687139718652
v 0.28475540130112914 0.197496557593042 -0.06585996968652
v 0.29228435460112917 0.188220282993042 -0.06284264478652
v 0.29225109520112913 0.187843847993042 -0.06395596268652001
v 0.29130230100112914 0.187858039493042 -0.062307365286520006
v 0.2912488952011292 0.18724906069304198 -0.06410874058652
v 0.29066234830112914 0.18725775739304198 -0.06308983638652
v 0.29769323020112914 0.177676994393042 -0.05958695338652
v 0.29764959220112913 0.177320241893042 -0.060706220586520004
v 0.2967102602011291 0.177316732693042 -0.05905224758652
v 0.2966394648011291 0.176739796993042 -0.06086342778652001
v 0.29605901990112915 0.176737509693042 -0.05984123798652
v 0.30288114400112914 0.167789831793042 -0.056467015286520005
v 0.3028344512011292 0.167439185093042 -0.057588003586520005
v 0.30189511920112916 0.16743567589304198 -0.05593410318652001
v 0.3018194363011292 0.166868202393042 -0.057748028986520004
v 0.3012386933011292 0.166866064093042 -0.05672580558652
v 0.30747819690112915 0.158301964393042 -0.05322136728652001
v 0.30743242060112913 0.157949794093042 -0.05434197188652
v 0.30649156870112915 0.157948877693042 -0.052688758786520004
v 0.30641710010112916 0.157378960393042 -0.05450207558652
v 0.30583574620112913 0.157378502193042 -0.053480271286520005
v 0.31228721850112917 0.14919562639304199 -0.05049953238652
v 0.31224693350112914 0.14883276819304198 -0.051617048686520006
v 0.3113030265011292 0.148837961293042 -0.049965666586520005
v 0.31123740950112916 0.14825080339304197 -0.05177387038652
v 0.3106542225011292 0.14825400709304198 -0.050753248886520004
v 0.3168531205011291 0.14150714129304198 -0.048152297686520004
v 0.31682474150112916 0.141121625893042 -0.049262603786520004
v 0.31587503150112917 0.141137570093042 -0.04761461538652001
v 0.31582956050112915 0.14051371809304197 -0.049411224186520004
v 0.31524240250112917 0.14052356039304198 -0.04839269998652
v 0.32156559050112915 0.13428984579304198 -0.04580066538652
v 0.3215613145011291 0.133863516193042 -0.046896742686520006
v 0.32060119550112914 0.133897088493042 -0.04525497178652001
v 0.32059387150112917 0.133207388193042 -0.047028349686520005
v 0.32000061150112913 0.133228220093042 -0.046013640286520004
v 0.32530250450112913 0.128782190393042 -0.04389919158652
v 0.32532142850112916 0.128321528393042 -0.044980695486520006
v 0.32436043050112917 0.128356315193042 -0.04333969018652001
v 0.3243909475011292 0.127610921893042 -0.045089490686520003
v 0.3237967715011292 0.127632439093042 -0.044075276686520004
v 0.33180618250112914 0.119552150393042 -0.041101072886520006
v 0.33182480150112914 0.119092091893042 -0.042182767786520005
v 0.33088149850112913 0.11910239609304199 -0.040530852086520006
v 0.33091171050112916 0.11835815049304199 -0.04228114898652
v 0.3303288295011292 0.11836455749304199 -0.041260145586520004
v 0.34092025450112917 0.10844451149304199 -0.03702350705652001
v 0.34092819650112915 0.10799880349304199 -0.03811130578652
v 0.33999831950112913 0.10799162849304199 -0.036451988856520005
v 0.3400108365011292 0.10727050149304199 -0.038212090686520005
v 0.3394361885011291 0.107266001493042 -0.03718658536652
v 0.3491534445011292 0.096088781493042 -0.031908606176520006
v 0.3491574075011291 0.09564864649304199 -0.03299859864652
v 0.3482223455011292 0.095647804493042 -0.031341989986520005
v 0.34822875250112917 0.09493560349304199 -0.03310569608652
v 0.34765106450112915 0.094935141493042 -0.03208179306652
v 0.35785141550112914 0.083092942493042 -0.024667929396520002
v 0.35690170550112915 0.082678526493042 -0.024112032496520004
v 0.3578556775011291 0.08265182349304198 -0.025757540366520004
v 0.35631942750112916 0.08198134649304198 -0.024858225606520006
v 0.35690902150112913 0.081964790493042 -0.025875223796520005
v 0.3632494365011292 0.070062711493042 -0.018509622666520002
v 0.36226981850112916 0.06969451949304198 -0.017972818576520007
v 0.35690170550112915 0.082678526493042 -0.024112032496520004
v 0.35785141550112914 0.083092942493042 -0.024667929396520002
v 0.35631942750112916 0.08198134649304198 -0.024858225606520006
v 0.36325858550112916 0.06961409749304198 -0.019596220456520003
v 0.3616735045011291 0.069018512493042 -0.018727728166520005
v 0.3578556775011291 0.08265182349304198 -0.025757540366520004
v 0.35690902150112913 0.081964790493042 -0.025875223796520005
v 0.36228477950112914 0.06896880249304199 -0.019731031726520003
v 0.36868053650112914 0.05879762749304199 -0.012986723286520004
v 0.36765605250112915 0.05850923049304199 -0.012483822186520005
v 0.36226981850112916 0.06969451949304198 -0.017972818576520007
v 0.3632494365011292 0.070062711493042 -0.018509622666520002
v 0.3616735045011291 0.069018512493042 -0.018727728166520005
v 0.36869946150112914 0.058332115493041986 -0.014066129886520005
v 0.36704173650112915 0.057865530493041994 -0.013252521886520005
v 0.36325858550112916 0.06961409749304198 -0.019596220456520003
v 0.36228477950112914 0.06896880249304199 -0.019731031726520003
v 0.36768656950112916 0.05775602149304199 -0.014230323986520004
v 0.0008462225011291458 0.13009611519304198 -0.004639465386520006
v -0.010500878498870853 0.11950070409304199 -0.006809305386520005
v -0.009936824498870844 0.119068756693042 -0.0077459960865200045
v 0.001537218501129145 0.130260355793042 -0.005576312586520003
v 0.001537218501129145 0.129931993793042 -0.003702720586520006
v -0.009280383498870837 0.11816159649304199 -0.007388202486520005
v 0.002655208501129158 0.130197621893042 -0.005218464886520006
v -0.010192915498870858 0.11886050549304199 -0.005872718986520004
v 0.002655208501129158 0.129994727693042 -0.004060538486520004
v -0.009438633498870863 0.118032895493042 -0.006230475386520003
v -0.025005966498870852 0.111087217493042 -0.010186366786520004
v -0.024719789498870853 0.11000462649304199 -0.009828630786520003
v -0.025378033498870856 0.111692734493042 -0.009249851086520003
v -0.02491490549887085 0.10994103549304199 -0.008671125386520005
v -0.025321662498870856 0.110984317493042 -0.008313439786520004
v 0.011208668501129143 0.35150423649304197 0.021904107213479997
v 0.02546690450112915 0.341580912493042 0.021319791713479995
v 0.025677189501129155 0.342244900493042 0.020372599313479997
v 0.01208737450112915 0.35219569549304197 0.022267188913479993
v 0.026175841501129143 0.343246065493042 0.020734407013479998
v 0.02627368250112916 0.343200936493042 0.021905098113479994
v 0.012121587501129155 0.352153494493042 0.023442193913479993
v 0.025835409501129142 0.342171885493042 0.022266902013479993
v 0.011263638501129158 0.351436451493042 0.02380519731348
v 0.010699495501129141 0.351035103493042 0.02285468951348
v 0.002655208501129158 0.359849452493042 0.022522792213479997
v 0.002655208501129158 0.359795138493042 0.023697797213479997
v 0.001537218501129145 0.35986593349304197 0.022159710513479994
v 0.001537218501129145 0.359778657493042 0.02406080441348
v 0.0008462225011291458 0.359822303493042 0.023110292813479996
v -0.008754476498870845 0.350315228493042 0.021904107213479997
v -0.008043587498870852 0.34945224249304196 0.022267188913479993
v -0.009234905498870849 0.350813820493042 0.02285468951348
v -0.008085012498870836 0.349417060493042 0.023442193913479993
v -0.008821025498870844 0.350258782493042 0.02380519731348
v -0.02376820149887085 0.341279663493042 0.021319791713479995
v -0.023385763498870837 0.340697541493042 0.020372599313479997
v -0.022923693498870856 0.339678980493042 0.020734407013479998
v -0.02302041649887085 0.339631564493042 0.021905098113479994
v -0.023542270498870838 0.340620867493042 0.022266902013479993
f 3/3/3 2/2/2 1/1/1
f 2/2/2 4/4/4 1/1/1
f 1/1/1 4/4/4 5/5/5
f 6/6/6 1/1/1 5/5/5
f 5/5/5 4/4/4 7/7/7
f 4/4/4 8/8/8 7/7/7
f 7/7/7 8/8/8 9/9/9
f 2/2/2 10/10/10 4/4/4
f 10/10/10 8/8/8 4/4/4
f 8/8/8 11/11/11 9/9/9
f 9/9/9 11/11/11 12/12/12
f 12/12/12 13/13/13 6/6/6
f 11/11/11 13/13/13 12/12/12
f 13/13/13 14/14/14 6/6/6
f 15/15/15 14/14/14 13/13/13
f 15/15/15 16/16/16 2/2/2
f 16/16/16 15/15/15 13/13/13
f 2/2/2 16/16/16 10/10/10
f 16/16/16 13/13/13 11/11/11
f 17/17/17 11/11/11 8/8/8
f 10/10/10 17/17/17 8/8/8
f 17/17/17 16/16/16 11/11/11
f 10/10/10 16/16/16 17/17/17
f 20/20/20 19/19/19 18/18/18
f 19/19/19 21/21/21 18/18/18
f 18/18/18 21/21/21 22/22/22
f 23/23/23 18/18/18 22/22/22
f 22/22/22 21/21/21 24/24/24
f 21/21/21 25/25/25 24/24/24
f 24/24/24 25/25/25 26/26/26
f 19/19/19 27/27/27 21/21/21
f 27/27/27 25/25/25 21/21/21
f 25/25/25 28/28/28 26/26/26
f 26/26/26 28/28/28 29/29/29
f 29/29/29 30/30/30 23/23/23
f 28/28/28 30/30/30 29/29/29
f 30/30/30 31/31/31 23/23/23
f 32/32/32 31/31/31 30/30/30
f 32/32/32 33/33/33 19/19/19
f 33/33/33 32/32/32 30/30/30
f 19/19/19 33/33/33 27/27/27
f 33/33/33 30/30/30 28/28/28
f 34/34/34 28/28/28 25/25/25
f 27/27/27 34/34/34 25/25/25
f 34/34/34 33/33/33 28/28/28
f 27/27/27 33/33/33 34/34/34
f 37/37/37 36/36/36 35/35/35
f 36/36/36 38/38/38 35/35/35
f 35/35/35 38/38/38 39/39/39
f 40/40/40 35/35/35 39/39/39
f 39/39/39 38/38/38 41/41/41
f 38/38/38 42/42/42 41/41/41
f 41/41/41 42/42/42 43/43/43
f 36/36/36 44/44/44 38/38/38
f 44/44/44 42/42/42 38/38/38
f 42/42/42 45/45/45 43/43/43
f 43/43/43 45/45/45 46/46/46
f 46/46/46 47/47/47 40/40/40
f 45/45/45 47/47/47 46/46/46
f 47/47/47 48/48/48 40/40/40
f 49/49/49 48/48/48 47/47/47
f 49/49/49 50/50/50 36/36/36
f 50/50/50 49/49/49 47/47/47
f 36/36/36 50/50/50 44/44/44
f 50/50/50 47/47/47 45/45/45
f 51/51/51 45/45/45 42/42/42
f 44/44/44 51/51/51 42/42/42
f 51/51/51 50/50/50 45/45/45
f 44/44/44 50/50/50 51/51/51
f 54/54/54 53/53/53 52/52/52
f 53/53/53 55/55/55 52/52/52
f 52/52/52 55/55/55 56/56/56
f 57/57/57 52/52/52 56/56/56
f 56/56/56 55/55/55 58/58/58
f 55/55/55 59/59/59 58/58/58
f 58/58/58 59/59/59 60/60/60
f 53/53/53 61/61/61 55/55/55
f 61/61/61 59/59/59 55/55/55
f 59/59/59 62/62/62 60/60/60
f 60/60/60 62/62/62 63/63/63
f 63/63/63 64/64/64 57/57/57
f 62/62/62 64/64/64 63/63/63
f 64/64/64 65/65/65 57/57/57
f 66/66/66 65/65/65 64/64/64
f 66/66/66 67/67/67 53/53/53
f 67/67/67 66/66/66 64/64/64
f 53/53/53 67/67/67 61/61/61
f 67/67/67 64/64/64 62/62/62
f 68/68/68 62/62/62 59/59/59
f 61/61/61 68/68/68 59/59/59
f 68/68/68 67/67/67 62/62/62
f 61/61/61 67/67/67 68/68/68
f 71/71/71 70/70/70 69/69/69
f 70/70/70 72/72/72 69/69/69
f 69/69/69 72/72/72 73/73/73
f 72/72/72 74/74/74 73/73/73
f 73/73/73 74/74/74 75/75/75
f 74/74/74 76/76/76 75/75/75
f 75/75/75 76/76/76 77/77/77
f 76/76/76 78/78/78 77/77/77
f 77/77/77 78/78/78 79/79/79
f 78/78/78 80/80/80 79/79/79
f 79/79/79 80/80/80 81/81/81
f 80/80/80 82/82/82 81/81/81
f 80/80/80 83/83/83 82/82/82
f 83/83/83 84/84/84 82/82/82
f 83/83/83 85/85/85 84/84/84
f 85/85/85 86/86/86 84/84/84
f 87/87/87 85/85/85 83/83/83
f 88/88/88 87/87/87 83/83/83
f 89/89/89 87/87/87 88/88/88
f 90/90/90 89/89/89 88/88/88
f 91/91/91 89/89/89 90/90/90
f 92/92/92 91/91/91 90/90/90
f 91/91/91 93/93/93 89/89/89
f 93/93/93 94/94/94 89/89/89
f 79/79/79 81/81/81 95/95/95
f 96/96/96 79/79/79 95/95/95
f 95/95/95 81/81/81 97/97/97
f 81/81/81 98/98/98 97/97/97
f 95/95/95 97/97/97 99/99/99
f 100/100/100 95/95/95 99/99/99
f 97/97/97 98/98/98 101/101/101
f 98/98/98 102/102/102 101/101/101
f 99/99/99 97/97/97 103/103/103
f 97/97/97 101/101/101 103/103/103
f 101/101/101 102/102/102 104/104/104
f 102/102/102 105/105/105 104/104/104
f 101/101/101 104/104/104 106/106/106
f 103/103/103 101/101/101 106/106/106
f 106/106/106 104/104/104 107/107/107
f 104/104/104 108/108/108 107/107/107
f 99/99/99 103/103/103 109/109/109
f 110/110/110 99/99/99 109/109/109
f 109/109/109 103/103/103 111/111/111
f 103/103/103 112/112/112 111/111/111
f 110/110/110 109/109/109 113/113/113
f 114/114/114 110/110/110 113/113/113
f 114/114/114 113/113/113 115/115/115
f 115/115/115 113/113/113 116/116/116
f 113/113/113 117/117/117 116/116/116
f 116/116/116 117/117/117 118/118/118
f 117/117/117 119/119/119 118/118/118
f 118/118/118 119/119/119 120/120/120
f 119/119/119 121/121/121 120/120/120
f 122/122/122 114/114/114 115/115/115
f 120/120/120 121/121/121 123/123/123
f 124/124/124 114/114/114 122/122/122
f 125/125/125 124/124/124 122/122/122
f 124/124/124 126/126/126 114/114/114
f 126/126/126 110/110/110 114/114/114
f 126/126/126 127/127/127 110/110/110
f 127/127/127 128/128/128 110/110/110
f 121/121/121 129/129/129 123/123/123
f 123/123/123 129/129/129 130/130/130
f 129/129/129 131/131/131 130/130/130
f 130/130/130 131/131/131 132/132/132
f 131/131/131 133/133/133 132/132/132
f 132/132/132 133/133/133 134/134/134
f 133/133/133 135/135/135 134/134/134
f 133/133/133 136/136/136 135/135/135
f 136/136/136 137/137/137 135/135/135
f 135/135/135 137/137/137 138/138/138
f 137/137/137 139/139/139 138/138/138
f 138/138/138 139/139/139 140/140/140
f 138/138/138 140/140/140 141/141/141
f 142/142/142 138/138/138 141/141/141
f 139/139/139 143/143/143 140/140/140
f 139/139/139 144/144/144 143/143/143
f 144/144/144 145/145/145 143/143/143
f 135/135/135 147/147/147 146/146/146
f 148/148/148 135/135/135 146/146/146
f 150/150/150 144/144/144 149/149/149
f 151/151/151 150/150/150 149/149/149
f 153/153/153 152/152/152 151/151/151
f 154/154/154 153/153/153 151/151/151
f 156/156/156 155/155/155 144/144/144
f 155/155/155 157/157/157 144/144/144
f 158/158/158 155/155/155 156/156/156
f 159/159/159 158/158/158 156/156/156
f 155/155/155 160/160/160 157/157/157
f 160/160/160 161/161/161 157/157/157
f 157/157/157 161/161/161 162/162/162
f 161/161/161 163/163/163 162/162/162
f 162/162/162 163/163/163 164/164/164
f 163/163/163 165/165/165 164/164/164
f 162/162/162 164/164/164 166/166/166
f 167/167/167 162/162/162 166/166/166
f 166/166/166 164/164/164 168/168/168
f 164/164/164 169/169/169 168/168/168
f 157/157/157 171/171/171 170/170/170
f 172/172/172 157/157/157 170/170/170
f 166/166/166 174/174/174 173/173/173
f 175/175/175 166/166/166 173/173/173
f 173/173/173 177/177/177 176/176/176
f 177/177/177 178/178/178 176/176/176
f 177/177/177 179/179/179 178/178/178
f 179/179/179 180/180/180 178/178/178
f 179/179/179 181/181/181 180/180/180
f 181/181/181 182/182/182 180/180/180
f 183/183/183 181/181/181 179/179/179
f 184/184/184 183/183/183 179/179/179
f 178/178/178 180/180/180 185/185/185
f 180/180/180 186/186/186 185/185/185
f 178/178/178 185/185/185 187/187/187
f 188/188/188 178/178/178 187/187/187
f 185/185/185 186/186/186 189/189/189
f 186/186/186 190/190/190 189/189/189
f 187/187/187 185/185/185 191/191/191
f 185/185/185 189/189/189 191/191/191
f 187/187/187 191/191/191 192/192/192
f 193/193/193 187/187/187 192/192/192
f 188/188/188 187/187/187 193/193/193
f 193/193/193 192/192/192 194/194/194
f 195/195/195 193/193/193 194/194/194
f 196/196/196 188/188/188 193/193/193
f 196/196/196 193/193/193 195/195/195
f 197/197/197 188/188/188 196/196/196
f 198/198/198 196/196/196 195/195/195
f 199/199/199 197/197/197 196/196/196
f 199/199/199 196/196/196 198/198/198
f 200/200/200 197/197/197 199/199/199
f 201/201/201 199/199/199 198/198/198
f 202/202/202 200/200/200 199/199/199
f 202/202/202 199/199/199 201/201/201
f 203/203/203 202/202/202 201/201/201
f 206/206/206 205/205/205 204/204/204
f 205/205/205 207/207/207 204/204/204
f 204/204/204 207/207/207 208/208/208
f 207/207/207 209/209/209 208/208/208
f 204/204/204 208/208/208 210/210/210
f 211/211/211 204/204/204 210/210/210
f 211/211/211 210/210/210 212/212/212
f 208/208/208 209/209/209 213/213/213
f 214/214/214 211/211/211 212/212/212
f 214/214/214 212/212/212 74/74/74
f 215/215/215 214/214/214 74/74/74
f 216/216/216 214/214/214 215/215/215
f 217/217/217 216/216/216 215/215/215
f 209/209/209 218/218/218 213/213/213
f 213/213/213 218/218/218 219/219/219
f 218/218/218 220/220/220 219/219/219
f 213/213/213 219/219/219 221/221/221
f 222/222/222 213/213/213 221/221/221
f 221/221/221 219/219/219 223/223/223
f 219/219/219 220/220/220 224/224/224
f 219/219/219 224/224/224 223/223/223
f 220/220/220 225/225/225 224/224/224
f 223/223/223 224/224/224 226/226/226
f 224/224/224 227/227/227 226/226/226
f 230/230/230 229/229/229 228/228/228
f 231/231/231 230/230/230 228/228/228
f 231/231/231 228/228/228 232/232/232
f 233/233/233 231/231/231 232/232/232
f 236/236/236 235/235/235 234/234/234
f 235/235/235 237/237/237 234/234/234
f 234/234/234 237/237/237 238/238/238
f 237/237/237 239/239/239 238/238/238
f 238/238/238 239/239/239 240/240/240
f 239/239/239 241/241/241 240/240/240
f 244/244/244 243/243/243 242/242/242
f 243/243/243 245/245/245 242/242/242
f 242/242/242 245/245/245 246/246/246
f 245/245/245 247/247/247 246/246/246
f 248/248/248 247/247/247 121/121/121
f 247/247/247 249/249/249 121/121/121
f 247/247/247 250/250/250 249/249/249
f 250/250/250 251/251/251 249/249/249
f 251/251/251 253/253/253 252/252/252
f 253/253/253 254/254/254 252/252/252
f 254/254/254 123/123/123 255/255/255
f 123/123/123 256/256/256 255/255/255
f 255/255/255 256/256/256 158/158/158
f 256/256/256 257/257/257 158/158/158
f 158/158/158 257/257/257 258/258/258
f 257/257/257 259/259/259 258/258/258
f 261/261/261 123/123/123 260/260/260
f 253/253/253 261/261/261 260/260/260
f 262/262/262 261/261/261 253/253/253
f 263/263/263 262/262/262 253/253/253
f 263/263/263 253/253/253 264/264/264
f 265/265/265 262/262/262 263/263/263
f 266/266/266 265/265/265 263/263/263
f 250/250/250 263/263/263 264/264/264
f 268/268/268 250/250/250 267/267/267
f 111/111/111 268/268/268 267/267/267
f 271/271/271 270/270/270 269/269/269
f 270/270/270 272/272/272 269/269/269
f 269/269/269 272/272/272 273/273/273
f 272/272/272 274/274/274 273/273/273
f 273/273/273 274/274/274 275/275/275
f 272/272/272 276/276/276 274/274/274
f 274/274/274 277/277/277 275/275/275
f 276/276/276 278/278/278 274/274/274
f 274/274/274 278/278/278 277/277/277
f 278/278/278 279/279/279 277/277/277
f 282/282/282 281/281/281 280/280/280
f 281/281/281 283/283/283 280/280/280
f 280/280/280 283/283/283 284/284/284
f 283/283/283 285/285/285 284/284/284
f 284/284/284 285/285/285 286/286/286
f 285/285/285 287/287/287 286/286/286
f 290/290/290 289/289/289 288/288/288
f 289/289/289 291/291/291 288/288/288
f 289/289/289 292/292/292 291/291/291
f 292/292/292 293/293/293 291/291/291
f 292/292/292 294/294/294 293/293/293
f 294/294/294 295/295/295 293/293/293
f 298/298/298 297/297/297 296/296/296
f 297/297/297 299/299/299 296/296/296
f 296/296/296 299/299/299 300/300/300
f 299/299/299 301/301/301 300/300/300
f 300/300/300 301/301/301 302/302/302
f 301/301/301 303/303/303 302/302/302
f 306/306/306 305/305/305 304/304/304
f 305/305/305 307/307/307 304/304/304
f 305/305/305 308/308/308 307/307/307
f 308/308/308 309/309/309 307/307/307
f 307/307/307 309/309/309 310/310/310
f 308/308/308 189/189/189 309/309/309
f 309/309/309 311/311/311 310/310/310
f 310/310/310 311/311/311 312/312/312
f 311/311/311 313/313/313 312/312/312
f 189/189/189 314/314/314 309/309/309
f 309/309/309 314/314/314 311/311/311
f 314/314/314 315/315/315 311/311/311
f 189/189/189 190/190/190 314/314/314
f 190/190/190 316/316/316 314/314/314
f 312/312/312 318/318/318 317/317/317
f 319/319/319 312/312/312 317/317/317
f 320/320/320 312/312/312 319/319/319
f 321/321/321 320/320/320 319/319/319
f 322/322/322 320/320/320 321/321/321
f 323/323/323 322/322/322 321/321/321
f 325/325/325 321/321/321 324/324/324
f 321/321/321 326/326/326 324/324/324
f 324/324/324 326/326/326 327/327/327
f 326/326/326 328/328/328 327/327/327
f 327/327/327 328/328/328 329/329/329
f 328/328/328 330/330/330 329/329/329
f 333/333/333 332/332/332 331/331/331
f 334/334/334 333/333/333 331/331/331
f 337/337/337 336/336/336 335/335/335
f 338/338/338 337/337/337 335/335/335
f 341/341/341 340/340/340 339/339/339
f 340/340/340 342/342/342 339/339/339
f 339/339/339 342/342/342 343/343/343
f 342/342/342 344/344/344 343/343/343
f 339/339/339 343/343/343 345/345/345
f 346/346/346 339/339/339 345/345/345
f 346/346/346 345/345/345 347/347/347
f 348/348/348 346/346/346 347/347/347
f 345/345/345 343/343/343 349/349/349
f 343/343/343 344/344/344 350/350/350
f 343/343/343 350/350/350 349/349/349
f 344/344/344 351/351/351 350/350/350
f 349/349/349 350/350/350 352/352/352
f 350/350/350 353/353/353 352/352/352
f 356/356/356 355/355/355 354/354/354
f 357/357/357 356/356/356 354/354/354
f 360/360/360 359/359/359 358/358/358
f 359/359/359 361/361/361 358/358/358
f 358/358/358 361/361/361 362/362/362
f 361/361/361 363/363/363 362/362/362
f 362/362/362 363/363/363 364/364/364
f 363/363/363 365/365/365 364/364/364
f 364/364/364 365/365/365 366/366/366
f 365/365/365 367/367/367 366/366/366
f 366/366/366 367/367/367 368/368/368
f 367/367/367 369/369/369 368/368/368
f 368/368/368 369/369/369 370/370/370
f 369/369/369 371/371/371 370/370/370
f 370/370/370 371/371/371 372/372/372
f 371/371/371 373/373/373 372/372/372
f 369/369/369 374/374/374 371/371/371
f 374/374/374 375/375/375 371/371/371
f 374/374/374 376/376/376 375/375/375
f 376/376/376 377/377/377 375/375/375
f 375/375/375 377/377/377 378/378/378
f 377/377/377 379/379/379 378/378/378
f 378/378/378 379/379/379 380/380/380
f 379/379/379 381/381/381 380/380/380
f 379/379/379 382/382/382 381/381/381
f 382/382/382 383/383/383 381/381/381
f 381/381/381 383/383/383 384/384/384
f 383/383/383 385/385/385 384/384/384
f 383/383/383 386/386/386 385/385/385
f 386/386/386 387/387/387 385/385/385
f 385/385/385 387/387/387 388/388/388
f 387/387/387 389/389/389 388/388/388
f 388/388/388 389/389/389 390/390/390
f 389/389/389 391/391/391 390/390/390
f 381/381/381 393/393/393 392/392/392
f 394/394/394 381/381/381 392/392/392
f 396/396/396 386/386/386 395/395/395
f 382/382/382 396/396/396 395/395/395
f 397/397/397 396/396/396 382/382/382
f 398/398/398 397/397/397 382/382/382
f 398/398/398 382/382/382 399/399/399
f 400/400/400 397/397/397 398/398/398
f 401/401/401 398/398/398 399/399/399
f 402/402/402 400/400/400 398/398/398
f 402/402/402 398/398/398 401/401/401
f 403/403/403 402/402/402 401/401/401
f 404/404/404 400/400/400 402/402/402
f 405/405/405 404/404/404 402/402/402
f 406/406/406 404/404/404 405/405/405
f 407/407/407 406/406/406 405/405/405
f 407/407/407 405/405/405 408/408/408
f 409/409/409 407/407/407 408/408/408
f 410/410/410 407/407/407 409/409/409
f 411/411/411 410/410/410 409/409/409
f 412/412/412 410/410/410 411/411/411
f 413/413/413 412/412/412 411/411/411
f 411/411/411 409/409/409 414/414/414
f 415/415/415 411/411/411 414/414/414
f 409/409/409 408/408/408 416/416/416
f 414/414/414 409/409/409 416/416/416
f 415/415/415 414/414/414 365/365/365
f 417/417/417 415/415/415 365/365/365
f 416/416/416 408/408/408 418/418/418
f 408/408/408 419/419/419 418/418/418
f 416/416/416 418/418/418 420/420/420
f 421/421/421 416/416/416 420/420/420
f 414/414/414 416/416/416 421/421/421
f 422/422/422 414/414/414 421/421/421
f 424/424/424 415/415/415 423/423/423
f 425/425/425 424/424/424 423/423/423
f 426/426/426 424/424/424 425/425/425
f 427/427/427 426/426/426 425/425/425
f 430/430/430 429/429/429 428/428/428
f 429/429/429 431/431/431 428/428/428
f 428/428/428 431/431/431 432/432/432
f 431/431/431 406/406/406 432/432/432
f 435/435/435 434/434/434 433/433/433
f 436/436/436 435/435/435 433/433/433
f 439/439/439 438/438/438 437/437/437
f 438/438/438 440/440/440 437/437/437
f 437/437/437 440/440/440 441/441/441
f 440/440/440 442/442/442 441/441/441
f 437/437/437 441/441/441 443/443/443
f 444/444/444 437/437/437 443/443/443
f 443/443/443 441/441/441 445/445/445
f 441/441/441 446/446/446 445/445/445
f 445/445/445 446/446/446 447/447/447
f 446/446/446 448/448/448 447/447/447
f 451/451/451 450/450/450 449/449/449
f 450/450/450 452/452/452 449/449/449
f 449/449/449 452/452/452 453/453/453
f 452/452/452 454/454/454 453/453/453
f 453/453/453 454/454/454 455/455/455
f 453/453/453 455/455/455 456/456/456
f 457/457/457 453/453/453 456/456/456
f 456/456/456 455/455/455 458/458/458
f 455/455/455 459/459/459 458/458/458
f 454/454/454 460/460/460 455/455/455
f 455/455/455 460/460/460 459/459/459
f 454/454/454 461/461/461 460/460/460
f 460/460/460 462/462/462 459/459/459
f 459/459/459 462/462/462 463/463/463
f 462/462/462 464/464/464 463/463/463
f 463/463/463 464/464/464 465/465/465
f 461/461/461 466/466/466 460/460/460
f 464/464/464 467/467/467 465/465/465
f 464/464/464 468/468/468 467/467/467
f 461/461/461 469/469/469 466/466/466
f 470/470/470 469/469/469 461/461/461
f 471/471/471 470/470/470 461/461/461
f 471/471/471 461/461/461 472/472/472
f 392/392/392 471/471/471 472/472/472
f 469/469/469 473/473/473 466/466/466
f 466/466/466 473/473/473 474/474/474
f 473/473/473 475/475/475 474/474/474
f 466/466/466 474/474/474 476/476/476
f 477/477/477 466/466/466 476/476/476
f 476/476/476 474/474/474 478/478/478
f 474/474/474 468/468/468 478/478/478
f 474/474/474 479/479/479 468/468/468
f 479/479/479 480/480/480 468/468/468
f 468/468/468 480/480/480 481/481/481
f 480/480/480 482/482/482 481/481/481
f 468/468/468 481/481/481 467/467/467
f 481/481/481 482/482/482 483/483/483
f 482/482/482 484/484/484 483/483/483
f 467/467/467 481/481/481 485/485/485
f 481/481/481 483/483/483 485/485/485
f 483/483/483 484/484/484 486/486/486
f 484/484/484 487/487/487 486/486/486
f 484/484/484 488/488/488 487/487/487
f 488/488/488 489/489/489 487/487/487
f 487/487/487 489/489/489 490/490/490
f 489/489/489 491/491/491 490/490/490
f 490/490/490 491/491/491 492/492/492
f 491/491/491 493/493/493 492/492/492
f 492/492/492 493/493/493 494/494/494
f 493/493/493 495/495/495 494/494/494
f 494/494/494 495/495/495 496/496/496
f 495/495/495 497/497/497 496/496/496
f 485/485/485 483/483/483 498/498/498
f 483/483/483 499/499/499 498/498/498
f 494/494/494 496/496/496 500/500/500
f 501/501/501 494/494/494 500/500/500
f 496/496/496 497/497/497 502/502/502
f 500/500/500 496/496/496 503/503/503
f 496/496/496 502/502/502 503/503/503
f 501/501/501 500/500/500 504/504/504
f 505/505/505 501/501/501 504/504/504
f 506/506/506 501/501/501 505/505/505
f 507/507/507 506/506/506 505/505/505
f 508/508/508 506/506/506 507/507/507
f 509/509/509 508/508/508 507/507/507
f 500/500/500 503/503/503 510/510/510
f 504/504/504 500/500/500 510/510/510
f 503/503/503 502/502/502 511/511/511
f 510/510/510 503/503/503 512/512/512
f 503/503/503 511/511/511 512/512/512
f 504/504/504 510/510/510 513/513/513
f 510/510/510 512/512/512 514/514/514
f 513/513/513 510/510/510 514/514/514
f 515/515/515 504/504/504 513/513/513
f 516/516/516 504/504/504 515/515/515
f 517/517/517 516/516/516 515/515/515
f 518/518/518 516/516/516 517/517/517
f 519/519/519 518/518/518 517/517/517
f 520/520/520 518/518/518 519/519/519
f 515/515/515 513/513/513 521/521/521
f 517/517/517 515/515/515 497/497/497
f 497/497/497 515/515/515 521/521/521
f 497/497/497 521/521/521 502/502/502
f 522/522/522 517/517/517 497/497/497
f 519/519/519 517/517/517 522/522/522
f 523/523/523 519/519/519 522/522/522
f 524/524/524 519/519/519 523/523/523
f 524/524/524 520/520/520 519/519/519
f 525/525/525 524/524/524 523/523/523
f 521/521/521 513/513/513 526/526/526
f 513/513/513 514/514/514 526/526/526
f 502/502/502 521/521/521 527/527/527
f 521/521/521 526/526/526 527/527/527
f 502/502/502 527/527/527 511/511/511
f 528/528/528 524/524/524 525/525/525
f 529/529/529 528/528/528 525/525/525
f 498/498/498 520/520/520 524/524/524
f 528/528/528 498/498/498 524/524/524
f 498/498/498 499/499/499 520/520/520
f 499/499/499 530/530/530 520/520/520
f 499/499/499 531/531/531 530/530/530
f 531/531/531 532/532/532 530/530/530
f 485/485/485 498/498/498 528/528/528
f 533/533/533 528/528/528 529/529/529
f 533/533/533 485/485/485 528/528/528
f 467/467/467 485/485/485 533/533/533
f 534/534/534 533/533/533 529/529/529
f 465/465/465 467/467/467 533/533/533
f 465/465/465 533/533/533 534/534/534
f 535/535/535 465/465/465 534/534/534
f 536/536/536 391/391/391 479/479/479
f 391/391/391 537/537/537 479/479/479
f 479/479/479 537/537/537 538/538/538
f 537/537/537 539/539/539 538/538/538
f 538/538/538 539/539/539 540/540/540
f 539/539/539 541/541/541 540/540/540
f 540/540/540 541/541/541 542/542/542
f 541/541/541 488/488/488 542/542/542
f 545/545/545 544/544/544 543/543/543
f 544/544/544 546/546/546 543/543/543
f 543/543/543 546/546/546 547/547/547
f 546/546/546 548/548/548 547/547/547
f 550/550/550 490/490/490 549/549/549
f 490/490/490 551/551/551 549/549/549
f 549/549/549 551/551/551 552/552/552
f 551/551/551 553/553/553 552/552/552
f 556/556/556 555/555/555 554/554/554
f 555/555/555 557/557/557 554/554/554
f 557/557/557 555/555/555 558/558/558
f 561/561/561 560/560/560 559/559/559
f 559/559/559 560/560/560 562/562/562
f 562/562/562 560/560/560 563/563/563
f 564/564/564 562/562/562 563/563/563
f 565/565/565 564/564/564 563/563/563
f 565/565/565 563/563/563 566/566/566
f 564/564/564 567/567/567 562/562/562
f 567/567/567 568/568/568 562/562/562
f 569/569/569 565/565/565 566/566/566
f 569/569/569 566/566/566 570/570/570
f 571/571/571 570/570/570 568/568/568
f 567/567/567 571/571/571 568/568/568
f 571/571/571 569/569/569 570/570/570
f 572/572/572 567/567/567 564/564/564
f 573/573/573 564/564/564 565/565/565
f 573/573/573 572/572/572 564/564/564
f 574/574/574 565/565/565 569/569/569
f 574/574/574 573/573/573 565/565/565
f 575/575/575 569/569/569 571/571/571
f 575/575/575 574/574/574 569/569/569
f 576/576/576 571/571/571 567/567/567
f 572/572/572 576/576/576 567/567/567
f 576/576/576 575/575/575 571/571/571
f 577/577/577 572/572/572 573/573/573
f 578/578/578 573/573/573 574/574/574
f 578/578/578 577/577/577 573/573/573
f 579/579/579 574/574/574 575/575/575
f 579/579/579 578/578/578 574/574/574
f 580/580/580 575/575/575 576/576/576
f 580/580/580 579/579/579 575/575/575
f 581/581/581 576/576/576 572/572/572
f 577/577/577 581/581/581 572/572/572
f 581/581/581 580/580/580 576/576/576
f 582/582/582 577/577/577 578/578/578
f 583/583/583 578/578/578 579/579/579
f 583/583/583 582/582/582 578/578/578
f 584/584/584 579/579/579 580/580/580
f 584/584/584 583/583/583 579/579/579
f 585/585/585 580/580/580 581/581/581
f 585/585/585 584/584/584 580/580/580
f 586/586/586 581/581/581 577/577/577
f 582/582/582 586/586/586 577/577/577
f 586/586/586 585/585/585 581/581/581
f 587/587/587 582/582/582 583/583/583
f 588/588/588 583/583/583 584/584/584
f 588/588/588 587/587/587 583/583/583
f 589/589/589 584/584/584 585/585/585
f 589/589/589 588/588/588 584/584/584
f 590/590/590 585/585/585 586/586/586
f 590/590/590 589/589/589 585/585/585
f 591/591/591 586/586/586 582/582/582
f 587/587/587 591/591/591 582/582/582
f 591/591/591 590/590/590 586/586/586
f 592/592/592 587/587/587 588/588/588
f 593/593/593 588/588/588 589/589/589
f 593/593/593 592/592/592 588/588/588
f 594/594/594 589/589/589 590/590/590
f 594/594/594 593/593/593 589/589/589
f 595/595/595 590/590/590 591/591/591
f 595/595/595 594/594/594 590/590/590
f 596/596/596 591/591/591 587/587/587
f 592/592/592 596/596/596 587/587/587
f 596/596/596 595/595/595 591/591/591
f 597/597/597 592/592/592 593/593/593
f 598/598/598 593/593/593 594/594/594
f 598/598/598 597/597/597 593/593/593
f 599/599/599 594/594/594 595/595/595
f 599/599/599 598/598/598 594/594/594
f 600/600/600 595/595/595 596/596/596
f 600/600/600 599/599/599 595/595/595
f 601/601/601 596/596/596 592/592/592
f 597/597/597 601/601/601 592/592/592
f 601/601/601 600/600/600 596/596/596
f 602/602/602 597/597/597 598/598/598
f 603/603/603 598/598/598 599/599/599
f 603/603/603 602/602/602 598/598/598
f 604/604/604 599/599/599 600/600/600
f 604/604/604 603/603/603 599/599/599
f 605/605/605 600/600/600 601/601/601
f 605/605/605 604/604/604 600/600/600
f 606/606/606 601/601/601 597/597/597
f 602/602/602 606/606/606 597/597/597
f 606/606/606 605/605/605 601/601/601
f 607/607/607 602/602/602 603/603/603
f 608/608/608 603/603/603 604/604/604
f 608/608/608 607/607/607 603/603/603
f 609/609/609 604/604/604 605/605/605
f 609/609/609 608/608/608 604/604/604
f 610/610/610 605/605/605 606/606/606
f 610/610/610 609/609/609 605/605/605
f 611/611/611 606/606/606 602/602/602
f 607/607/607 611/611/611 602/602/602
f 611/611/611 610/610/610 606/606/606
f 612/612/612 607/607/607 608/608/608
f 613/613/613 608/608/608 609/609/609
f 613/613/613 612/612/612 608/608/608
f 614/614/614 609/609/609 610/610/610
f 614/614/614 613/613/613 609/609/609
f 615/615/615 610/610/610 611/611/611
f 615/615/615 614/614/614 610/610/610
f 616/616/616 611/611/611 607/607/607
f 612/612/612 616/616/616 607/607/607
f 616/616/616 615/615/615 611/611/611
f 617/617/617 612/612/612 613/613/613
f 618/618/618 613/613/613 614/614/614
f 618/618/618 617/617/617 613/613/613
f 619/619/619 614/614/614 615/615/615
f 619/619/619 618/618/618 614/614/614
f 620/620/620 615/615/615 616/616/616
f 620/620/620 619/619/619 615/615/615
f 621/621/621 616/616/616 612/612/612
f 617/617/617 621/621/621 612/612/612
f 621/621/621 620/620/620 616/616/616
f 622/622/622 617/617/617 618/618/618
f 623/623/623 618/618/618 619/619/619
f 623/623/623 622/622/622 618/618/618
f 624/624/624 619/619/619 620/620/620
f 624/624/624 623/623/623 619/619/619
f 625/625/625 620/620/620 621/621/621
f 625/625/625 624/624/624 620/620/620
f 626/626/626 621/621/621 617/617/617
f 622/622/622 626/626/626 617/617/617
f 626/626/626 625/625/625 621/621/621
f 627/627/627 622/622/622 623/623/623
f 628/628/628 623/623/623 624/624/624
f 628/628/628 627/627/627 623/623/623
f 629/629/629 624/624/624 625/625/625
f 629/629/629 628/628/628 624/624/624
f 630/630/630 625/625/625 626/626/626
f 630/630/630 629/629/629 625/625/625
f 631/631/631 626/626/626 622/622/622
f 627/627/627 631/631/631 622/622/622
f 631/631/631 630/630/630 626/626/626
f 632/632/632 627/627/627 628/628/628
f 633/633/633 628/628/628 629/629/629
f 633/633/633 632/632/632 628/628/628
f 634/634/634 629/629/629 630/630/630
f 634/634/634 633/633/633 629/629/629
f 635/635/635 630/630/630 631/631/631
f 635/635/635 634/634/634 630/630/630
f 636/636/636 631/631/631 627/627/627
f 632/632/632 636/636/636 627/627/627
f 636/636/636 635/635/635 631/631/631
f 637/637/637 632/632/632 633/633/633
f 638/638/638 633/633/633 634/634/634
f 638/638/638 637/637/637 633/633/633
f 639/639/639 634/634/634 635/635/635
f 639/639/639 638/638/638 634/634/634
f 640/640/640 635/635/635 636/636/636
f 640/640/640 639/639/639 635/635/635
f 641/641/641 636/636/636 632/632/632
f 637/637/637 641/641/641 632/632/632
f 641/641/641 640/640/640 636/636/636
f 637/637/637 638/638/638 642/642/642
f 638/638/638 639/639/639 643/643/643
f 642/642/642 638/638/638 643/643/643
f 639/639/639 640/640/640 644/644/644
f 643/643/643 639/639/639 644/644/644
f 640/640/640 641/641/641 645/645/645
f 644/644/644 640/640/640 645/645/645
f 641/641/641 637/637/637 646/646/646
f 646/646/646 637/637/637 642/642/642
f 645/645/645 641/641/641 646/646/646
f 642/642/642 643/643/643 647/647/647
f 643/643/643 644/644/644 648/648/648
f 647/647/647 643/643/643 648/648/648
f 646/646/646 642/642/642 649/649/649
f 649/649/649 642/642/642 647/647/647
f 644/644/644 645/645/645 650/650/650
f 648/648/648 644/644/644 650/650/650
f 645/645/645 646/646/646 651/651/651
f 651/651/651 646/646/646 649/649/649
f 650/650/650 645/645/645 651/651/651
f 649/649/649 647/647/647 652/652/652
f 653/653/653 649/649/649 652/652/652
f 651/651/651 649/649/649 653/653/653
f 652/652/652 647/647/647 654/654/654
f 647/647/647 648/648/648 654/654/654
f 655/655/655 651/651/651 653/653/653
f 650/650/650 651/651/651 655/655/655
f 654/654/654 648/648/648 656/656/656
f 656/656/656 650/650/650 655/655/655
f 648/648/648 650/650/650 656/656/656
f 659/659/659 658/658/658 657/657/657
f 658/658/658 660/660/660 657/657/657
f 657/657/657 660/660/660 661/661/661
f 658/658/658 662/662/662 660/660/660
f 660/660/660 663/663/663 661/661/661
f 661/661/661 663/663/663 664/664/664
f 663/663/663 665/665/665 664/664/664
f 660/660/660 666/666/666 663/663/663
f 662/662/662 666/666/666 660/660/660
f 663/663/663 667/667/667 665/665/665
f 666/666/666 667/667/667 663/663/663
f 667/667/667 668/668/668 665/665/665
f 667/667/667 669/669/669 668/668/668
f 669/669/669 670/670/670 668/668/668
f 666/666/666 671/671/671 667/667/667
f 671/671/671 669/669/669 667/667/667
f 669/669/669 672/672/672 670/670/670
f 672/672/672 673/673/673 670/670/670
f 674/674/674 672/672/672 669/669/669
f 671/671/671 674/674/674 669/669/669
f 675/675/675 671/671/671 666/666/666
f 662/662/662 675/675/675 666/666/666
f 675/675/675 676/676/676 671/671/671
f 676/676/676 677/677/677 671/671/671
f 678/678/678 675/675/675 662/662/662
f 679/679/679 676/676/676 675/675/675
f 678/678/678 679/679/679 675/675/675
f 680/680/680 678/678/678 662/662/662
f 680/680/680 662/662/662 681/681/681
f 682/682/682 680/680/680 681/681/681
f 682/682/682 681/681/681 683/683/683
f 684/684/684 682/682/682 683/683/683
f 679/679/679 684/684/684 676/676/676
f 676/676/676 685/685/685 677/677/677
f 684/684/684 685/685/685 676/676/676
f 685/685/685 686/686/686 677/677/677
f 677/677/677 686/686/686 687/687/687
f 686/686/686 688/688/688 687/687/687
f 689/689/689 679/679/679 678/678/678
f 690/690/690 678/678/678 680/680/680
f 690/690/690 689/689/689 678/678/678
f 691/691/691 680/680/680 682/682/682
f 691/691/691 690/690/690 680/680/680
f 692/692/692 682/682/682 684/684/684
f 692/692/692 691/691/691 682/682/682
f 693/693/693 684/684/684 679/679/679
f 689/689/689 693/693/693 679/679/679
f 693/693/693 692/692/692 684/684/684
f 694/694/694 689/689/689 690/690/690
f 695/695/695 690/690/690 691/691/691
f 695/695/695 694/694/694 690/690/690
f 694/694/694 696/696/696 689/689/689
f 696/696/696 693/693/693 689/689/689
f 697/697/697 694/694/694 695/695/695
f 698/698/698 694/694/694 695/695/695
f 699/699/699 695/695/695 691/691/691
f 699/699/699 691/691/691 692/692/692
f 700/700/700 692/692/692 693/693/693
f 696/696/696 700/700/700 693/693/693
f 700/700/700 699/699/699 692/692/692
f 701/701/701 700/700/700 696/696/696
f 702/702/702 700/700/700 696/696/696
f 703/703/703 695/695/695 699/699/699
f 703/703/703 697/697/697 695/695/695
f 704/704/704 699/699/699 700/700/700
f 701/701/701 704/704/704 700/700/700
f 704/704/704 703/703/703 699/699/699
f 705/705/705 703/703/703 704/704/704
f 706/706/706 705/705/705 704/704/704
f 706/706/706 704/704/704 701/701/701
f 705/705/705 707/707/707 703/703/703
f 706/706/706 707/707/707 705/705/705
f 707/707/707 697/697/697 703/703/703
f 708/708/708 706/706/706 701/701/701
f 708/708/708 707/707/707 706/706/706
f 707/707/707 709/709/709 697/697/697
f 709/709/709 707/707/707 708/708/708
f 708/708/708 701/701/701 710/710/710
f 709/709/709 708/708/708 710/710/710
f 709/709/709 710/710/710 697/697/697
f 710/710/710 701/701/701 696/696/696
f 697/697/697 710/710/710 694/694/694
f 710/710/710 696/696/696 694/694/694
f 702/702/702 711/711/711 700/700/700
f 711/711/711 699/699/699 700/700/700
f 712/712/712 700/700/700 696/696/696
f 713/713/713 699/699/699 700/700/700
f 712/712/712 713/713/713 700/700/700
f 714/714/714 696/696/696 694/694/694
f 714/714/714 702/702/702 696/696/696
f 715/715/715 712/712/712 696/696/696
f 715/715/715 696/696/696 694/694/694
f 716/716/716 711/711/711 702/702/702
f 717/717/717 702/702/702 714/714/714
f 717/717/717 716/716/716 702/702/702
f 698/698/698 714/714/714 694/694/694
f 718/718/718 717/717/717 714/714/714
f 718/718/718 714/714/714 698/698/698
f 718/718/718 719/719/719 717/717/717
f 717/717/717 719/719/719 716/716/716
f 719/719/719 718/718/718 698/698/698
f 716/716/716 720/720/720 711/711/711
f 716/716/716 719/719/719 720/720/720
f 719/719/719 698/698/698 721/721/721
f 720/720/720 719/719/719 721/721/721
f 720/720/720 721/721/721 711/711/711
f 721/721/721 698/698/698 695/695/695
f 711/711/711 721/721/721 699/699/699
f 721/721/721 695/695/695 699/699/699
f 722/722/722 694/694/694 695/695/695
f 722/722/722 715/715/715 694/694/694
f 723/723/723 695/695/695 699/699/699
f 723/723/723 722/722/722 695/695/695
f 713/713/713 723/723/723 699/699/699
f 724/724/724 715/715/715 722/722/722
f 725/725/725 722/722/722 723/723/723
f 725/725/725 724/724/724 722/722/722
f 726/726/726 723/723/723 713/713/713
f 726/726/726 725/725/725 723/723/723
f 724/724/724 727/727/727 715/715/715
f 727/727/727 712/712/712 715/715/715
f 728/728/728 713/713/713 712/712/712
f 728/728/728 726/726/726 713/713/713
f 727/727/727 728/728/728 712/712/712
f 729/729/729 725/725/725 726/726/726
f 730/730/730 724/724/724 725/725/725
f 729/729/729 730/730/730 725/725/725
f 731/731/731 726/726/726 728/728/728
f 731/731/731 729/729/729 726/726/726
f 732/732/732 728/728/728 727/727/727
f 732/732/732 731/731/731 728/728/728
f 733/733/733 727/727/727 724/724/724
f 730/730/730 733/733/733 724/724/724
f 733/733/733 732/732/732 727/727/727
f 734/734/734 729/729/729 731/731/731
f 735/735/735 730/730/730 729/729/729
f 734/734/734 735/735/735 729/729/729
f 736/736/736 731/731/731 732/732/732
f 736/736/736 734/734/734 731/731/731
f 737/737/737 732/732/732 733/733/733
f 737/737/737 736/736/736 732/732/732
f 738/738/738 733/733/733 730/730/730
f 735/735/735 738/738/738 730/730/730
f 738/738/738 737/737/737 733/733/733
f 739/739/739 734/734/734 736/736/736
f 740/740/740 735/735/735 734/734/734
f 739/739/739 740/740/740 734/734/734
f 741/741/741 736/736/736 737/737/737
f 741/741/741 739/739/739 736/736/736
f 742/742/742 737/737/737 738/738/738
f 742/742/742 741/741/741 737/737/737
f 743/743/743 738/738/738 735/735/735
f 740/740/740 743/743/743 735/735/735
f 743/743/743 742/742/742 738/738/738
f 741/741/741 744/744/744 739/739/739
f 739/739/739 745/745/745 740/740/740
f 744/744/744 745/745/745 739/739/739
f 742/742/742 746/746/746 741/741/741
f 746/746/746 744/744/744 741/741/741
f 740/740/740 747/747/747 743/743/743
f 745/745/745 747/747/747 740/740/740
f 743/743/743 748/748/748 742/742/742
f 748/748/748 746/746/746 742/742/742
f 747/747/747 748/748/748 743/743/743
f 749/749/749 745/745/745 744/744/744
f 750/750/750 744/744/744 746/746/746
f 750/750/750 749/749/749 744/744/744
f 751/751/751 746/746/746 748/748/748
f 751/751/751 750/750/750 746/746/746
f 752/752/752 748/748/748 747/747/747
f 752/752/752 751/751/751 748/748/748
f 753/753/753 747/747/747 745/745/745
f 749/749/749 753/753/753 745/745/745
f 753/753/753 752/752/752 747/747/747
f 754/754/754 749/749/749 750/750/750
f 755/755/755 750/750/750 751/751/751
f 755/755/755 754/754/754 750/750/750
f 756/756/756 751/751/751 752/752/752
f 756/756/756 755/755/755 751/751/751
f 757/757/757 752/752/752 753/753/753
f 757/757/757 756/756/756 752/752/752
f 758/758/758 753/753/753 749/749/749
f 754/754/754 758/758/758 749/749/749
f 758/758/758 757/757/757 753/753/753
f 755/755/755 759/759/759 754/754/754
f 756/756/756 760/760/760 755/755/755
f 760/760/760 759/759/759 755/755/755
f 757/757/757 761/761/761 756/756/756
f 761/761/761 760/760/760 756/756/756
f 754/754/754 762/762/762 758/758/758
f 759/759/759 762/762/762 754/754/754
f 758/758/758 763/763/763 757/757/757
f 763/763/763 761/761/761 757/757/757
f 762/762/762 763/763/763 758/758/758
f 764/764/764 759/759/759 760/760/760
f 765/765/765 760/760/760 761/761/761
f 765/765/765 764/764/764 760/760/760
f 766/766/766 761/761/761 763/763/763
f 766/766/766 765/765/765 761/761/761
f 767/767/767 762/762/762 759/759/759
f 764/764/764 767/767/767 759/759/759
f 768/768/768 763/763/763 762/762/762
f 768/768/768 766/766/766 763/763/763
f 767/767/767 768/768/768 762/762/762
f 769/769/769 764/764/764 765/765/765
f 770/770/770 765/765/765 766/766/766
f 770/770/770 769/769/769 765/765/765
f 771/771/771 766/766/766 768/768/768
f 771/771/771 770/770/770 766/766/766
f 772/772/772 767/767/767 764/764/764
f 769/769/769 772/772/772 764/764/764
f 773/773/773 768/768/768 767/767/767
f 773/773/773 771/771/771 768/768/768
f 772/772/772 773/773/773 767/767/767
f 774/774/774 769/769/769 770/770/770
f 775/775/775 770/770/770 771/771/771
f 775/775/775 774/774/774 770/770/770
f 776/776/776 771/771/771 773/773/773
f 776/776/776 775/775/775 771/771/771
f 777/777/777 772/772/772 769/769/769
f 774/774/774 777/777/777 769/769/769
f 778/778/778 773/773/773 772/772/772
f 778/778/778 776/776/776 773/773/773
f 777/777/777 778/778/778 772/772/772
f 775/775/775 779/779/779 774/774/774
f 776/776/776 780/780/780 775/775/775
f 780/780/780 779/779/779 775/775/775
f 778/778/778 781/781/781 776/776/776
f 781/781/781 780/780/780 776/776/776
f 774/774/774 782/782/782 777/777/777
f 779/779/779 782/782/782 774/774/774
f 777/777/777 783/783/783 778/778/778
f 783/783/783 781/781/781 778/778/778
f 782/782/782 783/783/783 777/777/777
f 781/781/781 784/784/784 780/780/780
f 784/784/784 785/785/785 780/780/780
f 780/780/780 785/785/785 779/779/779
f 785/785/785 786/786/786 779/779/779
f 783/783/783 787/787/787 781/781/781
f 787/787/787 788/788/788 781/781/781
f 789/789/789 787/787/787 783/783/783
f 782/782/782 789/789/789 783/783/783
f 790/790/790 789/789/789 782/782/782
f 791/791/791 790/790/790 782/782/782
f 790/790/790 792/792/792 789/789/789
f 792/792/792 790/790/790 793/793/793
f 794/794/794 792/792/792 793/793/793
f 797/797/797 796/796/796 795/795/795
f 798/798/798 796/796/796 797/797/797
f 799/799/799 796/796/796 798/798/798
f 800/800/800 799/799/799 798/798/798
f 801/801/801 800/800/800 798/798/798
f 801/801/801 798/798/798 802/802/802
f 800/800/800 803/803/803 799/799/799
f 803/803/803 804/804/804 799/799/799
f 805/805/805 801/801/801 802/802/802
f 805/805/805 802/802/802 806/806/806
f 807/807/807 806/806/806 804/804/804
f 803/803/803 807/807/807 804/804/804
f 807/807/807 805/805/805 806/806/806
f 808/808/808 803/803/803 800/800/800
f 809/809/809 800/800/800 801/801/801
f 809/809/809 808/808/808 800/800/800
f 810/810/810 801/801/801 805/805/805
f 810/810/810 809/809/809 801/801/801
f 811/811/811 805/805/805 807/807/807
f 811/811/811 810/810/810 805/805/805
f 812/812/812 807/807/807 803/803/803
f 808/808/808 812/812/812 803/803/803
f 812/812/812 811/811/811 807/807/807
f 813/813/813 808/808/808 809/809/809
f 814/814/814 809/809/809 810/810/810
f 814/814/814 813/813/813 809/809/809
f 815/815/815 810/810/810 811/811/811
f 815/815/815 814/814/814 810/810/810
f 816/816/816 811/811/811 812/812/812
f 816/816/816 815/815/815 811/811/811
f 817/817/817 812/812/812 808/808/808
f 813/813/813 817/817/817 808/808/808
f 817/817/817 816/816/816 812/812/812
f 818/818/818 813/813/813 814/814/814
f 819/819/819 814/814/814 815/815/815
f 819/819/819 818/818/818 814/814/814
f 820/820/820 815/815/815 816/816/816
f 820/820/820 819/819/819 815/815/815
f 821/821/821 816/816/816 817/817/817
f 821/821/821 820/820/820 816/816/816
f 822/822/822 817/817/817 813/813/813
f 818/818/818 822/822/822 813/813/813
f 822/822/822 821/821/821 817/817/817
f 823/823/823 818/818/818 819/819/819
f 824/824/824 819/819/819 820/820/820
f 824/824/824 823/823/823 819/819/819
f 825/825/825 820/820/820 821/821/821
f 825/825/825 824/824/824 820/820/820
f 826/826/826 821/821/821 822/822/822
f 826/826/826 825/825/825 821/821/821
f 827/827/827 822/822/822 818/818/818
f 823/823/823 827/827/827 818/818/818
f 827/827/827 826/826/826 822/822/822
f 828/828/828 824/824/824 825/825/825
f 829/829/829 828/828/828 825/825/825
f 829/829/829 825/825/825 826/826/826
f 830/830/830 829/829/829 826/826/826
f 830/830/830 826/826/826 827/827/827
f 828/828/828 831/831/831 824/824/824
f 831/831/831 823/823/823 824/824/824
f 832/832/832 830/830/830 827/827/827
f 832/832/832 827/827/827 823/823/823
f 831/831/831 832/832/832 823/823/823
f 688/688/688 832/832/832 831/831/831
f 672/672/672 688/688/688 831/831/831
f 835/835/835 834/834/834 833/833/833
f 833/833/833 834/834/834 836/836/836
f 836/836/836 834/834/834 837/837/837
f 838/838/838 836/836/836 837/837/837
f 839/839/839 838/838/838 837/837/837
f 839/839/839 837/837/837 840/840/840
f 838/838/838 841/841/841 836/836/836
f 841/841/841 842/842/842 836/836/836
f 843/843/843 839/839/839 840/840/840
f 843/843/843 840/840/840 844/844/844
f 845/845/845 844/844/844 842/842/842
f 841/841/841 845/845/845 842/842/842
f 845/845/845 843/843/843 844/844/844
f 846/846/846 841/841/841 838/838/838
f 847/847/847 838/838/838 839/839/839
f 847/847/847 846/846/846 838/838/838
f 848/848/848 839/839/839 843/843/843
f 848/848/848 847/847/847 839/839/839
f 849/849/849 843/843/843 845/845/845
f 849/849/849 848/848/848 843/843/843
f 850/850/850 845/845/845 841/841/841
f 846/846/846 850/850/850 841/841/841
f 850/850/850 849/849/849 845/845/845
f 851/851/851 846/846/846 847/847/847
f 852/852/852 847/847/847 848/848/848
f 852/852/852 851/851/851 847/847/847
f 853/853/853 848/848/848 849/849/849
f 853/853/853 852/852/852 848/848/848
f 854/854/854 849/849/849 850/850/850
f 854/854/854 853/853/853 849/849/849
f 855/855/855 850/850/850 846/846/846
f 851/851/851 855/855/855 846/846/846
f 855/855/855 854/854/854 850/850/850
f 856/856/856 851/851/851 852/852/852
f 857/857/857 852/852/852 853/853/853
f 857/857/857 856/856/856 852/852/852
f 858/858/858 853/853/853 854/854/854
f 858/858/858 857/857/857 853/853/853
f 859/859/859 854/854/854 855/855/855
f 859/859/859 858/858/858 854/854/854
f 860/860/860 855/855/855 851/851/851
f 856/856/856 860/860/860 851/851/851
f 860/860/860 859/859/859 855/855/855
f 861/861/861 856/856/856 857/857/857
f 862/862/862 857/857/857 858/858/858
f 862/862/862 861/861/861 857/857/857
f 863/863/863 858/858/858 859/859/859
f 863/863/863 862/862/862 858/858/858
f 864/864/864 859/859/859 860/860/860
f 864/864/864 863/863/863 859/859/859
f 865/865/865 860/860/860 856/856/856
f 861/861/861 865/865/865 856/856/856
f 865/865/865 864/864/864 860/860/860
f 866/866/866 861/861/861 862/862/862
f 867/867/867 862/862/862 863/863/863
f 867/867/867 866/866/866 862/862/862
f 868/868/868 863/863/863 864/864/864
f 868/868/868 867/867/867 863/863/863
f 869/869/869 864/864/864 865/865/865
f 869/869/869 868/868/868 864/864/864
f 870/870/870 865/865/865 861/861/861
f 866/866/866 870/870/870 861/861/861
f 870/870/870 869/869/869 865/865/865
f 871/871/871 866/866/866 867/867/867
f 872/872/872 871/871/871 867/867/867
f 872/872/872 867/867/867 868/868/868
f 871/871/871 873/873/873 866/866/866
f 873/873/873 870/870/870 866/866/866
f 874/874/874 872/872/872 868/868/868
f 874/874/874 868/868/868 869/869/869
f 873/873/873 875/875/875 870/870/870
f 875/875/875 869/869/869 870/870/870
f 875/875/875 874/874/874 869/869/869
f 878/878/878 877/877/877 876/876/876
f 877/877/877 879/879/879 876/876/876
f 876/876/876 879/879/879 880/880/880
f 881/881/881 877/877/877 878/878/878
f 882/882/882 881/881/881 878/878/878
f 879/879/879 883/883/883 880/880/880
f 880/880/880 883/883/883 884/884/884
f 884/884/884 885/885/885 882/882/882
f 885/885/885 881/881/881 882/882/882
f 883/883/883 885/885/885 884/884/884
f 877/877/877 886/886/886 879/879/879
f 881/881/881 887/887/887 877/877/877
f 887/887/887 886/886/886 877/877/877
f 886/886/886 888/888/888 879/879/879
f 879/879/879 888/888/888 883/883/883
f 887/887/887 888/888/888 886/886/886
f 889/889/889 887/887/887 881/881/881
f 885/885/885 889/889/889 881/881/881
f 889/889/889 888/888/888 887/887/887
f 888/888/888 890/890/890 883/883/883
f 883/883/883 890/890/890 885/885/885
f 890/890/890 889/889/889 885/885/885
f 890/890/890 888/888/888 889/889/889
f 893/893/893 892/892/892 891/891/891
f 894/894/894 893/893/893 891/891/891
f 891/891/891 892/892/892 895/895/895
f 896/896/896 893/893/893 894/894/894
f 897/897/897 896/896/896 894/894/894
f 892/892/892 898/898/898 895/895/895
f 895/895/895 898/898/898 899/899/899
f 899/899/899 900/900/900 897/897/897
f 900/900/900 896/896/896 897/897/897
f 898/898/898 900/900/900 899/899/899
f 893/893/893 901/901/901 892/892/892
f 896/896/896 902/902/902 893/893/893
f 902/902/902 901/901/901 893/893/893
f 901/901/901 903/903/903 892/892/892
f 892/892/892 903/903/903 898/898/898
f 902/902/902 903/903/903 901/901/901
f 904/904/904 902/902/902 896/896/896
f 900/900/900 904/904/904 896/896/896
f 904/904/904 903/903/903 902/902/902
f 903/903/903 905/905/905 898/898/898
f 898/898/898 905/905/905 900/900/900
f 905/905/905 904/904/904 900/900/900
f 905/905/905 903/903/903 904/904/904
f 908/908/908 907/907/907 906/906/906
f 907/907/907 909/909/909 906/906/906
f 906/906/906 909/909/909 910/910/910
f 911/911/911 907/907/907 908/908/908
f 912/912/912 911/911/911 908/908/908
f 909/909/909 913/913/913 910/910/910
f 910/910/910 913/913/913 914/914/914
f 914/914/914 915/915/915 912/912/912
f 915/915/915 911/911/911 912/912/912
f 913/913/913 915/915/915 914/914/914
f 907/907/907 916/916/916 909/909/909
f 911/911/911 917/917/917 907/907/907
f 917/917/917 916/916/916 907/907/907
f 916/916/916 918/918/918 909/909/909
f 909/909/909 918/918/918 913/913/913
f 917/917/917 918/918/918 916/916/916
f 919/919/919 917/917/917 911/911/911
f 915/915/915 919/919/919 911/911/911
f 919/919/919 918/918/918 917/917/917
f 918/918/918 920/920/920 913/913/913
f 913/913/913 920/920/920 915/915/915
f 920/920/920 919/919/919 915/915/915
f 920/920/920 918/918/918 919/919/919
f 526/526/526 514/514/514 921/921/921
f 514/514/514 922/922/922 921/921/921
f 514/514/514 512/512/512 922/922/922
f 526/526/526 921/921/921 923/923/923
f 527/527/527 526/526/526 923/923/923
f 512/512/512 924/924/924 922/922/922
f 512/512/512 511/511/511 924/924/924
f 511/511/511 527/527/527 925/925/925
f 527/527/527 923/923/923 925/925/925
f 511/511/511 925/925/925 924/924/924
f 921/921/921 922/922/922 926/926/926
f 923/923/923 921/921/921 927/927/927
f 921/921/921 926/926/926 927/927/927
f 922/922/922 924/924/924 928/928/928
f 922/922/922 928/928/928 926/926/926
f 925/925/925 923/923/923 929/929/929
f 923/923/923 927/927/927 929/929/929
f 924/924/924 925/925/925 930/930/930
f 924/924/924 930/930/930 928/928/928
f 925/925/925 929/929/929 930/930/930
f 926/926/926 928/928/928 931/931/931
f 927/927/927 926/926/926 932/932/932
f 926/926/926 931/931/931 932/932/932
f 928/928/928 930/930/930 933/933/933
f 928/928/928 933/933/933 931/931/931
f 929/929/929 927/927/927 934/934/934
f 927/927/927 932/932/932 934/934/934
f 930/930/930 929/929/929 935/935/935
f 930/930/930 935/935/935 933/933/933
f 929/929/929 934/934/934 935/935/935
f 931/931/931 933/933/933 936/936/936
f 932/932/932 931/931/931 937/937/937
f 931/931/931 936/936/936 937/937/937
f 933/933/933 935/935/935 938/938/938
f 933/933/933 938/938/938 936/936/936
f 934/934/934 932/932/932 939/939/939
f 932/932/932 937/937/937 939/939/939
f 935/935/935 934/934/934 940/940/940
f 935/935/935 940/940/940 938/938/938
f 934/934/934 939/939/939 940/940/940
f 936/936/936 938/938/938 941/941/941
f 937/937/937 936/936/936 942/942/942
f 936/936/936 941/941/941 942/942/942
f 938/938/938 940/940/940 943/943/943
f 938/938/938 943/943/943 941/941/941
f 939/939/939 937/937/937 944/944/944
f 937/937/937 942/942/942 944/944/944
f 940/940/940 939/939/939 945/945/945
f 940/940/940 945/945/945 943/943/943
f 939/939/939 944/944/944 945/945/945
f 941/941/941 943/943/943 946/946/946
f 942/942/942 941/941/941 947/947/947
f 941/941/941 946/946/946 947/947/947
f 943/943/943 945/945/945 948/948/948
f 943/943/943 948/948/948 946/946/946
f 944/944/944 942/942/942 949/949/949
f 942/942/942 947/947/947 949/949/949
f 945/945/945 944/944/944 950/950/950
f 945/945/945 950/950/950 948/948/948
f 944/944/944 949/949/949 950/950/950
f 946/946/946 948/948/948 951/951/951
f 947/947/947 946/946/946 952/952/952
f 946/946/946 951/951/951 952/952/952
f 948/948/948 950/950/950 953/953/953
f 948/948/948 953/953/953 951/951/951
f 949/949/949 947/947/947 954/954/954
f 947/947/947 952/952/952 954/954/954
f 950/950/950 949/949/949 955/955/955
f 950/950/950 955/955/955 953/953/953
f 949/949/949 954/954/954 955/955/955
f 951/951/951 953/953/953 956/956/956
f 952/952/952 951/951/951 957/957/957
f 951/951/951 956/956/956 957/957/957
f 953/953/953 955/955/955 958/958/958
f 953/953/953 958/958/958 956/956/956
f 954/954/954 952/952/952 959/959/959
f 952/952/952 957/957/957 959/959/959
f 955/955/955 954/954/954 960/960/960
f 955/955/955 960/960/960 958/958/958
f 954/954/954 959/959/959 960/960/960
f 956/956/956 958/958/958 961/961/961
f 957/957/957 956/956/956 962/962/962
f 956/956/956 961/961/961 962/962/962
f 958/958/958 960/960/960 963/963/963
f 958/958/958 963/963/963 961/961/961
f 959/959/959 957/957/957 964/964/964
f 957/957/957 962/962/962 964/964/964
f 960/960/960 959/959/959 965/965/965
f 960/960/960 965/965/965 963/963/963
f 959/959/959 964/964/964 965/965/965
f 961/961/961 963/963/963 966/966/966
f 962/962/962 961/961/961 967/967/967
f 961/961/961 966/966/966 967/967/967
f 963/963/963 965/965/965 968/968/968
f 963/963/963 968/968/968 966/966/966
f 964/964/964 962/962/962 969/969/969
f 962/962/962 967/967/967 969/969/969
f 965/965/965 964/964/964 970/970/970
f 965/965/965 970/970/970 968/968/968
f 964/964/964 969/969/969 970/970/970
f 966/966/966 968/968/968 971/971/971
f 967/967/967 966/966/966 972/972/972
f 966/966/966 971/971/971 972/972/972
f 968/968/968 970/970/970 973/973/973
f 968/968/968 973/973/973 971/971/971
f 969/969/969 967/967/967 974/974/974
f 967/967/967 972/972/972 974/974/974
f 970/970/970 969/969/969 975/975/975
f 970/970/970 975/975/975 973/973/973
f 969/969/969 974/974/974 975/975/975
f 971/971/971 973/973/973 976/976/976
f 972/972/972 971/971/971 977/977/977
f 971/971/971 976/976/976 977/977/977
f 973/973/973 975/975/975 978/978/978
f 973/973/973 978/978/978 976/976/976
f 974/974/974 972/972/972 979/979/979
f 972/972/972 977/977/977 979/979/979
f 975/975/975 974/974/974 980/980/980
f 975/975/975 980/980/980 978/978/978
f 974/974/974 979/979/979 980/980/980
f 976/976/976 978/978/978 981/981/981
f 977/977/977 976/976/976 982/982/982
f 976/976/976 981/981/981 982/982/982
f 978/978/978 980/980/980 983/983/983
f 978/978/978 983/983/983 981/981/981
f 979/979/979 977/977/977 984/984/984
f 977/977/977 982/982/982 984/984/984
f 980/980/980 979/979/979 985/985/985
f 980/980/980 985/985/985 983/983/983
f 979/979/979 984/984/984 985/985/985
f 981/981/981 983/983/983 986/986/986
f 982/982/982 981/981/981 987/987/987
f 981/981/981 986/986/986 987/987/987
f 983/983/983 985/985/985 988/988/988
f 983/983/983 988/988/988 986/986/986
f 984/984/984 982/982/982 989/989/989
f 982/982/982 987/987/987 989/989/989
f 985/985/985 984/984/984 990/990/990
f 985/985/985 990/990/990 988/988/988
f 984/984/984 989/989/989 990/990/990
f 986/986/986 988/988/988 991/991/991
f 987/987/987 986/986/986 992/992/992
f 986/986/986 991/991/991 992/992/992
f 988/988/988 990/990/990 993/993/993
f 988/988/988 993/993/993 991/991/991
f 989/989/989 987/987/987 994/994/994
f 987/987/987 992/992/992 994/994/994
f 990/990/990 989/989/989 995/995/995
f 990/990/990 995/995/995 993/993/993
f 989/989/989 994/994/994 995/995/995
f 991/991/991 993/993/993 996/996/996
f 992/992/992 991/991/991 997/997/997
f 991/991/991 996/996/996 997/997/997
f 993/993/993 995/995/995 998/998/998
f 993/993/993 998/998/998 996/996/996
f 994/994/994 992/992/992 999/999/999
f 992/992/992 997/997/997 999/999/999
f 995/995/995 994/994/994 1000/1000/1000
f 995/995/995 1000/1000/1000 998/998/998
f 994/994/994 999/999/999 1000/1000/1000
f 996/996/996 998/998/998 1001/1001/1001
f 997/997/997 996/996/996 1002/1002/1002
f 996/996/996 1001/1001/1001 1002/1002/1002
f 998/998/998 1000/1000/1000 1003/1003/1003
f 998/998/998 1003/1003/1003 1001/1001/1001
f 999/999/999 997/997/997 1004/1004/1004
f 997/997/997 1002/1002/1002 1004/1004/1004
f 1000/1000/1000 999/999/999 1005/1005/1005
f 1000/1000/1000 1005/1005/1005 1003/1003/1003
f 999/999/999 1004/1004/1004 1005/1005/1005
f 1001/1001/1001 1003/1003/1003 1006/1006/1006
f 1002/1002/1002 1001/1001/1001 1007/1007/1007
f 1001/1001/1001 1006/1006/1006 1007/1007/1007
f 1003/1003/1003 1005/1005/1005 1008/1008/1008
f 1003/1003/1003 1008/1008/1008 1006/1006/1006
f 1004/1004/1004 1002/1002/1002 1009/1009/1009
f 1002/1002/1002 1007/1007/1007 1009/1009/1009
f 1005/1005/1005 1004/1004/1004 1010/1010/1010
f 1005/1005/1005 1010/1010/1010 1008/1008/1008
f 1004/1004/1004 1009/1009/1009 1010/1010/1010
f 1006/1006/1006 1008/1008/1008 1011/1011/1011
f 1007/1007/1007 1006/1006/1006 1012/1012/1012
f 1006/1006/1006 1011/1011/1011 1012/1012/1012
f 1008/1008/1008 1010/1010/1010 1013/1013/1013
f 1008/1008/1008 1013/1013/1013 1011/1011/1011
f 1009/1009/1009 1007/1007/1007 1014/1014/1014
f 1007/1007/1007 1012/1012/1012 1014/1014/1014
f 1010/1010/1010 1009/1009/1009 1015/1015/1015
f 1010/1010/1010 1015/1015/1015 1013/1013/1013
f 1009/1009/1009 1014/1014/1014 1015/1015/1015
f 1011/1011/1011 1013/1013/1013 1016/1016/1016
f 1013/1013/1013 1017/1017/1017 1016/1016/1016
f 1013/1013/1013 1015/1015/1015 1017/1017/1017
f 1011/1011/1011 1016/1016/1016 1018/1018/1018
f 1012/1012/1012 1011/1011/1011 1018/1018/1018
f 1015/1015/1015 1019/1019/1019 1017/1017/1017
f 1015/1015/1015 1014/1014/1014 1019/1019/1019
f 1012/1012/1012 1018/1018/1018 1020/1020/1020
f 1014/1014/1014 1020/1020/1020 1019/1019/1019
f 1014/1014/1014 1012/1012/1012 1020/1020/1020
f 1023/1023/1023 1022/1022/1022 1021/1021/1021
f 1024/1024/1024 1023/1023/1023 1021/1021/1021
f 1023/1023/1023 1025/1025/1025 1022/1022/1022
f 1024/1024/1024 1021/1021/1021 1026/1026/1026
f 1025/1025/1025 1027/1027/1027 1022/1022/1022
f 1028/1028/1028 1024/1024/1024 1026/1026/1026
f 1025/1025/1025 1029/1029/1029 1027/1027/1027
f 1028/1028/1028 1026/1026/1026 1030/1030/1030
f 1029/1029/1029 1030/1030/1030 1027/1027/1027
f 1029/1029/1029 1028/1028/1028 1030/1030/1030
f 1033/1033/1033 1032/1032/1032 1031/1031/1031
f 1034/1034/1034 1033/1033/1033 1031/1031/1031
f 1033/1033/1033 1035/1035/1035 1032/1032/1032
f 1034/1034/1034 1031/1031/1031 1036/1036/1036
f 1035/1035/1035 1037/1037/1037 1032/1032/1032
f 1038/1038/1038 1034/1034/1034 1036/1036/1036
f 1035/1035/1035 1039/1039/1039 1037/1037/1037
f 1038/1038/1038 1036/1036/1036 1040/1040/1040
f 1039/1039/1039 1040/1040/1040 1037/1037/1037
f 1039/1039/1039 1038/1038/1038 1040/1040/1040
f 1043/1043/1043 1042/1042/1042 1041/1041/1041
f 1044/1044/1044 1043/1043/1043 1041/1041/1041
f 1041/1041/1041 1042/1042/1042 1045/1045/1045
f 1046/1046/1046 1043/1043/1043 1044/1044/1044
f 1047/1047/1047 1046/1046/1046 1044/1044/1044
f 1042/1042/1042 1048/1048/1048 1045/1045/1045
f 1045/1045/1045 1048/1048/1048 1049/1049/1049
f 1049/1049/1049 1050/1050/1050 1047/1047/1047
f 1050/1050/1050 1046/1046/1046 1047/1047/1047
f 1048/1048/1048 1050/1050/1050 1049/1049/1049
f 1043/1043/1043 1051/1051/1051 1042/1042/1042
f 1046/1046/1046 1052/1052/1052 1043/1043/1043
f 1052/1052/1052 1051/1051/1051 1043/1043/1043
f 1051/1051/1051 1053/1053/1053 1042/1042/1042
f 1042/1042/1042 1053/1053/1053 1048/1048/1048
f 1052/1052/1052 1053/1053/1053 1051/1051/1051
f 1054/1054/1054 1052/1052/1052 1046/1046/1046
f 1050/1050/1050 1054/1054/1054 1046/1046/1046
f 1054/1054/1054 1053/1053/1053 1052/1052/1052
f 1053/1053/1053 1055/1055/1055 1048/1048/1048
f 1048/1048/1048 1055/1055/1055 1050/1050/1050
f 1055/1055/1055 1054/1054/1054 1050/1050/1050
f 1055/1055/1055 1053/1053/1053 1054/1054/1054
f 1058/1058/1058 1057/1057/1057 1056/1056/1056
f 1058/1058/1058 1056/1056/1056 1059/1059/1059
f 1060/1060/1060 1057/1057/1057 1058/1058/1058
f 1060/1060/1060 1058/1058/1058 1059/1059/1059
f 1061/1061/1061 1057/1057/1057 1060/1060/1060
f 1060/1060/1060 1059/1059/1059 1062/1062/1062
f 1061/1061/1061 1060/1060/1060 1062/1062/1062
f 1063/1063/1063 1057/1057/1057 1061/1061/1061
f 1063/1063/1063 1061/1061/1061 1064/1064/1064
f 1061/1061/1061 1062/1062/1062 1064/1064/1064
f 1057/1057/1057 1063/1063/1063 1065/1065/1065
f 1057/1057/1057 1065/1065/1065 1056/1056/1056
f 1063/1063/1063 1064/1064/1064 1065/1065/1065
f 1059/1059/1059 1056/1056/1056 1066/1066/1066
f 1062/1062/1062 1059/1059/1059 1067/1067/1067
f 1059/1059/1059 1066/1066/1066 1067/1067/1067
f 1056/1056/1056 1065/1065/1065 1068/1068/1068
f 1056/1056/1056 1068/1068/1068 1066/1066/1066
f 1064/1064/1064 1062/1062/1062 1069/1069/1069
f 1062/1062/1062 1067/1067/1067 1069/1069/1069
f 1065/1065/1065 1064/1064/1064 1070/1070/1070
f 1065/1065/1065 1070/1070/1070 1068/1068/1068
f 1064/1064/1064 1069/1069/1069 1070/1070/1070
f 1071/1071/1071 1068/1068/1068 1066/1066/1066
f 1072/1072/1072 1066/1066/1066 1067/1067/1067
f 1072/1072/1072 1071/1071/1071 1066/1066/1066
f 1073/1073/1073 1070/1070/1070 1068/1068/1068
f 1071/1071/1071 1073/1073/1073 1068/1068/1068
f 1074/1074/1074 1067/1067/1067 1069/1069/1069
f 1074/1074/1074 1072/1072/1072 1067/1067/1067
f 1075/1075/1075 1069/1069/1069 1070/1070/1070
f 1073/1073/1073 1075/1075/1075 1070/1070/1070
f 1075/1075/1075 1074/1074/1074 1069/1069/1069
f 1076/1076/1076 1073/1073/1073 1071/1071/1071
f 1077/1077/1077 1071/1071/1071 1072/1072/1072
f 1077/1077/1077 1076/1076/1076 1071/1071/1071
f 1078/1078/1078 1077/1077/1077 1072/1072/1072
f 1078/1078/1078 1072/1072/1072 1074/1074/1074
f 1078/1078/1078 1076/1076/1076 1077/1077/1077
f 1079/1079/1079 1078/1078/1078 1074/1074/1074
f 1079/1079/1079 1074/1074/1074 1075/1075/1075
f 1079/1079/1079 1076/1076/1076 1078/1078/1078
f 1080/1080/1080 1075/1075/1075 1073/1073/1073
f 1076/1076/1076 1080/1080/1080 1073/1073/1073
f 1080/1080/1080 1079/1079/1079 1075/1075/1075
f 1080/1080/1080 1076/1076/1076 1079/1079/1079
