# Meridian RN tube mesh
v 0.0003650998882872568 -0.051143139876480115 -0.09310003747190285
v -0.0002779999307127432 -0.05249258887648012 -0.08781929687190285
v 0.0004124033332872568 -0.053418576876480106 -0.08760973437190285
v -0.0003266000527127432 -0.05052727487648012 -0.09237006677190285
v 0.00024069993028725677 -0.03364601687648011 -0.10075198487190284
v 0.0004135063102872568 -0.051563799876480076 -0.08803110947190285
v -0.00045199990171274323 -0.03374579587648008 -0.09980508317190284
v 0.0003635001082872568 -0.04990592587648013 -0.09164289017190284
v 5.7211505887256787e-05 -0.0057869548764801215 -0.10604343937190285
v 0.0015312957922872569 -0.05191808987648011 -0.08794787157190284
v -0.0002779999307127432 -0.05249258887648012 -0.08781929687190285
v 0.001530598342287257 -0.05306440587648009 -0.08768732477190284
v 0.0004124033332872568 -0.053418576876480106 -0.08760973437190285
v 0.0014819001822872569 -0.050137817876480084 -0.09192347897190285
v 0.001530598342287257 -0.05306440587648009 -0.08768732477190284
v 0.00023719996128725678 -0.033835917876480104 -0.09885451567190284
v -0.0006375974447127432 -0.005812078876480109 -0.10512248797190285
v 0.00023719996128725678 -0.033835917876480104 -0.09885451567190284
v 4.939839348725679e-05 -0.005825847876480106 -0.10419848937190285
v -0.0007320266847127432 0.020589709123519873 -0.10752021147190284
v -3.7372494712743204e-05 0.020542383123519914 -0.10844721277190285
v -0.00011550001731274321 0.04699516312351992 -0.10827750337190285
v -0.0008101999807127432 0.04711619012351992 -0.10733554137190285
v -0.0002564004937127432 0.08399662412351988 -0.10191049057190285
v -0.0009519760317127432 0.08397635812351989 -0.10096652437190284
v -0.00040989993071274323 0.1207222791235199 -0.09294478227190285
v -0.0011070000877127432 0.1205598111235199 -0.09200628477190284
v -0.0002656416577127432 0.08396729812351988 -0.10001609097190285
v -0.0004221999657127432 0.1204056891235199 -0.09105763957190285
v 0.0008540774762872568 0.08398202012351991 -0.10037281737190284
v 0.0006980997462872568 0.1204729821235199 -0.09140973907190285
v 0.0008597630842872568 0.08400014012351992 -0.10154360907190285
v 0.0007056999202872568 0.1206686051235199 -0.09257601577190284
v -0.0002564004937127432 0.08399662412351988 -0.10191049057190285
v -0.00011550001731274321 0.04699516312351992 -0.10827750337190285
v 0.0010009997822872567 0.0470552151235199 -0.10791417587190284
v -3.7372494712743204e-05 0.020542383123519914 -0.10844721277190285
v 0.0009964000922872568 0.04721337512351992 -0.10674767567190285
v 0.0010791860622872567 0.020573705123519914 -0.10808954017190285
v -0.0001229999943127432 0.04725104612351988 -0.10639014467190284
v 0.0010746050022872567 0.020640075123519896 -0.10694228487190285
v -4.4815584942743206e-05 0.02064973112351992 -0.10659105707190285
v 4.939839348725679e-05 -0.005825847876480106 -0.10419848937190285
v 0.0011689088622872568 -0.005808204876480094 -0.10454625267190285
v 0.0011737697822872567 -0.005784213876480093 -0.10568659377190284
v 0.0013581001722872568 -0.033674418876480094 -0.10038659347190285
v 0.001355899572287257 -0.0337918398764801 -0.09921390187190285
v 0.0014828001922872567 -0.050902425876480084 -0.09282409027190285
v 0.0004124033332872568 -0.053418576876480106 -0.08760973437190285
v 0.0003650998882872568 -0.051143139876480115 -0.09310003747190285
v 0.0011737697822872567 -0.005784213876480093 -0.10568659377190284
v 0.00024069993028725677 -0.03364601687648011 -0.10075198487190284
v 0.0013581001722872568 -0.033674418876480094 -0.10038659347190285
v 5.7211505887256787e-05 -0.0057869548764801215 -0.10604343937190285
v 0.0010791860622872567 0.020573705123519914 -0.10808954017190285
v -0.0008101999807127432 0.04711619012351992 -0.10733554137190285
v -0.0001229999943127432 0.04725104612351988 -0.10639014467190284
v -4.4815584942743206e-05 0.02064973112351992 -0.10659105707190285
v -0.0007320266847127432 0.020589709123519873 -0.10752021147190284
v -0.0006375974447127432 -0.005812078876480109 -0.10512248797190285
v -0.0009519760317127432 0.08397635812351989 -0.10096652437190284
v -0.0001229999943127432 0.04725104612351988 -0.10639014467190284
v 0.0003650998882872568 -0.05304649487648011 -0.07132078707190284
v -0.0002779999307127432 -0.05249121787648009 -0.08782221007190284
v 0.0004135000522872568 -0.051563799876480076 -0.08803110947190285
v -0.0003266000527127432 -0.053953170876480105 -0.07102056967190284
v 0.00024069993028725677 -0.053117215876480106 -0.05306646227190284
v 0.0004124000442872568 -0.053418576876480106 -0.08760973437190285
v -0.00045199990171274323 -0.05395811787648008 -0.05261987447190285
v 0.0003635001082872568 -0.054859310876480105 -0.07071428747190284
v -1.5327481412743207e-05 -0.05206108087648009 -0.03545297957190285
v -0.0007090277327127432 -0.05283790787648013 -0.03490528467190285
v -0.00011550001731274321 -0.03994789687648009 -0.013725971801902848
v -0.0008101999807127432 -0.04066130487648012 -0.013099073471902848
v -0.0002860000637127432 -0.02763971687648009 0.0006442330280971541
v -0.0009815996567127433 -0.028278469876480083 0.0013466347280971513
v -0.00040989993071274323 -0.009532838876480099 0.007516158728097154
v -0.0011070000877127432 -0.0100440678764801 0.008319761628097153
v -0.0004574000597127432 0.008489072123519903 0.007415140028097154
v -0.0002954000197127432 -0.028912156876480077 0.0020628366280971526
v -0.0011556994077127432 0.008180290123519895 0.00831693782809715
v -0.0004574000597127432 0.08902445412351989 0.023369122328097153
v 0.00023719996128725678 -0.05479666587648008 -0.05216317997190285
v -0.0004221999657127432 -0.010551452876480127 0.00913605842809715
v 0.0014819001822872569 -0.05451255987648013 -0.07082518187190284
v 0.001355899572287257 -0.05447402587648009 -0.05232755467190285
v -2.0827501412743207e-05 -0.053610980876480085 -0.03434517237190285
v 0.0015305995122872568 -0.05306440587648009 -0.08768732477190284
v -0.0002779999307127432 -0.05249121787648009 -0.08782221007190284
v 0.0015312992822872568 -0.05191808987648011 -0.08794787157190284
v 0.0004135000522872568 -0.051563799876480076 -0.08803110947190285
v 0.0015312992822872568 -0.05191808987648011 -0.08794787157190284
v 0.0014828001922872567 -0.0533921718764801 -0.07119997587190285
v 0.0004135000522872568 -0.051563799876480076 -0.08803110947190285
v 0.0003650998882872568 -0.05304649487648011 -0.07132078707190284
v 0.0013581001722872568 -0.05343604087648013 -0.05288575957190285
v 0.0010981720022872569 -0.0533119138764801 -0.03454677947190285
v -0.0001229999943127432 -0.041369765876480113 -0.012458777071902847
v 0.0011015717922872568 -0.05235397787648011 -0.035231479471902846
v 0.0009964000922872568 -0.0410944218764801 -0.012689880071902847
v 0.0010009997822872567 -0.040215611876480095 -0.013473075771902846
v 0.0008243000082872568 -0.028665035876480116 0.0018030368280971543
v 0.0006980997462872568 -0.010353862876480102 0.008836958528097155
v 0.0008302002862872568 -0.027878641876480093 0.0009263362280971521
v 0.0007056999202872568 -0.009724348876480104 0.007835857528097151
v 0.0006488001272872567 0.007989764123519871 0.008892036928097154
v 0.0006577998462872568 0.008371353123519887 0.007770534628097153
v 0.0010009997822872567 -0.040215611876480095 -0.013473075771902846
v 0.0009964000922872568 -0.0410944218764801 -0.012689880071902847
v -0.00040989993071274323 -0.009532838876480099 0.007516158728097154
v -0.0004574000597127432 0.008489072123519903 0.007415140028097154
v -0.0002860000637127432 -0.02763971687648009 0.0006442330280971541
v -0.00011550001731274321 -0.03994789687648009 -0.013725971801902848
v -1.5327481412743207e-05 -0.05206108087648009 -0.03545297957190285
v 0.0011015717922872568 -0.05235397787648011 -0.035231479471902846
v 0.00024069993028725677 -0.053117215876480106 -0.05306646227190284
v 0.0013581001722872568 -0.05343604087648013 -0.05288575957190285
v 0.0006577998462872568 0.08894145512351992 0.023731712228097154
v 0.0006577998462872568 0.10606700212351991 0.02672431992809715
v 0.0006488001272872567 0.10579441512351989 0.02786783502809715
v 0.0006488001272872567 0.08867907512351991 0.024877816428097152
v -0.0004574000597127432 0.10615322012351991 0.02636253462809715
v -0.0011556994077127432 0.08881342412351989 0.02429121362809715
v -0.0004719999377127432 0.007871777123519885 0.009229738228097153
v 0.0006980997462872568 -0.010353862876480102 0.008836958528097155
v 0.0006488001272872567 0.007989764123519871 0.008892036928097154
v -0.0004719999377127432 0.08859998012351988 0.025223620228097154
v -0.0011556994077127432 0.1059338751235199 0.027282524828097156
v 0.0006488001272872567 0.08867907512351991 0.024877816428097152
v 0.0006577998462872568 0.008371353123519887 0.007770534628097153
v 0.0006577998462872568 0.08894145512351992 0.023731712228097154
v -0.0004719999377127432 0.10571216012351989 0.028212931028097153
v -0.0004574000597127432 0.11917248412351988 0.028663996628097155
v -0.0011556994077127432 0.1189806761235199 0.029590204328097156
v -0.0004574000597127432 0.1318071931235199 0.030530151028097155
v -0.0004719999377127432 0.1187866631235199 0.03052678702809715
v -0.0011556994077127432 0.1316511781235199 0.03146314992809715
v 0.0006488001272872567 0.11885868012351991 0.030179496828097153
v 0.0006577998462872568 0.11909702412351988 0.02902818472809715
v -0.0004574000597127432 0.11917248412351988 0.028663996628097155
v -0.0004719999377127432 0.1314933891235199 0.03240654242809715
v -0.0004574000597127432 0.1442479941235199 0.03204021602809715
v -0.0011556994077127432 0.1441303491235199 0.032978728428097154
v -0.0004719999377127432 0.14401148212351988 0.03392789882809715
v 0.0006488001272872567 0.1315518321235199 0.03205675262809715
v 0.0006488001272872567 0.1440555751235199 0.03357591852809715
v 0.0006577998462872568 0.1317458451235199 0.03089704732809715
v 0.0006577998462872568 0.1442017551235199 0.032409213528097155
v -0.0004574000597127432 0.1442479941235199 0.03204021602809715
v -0.0008101999807127432 -0.04066130487648012 -0.013099073471902848
v -2.0827501412743207e-05 -0.053610980876480085 -0.03434517237190285
v -0.0007090277327127432 -0.05283790787648013 -0.03490528467190285
v -0.0001229999943127432 -0.041369765876480113 -0.012458777071902847
v -0.0009815996567127433 -0.028278469876480083 0.0013466347280971513
v -0.0007090277327127432 -0.05283790787648013 -0.03490528467190285
v 0.00023719996128725678 -0.05479666587648008 -0.05216317997190285
v -0.0004574000597127432 0.1903620061235199 0.03408238662809715
v -0.0011556994077127432 0.1717003731235199 0.03401441872809715
v -0.0004574000597127432 0.1717572961235199 0.03307043392809715
v -0.0011556994077127432 0.1903060081235199 0.03502648692809715
v -0.0004719999377127432 0.1716428551235199 0.03496912122809715
v -0.0004719999377127432 0.1902493981235199 0.03598118942809715
v 0.0006488001272872567 0.1716642231235199 0.034615043528097154
v 0.0006488001272872567 0.1902703051235199 0.03562707082809715
v 0.0006577998462872568 0.1717348691235199 0.03344164042809715
v -0.0004719999377127432 0.2467400731235199 0.03564508262809715
v -0.0011556994077127432 0.2466016561235199 0.034682165828097154
v 0.0006488001272872567 0.24689574512351992 0.03529658172809715
v 0.0006577998462872568 0.2468535971235199 0.034118302128097154
v 0.0006488001272872567 0.2964088022235199 0.04004572702809715
v 0.0006577998462872568 0.1903398931235199 0.03445359322809715
v -0.0004574000597127432 0.1717572961235199 0.03307043392809715
v -0.0004574000597127432 0.2466718481235199 0.03373860942809715
v 0.0006577998462872568 0.2964722775235199 0.03887171672809715
v -0.0004574000597127432 0.2964924201235199 0.03850043562809715
v 0.0006577998462872568 0.3113245740235199 0.03897957872809715
v -0.0004574000597127432 0.3113282360235199 0.03860757122809715
v 0.0006488001272872567 0.3113129772235199 0.04015545922809716
v -0.0004719999377127432 0.3113093152235199 0.04051026332809715
v -0.0004719999377127432 0.2963898815235199 0.040399927628097146
v -0.0004574000597127432 0.15727473812351989 0.033309072228097154
v 0.0006577998462872568 0.1572420891235199 0.03367947782809715
v 0.0006488001272872567 0.1716642231235199 0.034615043528097154
v -0.0011556994077127432 0.1571915741235199 0.03425118702809715
v -0.0011556994077127432 0.1717003731235199 0.03401441872809715
v 0.0006488001272872567 0.1571386311235199 0.03485066442809715
v -0.0004719999377127432 0.1716428551235199 0.03496912122809715
v -0.0004719999377127432 0.1571075021235199 0.03520398212809715
v -0.0011556994077127432 0.1441303491235199 0.032978728428097154
v -0.0004574000597127432 0.1442479941235199 0.03204021602809715
v -0.0004719999377127432 0.14401148212351988 0.03392789882809715
v 0.0006577998462872568 0.1442017551235199 0.032409213528097155
v 0.0006488001272872567 0.1440555751235199 0.03357591852809715
v -0.0004719999377127432 0.2963898815235199 0.040399927628097146
v 0.0006488001272872567 0.2964088022235199 0.04004572702809715
v 0.0006488001272872567 0.24689574512351992 0.03529658172809715
v -0.0004719999377127432 0.2467400731235199 0.03564508262809715
v -0.0011556994077127432 0.2964414544235199 0.03944483772809715
v -0.0011556994077127432 0.2466016561235199 0.034682165828097154
v -0.0011556994077127432 0.3113187738235199 0.039553690728097154
v -0.0004574000597127432 0.2964924201235199 0.03850043562809715
v -0.0004574000597127432 0.2466718481235199 0.03373860942809715
v -0.0004574000597127432 0.1903620061235199 0.03408238662809715
v -0.0011556994077127432 0.3197881076235199 0.039293069428097155
v -0.0004574000597127432 0.3197542336235199 0.03834790362809715
v -0.0004719999377127432 0.3198225926235199 0.04024899382809716
v 0.0006577998462872568 0.3197673559235199 0.038719493928097155
v 0.0006488001272872567 0.3198097739235199 0.039894495128097146
v -0.0004574000597127432 0.3292080816235199 0.038392812028097155
v -0.0011556994077127432 0.3292666767235199 0.03933672232809715
v -0.0004719999377127432 0.3293255754235199 0.04029131312809715
v 0.0006577998462872568 0.3292312752235199 0.038763906828097154
v 0.0006488001272872567 0.3293039072235199 0.03993730622809716
v -0.0004574000597127432 0.3391372812935199 0.038869861528097155
v -0.0011556994077127432 0.3392031993735199 0.039813343428097156
v -0.0004719999377127432 0.3392694229235199 0.04076736052809715
v 0.0006577998462872568 0.3391632214235199 0.03924084082809716
v 0.0006488001272872567 0.3392450083035199 0.040413547328097155
v -0.0004574000597127432 0.3508178079535199 0.03863737362809715
v -0.0011556994077127432 0.3508773171335199 0.03958128022809715
v -0.0004719999377127432 0.3509374368035199 0.04053575922809716
v 0.0006577998462872568 0.3508410011435199 0.03900846462809715
v 0.0006488001272872567 0.35091515886351987 0.04018175232809715
v -0.0004574000597127432 0.3640135322235199 0.037170812528097154
v -0.0011556994077127432 0.3640568666235199 0.03811563552809715
v -0.0004719999377127432 0.3641011175235199 0.03907091542809715
v 0.0006577998462872568 0.36403062192351987 0.03754232452809715
v 0.0006488001272872567 0.3640846386235199 0.03871664402809715
v -0.0004574000597127432 0.37835347462351987 0.03673682362809715
v -0.0011556994077127432 0.3783897906235199 0.03768179942809715
v -0.0004719999377127432 0.37842671762351987 0.038637422028097154
v 0.0006577998462872568 0.3783678170235199 0.03710841382809715
v 0.0006488001272872567 0.3784129843235199 0.038282997928097154
v -0.0004574000597127432 0.3896746933235199 0.03666047382809715
v -0.0011556994077127432 0.3897305429235199 0.037604801328097154
v -0.0004719999377127432 0.3897873051235199 0.03855958212809715
v 0.0006577998462872568 0.3896966688235199 0.03703179582809715
v 0.0006488001272872567 0.3897662461235199 0.038205500728097155
v -0.0004574000597127432 0.4017820842235199 0.03665743022809715
v -0.0011556994077127432 0.4018711969235199 0.037599127728097155
v -0.0004719999377127432 0.4019612223235199 0.03855131192809715
v 0.0006577998462872568 0.4018171802235199 0.037027724128097156
v 0.0006488001272872567 0.4019276537235199 0.038198225228097155
v -0.0004574000597127432 0.4137049988235199 0.03585047272809715
v -0.0011556994077127432 0.4138276800235199 0.03678835552809715
v -0.0004719999377127432 0.4139515832235199 0.03773688152809715
v 0.0006577998462872568 0.4137532189235199 0.03621928022809715
v 0.0006488001272872567 0.4139055013235199 0.037385050228097155
v -0.0004574000597127432 0.4248877838235199 0.034270204628097156
v -0.0011556994077127432 0.42504708472351993 0.035202592628097155
v -0.0004719999377127432 0.4252082184235199 0.03614550832809715
v 0.0006577998462872568 0.4249503463235199 0.034636795528097154
v 0.0006488001272872567 0.4251484051235199 0.035795815328097155
v -0.0004574000597127432 0.4354762360235199 0.03213911132809715
v -0.0011556994077127432 0.4356791824235199 0.03306303172809715
v -0.0004719999377127432 0.4358845651235199 0.03399744252809715
v 0.0006577998462872568 0.4355558902235199 0.03250242392809715
v 0.0006488001272872567 0.4358085766235199 0.03365091602809715
v -0.0004574000597127432 0.4448793158235199 0.030497085328097154
v -0.0011556994077127432 0.4451387152235199 0.031407196028097155
v -0.0004719999377127432 0.4454008564235199 0.03232749182809715
v 0.0006577998462872568 0.4449812397235199 0.030854884528097155
v 0.0006488001272872567 0.4453035071235199 0.03198619182809715
v -0.0004574000597127432 0.4529385491235199 0.02865679932809715
v -0.0011556994077127432 0.4532425031235199 0.02955239642809715
v -0.0004719999377127432 0.4535501231235199 0.03045800332809715
v 0.0006577998462872568 0.4530581761235199 0.029009010628097152
v 0.0006488001272872567 0.4534362931235199 0.030122198128097154
v -0.0004574000597127432 0.4601325321235199 0.026713505428097153
v -0.0011556994077127432 0.4604361801235199 0.027609217928097153
v -0.0004719999377127432 0.4607434941235199 0.028515018528097152
v 0.0006577998462872568 0.46025186012351993 0.027065716728097156
v 0.0006488001272872567 0.4606293591235199 0.028179112828097153
v -0.0004574000597127432 0.4678043501235199 0.024321313928097152
v -0.0011556994077127432 0.4680866371235199 0.02522402632809715
v -0.0004719999377127432 0.4683722781235199 0.02613672982809715
v 0.0006577998462872568 0.4679154311235199 0.02467621492809715
v 0.0006488001272872567 0.46826638312351987 0.025798212728097153
v -0.0004574000597127432 0.4736080321235199 0.022467140128097154
v -0.0011556994077127432 0.4738820791235199 0.023372251528097153
v -0.0004719999377127432 0.4741591811235199 0.024287644728097156
v 0.0006577998462872568 0.4737157521235199 0.022823050628097155
v 0.0006488001272872567 0.4740563331235199 0.023948136728097154
v -0.0004574000597127432 0.47915487012351987 0.02052123472809715
v -0.0011556994077127432 0.47943654612351994 0.02142404022809715
v -0.0004719999377127432 0.4797215761235199 0.022336933728097155
v 0.0006577998462872568 0.4792656451235199 0.020876247428097156
v 0.0006488001272872567 0.4796159861235199 0.021998435228097156
v -0.0004574000597127432 0.4852363321235199 0.01838090272809715
v -0.0011556994077127432 0.4855442491235199 0.019275296528097154
v -0.0004719999377127432 0.48585553512351987 0.020179703828097154
v 0.0006577998462872568 0.4853571801235199 0.018732503028097154
v 0.0006488001272872567 0.4857401701235199 0.01984429732809715
v -0.0004574000597127432 0.4907874761235199 0.01635551822809715
v -0.0011556994077127432 0.4911393521235199 0.017233811328097155
v -0.0004719999377127432 0.49149517712351987 0.018121913028097153
v 0.0006577998462872568 0.4909257291235199 0.01670082282809715
v 0.0006488001272872567 0.4913630341235199 0.017792511728097156
v -0.0004574000597127432 0.4962125121235199 0.013957723928097153
v -0.0011556994077127432 0.4966046661235199 0.014818526828097152
v -0.0004719999377127432 0.4970010821235199 0.01568902282809715
v 0.0006577998462872568 0.4963666201235199 0.014296218728097151
v 0.0006488001272872567 0.4968542901235199 0.015366125828097155
v -0.0004574000597127432 0.50283581012352 0.010918028628097154
v -0.0011556994077127432 0.5032429251235199 0.011771623028097151
v -0.0004719999377127432 0.5036543011235199 0.012634929228097155
v 0.0006577998462872568 0.5029957291235199 0.011253625128097154
v 0.0006488001272872567 0.5035017131235199 0.012314721928097155
v -0.0004574000597127432 0.5092433691235199 0.008003681928097153
v -0.0011556994077127432 0.5096556541235199 0.008854988928097156
v -0.0004719999377127432 0.5100722161235198 0.009715680028097154
v 0.0006577998462872568 0.5094057171235199 0.008338384328097151
v 0.0006488001272872567 0.50991779612352 0.009396486028097152
v -0.0004574000597127432 0.5147061641235199 0.004976073328097151
v -0.0011556994077127432 0.51513157812352 0.005820667328097152
v -0.0004719999377127432 0.5155618791235199 0.006674865228097154
v 0.0006577998462872568 0.5148734001235199 0.005308168028097152
v 0.0006488001272872567 0.5154022721235199 0.006358062828097151
v -0.0004574000597127432 0.5195702021235199 0.002426253628097154
v -0.0011556994077127432 0.5200179071235199 0.003259353328097153
v -0.0004719999377127432 0.5204707831235199 0.004101853828097152
v 0.0006577998462872568 0.5197462891235198 0.0027537532280971534
v 0.0006488001272872567 0.5203029361235199 0.0037893541280971527
v -0.0004574000597127432 0.5243914131235199 -0.0004593897719028482
v -0.0011556994077127432 0.5248711551235199 0.0003559123280971535
v -0.0004719999377127432 0.5253563821235199 0.0011804104280971513
v 0.0006577998462872568 0.5245800171235199 -0.0001387893719028456
v 0.0006488001272872567 0.5251763311235199 0.000874610628097152
v -0.0004574000597127432 0.5285516081235199 -0.002958521271902846
v -0.0011556994077127432 0.5290713161235199 -0.002168020271902847
v -0.0004719999377127432 0.5295971331235199 -0.0013687219719028462
v 0.0006577998462872568 0.5287557691235198 -0.0026477202719028467
v 0.0006488001272872567 0.5294021371235199 -0.001665221571902846
v -0.0004574000597127432 0.5334566231235199 -0.005998620771902847
v -0.0011556994077127432 0.5340230311235199 -0.005240619171902848
v -0.0004719999377127432 0.5345958471235199 -0.004474220771902848
v 0.0006577998462872568 0.5336793961235199 -0.005700619871902846
v 0.0006488001272872567 0.53438344612352 -0.004758421371902848
v -0.0004574000597127432 0.5372129981235199 -0.008199617271902847
v -0.0011556994077127432 0.53781753812352 -0.007472217071902848
v -0.0004719999377127432 0.5384288131235199 -0.006736613771902846
v 0.0006577998462872568 0.5374504181235199 -0.007913615571902847
v 0.0006488001272872567 0.53820206212352 -0.007009416771902848
v -0.0004574000597127432 0.5416778321235198 -0.010444529371902848
v -0.0011556994077127432 0.5423012971235199 -0.009733336071902847
v -0.0004719999377127432 0.5429314821235199 -0.009014132471902848
v 0.0006577998462872568 0.5419228821235199 -0.010164931371902847
v 0.0006488001272872567 0.5426977281235199 -0.009280832471902848
v -0.0004574000597127432 0.5465785261235199 -0.012988352171902848
v -0.0011556994077127432 0.5472044501235199 -0.012279457371902848
v -0.0004719999377127432 0.5478373761235199 -0.011562656571902847
v 0.0006577998462872568 0.5468245001235199 -0.012709659571902848
v 0.0006488001272872567 0.5476026981235199 -0.011828455171902848
v -0.0004574000597127432 0.5517149421235199 -0.015869536901902848
v -0.0011556994077127432 0.55233018112352 -0.015151133761902847
v -0.0004719999377127432 0.55295212612352 -0.014424634161902847
v 0.0006577998462872568 0.5519569511235198 -0.015587134281902847
v 0.0006488001272872567 0.5527214111235199 -0.014694037851902847
v -0.0004574000597127432 0.5561139431235199 -0.02016585483190285
v -0.0011556994077127432 0.5567041491235198 -0.01942656655190285
v -0.0004719999377127432 0.5573007611235199 -0.018678866791902848
v 0.0006577998462872568 0.5563458651235199 -0.019875155991902847
v 0.0006488001272872567 0.5570795091235199 -0.018956157381902847
v -0.0004574000597127432 0.5593667331235199 -0.02443170442690285
v -0.0011556994077127432 0.5599133071235198 -0.023658999352802846
v -0.0004719999377127432 0.56046566412352 -0.02287769212890285
v 0.0006577998462872568 0.5595815781235198 -0.024127901938902848
v 0.0006488001272872567 0.5602608921235199 -0.023167494684902847
v -0.0004574000597127432 0.56381161512352 -0.027339590941902848
v -0.0011556994077127432 0.5642687681235199 -0.026508501961902846
v -0.0004719999377127432 0.5647311061235198 -0.025668104881902847
v 0.0006577998462872568 0.5639913681235199 -0.027012804751902847
v 0.0006488001272872567 0.5645596091235199 -0.025979708411902846
v -0.0004574000597127432 0.5680838821235199 -0.029671305321902847
v -0.0011556994077127432 0.5683957781235199 -0.028774203271902846
v -0.0004719999377127432 0.5687110271235198 -0.027875210161902846
v 0.0006577998462872568 0.5682065631235199 -0.02931861765190285
v 0.0006488001272872567 0.5685941431235199 -0.028203505561902847
v -0.0004574000597127432 0.5726212411235199 -0.03132975939190285
v -0.0011556994077127432 0.5727823671235199 -0.030410574751902848
v -0.0004719999377127432 0.5729453411235199 -0.02948315255190285
v -0.0004719999377127432 0.5729453411235199 -0.02948315255190285
v -0.0004574000597127432 0.5775353761235199 -0.03241482377190285
v 0.0006488001272872567 0.57288491712352 -0.029826625711902848
v -0.0004719999377127432 0.5776183751235199 -0.030565360561902847
v 0.0006577998462872568 0.5726847201235199 -0.030967928001902848
v -0.0004574000597127432 0.5726212411235199 -0.03132975939190285
v -0.0011556994077127432 0.5775768761235199 -0.03149452805190285
v -0.0004719999377127432 0.5729453411235199 -0.02948315255190285
v -0.0004719999377127432 0.5776183751235199 -0.030565360561902847
v -0.0004574000597127432 0.5824643371235199 -0.033018644901902844
v 0.0006488001272872567 0.5776031171235199 -0.030909377151902846
v -0.0004719999377127432 0.5823660791235199 -0.03118892060190285
v 0.0006577998462872568 0.5775512461235199 -0.03205247037190285
v -0.0004574000597127432 0.5775353761235199 -0.03241482377190285
v -0.0011556994077127432 0.5824155061235199 -0.03210835345190285
v 0.0006488001272872567 0.5823843781235198 -0.031529242171902845
v 0.0006577998462872568 0.5824448021235199 -0.032660029831902845
v -0.0004574000597127432 0.5873311311235199 -0.03332598787190285
v -0.0011556994077127432 0.5872163921235198 -0.03243002575190285
v -0.0004719999377127432 0.5871004161235199 -0.031524446791902846
v 0.0006577998462872568 0.5872859661235199 -0.032972903921902844
v 0.0006488001272872567 0.5871437491235199 -0.031859499401902844
v -0.0004574000597127432 0.5922882111235199 -0.033643649871902846
v -0.0011556994077127432 0.5921283071235199 -0.03276239522190284
v -0.0004719999377127432 0.59196655412352 -0.03187139891190285
v 0.0006577998462872568 0.5922253431235199 -0.03329612408190285
v 0.0006488001272872567 0.5920263681235198 -0.03220071923190285
v -0.0004574000597127432 0.5978985731235199 -0.03296800516190285
v -0.0011556994077127432 0.5976825061235199 -0.03210209682190285
v -0.0004719999377127432 0.59746338412352 -0.031226330901902848
v 0.0006577998462872568 0.5978137251235199 -0.032626334581902845
v 0.0006488001272872567 0.5975445661235199 -0.03154988866190285
v -0.0004574000597127432 0.6033541261235199 -0.031038097101902848
v -0.0011556994077127432 0.6030471031235198 -0.030196708631902845
v -0.0004719999377127432 0.6027364431235198 -0.029345251151902847
v 0.0006577998462872568 0.6032332781235199 -0.030705789101902848
v 0.0006488001272872567 0.6028511821235198 -0.029659539461902848
v -0.0004574000597127432 0.6089322271235199 -0.028935059441902847
v -0.0011556994077127432 0.6085287931235199 -0.028128012551902847
v -0.0004719999377127432 0.6081216931235198 -0.02731092344190285
v 0.0006577998462872568 0.6087735291235199 -0.028616050721902847
v 0.0006488001272872567 0.6082724331235199 -0.027612236791902847
v -0.0004574000597127432 0.6150717141235199 -0.027047966841902846
v -0.0011556994077127432 0.6145840581235199 -0.02627958427190285
v -0.0004719999377127432 0.6140914861235198 -0.025500990221902848
v 0.0006577998462872568 0.6148800851235199 -0.026743897231902847
v 0.0006488001272872567 0.6142739951235199 -0.025787738621902846
v -0.0004574000597127432 0.6228761671235199 -0.026166886091902847
v -0.0011556994077127432 0.6223091481235199 -0.025443438441902846
v -0.0004719999377127432 0.6217360501235198 -0.024709829241902848
v 0.0006577998462872568 0.6226533951235199 -0.025880292751902848
v 0.0006488001272872567 0.6219484511235198 -0.024979685661902847
v -0.0004574000597127432 0.6321030851235199 -0.02464007272190285
v -0.0011556994077127432 0.6314573291235199 -0.02397230759390285
v -0.0004719999377127432 0.6308048661235199 -0.023294578946902848
v 0.0006577998462872568 0.6318491701235198 -0.024375070468902846
v 0.0006488001272872567 0.6310471891235199 -0.023543480783702848
v -0.0004574000597127432 0.64026805712352 -0.020538822511902848
v -0.0011556994077127432 0.6395436231235199 -0.019943890861902847
v -0.0004719999377127432 0.6388105751235199 -0.01933959964190285
v 0.0006577998462872568 0.63998305812352 -0.020305360671902847
v 0.0006488001272872567 0.6390827891235199 -0.019561746161902847
v 0.0001195108812872568 0.6446111801235199 -0.014359780591902847
v -0.0005787884987127432 0.6438152791235199 -0.013845581561902848
v 0.00010491103228725678 0.6430102291235199 -0.013332879171902847
v 0.0012347107622872567 0.6442980771235198 -0.014157580211902847
v 0.0012257110422872568 0.6433086691235199 -0.013525677871902847
v 0.0001461226532872568 0.64535275112352 -0.007190050571902848
v -0.0005521767707127432 0.6445019241235199 -0.006773352671902846
v 0.0001315227892872568 0.6436419491235199 -0.006351951471902848
v 0.0012613224822872568 0.6450182791235199 -0.007026251371902846
v 0.0012523227622872567 0.6439611611235199 -0.006508149171902847
v -0.0004574000597127432 0.6441893581235199 7.674282809715105e-05
v -0.0011556994077127432 0.6433031261235199 0.000408649428097152
v -0.0004719999377127432 0.6424064931235198 0.0007443428280971519
v 0.0006577998462872568 0.6438408191235199 0.00020724352809715213
v 0.0006488001272872567 0.6427391471235199 0.0006198510280971542
v -0.0004574000597127432 0.64461857112352 0.004529686628097152
v -0.0011556994077127432 0.6437152621235198 0.004810782128097154
v -0.0004719999377127432 0.6428021791235199 0.005095081428097153
v 0.0006577998462872568 0.6442633571235199 0.004640178728097154
v 0.0006488001272872567 0.6431409121235199 0.004989681728097151
v -0.0004574000597127432 0.6453098061235198 0.00897256652809715
v -0.0011556994077127432 0.6444101331235199 0.009264666628097155
v -0.0004719999377127432 0.6435001191235199 0.009560074628097152
v 0.0006577998462872568 0.6449564101235199 0.009087376328097155
v 0.0006488001272872567 0.6438376311235199 0.009450573428097152
v -0.0004574000597127432 0.6461014151235198 0.012726172828097154
v -0.0011556994077127432 0.6452322901235199 0.01310506462809715
v -0.0004719999377127432 0.6443533901235199 0.01348817722809715
v 0.0006577998462872568 0.6457596121235198 0.012875173228097156
v 0.0006488001272872567 0.6446793081235199 0.013346079728097156
v -0.0004574000597127432 0.6472553011235199 0.016614668028097156
v -0.0011556994077127432 0.6464594011235199 0.017144128728097154
v -0.0004719999377127432 0.6456549461235199 0.017677303428097153
v 0.0006577998462872568 0.6469421681235199 0.016819693128097155
v 0.0006488001272872567 0.64595341712352 0.017477396828097153
v -0.00045555214071274323 0.6485131381235198 0.020468417528097152
v -0.0011545243177127431 0.6478356721235199 0.02115426212809715
v -0.0004719999377127432 0.6471508441235199 0.021846756328097156
v 0.0006566052502872568 0.64824703312352 0.020733807228097152
v 0.0006488001272872567 0.6474053561235199 0.02158687262809715
v -0.00044435511171274323 0.6508949701235198 0.024098504328097153
v -0.0011438670777127432 0.65038228012352 0.024922087828097156
v -0.00046522875671274323 0.6498634811235199 0.02575975282809715
v 0.0006463712382872568 0.65069356512352 0.024419117728097156
v 0.0006411665412872568 0.65005573612352 0.02544710782809715
v -0.0004237107747127432 0.6555325091235199 0.027523558628097154
v -0.0011225038177127432 0.6552163361235199 0.028435237728097154
v -0.0004468962837127432 0.6548965271235199 0.029368046628097152
v 0.0006259904652872568 0.6554079951235199 0.027880355728097155
v 0.0006221997502872568 0.6550149321235199 0.02902209012809715
v -0.0003929136257127432 0.6593008041235199 0.028935730428097155
v -0.0010900325577127433 0.6591543261235199 0.029876720128097153
v -0.0004168298437127432 0.6590066251235198 0.030845481928097156
v 0.0005949816732872567 0.6592434351235199 0.029305279228097156
v 0.0005917306002872568 0.6590615511235198 0.030488085028097155
v -0.0003525371247127432 0.6633432511235199 0.02918702732809715
v -0.0010477620377127431 0.6633029581235199 0.030127871828097154
v -0.0003769249997127432 0.6632620691235198 0.031102526928097153
v 0.0005537172142872568 0.66332736612352 0.029556334028097153
v 0.0005513254622872568 0.6632773281235199 0.03074390812809715
v -0.0003073997617127432 0.6673884391235199 0.028589405128097156
v -0.0010011578957127433 0.6673872171235199 0.02952561522809715
v -0.00033290708571274323 0.6673853691235199 0.03050208462809715
v 0.0005071803062872568 0.6673878131235199 0.02895525102809715
v 0.0005056461852872568 0.6673859951235199 0.030142091228097155
v -0.0002675613757127432 0.6722542341235199 0.02618856732809715
v -0.0009609774967127432 0.67223653212352 0.027124300628097155
v -0.0002951138997127432 0.6722188291235198 0.02810433502809715
v 0.0004659758592872568 0.6722469331235199 0.026551838928097156
v 0.00046559564728725674 0.6722255651235198 0.02774054932809715
v -0.0002439602217127432 0.6776545641235199 0.02234199642809715
v 0.0004435342452872568 0.6776399021235199 0.02271233872809715
v 0.0004438426872872568 0.6775935291235199 0.02390107512809715
v -0.0009376272607127432 0.67761671512352 0.023279964928097155
v -0.00027332902771274323 0.6775794921235199 0.02426502482809715
v 0.0004438426872872568 0.6775935291235199 0.02390107512809715
v 0.0004435342452872568 0.6776399021235199 0.02271233872809715
v -0.0002439602217127432 0.6776545641235199 0.02234199642809715
v 3.0973071287256795e-05 0.67856580012352 0.023813515928097155
v 4.30356888725679e-06 0.67761671512352 0.02449667082809715
v -0.00012507950671274322 0.67820325512352 0.022691089628097155
v -4.801034720274321e-05 0.6770307721235199 0.02268260342809715
v 2.1957490387256796e-05 0.6766682271235198 0.023799411928097154
v 0.0055358992722872565 0.6771423221235199 0.02302640302809715
v 0.005164806342287257 0.6774938701235199 0.02194040642809715
v -0.00012507950671274322 0.67820325512352 0.022691089628097155
v 0.005670433012287257 0.6780969201235199 0.02371089532809715
v 4.30356888725679e-06 0.67761671512352 0.02449667082809715
v 0.005070031232287257 0.67866575712352 0.021953858428097155
v 3.0973071287256795e-05 0.67856580012352 0.023813515928097155
v 0.005382453172287257 0.6790380771235198 0.023048385928097152
v 0.011255058582287257 0.6777074931235199 0.02049544452809715
v 0.011484164782287257 0.6786724631235199 0.021134272228097155
v 0.010661388782287257 0.6780352591235199 0.019512102028097153
v 0.011031958382287257 0.6795965431235199 0.020545609328097153
v 0.010523517682287258 0.6792028551235199 0.01954311502809715
v 0.01669903668228726 0.6786675751235198 0.017513498628097153
v 0.016930803782287257 0.6796337661235199 0.01814902572809715
v 0.015971439082287257 0.6789703371235198 0.016620248528097153
v 0.016344640482287256 0.6805334391235198 0.017645668228097156
v 0.015752332382287258 0.6801238951235199 0.01670177652809715
v 0.021676251782287256 0.6802795231235199 0.014888964628097155
v 0.021831367282287257 0.6812225281235199 0.015575289728097151
v 0.020861867882287256 0.6805529591235199 0.014065865428097152
v 0.021112255782287256 0.6820788381235199 0.015175133928097155
v 0.020513461982287255 0.6816644071235198 0.014242708728097152
v 0.025962131182287258 0.68282407512352 0.012771770328097155
v 0.025950573482287256 0.68367064012352 0.013588935128097154
v 0.02509251058228726 0.6830621061235199 0.012000232928097154
v 0.025074848982287255 0.6844329831235199 0.01332315432809715
v 0.024544753182287257 0.68405699712352 0.012341439728097155
v 0.029293715982287256 0.6866192521235199 0.010977748828097156
v 0.029032848882287257 0.6871844231235199 0.011994995128097152
v 0.028401184882287257 0.6868267651235199 0.01023549582809715
v 0.027978859882287255 0.6877410711235199 0.011878207328097155
v 0.027588592882287256 0.6875201161235198 0.01079110802809715
v 0.03134526508228726 0.6919665341235199 0.010133583128097153
v 0.030866321282287258 0.6919616461235198 0.01124653592809715
v 0.030453704382287256 0.6921704111235198 0.009390618628097154
v 0.029678057982287256 0.6921624541235198 0.011190462828097152
v 0.029423527482287257 0.6922912601235198 0.01004412392809715
v 0.031235115682287255 0.6976550221235198 0.012013599228097152
v 0.03077466418228726 0.6969860791235198 0.01291325312809715
v 0.030342325682287258 0.69785827412352 0.011272966828097156
v 0.029596079182287256 0.6967767181235198 0.01272700352809715
v 0.029329765682287255 0.6973156631235199 0.011714573928097154
v 0.028669675882287256 0.7018401921235199 0.014582078928097153
v 0.028419198582287256 0.7008367781235199 0.015149530028097151
v 0.027790045482287258 0.7020159661235199 0.013818141028097156
v 0.027383165482287256 0.7003930511235199 0.014733999928097152
v 0.02699556578228726 0.7011212111235199 0.013913042828097154
v 0.024344742382287256 0.7047192161235198 0.017705552328097153
v 0.024244722082287257 0.7036169171235199 0.01808864252809715
v 0.023507103382287255 0.7048626541235199 0.01688247922809715
v 0.023343917082287256 0.70307922412352 0.017500218028097154
v 0.022889047982287258 0.7038488681235199 0.016756165728097155
v 0.018683424282287257 0.7065539361235199 0.02110634002809715
v 0.018676586482287257 0.70542234212352 0.02139816062809715
v 0.017929429282287256 0.7066662311235199 0.020192876428097153
v 0.017917873382287258 0.7048351761235199 0.020657978928097155
v 0.017456676882287258 0.70560422512352 0.019916355628097154
v 0.012340209482287257 0.7075237931235199 0.02489382032809715
v 0.012388638282287256 0.7063848671235199 0.02514748642809715
v 0.011763892182287256 0.7076080141235199 0.023861058028097154
v 0.011840698382287258 0.7057653661235199 0.024264175428097154
v 0.011451244382287257 0.70652097512352 0.023467544428097155
v 0.005879183842287257 0.7077789311235199 0.026798747528097154
v 0.005935935842287257 0.7066406011235199 0.027053758528097153
v 0.005657940252287256 0.7078460451235199 0.025598242928097155
v 0.005748008452287257 0.7060046191235199 0.02600347622809715
v 0.005576205052287257 0.7067492601235199 0.025106757928097155
v 1.0074116287256793e-05 0.7056957781235199 0.026385366928097155
v 7.194514187256791e-06 0.7064495681235199 0.025500644028097152
v -1.2593323812743207e-05 0.7075384261235199 0.025982439528097152
v -1.3633716612743209e-05 0.7063189451235199 0.027420025328097154
v -1.1372929312743206e-05 0.7074578701235199 0.027165416628097155
v -1.2593323812743207e-05 0.7075384261235199 0.025982439528097152
v 7.194514187256791e-06 0.7064495681235199 0.025500644028097152
v -1.3633716612743209e-05 0.7063189451235199 0.027420025328097154
v 1.0074116287256793e-05 0.7056957781235199 0.026385366928097155
v -1.2593323812743207e-05 0.7075384261235199 0.025982439528097152
v 0.030620306782287256 0.7515557711235199 0.01366416362809715
v 0.030105894482287256 0.75150206712352 0.012608464828097153
v 0.03178449538228725 0.7515350281235199 0.013502474828097154
v 0.031989591282287254 0.7514684801235199 0.012346871228097155
v 0.030952204082287257 0.7514483631235199 0.01179436962809715
v 0.030921801982287257 0.7483813461235199 0.011965572828097154
v 0.03195909608228726 0.7483813461235199 0.012519277628097153
v 0.03178449538228725 0.7515350281235199 0.013502474828097154
v 0.030075205582287257 0.7484026851235199 0.01278157532809715
v 0.030105894482287256 0.75150206712352 0.012608464828097153
v 0.031753500982287255 0.7484026851235199 0.013677362328097152
v 0.030620306782287256 0.7515557711235199 0.01366416362809715
v 0.030589198782287257 0.7484161261235198 0.013839468328097154
v 0.030891589882287258 0.7446819841235199 0.011884566428097154
v 0.03004449798228726 0.7446520921235199 0.012699369328097156
v 0.031928500282287255 0.7446496491235199 0.012437470228097151
v 0.030557993882287256 0.7446014281235198 0.013755869128097155
v 0.031722297982287255 0.7445995811235199 0.013594068628097151
v 0.030860995982287257 0.74056699912352 0.011608477728097151
v 0.030013788582287256 0.7405059631235199 0.012421160928097155
v 0.03189790818228726 0.7405138911235198 0.012160066528097153
v 0.030526904482287256 0.7404162581235199 0.01347516472809715
v 0.03169139668228726 0.7404205201235199 0.013313669728097152
v 0.030830496982287257 0.7363104221235199 0.011195670828097151
v 0.029983004582287257 0.7362292411235198 0.012006465328097154
v 0.03186719688228726 0.7362438741235199 0.01174595952809715
v 0.030496005082287257 0.7361120581235199 0.013057757128097154
v 0.031660499082287255 0.7361212071235199 0.012896779928097152
v 0.03079980808228726 0.7321813701235199 0.010705672228097152
v 0.029952297082287256 0.7320855561235199 0.01151456312809715
v 0.03183639618228726 0.7321038541235199 0.011254571428097153
v 0.030465105582287256 0.7319476311235199 0.012563470728097152
v 0.03162960158228725 0.7319592241235199 0.012402776628097155
v 0.030769195482287258 0.7284460361235199 0.01019797472809715
v 0.029921492682287255 0.7283380031235198 0.011005260028097152
v 0.031805703482287256 0.7283581491235198 0.010745462028097154
v 0.030434208082287258 0.7281829711235199 0.012051764828097153
v 0.031598700282287256 0.7281957861235199 0.011891264428097154
v 0.030738601582287257 0.7253729101235199 0.009732965428097151
v 0.02989080368228726 0.7252502441235199 0.010538171928097154
v 0.03177499588228726 0.7252728041235199 0.010278675728097153
v 0.03040330868228726 0.7250744401235198 0.011581473028097151
v 0.03156780268228725 0.72508788112352 0.011421177528097154
v 0.029866311782287255 0.6919628681235199 0.011247329428097155
v 0.031046427882287255 0.6919775311235199 0.011110857128097153
v 0.03126803238228726 0.69217589512352 0.00999243182809715
v 0.029359638782287256 0.69215208312352 0.01021487262809715
v 0.030225984782287257 0.69228330212352 0.009439293328097155
v 0.03126803238228726 0.69217589512352 0.00999243182809715
v 0.031046427882287255 0.6919775311235199 0.011110857128097153
v 0.029866311782287255 0.6919628681235199 0.011247329428097155
v 1.2140735872567907e-06 0.6770307721235199 0.02430143952809715
v 0.0001171875232872568 0.67761671512352 0.02249544482809715
v -5.5803188812743205e-05 0.6766682271235198 0.023181263328097154
v -6.112933811274321e-05 0.67820325512352 0.024310272228097153
v 6.773321028725679e-05 0.67856580012352 0.023193385428097152
v -1.3073829912743208e-05 0.7058459221235198 0.027000635828097155
v -2.159999531274321e-05 0.70706540312352 0.02556740862809715
v -6.099915512743209e-06 0.70592650812352 0.025814201728097154
v 1.3047341787256794e-05 0.7069348101235199 0.027481280228097156
v 1.046072428725679e-05 0.7076885701235198 0.026591673528097153
v -2.159999531274321e-05 0.70706540312352 0.02556740862809715
v 1.3047341787256794e-05 0.7069348101235199 0.027481280228097156
v -0.005770100207712743 0.7080029251235199 0.02621543032809715
v -0.005584116017712743 0.7073669431235199 0.025173485328097156
v -6.099915512743209e-06 0.70592650812352 0.025814201728097154
v -0.005943371367712743 0.7072582841235199 0.027118600928097154
v 1.3047341787256794e-05 0.7069348101235199 0.027481280228097156
v -0.005639395597712743 0.7062286141235199 0.02542147042809715
v -1.3073829912743208e-05 0.7058459221235198 0.027000635828097155
v -0.005861737687712743 0.7061614991235199 0.026624519328097153
v -0.012462638217712744 0.7070001061235198 0.025187585528097155
v -0.012074255317712744 0.7077557151235199 0.024388354228097153
v -0.011525235017712743 0.7071362141235199 0.023509494928097154
v -0.011572731617712743 0.7059972881235199 0.02375717462809715
v -0.012152463117712743 0.7059130671235199 0.02479621022809715
v -0.018811345017712745 0.70602843212352 0.021397974328097154
v -0.018348220617712744 0.70679748012352 0.020650263828097155
v -0.01759163651771274 0.70621031512352 0.019918292728097156
v -0.017583683017712744 0.7050787211235199 0.02020504322809715
v -0.018337072717712743 0.7049664261235199 0.02111960202809715
v -0.024445533717712742 0.7042022641235199 0.018021266928097156
v -0.02398941661771274 0.7049719091235199 0.01727524402809715
v -0.023090045817712745 0.7044335901235199 0.01668896152809715
v -0.022988490717712744 0.70333129212352 0.017069887328097152
v -0.023826550617712744 0.7031878531235198 0.017893783728097155
v -0.028709890217712742 0.7013616861235199 0.014969319128097153
v -0.028320183917712745 0.7020898161235198 0.014145180628097151
v -0.027285821617712744 0.7016460891235199 0.013732027228097153
v -0.027034398117712743 0.70064267512352 0.014298219228097153
v -0.027914745617712743 0.7004669011235198 0.015063241128097156
v -0.031182952117712742 0.6973211471235199 0.012544248228097153
v -0.030914898917712742 0.6978600921235198 0.01152919982809715
v -0.029737442617712745 0.69765073012352 0.01134463772809715
v -0.029276236817712742 0.6969817881235199 0.01224314792809715
v -0.030169732817712742 0.6967785361235199 0.012984883028097152
v -0.031283864717712745 0.6919293101235199 0.010759007228097153
v -0.031028168217712742 0.6920587121235199 0.009610764728097153
v -0.029840309117712745 0.6922588941235199 0.00955532122809715
v -0.029361002117712743 0.6922540071235199 0.01066797222809715
v -0.030253361817712744 0.69205015912352 0.011412046828097155
v -0.029329657517712743 0.6868365411235199 0.011560391628097154
v -0.028938472217712743 0.6866149901235199 0.010470777728097153
v -0.027884220617712743 0.6871722341235199 0.010354865328097151
v -0.027623655217712744 0.6877374051235199 0.01137011872809715
v -0.028517074817712745 0.6875298921235199 0.01211590692809715
v -0.026105517417712745 0.6831616161235199 0.013264823728097154
v -0.025575108717712743 0.6827856301235199 0.012284342228097156
v -0.024698827317712745 0.68354797412352 0.01201757792809715
v -0.024687845217712744 0.6843945081235199 0.012834195028097156
v -0.025557266517712743 0.6841558811235199 0.01360582182809715
v -0.021884482317712742 0.68065488312352 0.015326321128097155
v -0.021285688417712743 0.6802404521235199 0.014395851628097152
v -0.020566914117712744 0.6810967921235199 0.01399702582809715
v -0.020721582617712744 0.6820397671235199 0.01468161492809715
v -0.021535713117712744 0.6817669571235199 0.015503030228097153
v -0.016926439417712744 0.6790478531235199 0.017934020628097153
v -0.016334235617712745 0.6786376831235199 0.016992095828097152
v -0.015749137817712745 0.6795379521235199 0.016493052228097153
v -0.015979841317712743 0.6805041431235199 0.01712537932809715
v -0.016707437017712743 0.68020141112352 0.018015578428097152
v -0.011458951917712743 0.6780828831235199 0.020930964528097153
v -0.010950460017712743 0.6776891951235199 0.019932147128097155
v -0.010498306617712743 0.6786138711235199 0.01934606952809715
v -0.010727312317712743 0.6795782451235199 0.01998275892809715
v -0.011321058417712743 0.6792504791235199 0.02096226812809715
v -0.005659468857712743 0.6775091291235199 0.023504793628097154
v -0.005346411297712743 0.6771368381235199 0.02241363752809715
v -0.005059114117712743 0.6780779961235199 0.02175378052809715
v -0.005194143317712743 0.6790325941235199 0.02243716642809715
v -0.005564559637712743 0.6786810161235199 0.023518234528097155
v 1.2140735872567907e-06 0.6770307721235199 0.02430143952809715
v -5.5803188812743205e-05 0.6766682271235198 0.023181263328097154
v -6.112933811274321e-05 0.67820325512352 0.024310272228097153
v 0.0001171875232872568 0.67761671512352 0.02249544482809715
v 6.773321028725679e-05 0.67856580012352 0.023193385428097152
v -0.030396498617712743 0.7514684801235199 0.009491667128097153
v -0.03207509771771274 0.75150206712352 0.01038565862809715
v -0.03156070591771274 0.7514483631235199 0.00932995972809715
v -0.030191400917712743 0.7515350281235199 0.010647270828097154
v -0.031228808617712742 0.7515557711235199 0.01119977232809715
v -0.030160406517712745 0.7484124601235199 0.011159714328097155
v -0.031197700617712744 0.7484124601235199 0.01171332222809715
v -0.03207509771771274 0.75150206712352 0.01038565862809715
v -0.030365999717712745 0.74839109212352 0.009999148528097156
v -0.030396498617712743 0.7514684801235199 0.009491667128097153
v -0.03204429701771274 0.74839109212352 0.01089741662809715
v -0.03156070591771274 0.7514483631235199 0.00932995972809715
v -0.03153030381771274 0.7483776811235199 0.009837061128097152
v -0.03012939351771274 0.7446246151235199 0.01163972172809715
v -0.030335597617712744 0.74467405712352 0.010474488128097155
v -0.031166400717712744 0.7445916531235199 0.012196663728097155
v -0.03149999481771274 0.7446722391235199 0.010312687628097152
v -0.03201339571771274 0.7446215751235199 0.011375587428097154
v -0.030098494017712744 0.7404559251235199 0.01172243432809715
v -0.030305003717712744 0.7405487001235199 0.010554172128097151
v -0.031135290817712744 0.7404028181235198 0.012284290028097153
v -0.031469495917712746 0.7405535881235199 0.010390128928097153
v -0.03198259131771274 0.7404632571235199 0.011457879128097155
v -0.030067691517712745 0.7361633181235199 0.011696115128097151
v -0.030274409717712742 0.7362859841235199 0.010530248328097153
v -0.031104393217712745 0.7360961731235198 0.012257557328097156
v -0.031438806917712746 0.73629453812352 0.010365758128097154
v -0.03195180921771274 0.7361773551235199 0.01143125442809715
v -0.030036792117712742 0.7320074441235199 0.011534616328097151
v -0.030243702117712743 0.7321520741235199 0.010372675928097153
v -0.031073493817712742 0.7319293021235199 0.012092430128097152
v -0.03140819621771274 0.7321630721235199 0.01020828632809715
v -0.03192100481771274 0.7320257421235199 0.01126999782809715
v -0.030006008117712743 0.72825011612352 0.01131246242809715
v -0.030212992717712744 0.7284124491235199 0.01015552882809715
v -0.031042594417712743 0.7281622291235199 0.011866647728097153
v -0.031377507317712744 0.7284252641235198 0.009991664428097152
v -0.03189020041771274 0.72827026212352 0.011048916728097151
v -0.029975203717712742 0.7251507341235199 0.010893739728097152
v -0.030182398817712744 0.7253350611235199 0.009742461128097152
v -0.031011600017712745 0.7250506581235199 0.011444285528097155
v -0.031346892817712746 0.7253490981235199 0.00957964732809715
v -0.031859395917712745 0.7251727281235198 0.01063142712809715
v -0.029437972117712742 0.6920446751235199 0.010808635528097153
v -0.029660139117712744 0.6922430391235199 0.00969105212809715
v -0.030839454317712744 0.6922576721235199 0.009553361728097155
v -0.030481239717712744 0.6919372381235198 0.011363610628097154
v -0.03134744791771275 0.6920690831235199 0.010587804028097156
v -0.029437972117712742 0.6920446751235199 0.010808635528097153
v -0.029660139117712744 0.6922430391235199 0.00969105212809715
v -0.030839454317712744 0.6922576721235199 0.009553361728097155
f 3/3/3 2/2/2 1/1/1
f 2/2/2 4/4/4 1/1/1
f 1/1/1 4/4/4 5/5/5
f 2/2/2 6/6/6 4/4/4
f 4/4/4 7/7/7 5/5/5
f 6/6/6 8/8/8 4/4/4
f 4/4/4 8/8/8 7/7/7
f 5/5/5 7/7/7 9/9/9
f 6/6/6 10/10/10 8/8/8
f 6/6/6 11/11/11 10/10/10
f 11/11/11 12/12/12 10/10/10
f 12/12/12 11/11/11 13/13/13
f 10/10/10 14/14/14 8/8/8
f 10/10/10 15/15/15 14/14/14
f 8/8/8 16/16/16 7/7/7
f 8/8/8 14/14/14 16/16/16
f 7/7/7 17/17/17 9/9/9
f 7/7/7 18/18/18 17/17/17
f 18/18/18 19/19/19 17/17/17
f 9/9/9 17/17/17 20/20/20
f 21/21/21 9/9/9 20/20/20
f 21/21/21 20/20/20 22/22/22
f 20/20/20 23/23/23 22/22/22
f 22/22/22 23/23/23 24/24/24
f 23/23/23 25/25/25 24/24/24
f 24/24/24 25/25/25 26/26/26
f 25/25/25 27/27/27 26/26/26
f 25/25/25 28/28/28 27/27/27
f 28/28/28 29/29/29 27/27/27
f 28/28/28 30/30/30 29/29/29
f 30/30/30 31/31/31 29/29/29
f 30/30/30 32/32/32 31/31/31
f 32/32/32 33/33/33 31/31/31
f 34/34/34 26/26/26 33/33/33
f 32/32/32 34/34/34 33/33/33
f 35/35/35 34/34/34 32/32/32
f 36/36/36 35/35/35 32/32/32
f 36/36/36 32/32/32 30/30/30
f 37/37/37 35/35/35 36/36/36
f 38/38/38 30/30/30 28/28/28
f 38/38/38 36/36/36 30/30/30
f 39/39/39 37/37/37 36/36/36
f 39/39/39 36/36/36 38/38/38
f 40/40/40 38/38/38 28/28/28
f 41/41/41 38/38/38 40/40/40
f 41/41/41 39/39/39 38/38/38
f 42/42/42 41/41/41 40/40/40
f 42/42/42 43/43/43 41/41/41
f 41/41/41 44/44/44 39/39/39
f 43/43/43 44/44/44 41/41/41
f 44/44/44 45/45/45 39/39/39
f 46/46/46 45/45/45 44/44/44
f 47/47/47 44/44/44 43/43/43
f 47/47/47 46/46/46 44/44/44
f 16/16/16 47/47/47 43/43/43
f 14/14/14 47/47/47 16/16/16
f 14/14/14 48/48/48 47/47/47
f 48/48/48 46/46/46 47/47/47
f 15/15/15 48/48/48 14/14/14
f 15/15/15 49/49/49 48/48/48
f 49/49/49 50/50/50 48/48/48
f 48/48/48 50/50/50 46/46/46
f 50/50/50 5/5/5 46/46/46
f 53/53/53 52/52/52 51/51/51
f 52/52/52 54/54/54 51/51/51
f 51/51/51 54/54/54 37/37/37
f 55/55/55 51/51/51 37/37/37
f 58/58/58 57/57/57 56/56/56
f 59/59/59 58/58/58 56/56/56
f 59/59/59 60/60/60 58/58/58
f 60/60/60 19/19/19 58/58/58
f 56/56/56 62/62/62 61/61/61
f 62/62/62 28/28/28 61/61/61
f 65/65/65 64/64/64 63/63/63
f 64/64/64 66/66/66 63/63/63
f 63/63/63 66/66/66 67/67/67
f 64/64/64 68/68/68 66/66/66
f 66/66/66 69/69/69 67/67/67
f 68/68/68 70/70/70 66/66/66
f 66/66/66 70/70/70 69/69/69
f 67/67/67 69/69/69 71/71/71
f 69/69/69 72/72/72 71/71/71
f 71/71/71 72/72/72 73/73/73
f 72/72/72 74/74/74 73/73/73
f 73/73/73 74/74/74 75/75/75
f 74/74/74 76/76/76 75/75/75
f 75/75/75 76/76/76 77/77/77
f 76/76/76 78/78/78 77/77/77
f 77/77/77 78/78/78 79/79/79
f 76/76/76 80/80/80 78/78/78
f 78/78/78 81/81/81 79/79/79
f 79/79/79 81/81/81 82/82/82
f 70/70/70 83/83/83 69/69/69
f 80/80/80 84/84/84 78/78/78
f 78/78/78 84/84/84 81/81/81
f 70/70/70 85/85/85 83/83/83
f 85/85/85 86/86/86 83/83/83
f 83/83/83 86/86/86 87/87/87
f 88/88/88 85/85/85 70/70/70
f 68/68/68 88/88/88 70/70/70
f 68/68/68 89/89/89 88/88/88
f 89/89/89 90/90/90 88/88/88
f 90/90/90 89/89/89 91/91/91
f 88/88/88 92/92/92 85/85/85
f 92/92/92 93/93/93 85/85/85
f 85/85/85 93/93/93 86/86/86
f 92/92/92 94/94/94 93/93/93
f 94/94/94 95/95/95 93/93/93
f 93/93/93 95/95/95 96/96/96
f 93/93/93 96/96/96 86/86/86
f 95/95/95 67/67/67 96/96/96
f 86/86/86 97/97/97 87/87/87
f 86/86/86 96/96/96 97/97/97
f 87/87/87 97/97/97 98/98/98
f 96/96/96 99/99/99 97/97/97
f 97/97/97 100/100/100 98/98/98
f 97/97/97 99/99/99 100/100/100
f 99/99/99 101/101/101 100/100/100
f 98/98/98 100/100/100 80/80/80
f 100/100/100 102/102/102 80/80/80
f 80/80/80 102/102/102 84/84/84
f 102/102/102 103/103/103 84/84/84
f 102/102/102 104/104/104 103/103/103
f 104/104/104 105/105/105 103/103/103
f 103/103/103 105/105/105 106/106/106
f 105/105/105 107/107/107 106/106/106
f 108/108/108 104/104/104 102/102/102
f 109/109/109 108/108/108 102/102/102
f 105/105/105 110/110/110 107/107/107
f 110/110/110 111/111/111 107/107/107
f 112/112/112 110/110/110 105/105/105
f 104/104/104 112/112/112 105/105/105
f 113/113/113 112/112/112 104/104/104
f 108/108/108 113/113/113 104/104/104
f 114/114/114 113/113/113 108/108/108
f 115/115/115 114/114/114 108/108/108
f 116/116/116 114/114/114 115/115/115
f 117/117/117 116/116/116 115/115/115
f 107/107/107 111/111/111 118/118/118
f 111/111/111 82/82/82 118/118/118
f 118/118/118 82/82/82 119/119/119
f 118/118/118 119/119/119 120/120/120
f 121/121/121 118/118/118 120/120/120
f 82/82/82 122/122/122 119/119/119
f 82/82/82 123/123/123 122/122/122
f 81/81/81 123/123/123 82/82/82
f 81/81/81 124/124/124 123/123/123
f 84/84/84 124/124/124 81/81/81
f 84/84/84 125/125/125 124/124/124
f 125/125/125 126/126/126 124/124/124
f 124/124/124 127/127/127 123/123/123
f 124/124/124 126/126/126 127/127/127
f 123/123/123 128/128/128 122/122/122
f 123/123/123 127/127/127 128/128/128
f 126/126/126 129/129/129 127/127/127
f 126/126/126 130/130/130 129/129/129
f 130/130/130 131/131/131 129/129/129
f 127/127/127 129/129/129 132/132/132
f 127/127/127 132/132/132 128/128/128
f 129/129/129 120/120/120 132/132/132
f 122/122/122 128/128/128 133/133/133
f 128/128/128 134/134/134 133/133/133
f 128/128/128 132/132/132 134/134/134
f 133/133/133 134/134/134 135/135/135
f 132/132/132 120/120/120 136/136/136
f 132/132/132 136/136/136 134/134/134
f 134/134/134 137/137/137 135/135/135
f 134/134/134 136/136/136 137/137/137
f 120/120/120 138/138/138 136/136/136
f 120/120/120 119/119/119 138/138/138
f 119/119/119 122/122/122 139/139/139
f 119/119/119 139/139/139 138/138/138
f 122/122/122 140/140/140 139/139/139
f 136/136/136 138/138/138 141/141/141
f 136/136/136 141/141/141 137/137/137
f 135/135/135 137/137/137 142/142/142
f 137/137/137 143/143/143 142/142/142
f 137/137/137 141/141/141 143/143/143
f 141/141/141 144/144/144 143/143/143
f 138/138/138 145/145/145 141/141/141
f 141/141/141 145/145/145 144/144/144
f 138/138/138 139/139/139 145/145/145
f 145/145/145 146/146/146 144/144/144
f 139/139/139 140/140/140 147/147/147
f 139/139/139 147/147/147 145/145/145
f 145/145/145 147/147/147 146/146/146
f 140/140/140 135/135/135 147/147/147
f 147/147/147 148/148/148 146/146/146
f 147/147/147 135/135/135 148/148/148
f 135/135/135 149/149/149 148/148/148
f 152/152/152 151/151/151 150/150/150
f 151/151/151 153/153/153 150/150/150
f 150/150/150 153/153/153 154/154/154
f 153/153/153 80/80/80 154/154/154
f 156/156/156 151/151/151 155/155/155
f 69/69/69 156/156/156 155/155/155
f 159/159/159 158/158/158 157/157/157
f 158/158/158 160/160/160 157/157/157
f 158/158/158 161/161/161 160/160/160
f 161/161/161 162/162/162 160/160/160
f 161/161/161 163/163/163 162/162/162
f 163/163/163 164/164/164 162/162/162
f 163/163/163 165/165/165 164/164/164
f 160/160/160 162/162/162 166/166/166
f 167/167/167 160/160/160 166/166/166
f 166/166/166 162/162/162 168/168/168
f 162/162/162 164/164/164 168/168/168
f 168/168/168 164/164/164 169/169/169
f 168/168/168 169/169/169 170/170/170
f 165/165/165 171/171/171 164/164/164
f 164/164/164 171/171/171 169/169/169
f 172/172/172 157/157/157 171/171/171
f 165/165/165 172/172/172 171/171/171
f 171/171/171 157/157/157 173/173/173
f 169/169/169 171/171/171 173/173/173
f 169/169/169 173/173/173 174/174/174
f 169/169/169 174/174/174 170/170/170
f 173/173/173 175/175/175 174/174/174
f 174/174/174 175/175/175 176/176/176
f 175/175/175 177/177/177 176/176/176
f 170/170/170 174/174/174 178/178/178
f 174/174/174 176/176/176 178/178/178
f 170/170/170 178/178/178 179/179/179
f 180/180/180 170/170/170 179/179/179
f 181/181/181 172/172/172 165/165/165
f 182/182/182 181/181/181 165/165/165
f 182/182/182 165/165/165 183/183/183
f 181/181/181 184/184/184 172/172/172
f 184/184/184 185/185/185 172/172/172
f 186/186/186 182/182/182 183/183/183
f 186/186/186 183/183/183 187/187/187
f 188/188/188 187/187/187 185/185/185
f 184/184/184 188/188/188 185/185/185
f 188/188/188 186/186/186 187/187/187
f 189/189/189 184/184/184 181/181/181
f 190/190/190 189/189/189 181/181/181
f 190/190/190 181/181/181 182/182/182
f 189/189/189 191/191/191 184/184/184
f 191/191/191 188/188/188 184/184/184
f 192/192/192 190/190/190 182/182/182
f 192/192/192 182/182/182 186/186/186
f 191/191/191 193/193/193 188/188/188
f 193/193/193 192/192/192 186/186/186
f 193/193/193 186/186/186 188/188/188
f 196/196/196 195/195/195 194/194/194
f 197/197/197 196/196/196 194/194/194
f 197/197/197 194/194/194 198/198/198
f 199/199/199 197/197/197 198/198/198
f 198/198/198 194/194/194 200/200/200
f 194/194/194 179/179/179 200/200/200
f 199/199/199 198/198/198 201/201/201
f 202/202/202 199/199/199 201/201/201
f 202/202/202 203/203/203 199/199/199
f 203/203/203 160/160/160 199/199/199
f 201/201/201 198/198/198 177/177/177
f 198/198/198 200/200/200 177/177/177
f 200/200/200 179/179/179 204/204/204
f 177/177/177 200/200/200 205/205/205
f 200/200/200 204/204/204 205/205/205
f 179/179/179 206/206/206 204/204/204
f 179/179/179 178/178/178 206/206/206
f 177/177/177 205/205/205 207/207/207
f 176/176/176 177/177/177 207/207/207
f 178/178/178 176/176/176 208/208/208
f 178/178/178 208/208/208 206/206/206
f 176/176/176 207/207/207 208/208/208
f 205/205/205 204/204/204 209/209/209
f 204/204/204 206/206/206 210/210/210
f 204/204/204 210/210/210 209/209/209
f 206/206/206 208/208/208 211/211/211
f 206/206/206 211/211/211 210/210/210
f 207/207/207 205/205/205 212/212/212
f 205/205/205 209/209/209 212/212/212
f 208/208/208 207/207/207 213/213/213
f 208/208/208 213/213/213 211/211/211
f 207/207/207 212/212/212 213/213/213
f 209/209/209 210/210/210 214/214/214
f 210/210/210 211/211/211 215/215/215
f 210/210/210 215/215/215 214/214/214
f 211/211/211 213/213/213 216/216/216
f 211/211/211 216/216/216 215/215/215
f 212/212/212 209/209/209 217/217/217
f 209/209/209 214/214/214 217/217/217
f 213/213/213 212/212/212 218/218/218
f 213/213/213 218/218/218 216/216/216
f 212/212/212 217/217/217 218/218/218
f 214/214/214 215/215/215 219/219/219
f 215/215/215 216/216/216 220/220/220
f 215/215/215 220/220/220 219/219/219
f 216/216/216 218/218/218 221/221/221
f 216/216/216 221/221/221 220/220/220
f 217/217/217 214/214/214 222/222/222
f 214/214/214 219/219/219 222/222/222
f 218/218/218 217/217/217 223/223/223
f 218/218/218 223/223/223 221/221/221
f 217/217/217 222/222/222 223/223/223
f 219/219/219 220/220/220 224/224/224
f 220/220/220 221/221/221 225/225/225
f 220/220/220 225/225/225 224/224/224
f 221/221/221 223/223/223 226/226/226
f 221/221/221 226/226/226 225/225/225
f 222/222/222 219/219/219 227/227/227
f 219/219/219 224/224/224 227/227/227
f 223/223/223 222/222/222 228/228/228
f 223/223/223 228/228/228 226/226/226
f 222/222/222 227/227/227 228/228/228
f 224/224/224 225/225/225 229/229/229
f 225/225/225 226/226/226 230/230/230
f 225/225/225 230/230/230 229/229/229
f 226/226/226 228/228/228 231/231/231
f 226/226/226 231/231/231 230/230/230
f 227/227/227 224/224/224 232/232/232
f 224/224/224 229/229/229 232/232/232
f 228/228/228 227/227/227 233/233/233
f 228/228/228 233/233/233 231/231/231
f 227/227/227 232/232/232 233/233/233
f 229/229/229 230/230/230 234/234/234
f 230/230/230 231/231/231 235/235/235
f 230/230/230 235/235/235 234/234/234
f 231/231/231 233/233/233 236/236/236
f 231/231/231 236/236/236 235/235/235
f 232/232/232 229/229/229 237/237/237
f 229/229/229 234/234/234 237/237/237
f 233/233/233 232/232/232 238/238/238
f 233/233/233 238/238/238 236/236/236
f 232/232/232 237/237/237 238/238/238
f 234/234/234 235/235/235 239/239/239
f 235/235/235 236/236/236 240/240/240
f 235/235/235 240/240/240 239/239/239
f 236/236/236 238/238/238 241/241/241
f 236/236/236 241/241/241 240/240/240
f 237/237/237 234/234/234 242/242/242
f 234/234/234 239/239/239 242/242/242
f 238/238/238 237/237/237 243/243/243
f 238/238/238 243/243/243 241/241/241
f 237/237/237 242/242/242 243/243/243
f 239/239/239 240/240/240 244/244/244
f 240/240/240 241/241/241 245/245/245
f 240/240/240 245/245/245 244/244/244
f 241/241/241 243/243/243 246/246/246
f 241/241/241 246/246/246 245/245/245
f 242/242/242 239/239/239 247/247/247
f 239/239/239 244/244/244 247/247/247
f 243/243/243 242/242/242 248/248/248
f 243/243/243 248/248/248 246/246/246
f 242/242/242 247/247/247 248/248/248
f 244/244/244 245/245/245 249/249/249
f 245/245/245 246/246/246 250/250/250
f 245/245/245 250/250/250 249/249/249
f 246/246/246 248/248/248 251/251/251
f 246/246/246 251/251/251 250/250/250
f 247/247/247 244/244/244 252/252/252
f 244/244/244 249/249/249 252/252/252
f 248/248/248 247/247/247 253/253/253
f 248/248/248 253/253/253 251/251/251
f 247/247/247 252/252/252 253/253/253
f 249/249/249 250/250/250 254/254/254
f 250/250/250 251/251/251 255/255/255
f 250/250/250 255/255/255 254/254/254
f 251/251/251 253/253/253 256/256/256
f 251/251/251 256/256/256 255/255/255
f 252/252/252 249/249/249 257/257/257
f 249/249/249 254/254/254 257/257/257
f 253/253/253 252/252/252 258/258/258
f 253/253/253 258/258/258 256/256/256
f 252/252/252 257/257/257 258/258/258
f 254/254/254 255/255/255 259/259/259
f 255/255/255 256/256/256 260/260/260
f 255/255/255 260/260/260 259/259/259
f 256/256/256 258/258/258 261/261/261
f 256/256/256 261/261/261 260/260/260
f 257/257/257 254/254/254 262/262/262
f 254/254/254 259/259/259 262/262/262
f 258/258/258 257/257/257 263/263/263
f 258/258/258 263/263/263 261/261/261
f 257/257/257 262/262/262 263/263/263
f 259/259/259 260/260/260 264/264/264
f 260/260/260 261/261/261 265/265/265
f 260/260/260 265/265/265 264/264/264
f 261/261/261 263/263/263 266/266/266
f 261/261/261 266/266/266 265/265/265
f 262/262/262 259/259/259 267/267/267
f 259/259/259 264/264/264 267/267/267
f 263/263/263 262/262/262 268/268/268
f 263/263/263 268/268/268 266/266/266
f 262/262/262 267/267/267 268/268/268
f 264/264/264 265/265/265 269/269/269
f 265/265/265 266/266/266 270/270/270
f 265/265/265 270/270/270 269/269/269
f 266/266/266 268/268/268 271/271/271
f 266/266/266 271/271/271 270/270/270
f 267/267/267 264/264/264 272/272/272
f 264/264/264 269/269/269 272/272/272
f 268/268/268 267/267/267 273/273/273
f 268/268/268 273/273/273 271/271/271
f 267/267/267 272/272/272 273/273/273
f 269/269/269 270/270/270 274/274/274
f 270/270/270 271/271/271 275/275/275
f 270/270/270 275/275/275 274/274/274
f 271/271/271 273/273/273 276/276/276
f 271/271/271 276/276/276 275/275/275
f 272/272/272 269/269/269 277/277/277
f 269/269/269 274/274/274 277/277/277
f 273/273/273 272/272/272 278/278/278
f 273/273/273 278/278/278 276/276/276
f 272/272/272 277/277/277 278/278/278
f 274/274/274 275/275/275 279/279/279
f 275/275/275 276/276/276 280/280/280
f 275/275/275 280/280/280 279/279/279
f 276/276/276 278/278/278 281/281/281
f 276/276/276 281/281/281 280/280/280
f 277/277/277 274/274/274 282/282/282
f 274/274/274 279/279/279 282/282/282
f 278/278/278 277/277/277 283/283/283
f 278/278/278 283/283/283 281/281/281
f 277/277/277 282/282/282 283/283/283
f 279/279/279 280/280/280 284/284/284
f 280/280/280 281/281/281 285/285/285
f 280/280/280 285/285/285 284/284/284
f 281/281/281 283/283/283 286/286/286
f 281/281/281 286/286/286 285/285/285
f 282/282/282 279/279/279 287/287/287
f 279/279/279 284/284/284 287/287/287
f 283/283/283 282/282/282 288/288/288
f 283/283/283 288/288/288 286/286/286
f 282/282/282 287/287/287 288/288/288
f 284/284/284 285/285/285 289/289/289
f 285/285/285 286/286/286 290/290/290
f 285/285/285 290/290/290 289/289/289
f 286/286/286 288/288/288 291/291/291
f 286/286/286 291/291/291 290/290/290
f 287/287/287 284/284/284 292/292/292
f 284/284/284 289/289/289 292/292/292
f 288/288/288 287/287/287 293/293/293
f 288/288/288 293/293/293 291/291/291
f 287/287/287 292/292/292 293/293/293
f 289/289/289 290/290/290 294/294/294
f 290/290/290 291/291/291 295/295/295
f 290/290/290 295/295/295 294/294/294
f 291/291/291 293/293/293 296/296/296
f 291/291/291 296/296/296 295/295/295
f 292/292/292 289/289/289 297/297/297
f 289/289/289 294/294/294 297/297/297
f 293/293/293 292/292/292 298/298/298
f 293/293/293 298/298/298 296/296/296
f 292/292/292 297/297/297 298/298/298
f 294/294/294 295/295/295 299/299/299
f 295/295/295 296/296/296 300/300/300
f 295/295/295 300/300/300 299/299/299
f 296/296/296 298/298/298 301/301/301
f 296/296/296 301/301/301 300/300/300
f 297/297/297 294/294/294 302/302/302
f 294/294/294 299/299/299 302/302/302
f 298/298/298 297/297/297 303/303/303
f 298/298/298 303/303/303 301/301/301
f 297/297/297 302/302/302 303/303/303
f 299/299/299 300/300/300 304/304/304
f 300/300/300 301/301/301 305/305/305
f 300/300/300 305/305/305 304/304/304
f 301/301/301 303/303/303 306/306/306
f 301/301/301 306/306/306 305/305/305
f 302/302/302 299/299/299 307/307/307
f 299/299/299 304/304/304 307/307/307
f 303/303/303 302/302/302 308/308/308
f 303/303/303 308/308/308 306/306/306
f 302/302/302 307/307/307 308/308/308
f 304/304/304 305/305/305 309/309/309
f 305/305/305 306/306/306 310/310/310
f 305/305/305 310/310/310 309/309/309
f 306/306/306 308/308/308 311/311/311
f 306/306/306 311/311/311 310/310/310
f 307/307/307 304/304/304 312/312/312
f 304/304/304 309/309/309 312/312/312
f 308/308/308 307/307/307 313/313/313
f 308/308/308 313/313/313 311/311/311
f 307/307/307 312/312/312 313/313/313
f 309/309/309 310/310/310 314/314/314
f 310/310/310 311/311/311 315/315/315
f 310/310/310 315/315/315 314/314/314
f 311/311/311 313/313/313 316/316/316
f 311/311/311 316/316/316 315/315/315
f 312/312/312 309/309/309 317/317/317
f 309/309/309 314/314/314 317/317/317
f 313/313/313 312/312/312 318/318/318
f 313/313/313 318/318/318 316/316/316
f 312/312/312 317/317/317 318/318/318
f 314/314/314 315/315/315 319/319/319
f 315/315/315 316/316/316 320/320/320
f 315/315/315 320/320/320 319/319/319
f 316/316/316 318/318/318 321/321/321
f 316/316/316 321/321/321 320/320/320
f 317/317/317 314/314/314 322/322/322
f 314/314/314 319/319/319 322/322/322
f 318/318/318 317/317/317 323/323/323
f 318/318/318 323/323/323 321/321/321
f 317/317/317 322/322/322 323/323/323
f 319/319/319 320/320/320 324/324/324
f 320/320/320 321/321/321 325/325/325
f 320/320/320 325/325/325 324/324/324
f 321/321/321 323/323/323 326/326/326
f 321/321/321 326/326/326 325/325/325
f 322/322/322 319/319/319 327/327/327
f 319/319/319 324/324/324 327/327/327
f 323/323/323 322/322/322 328/328/328
f 323/323/323 328/328/328 326/326/326
f 322/322/322 327/327/327 328/328/328
f 324/324/324 325/325/325 329/329/329
f 325/325/325 326/326/326 330/330/330
f 325/325/325 330/330/330 329/329/329
f 326/326/326 328/328/328 331/331/331
f 326/326/326 331/331/331 330/330/330
f 327/327/327 324/324/324 332/332/332
f 324/324/324 329/329/329 332/332/332
f 328/328/328 327/327/327 333/333/333
f 328/328/328 333/333/333 331/331/331
f 327/327/327 332/332/332 333/333/333
f 329/329/329 330/330/330 334/334/334
f 330/330/330 331/331/331 335/335/335
f 330/330/330 335/335/335 334/334/334
f 331/331/331 333/333/333 336/336/336
f 331/331/331 336/336/336 335/335/335
f 332/332/332 329/329/329 337/337/337
f 329/329/329 334/334/334 337/337/337
f 333/333/333 332/332/332 338/338/338
f 333/333/333 338/338/338 336/336/336
f 332/332/332 337/337/337 338/338/338
f 334/334/334 335/335/335 339/339/339
f 335/335/335 336/336/336 340/340/340
f 335/335/335 340/340/340 339/339/339
f 336/336/336 338/338/338 341/341/341
f 336/336/336 341/341/341 340/340/340
f 337/337/337 334/334/334 342/342/342
f 334/334/334 339/339/339 342/342/342
f 338/338/338 337/337/337 343/343/343
f 338/338/338 343/343/343 341/341/341
f 337/337/337 342/342/342 343/343/343
f 339/339/339 340/340/340 344/344/344
f 340/340/340 341/341/341 345/345/345
f 340/340/340 345/345/345 344/344/344
f 341/341/341 343/343/343 346/346/346
f 341/341/341 346/346/346 345/345/345
f 342/342/342 339/339/339 347/347/347
f 339/339/339 344/344/344 347/347/347
f 343/343/343 342/342/342 348/348/348
f 343/343/343 348/348/348 346/346/346
f 342/342/342 347/347/347 348/348/348
f 344/344/344 345/345/345 349/349/349
f 345/345/345 346/346/346 350/350/350
f 345/345/345 350/350/350 349/349/349
f 346/346/346 348/348/348 351/351/351
f 346/346/346 351/351/351 350/350/350
f 347/347/347 344/344/344 352/352/352
f 344/344/344 349/349/349 352/352/352
f 348/348/348 347/347/347 353/353/353
f 348/348/348 353/353/353 351/351/351
f 347/347/347 352/352/352 353/353/353
f 349/349/349 350/350/350 354/354/354
f 350/350/350 351/351/351 355/355/355
f 350/350/350 355/355/355 354/354/354
f 351/351/351 353/353/353 356/356/356
f 351/351/351 356/356/356 355/355/355
f 352/352/352 349/349/349 357/357/357
f 349/349/349 354/354/354 357/357/357
f 353/353/353 352/352/352 358/358/358
f 353/353/353 358/358/358 356/356/356
f 352/352/352 357/357/357 358/358/358
f 354/354/354 355/355/355 359/359/359
f 355/355/355 356/356/356 360/360/360
f 355/355/355 360/360/360 359/359/359
f 356/356/356 358/358/358 361/361/361
f 356/356/356 361/361/361 360/360/360
f 357/357/357 354/354/354 362/362/362
f 354/354/354 359/359/359 362/362/362
f 358/358/358 357/357/357 363/363/363
f 358/358/358 363/363/363 361/361/361
f 357/357/357 362/362/362 363/363/363
f 359/359/359 360/360/360 364/364/364
f 360/360/360 361/361/361 365/365/365
f 360/360/360 365/365/365 364/364/364
f 361/361/361 363/363/363 366/366/366
f 361/361/361 366/366/366 365/365/365
f 362/362/362 359/359/359 367/367/367
f 359/359/359 364/364/364 367/367/367
f 363/363/363 362/362/362 368/368/368
f 363/363/363 368/368/368 366/366/366
f 362/362/362 367/367/367 368/368/368
f 364/364/364 365/365/365 369/369/369
f 365/365/365 366/366/366 370/370/370
f 365/365/365 370/370/370 369/369/369
f 366/366/366 368/368/368 371/371/371
f 366/366/366 371/371/371 370/370/370
f 367/367/367 364/364/364 372/372/372
f 364/364/364 369/369/369 372/372/372
f 368/368/368 367/367/367 373/373/373
f 368/368/368 373/373/373 371/371/371
f 367/367/367 372/372/372 373/373/373
f 369/369/369 370/370/370 374/374/374
f 370/370/370 371/371/371 375/375/375
f 370/370/370 375/375/375 374/374/374
f 371/371/371 373/373/373 376/376/376
f 371/371/371 376/376/376 375/375/375
f 372/372/372 369/369/369 377/377/377
f 369/369/369 374/374/374 377/377/377
f 373/373/373 372/372/372 378/378/378
f 373/373/373 378/378/378 376/376/376
f 372/372/372 377/377/377 378/378/378
f 374/374/374 375/375/375 379/379/379
f 375/375/375 380/380/380 379/379/379
f 375/375/375 376/376/376 380/380/380
f 376/376/376 381/381/381 380/380/380
f 376/376/376 378/378/378 382/382/382
f 379/379/379 380/380/380 383/383/383
f 378/378/378 384/384/384 382/382/382
f 378/378/378 377/377/377 384/384/384
f 382/382/382 384/384/384 385/385/385
f 377/377/377 374/374/374 386/386/386
f 377/377/377 386/386/386 384/384/384
f 374/374/374 387/387/387 386/386/386
f 380/380/380 388/388/388 383/383/383
f 380/380/380 389/389/389 388/388/388
f 389/389/389 390/390/390 388/388/388
f 383/383/383 388/388/388 391/391/391
f 384/384/384 392/392/392 385/385/385
f 384/384/384 386/386/386 392/392/392
f 385/385/385 392/392/392 393/393/393
f 386/386/386 387/387/387 394/394/394
f 386/386/386 394/394/394 392/392/392
f 387/387/387 395/395/395 394/394/394
f 388/388/388 390/390/390 396/396/396
f 388/388/388 396/396/396 391/391/391
f 390/390/390 393/393/393 396/396/396
f 392/392/392 394/394/394 397/397/397
f 392/392/392 397/397/397 393/393/393
f 394/394/394 395/395/395 398/398/398
f 395/395/395 391/391/391 398/398/398
f 394/394/394 398/398/398 397/397/397
f 391/391/391 396/396/396 399/399/399
f 396/396/396 393/393/393 400/400/400
f 396/396/396 400/400/400 399/399/399
f 393/393/393 397/397/397 401/401/401
f 393/393/393 401/401/401 400/400/400
f 398/398/398 391/391/391 402/402/402
f 391/391/391 399/399/399 402/402/402
f 397/397/397 398/398/398 403/403/403
f 397/397/397 403/403/403 401/401/401
f 398/398/398 402/402/402 403/403/403
f 399/399/399 400/400/400 404/404/404
f 400/400/400 401/401/401 405/405/405
f 400/400/400 405/405/405 404/404/404
f 401/401/401 403/403/403 406/406/406
f 401/401/401 406/406/406 405/405/405
f 402/402/402 399/399/399 407/407/407
f 399/399/399 404/404/404 407/407/407
f 403/403/403 402/402/402 408/408/408
f 403/403/403 408/408/408 406/406/406
f 402/402/402 407/407/407 408/408/408
f 404/404/404 405/405/405 409/409/409
f 405/405/405 406/406/406 410/410/410
f 405/405/405 410/410/410 409/409/409
f 406/406/406 408/408/408 411/411/411
f 406/406/406 411/411/411 410/410/410
f 407/407/407 404/404/404 412/412/412
f 404/404/404 409/409/409 412/412/412
f 408/408/408 407/407/407 413/413/413
f 408/408/408 413/413/413 411/411/411
f 407/407/407 412/412/412 413/413/413
f 409/409/409 410/410/410 414/414/414
f 410/410/410 411/411/411 415/415/415
f 410/410/410 415/415/415 414/414/414
f 411/411/411 413/413/413 416/416/416
f 411/411/411 416/416/416 415/415/415
f 412/412/412 409/409/409 417/417/417
f 409/409/409 414/414/414 417/417/417
f 413/413/413 412/412/412 418/418/418
f 413/413/413 418/418/418 416/416/416
f 412/412/412 417/417/417 418/418/418
f 414/414/414 415/415/415 419/419/419
f 415/415/415 416/416/416 420/420/420
f 415/415/415 420/420/420 419/419/419
f 416/416/416 418/418/418 421/421/421
f 416/416/416 421/421/421 420/420/420
f 417/417/417 414/414/414 422/422/422
f 414/414/414 419/419/419 422/422/422
f 418/418/418 417/417/417 423/423/423
f 418/418/418 423/423/423 421/421/421
f 417/417/417 422/422/422 423/423/423
f 419/419/419 420/420/420 424/424/424
f 420/420/420 421/421/421 425/425/425
f 420/420/420 425/425/425 424/424/424
f 421/421/421 423/423/423 426/426/426
f 421/421/421 426/426/426 425/425/425
f 422/422/422 419/419/419 427/427/427
f 419/419/419 424/424/424 427/427/427
f 423/423/423 422/422/422 428/428/428
f 423/423/423 428/428/428 426/426/426
f 422/422/422 427/427/427 428/428/428
f 424/424/424 425/425/425 429/429/429
f 425/425/425 426/426/426 430/430/430
f 425/425/425 430/430/430 429/429/429
f 426/426/426 428/428/428 431/431/431
f 426/426/426 431/431/431 430/430/430
f 427/427/427 424/424/424 432/432/432
f 424/424/424 429/429/429 432/432/432
f 428/428/428 427/427/427 433/433/433
f 428/428/428 433/433/433 431/431/431
f 427/427/427 432/432/432 433/433/433
f 429/429/429 430/430/430 434/434/434
f 430/430/430 431/431/431 435/435/435
f 430/430/430 435/435/435 434/434/434
f 431/431/431 433/433/433 436/436/436
f 431/431/431 436/436/436 435/435/435
f 432/432/432 429/429/429 437/437/437
f 429/429/429 434/434/434 437/437/437
f 433/433/433 432/432/432 438/438/438
f 433/433/433 438/438/438 436/436/436
f 432/432/432 437/437/437 438/438/438
f 434/434/434 435/435/435 439/439/439
f 435/435/435 436/436/436 440/440/440
f 435/435/435 440/440/440 439/439/439
f 436/436/436 438/438/438 441/441/441
f 436/436/436 441/441/441 440/440/440
f 437/437/437 434/434/434 442/442/442
f 434/434/434 439/439/439 442/442/442
f 438/438/438 437/437/437 443/443/443
f 438/438/438 443/443/443 441/441/441
f 437/437/437 442/442/442 443/443/443
f 439/439/439 440/440/440 444/444/444
f 440/440/440 441/441/441 445/445/445
f 440/440/440 445/445/445 444/444/444
f 441/441/441 443/443/443 446/446/446
f 441/441/441 446/446/446 445/445/445
f 442/442/442 439/439/439 447/447/447
f 439/439/439 444/444/444 447/447/447
f 443/443/443 442/442/442 448/448/448
f 443/443/443 448/448/448 446/446/446
f 442/442/442 447/447/447 448/448/448
f 444/444/444 445/445/445 449/449/449
f 445/445/445 446/446/446 450/450/450
f 445/445/445 450/450/450 449/449/449
f 446/446/446 448/448/448 451/451/451
f 446/446/446 451/451/451 450/450/450
f 447/447/447 444/444/444 452/452/452
f 444/444/444 449/449/449 452/452/452
f 448/448/448 447/447/447 453/453/453
f 448/448/448 453/453/453 451/451/451
f 447/447/447 452/452/452 453/453/453
f 449/449/449 450/450/450 454/454/454
f 450/450/450 451/451/451 455/455/455
f 450/450/450 455/455/455 454/454/454
f 451/451/451 453/453/453 456/456/456
f 451/451/451 456/456/456 455/455/455
f 452/452/452 449/449/449 457/457/457
f 449/449/449 454/454/454 457/457/457
f 453/453/453 452/452/452 458/458/458
f 453/453/453 458/458/458 456/456/456
f 452/452/452 457/457/457 458/458/458
f 454/454/454 455/455/455 459/459/459
f 455/455/455 456/456/456 460/460/460
f 455/455/455 460/460/460 459/459/459
f 456/456/456 458/458/458 461/461/461
f 456/456/456 461/461/461 460/460/460
f 457/457/457 454/454/454 462/462/462
f 454/454/454 459/459/459 462/462/462
f 458/458/458 457/457/457 463/463/463
f 458/458/458 463/463/463 461/461/461
f 457/457/457 462/462/462 463/463/463
f 459/459/459 460/460/460 464/464/464
f 460/460/460 461/461/461 465/465/465
f 460/460/460 465/465/465 464/464/464
f 461/461/461 463/463/463 466/466/466
f 461/461/461 466/466/466 465/465/465
f 462/462/462 459/459/459 467/467/467
f 459/459/459 464/464/464 467/467/467
f 463/463/463 462/462/462 468/468/468
f 463/463/463 468/468/468 466/466/466
f 462/462/462 467/467/467 468/468/468
f 464/464/464 465/465/465 469/469/469
f 465/465/465 466/466/466 470/470/470
f 465/465/465 470/470/470 469/469/469
f 466/466/466 468/468/468 471/471/471
f 466/466/466 471/471/471 470/470/470
f 467/467/467 464/464/464 472/472/472
f 464/464/464 469/469/469 472/472/472
f 468/468/468 467/467/467 473/473/473
f 468/468/468 473/473/473 471/471/471
f 467/467/467 472/472/472 473/473/473
f 469/469/469 470/470/470 474/474/474
f 470/470/470 471/471/471 475/475/475
f 470/470/470 475/475/475 474/474/474
f 471/471/471 473/473/473 476/476/476
f 471/471/471 476/476/476 475/475/475
f 472/472/472 469/469/469 477/477/477
f 469/469/469 474/474/474 477/477/477
f 473/473/473 472/472/472 478/478/478
f 473/473/473 478/478/478 476/476/476
f 472/472/472 477/477/477 478/478/478
f 474/474/474 475/475/475 479/479/479
f 475/475/475 476/476/476 480/480/480
f 475/475/475 480/480/480 479/479/479
f 476/476/476 478/478/478 481/481/481
f 476/476/476 481/481/481 480/480/480
f 477/477/477 474/474/474 482/482/482
f 474/474/474 479/479/479 482/482/482
f 478/478/478 477/477/477 483/483/483
f 478/478/478 483/483/483 481/481/481
f 477/477/477 482/482/482 483/483/483
f 479/479/479 480/480/480 484/484/484
f 480/480/480 481/481/481 485/485/485
f 480/480/480 485/485/485 484/484/484
f 481/481/481 483/483/483 486/486/486
f 481/481/481 486/486/486 485/485/485
f 482/482/482 479/479/479 487/487/487
f 479/479/479 484/484/484 487/487/487
f 483/483/483 482/482/482 488/488/488
f 483/483/483 488/488/488 486/486/486
f 482/482/482 487/487/487 488/488/488
f 484/484/484 485/485/485 489/489/489
f 485/485/485 486/486/486 490/490/490
f 485/485/485 490/490/490 489/489/489
f 486/486/486 488/488/488 491/491/491
f 486/486/486 491/491/491 490/490/490
f 487/487/487 484/484/484 492/492/492
f 484/484/484 489/489/489 492/492/492
f 488/488/488 487/487/487 493/493/493
f 488/488/488 493/493/493 491/491/491
f 487/487/487 492/492/492 493/493/493
f 489/489/489 490/490/490 494/494/494
f 490/490/490 491/491/491 495/495/495
f 490/490/490 495/495/495 494/494/494
f 491/491/491 493/493/493 496/496/496
f 491/491/491 496/496/496 495/495/495
f 492/492/492 489/489/489 497/497/497
f 489/489/489 494/494/494 497/497/497
f 493/493/493 492/492/492 498/498/498
f 493/493/493 498/498/498 496/496/496
f 492/492/492 497/497/497 498/498/498
f 494/494/494 495/495/495 499/499/499
f 495/495/495 496/496/496 500/500/500
f 495/495/495 500/500/500 499/499/499
f 496/496/496 498/498/498 501/501/501
f 496/496/496 501/501/501 500/500/500
f 497/497/497 494/494/494 502/502/502
f 494/494/494 499/499/499 502/502/502
f 498/498/498 497/497/497 503/503/503
f 498/498/498 503/503/503 501/501/501
f 497/497/497 502/502/502 503/503/503
f 499/499/499 500/500/500 504/504/504
f 500/500/500 501/501/501 505/505/505
f 500/500/500 505/505/505 504/504/504
f 501/501/501 503/503/503 506/506/506
f 501/501/501 506/506/506 505/505/505
f 502/502/502 499/499/499 507/507/507
f 499/499/499 504/504/504 507/507/507
f 503/503/503 502/502/502 508/508/508
f 503/503/503 508/508/508 506/506/506
f 502/502/502 507/507/507 508/508/508
f 504/504/504 505/505/505 509/509/509
f 505/505/505 506/506/506 510/510/510
f 505/505/505 510/510/510 509/509/509
f 506/506/506 508/508/508 511/511/511
f 506/506/506 511/511/511 510/510/510
f 507/507/507 504/504/504 512/512/512
f 504/504/504 509/509/509 512/512/512
f 508/508/508 507/507/507 513/513/513
f 508/508/508 513/513/513 511/511/511
f 507/507/507 512/512/512 513/513/513
f 509/509/509 510/510/510 514/514/514
f 509/509/509 514/514/514 515/515/515
f 512/512/512 509/509/509 515/515/515
f 512/512/512 515/515/515 516/516/516
f 513/513/513 512/512/512 516/516/516
f 510/510/510 517/517/517 514/514/514
f 510/510/510 511/511/511 517/517/517
f 513/513/513 516/516/516 518/518/518
f 511/511/511 513/513/513 518/518/518
f 511/511/511 518/518/518 517/517/517
f 519/519/519 517/517/517 518/518/518
f 520/520/520 517/517/517 519/519/519
f 521/521/521 517/517/517 520/520/520
f 524/524/524 523/523/523 522/522/522
f 523/523/523 524/524/524 525/525/525
f 526/526/526 523/523/523 525/525/525
f 526/526/526 525/525/525 527/527/527
f 525/525/525 528/528/528 527/527/527
f 525/525/525 529/529/529 528/528/528
f 526/526/526 527/527/527 530/530/530
f 531/531/531 526/526/526 530/530/530
f 529/529/529 532/532/532 528/528/528
f 529/529/529 533/533/533 532/532/532
f 533/533/533 531/531/531 534/534/534
f 531/531/531 530/530/530 534/534/534
f 533/533/533 534/534/534 532/532/532
f 527/527/527 528/528/528 535/535/535
f 530/530/530 527/527/527 536/536/536
f 527/527/527 535/535/535 536/536/536
f 528/528/528 532/532/532 537/537/537
f 528/528/528 537/537/537 535/535/535
f 534/534/534 530/530/530 538/538/538
f 530/530/530 536/536/536 538/538/538
f 532/532/532 534/534/534 539/539/539
f 532/532/532 539/539/539 537/537/537
f 534/534/534 538/538/538 539/539/539
f 535/535/535 537/537/537 540/540/540
f 536/536/536 535/535/535 541/541/541
f 535/535/535 540/540/540 541/541/541
f 537/537/537 539/539/539 542/542/542
f 537/537/537 542/542/542 540/540/540
f 538/538/538 536/536/536 543/543/543
f 536/536/536 541/541/541 543/543/543
f 539/539/539 538/538/538 544/544/544
f 539/539/539 544/544/544 542/542/542
f 538/538/538 543/543/543 544/544/544
f 540/540/540 542/542/542 545/545/545
f 541/541/541 540/540/540 546/546/546
f 540/540/540 545/545/545 546/546/546
f 542/542/542 544/544/544 547/547/547
f 542/542/542 547/547/547 545/545/545
f 543/543/543 541/541/541 548/548/548
f 541/541/541 546/546/546 548/548/548
f 544/544/544 543/543/543 549/549/549
f 544/544/544 549/549/549 547/547/547
f 543/543/543 548/548/548 549/549/549
f 545/545/545 547/547/547 550/550/550
f 546/546/546 545/545/545 551/551/551
f 545/545/545 550/550/550 551/551/551
f 547/547/547 549/549/549 552/552/552
f 547/547/547 552/552/552 550/550/550
f 548/548/548 546/546/546 553/553/553
f 546/546/546 551/551/551 553/553/553
f 549/549/549 548/548/548 554/554/554
f 549/549/549 554/554/554 552/552/552
f 548/548/548 553/553/553 554/554/554
f 550/550/550 552/552/552 555/555/555
f 551/551/551 550/550/550 556/556/556
f 550/550/550 555/555/555 556/556/556
f 552/552/552 554/554/554 557/557/557
f 552/552/552 557/557/557 555/555/555
f 553/553/553 551/551/551 558/558/558
f 551/551/551 556/556/556 558/558/558
f 554/554/554 553/553/553 559/559/559
f 554/554/554 559/559/559 557/557/557
f 553/553/553 558/558/558 559/559/559
f 555/555/555 557/557/557 560/560/560
f 556/556/556 555/555/555 561/561/561
f 555/555/555 560/560/560 561/561/561
f 557/557/557 559/559/559 562/562/562
f 557/557/557 562/562/562 560/560/560
f 558/558/558 556/556/556 563/563/563
f 556/556/556 561/561/561 563/563/563
f 559/559/559 558/558/558 564/564/564
f 559/559/559 564/564/564 562/562/562
f 558/558/558 563/563/563 564/564/564
f 560/560/560 562/562/562 565/565/565
f 561/561/561 560/560/560 566/566/566
f 560/560/560 565/565/565 566/566/566
f 562/562/562 564/564/564 567/567/567
f 562/562/562 567/567/567 565/565/565
f 563/563/563 561/561/561 568/568/568
f 561/561/561 566/566/566 568/568/568
f 564/564/564 563/563/563 569/569/569
f 564/564/564 569/569/569 567/567/567
f 563/563/563 568/568/568 569/569/569
f 565/565/565 567/567/567 570/570/570
f 566/566/566 565/565/565 571/571/571
f 565/565/565 570/570/570 571/571/571
f 567/567/567 569/569/569 572/572/572
f 567/567/567 572/572/572 570/570/570
f 568/568/568 566/566/566 573/573/573
f 566/566/566 571/571/571 573/573/573
f 569/569/569 568/568/568 574/574/574
f 569/569/569 574/574/574 572/572/572
f 568/568/568 573/573/573 574/574/574
f 570/570/570 572/572/572 575/575/575
f 571/571/571 570/570/570 576/576/576
f 570/570/570 575/575/575 576/576/576
f 572/572/572 574/574/574 577/577/577
f 572/572/572 577/577/577 575/575/575
f 573/573/573 571/571/571 578/578/578
f 571/571/571 576/576/576 578/578/578
f 574/574/574 573/573/573 579/579/579
f 574/574/574 579/579/579 577/577/577
f 573/573/573 578/578/578 579/579/579
f 575/575/575 577/577/577 580/580/580
f 576/576/576 575/575/575 581/581/581
f 575/575/575 580/580/580 581/581/581
f 577/577/577 579/579/579 582/582/582
f 577/577/577 582/582/582 580/580/580
f 578/578/578 576/576/576 583/583/583
f 576/576/576 581/581/581 583/583/583
f 579/579/579 578/578/578 584/584/584
f 579/579/579 584/584/584 582/582/582
f 578/578/578 583/583/583 584/584/584
f 580/580/580 582/582/582 585/585/585
f 581/581/581 580/580/580 586/586/586
f 580/580/580 585/585/585 586/586/586
f 582/582/582 584/584/584 587/587/587
f 582/582/582 587/587/587 585/585/585
f 583/583/583 581/581/581 588/588/588
f 581/581/581 586/586/586 588/588/588
f 584/584/584 583/583/583 589/589/589
f 584/584/584 589/589/589 587/587/587
f 583/583/583 588/588/588 589/589/589
f 585/585/585 587/587/587 590/590/590
f 586/586/586 585/585/585 591/591/591
f 585/585/585 590/590/590 591/591/591
f 587/587/587 589/589/589 592/592/592
f 587/587/587 592/592/592 590/590/590
f 588/588/588 586/586/586 593/593/593
f 586/586/586 591/591/591 593/593/593
f 589/589/589 588/588/588 594/594/594
f 589/589/589 594/594/594 592/592/592
f 588/588/588 593/593/593 594/594/594
f 593/593/593 591/591/591 595/595/595
f 593/593/593 595/595/595 596/596/596
f 594/594/594 593/593/593 596/596/596
f 594/594/594 596/596/596 597/597/597
f 592/592/592 594/594/594 597/597/597
f 591/591/591 598/598/598 595/595/595
f 591/591/591 590/590/590 598/598/598
f 592/592/592 597/597/597 599/599/599
f 590/590/590 592/592/592 599/599/599
f 590/590/590 599/599/599 598/598/598
f 600/600/600 598/598/598 599/599/599
f 603/603/603 602/602/602 601/601/601
f 601/601/601 602/602/602 604/604/604
f 607/607/607 606/606/606 605/605/605
f 606/606/606 607/607/607 608/608/608
f 609/609/609 606/606/606 608/608/608
f 609/609/609 608/608/608 610/610/610
f 608/608/608 611/611/611 610/610/610
f 608/608/608 612/612/612 611/611/611
f 609/609/609 610/610/610 613/613/613
f 614/614/614 609/609/609 613/613/613
f 612/612/612 615/615/615 611/611/611
f 612/612/612 616/616/616 615/615/615
f 616/616/616 614/614/614 617/617/617
f 614/614/614 613/613/613 617/617/617
f 616/616/616 617/617/617 615/615/615
f 610/610/610 611/611/611 618/618/618
f 613/613/613 610/610/610 619/619/619
f 610/610/610 618/618/618 619/619/619
f 611/611/611 615/615/615 620/620/620
f 611/611/611 620/620/620 618/618/618
f 617/617/617 613/613/613 621/621/621
f 613/613/613 619/619/619 621/621/621
f 615/615/615 617/617/617 622/622/622
f 615/615/615 622/622/622 620/620/620
f 617/617/617 621/621/621 622/622/622
f 618/618/618 620/620/620 623/623/623
f 619/619/619 618/618/618 624/624/624
f 618/618/618 623/623/623 624/624/624
f 620/620/620 622/622/622 625/625/625
f 620/620/620 625/625/625 623/623/623
f 621/621/621 619/619/619 626/626/626
f 619/619/619 624/624/624 626/626/626
f 622/622/622 621/621/621 627/627/627
f 622/622/622 627/627/627 625/625/625
f 621/621/621 626/626/626 627/627/627
f 623/623/623 625/625/625 628/628/628
f 624/624/624 623/623/623 629/629/629
f 623/623/623 628/628/628 629/629/629
f 625/625/625 627/627/627 630/630/630
f 625/625/625 630/630/630 628/628/628
f 626/626/626 624/624/624 631/631/631
f 624/624/624 629/629/629 631/631/631
f 627/627/627 626/626/626 632/632/632
f 627/627/627 632/632/632 630/630/630
f 626/626/626 631/631/631 632/632/632
f 628/628/628 630/630/630 633/633/633
f 629/629/629 628/628/628 634/634/634
f 628/628/628 633/633/633 634/634/634
f 630/630/630 632/632/632 635/635/635
f 630/630/630 635/635/635 633/633/633
f 631/631/631 629/629/629 636/636/636
f 629/629/629 634/634/634 636/636/636
f 632/632/632 631/631/631 637/637/637
f 632/632/632 637/637/637 635/635/635
f 631/631/631 636/636/636 637/637/637
f 633/633/633 635/635/635 638/638/638
f 634/634/634 633/633/633 639/639/639
f 633/633/633 638/638/638 639/639/639
f 635/635/635 637/637/637 640/640/640
f 635/635/635 640/640/640 638/638/638
f 636/636/636 634/634/634 641/641/641
f 634/634/634 639/639/639 641/641/641
f 637/637/637 636/636/636 642/642/642
f 637/637/637 642/642/642 640/640/640
f 636/636/636 641/641/641 642/642/642
f 638/638/638 640/640/640 643/643/643
f 639/639/639 638/638/638 644/644/644
f 638/638/638 643/643/643 644/644/644
f 640/640/640 642/642/642 645/645/645
f 640/640/640 645/645/645 643/643/643
f 641/641/641 639/639/639 646/646/646
f 639/639/639 644/644/644 646/646/646
f 642/642/642 641/641/641 647/647/647
f 642/642/642 647/647/647 645/645/645
f 641/641/641 646/646/646 647/647/647
f 646/646/646 644/644/644 648/648/648
f 646/646/646 648/648/648 649/649/649
f 647/647/647 646/646/646 649/649/649
f 647/647/647 649/649/649 650/650/650
f 645/645/645 647/647/647 650/650/650
f 644/644/644 651/651/651 648/648/648
f 644/644/644 643/643/643 651/651/651
f 645/645/645 650/650/650 652/652/652
f 643/643/643 645/645/645 652/652/652
f 643/643/643 652/652/652 651/651/651
f 653/653/653 651/651/651 652/652/652
f 654/654/654 651/651/651 653/653/653
f 655/655/655 651/651/651 654/654/654
f 658/658/658 657/657/657 656/656/656
f 657/657/657 659/659/659 656/656/656
f 659/659/659 657/657/657 660/660/660
f 663/663/663 662/662/662 661/661/661
f 661/661/661 662/662/662 664/664/664
f 667/667/667 666/666/666 665/665/665
f 668/668/668 665/665/665 666/666/666
f 669/669/669 668/668/668 666/666/666
f 669/669/669 666/666/666 670/670/670
f 668/668/668 671/671/671 665/665/665
f 671/671/671 672/672/672 665/665/665
f 673/673/673 669/669/669 670/670/670
f 673/673/673 670/670/670 674/674/674
f 675/675/675 674/674/674 672/672/672
f 671/671/671 675/675/675 672/672/672
f 675/675/675 673/673/673 674/674/674
f 676/676/676 671/671/671 668/668/668
f 677/677/677 668/668/668 669/669/669
f 677/677/677 676/676/676 668/668/668
f 678/678/678 669/669/669 673/673/673
f 678/678/678 677/677/677 669/669/669
f 679/679/679 673/673/673 675/675/675
f 679/679/679 678/678/678 673/673/673
f 680/680/680 675/675/675 671/671/671
f 676/676/676 680/680/680 671/671/671
f 680/680/680 679/679/679 675/675/675
f 681/681/681 676/676/676 677/677/677
f 682/682/682 677/677/677 678/678/678
f 682/682/682 681/681/681 677/677/677
f 683/683/683 678/678/678 679/679/679
f 683/683/683 682/682/682 678/678/678
f 684/684/684 679/679/679 680/680/680
f 684/684/684 683/683/683 679/679/679
f 685/685/685 680/680/680 676/676/676
f 681/681/681 685/685/685 676/676/676
f 685/685/685 684/684/684 680/680/680
f 686/686/686 681/681/681 682/682/682
f 687/687/687 682/682/682 683/683/683
f 687/687/687 686/686/686 682/682/682
f 688/688/688 683/683/683 684/684/684
f 688/688/688 687/687/687 683/683/683
f 689/689/689 684/684/684 685/685/685
f 689/689/689 688/688/688 684/684/684
f 690/690/690 685/685/685 681/681/681
f 686/686/686 690/690/690 681/681/681
f 690/690/690 689/689/689 685/685/685
f 691/691/691 686/686/686 687/687/687
f 692/692/692 687/687/687 688/688/688
f 692/692/692 691/691/691 687/687/687
f 693/693/693 688/688/688 689/689/689
f 693/693/693 692/692/692 688/688/688
f 694/694/694 689/689/689 690/690/690
f 694/694/694 693/693/693 689/689/689
f 695/695/695 690/690/690 686/686/686
f 691/691/691 695/695/695 686/686/686
f 695/695/695 694/694/694 690/690/690
f 696/696/696 691/691/691 692/692/692
f 697/697/697 692/692/692 693/693/693
f 697/697/697 696/696/696 692/692/692
f 698/698/698 693/693/693 694/694/694
f 698/698/698 697/697/697 693/693/693
f 699/699/699 694/694/694 695/695/695
f 699/699/699 698/698/698 694/694/694
f 700/700/700 695/695/695 691/691/691
f 696/696/696 700/700/700 691/691/691
f 700/700/700 699/699/699 695/695/695
f 701/701/701 696/696/696 697/697/697
f 702/702/702 697/697/697 698/698/698
f 702/702/702 701/701/701 697/697/697
f 703/703/703 698/698/698 699/699/699
f 703/703/703 702/702/702 698/698/698
f 704/704/704 699/699/699 700/700/700
f 704/704/704 703/703/703 699/699/699
f 705/705/705 700/700/700 696/696/696
f 701/701/701 705/705/705 696/696/696
f 705/705/705 704/704/704 700/700/700
f 706/706/706 701/701/701 702/702/702
f 707/707/707 702/702/702 703/703/703
f 707/707/707 706/706/706 702/702/702
f 708/708/708 703/703/703 704/704/704
f 708/708/708 707/707/707 703/703/703
f 709/709/709 704/704/704 705/705/705
f 709/709/709 708/708/708 704/704/704
f 710/710/710 705/705/705 701/701/701
f 706/706/706 710/710/710 701/701/701
f 710/710/710 709/709/709 705/705/705
f 711/711/711 706/706/706 707/707/707
f 712/712/712 707/707/707 708/708/708
f 712/712/712 711/711/711 707/707/707
f 713/713/713 708/708/708 709/709/709
f 713/713/713 712/712/712 708/708/708
f 714/714/714 709/709/709 710/710/710
f 714/714/714 713/713/713 709/709/709
f 715/715/715 710/710/710 706/706/706
f 711/711/711 715/715/715 706/706/706
f 715/715/715 714/714/714 710/710/710
f 716/716/716 711/711/711 712/712/712
f 717/717/717 712/712/712 713/713/713
f 717/717/717 716/716/716 712/712/712
f 718/718/718 713/713/713 714/714/714
f 718/718/718 717/717/717 713/713/713
f 719/719/719 714/714/714 715/715/715
f 719/719/719 718/718/718 714/714/714
f 720/720/720 715/715/715 711/711/711
f 716/716/716 720/720/720 711/711/711
f 720/720/720 719/719/719 715/715/715
f 721/721/721 716/716/716 717/717/717
f 722/722/722 717/717/717 718/718/718
f 722/722/722 721/721/721 717/717/717
f 723/723/723 718/718/718 719/719/719
f 723/723/723 722/722/722 718/718/718
f 724/724/724 719/719/719 720/720/720
f 724/724/724 723/723/723 719/719/719
f 725/725/725 720/720/720 716/716/716
f 721/721/721 725/725/725 716/716/716
f 725/725/725 724/724/724 720/720/720
f 726/726/726 721/721/721 722/722/722
f 727/727/727 722/722/722 723/723/723
f 727/727/727 726/726/726 722/722/722
f 728/728/728 723/723/723 724/724/724
f 728/728/728 727/727/727 723/723/723
f 729/729/729 724/724/724 725/725/725
f 729/729/729 728/728/728 724/724/724
f 730/730/730 725/725/725 721/721/721
f 726/726/726 730/730/730 721/721/721
f 730/730/730 729/729/729 725/725/725
f 731/731/731 726/726/726 727/727/727
f 732/732/732 727/727/727 728/728/728
f 732/732/732 731/731/731 727/727/727
f 733/733/733 728/728/728 729/729/729
f 733/733/733 732/732/732 728/728/728
f 734/734/734 729/729/729 730/730/730
f 734/734/734 733/733/733 729/729/729
f 735/735/735 730/730/730 726/726/726
f 731/731/731 735/735/735 726/726/726
f 735/735/735 734/734/734 730/730/730
f 736/736/736 731/731/731 732/732/732
f 737/737/737 736/736/736 732/732/732
f 737/737/737 732/732/732 733/733/733
f 736/736/736 738/738/738 731/731/731
f 738/738/738 735/735/735 731/731/731
f 739/739/739 737/737/737 733/733/733
f 739/739/739 733/733/733 734/734/734
f 738/738/738 740/740/740 735/735/735
f 740/740/740 739/739/739 734/734/734
f 740/740/740 734/734/734 735/735/735
f 743/743/743 742/742/742 741/741/741
f 742/742/742 744/744/744 741/741/741
f 744/744/744 742/742/742 745/745/745
f 744/744/744 745/745/745 746/746/746
f 745/745/745 747/747/747 746/746/746
f 745/745/745 748/748/748 747/747/747
f 744/744/744 746/746/746 749/749/749
f 750/750/750 744/744/744 749/749/749
f 748/748/748 751/751/751 747/747/747
f 748/748/748 752/752/752 751/751/751
f 752/752/752 750/750/750 753/753/753
f 750/750/750 749/749/749 753/753/753
f 752/752/752 753/753/753 751/751/751
f 746/746/746 747/747/747 754/754/754
f 749/749/749 746/746/746 755/755/755
f 746/746/746 754/754/754 755/755/755
f 747/747/747 751/751/751 756/756/756
f 747/747/747 756/756/756 754/754/754
f 753/753/753 749/749/749 757/757/757
f 749/749/749 755/755/755 757/757/757
f 751/751/751 753/753/753 758/758/758
f 751/751/751 758/758/758 756/756/756
f 753/753/753 757/757/757 758/758/758
f 754/754/754 756/756/756 759/759/759
f 755/755/755 754/754/754 760/760/760
f 754/754/754 759/759/759 760/760/760
f 756/756/756 758/758/758 761/761/761
f 756/756/756 761/761/761 759/759/759
f 757/757/757 755/755/755 762/762/762
f 755/755/755 760/760/760 762/762/762
f 758/758/758 757/757/757 763/763/763
f 758/758/758 763/763/763 761/761/761
f 757/757/757 762/762/762 763/763/763
f 759/759/759 761/761/761 764/764/764
f 760/760/760 759/759/759 765/765/765
f 759/759/759 764/764/764 765/765/765
f 761/761/761 763/763/763 766/766/766
f 761/761/761 766/766/766 764/764/764
f 762/762/762 760/760/760 767/767/767
f 760/760/760 765/765/765 767/767/767
f 763/763/763 762/762/762 768/768/768
f 763/763/763 768/768/768 766/766/766
f 762/762/762 767/767/767 768/768/768
f 764/764/764 766/766/766 769/769/769
f 765/765/765 764/764/764 770/770/770
f 764/764/764 769/769/769 770/770/770
f 766/766/766 768/768/768 771/771/771
f 766/766/766 771/771/771 769/769/769
f 767/767/767 765/765/765 772/772/772
f 765/765/765 770/770/770 772/772/772
f 768/768/768 767/767/767 773/773/773
f 768/768/768 773/773/773 771/771/771
f 767/767/767 772/772/772 773/773/773
f 769/769/769 771/771/771 774/774/774
f 770/770/770 769/769/769 775/775/775
f 769/769/769 774/774/774 775/775/775
f 771/771/771 773/773/773 776/776/776
f 771/771/771 776/776/776 774/774/774
f 772/772/772 770/770/770 777/777/777
f 770/770/770 775/775/775 777/777/777
f 773/773/773 772/772/772 778/778/778
f 773/773/773 778/778/778 776/776/776
f 772/772/772 777/777/777 778/778/778
f 774/774/774 776/776/776 779/779/779
f 775/775/775 774/774/774 780/780/780
f 774/774/774 779/779/779 780/780/780
f 776/776/776 778/778/778 781/781/781
f 776/776/776 781/781/781 779/779/779
f 777/777/777 775/775/775 782/782/782
f 775/775/775 780/780/780 782/782/782
f 778/778/778 777/777/777 783/783/783
f 778/778/778 783/783/783 781/781/781
f 777/777/777 782/782/782 783/783/783
f 779/779/779 781/781/781 784/784/784
f 779/779/779 784/784/784 785/785/785
f 780/780/780 779/779/779 785/785/785
f 780/780/780 785/785/785 786/786/786
f 782/782/782 780/780/780 786/786/786
f 781/781/781 787/787/787 784/784/784
f 781/781/781 783/783/783 787/787/787
f 782/782/782 786/786/786 788/788/788
f 783/783/783 782/782/782 788/788/788
f 783/783/783 788/788/788 787/787/787
f 787/787/787 788/788/788 789/789/789
f 789/789/789 788/788/788 790/790/790
f 790/790/790 788/788/788 791/791/791
