# Meridian SI tube mesh
v 0.07249168261487579 0.7435552772479248 -0.07071790560080185
v 0.07066737861487579 0.7438964542479248 -0.07113458960080185
v 0.07138450461487579 0.7433446942479248 -0.07038381980080186
v 0.0724588706148758 0.7442370352479248 -0.07167520840080185
v 0.07133140461487579 0.7444476182479248 -0.07193269580080185
v 0.07139312461487579 0.7469799522479248 -0.07013200690080185
v 0.0707289876148758 0.7464233342479247 -0.06933772010080184
v 0.07138450461487579 0.7433446942479248 -0.07038381980080186
v 0.0725205986148758 0.7467675502479247 -0.06987581590080184
v 0.0724588706148758 0.7442370352479248 -0.07167520840080185
v 0.07144599361487579 0.7458666862479248 -0.06859067830080184
v 0.07249168261487579 0.7435552772479248 -0.07071790560080185
v 0.07255332961487579 0.7460790872479248 -0.06892328710080185
v 0.0714550766148758 0.7494976522479249 -0.06828798730080185
v 0.0725824686148758 0.7492791412479248 -0.06803598810080184
v 0.07079058861487579 0.7489239272479248 -0.06750589800080185
v 0.0726145876148758 0.7485711572479248 -0.06709821520080185
v 0.07150718561487579 0.7483514252479249 -0.06677061880080185
v 0.0715174076148758 0.7519738672479248 -0.06636529790080185
v 0.0726444946148758 0.7517462072479248 -0.06612051840080185
v 0.0708520856148758 0.7513738872479248 -0.06560407950080185
v 0.0726757796148758 0.7510058282479248 -0.06520788560080185
v 0.07156806461487579 0.7507751282479248 -0.06488878650080185
v 0.0715798886148758 0.7543829082479248 -0.06432779690080184
v 0.07270667661487579 0.7541430592479248 -0.06409338860080185
v 0.07091369461487579 0.7537463302479248 -0.06359701980080185
v 0.07273688961487579 0.7533587512479247 -0.06321767720080185
v 0.0716287936148758 0.7531133892479248 -0.06291090880080186
v 0.07164268161487579 0.7566967602479249 -0.06213900070080185
v 0.0727690086148758 0.7564422492479248 -0.061918696400801845
v 0.0709752966148758 0.7560168202479248 -0.06144949790080185
v 0.07279776761487579 0.7556048332479248 -0.06109308640080185
v 0.07168921861487579 0.7553423942479248 -0.06080308740080185
v 0.0717056246148758 0.7588885422479248 -0.059763398000801854
v 0.0728314966148758 0.7586175202479248 -0.05956110920080185
v 0.07103690461487579 0.7581603822479248 -0.05912650000080185
v 0.0728585796148758 0.7577215432479247 -0.05879930970080185
v 0.0717494186148758 0.7574389572479248 -0.05853071620080185
v 0.07192329361487579 0.7609368562479248 -0.05715491250080185
v 0.0730496196148758 0.7606707512479248 -0.05694762060080185
v 0.07125275561487579 0.7601251002479248 -0.05662390220080185
v 0.0730751006148758 0.7596941892479248 -0.05628859440080185
v 0.0719644876148758 0.7593566772479248 -0.056088518400801854
v 0.0719905416148758 0.7648400662479249 -0.05034850170080185
v 0.0731133516148758 0.7646050752479248 -0.05008760840080185
v 0.0713340346148758 0.7639159862479248 -0.05001188810080185
v 0.0731506576148758 0.7635357382479249 -0.04958990960080185
v 0.0720509666148758 0.7631097142479248 -0.04954298960080185
v 0.0708444936148758 0.7674957212479248 -0.04287400100080185
v 0.07195487661487579 0.7672826942479247 -0.04255129400080185
v 0.07022918061487579 0.7664971652479249 -0.04274719950080185
v 0.0720257906148758 0.7661523222479247 -0.04222500320080185
v 0.07095920261487579 0.7656670812479248 -0.04234610500080185
v 0.0691559236148758 0.7689984742479248 -0.03512770310080185
v 0.0702568516148758 0.7687915562479248 -0.034771006600801846
v 0.0685866106148758 0.7679675822479248 -0.035168409300801846
v 0.07036792461487579 0.7676331102479248 -0.03459119800080185
v 0.0693356316148758 0.7671240862479248 -0.03483691070080185
v 0.0669555366148758 0.7694476242479248 -0.027480803400801848
v 0.06805364061487579 0.7692407072479248 -0.02711589630080185
v 0.0664312546148758 0.7684088052479248 -0.02766200150080185
v 0.06820806161487579 0.7680743332479247 -0.027071498300801848
v 0.06720536961487579 0.7675603922479248 -0.02740900960080185
v 0.0644889626148758 0.7689367532479248 -0.020300298900801844
v 0.06559377861487578 0.7687304612479249 -0.019955195500801853
v 0.0640089516148758 0.7679070832479248 -0.02061169590080185
v 0.0657966436148758 0.7675738332479248 -0.020053193000801856
v 0.0648170556148758 0.7670654062479247 -0.020458899400801853
v 0.0625733286148758 0.7675475772479248 -0.013942301300801846
v 0.06369821761487579 0.7673541012479248 -0.013657301700801844
v 0.06214001761487578 0.7665496762479248 -0.014395199700801845
v 0.06396013461487579 0.7662359472479248 -0.013934001300801843
v 0.06299710261487579 0.7657391132479248 -0.014390096100801844
v 0.06083923561487578 0.7653503122479248 -0.008788101400801843
v 0.0619794126148758 0.7651818692479249 -0.008556298900801854
v 0.060464128614875795 0.7644360062479247 -0.009440295400801851
v 0.062308922614875806 0.7641637922479247 -0.009065195900801848
v 0.0613724146148758 0.7637029882479248 -0.009611599100801851
v 0.059277742614875784 0.7623785142479248 -0.005028598000801854
v 0.06041452261487579 0.7622033362479248 -0.0047838986008018475
v 0.058966234614875795 0.7616229052479249 -0.005882695300801849
v 0.060805529614875786 0.7613396942479248 -0.005486801300801855
v 0.059910446614875795 0.7609808142479249 -0.006165899300801844
v 0.05821181861487579 0.7579766512479248 -0.0014097020008018435
v 0.0593371396148758 0.7577691372479248 -0.0011396036008018556
v 0.05796012261487579 0.7573864462479247 -0.002399601000801846
v 0.059780955614875786 0.7570513782479248 -0.001962497800801849
v 0.058929920614875786 0.7568145692479248 -0.0027412996008018553
v 0.0574713946148758 0.7523150442479247 0.0017739012991981468
v 0.0585922006148758 0.7520940902479247 0.0020514949991981557
v 0.05727231461487578 0.7518841322479248 0.0006947069991981442
v 0.0590857116148758 0.7515258492479249 0.0011439024991981572
v 0.0582699026148758 0.7513958512479249 0.00030530239919815405
v 0.0569169666148758 0.7454175352479249 0.005328237999198154
v 0.0580375646148758 0.7451959852479249 0.005605824299198148
v 0.05676667361487581 0.7451556922479248 0.004188127799198152
v 0.0585798626148758 0.7447968122479248 0.004637218999198153
v 0.057794451614875786 0.7447724042479248 0.0037610306991981562
v 0.05513283561487578 0.7374661862479248 0.007249586299198155
v 0.056256040614875796 0.7372550072479248 0.007525078999198145
v 0.0550277526148758 0.7373947802479248 0.006076373199198154
v 0.0568450396148758 0.7370529772479248 0.006522193599198145
v 0.056086018614875804 0.7371396422479248 0.005626775299198153
v 0.053387373614875805 0.7291125952479248 0.007142707699198156
v 0.054514318614875795 0.7289221882479249 0.007418297199198148
v 0.0533197816148758 0.7292542162479247 0.005972206599198157
v 0.05514320761487579 0.7289459702479248 0.0064181014991981505
v 0.054404973614875785 0.7291510702479248 0.005524299999198151
v 0.05163130161487578 0.7204947472479248 0.005056478099198153
v 0.05276128661487578 0.7203336062479249 0.005338080199198153
v 0.051585167614875804 0.7208426592479248 0.003930173799198147
v 0.053413599614875795 0.7205820382479249 0.004385776799198146
v 0.05268670661487579 0.7208969592479249 0.0035156905991981513
v 0.051523879614875784 0.7090149522479248 0.0006674751991981448
v 0.0526548926148758 0.7088892162479248 0.0009631737991981498
v 0.0514826626148758 0.7095563412479249 -0.0003808290008018439
v 0.05331256961487579 0.7093524632479248 9.766219919815633e-05
v 0.05258809061487579 0.7097650762479248 -0.0007329285008018521
v 0.052369534614875785 0.6998769942479248 -0.004912301900801844
v 0.05349761261487579 0.6997860672479248 -0.0045938939008018514
v 0.05231243361487578 0.7006216342479248 -0.005830094200801855
v 0.05413784061487578 0.7004745302479248 -0.005314901500801855
v 0.05340534461487578 0.7009908852479247 -0.006078898900801849
v 0.05389343161487578 0.6935273702479248 -0.011394098400801855
v 0.055015712614875784 0.6934602262479248 -0.01105041060080185
v 0.05379234261487578 0.6944575312479249 -0.012118794000801847
v 0.05560821261487581 0.6943489012479248 -0.01156269760080185
v 0.05485214261487578 0.6949653322479248 -0.012223012700801852
v 0.05582229761487578 0.6896014212479248 -0.018521830400801853
v 0.056940108614875806 0.6895422042479248 -0.018162630500801843
v 0.0556600096148758 0.6906542782479248 -0.019031830100801853
v 0.05746868261487578 0.6905590592479248 -0.018450625200801846
v 0.056677505614875806 0.6912463302479248 -0.018987834500801853
v 0.05666150161487579 0.6872570512479248 -0.02724329010080185
v 0.05778059361487578 0.6871960162479248 -0.02688838910080185
v 0.0564441826148758 0.6883672772479248 -0.027572799500801846
v 0.05825491261487578 0.6882690192479248 -0.02699859440080185
v 0.05742891161487579 0.6889922912479248 -0.027421589900801846
v 0.05824841561487579 0.6860131622479249 -0.03523793070080185
v 0.0593756286148758 0.6859472392479248 -0.03491022070080185
v 0.05799631761487578 0.6871423122479248 -0.03544992950080185
v 0.05982023461487579 0.6870361272479248 -0.034919627000801846
v 0.05896772461487579 0.6877746282479248 -0.03525321930080185
v 0.058932676614875806 0.6853198112479248 -0.04350709920080185
v 0.0600854006148758 0.6852441132479248 -0.04327489810080185
v 0.0586748866148758 0.6864520012479248 -0.04369138550080185
v 0.060539886614875804 0.6863293352479248 -0.04331571980080185
v 0.059668198614875795 0.6870757932479248 -0.04357309640080185
v 0.059588700614875784 0.6845208702479249 -0.048809260100801846
v 0.060765296614875786 0.6844146552479249 -0.04877217860080185
v 0.059339716614875804 0.6856439112479248 -0.04905530810080185
v 0.06124339961487579 0.6854717732479247 -0.04898740720080185
v 0.06036227961487578 0.6862316732479248 -0.04916238780080185
v 0.05908648661487578 0.6831304732479249 -0.05334072930080185
v 0.06024150561487579 0.6829638482479248 -0.05349187930080185
v 0.05882808561487579 0.6842260662479248 -0.05367248130080185
v 0.060696974614875804 0.6839568912479248 -0.05391686040080185
v 0.059823408614875784 0.6847369072479248 -0.05403088960080185
v 0.0578292756148758 0.6813104152479248 -0.057203806900801846
v 0.058945193614875796 0.6810870172479249 -0.057476175900801854
v 0.05754688361487578 0.6823706032479249 -0.05761156040080185
v 0.05935260661487579 0.6820092502479248 -0.05805218590080185
v 0.058488383614875794 0.6828027072479248 -0.05813585590080185
v 0.056216686614875805 0.6792413292479248 -0.06040828670080185
v 0.05730621561487578 0.6789831522479248 -0.060734476900801845
v 0.055902212614875796 0.6802593772479248 -0.06088242870080185
v 0.057664975614875796 0.6798419062479248 -0.061410415900801846
v 0.05679729561487579 0.6806304752479249 -0.06150188860080185
v 0.054659083614875786 0.6771050992479248 -0.06297007950080186
v 0.05575641961487579 0.6768572922479248 -0.06328478640080185
v 0.05430431661487578 0.6780669982479248 -0.06351417860080186
v 0.05607978961487578 0.6776653822479248 -0.06402353570080185
v 0.05518238261487579 0.6784124672479248 -0.06416933980080185
v 0.05425596261487578 0.6753445272479248 -0.06509464610080185
v 0.055417224614875804 0.6752139032479247 -0.06529674490080185
v 0.05384965261487579 0.6762057242479248 -0.06573829610080184
v 0.05572873361487579 0.6759945452479248 -0.06606528720080185
v 0.05475994961487579 0.6766073402479248 -0.06633567250080186
v 0.0545543876148758 0.6733465492479248 -0.06720165540080185
v 0.0557360946148758 0.6734386982479248 -0.06722594610080185
v 0.054130256614875805 0.6740380822479248 -0.06798156540080186
v 0.05604238761487579 0.6741876002479248 -0.06802047600080185
v 0.05504986661487579 0.6745581032479249 -0.06848778580080185
v 0.05511774161487579 0.6710189582479248 -0.06959242750080186
v 0.056273251614875786 0.6712185442479248 -0.06955461860080185
v 0.05472461861487579 0.6715694962479248 -0.07045884990080185
v 0.05659413361487578 0.6718935962479249 -0.07039700910080185
v 0.0556370166148758 0.6721102592479248 -0.07095627670080185
v 0.05576871361487579 0.6667771042479248 -0.07348949740080185
v 0.0569284116148758 0.6669553222479248 -0.07345707810080185
v 0.055386319614875806 0.6672739382479248 -0.07439054830080186
v 0.05726282261487578 0.6675620082479248 -0.07433737630080185
v 0.0563097146148758 0.6677591502479248 -0.07491479720080185
v 0.056031778614875793 0.6615440252479248 -0.07702861633080185
v 0.0571923856148758 0.6617167592479247 -0.07699252013080185
v 0.0556548986148758 0.6620103422479249 -0.07795527810080186
v 0.0575328766148758 0.6622904832479248 -0.07789618848080185
v 0.0565825996148758 0.6624717412479249 -0.07849175809080185
v 0.05620892361487578 0.6553613842479248 -0.07978897914080185
v 0.0573685166148758 0.6555408242479248 -0.07974443771080185
v 0.05583572361487579 0.6558081512479248 -0.08073954424080185
v 0.05771201861487579 0.6560974712479248 -0.08066652156080185
v 0.0567646326148758 0.6562628742479248 -0.08128217561080185
v 0.056299775614875786 0.6487379972479248 -0.08119656425080185
v 0.05745585261487579 0.6489351392479248 -0.08113847580080184
v 0.05592966061487578 0.6491683122479248 -0.08216998912080185
v 0.0578002776148758 0.6494881212479249 -0.08207534649080185
v 0.0568570646148758 0.6496321562479248 -0.08271344984080185
v 0.056537240614875806 0.6423631012479247 -0.08175740112080185
v 0.057684540614875796 0.6426005362479248 -0.08167722565080185
v 0.0561707616148758 0.6427769362479248 -0.08275281754080185
v 0.0580271336148758 0.6431614462479248 -0.08262222144080185
v 0.05709154861487578 0.6432707012479248 -0.08329252095080185
v 0.05675770361487578 0.6376456912479248 -0.08180955751080185
v 0.05787770461487579 0.6379807892479248 -0.08168569417080185
v 0.056431814614875786 0.6379087562479249 -0.08287853096080185
v 0.0582440196148758 0.6384507712479248 -0.08267647610080185
v 0.0573504266148758 0.6384062172479248 -0.08341442922080185
v 0.05687522861487579 0.6336678262479247 -0.08112852927080184
v 0.057941943614875785 0.6341365572479247 -0.08098243596080185
v 0.0566833166148758 0.6335915322479249 -0.08225755556080185
v 0.058409124614875796 0.6343495842479248 -0.08201806876080185
v 0.05763134361487579 0.6340132652479248 -0.08280793996080185
v 0.056924804614875785 0.6287892762479248 -0.08020631643080185
v 0.057949200614875795 0.6293465192479248 -0.08007192472080185
v 0.0568670926148758 0.6284328402479248 -0.08129233215080185
v 0.05852457861487578 0.6293337042479248 -0.08107082220080185
v 0.05785576961487579 0.6287691292479248 -0.08183302730080184
v 0.05723902561487579 0.6235378382479249 -0.07805633871080185
v 0.0582404286148758 0.6241387722479248 -0.07793060644080185
v 0.05725420961487579 0.6230421662479249 -0.07910664892080185
v 0.058874502614875784 0.6240140502479248 -0.07889911998080185
v 0.058265030614875785 0.6233363152479248 -0.07963126991080186
v 0.058153360614875804 0.6174102722479249 -0.07554860972080185
v 0.05914185961487578 0.6180310542479248 -0.07541088015080186
v 0.05820918061487579 0.6168612842479249 -0.07659127097080184
v 0.059808745614875786 0.6178657712479247 -0.07637033332080184
v 0.059232264614875796 0.6171434222479248 -0.07709859218080185
v 0.05934239961487581 0.6077794132479248 -0.07187665350080186
v 0.060323685614875805 0.6084076462479249 -0.07172320220080185
v 0.05942128561487581 0.6072312292479248 -0.07291469440080185
v 0.06100912361487579 0.6082474882479247 -0.07266632470080185
v 0.060451403614875804 0.6075210872479249 -0.07340163090080185
v 0.06335563961487578 0.5977207722479247 -0.06725080870080186
v 0.0643331856148758 0.5983500182479249 -0.06707384060080185
v 0.0634464176148758 0.5971930922479248 -0.06829714590080185
v 0.0650281456148758 0.5982108412479248 -0.06801129690080185
v 0.06448012561487579 0.5974959432479248 -0.06876800020080184
v 0.0681931446148758 0.5897691252479248 -0.06484350560080185
v 0.06831363561487579 0.5906830732479248 -0.06467657910080185
v 0.06712028361487579 0.5908122062479249 -0.06648234650080184
v 0.0674267266148758 0.5948368312479249 -0.06682012980080185
v 0.0666889246148758 0.5949146152479248 -0.06793325770080186
v 0.0681307166148758 0.5976071062479248 -0.07202827840080185
v 0.0682661386148758 0.5984688702479248 -0.07124091960080185
v 0.0669797506148758 0.5973966422479249 -0.07214230860080185
v 0.0671988656148758 0.5987909432479248 -0.07086750860080185
v 0.06640388061487579 0.5981281102479248 -0.07142468820080185
v 0.06819907561487579 0.6039614972479248 -0.07981332624080185
v 0.0683324416148758 0.6048820612479249 -0.07910012593080185
v 0.06704978661487579 0.6037300822479248 -0.07989277691080185
v 0.0672656226148758 0.6052182312479248 -0.07873931760080186
v 0.06647285061487579 0.6045064332479249 -0.07922882913080184
v 0.0688849386148758 0.6114073392479248 -0.08923218585080185
v 0.0690134166148758 0.6123883722479249 -0.08860483020080184
v 0.06773983661487579 0.6111452582479249 -0.08926138701080184
v 0.0679475816148758 0.6127315762479248 -0.08824649663080185
v 0.0671605396148758 0.6119630332479248 -0.08865224686080185
v 0.0698961766148758 0.6168647702479249 -0.09642648510080185
v 0.07001367161487579 0.6178987022479248 -0.09587632960080185
v 0.06876016361487579 0.6165614132479248 -0.09639345020080185
v 0.0689502956148758 0.6182331742479248 -0.09550332840080185
v 0.06817552461487579 0.6174067552479248 -0.09582284740080185
v 0.07137276961487579 0.6230753662479248 -0.10481626350080185
v 0.0714683686148758 0.6241624052479249 -0.10437268950080185
v 0.0702552196148758 0.6227274532479248 -0.10469404050080185
v 0.07040978961487579 0.6244852542479248 -0.10397626650080186
v 0.06965997061487579 0.6235984262479248 -0.10417485980080185
v 0.07230156661487579 0.6287119092479247 -0.11295099000080185
v 0.07235756561487579 0.6298496122479248 -0.11264924700080185
v 0.0712172086148758 0.6283200682479249 -0.11271005500080185
v 0.07130768161487579 0.6301621202479248 -0.11222169730080185
v 0.07060288661487579 0.6292166712479248 -0.11225930970080185
v 0.07133773761487579 0.6316694612479248 -0.12127061560080185
v 0.0713236926148758 0.6328449842479248 -0.12115533650080185
v 0.0703239816148758 0.6312385502479247 -0.12083863840080185
v 0.07030116761487579 0.6331403852479248 -0.12065210190080185
v 0.0696833726148758 0.6321473422479248 -0.12045640870080185
v 0.0661835816148758 0.6320123072479248 -0.13148240740080186
v 0.06604728061487579 0.6331829722479247 -0.13157853860080185
v 0.06532630361487579 0.6315856872479249 -0.13077691940080186
v 0.06510578061487579 0.6334802212479248 -0.13093240560080185
v 0.0646601766148758 0.6324926612479248 -0.13043702770080184
v 0.058327779614875785 0.6301352982479248 -0.14121087640080185
v 0.05804038061487579 0.6312510072479248 -0.14146608110080183
v 0.057682677614875805 0.6297867892479247 -0.14028169210080185
v 0.0572177026148758 0.6315915882479248 -0.14069482680080186
v 0.05699661361487579 0.6306870582479248 -0.13996278490080186
v 0.04879829261487578 0.6257910432479248 -0.14868242290080186
v 0.04838797461487579 0.6268408302479248 -0.14902329440080186
v 0.048325687614875795 0.6255346832479248 -0.14763291930080186
v 0.047661885614875804 0.6272327002479248 -0.14818467940080185
v 0.0476233956148758 0.6264258022479248 -0.14732530340080185
v 0.0379346016148758 0.6192072032479248 -0.15440317990080185
v 0.03744120861487579 0.6202039122479248 -0.15478510410080185
v 0.03757911961487578 0.6190240982479248 -0.15329615030080185
v 0.036780580614875796 0.6206378642479249 -0.15391428770080184
v 0.03686587561487578 0.6199085112479248 -0.15299387280080184
v 0.026071205614875803 0.6099412742479249 -0.15796611460080184
v 0.025526508614875792 0.6109025772479248 -0.15836696330080186
v 0.025787696614875788 0.6098082062479249 -0.15683253850080187
v 0.024906292614875786 0.6113640072479247 -0.15748119350080186
v 0.025067686614875795 0.6106877322479248 -0.15653270480080184
v 0.01354199661487579 0.5999921262479249 -0.16037223490080185
v 0.012969702614875789 0.6009339092479248 -0.16078132390080185
v 0.013297095614875798 0.5998865362479249 -0.15922722220080185
v 0.01237109261487579 0.6014111932479248 -0.15988899770080184
v 0.012573480614875787 0.6007636192479249 -0.15892861040080186
v 0.0035612586148758008 0.5923998952479248 -0.16044732930080186
v 0.000626653614875794 0.5915948452479248 -0.16149377820080185
v 0.002102747614875805 0.5914160012479248 -0.15962196890080185
v -0.0026453433851242047 0.5901128952479249 -0.16131509100080185
v -0.001733139385124205 0.5900018212479248 -0.16015817220080186
v 0.041772752614875786 0.5965252812479248 -0.16298583890080184
v 0.04033052961487579 0.5958887042479248 -0.16404815020080185
v 0.041129335614875806 0.5955987872479248 -0.16218322520080186
v 0.038795843614875786 0.5945697132479248 -0.16390212630080186
v 0.039289533614875805 0.5943902732479248 -0.16274947670080187
v 0.0317753996148758 0.5717808452479248 -0.17365876590080184
v 0.030261888614875804 0.5709538162479249 -0.17483369260080184
v 0.03108869461487579 0.5708378402479248 -0.17287599300080186
v 0.028639793614875786 0.5694993432479248 -0.17477708310080187
v 0.029150783614875803 0.5694273262479248 -0.17356706410080186
v 0.0605784356148758 0.5801086272479248 -0.17071780560080185
v 0.0596883296148758 0.5793658342479249 -0.17182757710080185
v 0.0601157246148758 0.5792236182479248 -0.16989780220080186
v 0.058675438614875786 0.5780218392479248 -0.17169345170080186
v 0.0589395466148758 0.5779339522479248 -0.17050082980080183
v 0.07017861261487579 0.5563931162479248 -0.18068740520080184
v 0.0697003006148758 0.5558125972479249 -0.18162557480080185
v 0.07008308961487579 0.5556522162479248 -0.17976672950080186
v 0.0693092416148758 0.5547129662479248 -0.18128447980080187
v 0.0695458506148758 0.5546138582479248 -0.18013568220080184
v 0.07997171561487579 0.5578991172479248 -0.17960900810080185
v 0.0796642456148758 0.5570598842479249 -0.18075860290080187
v 0.0797155276148758 0.5571441052479248 -0.17873178420080185
v 0.07921801461487579 0.5557860732479248 -0.18059197810080185
v 0.0792497466148758 0.5558379592479248 -0.17933938650080183
v 0.1193724647148758 0.5639712812479248 -0.16881746050080185
v 0.1182745248148758 0.5628824082479248 -0.17022050170080183
v 0.11885740611487579 0.5631717142479248 -0.16800797730080186
v 0.1170810535148758 0.5614099352479248 -0.17027818410080187
v 0.1174412370148758 0.5615887642479248 -0.16891084610080184
v 0.1114542335148758 0.5218165812479247 -0.18570335220080186
v 0.11023658511487579 0.5196266472479248 -0.18770103120080184
v 0.11086219551487579 0.5208897592479248 -0.18498588350080186
v 0.1088922843148758 0.5173460692479248 -0.18821830320080185
v 0.10927886511487579 0.5181266962479248 -0.18654014220080184
v 0.1582940630148758 0.5604424472479248 -0.16005367040080185
v 0.1576280147148758 0.5587984772479249 -0.16176188740080183
v 0.1580363400148758 0.5596218402479248 -0.15921733530080184
v 0.1569589190148758 0.5569622222479248 -0.16198115800080184
v 0.1572111435148758 0.5574709622479248 -0.16040843730080184
v 0.1601473931148758 0.5491871832479248 -0.16641999780080186
v 0.15917754541487578 0.5493794532479248 -0.16705598680080186
v 0.1598373353148758 0.5485905702479248 -0.16545534130080186
v 0.1582679599148758 0.5489021542479248 -0.16648439320080186
v 0.1586756855148758 0.5484144832479247 -0.16549516470080183
v 0.1617826782148758 0.5388969632479248 -0.17109542340080186
v 0.1608196962148758 0.5390486422479248 -0.17175323520080185
v 0.1614620909148758 0.5383613852479248 -0.17009826000080186
v 0.1599040162148758 0.5386067482479249 -0.17116256060080184
v 0.16030105021487578 0.5381819452479248 -0.17013976720080184
v 0.1634944100148758 0.5282329772479248 -0.17460790280080185
v 0.1625437867148758 0.5283135472479248 -0.17529638110080187
v 0.1631556637148758 0.5278029892479248 -0.17356526850080184
v 0.1616174262148758 0.5279329862479248 -0.17467916010080187
v 0.1619956903148758 0.5276177522479248 -0.17360921200080184
v 0.1653202753148758 0.5175298152479249 -0.17674341050080183
v 0.1643872019148758 0.5175090582479248 -0.17746072260080187
v 0.1649554390148758 0.5172499712479248 -0.17565789820080185
v 0.1634455807148758 0.5172167122479248 -0.17681832610080184
v 0.1637968384148758 0.5170567932479249 -0.17570412900080185
v 0.16729705221487579 0.5056054142479248 -0.17621839050080185
v 0.1663856450148758 0.5054610672479248 -0.17694989590080185
v 0.1668998655148758 0.5055098982479248 -0.17511167380080184
v 0.16542525591487578 0.5052764412479248 -0.17629514630080184
v 0.1657429449148758 0.5053066462479248 -0.17515912650080184
v 0.1694612056148758 0.4927670512479248 -0.17436952140080186
v 0.16857314481487579 0.49249209424792484 -0.17509187010080185
v 0.1690292302148758 0.49286593524792477 -0.17327607420080185
v 0.1675924621148758 0.4924206732479248 -0.17444505540080185
v 0.1678744443148758 0.4926519992479248 -0.17332292350080186
v 0.1718449332148758 0.48004557224792477 -0.16951782260080184
v 0.1709785405148758 0.47965341824792485 -0.17021102460080184
v 0.1713864077148758 0.4802881922479248 -0.16846160590080184
v 0.1699844301148758 0.47965341824792485 -0.16958327590080186
v 0.1702366583148758 0.48004557224792477 -0.16850204020080184
v 0.1755670868148758 0.4714842442479248 -0.16416122020080184
v 0.1747227795148758 0.4709912392479248 -0.16480134430080184
v 0.1750919856148758 0.4717880192479248 -0.16307328640080185
v 0.1737259608148758 0.4709904342479248 -0.16410995270080186
v 0.1739542130148758 0.47148279824792483 -0.16304259750080186
v 0.1794210560148758 0.4605386632479248 -0.15961385520080185
v 0.1799013456148758 0.4602245242479248 -0.16076958920080187
v 0.17832486521487578 0.4601123702479248 -0.15952268240080186
v 0.17910201381487578 0.4596043302479248 -0.16139218960080184
v 0.1781271677148758 0.4595354352479248 -0.16061358900080186
v 0.18341462453487578 0.4477966952479248 -0.15860828010080186
v 0.1823997050548758 0.4472146852479248 -0.15849983690080185
v 0.18217103276487578 0.4466781462479248 -0.15965040770080186
v 0.1838133367748758 0.4476193492479248 -0.15982937810080183
v 0.1830447898248758 0.4469279352479248 -0.16047166290080184
v 0.1859496813248758 0.4339735284479248 -0.15955062210080184
v 0.1869599083448758 0.4345613345479248 -0.15965680780080185
v 0.18551410036487578 0.4337598308479248 -0.16065540160080186
v 0.1871483926648758 0.4347112551479248 -0.16082542390080184
v 0.1862548571048758 0.43421579894792484 -0.16144227980080184
v 0.1891655472548758 0.4210790544479248 -0.16173160080080184
v 0.1902075126998758 0.42160841824792483 -0.16185534750080185
v 0.18868815689487578 0.42094489184792483 -0.16280475260080185
v 0.1903738716208758 0.4218014031479248 -0.16300565750080184
v 0.1894349793448758 0.42139132324792483 -0.16359195110080185
v 0.1919577530348758 0.4085468947479248 -0.16421680150080187
v 0.1930330970748758 0.4090010747479248 -0.16435201470080185
v 0.19145921018187578 0.4084590822479248 -0.16527856140080185
v 0.1931990555048758 0.4091937541479248 -0.16549823430080185
v 0.19222628860487578 0.4088588580479248 -0.16607040170080184
v 0.1940238883248758 0.3964736834479248 -0.16603273150080183
v 0.1951271942848758 0.3968509957479248 -0.16617394980080186
v 0.1935148169248758 0.3964143246479248 -0.16708953680080185
v 0.1952999234248758 0.3970245644479248 -0.16732003540080187
v 0.19430337217487578 0.3967548646479248 -0.16788554940080186
v 0.19604869186487578 0.3848811984479248 -0.16640966390080186
v 0.1971716624648758 0.3851908780479248 -0.16654994340080187
v 0.1955364346548758 0.3848313801479248 -0.16746181250080183
v 0.1973533374248758 0.38533240184792483 -0.16768926380080185
v 0.19634272856487578 0.38511031124792483 -0.16825381670080186
v 0.1985313538448758 0.3718195632479248 -0.16662633420080186
v 0.1996646430348758 0.3720859438479248 -0.16676284370080185
v 0.1980226449648758 0.3717506676479248 -0.16765511780080183
v 0.19985614065487578 0.3721817694479248 -0.16787238420080186
v 0.1988413929948758 0.3719744384479248 -0.16842534390080185
v 0.2016794896148758 0.3582934085479248 -0.16537715490080185
v 0.2028140379148758 0.3585560508479248 -0.16552322360080185
v 0.2011801842148758 0.3581785485479248 -0.16638062890080185
v 0.20301530141487578 0.3586042691479248 -0.16660746930080184
v 0.2020056844148758 0.3583708480479248 -0.16713874790080185
v 0.2054951982148758 0.3434926890779248 -0.16133874650080185
v 0.2066263314148758 0.3437703228579248 -0.16149614010080185
v 0.20500956751487578 0.3433263683679248 -0.16237821430080185
v 0.2068398408148758 0.3437757776079248 -0.16263261440080184
v 0.2058409052148758 0.34350096713792483 -0.16318233310080185
v 0.2099519651148758 0.3285513976579248 -0.15805359180080186
v 0.21108334881487578 0.3288282304979248 -0.15821094070080186
v 0.20947119961487579 0.3283684067379248 -0.15911044930080184
v 0.2113019880148758 0.3288160990879248 -0.15936610850080185
v 0.21030553061487578 0.3285319423279248 -0.15992154930080185
v 0.2148576099148758 0.3148034960479248 -0.15475945170080185
v 0.2159938160148758 0.3150609489479248 -0.15491661430080184
v 0.2143755071148758 0.3146261889479248 -0.15581684560080183
v 0.2162140589148758 0.3150429632479248 -0.15607142450080186
v 0.2152137495148758 0.3147741612479248 -0.15662756560080185
v 0.2189734578148758 0.3026408106479248 -0.15279657390080187
v 0.2201137654148758 0.3028805628479248 -0.15295284990080185
v 0.21849076451487578 0.3024661168479248 -0.15385413910080187
v 0.2203357629148758 0.3028543368479248 -0.15410686280080185
v 0.21933268751487578 0.3025981448479248 -0.15466394280080187
v 0.22300700471487578 0.2914150916479248 -0.15094821900080185
v 0.2241511270148758 0.2916359826479248 -0.15110316130080187
v 0.2225245982148758 0.2912390418479248 -0.15200580660080185
v 0.2243758887148758 0.29159642384792483 -0.15225639190080187
v 0.2233706415148758 0.2913509681479248 -0.15281415730080183
v 0.2270985357148758 0.2803398445479248 -0.15037772800080185
v 0.2282461077148758 0.2805433385479248 -0.15053122490080184
v 0.2266178839148758 0.2801550403479248 -0.15143448860080183
v 0.22847472501487578 0.2804844193479248 -0.15168295800080184
v 0.2274684086148758 0.2802443057479248 -0.15224108100080186
v 0.2325969413148758 0.2670115232479248 -0.15068587660080185
v 0.2337469980148758 0.2672013416479248 -0.15083801000080185
v 0.2321193442148758 0.2668096497479248 -0.15174102780080184
v 0.2339803055148758 0.2671166509479248 -0.15198715030080184
v 0.2329742946148758 0.2668746486479248 -0.15254516150080183
v 0.2381053082148758 0.2536336630479248 -0.15011110160080185
v 0.23924702781487578 0.25386468324792477 -0.15026871110080187
v 0.2376406975148758 0.2533661574479248 -0.15115743130080184
v 0.2394883670148758 0.2537399008479248 -0.15141265840080187
v 0.2384954169148758 0.2534318864479248 -0.15196175130080186
v 0.2425340004148758 0.2407637909479248 -0.14849707480080185
v 0.2436607107148758 0.2410593554479248 -0.14866553250080183
v 0.24208630621487578 0.24042504284792482 -0.14953161780080185
v 0.2439094260148758 0.2409032583479248 -0.14980398860080185
v 0.24293637271487578 0.2405112609479248 -0.15033926810080184
v 0.24806672331487578 0.22611834824792482 -0.14636076610080184
v 0.2491586432148758 0.2265130952479248 -0.14655272290080185
v 0.24765444921487578 0.22567908424792482 -0.14736896380080183
v 0.2494210936148758 0.22631777824792482 -0.14768186960080185
v 0.2484913952148758 0.2258025262479248 -0.14818530530080185
v 0.2541150004148758 0.21257677624792481 -0.14357019960080186
v 0.2551700547148758 0.2130502312479248 -0.14379287510080185
v 0.2537396550148758 0.2120580972479248 -0.14454852790080186
v 0.25544700031487577 0.2128240022479248 -0.14490979910080184
v 0.2545629218148758 0.2122108642479248 -0.14537798610080185
v 0.2599086463148758 0.2002213002479248 -0.14007977400080185
v 0.26093138751487577 0.2007515882479248 -0.14031761880080185
v 0.25956601651487576 0.1996454002479248 -0.14104457570080187
v 0.26122069361487577 0.2005036322479248 -0.14142967760080186
v 0.2603767142148758 0.1998201162479248 -0.14187778160080183
v 0.2665578201148758 0.19000121924792482 -0.13616528360080185
v 0.2675600126148758 0.19056350024792482 -0.13641407710080183
v 0.2662350982148758 0.1893945182479248 -0.13711911070080185
v 0.2678564936148758 0.1903041002479248 -0.13752171400080185
v 0.2670377046148758 0.1895817522479248 -0.13795734940080184
v 0.27267979831487577 0.1810053142479248 -0.13223655520080185
v 0.2736807763148758 0.18156912924792482 -0.13248603420080185
v 0.27235691991487576 0.1803987772479248 -0.13319053500080186
v 0.2739764899148758 0.1813112642479248 -0.13359427080080186
v 0.2731583118148758 0.18058784324792482 -0.13402953740080184
v 0.2778391018148758 0.1729957312479248 -0.12865321710080185
v 0.27884541451487577 0.1735514552479248 -0.12889941780080186
v 0.2775114924148758 0.1723966752479248 -0.12961009890080186
v 0.2791396081148758 0.1732957212479248 -0.13000850380080184
v 0.2783151716148758 0.1725820602479248 -0.13044772670080185
v 0.2830058783148758 0.16544808424792481 -0.12457732860080184
v 0.2839995324148758 0.1660233442479248 -0.12483146410080184
v 0.2826956659148758 0.1648221762479248 -0.12552329900080184
v 0.2843034863148758 0.1657526492479248 -0.12593444440080184
v 0.2834976688148758 0.1650103182479248 -0.12636199590080185
v 0.2887801081148758 0.1577972772479248 -0.12063679470080185
v 0.2897493467148758 0.1584057952479248 -0.12090641630080184
v 0.2885011807148758 0.15712878124792481 -0.12156292800080185
v 0.2900691703148758 0.15811343524792482 -0.12199932710080186
v 0.2892976850148758 0.15732425424792482 -0.12240498140080185
v 0.2942762446148758 0.1494368312479248 -0.11629455350080185
v 0.2952259556148758 0.15006975824792482 -0.11657676470080185
v 0.2940217326148758 0.1487375202479248 -0.11720481510080186
v 0.29555859461487577 0.1497613792479248 -0.11766136070080185
v 0.2948142736148758 0.1489381792479248 -0.11804954340080184
v 0.30084874461487576 0.1412581202479248 -0.11136675630080185
v 0.3017838006148758 0.1419081392479248 -0.11165865700080185
v 0.3006128446148758 0.14053699324792482 -0.11226487900080184
v 0.30212590061487576 0.14158877724792482 -0.11273707260080185
v 0.3014023306148758 0.1407413032479248 -0.11311167480080185
v 0.3066965416148758 0.1328636112479248 -0.10591753760080184
v 0.3076214346148758 0.1335252072479248 -0.10621435940080184
v 0.30647376161487583 0.1321279852479248 -0.10680704940080185
v 0.30797024861487576 0.1331983652479248 -0.10728834940080184
v 0.3072610196148758 0.1323349472479248 -0.10765364390080184
v 0.3131852596148758 0.12414571624792481 -0.09978053900080185
v 0.3141040726148758 0.12481424224792481 -0.10007605330080185
v 0.3129699826148758 0.1234019992479248 -0.10066249690080185
v 0.3144564556148758 0.1244831682479248 -0.10114565680080184
v 0.3137555566148758 0.1236105562479248 -0.10150706020080186
v 0.3205364496148758 0.11562348924792482 -0.09391835052080184
v 0.3214854006148758 0.11625944124792481 -0.09419818688080185
v 0.3203167316148758 0.11488434624792482 -0.09480572492080185
v 0.3218521026148758 0.11591346524792481 -0.09525789130080185
v 0.3211298586148758 0.1150634582479248 -0.09563403950080185
v 0.3782219586148758 0.051500082247924794 -0.05145358670080185
v 0.3795287606148758 0.051403582247924795 -0.05132535840080185
v 0.3778353776148758 0.051218211247924805 -0.05257662390080185
v 0.37994982261487575 0.051061898247924786 -0.05236920710080185
v 0.37890295661487583 0.05094742824792481 -0.053142532700801846
v 0.37417703861487583 0.04597777124792479 -0.05411235240080185
v 0.3752848356148758 0.0456147492479248 -0.05396087100080185
v 0.3738736956148758 0.04576283724792479 -0.055227650300801845
v 0.37566599261487577 0.04517543324792478 -0.05498256160080185
v 0.3747937976148758 0.04526701524792481 -0.05576545190080185
v 0.3707155436148758 0.04217505424792478 -0.05488556810080185
v 0.3718205986148758 0.04180446224792478 -0.05473187750080185
v 0.3703972546148758 0.041920036247924786 -0.05598855950080185
v 0.3721852746148758 0.04132038324792481 -0.05573976040080185
v 0.3713057636148758 0.04139187924792481 -0.05651646480080185
v 0.3675011696148758 0.03826922224792478 -0.054731030000801845
v 0.36860102461487576 0.03788560624792481 -0.05457240900080185
v 0.3671557156148758 0.03794512124792482 -0.05580803380080185
v 0.3689354956148758 0.0373243992479248 -0.05555130350080185
v 0.3680422456148758 0.03736120424792483 -0.05631500110080185
v 0.3654994066148758 0.03487399224792481 -0.05309977750080185
v 0.3665913346148758 0.03447160124792481 -0.05293185640080185
v 0.3651112316148758 0.034450501247924814 -0.05412776950080185
v 0.3668775856148758 0.0337994992479248 -0.05385607480080185
v 0.3659629676148758 0.03378638624792479 -0.05459528790080185
v 0.3643090726148758 0.03172448324792482 -0.04958727580080185
v 0.3653890936148758 0.031298399247924824 -0.04940319060080185
v 0.3638592366148758 0.03117540524792478 -0.05052905900080185
v 0.3656069786148758 0.030485987247924784 -0.05023116990080185
v 0.36466124661487576 0.030409991247924817 -0.05092697220080185
v 0.3638136986148758 0.02915260224792482 -0.046153478300801846
v 0.3648790566148758 0.02870118624792478 -0.04594340920080185
v 0.3632842156148758 0.02846890724792478 -0.04695769770080185
v 0.3650075496148758 0.0277384822479248 -0.046617887900801847
v 0.3640218226148758 0.027594894247924828 -0.04724478720080185
v 0.36333319561487576 0.02688604624792479 -0.04159001630080185
v 0.36441808961487576 0.026461661247924817 -0.04141820970080185
v 0.3627640456148758 0.026146948247924795 -0.04230543230080185
v 0.3645197156148758 0.025460273247924825 -0.042027406400801846
v 0.3634973766148758 0.025265753247924794 -0.04257569830080185
v 0.3636818526148758 0.025117427247924817 -0.03815798830080185
v 0.3654484896148758 0.024540275247924792 -0.03816557680080185
v 0.3631499406148758 0.02444541424792479 -0.03897196800080185
v 0.3650096806148758 0.023970097247924815 -0.03898428750080185
v 0.3639708606148758 0.02373632824792482 -0.03948256370080185
v 0.3636160196148758 0.0223217902479248 -0.03511651980080185
v 0.36478392761487577 0.02225330424792482 -0.035281010000801846
v 0.3630984426148758 0.021822780247924778 -0.036050815100801846
v 0.36498777561487583 0.021712005247924826 -0.03631692750080185
v 0.3639462146148758 0.02144590024792481 -0.03679273650080185
v 0.3639462146148758 0.019046306247924805 -0.03388502080080185
v 0.3650955106148758 0.01915919824792478 -0.03411762040080185
v 0.3634146006148758 0.01868531124792483 -0.034871216900801846
v 0.36527433961487576 0.018867999247924816 -0.03524761270080185
v 0.3642355206148758 0.018575102247924802 -0.03571332990080185
v 0.3646377476148758 0.015710294247924805 -0.033245924900801846
v 0.3657604906148758 0.01595199124792479 -0.03350332380080185
v 0.36408598761487576 0.015446216247924804 -0.03425062080080185
v 0.36590269161487576 0.01583722224792483 -0.03466701880080185
v 0.3648678516148758 0.015524715247924814 -0.03512891750080185
v 0.3656743166148758 0.012562811247924799 -0.03313313420080185
v 0.3667750056148758 0.012903630247924791 -0.03339694070080185
v 0.3651062996148758 0.012370556247924824 -0.03414245690080185
v 0.36688712261487577 0.01292192924792479 -0.03456923370080185
v 0.3658568416148758 0.012592762247924827 -0.03503004830080185
v 0.3666190956148758 0.009884000247924796 -0.03336132320080185
v 0.3677023206148758 0.01032352424792482 -0.03362152730080185
v 0.3660394256148758 0.00975760824792482 -0.03436821330080185
v 0.3677899836148758 0.010468125247924787 -0.03478922320080185
v 0.3667626526148758 0.010118514247924815 -0.03525072710080185
v 0.3671637626148758 0.008213073247924807 -0.03362270820080185
v 0.3682534996148758 0.008660465247924798 -0.03388191760080185
v 0.3665884286148758 0.00809347624792478 -0.03462871540080185
v 0.36834910561487577 0.008816778247924817 -0.03504810850080185
v 0.36732043361487576 0.00846648224792479 -0.03550972420080185
v 0.3676363676148758 0.005030185247924812 -0.03350990270080185
v 0.3687730286148758 0.005337536247924823 -0.03377682340080185
v 0.3670903746148758 0.0048251452479248225 -0.03452061120080185
v 0.3689261526148758 0.0053217712479248225 -0.03495251010080185
v 0.36788573861487583 0.00500491224792482 -0.03541231160080185
v 0.36766126761487583 0.0006366372479247873 -0.03292441740080185
v 0.3688106836148758 0.0008015332479248127 -0.03317032010080185
v 0.3671248856148758 0.00034195224792482604 -0.03392202030080185
v 0.3689835666148758 0.0006084142479247934 -0.03431991490080185
v 0.3679416926148758 0.0003243092479248144 -0.03478452560080185
v 0.36784510361487577 -0.004749685752075183 -0.03165490930080185
v 0.3689947426148758 -0.004645049752075192 -0.03188671170080185
v 0.3673068136148758 -0.005088925752075202 -0.032642327200801846
v 0.3691673876148758 -0.004919439752075205 -0.03301731120080185
v 0.3681239936148758 -0.0051937397520752104 -0.03348432850080185
v 0.3683198396148758 -0.010536879752075179 -0.03000972790080185
v 0.3694703576148758 -0.010452091752075177 -0.030235830700801852
v 0.3677827416148758 -0.010899096752075177 -0.03099061920080185
v 0.3696443136148758 -0.010761886752075178 -0.03135652840080185
v 0.3686012176148758 -0.011038094752075178 -0.03182302790080185
v 0.36931265861487583 -0.016309499752075185 -0.02823401990080185
v 0.3704619556148758 -0.01621630775207522 -0.028462719200801852
v 0.3687767686148758 -0.016682713752075196 -0.029211618000801846
v 0.37063650761487577 -0.016531914752075216 -0.02958152820080185
v 0.3695952446148758 -0.01682019275207519 -0.030044421600801847
v 0.3705629556148758 -0.021805375752075196 -0.02668288350080185
v 0.3717061576148758 -0.021671980752075215 -0.026923589400801848
v 0.3700273786148758 -0.022180407752075193 -0.02765987440080185
v 0.3718773576148758 -0.02196437075207519 -0.02804948020080185
v 0.3708397596148758 -0.022278696752075222 -0.02850449460080185
v 0.3716214596148758 -0.026635706752075217 -0.02565979960080185
v 0.37275275561487575 -0.0264427957520752 -0.02591639380080185
v 0.3710822166148758 -0.02699071175207518 -0.026642292700801852
v 0.3729126606148758 -0.026678710752075174 -0.027057506100801848
v 0.3718799506148758 -0.027017295752075177 -0.027506209900801847
v 0.37245695261487577 -0.030357807752075194 -0.024998225300801848
v 0.3735793976148758 -0.03012931375207517 -0.025261815600801853
v 0.3719082476148758 -0.03067451675207522 -0.02598872780080185
v 0.3737246546148758 -0.03030481975207522 -0.026415422600801847
v 0.37269194461487576 -0.030641704752075172 -0.02686462920080185
v 0.37340807961487577 -0.03433576275207517 -0.024109136300801852
v 0.3745289896148758 -0.034100025752075214 -0.02437393740080185
v 0.3728523556148758 -0.034622907752075216 -0.025104425800801848
v 0.3746660056148758 -0.034241527752075174 -0.02553302790080185
v 0.3736299426148758 -0.034564733752075194 -0.02598443630080185
v 0.3747608806148758 -0.038703918752075184 -0.02317674090080185
v 0.3758814926148758 -0.03846770475207517 -0.023441627600801852
v 0.37420241561487577 -0.03898060275207521 -0.024173539100801847
v 0.37601576761487576 -0.038598417752075176 -0.02460214120080185
v 0.3749778566148758 -0.038915365752075215 -0.025054521900801846
v 0.37614142861487576 -0.04305812675207521 -0.022291570900801846
v 0.37726356061487576 -0.042827486752075206 -0.022555656700801854
v 0.3755844836148758 -0.043341129752075214 -0.023287467700801846
v 0.3773999666148758 -0.04296794575207519 -0.023714866500801852
v 0.3763623686148758 -0.043285339752075214 -0.02416715770080185
v 0.37741217061487575 -0.04679238775207517 -0.021793477200801853
v 0.37853735661487575 -0.046574473752075185 -0.02205557380080185
v 0.3768616316148758 -0.04710167675207522 -0.022785272400801852
v 0.37868231561487575 -0.046749084752075176 -0.023209370700801847
v 0.3776465506148758 -0.0470749737520752 -0.02366026490080185
v 0.3782278296148758 -0.050145596752075194 -0.021402590000801844
v 0.3793588136148758 -0.04995265575207519 -0.021659582900801846
v 0.3776904196148758 -0.05051207575207517 -0.022382676600801843
v 0.3795205656148758 -0.05020001575207522 -0.02279859410080185
v 0.3784896736148758 -0.05054569275207521 -0.023245487400801852
v 0.3788394036148758 -0.05290779475207519 -0.02058418100080185
v 0.3799905326148758 -0.05280709275207518 -0.020815394800801842
v 0.37830778961487577 -0.05330508975207521 -0.021554492400801845
v 0.3801702706148758 -0.053142100752075205 -0.02192869040080185
v 0.37913024461487577 -0.053449898752075176 -0.022385388600801845
v 0.3842904566148758 -0.09282830375207518 -0.007582522900801844
v 0.3832461386148758 -0.09308510975207518 -0.008057318600801847
v 0.3824179026148758 -0.09286904375207522 -0.007251717100801844
v 0.3841073516148758 -0.09245353975207521 -0.006483420700801851
v 0.3829501276148758 -0.09247857375207519 -0.006279021500801854
v 0.3824179026148758 -0.09286904375207522 -0.007251717100801844
v 0.3832461386148758 -0.09308510975207518 -0.008057318600801847
v 0.3841073516148758 -0.09245353975207521 -0.006483420700801851
v 0.3842904566148758 -0.09282830375207518 -0.007582522900801844
v 0.3824179026148758 -0.09286904375207522 -0.007251717100801844
v 0.0008333026148757972 0.1328874232479248 0.003912478699198155
v 0.001591801614875793 0.13308776924792481 0.005645282599198151
v 0.0018205046148757897 0.13276352024792482 0.004538677599198154
v -5.394385124202206e-06 0.1332881152479248 0.0046320780991981475
v 0.0004634116148757861 0.1334120182479248 0.005702979899198157
v 0.0023833956148757995 0.15674483824792482 0.002582579899198148
v 0.0028576996148757805 0.1568885742479248 0.0036488845991981544
v 0.001591801614875793 0.13308776924792481 0.005645282599198151
v 0.0032382016148757853 0.1564022752479248 0.001849278799198148
v 0.0008333026148757972 0.1328874232479248 0.003912478699198155
v 0.00400559561487579 0.1566346732479248 0.003574483099198153
v 0.0018205046148757897 0.13276352024792482 0.004538677599198154
v 0.0042407066148758 0.15633422124792482 0.0024622827991981483
v 0.003627195614875789 0.1770947282479248 0.005620203899198151
v 0.004494994614875791 0.1768466082479248 0.00486610079919815
v 0.0041074006148758 0.17727904024792482 0.006677500899198149
v 0.005511492614875796 0.1768775882479248 0.005457401299198153
v 0.005271896614875787 0.1771449152479248 0.006576903199198153
v 0.0041127056148757835 0.2034490552479248 0.007015988199198145
v 0.004982694614875799 0.20324534224792482 0.006251990799198151
v 0.00459520561487578 0.2036745692479248 0.008064195499198151
v 0.006002992614875802 0.2033451352479248 0.0068279951991981475
v 0.005763485614875802 0.2036103312479248 0.007947988799198155
v 0.005327999614875789 0.2281587942479248 0.0048156901991981554
v 0.006197810614875787 0.2279500512479248 0.004052698599198157
v 0.005811214614875798 0.22842597224792482 0.005853690199198153
v 0.007218599614875781 0.2280882972479248 0.0046192928991981574
v 0.006979703614875793 0.2283823342479248 0.005732290399198148
v 0.007524177614875782 0.2433447167479248 -0.00023562460080184255
v 0.008393287614875788 0.2430821135479248 -0.0009835213008018429
v 0.008008092614875784 0.2436544746479248 0.0007902681991981547
v 0.009414389614875784 0.2432295158479248 -0.00041972850080185253
v 0.009176194614875788 0.2435832172479248 0.0006764754991981509
v 0.010188788614875793 0.2544592991479248 -0.005361191900801851
v 0.011052593614875789 0.2540950700479248 -0.006073691000801851
v 0.010675087614875789 0.2548125386479248 -0.00435058770080185
v 0.01207268261487579 0.2542230933479248 -0.0055034906008018525
v 0.011839479614875803 0.2546665146479248 -0.0044384971008018526
v 0.0148430766148758 0.2673127651479248 -0.012970820100801847
v 0.015689968614875788 0.2668279930479248 -0.013629615300801853
v 0.01533666261487579 0.2677198722479248 -0.011984020500801842
v 0.016707077614875804 0.26693541554792477 -0.013049915400801845
v 0.0164886716148758 0.2674867138479248 -0.012032821800801854
v 0.022048205614875804 0.2795207127479248 -0.019884817300801855
v 0.022876605614875783 0.2789509482479248 -0.020495019900801853
v 0.022555306614875786 0.2799906842479248 -0.018933221700801847
v 0.023895606614875803 0.2790689021479248 -0.019920617300801843
v 0.023697107614875784 0.2797114476479248 -0.01895542440080185
v 0.027209296614875783 0.2913400195479248 -0.027826417200801846
v 0.0280282946148758 0.2907314971479248 -0.02841031920080185
v 0.02772870661487578 0.2918612584479248 -0.026909306600801847
v 0.029053792614875784 0.2908764556479248 -0.02785401790080185
v 0.02886869061487579 0.2915746979479248 -0.02692632750080185
v 0.029982194614875807 0.3029443286479248 -0.03639471160080185
v 0.0307992846148758 0.3023275658479248 -0.03697240730080185
v 0.03050880161487579 0.3034963905479248 -0.03550022100080185
v 0.03183089161487579 0.3024984635479248 -0.03643503040080185
v 0.03165139261487579 0.3032208159479248 -0.03552511330080185
v 0.032414793614875786 0.3144888207479248 -0.04517880830080185
v 0.0332363846148758 0.3138928134479248 -0.04577210920080185
v 0.0329440836148758 0.3150540068479248 -0.04429421950080185
v 0.034273385614875806 0.3140893466479248 -0.045254305000801846
v 0.034092694614875796 0.31480712074792483 -0.04434091970080185
v 0.032239094614875785 0.3261282257479248 -0.05376841130080185
v 0.033068790614875804 0.3255828768479248 -0.05439931710080185
v 0.03276750461487579 0.3266891390479248 -0.05288073050080185
v 0.0341100846148758 0.32580687574792483 -0.05390150100080185
v 0.0339238946148758 0.3264904692479248 -0.05296292530080185
v 0.0294924376148758 0.3380157375359248 -0.061754129800801846
v 0.030329629614875786 0.3375567531909248 -0.06244271620080185
v 0.030018731614875782 0.33855345725892483 -0.06085073760080185
v 0.0313734266148758 0.3378106594029248 -0.061964925400801854
v 0.031181231614875793 0.3384268092919248 -0.06098092910080185
v 0.025774747614875804 0.3503231713479248 -0.06873822580080186
v 0.026611953614875783 0.3499749656479248 -0.06948922950080186
v 0.026300847614875805 0.3508080951479248 -0.06780442600080185
v 0.027655348614875785 0.3502444364479248 -0.06901952620080185
v 0.027463048614875807 0.3507592678479248 -0.06797822750080185
v 0.024422749614875783 0.36644103004792483 -0.07577928901080185
v 0.025254145614875795 0.3661944475479248 -0.07657441962080185
v 0.0249532466148758 0.3668456934479248 -0.07481019850080185
v 0.026298463614875783 0.3664465229479248 -0.07609658595080185
v 0.026112452614875797 0.3668490499479248 -0.07500642630080184
v 0.02262817361487579 0.3831832781479248 -0.08124284586080185
v 0.0234536676148758 0.3830154314479248 -0.08206353988080185
v 0.023164361614875784 0.3835116475479248 -0.08024888858080186
v 0.02450005661487578 0.3832397349479248 -0.08157678461080185
v 0.024321168614875793 0.3835464380479248 -0.08045533998080184
v 0.02111226361487578 0.4003658965479248 -0.08549394458580185
v 0.0219323636148758 0.40025938674792483 -0.08632982103080185
v 0.021653175614875786 0.4006405547479248 -0.08448671194480185
v 0.022980078614875804 0.4004678241479248 -0.08583932724980185
v 0.02280758361487578 0.4007037207479248 -0.08470025868180185
v 0.019317656614875806 0.41782225664792483 -0.08890474169080186
v 0.020133167614875797 0.4177590832479248 -0.08974923938080184
v 0.01986177261487579 0.4180660918479248 -0.08789163432080185
v 0.021181374614875792 0.41796416044792484 -0.08925805893080185
v 0.021013557614875805 0.4181539788479248 -0.08810991142080185
v 0.018349170614875787 0.4353854283479248 -0.09184709378080184
v 0.01916165661487579 0.4353481903479248 -0.09269601665080185
v 0.01889426961487578 0.43562193964792484 -0.09083268978080185
v 0.0202087756148758 0.4355618134479248 -0.09220628580080185
v 0.020043566614875802 0.4357308819479248 -0.09105470497080186
v 0.015983059614875783 0.4528893902479248 -0.09469278157080185
v 0.016794279614875784 0.4528607052479248 -0.09554315360080184
v 0.01652607361487579 0.4531414662479248 -0.09368089493080185
v 0.01783867161487579 0.45309507824792483 -0.09505685605080184
v 0.0176728666148758 0.4532684232479248 -0.09390588570080186
v 0.01331756961487579 0.47021025424792484 -0.09782068060080185
v 0.014132082614875807 0.4701602012479248 -0.09866723790080185
v 0.013862073614875792 0.4704534862479248 -0.09680742120080185
v 0.01517985761487578 0.4703723042479248 -0.09817704930080184
v 0.015012964614875807 0.4705535772479248 -0.09702760540080185
v 0.012435167614875786 0.4802957032479248 -0.09953553970080185
v 0.0132540616148758 0.4801925572479248 -0.10037332310080185
v 0.012987479614875785 0.4804528652479248 -0.09850770790080185
v 0.014312356614875787 0.48028624024792477 -0.09986321260080185
v 0.014147654614875799 0.4804470692479248 -0.09871019140080185
v 0.0129123626148758 0.4904183892479248 -0.10069780140080185
v 0.013728678614875783 0.4902633582479248 -0.10152978640080185
v 0.013459160614875787 0.49045377924792477 -0.09965608460080184
v 0.014779865614875792 0.4902035442479248 -0.10100229080080185
v 0.0146132706148758 0.4903210252479248 -0.09984430110080185
v 0.011958792614875785 0.5005010812479248 -0.10129419160080184
v 0.012770295614875804 0.5003164562479248 -0.10212465190080185
v 0.012489184614875803 0.5004296752479248 -0.10024629440080185
v 0.013802274614875792 0.5001312192479248 -0.10158983060080184
v 0.013628601614875807 0.5002014042479248 -0.10042901800080185
v 0.012426361614875786 0.5105187892479248 -0.10132020710080185
v 0.013235852614875782 0.5103262212479248 -0.10215074380080186
v 0.0129354596148758 0.5103567392479248 -0.10027223360080185
v 0.0142452566148758 0.5100454542479248 -0.10161592250080184
v 0.01405966261487579 0.5100640802479248 -0.10045495820080184
v 0.013367503614875792 0.5204479842479248 -0.10077119620080185
v 0.014180511614875796 0.5202682312479248 -0.10160119830080185
v 0.013854399614875806 0.5202096402479248 -0.09972749560080185
v 0.015169992614875782 0.5199191122479248 -0.10107042080080185
v 0.014968395614875785 0.5198827982479248 -0.09991243200080185
v 0.016535490614875803 0.5302661062479248 -0.09964258040080184
v 0.0173590036148758 0.5301193152479248 -0.10046891960080184
v 0.017001896614875806 0.5299636722479248 -0.09860635550080185
v 0.01833440361487579 0.5297259392479248 -0.09994333050080186
v 0.0181137026148758 0.5296298112479247 -0.09879220740080186
v 0.019714906614875793 0.5400060862479248 -0.09792009180080186
v 0.020549103614875802 0.5398901252479248 -0.09874032810080186
v 0.020144685614875785 0.5395931902479247 -0.09690301680080185
v 0.021494403614875784 0.5394061212479249 -0.09823022690080185
v 0.021244510614875783 0.5392224042479248 -0.09709474350080186
v 0.02274610061487578 0.5469473152479248 -0.09571435770080185
v 0.0235807006148758 0.5468307282479248 -0.09653398300080185
v 0.023094192614875803 0.5463497792479248 -0.09475564770080185
v 0.024444594614875803 0.5461611752479248 -0.09608194140080185
v 0.024143904614875783 0.5458639412479248 -0.09498285130080185
v 0.026934489614875795 0.5530020002479248 -0.09242051933080185
v 0.027756288614875807 0.5528665032479247 -0.09325021598080185
v 0.027172788614875792 0.5522463922479248 -0.09154771641080185
v 0.028502493614875807 0.5520269572479248 -0.09289033711080184
v 0.028141900614875787 0.5516436692479247 -0.09183809115080185
v 0.03200060161487581 0.5582751332479248 -0.08840471110080185
v 0.03280410161487579 0.5581201012479248 -0.08924890356080185
v 0.03215239961487579 0.5574297902479248 -0.08760019159080185
v 0.033452302614875806 0.5571786312479248 -0.08896623459080184
v 0.0330495986148758 0.5567519962479248 -0.08794732881080185
v 0.0377019046148758 0.5629324172479249 -0.08400194021080185
v 0.03848129461487579 0.5627572532479248 -0.08486459584680185
v 0.03779812161487581 0.5620416102479249 -0.08324014523080185
v 0.03905929661487578 0.5617587122479248 -0.08463594288380184
v 0.03863701261487579 0.5613165202479248 -0.08363191457080185
v 0.043801918614875784 0.5671337692479248 -0.07954095723080185
v 0.044550210614875796 0.5669369402479247 -0.08042619564080185
v 0.04387459161487578 0.5662270932479248 -0.07879594667080185
v 0.04508540061487579 0.5659091022479248 -0.08022851823080185
v 0.04466788461487578 0.5654702632479248 -0.07922082767080185
v 0.05006457861487579 0.5710345362479248 -0.07534875721080185
v 0.0507714746148758 0.5708117482479248 -0.07626168616080185
v 0.05014769761487578 0.5701342672479248 -0.07459649910080185
v 0.05129149561487578 0.5697741512479249 -0.07607385982080185
v 0.0509059876148758 0.5693554582479248 -0.07504464970080185
v 0.05625480461487578 0.5747857542479248 -0.07175111680080185
v 0.05692180961487581 0.5745385582479248 -0.07268731950080184
v 0.056368097614875795 0.5739044102479248 -0.07098130600080185
v 0.05744731461487579 0.5735046272479248 -0.07249612730080185
v 0.057105094614875784 0.5731121752479248 -0.07144174910080185
v 0.0609302076148758 0.5776542572479249 -0.06945304760080184
v 0.06157951061487579 0.5774009522479249 -0.07039958800080184
v 0.061070099614875806 0.5767864432479248 -0.06864789870080185
v 0.06212070561487579 0.5763747242479248 -0.07018191740080185
v 0.061805918614875804 0.5759960412479248 -0.06909887680080185
v 0.06457720661487579 0.5807562472479249 -0.06735935620080186
v 0.0652230386148758 0.5805200482479248 -0.06831670740080185
v 0.0647533986148758 0.5798993112479248 -0.06652159620080185
v 0.0657982226148758 0.5795146372479247 -0.06806976720080185
v 0.06550802261487579 0.5791319902479248 -0.06695991940080184
v 0.0666515156148758 0.5824301392479247 -0.06446055700080185
v 0.06610541761487579 0.5830139372479248 -0.06537657600080185
v 0.06771760461487579 0.5821448712479248 -0.06481646000080185
v 0.06683342861487579 0.5830916462479248 -0.06630089690080185
v 0.0678308086148758 0.5825522842479248 -0.06595527940080184
v 0.06796133561487579 0.5849955972479248 -0.06350575760080185
v 0.06729999161487579 0.5852383672479248 -0.06450211820080184
v 0.0690936816148758 0.5849879232479248 -0.06380716710080185
v 0.06802297361487579 0.5853827892479249 -0.06542096100080184
v 0.06913270761487579 0.5852257012479248 -0.06499185970080185
v 0.0680333446148758 0.5885476472479247 -0.06273943740080185
v 0.06722623061487579 0.5885235962479248 -0.06367868740080185
v 0.0691435786148758 0.5883638262479248 -0.06314047800080184
v 0.0678374246148758 0.5883229672479249 -0.06466454830080184
v 0.06902249861487579 0.5882266762479248 -0.06432409580080185
v 0.06718343461487579 0.5915485622479248 -0.06740893800080185
v 0.0683111326148758 0.5918006602479249 -0.06719319710080185
v 0.06839383361487579 0.5921721752479248 -0.06608106010080185
v 0.06656919461487579 0.5917638542479249 -0.06643020920080185
v 0.0673172546148758 0.5921497942479248 -0.06560946810080184
v 0.06839383361487579 0.5921721752479248 -0.06608106010080185
v 0.06718343461487579 0.5915485622479248 -0.06740893800080185
v 0.0683111326148758 0.5918006602479249 -0.06719319710080185
v 0.02665509261487578 0.7356870172479248 0.017286725799198155
v 0.0244988056148758 0.7398447092479248 0.01683574879919815
v 0.025326400614875788 0.7401218112479249 0.01763204479919815
v 0.025773793614875806 0.7355875072479248 0.016511931799198146
v 0.02798375461487579 0.7317248282479247 0.01646955279919815
v 0.027086883614875795 0.7316998242479248 0.015710048799198156
v 0.029307380614875783 0.7274831832479248 0.016139246799198148
v 0.028405591614875797 0.7274801432479248 0.015384860799198152
v 0.030506893614875796 0.7236612442479249 0.015564314799198148
v 0.029596060614875797 0.7236954272479248 0.014821499599198151
v 0.029307380614875783 0.7274831832479248 0.016139246799198148
v 0.031756266614875794 0.7199260592479249 0.01489926079919815
v 0.0308310836148758 0.7200151682479248 0.014178641099198155
v 0.03281448761487579 0.7163099352479247 0.013357877699198148
v 0.0318686816148758 0.7164704802479248 0.01267667109919815
v 0.03387446661487578 0.7126958962479248 0.011013649399198147
v 0.0329012726148758 0.7129400372479249 0.010397940899198155
v 0.03144636761487579 0.7240958212479248 0.015006206799198146
v 0.03267687561487578 0.7204326392479248 0.014370538299198155
v 0.033709987614875786 0.7169038352479248 0.012877292899198145
v 0.034738272614875804 0.7133868332479247 0.010608948799198145
v 0.03572207661487578 0.7109559472479248 0.008199579999198153
v 0.034894376614875794 0.7101747092479248 0.008501872399198154
v 0.035249471614875794 0.7117066682479247 0.007427871199198147
v 0.0342989716148758 0.7140575942479248 0.009743139099198148
v 0.0333175806148758 0.7174311582479248 0.011899076399198155
v 0.030260696614875793 0.7278610172479247 0.015563562799198155
v 0.02798375461487579 0.7317248282479247 0.01646955279919815
v 0.03232057361487578 0.7208354772479248 0.013323143099198145
v 0.028946861614875807 0.7320580782479248 0.015883251799198153
v 0.02665509261487578 0.7356870172479248 0.017286725799198155
v 0.031116172614875787 0.7243997752479248 0.013918504099198148
v 0.029948085614875802 0.7280911202479248 0.014453440899198144
v 0.028645262614875794 0.7322387392479248 0.014761350999198147
v 0.0276180956148758 0.7360227112479247 0.016701422799198146
v 0.025326400614875788 0.7401218112479249 0.01763204479919815
v 0.02733199261487579 0.7361307442479248 0.015564925799198145
v 0.02626828861487579 0.7405283152479247 0.017055548799198156
v 0.0321795796148758 0.7171632352479248 0.011775091299198154
v 0.031179889614875805 0.7205772992479248 0.013204537299198155
v 0.0331636666148758 0.7137817142479248 0.009612753999198156
v 0.03412966461487579 0.7113893032479248 0.007253274299198156
v 0.03573198661487578 0.7085778712479248 0.0036944001991981446
v 0.036803573614875795 0.7089782652479248 0.003980100199198144
v 0.03572207661487578 0.7109559472479248 0.008199579999198153
v 0.03726668661487578 0.7082482872479248 0.004778802399198145
v 0.0329012726148758 0.7129400372479249 0.010397940899198155
v 0.034894376614875794 0.7101747092479248 0.008501872399198154
v 0.0318686816148758 0.7164704802479248 0.01267667109919815
v 0.0308310836148758 0.7200151682479248 0.014178641099198155
v 0.029972568614875794 0.7241519692479248 0.01380430909919815
v 0.029948085614875802 0.7280911202479248 0.014453440899198144
v 0.028801590614875805 0.7278555032479248 0.014342948799198146
v 0.028645262614875794 0.7322387392479248 0.014761350999198147
v 0.02749566761487579 0.7320171892479248 0.014654256399198151
v 0.036481365614875805 0.7073968352479247 0.004986800299198152
v 0.0395108606148758 0.7056677042479248 0.00146519389919815
v 0.038767084614875796 0.7047686572479248 0.001612007599198148
v 0.03553287661487578 0.7076006832479248 0.004316702499198147
v 0.0378894656148758 0.7048907282479249 0.0008371993991981574
v 0.04226404461487579 0.7030663792479248 -0.0016862974008018533
v 0.04154947361487579 0.7021392582479248 -0.0015730038008018449
v 0.04529979861487579 0.7004443112479248 -0.004764497300801848
v 0.04459646361487579 0.6995080412479249 -0.004662603100801854
v 0.026192083614875794 0.7358615692479248 0.015447817799198155
v 0.027086883614875795 0.7316998242479248 0.015710048799198156
v 0.025773793614875806 0.7355875072479248 0.016511931799198146
v 0.026022896614875807 0.7405026852479248 0.01590305579919815
v 0.024929284614875785 0.7400803272479248 0.01576724679919815
v 0.0244988056148758 0.7398447092479248 0.01683574879919815
v 0.024156093614875807 0.7449449602479248 0.017239153799198145
v 0.023973405614875792 0.7447917762479248 0.01608654079919815
v 0.022957086614875805 0.7442125382479248 0.015950642799198153
v 0.023252695614875807 0.7444603442479247 0.01781555279919815
v 0.02251158661487579 0.7440080942479248 0.017019249799198152
v 0.021540388614875783 0.7492054702479248 0.017285905799198156
v 0.0214057866148758 0.7489771842479248 0.016140199799198146
v 0.020448699614875804 0.7483057972479248 0.016012601799198153
v 0.020666494614875797 0.7486750482479247 0.017866514799198152
v 0.019991695614875793 0.7481190262479248 0.01707960679919815
v 0.01864469061487578 0.7530966102479248 0.017065226799198155
v 0.01853469061487578 0.7528347672479248 0.015924445799198148
v 0.017608195614875782 0.7521212692479249 0.01580312879919815
v 0.01778610061487579 0.7525454462479249 0.017648927799198147
v 0.017145499614875798 0.7519424262479248 0.016868926799198145
v 0.01568479861487579 0.7569643852479249 0.016419626799198145
v 0.01557390361487579 0.7567037642479248 0.01527863779919815
v 0.014646604614875797 0.7559908922479248 0.015157125799198146
v 0.014825984614875803 0.7564132512479248 0.017003237799198156
v 0.014184400614875803 0.7558114532479248 0.016222946799198154
v 0.0128743946148758 0.7608083782479248 0.015861235799198153
v 0.012736886614875792 0.7605843842479247 0.014715030799198156
v 0.011777192614875781 0.7599160672479248 0.014587029799198153
v 0.011999606614875785 0.7602792082479248 0.016441724799198157
v 0.011321499614875802 0.7597274482479248 0.015654228799198144
v 0.009501397614875784 0.7642220852479248 0.016108624799198154
v 0.008798405614875798 0.7637099922479248 0.015317827799198144
v 0.009249493614875787 0.7639053162479248 0.014250040099198155
v 0.010387003614875795 0.7647341792479248 0.01552963979919815
v 0.010231390614875796 0.7645382582479248 0.014380939299198148
v 0.009501397614875784 0.7642220852479248 0.016108624799198154
v 0.009249493614875787 0.7639053162479248 0.014250040099198155
v 0.008798405614875798 0.7637099922479248 0.015317827799198144
v 0.028405591614875797 0.7274801432479248 0.015384860799198152
v 0.02749566761487579 0.7320171892479248 0.014654256399198151
v 0.027086883614875795 0.7316998242479248 0.015710048799198156
v 0.028801590614875805 0.7278555032479248 0.014342948799198146
v 0.029596060614875797 0.7236954272479248 0.014821499599198151
v 0.029972568614875794 0.7241519692479248 0.01380430909919815
v 0.033910170614875806 0.7104420362479248 0.00791697199919815
v 0.0329012726148758 0.7129400372479249 0.010397940899198155
v 0.03387446661487578 0.7126958962479248 0.011013649399198147
v 0.036481365614875805 0.7073968352479247 0.004986800299198152
v 0.03553287661487578 0.7076006832479248 0.004316702499198147
v 0.033910170614875806 0.7104420362479248 0.00791697199919815
v 0.040924548614875794 0.7031878532479248 -0.0030322000008018435
v 0.04187785061487578 0.7037145792479248 -0.002588100700801843
v 0.039093091614875786 0.7063452002479248 0.0005996003991981524
v 0.03809097361487579 0.7058654722479247 0.0002114995991981533
v 0.0407216846148758 0.7022149562479247 -0.0024047941008018547
v 0.0378894656148758 0.7048907282479249 0.0008371993991981574
v 0.04154947361487579 0.7021392582479248 -0.0015730038008018449
v 0.0378894656148758 0.7048907282479249 0.0008371993991981574
v 0.038767084614875796 0.7047686572479248 0.001612007599198148
v 0.0407216846148758 0.7022149562479247 -0.0024047941008018547
v 0.04459646361487579 0.6995080412479249 -0.004662603100801854
v 0.0437878666148758 0.6995666322479248 -0.005514003300801845
v 0.0437878666148758 0.6995666322479248 -0.005514003300801845
v 0.040924548614875794 0.7031878532479248 -0.0030322000008018435
v 0.0407216846148758 0.7022149562479247 -0.0024047941008018547
v 0.0439914616148758 0.7005395292479248 -0.00614190100080185
v 0.048758506614875796 0.6969408992479248 -0.008630901600801849
v 0.04187785061487578 0.7037145792479248 -0.002588100700801843
v 0.048961400614875805 0.6979144212479248 -0.009258307500801852
v 0.05097936061487579 0.6943346862479248 -0.011813096700801856
v 0.0449258686148758 0.7010821402479248 -0.005678698400801846
v 0.051180362614875796 0.6953094302479248 -0.012438297300801843
v 0.05337223361487578 0.6917144652479248 -0.015150100000801844
v 0.04990890661487579 0.6984454092479249 -0.008808195600801844
v 0.052171438614875804 0.6958007512479247 -0.012036703500801854
v 0.0535719396148758 0.6926904022479248 -0.015773497500801856
v 0.04226404461487579 0.7030663792479248 -0.0016862974008018533
v 0.0395108606148758 0.7056677042479248 0.00146519389919815
v 0.039093091614875786 0.7063452002479248 0.0005996003991981524
v 0.03726668661487578 0.7082482872479248 0.004778802399198145
v 0.036803573614875795 0.7089782652479248 0.003980100199198144
v 0.03809097361487579 0.7058654722479247 0.0002114995991981533
v 0.03573198661487578 0.7085778712479248 0.0036944001991981446
v 0.0378894656148758 0.7048907282479249 0.0008371993991981574
v 0.03553287661487578 0.7076006832479248 0.004316702499198147
v 0.03412966461487579 0.7113893032479248 0.007253274299198156
v 0.033910170614875806 0.7104420362479248 0.00791697199919815
v 0.0331636666148758 0.7137817142479248 0.009612753999198156
v 0.04990890661487579 0.6984454092479249 -0.008808195600801844
v 0.0449258686148758 0.7010821402479248 -0.005678698400801846
v 0.05029159761487578 0.6978002782479248 -0.007902808500801856
v 0.052171438614875804 0.6958007512479247 -0.012036703500801854
v 0.0495805886148758 0.6968707142479248 -0.007793195500801847
v 0.0437878666148758 0.6995666322479248 -0.005514003300801845
v 0.048758506614875796 0.6969408992479248 -0.008630901600801849
v 0.0525830686148758 0.6951287682479248 -0.011163301800801856
v 0.0518462506148758 0.6942230162479248 -0.011025100900801846
v 0.05097936061487579 0.6943346862479248 -0.011813096700801856
v 0.05426564861487579 0.6915734712479248 -0.014398999500801854
v 0.055017515614875806 0.6924633682479249 -0.01455829290080185
v 0.0545888246148758 0.6931536792479248 -0.015407808100801848
v 0.05426564861487579 0.6915734712479248 -0.014398999500801854
v 0.051180362614875796 0.6953094302479248 -0.012438297300801843
v 0.0535719396148758 0.6926904022479248 -0.015773497500801856
v 0.05337223361487578 0.6917144652479248 -0.015150100000801844
v 0.013862073614875792 0.4704534862479248 -0.09680742120080185
v 0.015012964614875807 0.4705535772479248 -0.09702760540080185
v 0.0012062786148757942 0.4567481502479248 -0.09578903950080185
v 0.000548452614875794 0.45770380624792484 -0.09558655600080185
v 0.01331756961487579 0.47021025424792484 -0.09782068060080185
v 0.001168325614875787 0.4565211012479248 -0.09694206060080185
v 0.01517985761487578 0.4703723042479248 -0.09817704930080184
v 0.00010400961487580518 0.4580674242479248 -0.09661438780080185
v 0.014132082614875807 0.4701602012479248 -0.09866723790080185
v 0.000487014614875797 0.4573362992479248 -0.09745217110080184
v -0.009856000385124214 0.4481955242479248 -0.08996687736080185
v -0.009909480385124209 0.4479550052479248 -0.09111632174080185
v -0.010681986385124215 0.4486939532479248 -0.09160651034080185
v -0.011106073385124204 0.4493911642479248 -0.09075995302080185
v -0.010595440385124194 0.4490830902479248 -0.08974669315080185
v 0.012987479614875785 0.4804528652479248 -0.09850770790080185
v 0.014147654614875799 0.4804470692479248 -0.09871019140080185
v 0.0012062786148757942 0.4686157552479248 -0.09578903950080185
v 0.000548452614875794 0.4695714112479248 -0.09558655600080185
v 0.012435167614875786 0.4802957032479248 -0.09953553970080185
v 0.001168325614875787 0.4683886912479248 -0.09694206060080185
v 0.014312356614875787 0.48028624024792477 -0.09986321260080185
v 0.00010400961487580518 0.4699350292479248 -0.09661438780080185
v 0.0132540616148758 0.4801925572479248 -0.10037332310080185
v 0.000487014614875797 0.4692039042479248 -0.09745217110080184
v -0.009856000385124214 0.4600631222479248 -0.08996687736080185
v -0.009909480385124209 0.4598226022479248 -0.09111632174080185
v -0.010681986385124215 0.4605615512479248 -0.09160651034080185
v -0.011106073385124204 0.4612587612479248 -0.09075995302080185
v -0.010595440385124194 0.4609506872479248 -0.08974669315080185
v 0.013459160614875787 0.49045377924792477 -0.09965608460080184
v 0.0146132706148758 0.4903210252479248 -0.09984430110080185
v 0.0012062786148757942 0.4786870782479248 -0.09578903950080185
v 0.000548452614875794 0.4796427342479248 -0.09558655600080185
v 0.0129123626148758 0.4904183892479248 -0.10069780140080185
v 0.001168325614875787 0.4784600292479248 -0.09694206060080185
v 0.014779865614875792 0.4902035442479248 -0.10100229080080185
v 0.00010400961487580518 0.4800063522479248 -0.09661438780080185
v 0.013728678614875783 0.4902633582479248 -0.10152978640080185
v 0.000487014614875797 0.47927522624792485 -0.09745217110080184
v -0.009856000385124214 0.47013445224792483 -0.08996687736080185
v -0.009909480385124209 0.4698939322479248 -0.09111632174080185
v -0.010681986385124215 0.4706328812479248 -0.09160651034080185
v -0.011106073385124204 0.4713300912479248 -0.09075995302080185
v -0.010595440385124194 0.4710220252479248 -0.08974669315080185
v 0.013862073614875792 0.4704534862479248 -0.09680742120080185
v 0.015012964614875807 0.4705535772479248 -0.09702760540080185
v 0.024811476614875788 0.4586501572479248 -0.09361155331080184
v 0.024019330614875795 0.45780253424792483 -0.09340906888080185
v 0.01331756961487579 0.47021025424792484 -0.09782068060080185
v 0.025041371614875796 0.4586618322479248 -0.09476457443080186
v 0.01517985761487578 0.4703723042479248 -0.09817704930080184
v 0.023759603614875807 0.4572903732479248 -0.09443690162080184
v 0.014132082614875807 0.4701602012479248 -0.09866723790080185
v 0.024391457614875794 0.4578214142479248 -0.09527468490080185
v 0.03463195261487578 0.4512918372479248 -0.08713215683080185
v 0.03487835861487579 0.4512912632479248 -0.08828160120080185
v 0.0343224856148758 0.45037814224792483 -0.08877178980080185
v 0.0337325786148758 0.4498142152479248 -0.08792523225080184
v 0.033923849614875795 0.4503790962479248 -0.08691197238080185
v 0.012987479614875785 0.4804528652479248 -0.09850770790080185
v 0.014147654614875799 0.4804470692479248 -0.09871019140080185
v 0.024811476614875788 0.4705177542479248 -0.09361155331080184
v 0.024019330614875795 0.4696701322479248 -0.09340906888080185
v 0.012435167614875786 0.4802957032479248 -0.09953553970080185
v 0.025041371614875796 0.4705294222479248 -0.09476457443080186
v 0.014312356614875787 0.48028624024792477 -0.09986321260080185
v 0.023759603614875807 0.4691579642479248 -0.09443690162080184
v 0.0132540616148758 0.4801925572479248 -0.10037332310080185
v 0.024391457614875794 0.46968901124792484 -0.09527468490080185
v 0.03463195261487578 0.46315943424792483 -0.08713215683080185
v 0.03487835861487579 0.4631588612479248 -0.08828160120080185
v 0.0343224856148758 0.4622457402479248 -0.08877178980080185
v 0.0337325786148758 0.4616818132479248 -0.08792523225080184
v 0.033923849614875795 0.4622466932479248 -0.08691197238080185
v 0.013459160614875787 0.49045377924792477 -0.09965608460080184
v 0.0146132706148758 0.4903210252479248 -0.09984430110080185
v 0.024811476614875788 0.4805890922479248 -0.09361155331080184
v 0.024019330614875795 0.4797414692479248 -0.09340906888080185
v 0.0129123626148758 0.4904183892479248 -0.10069780140080185
v 0.025041371614875796 0.4806007592479248 -0.09476457443080186
v 0.014779865614875792 0.4902035442479248 -0.10100229080080185
v 0.023759603614875807 0.47922930124792484 -0.09443690162080184
v 0.013728678614875783 0.4902633582479248 -0.10152978640080185
v 0.024391457614875794 0.47976034924792477 -0.09527468490080185
v 0.03463195261487578 0.4732307642479248 -0.08713215683080185
v 0.03487835861487579 0.4732301982479248 -0.08828160120080185
v 0.0343224856148758 0.4723170702479248 -0.08877178980080185
v 0.0337325786148758 0.4717531502479248 -0.08792523225080184
v 0.033923849614875795 0.4723180232479248 -0.08691197238080185
f 3/3/3 2/2/2 1/1/1
f 2/2/2 4/4/4 1/1/1
f 4/4/4 2/2/2 5/5/5
f 5/5/5 2/2/2 6/6/6
f 2/2/2 7/7/7 6/6/6
f 2/2/2 8/8/8 7/7/7
f 5/5/5 6/6/6 9/9/9
f 10/10/10 5/5/5 9/9/9
f 8/8/8 11/11/11 7/7/7
f 8/8/8 12/12/12 11/11/11
f 12/12/12 10/10/10 13/13/13
f 10/10/10 9/9/9 13/13/13
f 12/12/12 13/13/13 11/11/11
f 6/6/6 7/7/7 14/14/14
f 9/9/9 6/6/6 15/15/15
f 6/6/6 14/14/14 15/15/15
f 7/7/7 11/11/11 16/16/16
f 7/7/7 16/16/16 14/14/14
f 13/13/13 9/9/9 17/17/17
f 9/9/9 15/15/15 17/17/17
f 11/11/11 13/13/13 18/18/18
f 11/11/11 18/18/18 16/16/16
f 13/13/13 17/17/17 18/18/18
f 14/14/14 16/16/16 19/19/19
f 15/15/15 14/14/14 20/20/20
f 14/14/14 19/19/19 20/20/20
f 16/16/16 18/18/18 21/21/21
f 16/16/16 21/21/21 19/19/19
f 17/17/17 15/15/15 22/22/22
f 15/15/15 20/20/20 22/22/22
f 18/18/18 17/17/17 23/23/23
f 18/18/18 23/23/23 21/21/21
f 17/17/17 22/22/22 23/23/23
f 19/19/19 21/21/21 24/24/24
f 20/20/20 19/19/19 25/25/25
f 19/19/19 24/24/24 25/25/25
f 21/21/21 23/23/23 26/26/26
f 21/21/21 26/26/26 24/24/24
f 22/22/22 20/20/20 27/27/27
f 20/20/20 25/25/25 27/27/27
f 23/23/23 22/22/22 28/28/28
f 23/23/23 28/28/28 26/26/26
f 22/22/22 27/27/27 28/28/28
f 24/24/24 26/26/26 29/29/29
f 25/25/25 24/24/24 30/30/30
f 24/24/24 29/29/29 30/30/30
f 26/26/26 28/28/28 31/31/31
f 26/26/26 31/31/31 29/29/29
f 27/27/27 25/25/25 32/32/32
f 25/25/25 30/30/30 32/32/32
f 28/28/28 27/27/27 33/33/33
f 28/28/28 33/33/33 31/31/31
f 27/27/27 32/32/32 33/33/33
f 29/29/29 31/31/31 34/34/34
f 30/30/30 29/29/29 35/35/35
f 29/29/29 34/34/34 35/35/35
f 31/31/31 33/33/33 36/36/36
f 31/31/31 36/36/36 34/34/34
f 32/32/32 30/30/30 37/37/37
f 30/30/30 35/35/35 37/37/37
f 33/33/33 32/32/32 38/38/38
f 33/33/33 38/38/38 36/36/36
f 32/32/32 37/37/37 38/38/38
f 34/34/34 36/36/36 39/39/39
f 35/35/35 34/34/34 40/40/40
f 34/34/34 39/39/39 40/40/40
f 36/36/36 38/38/38 41/41/41
f 36/36/36 41/41/41 39/39/39
f 37/37/37 35/35/35 42/42/42
f 35/35/35 40/40/40 42/42/42
f 38/38/38 37/37/37 43/43/43
f 38/38/38 43/43/43 41/41/41
f 37/37/37 42/42/42 43/43/43
f 39/39/39 41/41/41 44/44/44
f 40/40/40 39/39/39 45/45/45
f 39/39/39 44/44/44 45/45/45
f 41/41/41 43/43/43 46/46/46
f 41/41/41 46/46/46 44/44/44
f 42/42/42 40/40/40 47/47/47
f 40/40/40 45/45/45 47/47/47
f 43/43/43 42/42/42 48/48/48
f 43/43/43 48/48/48 46/46/46
f 42/42/42 47/47/47 48/48/48
f 44/44/44 46/46/46 49/49/49
f 45/45/45 44/44/44 50/50/50
f 44/44/44 49/49/49 50/50/50
f 46/46/46 48/48/48 51/51/51
f 46/46/46 51/51/51 49/49/49
f 47/47/47 45/45/45 52/52/52
f 45/45/45 50/50/50 52/52/52
f 48/48/48 47/47/47 53/53/53
f 48/48/48 53/53/53 51/51/51
f 47/47/47 52/52/52 53/53/53
f 49/49/49 51/51/51 54/54/54
f 50/50/50 49/49/49 55/55/55
f 49/49/49 54/54/54 55/55/55
f 51/51/51 53/53/53 56/56/56
f 51/51/51 56/56/56 54/54/54
f 52/52/52 50/50/50 57/57/57
f 50/50/50 55/55/55 57/57/57
f 53/53/53 52/52/52 58/58/58
f 53/53/53 58/58/58 56/56/56
f 52/52/52 57/57/57 58/58/58
f 54/54/54 56/56/56 59/59/59
f 55/55/55 54/54/54 60/60/60
f 54/54/54 59/59/59 60/60/60
f 56/56/56 58/58/58 61/61/61
f 56/56/56 61/61/61 59/59/59
f 57/57/57 55/55/55 62/62/62
f 55/55/55 60/60/60 62/62/62
f 58/58/58 57/57/57 63/63/63
f 58/58/58 63/63/63 61/61/61
f 57/57/57 62/62/62 63/63/63
f 59/59/59 61/61/61 64/64/64
f 60/60/60 59/59/59 65/65/65
f 59/59/59 64/64/64 65/65/65
f 61/61/61 63/63/63 66/66/66
f 61/61/61 66/66/66 64/64/64
f 62/62/62 60/60/60 67/67/67
f 60/60/60 65/65/65 67/67/67
f 63/63/63 62/62/62 68/68/68
f 63/63/63 68/68/68 66/66/66
f 62/62/62 67/67/67 68/68/68
f 64/64/64 66/66/66 69/69/69
f 65/65/65 64/64/64 70/70/70
f 64/64/64 69/69/69 70/70/70
f 66/66/66 68/68/68 71/71/71
f 66/66/66 71/71/71 69/69/69
f 67/67/67 65/65/65 72/72/72
f 65/65/65 70/70/70 72/72/72
f 68/68/68 67/67/67 73/73/73
f 68/68/68 73/73/73 71/71/71
f 67/67/67 72/72/72 73/73/73
f 69/69/69 71/71/71 74/74/74
f 70/70/70 69/69/69 75/75/75
f 69/69/69 74/74/74 75/75/75
f 71/71/71 73/73/73 76/76/76
f 71/71/71 76/76/76 74/74/74
f 72/72/72 70/70/70 77/77/77
f 70/70/70 75/75/75 77/77/77
f 73/73/73 72/72/72 78/78/78
f 73/73/73 78/78/78 76/76/76
f 72/72/72 77/77/77 78/78/78
f 74/74/74 76/76/76 79/79/79
f 75/75/75 74/74/74 80/80/80
f 74/74/74 79/79/79 80/80/80
f 76/76/76 78/78/78 81/81/81
f 76/76/76 81/81/81 79/79/79
f 77/77/77 75/75/75 82/82/82
f 75/75/75 80/80/80 82/82/82
f 78/78/78 77/77/77 83/83/83
f 78/78/78 83/83/83 81/81/81
f 77/77/77 82/82/82 83/83/83
f 79/79/79 81/81/81 84/84/84
f 80/80/80 79/79/79 85/85/85
f 79/79/79 84/84/84 85/85/85
f 81/81/81 83/83/83 86/86/86
f 81/81/81 86/86/86 84/84/84
f 82/82/82 80/80/80 87/87/87
f 80/80/80 85/85/85 87/87/87
f 83/83/83 82/82/82 88/88/88
f 83/83/83 88/88/88 86/86/86
f 82/82/82 87/87/87 88/88/88
f 84/84/84 86/86/86 89/89/89
f 85/85/85 84/84/84 90/90/90
f 84/84/84 89/89/89 90/90/90
f 86/86/86 88/88/88 91/91/91
f 86/86/86 91/91/91 89/89/89
f 87/87/87 85/85/85 92/92/92
f 85/85/85 90/90/90 92/92/92
f 88/88/88 87/87/87 93/93/93
f 88/88/88 93/93/93 91/91/91
f 87/87/87 92/92/92 93/93/93
f 89/89/89 91/91/91 94/94/94
f 90/90/90 89/89/89 95/95/95
f 89/89/89 94/94/94 95/95/95
f 91/91/91 93/93/93 96/96/96
f 91/91/91 96/96/96 94/94/94
f 92/92/92 90/90/90 97/97/97
f 90/90/90 95/95/95 97/97/97
f 93/93/93 92/92/92 98/98/98
f 93/93/93 98/98/98 96/96/96
f 92/92/92 97/97/97 98/98/98
f 94/94/94 96/96/96 99/99/99
f 95/95/95 94/94/94 100/100/100
f 94/94/94 99/99/99 100/100/100
f 96/96/96 98/98/98 101/101/101
f 96/96/96 101/101/101 99/99/99
f 97/97/97 95/95/95 102/102/102
f 95/95/95 100/100/100 102/102/102
f 98/98/98 97/97/97 103/103/103
f 98/98/98 103/103/103 101/101/101
f 97/97/97 102/102/102 103/103/103
f 99/99/99 101/101/101 104/104/104
f 100/100/100 99/99/99 105/105/105
f 99/99/99 104/104/104 105/105/105
f 101/101/101 103/103/103 106/106/106
f 101/101/101 106/106/106 104/104/104
f 102/102/102 100/100/100 107/107/107
f 100/100/100 105/105/105 107/107/107
f 103/103/103 102/102/102 108/108/108
f 103/103/103 108/108/108 106/106/106
f 102/102/102 107/107/107 108/108/108
f 104/104/104 106/106/106 109/109/109
f 105/105/105 104/104/104 110/110/110
f 104/104/104 109/109/109 110/110/110
f 106/106/106 108/108/108 111/111/111
f 106/106/106 111/111/111 109/109/109
f 107/107/107 105/105/105 112/112/112
f 105/105/105 110/110/110 112/112/112
f 108/108/108 107/107/107 113/113/113
f 108/108/108 113/113/113 111/111/111
f 107/107/107 112/112/112 113/113/113
f 109/109/109 111/111/111 114/114/114
f 110/110/110 109/109/109 115/115/115
f 109/109/109 114/114/114 115/115/115
f 111/111/111 113/113/113 116/116/116
f 111/111/111 116/116/116 114/114/114
f 112/112/112 110/110/110 117/117/117
f 110/110/110 115/115/115 117/117/117
f 113/113/113 112/112/112 118/118/118
f 113/113/113 118/118/118 116/116/116
f 112/112/112 117/117/117 118/118/118
f 114/114/114 116/116/116 119/119/119
f 115/115/115 114/114/114 120/120/120
f 114/114/114 119/119/119 120/120/120
f 116/116/116 118/118/118 121/121/121
f 116/116/116 121/121/121 119/119/119
f 117/117/117 115/115/115 122/122/122
f 115/115/115 120/120/120 122/122/122
f 118/118/118 117/117/117 123/123/123
f 118/118/118 123/123/123 121/121/121
f 117/117/117 122/122/122 123/123/123
f 119/119/119 121/121/121 124/124/124
f 120/120/120 119/119/119 125/125/125
f 119/119/119 124/124/124 125/125/125
f 121/121/121 123/123/123 126/126/126
f 121/121/121 126/126/126 124/124/124
f 122/122/122 120/120/120 127/127/127
f 120/120/120 125/125/125 127/127/127
f 123/123/123 122/122/122 128/128/128
f 123/123/123 128/128/128 126/126/126
f 122/122/122 127/127/127 128/128/128
f 124/124/124 126/126/126 129/129/129
f 125/125/125 124/124/124 130/130/130
f 124/124/124 129/129/129 130/130/130
f 126/126/126 128/128/128 131/131/131
f 126/126/126 131/131/131 129/129/129
f 127/127/127 125/125/125 132/132/132
f 125/125/125 130/130/130 132/132/132
f 128/128/128 127/127/127 133/133/133
f 128/128/128 133/133/133 131/131/131
f 127/127/127 132/132/132 133/133/133
f 129/129/129 131/131/131 134/134/134
f 130/130/130 129/129/129 135/135/135
f 129/129/129 134/134/134 135/135/135
f 131/131/131 133/133/133 136/136/136
f 131/131/131 136/136/136 134/134/134
f 132/132/132 130/130/130 137/137/137
f 130/130/130 135/135/135 137/137/137
f 133/133/133 132/132/132 138/138/138
f 133/133/133 138/138/138 136/136/136
f 132/132/132 137/137/137 138/138/138
f 134/134/134 136/136/136 139/139/139
f 135/135/135 134/134/134 140/140/140
f 134/134/134 139/139/139 140/140/140
f 136/136/136 138/138/138 141/141/141
f 136/136/136 141/141/141 139/139/139
f 137/137/137 135/135/135 142/142/142
f 135/135/135 140/140/140 142/142/142
f 138/138/138 137/137/137 143/143/143
f 138/138/138 143/143/143 141/141/141
f 137/137/137 142/142/142 143/143/143
f 139/139/139 141/141/141 144/144/144
f 140/140/140 139/139/139 145/145/145
f 139/139/139 144/144/144 145/145/145
f 141/141/141 143/143/143 146/146/146
f 141/141/141 146/146/146 144/144/144
f 142/142/142 140/140/140 147/147/147
f 140/140/140 145/145/145 147/147/147
f 143/143/143 142/142/142 148/148/148
f 143/143/143 148/148/148 146/146/146
f 142/142/142 147/147/147 148/148/148
f 144/144/144 146/146/146 149/149/149
f 145/145/145 144/144/144 150/150/150
f 144/144/144 149/149/149 150/150/150
f 146/146/146 148/148/148 151/151/151
f 146/146/146 151/151/151 149/149/149
f 147/147/147 145/145/145 152/152/152
f 145/145/145 150/150/150 152/152/152
f 148/148/148 147/147/147 153/153/153
f 148/148/148 153/153/153 151/151/151
f 147/147/147 152/152/152 153/153/153
f 149/149/149 151/151/151 154/154/154
f 150/150/150 149/149/149 155/155/155
f 149/149/149 154/154/154 155/155/155
f 151/151/151 153/153/153 156/156/156
f 151/151/151 156/156/156 154/154/154
f 152/152/152 150/150/150 157/157/157
f 150/150/150 155/155/155 157/157/157
f 153/153/153 152/152/152 158/158/158
f 153/153/153 158/158/158 156/156/156
f 152/152/152 157/157/157 158/158/158
f 154/154/154 156/156/156 159/159/159
f 155/155/155 154/154/154 160/160/160
f 154/154/154 159/159/159 160/160/160
f 156/156/156 158/158/158 161/161/161
f 156/156/156 161/161/161 159/159/159
f 157/157/157 155/155/155 162/162/162
f 155/155/155 160/160/160 162/162/162
f 158/158/158 157/157/157 163/163/163
f 158/158/158 163/163/163 161/161/161
f 157/157/157 162/162/162 163/163/163
f 159/159/159 161/161/161 164/164/164
f 160/160/160 159/159/159 165/165/165
f 159/159/159 164/164/164 165/165/165
f 161/161/161 163/163/163 166/166/166
f 161/161/161 166/166/166 164/164/164
f 162/162/162 160/160/160 167/167/167
f 160/160/160 165/165/165 167/167/167
f 163/163/163 162/162/162 168/168/168
f 163/163/163 168/168/168 166/166/166
f 162/162/162 167/167/167 168/168/168
f 164/164/164 166/166/166 169/169/169
f 165/165/165 164/164/164 170/170/170
f 164/164/164 169/169/169 170/170/170
f 166/166/166 168/168/168 171/171/171
f 166/166/166 171/171/171 169/169/169
f 167/167/167 165/165/165 172/172/172
f 165/165/165 170/170/170 172/172/172
f 168/168/168 167/167/167 173/173/173
f 168/168/168 173/173/173 171/171/171
f 167/167/167 172/172/172 173/173/173
f 169/169/169 171/171/171 174/174/174
f 170/170/170 169/169/169 175/175/175
f 169/169/169 174/174/174 175/175/175
f 171/171/171 173/173/173 176/176/176
f 171/171/171 176/176/176 174/174/174
f 172/172/172 170/170/170 177/177/177
f 170/170/170 175/175/175 177/177/177
f 173/173/173 172/172/172 178/178/178
f 173/173/173 178/178/178 176/176/176
f 172/172/172 177/177/177 178/178/178
f 174/174/174 176/176/176 179/179/179
f 175/175/175 174/174/174 180/180/180
f 174/174/174 179/179/179 180/180/180
f 176/176/176 178/178/178 181/181/181
f 176/176/176 181/181/181 179/179/179
f 177/177/177 175/175/175 182/182/182
f 175/175/175 180/180/180 182/182/182
f 178/178/178 177/177/177 183/183/183
f 178/178/178 183/183/183 181/181/181
f 177/177/177 182/182/182 183/183/183
f 179/179/179 181/181/181 184/184/184
f 180/180/180 179/179/179 185/185/185
f 179/179/179 184/184/184 185/185/185
f 181/181/181 183/183/183 186/186/186
f 181/181/181 186/186/186 184/184/184
f 182/182/182 180/180/180 187/187/187
f 180/180/180 185/185/185 187/187/187
f 183/183/183 182/182/182 188/188/188
f 183/183/183 188/188/188 186/186/186
f 182/182/182 187/187/187 188/188/188
f 184/184/184 186/186/186 189/189/189
f 185/185/185 184/184/184 190/190/190
f 184/184/184 189/189/189 190/190/190
f 186/186/186 188/188/188 191/191/191
f 186/186/186 191/191/191 189/189/189
f 187/187/187 185/185/185 192/192/192
f 185/185/185 190/190/190 192/192/192
f 188/188/188 187/187/187 193/193/193
f 188/188/188 193/193/193 191/191/191
f 187/187/187 192/192/192 193/193/193
f 189/189/189 191/191/191 194/194/194
f 190/190/190 189/189/189 195/195/195
f 189/189/189 194/194/194 195/195/195
f 191/191/191 193/193/193 196/196/196
f 191/191/191 196/196/196 194/194/194
f 192/192/192 190/190/190 197/197/197
f 190/190/190 195/195/195 197/197/197
f 193/193/193 192/192/192 198/198/198
f 193/193/193 198/198/198 196/196/196
f 192/192/192 197/197/197 198/198/198
f 194/194/194 196/196/196 199/199/199
f 195/195/195 194/194/194 200/200/200
f 194/194/194 199/199/199 200/200/200
f 196/196/196 198/198/198 201/201/201
f 196/196/196 201/201/201 199/199/199
f 197/197/197 195/195/195 202/202/202
f 195/195/195 200/200/200 202/202/202
f 198/198/198 197/197/197 203/203/203
f 198/198/198 203/203/203 201/201/201
f 197/197/197 202/202/202 203/203/203
f 199/199/199 201/201/201 204/204/204
f 200/200/200 199/199/199 205/205/205
f 199/199/199 204/204/204 205/205/205
f 201/201/201 203/203/203 206/206/206
f 201/201/201 206/206/206 204/204/204
f 202/202/202 200/200/200 207/207/207
f 200/200/200 205/205/205 207/207/207
f 203/203/203 202/202/202 208/208/208
f 203/203/203 208/208/208 206/206/206
f 202/202/202 207/207/207 208/208/208
f 204/204/204 206/206/206 209/209/209
f 205/205/205 204/204/204 210/210/210
f 204/204/204 209/209/209 210/210/210
f 206/206/206 208/208/208 211/211/211
f 206/206/206 211/211/211 209/209/209
f 207/207/207 205/205/205 212/212/212
f 205/205/205 210/210/210 212/212/212
f 208/208/208 207/207/207 213/213/213
f 208/208/208 213/213/213 211/211/211
f 207/207/207 212/212/212 213/213/213
f 209/209/209 211/211/211 214/214/214
f 210/210/210 209/209/209 215/215/215
f 209/209/209 214/214/214 215/215/215
f 211/211/211 213/213/213 216/216/216
f 211/211/211 216/216/216 214/214/214
f 212/212/212 210/210/210 217/217/217
f 210/210/210 215/215/215 217/217/217
f 213/213/213 212/212/212 218/218/218
f 213/213/213 218/218/218 216/216/216
f 212/212/212 217/217/217 218/218/218
f 214/214/214 216/216/216 219/219/219
f 215/215/215 214/214/214 220/220/220
f 214/214/214 219/219/219 220/220/220
f 216/216/216 218/218/218 221/221/221
f 216/216/216 221/221/221 219/219/219
f 217/217/217 215/215/215 222/222/222
f 215/215/215 220/220/220 222/222/222
f 218/218/218 217/217/217 223/223/223
f 218/218/218 223/223/223 221/221/221
f 217/217/217 222/222/222 223/223/223
f 219/219/219 221/221/221 224/224/224
f 220/220/220 219/219/219 225/225/225
f 219/219/219 224/224/224 225/225/225
f 221/221/221 223/223/223 226/226/226
f 221/221/221 226/226/226 224/224/224
f 222/222/222 220/220/220 227/227/227
f 220/220/220 225/225/225 227/227/227
f 223/223/223 222/222/222 228/228/228
f 223/223/223 228/228/228 226/226/226
f 222/222/222 227/227/227 228/228/228
f 224/224/224 226/226/226 229/229/229
f 225/225/225 224/224/224 230/230/230
f 224/224/224 229/229/229 230/230/230
f 226/226/226 228/228/228 231/231/231
f 226/226/226 231/231/231 229/229/229
f 227/227/227 225/225/225 232/232/232
f 225/225/225 230/230/230 232/232/232
f 228/228/228 227/227/227 233/233/233
f 228/228/228 233/233/233 231/231/231
f 227/227/227 232/232/232 233/233/233
f 229/229/229 231/231/231 234/234/234
f 230/230/230 229/229/229 235/235/235
f 229/229/229 234/234/234 235/235/235
f 231/231/231 233/233/233 236/236/236
f 231/231/231 236/236/236 234/234/234
f 232/232/232 230/230/230 237/237/237
f 230/230/230 235/235/235 237/237/237
f 233/233/233 232/232/232 238/238/238
f 233/233/233 238/238/238 236/236/236
f 232/232/232 237/237/237 238/238/238
f 234/234/234 236/236/236 239/239/239
f 235/235/235 234/234/234 240/240/240
f 234/234/234 239/239/239 240/240/240
f 236/236/236 238/238/238 241/241/241
f 236/236/236 241/241/241 239/239/239
f 237/237/237 235/235/235 242/242/242
f 235/235/235 240/240/240 242/242/242
f 238/238/238 237/237/237 243/243/243
f 238/238/238 243/243/243 241/241/241
f 237/237/237 242/242/242 243/243/243
f 239/239/239 241/241/241 244/244/244
f 240/240/240 239/239/239 245/245/245
f 239/239/239 244/244/244 245/245/245
f 241/241/241 243/243/243 246/246/246
f 241/241/241 246/246/246 244/244/244
f 242/242/242 240/240/240 247/247/247
f 240/240/240 245/245/245 247/247/247
f 243/243/243 242/242/242 248/248/248
f 243/243/243 248/248/248 246/246/246
f 242/242/242 247/247/247 248/248/248
f 244/244/244 246/246/246 249/249/249
f 245/245/245 244/244/244 250/250/250
f 244/244/244 249/249/249 250/250/250
f 246/246/246 248/248/248 251/251/251
f 246/246/246 251/251/251 249/249/249
f 247/247/247 245/245/245 252/252/252
f 245/245/245 250/250/250 252/252/252
f 248/248/248 247/247/247 253/253/253
f 248/248/248 253/253/253 251/251/251
f 247/247/247 252/252/252 253/253/253
f 249/249/249 251/251/251 254/254/254
f 250/250/250 249/249/249 255/255/255
f 249/249/249 254/254/254 255/255/255
f 251/251/251 253/253/253 256/256/256
f 251/251/251 256/256/256 254/254/254
f 252/252/252 250/250/250 257/257/257
f 250/250/250 255/255/255 257/257/257
f 253/253/253 252/252/252 258/258/258
f 253/253/253 258/258/258 256/256/256
f 252/252/252 257/257/257 258/258/258
f 254/254/254 256/256/256 259/259/259
f 255/255/255 254/254/254 260/260/260
f 254/254/254 259/259/259 260/260/260
f 256/256/256 258/258/258 261/261/261
f 256/256/256 261/261/261 259/259/259
f 257/257/257 255/255/255 262/262/262
f 255/255/255 260/260/260 262/262/262
f 258/258/258 257/257/257 263/263/263
f 258/258/258 263/263/263 261/261/261
f 257/257/257 262/262/262 263/263/263
f 259/259/259 261/261/261 264/264/264
f 260/260/260 259/259/259 265/265/265
f 259/259/259 264/264/264 265/265/265
f 261/261/261 263/263/263 266/266/266
f 261/261/261 266/266/266 264/264/264
f 262/262/262 260/260/260 267/267/267
f 260/260/260 265/265/265 267/267/267
f 263/263/263 262/262/262 268/268/268
f 263/263/263 268/268/268 266/266/266
f 262/262/262 267/267/267 268/268/268
f 264/264/264 266/266/266 269/269/269
f 265/265/265 264/264/264 270/270/270
f 264/264/264 269/269/269 270/270/270
f 266/266/266 268/268/268 271/271/271
f 266/266/266 271/271/271 269/269/269
f 267/267/267 265/265/265 272/272/272
f 265/265/265 270/270/270 272/272/272
f 268/268/268 267/267/267 273/273/273
f 268/268/268 273/273/273 271/271/271
f 267/267/267 272/272/272 273/273/273
f 269/269/269 271/271/271 274/274/274
f 270/270/270 269/269/269 275/275/275
f 269/269/269 274/274/274 275/275/275
f 271/271/271 273/273/273 276/276/276
f 271/271/271 276/276/276 274/274/274
f 272/272/272 270/270/270 277/277/277
f 270/270/270 275/275/275 277/277/277
f 273/273/273 272/272/272 278/278/278
f 273/273/273 278/278/278 276/276/276
f 272/272/272 277/277/277 278/278/278
f 274/274/274 276/276/276 279/279/279
f 275/275/275 274/274/274 280/280/280
f 274/274/274 279/279/279 280/280/280
f 276/276/276 278/278/278 281/281/281
f 276/276/276 281/281/281 279/279/279
f 277/277/277 275/275/275 282/282/282
f 275/275/275 280/280/280 282/282/282
f 278/278/278 277/277/277 283/283/283
f 278/278/278 283/283/283 281/281/281
f 277/277/277 282/282/282 283/283/283
f 279/279/279 281/281/281 284/284/284
f 280/280/280 279/279/279 285/285/285
f 279/279/279 284/284/284 285/285/285
f 281/281/281 283/283/283 286/286/286
f 281/281/281 286/286/286 284/284/284
f 282/282/282 280/280/280 287/287/287
f 280/280/280 285/285/285 287/287/287
f 283/283/283 282/282/282 288/288/288
f 283/283/283 288/288/288 286/286/286
f 282/282/282 287/287/287 288/288/288
f 284/284/284 286/286/286 289/289/289
f 285/285/285 284/284/284 290/290/290
f 284/284/284 289/289/289 290/290/290
f 286/286/286 288/288/288 291/291/291
f 286/286/286 291/291/291 289/289/289
f 287/287/287 285/285/285 292/292/292
f 285/285/285 290/290/290 292/292/292
f 288/288/288 287/287/287 293/293/293
f 288/288/288 293/293/293 291/291/291
f 287/287/287 292/292/292 293/293/293
f 289/289/289 291/291/291 294/294/294
f 290/290/290 289/289/289 295/295/295
f 289/289/289 294/294/294 295/295/295
f 291/291/291 293/293/293 296/296/296
f 291/291/291 296/296/296 294/294/294
f 292/292/292 290/290/290 297/297/297
f 290/290/290 295/295/295 297/297/297
f 293/293/293 292/292/292 298/298/298
f 293/293/293 298/298/298 296/296/296
f 292/292/292 297/297/297 298/298/298
f 294/294/294 296/296/296 299/299/299
f 295/295/295 294/294/294 300/300/300
f 294/294/294 299/299/299 300/300/300
f 296/296/296 298/298/298 301/301/301
f 296/296/296 301/301/301 299/299/299
f 297/297/297 295/295/295 302/302/302
f 295/295/295 300/300/300 302/302/302
f 298/298/298 297/297/297 303/303/303
f 298/298/298 303/303/303 301/301/301
f 297/297/297 302/302/302 303/303/303
f 299/299/299 301/301/301 304/304/304
f 300/300/300 299/299/299 305/305/305
f 299/299/299 304/304/304 305/305/305
f 301/301/301 303/303/303 306/306/306
f 301/301/301 306/306/306 304/304/304
f 302/302/302 300/300/300 307/307/307
f 300/300/300 305/305/305 307/307/307
f 303/303/303 302/302/302 308/308/308
f 303/303/303 308/308/308 306/306/306
f 302/302/302 307/307/307 308/308/308
f 304/304/304 306/306/306 309/309/309
f 305/305/305 304/304/304 310/310/310
f 304/304/304 309/309/309 310/310/310
f 306/306/306 308/308/308 311/311/311
f 306/306/306 311/311/311 309/309/309
f 307/307/307 305/305/305 312/312/312
f 305/305/305 310/310/310 312/312/312
f 308/308/308 307/307/307 313/313/313
f 308/308/308 313/313/313 311/311/311
f 307/307/307 312/312/312 313/313/313
f 309/309/309 311/311/311 314/314/314
f 310/310/310 309/309/309 315/315/315
f 309/309/309 314/314/314 315/315/315
f 311/311/311 313/313/313 316/316/316
f 311/311/311 316/316/316 314/314/314
f 312/312/312 310/310/310 317/317/317
f 310/310/310 315/315/315 317/317/317
f 313/313/313 312/312/312 318/318/318
f 313/313/313 318/318/318 316/316/316
f 312/312/312 317/317/317 318/318/318
f 314/314/314 316/316/316 319/319/319
f 315/315/315 314/314/314 320/320/320
f 314/314/314 319/319/319 320/320/320
f 316/316/316 318/318/318 321/321/321
f 316/316/316 321/321/321 319/319/319
f 317/317/317 315/315/315 322/322/322
f 315/315/315 320/320/320 322/322/322
f 318/318/318 317/317/317 323/323/323
f 318/318/318 323/323/323 321/321/321
f 317/317/317 322/322/322 323/323/323
f 319/319/319 321/321/321 324/324/324
f 320/320/320 319/319/319 325/325/325
f 319/319/319 324/324/324 325/325/325
f 321/321/321 323/323/323 326/326/326
f 321/321/321 326/326/326 324/324/324
f 322/322/322 320/320/320 327/327/327
f 320/320/320 325/325/325 327/327/327
f 323/323/323 322/322/322 328/328/328
f 323/323/323 328/328/328 326/326/326
f 322/322/322 327/327/327 328/328/328
f 324/324/324 326/326/326 329/329/329
f 325/325/325 324/324/324 330/330/330
f 324/324/324 329/329/329 330/330/330
f 326/326/326 328/328/328 331/331/331
f 326/326/326 331/331/331 329/329/329
f 327/327/327 325/325/325 332/332/332
f 325/325/325 330/330/330 332/332/332
f 328/328/328 327/327/327 333/333/333
f 328/328/328 333/333/333 331/331/331
f 327/327/327 332/332/332 333/333/333
f 329/329/329 331/331/331 334/334/334
f 330/330/330 329/329/329 335/335/335
f 329/329/329 334/334/334 335/335/335
f 331/331/331 333/333/333 336/336/336
f 331/331/331 336/336/336 334/334/334
f 332/332/332 330/330/330 337/337/337
f 330/330/330 335/335/335 337/337/337
f 333/333/333 332/332/332 338/338/338
f 333/333/333 338/338/338 336/336/336
f 332/332/332 337/337/337 338/338/338
f 334/334/334 336/336/336 339/339/339
f 335/335/335 334/334/334 340/340/340
f 334/334/334 339/339/339 340/340/340
f 336/336/336 338/338/338 341/341/341
f 336/336/336 341/341/341 339/339/339
f 337/337/337 335/335/335 342/342/342
f 335/335/335 340/340/340 342/342/342
f 338/338/338 337/337/337 343/343/343
f 338/338/338 343/343/343 341/341/341
f 337/337/337 342/342/342 343/343/343
f 339/339/339 341/341/341 344/344/344
f 340/340/340 339/339/339 345/345/345
f 339/339/339 344/344/344 345/345/345
f 341/341/341 343/343/343 346/346/346
f 341/341/341 346/346/346 344/344/344
f 342/342/342 340/340/340 347/347/347
f 340/340/340 345/345/345 347/347/347
f 343/343/343 342/342/342 348/348/348
f 343/343/343 348/348/348 346/346/346
f 342/342/342 347/347/347 348/348/348
f 344/344/344 346/346/346 349/349/349
f 345/345/345 344/344/344 350/350/350
f 344/344/344 349/349/349 350/350/350
f 346/346/346 348/348/348 351/351/351
f 346/346/346 351/351/351 349/349/349
f 347/347/347 345/345/345 352/352/352
f 345/345/345 350/350/350 352/352/352
f 348/348/348 347/347/347 353/353/353
f 348/348/348 353/353/353 351/351/351
f 347/347/347 352/352/352 353/353/353
f 349/349/349 351/351/351 354/354/354
f 350/350/350 349/349/349 355/355/355
f 349/349/349 354/354/354 355/355/355
f 351/351/351 353/353/353 356/356/356
f 351/351/351 356/356/356 354/354/354
f 352/352/352 350/350/350 357/357/357
f 350/350/350 355/355/355 357/357/357
f 353/353/353 352/352/352 358/358/358
f 353/353/353 358/358/358 356/356/356
f 352/352/352 357/357/357 358/358/358
f 354/354/354 356/356/356 359/359/359
f 355/355/355 354/354/354 360/360/360
f 354/354/354 359/359/359 360/360/360
f 356/356/356 358/358/358 361/361/361
f 356/356/356 361/361/361 359/359/359
f 357/357/357 355/355/355 362/362/362
f 355/355/355 360/360/360 362/362/362
f 358/358/358 357/357/357 363/363/363
f 358/358/358 363/363/363 361/361/361
f 357/357/357 362/362/362 363/363/363
f 359/359/359 361/361/361 364/364/364
f 360/360/360 359/359/359 365/365/365
f 359/359/359 364/364/364 365/365/365
f 361/361/361 363/363/363 366/366/366
f 361/361/361 366/366/366 364/364/364
f 362/362/362 360/360/360 367/367/367
f 360/360/360 365/365/365 367/367/367
f 363/363/363 362/362/362 368/368/368
f 363/363/363 368/368/368 366/366/366
f 362/362/362 367/367/367 368/368/368
f 364/364/364 366/366/366 369/369/369
f 365/365/365 364/364/364 370/370/370
f 364/364/364 369/369/369 370/370/370
f 366/366/366 368/368/368 371/371/371
f 366/366/366 371/371/371 369/369/369
f 367/367/367 365/365/365 372/372/372
f 365/365/365 370/370/370 372/372/372
f 368/368/368 367/367/367 373/373/373
f 368/368/368 373/373/373 371/371/371
f 367/367/367 372/372/372 373/373/373
f 369/369/369 371/371/371 374/374/374
f 370/370/370 369/369/369 375/375/375
f 369/369/369 374/374/374 375/375/375
f 371/371/371 373/373/373 376/376/376
f 371/371/371 376/376/376 374/374/374
f 372/372/372 370/370/370 377/377/377
f 370/370/370 375/375/375 377/377/377
f 373/373/373 372/372/372 378/378/378
f 373/373/373 378/378/378 376/376/376
f 372/372/372 377/377/377 378/378/378
f 374/374/374 376/376/376 379/379/379
f 375/375/375 374/374/374 380/380/380
f 374/374/374 379/379/379 380/380/380
f 376/376/376 378/378/378 381/381/381
f 376/376/376 381/381/381 379/379/379
f 377/377/377 375/375/375 382/382/382
f 375/375/375 380/380/380 382/382/382
f 378/378/378 377/377/377 383/383/383
f 378/378/378 383/383/383 381/381/381
f 377/377/377 382/382/382 383/383/383
f 379/379/379 381/381/381 384/384/384
f 380/380/380 379/379/379 385/385/385
f 379/379/379 384/384/384 385/385/385
f 381/381/381 383/383/383 386/386/386
f 381/381/381 386/386/386 384/384/384
f 382/382/382 380/380/380 387/387/387
f 380/380/380 385/385/385 387/387/387
f 383/383/383 382/382/382 388/388/388
f 383/383/383 388/388/388 386/386/386
f 382/382/382 387/387/387 388/388/388
f 384/384/384 386/386/386 389/389/389
f 385/385/385 384/384/384 390/390/390
f 384/384/384 389/389/389 390/390/390
f 386/386/386 388/388/388 391/391/391
f 386/386/386 391/391/391 389/389/389
f 387/387/387 385/385/385 392/392/392
f 385/385/385 390/390/390 392/392/392
f 388/388/388 387/387/387 393/393/393
f 388/388/388 393/393/393 391/391/391
f 387/387/387 392/392/392 393/393/393
f 389/389/389 391/391/391 394/394/394
f 390/390/390 389/389/389 395/395/395
f 389/389/389 394/394/394 395/395/395
f 391/391/391 393/393/393 396/396/396
f 391/391/391 396/396/396 394/394/394
f 392/392/392 390/390/390 397/397/397
f 390/390/390 395/395/395 397/397/397
f 393/393/393 392/392/392 398/398/398
f 393/393/393 398/398/398 396/396/396
f 392/392/392 397/397/397 398/398/398
f 394/394/394 396/396/396 399/399/399
f 395/395/395 394/394/394 400/400/400
f 394/394/394 399/399/399 400/400/400
f 396/396/396 398/398/398 401/401/401
f 396/396/396 401/401/401 399/399/399
f 397/397/397 395/395/395 402/402/402
f 395/395/395 400/400/400 402/402/402
f 398/398/398 397/397/397 403/403/403
f 398/398/398 403/403/403 401/401/401
f 397/397/397 402/402/402 403/403/403
f 401/401/401 404/404/404 399/399/399
f 399/399/399 405/405/405 400/400/400
f 404/404/404 405/405/405 399/399/399
f 403/403/403 406/406/406 401/401/401
f 406/406/406 404/404/404 401/401/401
f 400/400/400 407/407/407 402/402/402
f 405/405/405 407/407/407 400/400/400
f 402/402/402 408/408/408 403/403/403
f 408/408/408 406/406/406 403/403/403
f 407/407/407 408/408/408 402/402/402
f 404/404/404 409/409/409 405/405/405
f 406/406/406 410/410/410 404/404/404
f 410/410/410 409/409/409 404/404/404
f 408/408/408 411/411/411 406/406/406
f 411/411/411 410/410/410 406/406/406
f 405/405/405 412/412/412 407/407/407
f 409/409/409 412/412/412 405/405/405
f 407/407/407 413/413/413 408/408/408
f 413/413/413 411/411/411 408/408/408
f 412/412/412 413/413/413 407/407/407
f 410/410/410 411/411/411 414/414/414
f 409/409/409 410/410/410 415/415/415
f 410/410/410 414/414/414 415/415/415
f 411/411/411 413/413/413 416/416/416
f 411/411/411 416/416/416 414/414/414
f 412/412/412 409/409/409 417/417/417
f 409/409/409 415/415/415 417/417/417
f 413/413/413 412/412/412 418/418/418
f 413/413/413 418/418/418 416/416/416
f 412/412/412 417/417/417 418/418/418
f 414/414/414 416/416/416 419/419/419
f 415/415/415 414/414/414 420/420/420
f 414/414/414 419/419/419 420/420/420
f 416/416/416 418/418/418 421/421/421
f 416/416/416 421/421/421 419/419/419
f 417/417/417 415/415/415 422/422/422
f 415/415/415 420/420/420 422/422/422
f 418/418/418 417/417/417 423/423/423
f 418/418/418 423/423/423 421/421/421
f 417/417/417 422/422/422 423/423/423
f 419/419/419 421/421/421 424/424/424
f 420/420/420 419/419/419 425/425/425
f 419/419/419 424/424/424 425/425/425
f 421/421/421 423/423/423 426/426/426
f 421/421/421 426/426/426 424/424/424
f 422/422/422 420/420/420 427/427/427
f 420/420/420 425/425/425 427/427/427
f 423/423/423 422/422/422 428/428/428
f 423/423/423 428/428/428 426/426/426
f 422/422/422 427/427/427 428/428/428
f 424/424/424 426/426/426 429/429/429
f 425/425/425 424/424/424 430/430/430
f 424/424/424 429/429/429 430/430/430
f 426/426/426 428/428/428 431/431/431
f 426/426/426 431/431/431 429/429/429
f 427/427/427 425/425/425 432/432/432
f 425/425/425 430/430/430 432/432/432
f 428/428/428 427/427/427 433/433/433
f 428/428/428 433/433/433 431/431/431
f 427/427/427 432/432/432 433/433/433
f 429/429/429 431/431/431 434/434/434
f 430/430/430 429/429/429 435/435/435
f 429/429/429 434/434/434 435/435/435
f 431/431/431 433/433/433 436/436/436
f 431/431/431 436/436/436 434/434/434
f 432/432/432 430/430/430 437/437/437
f 430/430/430 435/435/435 437/437/437
f 433/433/433 432/432/432 438/438/438
f 433/433/433 438/438/438 436/436/436
f 432/432/432 437/437/437 438/438/438
f 434/434/434 436/436/436 439/439/439
f 435/435/435 434/434/434 440/440/440
f 434/434/434 439/439/439 440/440/440
f 436/436/436 438/438/438 441/441/441
f 436/436/436 441/441/441 439/439/439
f 437/437/437 435/435/435 442/442/442
f 435/435/435 440/440/440 442/442/442
f 438/438/438 437/437/437 443/443/443
f 438/438/438 443/443/443 441/441/441
f 437/437/437 442/442/442 443/443/443
f 439/439/439 441/441/441 444/444/444
f 440/440/440 439/439/439 445/445/445
f 439/439/439 444/444/444 445/445/445
f 441/441/441 443/443/443 446/446/446
f 441/441/441 446/446/446 444/444/444
f 442/442/442 440/440/440 447/447/447
f 440/440/440 445/445/445 447/447/447
f 443/443/443 442/442/442 448/448/448
f 443/443/443 448/448/448 446/446/446
f 442/442/442 447/447/447 448/448/448
f 444/444/444 446/446/446 449/449/449
f 445/445/445 444/444/444 450/450/450
f 444/444/444 449/449/449 450/450/450
f 446/446/446 448/448/448 451/451/451
f 446/446/446 451/451/451 449/449/449
f 447/447/447 445/445/445 452/452/452
f 445/445/445 450/450/450 452/452/452
f 448/448/448 447/447/447 453/453/453
f 448/448/448 453/453/453 451/451/451
f 447/447/447 452/452/452 453/453/453
f 449/449/449 451/451/451 454/454/454
f 450/450/450 449/449/449 455/455/455
f 449/449/449 454/454/454 455/455/455
f 451/451/451 453/453/453 456/456/456
f 451/451/451 456/456/456 454/454/454
f 452/452/452 450/450/450 457/457/457
f 450/450/450 455/455/455 457/457/457
f 453/453/453 452/452/452 458/458/458
f 453/453/453 458/458/458 456/456/456
f 452/452/452 457/457/457 458/458/458
f 454/454/454 456/456/456 459/459/459
f 455/455/455 454/454/454 460/460/460
f 454/454/454 459/459/459 460/460/460
f 456/456/456 458/458/458 461/461/461
f 456/456/456 461/461/461 459/459/459
f 457/457/457 455/455/455 462/462/462
f 455/455/455 460/460/460 462/462/462
f 458/458/458 457/457/457 463/463/463
f 458/458/458 463/463/463 461/461/461
f 457/457/457 462/462/462 463/463/463
f 459/459/459 461/461/461 464/464/464
f 460/460/460 459/459/459 465/465/465
f 459/459/459 464/464/464 465/465/465
f 461/461/461 463/463/463 466/466/466
f 461/461/461 466/466/466 464/464/464
f 462/462/462 460/460/460 467/467/467
f 460/460/460 465/465/465 467/467/467
f 463/463/463 462/462/462 468/468/468
f 463/463/463 468/468/468 466/466/466
f 462/462/462 467/467/467 468/468/468
f 464/464/464 466/466/466 469/469/469
f 465/465/465 464/464/464 470/470/470
f 464/464/464 469/469/469 470/470/470
f 466/466/466 468/468/468 471/471/471
f 466/466/466 471/471/471 469/469/469
f 467/467/467 465/465/465 472/472/472
f 465/465/465 470/470/470 472/472/472
f 468/468/468 467/467/467 473/473/473
f 468/468/468 473/473/473 471/471/471
f 467/467/467 472/472/472 473/473/473
f 469/469/469 471/471/471 474/474/474
f 470/470/470 469/469/469 475/475/475
f 469/469/469 474/474/474 475/475/475
f 471/471/471 473/473/473 476/476/476
f 471/471/471 476/476/476 474/474/474
f 472/472/472 470/470/470 477/477/477
f 470/470/470 475/475/475 477/477/477
f 473/473/473 472/472/472 478/478/478
f 473/473/473 478/478/478 476/476/476
f 472/472/472 477/477/477 478/478/478
f 474/474/474 476/476/476 479/479/479
f 475/475/475 474/474/474 480/480/480
f 474/474/474 479/479/479 480/480/480
f 476/476/476 478/478/478 481/481/481
f 476/476/476 481/481/481 479/479/479
f 477/477/477 475/475/475 482/482/482
f 475/475/475 480/480/480 482/482/482
f 478/478/478 477/477/477 483/483/483
f 478/478/478 483/483/483 481/481/481
f 477/477/477 482/482/482 483/483/483
f 479/479/479 481/481/481 484/484/484
f 480/480/480 479/479/479 485/485/485
f 479/479/479 484/484/484 485/485/485
f 481/481/481 483/483/483 486/486/486
f 481/481/481 486/486/486 484/484/484
f 482/482/482 480/480/480 487/487/487
f 480/480/480 485/485/485 487/487/487
f 483/483/483 482/482/482 488/488/488
f 483/483/483 488/488/488 486/486/486
f 482/482/482 487/487/487 488/488/488
f 484/484/484 486/486/486 489/489/489
f 485/485/485 484/484/484 490/490/490
f 484/484/484 489/489/489 490/490/490
f 486/486/486 488/488/488 491/491/491
f 486/486/486 491/491/491 489/489/489
f 487/487/487 485/485/485 492/492/492
f 485/485/485 490/490/490 492/492/492
f 488/488/488 487/487/487 493/493/493
f 488/488/488 493/493/493 491/491/491
f 487/487/487 492/492/492 493/493/493
f 489/489/489 491/491/491 494/494/494
f 490/490/490 489/489/489 495/495/495
f 489/489/489 494/494/494 495/495/495
f 491/491/491 493/493/493 496/496/496
f 491/491/491 496/496/496 494/494/494
f 492/492/492 490/490/490 497/497/497
f 490/490/490 495/495/495 497/497/497
f 493/493/493 492/492/492 498/498/498
f 493/493/493 498/498/498 496/496/496
f 492/492/492 497/497/497 498/498/498
f 494/494/494 496/496/496 499/499/499
f 495/495/495 494/494/494 500/500/500
f 494/494/494 499/499/499 500/500/500
f 496/496/496 498/498/498 501/501/501
f 496/496/496 501/501/501 499/499/499
f 497/497/497 495/495/495 502/502/502
f 495/495/495 500/500/500 502/502/502
f 498/498/498 497/497/497 503/503/503
f 498/498/498 503/503/503 501/501/501
f 497/497/497 502/502/502 503/503/503
f 499/499/499 501/501/501 504/504/504
f 500/500/500 499/499/499 505/505/505
f 499/499/499 504/504/504 505/505/505
f 501/501/501 503/503/503 506/506/506
f 501/501/501 506/506/506 504/504/504
f 502/502/502 500/500/500 507/507/507
f 500/500/500 505/505/505 507/507/507
f 503/503/503 502/502/502 508/508/508
f 503/503/503 508/508/508 506/506/506
f 502/502/502 507/507/507 508/508/508
f 504/504/504 506/506/506 509/509/509
f 505/505/505 504/504/504 510/510/510
f 504/504/504 509/509/509 510/510/510
f 506/506/506 508/508/508 511/511/511
f 506/506/506 511/511/511 509/509/509
f 507/507/507 505/505/505 512/512/512
f 505/505/505 510/510/510 512/512/512
f 508/508/508 507/507/507 513/513/513
f 508/508/508 513/513/513 511/511/511
f 507/507/507 512/512/512 513/513/513
f 509/509/509 511/511/511 514/514/514
f 510/510/510 509/509/509 515/515/515
f 509/509/509 514/514/514 515/515/515
f 511/511/511 513/513/513 516/516/516
f 511/511/511 516/516/516 514/514/514
f 512/512/512 510/510/510 517/517/517
f 510/510/510 515/515/515 517/517/517
f 513/513/513 512/512/512 518/518/518
f 513/513/513 518/518/518 516/516/516
f 512/512/512 517/517/517 518/518/518
f 514/514/514 516/516/516 519/519/519
f 515/515/515 514/514/514 520/520/520
f 514/514/514 519/519/519 520/520/520
f 516/516/516 518/518/518 521/521/521
f 516/516/516 521/521/521 519/519/519
f 517/517/517 515/515/515 522/522/522
f 515/515/515 520/520/520 522/522/522
f 518/518/518 517/517/517 523/523/523
f 518/518/518 523/523/523 521/521/521
f 517/517/517 522/522/522 523/523/523
f 519/519/519 521/521/521 524/524/524
f 520/520/520 519/519/519 525/525/525
f 519/519/519 524/524/524 525/525/525
f 521/521/521 523/523/523 526/526/526
f 521/521/521 526/526/526 524/524/524
f 522/522/522 520/520/520 527/527/527
f 520/520/520 525/525/525 527/527/527
f 523/523/523 522/522/522 528/528/528
f 523/523/523 528/528/528 526/526/526
f 522/522/522 527/527/527 528/528/528
f 524/524/524 526/526/526 529/529/529
f 525/525/525 524/524/524 530/530/530
f 524/524/524 529/529/529 530/530/530
f 526/526/526 528/528/528 531/531/531
f 526/526/526 531/531/531 529/529/529
f 527/527/527 525/525/525 532/532/532
f 525/525/525 530/530/530 532/532/532
f 528/528/528 527/527/527 533/533/533
f 528/528/528 533/533/533 531/531/531
f 527/527/527 532/532/532 533/533/533
f 529/529/529 531/531/531 534/534/534
f 530/530/530 529/529/529 535/535/535
f 529/529/529 534/534/534 535/535/535
f 531/531/531 533/533/533 536/536/536
f 531/531/531 536/536/536 534/534/534
f 532/532/532 530/530/530 537/537/537
f 530/530/530 535/535/535 537/537/537
f 533/533/533 532/532/532 538/538/538
f 533/533/533 538/538/538 536/536/536
f 532/532/532 537/537/537 538/538/538
f 534/534/534 536/536/536 539/539/539
f 535/535/535 534/534/534 540/540/540
f 534/534/534 539/539/539 540/540/540
f 536/536/536 538/538/538 541/541/541
f 536/536/536 541/541/541 539/539/539
f 537/537/537 535/535/535 542/542/542
f 535/535/535 540/540/540 542/542/542
f 538/538/538 537/537/537 543/543/543
f 538/538/538 543/543/543 541/541/541
f 537/537/537 542/542/542 543/543/543
f 539/539/539 541/541/541 544/544/544
f 540/540/540 539/539/539 545/545/545
f 539/539/539 544/544/544 545/545/545
f 541/541/541 543/543/543 546/546/546
f 541/541/541 546/546/546 544/544/544
f 542/542/542 540/540/540 547/547/547
f 540/540/540 545/545/545 547/547/547
f 543/543/543 542/542/542 548/548/548
f 543/543/543 548/548/548 546/546/546
f 542/542/542 547/547/547 548/548/548
f 544/544/544 546/546/546 549/549/549
f 545/545/545 544/544/544 550/550/550
f 544/544/544 549/549/549 550/550/550
f 546/546/546 548/548/548 551/551/551
f 546/546/546 551/551/551 549/549/549
f 547/547/547 545/545/545 552/552/552
f 545/545/545 550/550/550 552/552/552
f 548/548/548 547/547/547 553/553/553
f 548/548/548 553/553/553 551/551/551
f 547/547/547 552/552/552 553/553/553
f 549/549/549 551/551/551 554/554/554
f 550/550/550 549/549/549 555/555/555
f 549/549/549 554/554/554 555/555/555
f 551/551/551 553/553/553 556/556/556
f 551/551/551 556/556/556 554/554/554
f 552/552/552 550/550/550 557/557/557
f 550/550/550 555/555/555 557/557/557
f 553/553/553 552/552/552 558/558/558
f 553/553/553 558/558/558 556/556/556
f 552/552/552 557/557/557 558/558/558
f 554/554/554 556/556/556 559/559/559
f 555/555/555 554/554/554 560/560/560
f 554/554/554 559/559/559 560/560/560
f 556/556/556 558/558/558 561/561/561
f 556/556/556 561/561/561 559/559/559
f 557/557/557 555/555/555 562/562/562
f 555/555/555 560/560/560 562/562/562
f 558/558/558 557/557/557 563/563/563
f 558/558/558 563/563/563 561/561/561
f 557/557/557 562/562/562 563/563/563
f 559/559/559 561/561/561 564/564/564
f 560/560/560 559/559/559 565/565/565
f 559/559/559 564/564/564 565/565/565
f 561/561/561 563/563/563 566/566/566
f 561/561/561 566/566/566 564/564/564
f 562/562/562 560/560/560 567/567/567
f 560/560/560 565/565/565 567/567/567
f 563/563/563 562/562/562 568/568/568
f 563/563/563 568/568/568 566/566/566
f 562/562/562 567/567/567 568/568/568
f 564/564/564 566/566/566 569/569/569
f 565/565/565 564/564/564 570/570/570
f 564/564/564 569/569/569 570/570/570
f 566/566/566 568/568/568 571/571/571
f 566/566/566 571/571/571 569/569/569
f 567/567/567 565/565/565 572/572/572
f 565/565/565 570/570/570 572/572/572
f 568/568/568 567/567/567 573/573/573
f 568/568/568 573/573/573 571/571/571
f 567/567/567 572/572/572 573/573/573
f 569/569/569 571/571/571 574/574/574
f 570/570/570 569/569/569 575/575/575
f 569/569/569 574/574/574 575/575/575
f 571/571/571 573/573/573 576/576/576
f 571/571/571 576/576/576 574/574/574
f 572/572/572 570/570/570 577/577/577
f 570/570/570 575/575/575 577/577/577
f 573/573/573 572/572/572 578/578/578
f 573/573/573 578/578/578 576/576/576
f 572/572/572 577/577/577 578/578/578
f 574/574/574 576/576/576 579/579/579
f 575/575/575 574/574/574 580/580/580
f 574/574/574 579/579/579 580/580/580
f 576/576/576 578/578/578 581/581/581
f 576/576/576 581/581/581 579/579/579
f 577/577/577 575/575/575 582/582/582
f 575/575/575 580/580/580 582/582/582
f 578/578/578 577/577/577 583/583/583
f 578/578/578 583/583/583 581/581/581
f 577/577/577 582/582/582 583/583/583
f 579/579/579 581/581/581 584/584/584
f 580/580/580 579/579/579 585/585/585
f 579/579/579 584/584/584 585/585/585
f 581/581/581 583/583/583 586/586/586
f 581/581/581 586/586/586 584/584/584
f 582/582/582 580/580/580 587/587/587
f 580/580/580 585/585/585 587/587/587
f 583/583/583 582/582/582 588/588/588
f 583/583/583 588/588/588 586/586/586
f 582/582/582 587/587/587 588/588/588
f 584/584/584 586/586/586 589/589/589
f 585/585/585 584/584/584 590/590/590
f 584/584/584 589/589/589 590/590/590
f 586/586/586 588/588/588 591/591/591
f 586/586/586 591/591/591 589/589/589
f 587/587/587 585/585/585 592/592/592
f 585/585/585 590/590/590 592/592/592
f 588/588/588 587/587/587 593/593/593
f 588/588/588 593/593/593 591/591/591
f 587/587/587 592/592/592 593/593/593
f 589/589/589 591/591/591 594/594/594
f 590/590/590 589/589/589 595/595/595
f 589/589/589 594/594/594 595/595/595
f 591/591/591 593/593/593 596/596/596
f 591/591/591 596/596/596 594/594/594
f 592/592/592 590/590/590 597/597/597
f 590/590/590 595/595/595 597/597/597
f 593/593/593 592/592/592 598/598/598
f 593/593/593 598/598/598 596/596/596
f 592/592/592 597/597/597 598/598/598
f 594/594/594 596/596/596 599/599/599
f 595/595/595 594/594/594 600/600/600
f 594/594/594 599/599/599 600/600/600
f 596/596/596 598/598/598 601/601/601
f 596/596/596 601/601/601 599/599/599
f 597/597/597 595/595/595 602/602/602
f 595/595/595 600/600/600 602/602/602
f 598/598/598 597/597/597 603/603/603
f 598/598/598 603/603/603 601/601/601
f 597/597/597 602/602/602 603/603/603
f 599/599/599 601/601/601 604/604/604
f 600/600/600 599/599/599 605/605/605
f 599/599/599 604/604/604 605/605/605
f 601/601/601 603/603/603 606/606/606
f 601/601/601 606/606/606 604/604/604
f 602/602/602 600/600/600 607/607/607
f 600/600/600 605/605/605 607/607/607
f 603/603/603 602/602/602 608/608/608
f 603/603/603 608/608/608 606/606/606
f 602/602/602 607/607/607 608/608/608
f 604/604/604 606/606/606 609/609/609
f 605/605/605 604/604/604 610/610/610
f 604/604/604 609/609/609 610/610/610
f 606/606/606 608/608/608 611/611/611
f 606/606/606 611/611/611 609/609/609
f 607/607/607 605/605/605 612/612/612
f 605/605/605 610/610/610 612/612/612
f 608/608/608 607/607/607 613/613/613
f 608/608/608 613/613/613 611/611/611
f 607/607/607 612/612/612 613/613/613
f 609/609/609 611/611/611 614/614/614
f 610/610/610 609/609/609 615/615/615
f 609/609/609 614/614/614 615/615/615
f 611/611/611 613/613/613 616/616/616
f 611/611/611 616/616/616 614/614/614
f 612/612/612 610/610/610 617/617/617
f 610/610/610 615/615/615 617/617/617
f 613/613/613 612/612/612 618/618/618
f 613/613/613 618/618/618 616/616/616
f 612/612/612 617/617/617 618/618/618
f 614/614/614 616/616/616 619/619/619
f 615/615/615 614/614/614 620/620/620
f 614/614/614 619/619/619 620/620/620
f 616/616/616 618/618/618 621/621/621
f 616/616/616 621/621/621 619/619/619
f 617/617/617 615/615/615 622/622/622
f 615/615/615 620/620/620 622/622/622
f 618/618/618 617/617/617 623/623/623
f 618/618/618 623/623/623 621/621/621
f 617/617/617 622/622/622 623/623/623
f 619/619/619 621/621/621 624/624/624
f 620/620/620 619/619/619 625/625/625
f 619/619/619 624/624/624 625/625/625
f 621/621/621 623/623/623 626/626/626
f 621/621/621 626/626/626 624/624/624
f 622/622/622 620/620/620 627/627/627
f 620/620/620 625/625/625 627/627/627
f 623/623/623 622/622/622 628/628/628
f 623/623/623 628/628/628 626/626/626
f 622/622/622 627/627/627 628/628/628
f 624/624/624 626/626/626 629/629/629
f 625/625/625 624/624/624 630/630/630
f 624/624/624 629/629/629 630/630/630
f 626/626/626 628/628/628 631/631/631
f 626/626/626 631/631/631 629/629/629
f 627/627/627 625/625/625 632/632/632
f 625/625/625 630/630/630 632/632/632
f 628/628/628 627/627/627 633/633/633
f 628/628/628 633/633/633 631/631/631
f 627/627/627 632/632/632 633/633/633
f 629/629/629 631/631/631 634/634/634
f 630/630/630 629/629/629 635/635/635
f 629/629/629 634/634/634 635/635/635
f 631/631/631 633/633/633 636/636/636
f 631/631/631 636/636/636 634/634/634
f 632/632/632 630/630/630 637/637/637
f 630/630/630 635/635/635 637/637/637
f 633/633/633 632/632/632 638/638/638
f 633/633/633 638/638/638 636/636/636
f 632/632/632 637/637/637 638/638/638
f 634/634/634 636/636/636 639/639/639
f 635/635/635 634/634/634 640/640/640
f 634/634/634 639/639/639 640/640/640
f 636/636/636 638/638/638 641/641/641
f 636/636/636 641/641/641 639/639/639
f 637/637/637 635/635/635 642/642/642
f 635/635/635 640/640/640 642/642/642
f 638/638/638 637/637/637 643/643/643
f 638/638/638 643/643/643 641/641/641
f 637/637/637 642/642/642 643/643/643
f 639/639/639 641/641/641 644/644/644
f 640/640/640 639/639/639 645/645/645
f 639/639/639 644/644/644 645/645/645
f 641/641/641 643/643/643 646/646/646
f 641/641/641 646/646/646 644/644/644
f 642/642/642 640/640/640 647/647/647
f 640/640/640 645/645/645 647/647/647
f 643/643/643 642/642/642 648/648/648
f 643/643/643 648/648/648 646/646/646
f 642/642/642 647/647/647 648/648/648
f 644/644/644 646/646/646 649/649/649
f 645/645/645 644/644/644 650/650/650
f 644/644/644 649/649/649 650/650/650
f 646/646/646 648/648/648 651/651/651
f 646/646/646 651/651/651 649/649/649
f 647/647/647 645/645/645 652/652/652
f 645/645/645 650/650/650 652/652/652
f 648/648/648 647/647/647 653/653/653
f 648/648/648 653/653/653 651/651/651
f 647/647/647 652/652/652 653/653/653
f 649/649/649 651/651/651 654/654/654
f 650/650/650 649/649/649 655/655/655
f 649/649/649 654/654/654 655/655/655
f 651/651/651 653/653/653 656/656/656
f 651/651/651 656/656/656 654/654/654
f 652/652/652 650/650/650 657/657/657
f 650/650/650 655/655/655 657/657/657
f 653/653/653 652/652/652 658/658/658
f 653/653/653 658/658/658 656/656/656
f 652/652/652 657/657/657 658/658/658
f 654/654/654 656/656/656 659/659/659
f 655/655/655 654/654/654 660/660/660
f 654/654/654 659/659/659 660/660/660
f 656/656/656 658/658/658 661/661/661
f 656/656/656 661/661/661 659/659/659
f 657/657/657 655/655/655 662/662/662
f 655/655/655 660/660/660 662/662/662
f 658/658/658 657/657/657 663/663/663
f 658/658/658 663/663/663 661/661/661
f 657/657/657 662/662/662 663/663/663
f 659/659/659 661/661/661 664/664/664
f 660/660/660 659/659/659 665/665/665
f 659/659/659 664/664/664 665/665/665
f 661/661/661 663/663/663 666/666/666
f 661/661/661 666/666/666 664/664/664
f 662/662/662 660/660/660 667/667/667
f 660/660/660 665/665/665 667/667/667
f 663/663/663 662/662/662 668/668/668
f 663/663/663 668/668/668 666/666/666
f 662/662/662 667/667/667 668/668/668
f 664/664/664 666/666/666 669/669/669
f 665/665/665 664/664/664 670/670/670
f 664/664/664 669/669/669 670/670/670
f 666/666/666 668/668/668 671/671/671
f 666/666/666 671/671/671 669/669/669
f 667/667/667 665/665/665 672/672/672
f 665/665/665 670/670/670 672/672/672
f 668/668/668 667/667/667 673/673/673
f 668/668/668 673/673/673 671/671/671
f 667/667/667 672/672/672 673/673/673
f 669/669/669 671/671/671 674/674/674
f 670/670/670 669/669/669 675/675/675
f 669/669/669 674/674/674 675/675/675
f 671/671/671 673/673/673 676/676/676
f 671/671/671 676/676/676 674/674/674
f 672/672/672 670/670/670 677/677/677
f 670/670/670 675/675/675 677/677/677
f 673/673/673 672/672/672 678/678/678
f 673/673/673 678/678/678 676/676/676
f 672/672/672 677/677/677 678/678/678
f 674/674/674 676/676/676 679/679/679
f 675/675/675 674/674/674 680/680/680
f 674/674/674 679/679/679 680/680/680
f 676/676/676 678/678/678 681/681/681
f 676/676/676 681/681/681 679/679/679
f 677/677/677 675/675/675 682/682/682
f 675/675/675 680/680/680 682/682/682
f 678/678/678 677/677/677 683/683/683
f 678/678/678 683/683/683 681/681/681
f 677/677/677 682/682/682 683/683/683
f 679/679/679 681/681/681 684/684/684
f 680/680/680 679/679/679 685/685/685
f 679/679/679 684/684/684 685/685/685
f 681/681/681 683/683/683 686/686/686
f 681/681/681 686/686/686 684/684/684
f 682/682/682 680/680/680 687/687/687
f 680/680/680 685/685/685 687/687/687
f 683/683/683 682/682/682 688/688/688
f 683/683/683 688/688/688 686/686/686
f 682/682/682 687/687/687 688/688/688
f 684/684/684 686/686/686 689/689/689
f 685/685/685 684/684/684 690/690/690
f 684/684/684 689/689/689 690/690/690
f 686/686/686 688/688/688 691/691/691
f 686/686/686 691/691/691 689/689/689
f 687/687/687 685/685/685 692/692/692
f 685/685/685 690/690/690 692/692/692
f 688/688/688 687/687/687 693/693/693
f 688/688/688 693/693/693 691/691/691
f 687/687/687 692/692/692 693/693/693
f 689/689/689 691/691/691 694/694/694
f 690/690/690 689/689/689 695/695/695
f 689/689/689 694/694/694 695/695/695
f 691/691/691 693/693/693 696/696/696
f 691/691/691 696/696/696 694/694/694
f 692/692/692 690/690/690 697/697/697
f 690/690/690 695/695/695 697/697/697
f 693/693/693 692/692/692 698/698/698
f 693/693/693 698/698/698 696/696/696
f 692/692/692 697/697/697 698/698/698
f 694/694/694 696/696/696 699/699/699
f 695/695/695 694/694/694 700/700/700
f 694/694/694 699/699/699 700/700/700
f 696/696/696 698/698/698 701/701/701
f 696/696/696 701/701/701 699/699/699
f 697/697/697 695/695/695 702/702/702
f 695/695/695 700/700/700 702/702/702
f 698/698/698 697/697/697 703/703/703
f 698/698/698 703/703/703 701/701/701
f 697/697/697 702/702/702 703/703/703
f 702/702/702 700/700/700 704/704/704
f 702/702/702 704/704/704 705/705/705
f 703/703/703 702/702/702 705/705/705
f 703/703/703 705/705/705 706/706/706
f 701/701/701 703/703/703 706/706/706
f 700/700/700 707/707/707 704/704/704
f 700/700/700 699/699/699 707/707/707
f 701/701/701 706/706/706 708/708/708
f 699/699/699 701/701/701 708/708/708
f 699/699/699 708/708/708 707/707/707
f 709/709/709 707/707/707 708/708/708
f 712/712/712 711/711/711 710/710/710
f 710/710/710 711/711/711 713/713/713
f 716/716/716 715/715/715 714/714/714
f 715/715/715 717/717/717 714/714/714
f 717/717/717 715/715/715 718/718/718
f 717/717/717 718/718/718 719/719/719
f 718/718/718 720/720/720 719/719/719
f 718/718/718 721/721/721 720/720/720
f 717/717/717 719/719/719 722/722/722
f 723/723/723 717/717/717 722/722/722
f 721/721/721 724/724/724 720/720/720
f 721/721/721 725/725/725 724/724/724
f 725/725/725 723/723/723 726/726/726
f 723/723/723 722/722/722 726/726/726
f 725/725/725 726/726/726 724/724/724
f 719/719/719 720/720/720 727/727/727
f 722/722/722 719/719/719 728/728/728
f 719/719/719 727/727/727 728/728/728
f 720/720/720 724/724/724 729/729/729
f 720/720/720 729/729/729 727/727/727
f 726/726/726 722/722/722 730/730/730
f 722/722/722 728/728/728 730/730/730
f 724/724/724 726/726/726 731/731/731
f 724/724/724 731/731/731 729/729/729
f 726/726/726 730/730/730 731/731/731
f 727/727/727 729/729/729 732/732/732
f 728/728/728 727/727/727 733/733/733
f 727/727/727 732/732/732 733/733/733
f 729/729/729 731/731/731 734/734/734
f 729/729/729 734/734/734 732/732/732
f 730/730/730 728/728/728 735/735/735
f 728/728/728 733/733/733 735/735/735
f 731/731/731 730/730/730 736/736/736
f 731/731/731 736/736/736 734/734/734
f 730/730/730 735/735/735 736/736/736
f 732/732/732 734/734/734 737/737/737
f 733/733/733 732/732/732 738/738/738
f 732/732/732 737/737/737 738/738/738
f 734/734/734 736/736/736 739/739/739
f 734/734/734 739/739/739 737/737/737
f 735/735/735 733/733/733 740/740/740
f 733/733/733 738/738/738 740/740/740
f 736/736/736 735/735/735 741/741/741
f 736/736/736 741/741/741 739/739/739
f 735/735/735 740/740/740 741/741/741
f 737/737/737 739/739/739 742/742/742
f 738/738/738 737/737/737 743/743/743
f 737/737/737 742/742/742 743/743/743
f 739/739/739 741/741/741 744/744/744
f 739/739/739 744/744/744 742/742/742
f 740/740/740 738/738/738 745/745/745
f 738/738/738 743/743/743 745/745/745
f 741/741/741 740/740/740 746/746/746
f 741/741/741 746/746/746 744/744/744
f 740/740/740 745/745/745 746/746/746
f 742/742/742 744/744/744 747/747/747
f 743/743/743 742/742/742 748/748/748
f 742/742/742 747/747/747 748/748/748
f 744/744/744 746/746/746 749/749/749
f 744/744/744 749/749/749 747/747/747
f 745/745/745 743/743/743 750/750/750
f 743/743/743 748/748/748 750/750/750
f 746/746/746 745/745/745 751/751/751
f 746/746/746 751/751/751 749/749/749
f 745/745/745 750/750/750 751/751/751
f 747/747/747 749/749/749 752/752/752
f 748/748/748 747/747/747 753/753/753
f 747/747/747 752/752/752 753/753/753
f 749/749/749 751/751/751 754/754/754
f 749/749/749 754/754/754 752/752/752
f 750/750/750 748/748/748 755/755/755
f 748/748/748 753/753/753 755/755/755
f 751/751/751 750/750/750 756/756/756
f 751/751/751 756/756/756 754/754/754
f 750/750/750 755/755/755 756/756/756
f 752/752/752 754/754/754 757/757/757
f 753/753/753 752/752/752 758/758/758
f 752/752/752 757/757/757 758/758/758
f 754/754/754 756/756/756 759/759/759
f 754/754/754 759/759/759 757/757/757
f 755/755/755 753/753/753 760/760/760
f 753/753/753 758/758/758 760/760/760
f 756/756/756 755/755/755 761/761/761
f 756/756/756 761/761/761 759/759/759
f 755/755/755 760/760/760 761/761/761
f 757/757/757 759/759/759 762/762/762
f 758/758/758 757/757/757 763/763/763
f 757/757/757 762/762/762 763/763/763
f 759/759/759 761/761/761 764/764/764
f 759/759/759 764/764/764 762/762/762
f 760/760/760 758/758/758 765/765/765
f 758/758/758 763/763/763 765/765/765
f 761/761/761 760/760/760 766/766/766
f 761/761/761 766/766/766 764/764/764
f 760/760/760 765/765/765 766/766/766
f 762/762/762 764/764/764 767/767/767
f 763/763/763 762/762/762 768/768/768
f 762/762/762 767/767/767 768/768/768
f 764/764/764 766/766/766 769/769/769
f 764/764/764 769/769/769 767/767/767
f 765/765/765 763/763/763 770/770/770
f 763/763/763 768/768/768 770/770/770
f 766/766/766 765/765/765 771/771/771
f 766/766/766 771/771/771 769/769/769
f 765/765/765 770/770/770 771/771/771
f 767/767/767 769/769/769 772/772/772
f 768/768/768 767/767/767 773/773/773
f 767/767/767 772/772/772 773/773/773
f 769/769/769 771/771/771 774/774/774
f 769/769/769 774/774/774 772/772/772
f 770/770/770 768/768/768 775/775/775
f 768/768/768 773/773/773 775/775/775
f 771/771/771 770/770/770 776/776/776
f 771/771/771 776/776/776 774/774/774
f 770/770/770 775/775/775 776/776/776
f 772/772/772 774/774/774 777/777/777
f 773/773/773 772/772/772 778/778/778
f 772/772/772 777/777/777 778/778/778
f 774/774/774 776/776/776 779/779/779
f 774/774/774 779/779/779 777/777/777
f 775/775/775 773/773/773 780/780/780
f 773/773/773 778/778/778 780/780/780
f 776/776/776 775/775/775 781/781/781
f 776/776/776 781/781/781 779/779/779
f 775/775/775 780/780/780 781/781/781
f 777/777/777 779/779/779 782/782/782
f 778/778/778 777/777/777 783/783/783
f 777/777/777 782/782/782 783/783/783
f 779/779/779 781/781/781 784/784/784
f 779/779/779 784/784/784 782/782/782
f 780/780/780 778/778/778 785/785/785
f 778/778/778 783/783/783 785/785/785
f 781/781/781 780/780/780 786/786/786
f 781/781/781 786/786/786 784/784/784
f 780/780/780 785/785/785 786/786/786
f 782/782/782 784/784/784 787/787/787
f 783/783/783 782/782/782 788/788/788
f 782/782/782 787/787/787 788/788/788
f 784/784/784 786/786/786 789/789/789
f 784/784/784 789/789/789 787/787/787
f 785/785/785 783/783/783 790/790/790
f 783/783/783 788/788/788 790/790/790
f 786/786/786 785/785/785 791/791/791
f 786/786/786 791/791/791 789/789/789
f 785/785/785 790/790/790 791/791/791
f 787/787/787 789/789/789 792/792/792
f 788/788/788 787/787/787 793/793/793
f 787/787/787 792/792/792 793/793/793
f 789/789/789 791/791/791 794/794/794
f 789/789/789 794/794/794 792/792/792
f 790/790/790 788/788/788 795/795/795
f 788/788/788 793/793/793 795/795/795
f 791/791/791 790/790/790 796/796/796
f 791/791/791 796/796/796 794/794/794
f 790/790/790 795/795/795 796/796/796
f 792/792/792 794/794/794 797/797/797
f 793/793/793 792/792/792 798/798/798
f 792/792/792 797/797/797 798/798/798
f 794/794/794 796/796/796 799/799/799
f 794/794/794 799/799/799 797/797/797
f 795/795/795 793/793/793 800/800/800
f 793/793/793 798/798/798 800/800/800
f 796/796/796 795/795/795 801/801/801
f 796/796/796 801/801/801 799/799/799
f 795/795/795 800/800/800 801/801/801
f 797/797/797 799/799/799 802/802/802
f 798/798/798 797/797/797 803/803/803
f 797/797/797 802/802/802 803/803/803
f 799/799/799 801/801/801 804/804/804
f 799/799/799 804/804/804 802/802/802
f 800/800/800 798/798/798 805/805/805
f 798/798/798 803/803/803 805/805/805
f 801/801/801 800/800/800 806/806/806
f 801/801/801 806/806/806 804/804/804
f 800/800/800 805/805/805 806/806/806
f 802/802/802 804/804/804 807/807/807
f 803/803/803 802/802/802 808/808/808
f 802/802/802 807/807/807 808/808/808
f 804/804/804 806/806/806 809/809/809
f 804/804/804 809/809/809 807/807/807
f 805/805/805 803/803/803 810/810/810
f 803/803/803 808/808/808 810/810/810
f 806/806/806 805/805/805 811/811/811
f 806/806/806 811/811/811 809/809/809
f 805/805/805 810/810/810 811/811/811
f 807/807/807 809/809/809 812/812/812
f 808/808/808 807/807/807 813/813/813
f 807/807/807 812/812/812 813/813/813
f 809/809/809 811/811/811 814/814/814
f 809/809/809 814/814/814 812/812/812
f 810/810/810 808/808/808 815/815/815
f 808/808/808 813/813/813 815/815/815
f 811/811/811 810/810/810 816/816/816
f 811/811/811 816/816/816 814/814/814
f 810/810/810 815/815/815 816/816/816
f 812/812/812 814/814/814 817/817/817
f 813/813/813 812/812/812 818/818/818
f 812/812/812 817/817/817 818/818/818
f 814/814/814 816/816/816 819/819/819
f 814/814/814 819/819/819 817/817/817
f 815/815/815 813/813/813 820/820/820
f 813/813/813 818/818/818 820/820/820
f 816/816/816 815/815/815 821/821/821
f 816/816/816 821/821/821 819/819/819
f 815/815/815 820/820/820 821/821/821
f 817/817/817 819/819/819 822/822/822
f 818/818/818 817/817/817 823/823/823
f 817/817/817 822/822/822 823/823/823
f 819/819/819 821/821/821 824/824/824
f 819/819/819 824/824/824 822/822/822
f 820/820/820 818/818/818 825/825/825
f 818/818/818 823/823/823 825/825/825
f 821/821/821 820/820/820 826/826/826
f 821/821/821 826/826/826 824/824/824
f 820/820/820 825/825/825 826/826/826
f 822/822/822 824/824/824 827/827/827
f 823/823/823 822/822/822 828/828/828
f 822/822/822 827/827/827 828/828/828
f 824/824/824 826/826/826 829/829/829
f 824/824/824 829/829/829 827/827/827
f 825/825/825 823/823/823 830/830/830
f 823/823/823 828/828/828 830/830/830
f 826/826/826 825/825/825 831/831/831
f 826/826/826 831/831/831 829/829/829
f 825/825/825 830/830/830 831/831/831
f 827/827/827 829/829/829 832/832/832
f 828/828/828 827/827/827 833/833/833
f 827/827/827 832/832/832 833/833/833
f 829/829/829 831/831/831 834/834/834
f 829/829/829 834/834/834 832/832/832
f 830/830/830 828/828/828 835/835/835
f 828/828/828 833/833/833 835/835/835
f 831/831/831 830/830/830 836/836/836
f 831/831/831 836/836/836 834/834/834
f 830/830/830 835/835/835 836/836/836
f 832/832/832 834/834/834 837/837/837
f 833/833/833 832/832/832 838/838/838
f 832/832/832 837/837/837 838/838/838
f 834/834/834 836/836/836 839/839/839
f 834/834/834 839/839/839 837/837/837
f 835/835/835 833/833/833 840/840/840
f 833/833/833 838/838/838 840/840/840
f 836/836/836 835/835/835 841/841/841
f 836/836/836 841/841/841 839/839/839
f 835/835/835 840/840/840 841/841/841
f 837/837/837 839/839/839 842/842/842
f 838/838/838 837/837/837 843/843/843
f 837/837/837 842/842/842 843/843/843
f 839/839/839 841/841/841 844/844/844
f 839/839/839 844/844/844 842/842/842
f 840/840/840 838/838/838 845/845/845
f 838/838/838 843/843/843 845/845/845
f 841/841/841 840/840/840 846/846/846
f 841/841/841 846/846/846 844/844/844
f 840/840/840 845/845/845 846/846/846
f 842/842/842 844/844/844 847/847/847
f 843/843/843 842/842/842 848/848/848
f 842/842/842 847/847/847 848/848/848
f 844/844/844 846/846/846 849/849/849
f 844/844/844 849/849/849 847/847/847
f 845/845/845 843/843/843 850/850/850
f 843/843/843 848/848/848 850/850/850
f 846/846/846 845/845/845 851/851/851
f 846/846/846 851/851/851 849/849/849
f 845/845/845 850/850/850 851/851/851
f 847/847/847 849/849/849 852/852/852
f 848/848/848 847/847/847 853/853/853
f 847/847/847 852/852/852 853/853/853
f 849/849/849 851/851/851 854/854/854
f 849/849/849 854/854/854 852/852/852
f 850/850/850 848/848/848 855/855/855
f 848/848/848 853/853/853 855/855/855
f 851/851/851 850/850/850 856/856/856
f 851/851/851 856/856/856 854/854/854
f 850/850/850 855/855/855 856/856/856
f 852/852/852 854/854/854 857/857/857
f 853/853/853 852/852/852 858/858/858
f 852/852/852 857/857/857 858/858/858
f 854/854/854 856/856/856 859/859/859
f 854/854/854 859/859/859 857/857/857
f 855/855/855 853/853/853 860/860/860
f 853/853/853 858/858/858 860/860/860
f 856/856/856 855/855/855 861/861/861
f 856/856/856 861/861/861 859/859/859
f 855/855/855 860/860/860 861/861/861
f 857/857/857 859/859/859 862/862/862
f 858/858/858 857/857/857 863/863/863
f 857/857/857 862/862/862 863/863/863
f 859/859/859 861/861/861 864/864/864
f 859/859/859 864/864/864 862/862/862
f 860/860/860 858/858/858 865/865/865
f 858/858/858 863/863/863 865/865/865
f 861/861/861 860/860/860 866/866/866
f 861/861/861 866/866/866 864/864/864
f 860/860/860 865/865/865 866/866/866
f 862/862/862 864/864/864 867/867/867
f 863/863/863 862/862/862 868/868/868
f 862/862/862 867/867/867 868/868/868
f 864/864/864 866/866/866 869/869/869
f 864/864/864 869/869/869 867/867/867
f 865/865/865 863/863/863 870/870/870
f 863/863/863 868/868/868 870/870/870
f 866/866/866 865/865/865 871/871/871
f 866/866/866 871/871/871 869/869/869
f 865/865/865 870/870/870 871/871/871
f 867/867/867 869/869/869 872/872/872
f 868/868/868 867/867/867 873/873/873
f 867/867/867 872/872/872 873/873/873
f 869/869/869 871/871/871 874/874/874
f 869/869/869 874/874/874 872/872/872
f 870/870/870 868/868/868 875/875/875
f 868/868/868 873/873/873 875/875/875
f 871/871/871 870/870/870 876/876/876
f 871/871/871 876/876/876 874/874/874
f 870/870/870 875/875/875 876/876/876
f 872/872/872 874/874/874 877/877/877
f 873/873/873 872/872/872 878/878/878
f 872/872/872 877/877/877 878/878/878
f 874/874/874 876/876/876 879/879/879
f 874/874/874 879/879/879 877/877/877
f 875/875/875 873/873/873 880/880/880
f 873/873/873 878/878/878 880/880/880
f 876/876/876 875/875/875 881/881/881
f 876/876/876 881/881/881 879/879/879
f 875/875/875 880/880/880 881/881/881
f 877/877/877 879/879/879 882/882/882
f 878/878/878 877/877/877 883/883/883
f 877/877/877 882/882/882 883/883/883
f 879/879/879 881/881/881 884/884/884
f 879/879/879 884/884/884 882/882/882
f 880/880/880 878/878/878 885/885/885
f 878/878/878 883/883/883 885/885/885
f 881/881/881 880/880/880 886/886/886
f 881/881/881 886/886/886 884/884/884
f 880/880/880 885/885/885 886/886/886
f 882/882/882 884/884/884 887/887/887
f 883/883/883 882/882/882 888/888/888
f 882/882/882 887/887/887 888/888/888
f 884/884/884 886/886/886 889/889/889
f 884/884/884 889/889/889 887/887/887
f 885/885/885 883/883/883 890/890/890
f 883/883/883 888/888/888 890/890/890
f 886/886/886 885/885/885 891/891/891
f 886/886/886 891/891/891 889/889/889
f 885/885/885 890/890/890 891/891/891
f 887/887/887 889/889/889 892/892/892
f 888/888/888 887/887/887 893/893/893
f 887/887/887 892/892/892 893/893/893
f 889/889/889 891/891/891 894/894/894
f 889/889/889 894/894/894 892/892/892
f 890/890/890 888/888/888 895/895/895
f 888/888/888 893/893/893 895/895/895
f 891/891/891 890/890/890 896/896/896
f 891/891/891 896/896/896 894/894/894
f 890/890/890 895/895/895 896/896/896
f 892/892/892 894/894/894 897/897/897
f 893/893/893 892/892/892 898/898/898
f 892/892/892 897/897/897 898/898/898
f 894/894/894 896/896/896 899/899/899
f 894/894/894 899/899/899 897/897/897
f 895/895/895 893/893/893 900/900/900
f 893/893/893 898/898/898 900/900/900
f 896/896/896 895/895/895 901/901/901
f 896/896/896 901/901/901 899/899/899
f 895/895/895 900/900/900 901/901/901
f 897/897/897 899/899/899 902/902/902
f 898/898/898 897/897/897 903/903/903
f 897/897/897 902/902/902 903/903/903
f 899/899/899 901/901/901 904/904/904
f 899/899/899 904/904/904 902/902/902
f 900/900/900 898/898/898 905/905/905
f 898/898/898 903/903/903 905/905/905
f 901/901/901 900/900/900 906/906/906
f 901/901/901 906/906/906 904/904/904
f 900/900/900 905/905/905 906/906/906
f 904/904/904 907/907/907 902/902/902
f 902/902/902 908/908/908 903/903/903
f 907/907/907 908/908/908 902/902/902
f 906/906/906 909/909/909 904/904/904
f 909/909/909 907/907/907 904/904/904
f 903/903/903 910/910/910 905/905/905
f 908/908/908 910/910/910 903/903/903
f 905/905/905 911/911/911 906/906/906
f 911/911/911 909/909/909 906/906/906
f 910/910/910 911/911/911 905/905/905
f 907/907/907 909/909/909 912/912/912
f 908/908/908 907/907/907 913/913/913
f 907/907/907 912/912/912 913/913/913
f 909/909/909 911/911/911 914/914/914
f 909/909/909 914/914/914 912/912/912
f 910/910/910 908/908/908 915/915/915
f 908/908/908 913/913/913 915/915/915
f 911/911/911 910/910/910 916/916/916
f 911/911/911 916/916/916 914/914/914
f 910/910/910 915/915/915 916/916/916
f 912/912/912 914/914/914 917/917/917
f 913/913/913 912/912/912 918/918/918
f 912/912/912 917/917/917 918/918/918
f 914/914/914 916/916/916 919/919/919
f 914/914/914 919/919/919 917/917/917
f 915/915/915 913/913/913 920/920/920
f 913/913/913 918/918/918 920/920/920
f 916/916/916 915/915/915 921/921/921
f 916/916/916 921/921/921 919/919/919
f 915/915/915 920/920/920 921/921/921
f 920/920/920 918/918/918 922/922/922
f 920/920/920 922/922/922 923/923/923
f 921/921/921 920/920/920 923/923/923
f 921/921/921 923/923/923 924/924/924
f 919/919/919 921/921/921 924/924/924
f 918/918/918 925/925/925 922/922/922
f 918/918/918 917/917/917 925/925/925
f 919/919/919 924/924/924 926/926/926
f 917/917/917 919/919/919 926/926/926
f 917/917/917 926/926/926 925/925/925
f 926/926/926 927/927/927 925/925/925
f 925/925/925 927/927/927 928/928/928
f 928/928/928 927/927/927 929/929/929
f 932/932/932 931/931/931 930/930/930
f 931/931/931 933/933/933 930/930/930
f 930/930/930 933/933/933 934/934/934
f 933/933/933 935/935/935 934/934/934
f 934/934/934 935/935/935 936/936/936
f 935/935/935 937/937/937 936/936/936
f 937/937/937 939/939/939 938/938/938
f 940/940/940 937/937/937 938/938/938
f 938/938/938 939/939/939 941/941/941
f 939/939/939 942/942/942 941/941/941
f 941/941/941 942/942/942 943/943/943
f 942/942/942 944/944/944 943/943/943
f 943/943/943 944/944/944 945/945/945
f 944/944/944 946/946/946 945/945/945
f 940/940/940 938/938/938 947/947/947
f 938/938/938 941/941/941 948/948/948
f 947/947/947 938/938/938 948/948/948
f 941/941/941 943/943/943 949/949/949
f 948/948/948 941/941/941 949/949/949
f 943/943/943 945/945/945 950/950/950
f 949/949/949 943/943/943 950/950/950
f 950/950/950 945/945/945 951/951/951
f 945/945/945 952/952/952 951/951/951
f 950/950/950 951/951/951 953/953/953
f 949/949/949 950/950/950 954/954/954
f 954/954/954 950/950/950 953/953/953
f 948/948/948 949/949/949 955/955/955
f 955/955/955 949/949/949 954/954/954
f 956/956/956 940/940/940 947/947/947
f 957/957/957 940/940/940 956/956/956
f 947/947/947 948/948/948 958/958/958
f 958/958/958 948/948/948 955/955/955
f 959/959/959 957/957/957 956/956/956
f 960/960/960 957/957/957 959/959/959
f 956/956/956 947/947/947 961/961/961
f 961/961/961 947/947/947 958/958/958
f 959/959/959 956/956/956 962/962/962
f 962/962/962 956/956/956 961/961/961
f 963/963/963 959/959/959 962/962/962
f 964/964/964 960/960/960 959/959/959
f 964/964/964 959/959/959 963/963/963
f 965/965/965 960/960/960 964/964/964
f 966/966/966 964/964/964 963/963/963
f 967/967/967 965/965/965 964/964/964
f 967/967/967 964/964/964 966/966/966
f 958/958/958 955/955/955 968/968/968
f 961/961/961 958/958/958 969/969/969
f 969/969/969 958/958/958 968/968/968
f 968/968/968 955/955/955 970/970/970
f 955/955/955 954/954/954 970/970/970
f 970/970/970 954/954/954 971/971/971
f 954/954/954 953/953/953 971/971/971
f 971/971/971 953/953/953 972/972/972
f 953/953/953 973/973/973 972/972/972
f 953/953/953 974/974/974 973/973/973
f 974/974/974 975/975/975 973/973/973
f 968/968/968 970/970/970 976/976/976
f 974/974/974 977/977/977 975/975/975
f 978/978/978 968/968/968 976/976/976
f 969/969/969 968/968/968 978/978/978
f 979/979/979 969/969/969 978/978/978
f 980/980/980 969/969/969 979/979/979
f 939/939/939 980/980/980 979/979/979
f 980/980/980 961/961/961 969/969/969
f 981/981/981 961/961/961 980/980/980
f 982/982/982 981/981/981 980/980/980
f 983/983/983 981/981/981 982/982/982
f 984/984/984 983/983/983 982/982/982
f 966/966/966 983/983/983 984/984/984
f 977/977/977 985/985/985 975/975/975
f 975/975/975 985/985/985 986/986/986
f 985/985/985 987/987/987 986/986/986
f 985/985/985 988/988/988 987/987/987
f 988/988/988 989/989/989 987/987/987
f 986/986/986 987/987/987 990/990/990
f 987/987/987 991/991/991 990/990/990
f 990/990/990 991/991/991 992/992/992
f 991/991/991 993/993/993 992/992/992
f 994/994/994 966/966/966 984/984/984
f 994/994/994 984/984/984 995/995/995
f 996/996/996 994/994/994 995/995/995
f 997/997/997 966/966/966 994/994/994
f 997/997/997 967/967/967 966/966/966
f 998/998/998 994/994/994 996/996/996
f 998/998/998 997/997/997 994/994/994
f 999/999/999 998/998/998 996/996/996
f 1000/1000/1000 967/967/967 997/997/997
f 1001/1001/1001 997/997/997 998/998/998
f 1001/1001/1001 1000/1000/1000 997/997/997
f 1002/1002/1002 998/998/998 999/999/999
f 1002/1002/1002 1001/1001/1001 998/998/998
f 1000/1000/1000 1003/1003/1003 967/967/967
f 1003/1003/1003 965/965/965 967/967/967
f 1004/1004/1004 999/999/999 965/965/965
f 1004/1004/1004 1002/1002/1002 999/999/999
f 1003/1003/1003 1004/1004/1004 965/965/965
f 1005/1005/1005 1000/1000/1000 1001/1001/1001
f 1006/1006/1006 1001/1001/1001 1002/1002/1002
f 1006/1006/1006 1005/1005/1005 1001/1001/1001
f 1007/1007/1007 1002/1002/1002 1004/1004/1004
f 1007/1007/1007 1006/1006/1006 1002/1002/1002
f 1008/1008/1008 1003/1003/1003 1000/1000/1000
f 1005/1005/1005 1008/1008/1008 1000/1000/1000
f 1009/1009/1009 1004/1004/1004 1003/1003/1003
f 1009/1009/1009 1007/1007/1007 1004/1004/1004
f 1008/1008/1008 1009/1009/1009 1003/1003/1003
f 1010/1010/1010 1005/1005/1005 1006/1006/1006
f 1011/1011/1011 1006/1006/1006 1007/1007/1007
f 1011/1011/1011 1010/1010/1010 1006/1006/1006
f 1012/1012/1012 1007/1007/1007 1009/1009/1009
f 1012/1012/1012 1011/1011/1011 1007/1007/1007
f 1013/1013/1013 1008/1008/1008 1005/1005/1005
f 1010/1010/1010 1013/1013/1013 1005/1005/1005
f 1014/1014/1014 1009/1009/1009 1008/1008/1008
f 1014/1014/1014 1012/1012/1012 1009/1009/1009
f 1013/1013/1013 1014/1014/1014 1008/1008/1008
f 1015/1015/1015 1010/1010/1010 1011/1011/1011
f 1016/1016/1016 1011/1011/1011 1012/1012/1012
f 1016/1016/1016 1015/1015/1015 1011/1011/1011
f 1017/1017/1017 1012/1012/1012 1014/1014/1014
f 1017/1017/1017 1016/1016/1016 1012/1012/1012
f 1018/1018/1018 1013/1013/1013 1010/1010/1010
f 1015/1015/1015 1018/1018/1018 1010/1010/1010
f 1019/1019/1019 1014/1014/1014 1013/1013/1013
f 1019/1019/1019 1017/1017/1017 1014/1014/1014
f 1018/1018/1018 1019/1019/1019 1013/1013/1013
f 1020/1020/1020 1015/1015/1015 1016/1016/1016
f 1021/1021/1021 1016/1016/1016 1017/1017/1017
f 1021/1021/1021 1020/1020/1020 1016/1016/1016
f 1022/1022/1022 1017/1017/1017 1019/1019/1019
f 1022/1022/1022 1021/1021/1021 1017/1017/1017
f 1023/1023/1023 1018/1018/1018 1015/1015/1015
f 1020/1020/1020 1023/1023/1023 1015/1015/1015
f 1024/1024/1024 1019/1019/1019 1018/1018/1018
f 1024/1024/1024 1022/1022/1022 1019/1019/1019
f 1023/1023/1023 1024/1024/1024 1018/1018/1018
f 1025/1025/1025 1023/1023/1023 1020/1020/1020
f 1025/1025/1025 1026/1026/1026 1023/1023/1023
f 1026/1026/1026 1024/1024/1024 1023/1023/1023
f 1026/1026/1026 1027/1027/1027 1024/1024/1024
f 1027/1027/1027 1022/1022/1022 1024/1024/1024
f 1028/1028/1028 1025/1025/1025 1020/1020/1020
f 1028/1028/1028 1020/1020/1020 1021/1021/1021
f 1027/1027/1027 1029/1029/1029 1022/1022/1022
f 1029/1029/1029 1021/1021/1021 1022/1022/1022
f 1029/1029/1029 1028/1028/1028 1021/1021/1021
f 1029/1029/1029 1030/1030/1030 1028/1028/1028
f 1030/1030/1030 1029/1029/1029 1031/1031/1031
f 1032/1032/1032 1030/1030/1030 1031/1031/1031
f 1035/1035/1035 1034/1034/1034 1033/1033/1033
f 1034/1034/1034 1036/1036/1036 1033/1033/1033
f 1033/1033/1033 1036/1036/1036 1037/1037/1037
f 1036/1036/1036 1038/1038/1038 1037/1037/1037
f 1040/1040/1040 1039/1039/1039 977/977/977
f 1041/1041/1041 1040/1040/1040 977/977/977
f 1044/1044/1044 1043/1043/1043 1042/1042/1042
f 952/952/952 1044/1044/1044 1042/1042/1042
f 1047/1047/1047 1046/1046/1046 1045/1045/1045
f 1048/1048/1048 1047/1047/1047 1045/1045/1045
f 1048/1048/1048 1045/1045/1045 1049/1049/1049
f 1050/1050/1050 1048/1048/1048 1049/1049/1049
f 1053/1053/1053 1052/1052/1052 1051/1051/1051
f 1052/1052/1052 1054/1054/1054 1051/1051/1051
f 1051/1051/1051 1054/1054/1054 1055/1055/1055
f 1054/1054/1054 1056/1056/1056 1055/1055/1055
f 1059/1059/1059 1058/1058/1058 1057/1057/1057
f 1058/1058/1058 1060/1060/1060 1057/1057/1057
f 1057/1057/1057 1060/1060/1060 1061/1061/1061
f 1058/1058/1058 1062/1062/1062 1060/1060/1060
f 1060/1060/1060 1063/1063/1063 1061/1061/1061
f 1061/1061/1061 1063/1063/1063 1064/1064/1064
f 1062/1062/1062 1065/1065/1065 1060/1060/1060
f 1060/1060/1060 1065/1065/1065 1063/1063/1063
f 1063/1063/1063 1066/1066/1066 1064/1064/1064
f 1064/1064/1064 1066/1066/1066 1067/1067/1067
f 1065/1065/1065 1068/1068/1068 1063/1063/1063
f 1063/1063/1063 1068/1068/1068 1066/1066/1066
f 1068/1068/1068 1069/1069/1069 1066/1066/1066
f 1066/1066/1066 1070/1070/1070 1067/1067/1067
f 1062/1062/1062 1071/1071/1071 1065/1065/1065
f 1071/1071/1071 992/992/992 1065/1065/1065
f 1072/1072/1072 1071/1071/1071 1062/1062/1062
f 1073/1073/1073 1072/1072/1072 1062/1062/1062
f 1074/1074/1074 1072/1072/1072 1073/1073/1073
f 1075/1075/1075 1074/1074/1074 1073/1073/1073
f 1075/1075/1075 1073/1073/1073 1076/1076/1076
f 1077/1077/1077 1075/1075/1075 1076/1076/1076
f 1077/1077/1077 1076/1076/1076 1078/1078/1078
f 1079/1079/1079 1077/1077/1077 1078/1078/1078
f 1080/1080/1080 1077/1077/1077 1079/1079/1079
f 1081/1081/1081 1080/1080/1080 1079/1079/1079
f 1082/1082/1082 1080/1080/1080 1081/1081/1081
f 976/976/976 1082/1082/1082 1081/1081/1081
f 1084/1084/1084 992/992/992 1083/1083/1083
f 992/992/992 1085/1085/1085 1083/1083/1083
f 992/992/992 993/993/993 1085/1085/1085
f 1083/1083/1083 1085/1085/1085 1086/1086/1086
f 993/993/993 1087/1087/1087 1085/1085/1085
f 993/993/993 1088/1088/1088 1087/1087/1087
f 1088/1088/1088 1089/1089/1089 1087/1087/1087
f 1085/1085/1085 1087/1087/1087 1090/1090/1090
f 1085/1085/1085 1090/1090/1090 1086/1086/1086
f 1087/1087/1087 1089/1089/1089 1091/1091/1091
f 1087/1087/1087 1091/1091/1091 1090/1090/1090
f 1089/1089/1089 1092/1092/1092 1091/1091/1091
f 1091/1091/1091 1092/1092/1092 1093/1093/1093
f 1092/1092/1092 1067/1067/1067 1093/1093/1093
f 1091/1091/1091 1093/1093/1093 1094/1094/1094
f 1090/1090/1090 1091/1091/1091 1094/1094/1094
f 1090/1090/1090 1094/1094/1094 1095/1095/1095
f 1086/1086/1086 1090/1090/1090 1095/1095/1095
f 1094/1094/1094 1096/1096/1096 1095/1095/1095
f 1086/1086/1086 1095/1095/1095 1070/1070/1070
f 1097/1097/1097 1086/1086/1086 1070/1070/1070
f 1095/1095/1095 1096/1096/1096 1098/1098/1098
f 1098/1098/1098 1096/1096/1096 1099/1099/1099
f 1102/1102/1102 1101/1101/1101 1100/1100/1100
f 1103/1103/1103 1102/1102/1102 1100/1100/1100
f 1103/1103/1103 1100/1100/1100 1104/1104/1104
f 1102/1102/1102 1105/1105/1105 1101/1101/1101
f 1105/1105/1105 1106/1106/1106 1101/1101/1101
f 1107/1107/1107 1103/1103/1103 1104/1104/1104
f 1107/1107/1107 1104/1104/1104 1108/1108/1108
f 1109/1109/1109 1108/1108/1108 1106/1106/1106
f 1105/1105/1105 1109/1109/1109 1106/1106/1106
f 1109/1109/1109 1107/1107/1107 1108/1108/1108
f 1110/1110/1110 1102/1102/1102 1103/1103/1103
f 1111/1111/1111 1105/1105/1105 1102/1102/1102
f 1110/1110/1110 1111/1111/1111 1102/1102/1102
f 1111/1111/1111 1112/1112/1112 1105/1105/1105
f 1112/1112/1112 1109/1109/1109 1105/1105/1105
f 1111/1111/1111 1110/1110/1110 1112/1112/1112
f 1112/1112/1112 1113/1113/1113 1109/1109/1109
f 1113/1113/1113 1107/1107/1107 1109/1109/1109
f 1112/1112/1112 1110/1110/1110 1113/1113/1113
f 1114/1114/1114 1110/1110/1110 1103/1103/1103
f 1114/1114/1114 1103/1103/1103 1107/1107/1107
f 1113/1113/1113 1114/1114/1114 1107/1107/1107
f 1113/1113/1113 1110/1110/1110 1114/1114/1114
f 1117/1117/1117 1116/1116/1116 1115/1115/1115
f 1118/1118/1118 1117/1117/1117 1115/1115/1115
f 1118/1118/1118 1115/1115/1115 1119/1119/1119
f 1117/1117/1117 1120/1120/1120 1116/1116/1116
f 1120/1120/1120 1121/1121/1121 1116/1116/1116
f 1122/1122/1122 1118/1118/1118 1119/1119/1119
f 1122/1122/1122 1119/1119/1119 1123/1123/1123
f 1124/1124/1124 1123/1123/1123 1121/1121/1121
f 1120/1120/1120 1124/1124/1124 1121/1121/1121
f 1124/1124/1124 1122/1122/1122 1123/1123/1123
f 1125/1125/1125 1117/1117/1117 1118/1118/1118
f 1126/1126/1126 1120/1120/1120 1117/1117/1117
f 1125/1125/1125 1126/1126/1126 1117/1117/1117
f 1126/1126/1126 1127/1127/1127 1120/1120/1120
f 1127/1127/1127 1124/1124/1124 1120/1120/1120
f 1126/1126/1126 1125/1125/1125 1127/1127/1127
f 1127/1127/1127 1128/1128/1128 1124/1124/1124
f 1128/1128/1128 1122/1122/1122 1124/1124/1124
f 1127/1127/1127 1125/1125/1125 1128/1128/1128
f 1129/1129/1129 1125/1125/1125 1118/1118/1118
f 1129/1129/1129 1118/1118/1118 1122/1122/1122
f 1128/1128/1128 1129/1129/1129 1122/1122/1122
f 1128/1128/1128 1125/1125/1125 1129/1129/1129
f 1132/1132/1132 1131/1131/1131 1130/1130/1130
f 1133/1133/1133 1132/1132/1132 1130/1130/1130
f 1133/1133/1133 1130/1130/1130 1134/1134/1134
f 1132/1132/1132 1135/1135/1135 1131/1131/1131
f 1135/1135/1135 1136/1136/1136 1131/1131/1131
f 1137/1137/1137 1133/1133/1133 1134/1134/1134
f 1137/1137/1137 1134/1134/1134 1138/1138/1138
f 1139/1139/1139 1138/1138/1138 1136/1136/1136
f 1135/1135/1135 1139/1139/1139 1136/1136/1136
f 1139/1139/1139 1137/1137/1137 1138/1138/1138
f 1140/1140/1140 1132/1132/1132 1133/1133/1133
f 1141/1141/1141 1135/1135/1135 1132/1132/1132
f 1140/1140/1140 1141/1141/1141 1132/1132/1132
f 1141/1141/1141 1142/1142/1142 1135/1135/1135
f 1142/1142/1142 1139/1139/1139 1135/1135/1135
f 1141/1141/1141 1140/1140/1140 1142/1142/1142
f 1142/1142/1142 1143/1143/1143 1139/1139/1139
f 1143/1143/1143 1137/1137/1137 1139/1139/1139
f 1142/1142/1142 1140/1140/1140 1143/1143/1143
f 1144/1144/1144 1140/1140/1140 1133/1133/1133
f 1144/1144/1144 1133/1133/1133 1137/1137/1137
f 1143/1143/1143 1144/1144/1144 1137/1137/1137
f 1143/1143/1143 1140/1140/1140 1144/1144/1144
f 1147/1147/1147 1146/1146/1146 1145/1145/1145
f 1148/1148/1148 1147/1147/1147 1145/1145/1145
f 1148/1148/1148 1145/1145/1145 1149/1149/1149
f 1147/1147/1147 1150/1150/1150 1146/1146/1146
f 1150/1150/1150 1151/1151/1151 1146/1146/1146
f 1152/1152/1152 1148/1148/1148 1149/1149/1149
f 1152/1152/1152 1149/1149/1149 1153/1153/1153
f 1154/1154/1154 1153/1153/1153 1151/1151/1151
f 1150/1150/1150 1154/1154/1154 1151/1151/1151
f 1154/1154/1154 1152/1152/1152 1153/1153/1153
f 1155/1155/1155 1147/1147/1147 1148/1148/1148
f 1156/1156/1156 1150/1150/1150 1147/1147/1147
f 1155/1155/1155 1156/1156/1156 1147/1147/1147
f 1156/1156/1156 1157/1157/1157 1150/1150/1150
f 1157/1157/1157 1154/1154/1154 1150/1150/1150
f 1156/1156/1156 1155/1155/1155 1157/1157/1157
f 1157/1157/1157 1158/1158/1158 1154/1154/1154
f 1158/1158/1158 1152/1152/1152 1154/1154/1154
f 1157/1157/1157 1155/1155/1155 1158/1158/1158
f 1159/1159/1159 1155/1155/1155 1148/1148/1148
f 1159/1159/1159 1148/1148/1148 1152/1152/1152
f 1158/1158/1158 1159/1159/1159 1152/1152/1152
f 1158/1158/1158 1155/1155/1155 1159/1159/1159
f 1162/1162/1162 1161/1161/1161 1160/1160/1160
f 1163/1163/1163 1162/1162/1162 1160/1160/1160
f 1163/1163/1163 1160/1160/1160 1164/1164/1164
f 1162/1162/1162 1165/1165/1165 1161/1161/1161
f 1165/1165/1165 1166/1166/1166 1161/1161/1161
f 1167/1167/1167 1163/1163/1163 1164/1164/1164
f 1167/1167/1167 1164/1164/1164 1168/1168/1168
f 1169/1169/1169 1168/1168/1168 1166/1166/1166
f 1165/1165/1165 1169/1169/1169 1166/1166/1166
f 1169/1169/1169 1167/1167/1167 1168/1168/1168
f 1170/1170/1170 1162/1162/1162 1163/1163/1163
f 1171/1171/1171 1165/1165/1165 1162/1162/1162
f 1170/1170/1170 1171/1171/1171 1162/1162/1162
f 1171/1171/1171 1172/1172/1172 1165/1165/1165
f 1172/1172/1172 1169/1169/1169 1165/1165/1165
f 1171/1171/1171 1170/1170/1170 1172/1172/1172
f 1172/1172/1172 1173/1173/1173 1169/1169/1169
f 1173/1173/1173 1167/1167/1167 1169/1169/1169
f 1172/1172/1172 1170/1170/1170 1173/1173/1173
f 1174/1174/1174 1170/1170/1170 1163/1163/1163
f 1174/1174/1174 1163/1163/1163 1167/1167/1167
f 1173/1173/1173 1174/1174/1174 1167/1167/1167
f 1173/1173/1173 1170/1170/1170 1174/1174/1174
f 1177/1177/1177 1176/1176/1176 1175/1175/1175
f 1178/1178/1178 1177/1177/1177 1175/1175/1175
f 1178/1178/1178 1175/1175/1175 1179/1179/1179
f 1177/1177/1177 1180/1180/1180 1176/1176/1176
f 1180/1180/1180 1181/1181/1181 1176/1176/1176
f 1182/1182/1182 1178/1178/1178 1179/1179/1179
f 1182/1182/1182 1179/1179/1179 1183/1183/1183
f 1184/1184/1184 1183/1183/1183 1181/1181/1181
f 1180/1180/1180 1184/1184/1184 1181/1181/1181
f 1184/1184/1184 1182/1182/1182 1183/1183/1183
f 1185/1185/1185 1177/1177/1177 1178/1178/1178
f 1186/1186/1186 1180/1180/1180 1177/1177/1177
f 1185/1185/1185 1186/1186/1186 1177/1177/1177
f 1186/1186/1186 1187/1187/1187 1180/1180/1180
f 1187/1187/1187 1184/1184/1184 1180/1180/1180
f 1186/1186/1186 1185/1185/1185 1187/1187/1187
f 1187/1187/1187 1188/1188/1188 1184/1184/1184
f 1188/1188/1188 1182/1182/1182 1184/1184/1184
f 1187/1187/1187 1185/1185/1185 1188/1188/1188
f 1189/1189/1189 1185/1185/1185 1178/1178/1178
f 1189/1189/1189 1178/1178/1178 1182/1182/1182
f 1188/1188/1188 1189/1189/1189 1182/1182/1182
f 1188/1188/1188 1185/1185/1185 1189/1189/1189
