# Meridian SP tube mesh
v 0.1560650542507187 0.39496681103056336 -0.06900958534627552
v 0.15427473935071867 0.39541906103056335 -0.06855331174627552
v 0.1551623418507187 0.39468726503056334 -0.06831050474627552
v 0.1557356119507187 0.3958713410305634 -0.06968449244627552
v 0.1546290442507187 0.3961505890305633 -0.06940249914627553
v 0.1540891975507187 0.4018457230305634 -0.06415991674627552
v 0.1551966816507187 0.4015680250305634 -0.06444003614627553
v 0.15373519805071867 0.4011142250305634 -0.06331030834627552
v 0.1551623418507187 0.39468726503056334 -0.06831050474627552
v 0.15552703295071868 0.40066501503056334 -0.06376353094627552
v 0.1560650542507187 0.39496681103056336 -0.06900958534627552
v 0.1546237170507187 0.4003848430305634 -0.06306532584627553
v 0.1538703516507187 0.4067482650305634 -0.05960990674627552
v 0.1549805700507187 0.40647545503056337 -0.05988449044627552
v 0.15351695565071868 0.4060182870305633 -0.05875888654627552
v 0.15531305965071868 0.40557697403056336 -0.05920319444627552
v 0.1544086784507187 0.40529438903056336 -0.05850761194627552
v 0.15355065465071868 0.4119258220305634 -0.05425723824627552
v 0.1546650007507187 0.41166183303056336 -0.05452263724627552
v 0.1531981751507187 0.41119793103056335 -0.05340404434627552
v 0.1550014466507187 0.41077104203056336 -0.05383342694627552
v 0.1540949344507187 0.4104841650305634 -0.053142050246275524
v 0.15417120605071868 0.4169164000305634 -0.04951751604627552
v 0.15529150515071868 0.4166646300305633 -0.04977001064627552
v 0.1538202539507187 0.4161916080305633 -0.04866100284627552
v 0.15563300255071869 0.4157845080305633 -0.049069631846275524
v 0.15472372625071867 0.41549214703056336 -0.04838419894627552
v 0.1566212326507187 0.42363169803056333 -0.04465804994627552
v 0.1577485501507187 0.42339608103056336 -0.04489414204627552
v 0.1562721133507187 0.42291083903056337 -0.04379745384627552
v 0.1580962985507187 0.42253002503056336 -0.04417941904627552
v 0.1571836769507187 0.42223003503056333 -0.04350163414627552
v 0.15903596575071868 0.42896226003056337 -0.04032349584627552
v 0.1601713821507187 0.4287470880305634 -0.04053939694627552
v 0.15868882835071868 0.4282465870305634 -0.03945782124627552
v 0.1605261489507187 0.4278983770305633 -0.03980721164627552
v 0.1596096977507187 0.4275892670305633 -0.03913868124627552
v 0.16113625465071868 0.43523880803056336 -0.03583471474627552
v 0.1623152866507187 0.43519529703056337 -0.03590612304627552
v 0.1607970297507187 0.4345532360305634 -0.03494369704627552
v 0.1627046316507187 0.43448296203056336 -0.03505898364627552
v 0.1617663875507187 0.4340861140305634 -0.03446433224627552
v 0.16266997905071867 0.4420205060305633 -0.03192621143627552
v 0.1638349071507187 0.44216284203056333 -0.03185616899627552
v 0.1623281016507187 0.4413675370305633 -0.031010317146275522
v 0.1642131730507187 0.4415979680305634 -0.030896963556275518
v 0.1632819324507187 0.44110634903056334 -0.03037426899627552
v 0.16352099925071867 0.44806501303056334 -0.02936235349627552
v 0.16461749375071869 0.44844189303056337 -0.02915794309627552
v 0.16316638145071868 0.4474559130305633 -0.02842155378627552
v 0.16494067755071867 0.44806560903056336 -0.02809085300627552
v 0.1640437617507187 0.4474562110305633 -0.02763574290627552
v 0.16310098025071867 0.4546011390305633 -0.02744603576627552
v 0.1641359850507187 0.45509675103056335 -0.02719088015627552
v 0.16273102905071868 0.45402130503056337 -0.02649263571627552
v 0.16440568115071869 0.45482328503056335 -0.02607978286627552
v 0.16353730115071868 0.4541587530305633 -0.025648235696275522
v 0.1620310172507187 0.46033254303056337 -0.02568571991627552
v 0.1630353629507187 0.4608707130305634 -0.02541332191627552
v 0.16164328905071867 0.4597842400305634 -0.02472110456427552
v 0.1632685586507187 0.4606548850305634 -0.02428038783547552
v 0.16240800175071868 0.4599835570305634 -0.02385252900427552
v 0.1601391658507187 0.46593442603056334 -0.02414129920327552
v 0.1611200869507187 0.4665119950305634 -0.02385715913227552
v 0.15972649305071868 0.4654258790305633 -0.02316521596627552
v 0.1613136380507187 0.46636030103056336 -0.02270543528627552
v 0.16045217965071867 0.4656890930305634 -0.02227772911627552
v 0.15802463145071868 0.4714627560305633 -0.02253999898627552
v 0.15898197145071868 0.4720803800305634 -0.02224829862627552
v 0.1575824320507187 0.4709936680305633 -0.02155649848627552
v 0.1591313555507187 0.4719928200305633 -0.02108450839627552
v 0.1582663357507187 0.47132113603056336 -0.02065690955627552
v 0.1557218059507187 0.47757503403056334 -0.02037864411627552
v 0.15665497635071868 0.4782252010305633 -0.02008350565627552
v 0.1552509963507187 0.47714296003056333 -0.019391837996275522
v 0.1567606702507187 0.4781947430305633 -0.01891408627627552
v 0.1558930873507187 0.47752580003056333 -0.01848666136627552
v 0.15329044315071869 0.48368641703056336 -0.01843455526627552
v 0.1542001739507187 0.4843693670305633 -0.01813725428627552
v 0.15279376505071868 0.4832921330305634 -0.01744466507627552
v 0.15426547825071868 0.48439714303056336 -0.01696356478627552
v 0.1533964872507187 0.48373124003056334 -0.01653556525627552
v 0.1500619500507187 0.49099096703056333 -0.01705043297627552
v 0.15095733105071868 0.4916934670305634 -0.016755373216275522
v 0.14954838905071868 0.49062112003056335 -0.016058305276275518
v 0.15099761635071868 0.49175748203056335 -0.01558205578627552
v 0.1501267105507187 0.4910948570305633 -0.015150874856275521
v 0.1456751152507187 0.4983802740305634 -0.01664976822627552
v 0.14656102655071868 0.4991048870305633 -0.01638069841627552
v 0.14514855295071868 0.49805966003056334 -0.01564290001627552
v 0.1465822830507187 0.4992320840305634 -0.01520868949627552
v 0.14570908245071867 0.4985863860305634 -0.01475236005627552
v 0.1404240392507187 0.5049946610305633 -0.01614407356627552
v 0.1413044035507187 0.5057373940305634 -0.01590910553627552
v 0.13988904655071868 0.5047269170305634 -0.01512620411627552
v 0.1413134559507187 0.5059290230305633 -0.01474696490627552
v 0.1404388137507187 0.5053056180305634 -0.01426294534627552
v 0.13340586425071868 0.5125480000305633 -0.01575597282627552
v 0.1333243846507187 0.5144849720305633 -0.01573841180627552
v 0.1346970647507187 0.5100328030305633 -0.014341052646275521
v 0.1345653049507187 0.5131674110305634 -0.01431268174627552
v 0.1354136914507187 0.5104158820305633 -0.013449061646275521
v 0.1342603266507187 0.5060925780305634 -0.01200395544627552
v 0.1342732235507187 0.5067858990305634 -0.01105470674627552
v 0.1353672593507187 0.5059295590305634 -0.012345275846275521
v 0.13538816195071868 0.5070528090305634 -0.01081038544627552
v 0.13606423135071868 0.5065232220305633 -0.01160793654627552
v 0.13537576425071868 0.5000585620305633 -0.00995596124627552
v 0.1353791803507187 0.5007220800305634 -0.008957540646275521
v 0.1365181915507187 0.49988266803056336 -0.01038170044627552
v 0.1364913843507187 0.5009672340305633 -0.008729843446275521
v 0.13722077015071868 0.5004438460305634 -0.009632595846275521
v 0.1367988847507187 0.49380627303056335 -0.008677745246275521
v 0.1368123888507187 0.4944166240305633 -0.00767311454627552
v 0.13790773975071868 0.4936878380305634 -0.00903973544627552
v 0.1379296369507187 0.49467596403056335 -0.007414573846275519
v 0.1386067830507187 0.4942249360305634 -0.00825953484627552
v 0.13848618415071867 0.48733839403056334 -0.0075918976462755194
v 0.1384996697507187 0.48791119503056335 -0.006572607946275521
v 0.1395915299507187 0.48727509403056335 -0.007978241846275519
v 0.13970709595071867 0.48822721803056335 -0.006334329046275521
v 0.14028796185071868 0.4878084960305633 -0.007198387746275521
v 0.1401343531507187 0.4808820190305634 -0.006410023246275522
v 0.1401521675507187 0.48141929503056335 -0.005373237646275519
v 0.14123376835071869 0.48087105203056335 -0.006829587746275519
v 0.1412621662507187 0.48174014703056334 -0.005152342846275519
v 0.14193060625071868 0.4814012940305633 -0.0060524418462755206
v 0.14135327935071867 0.47529235503056333 -0.00510154474627552
v 0.1413859352507187 0.47578308003056335 -0.004031846346275521
v 0.1424336023507187 0.47535494003056333 -0.0055670458462755215
v 0.1424863971507187 0.47614869503056334 -0.0038360357462755186
v 0.1431339047507187 0.4758841100305633 -0.004784835546275519
v 0.14215066655071867 0.4696102440305634 -0.004246134346275521
v 0.14221924545071868 0.4700165690305633 -0.00313501064627552
v 0.1432054974507187 0.4696667490305634 -0.00473471174627552
v 0.14331727845071868 0.4703241880305633 -0.002935919946275522
v 0.14392673965071867 0.4701078830305634 -0.003924803846275519
v 0.1427913457507187 0.4638579190305634 -0.003652835246275521
v 0.1428947336507187 0.4641768630305634 -0.00251348314627552
v 0.1438178718507187 0.46391060903056336 -0.004151623646275519
v 0.14398633685071868 0.4644267860305633 -0.0023069232462755197
v 0.1445567607507187 0.4642620980305634 -0.00331965274627552
v 0.1448873803507187 0.4557228390305633 -0.0033583324462755186
v 0.1438585072507187 0.45579358903056333 -0.00288470274627552
v 0.14564429965071868 0.45594593903056335 -0.0025141611462755203
v 0.14397928115071867 0.4560606180305633 -0.0017473716462755202
v 0.14508300275071867 0.4561547930305634 -0.0015182010462755219
v 0.1458315253507187 0.4455739560305634 -0.00276889464627552
v 0.14660040285071868 0.4457817970305633 -0.0019324962462755196
v 0.1460453644507187 0.4459301530305634 -0.0009158253462755207
v 0.14480128135071868 0.4455936850305634 -0.0022693965462755213
v 0.14493347705071868 0.44581386403056333 -0.0011239871462755194
v 0.14634074275071868 0.4352508490305633 -0.0010581128462755218
v 0.1468896567507187 0.4351008240305634 -0.002082383246275521
v 0.14521986995071867 0.4351066050305633 -0.0012423116462755186
v 0.1461079493507187 0.43486377603056336 -0.002899819946275521
v 0.14507579805071869 0.43486735203056337 -0.002380661646275522
v 0.14490707215071869 0.42257806703056333 -0.0027808919462755204
v 0.1460428908507187 0.4223888810305634 -0.0025429409462755202
v 0.1447479799507187 0.42242309403056333 -0.003935024146275522
v 0.14578541365071868 0.4221380050305633 -0.004409782546275519
v 0.1465857699507187 0.42211672703056335 -0.003549654046275521
v 0.1426103301507187 0.39913627503056337 -0.009976035946275521
v 0.1424332708507187 0.39905366303056333 -0.011134136446275521
v 0.1434103101507187 0.3986358940305634 -0.01162602654627552
v 0.1441911831507187 0.3984601800305633 -0.01077205594627552
v 0.1436967924507187 0.3987695570305634 -0.009752347146275521
v 0.1404806300507187 0.3859356940305634 -0.01593980006627552
v 0.1395360156507187 0.38642475003056337 -0.015438710336275521
v 0.1412510462507187 0.38567701003056337 -0.01508915051627552
v 0.1397227458507187 0.38646847003056334 -0.01427847984627552
v 0.14078269895071868 0.38600638503056334 -0.01406244934627552
v 0.10751808065071869 0.3567382690305634 0.02121213635372448
v 0.10818046515071869 0.35641264903056336 0.022137643753724477
v 0.10746498035071869 0.35649749603056335 0.02310203575372448
v 0.10639327955071869 0.35702422303056336 0.02160465535372448
v 0.1063604727507187 0.35687530003056334 0.022772638153724482
v 0.10813689975071869 0.35108259303056333 0.022058537253724482
v 0.10747299155071868 0.35126999003056336 0.02110665475372448
v 0.10741943305071869 0.35091504503056337 0.02297444455372448
v 0.10634520465071869 0.35121780603056335 0.021434245653724482
v 0.10631210175071869 0.35099837203056333 0.02258864605372448
v 0.10809066705071868 0.3461650610305634 0.02188689445372448
v 0.10742683335071869 0.34634634803056336 0.020933898153724477
v 0.10737327485071868 0.3460030260305634 0.02280398645372448
v 0.10629897935071869 0.3462963100305634 0.02126189505372448
v 0.10626586715071869 0.34608390903056335 0.02241769995372448
v 0.10804450885071869 0.34125483003056334 0.02166424135372448
v 0.10738052245071869 0.34142634303056335 0.020709441953724476
v 0.1073271930507187 0.34110254003056334 0.02258303945372448
v 0.10625266845071869 0.34137964203056337 0.02103812435372448
v 0.1062197871507187 0.3411794600305634 0.02219603765372448
v 0.10799827425071869 0.33625823303056335 0.02107079515372448
v 0.10733405875071869 0.33641538003056337 0.020113604153724478
v 0.10728111115071869 0.33611905603056336 0.021991798653724477
v 0.10620651205071868 0.33637359703056335 0.02044310605372448
v 0.10617370535071868 0.33619049203056334 0.021603895353724478
v 0.1079521160507187 0.33093965103056333 0.020757952753724482
v 0.10728782605071868 0.33107882703056335 0.019798157753724482
v 0.10723510575071869 0.3308179080305634 0.02168164585372448
v 0.1061602011507187 0.33104312403056335 0.020128546253724483
v 0.10612762345071869 0.3308819830305634 0.02129254675372448
v 0.10790588335071868 0.3260856270305634 0.020186847053724477
v 0.10724143875071869 0.32620248203056335 0.01922404575372448
v 0.10718910025071869 0.3259852230305634 0.02111314795372448
v 0.10611381385071869 0.32617440803056336 0.019555455053724483
v 0.10608146525071868 0.32604014903056333 0.02072293495372448
v 0.10785972515071869 0.32080799303056334 0.01955901645372448
v 0.10719489865071868 0.32090473203056336 0.01859431525372448
v 0.1071430966507187 0.32073596103056334 0.020488405553724477
v 0.10606749355071869 0.3208931390305634 0.018927419553724477
v 0.10603553615071869 0.3207887410305634 0.02009802125372448
v 0.10766448825071868 0.31228125103056337 0.019121447553724483
v 0.10699951085071868 0.31236884003056337 0.018155949153724482
v 0.10694877435071869 0.31224525003056336 0.020053436953724482
v 0.10587280245071869 0.31238684103056336 0.01849133705372448
v 0.10584152115071868 0.31231024903056337 0.01966414785372448
v 0.1076905056507187 0.30396726703056337 0.018667684853724477
v 0.10702545005071869 0.30405181603056336 0.01770208585372448
v 0.10697955075071869 0.30396574703056334 0.01960170085372448
v 0.10590319525071869 0.30410215303056337 0.01803928425372448
v 0.1058752052507187 0.30404907503056333 0.01921339515372448
v 0.10776107755071869 0.29546064103056335 0.01825778745372448
v 0.10709571655071869 0.29554244903056337 0.017292076753724482
v 0.10597236455071869 0.2956196370305634 0.017630299553724478
v 0.1075288187507187 0.28806906903056334 0.006350234153724481
v 0.09721456465071869 0.28897780203056334 0.008831011153724477
v 0.10594360155071869 0.2955857810305634 0.01880508475372448
v 0.10704894925071869 0.29548752303056336 0.01919288745372448
v 0.1079771593507187 0.28720179203056334 0.017970507953724478
v 0.10726308635071868 0.28725063803056333 0.018906107153724483
v 0.1073106937507187 0.2872814540305634 0.01700470785372448
v 0.10615873155071869 0.2873604890305634 0.018518505653724482
v 0.10805282555071868 0.27869918903056334 0.017159936953724482
v 0.10738290665071869 0.27877715203056336 0.016194136853724478
v 0.10734817385071868 0.27876371103056335 0.01809573735372448
v 0.10618722815071868 0.28737941403056333 0.017343418653724477
v 0.1062800772507187 0.27889007303056335 0.016533037653724478
v 0.1062408331507187 0.27888166903056333 0.01770833695372448
v 0.10826202295071868 0.27042219003056334 0.015728389853724482
v 0.10759628195071869 0.2704994080305634 0.01476259715372448
v 0.1075720116507187 0.27049621903056337 0.016664287053724483
v 0.10649306145071868 0.2706211810305634 0.015101598553724477
v 0.10646171495071868 0.27061918403056334 0.01627688665372448
v 0.1079503614507187 0.2610987420305634 0.013087620953724483
v 0.10729505495071869 0.2612765130305634 0.012122223153724479
v 0.10738900115071869 0.2619466780305634 0.01402541435372448
v 0.10633197615071868 0.26223415103056336 0.012463310753724477
v 0.10638715695071868 0.26264843303056334 0.01363961215372448
v 0.0956700127507187 0.25917679103056335 0.019485784653724476
v 0.09510848955071868 0.25937941703056333 0.018473079453724478
v 0.09572226465071869 0.26018920503056336 0.020080978053724483
v 0.09481368955071869 0.26051697103056337 0.018442364453724477
v 0.09519309925071869 0.2610174420305634 0.01943607445372448
v 0.08866859367071869 0.2574644390305634 0.023447049753724476
v 0.08812248148071869 0.25767073003056334 0.022426540053724478
v 0.08871368319071869 0.25847503503056335 0.024045838053724483
v 0.08783019939071869 0.2588090300305634 0.022394647853724477
v 0.08819549484071869 0.25930601403056336 0.02339545455372448
v 0.08157646117571869 0.25575101403056333 0.02758448755372448
v 0.08105636537221869 0.25596359403056335 0.02655179615372448
v 0.0816097253697187 0.2567587200305634 0.028189009053724477
v 0.08076820315871869 0.25710281703056337 0.026517899753724476
v 0.08111007630827868 0.25759413803056336 0.027529785453724483
v 0.07435050933071868 0.25403654603056336 0.03064367365372448
v 0.07386711100071869 0.25425794703056337 0.02959497455372448
v 0.07436690759071869 0.25504043703056334 0.03125538865372448
v 0.0735846706707187 0.25539854203056334 0.02955858225372448
v 0.07389366114071869 0.2558821140305634 0.03058477675372448
v 0.06694752165071868 0.2523213030305634 0.03301717895372448
v 0.06651131155071868 0.25255370103056335 0.03195007335372448
v 0.06694221035071869 0.2533201570305634 0.03363729455372448
v 0.0662363814507187 0.25369596503056335 0.03191077525372448
v 0.0665026903507187 0.25416976203056335 0.03295358825372448
v 0.05932429805071869 0.2506053150305634 0.03498969785372448
v 0.058945689350718686 0.25085067703056335 0.03390360805372448
v 0.05929241145071869 0.25159820903056335 0.03561869825372448
v 0.05867980975071869 0.25199493803056333 0.03386130365372448
v 0.058894081050718694 0.25245696303056336 0.03492129405372448
v 0.05144180355071869 0.24831762903056337 0.03694478235372448
v 0.05112812105071869 0.24857702803056336 0.03584136995372448
v 0.05137589385071869 0.24930289403056333 0.03758285755372448
v 0.05086830075071869 0.24972266003056337 0.03579747495372448
v 0.05102150515071869 0.25017127403056333 0.03687375225372448
v 0.044244498050718686 0.24572017803056334 0.038299677853724484
v 0.04399409895071869 0.24599346503056335 0.03718368525372448
v 0.04413780195071869 0.24669659103056335 0.038946008353724484
v 0.04373260215071869 0.24713876803056334 0.03714019995372448
v 0.04382149875071869 0.24757334603056336 0.038229381653724484
v 0.03699829055071869 0.24290594503056334 0.03925657835372448
v 0.03680241485071869 0.24319160003056334 0.03813288915372448
v 0.03685249385071869 0.24387365603056338 0.03990828805372448
v 0.03653561325071869 0.24433571103056334 0.03809016015372448
v 0.03656658155071869 0.24475714603056337 0.03918745925372448
v 0.02970900755071869 0.23998493003056337 0.039871385353724476
v 0.02955770495071869 0.24028089603056335 0.038743576053724485
v 0.029531404350718687 0.24094516003056338 0.04052607525372448
v 0.029286593150718687 0.24142399403056336 0.03870127165372447
v 0.02927031745071869 0.24183458103056338 0.039802884653724474
v 0.02238569405071869 0.23671191903056338 0.03985460665372448
v 0.022269107450718688 0.23701602203056338 0.038725046453724474
v 0.022183399650718687 0.23766630903056335 0.04051063765372448
v 0.02199460935071869 0.23815840503056335 0.038682928353724486
v 0.021941699050718688 0.23856031903056335 0.039786523253724476
v 0.015037499350718686 0.23407301303056338 0.039328759553724474
v 0.014945402750718692 0.23438307603056335 0.038198580953724484
v 0.014817707250718695 0.23502317103056336 0.03998526745372448
v 0.014668703050718684 0.23552489303056334 0.038156470253724484
v 0.014589801450718684 0.23592039903056333 0.039260668653724476
v 0.007673300850718684 0.23211345103056336 0.03821767675372448
v 0.00759579985071869 0.23242712003056337 0.03708730825372448
v 0.00744310025071869 0.23306113503056336 0.03887419215372448
v 0.007317699450718695 0.23356849003056335 0.03704530935372448
v 0.007223300650718689 0.23396036003056336 0.038149585953724474
v 0.0027115046507186907 0.23090034703056334 0.03819619675372447
v 0.0019719004507186833 0.23105582603056335 0.03706438285372448
v -0.00018480424928131456 0.23119452603056334 0.038845805453724486
v -0.0013815909492813083 0.23144614703056338 0.03701460175372448
v -0.002714507249281309 0.23153194803056337 0.03811548095372448
v 0.007922202350718693 0.22826805703056335 0.039091026453724476
v 0.007790200450718696 0.22812190603056337 0.037932122153724476
v 0.007472202150718685 0.22732505203056336 0.03962962145372448
v 0.007258601450718688 0.22708857103056335 0.03775440345372448
v 0.007062099850718692 0.22659602803056333 0.03880350855372448
v 0.015322692650718686 0.22534927703056334 0.04051009375372448
v 0.015172503850718694 0.22521239503056334 0.039352102253724486
v 0.014878705150718693 0.22440305303056335 0.041048383353724474
v 0.014635704450718684 0.22418165203056334 0.039174681553724486
v 0.01445420085071869 0.22368148003056337 0.04022307505372448
v 0.02267139405071869 0.22291946403056334 0.041337704253724475
v 0.02249069135071869 0.22279810903056335 0.04018219375372448
v 0.02223761005071869 0.22196802503056334 0.041875077453724485
v 0.021945305150718686 0.22177180603056335 0.040005488353724486
v 0.021788902550718692 0.22125878903056334 0.04105178825372448
v 0.02991399915071869 0.22040885703056334 0.04240947775372449
v 0.029690310350718688 0.22030979403056333 0.04125927205372448
v 0.02949462085071869 0.21945011603056336 0.04294506275372448
v 0.029132720050718687 0.21928972003056335 0.04108406415372448
v 0.029011707750718686 0.21875843403056333 0.042125968253724486
v 0.03719126435071869 0.21776011603056333 0.042846551153724474
v 0.03691218425071869 0.21769022903056334 0.041706254753724484
v 0.03679038215071869 0.21679160003056336 0.04337895475372448
v 0.03633875775071869 0.21667853003056337 0.04153387065372448
v 0.03626345845071869 0.21612316403056336 0.04256765355372448
v 0.04408571865071869 0.21479734803056333 0.04187725295372448
v 0.04373930025071869 0.21476352203056337 0.04075356385372449
v 0.04370718075071869 0.21381703003056335 0.04240402395372447
v 0.04314680025071869 0.21376204503056334 0.04058581405372448
v 0.04312699665071869 0.21317705503056333 0.04160594755372447
v 0.05100668405071869 0.21161887003056334 0.040453461953724484
v 0.05059248395071869 0.21162226803056333 0.039352653553724484
v 0.050657000350718684 0.21062266803056334 0.040970763153724485
v 0.049986796450718685 0.21062785403056333 0.03918955285372448
v 0.05002669805071869 0.21001017103056335 0.04018956235372448
v 0.05843456275071869 0.20804777703056337 0.03806075265372448
v 0.05796734245071869 0.20807966603056338 0.03698224385372448
v 0.058119749650718686 0.20703262103056336 0.03856354025372448
v 0.057363742950718694 0.20708432803056337 0.03681833855372448
v 0.05745796115071869 0.20643705103056337 0.03779573555372448
v 0.06596240955071869 0.20432233803056338 0.03480089265372448
v 0.06545527835071868 0.20437499903056333 0.033741390353724476
v 0.06568130015071869 0.20328962803056333 0.03528759815372448
v 0.06486080215071868 0.20337492203056334 0.03357328665372448
v 0.06500038135071869 0.20270416103056338 0.03452888685372448
v 0.07321631908071868 0.20070174303056337 0.03009623845372448
v 0.07267615758071869 0.20077070603056335 0.029054248753724476
v 0.0729628801307187 0.19965514503056336 0.030568247653724477
v 0.07208908070071869 0.19976699303056333 0.028882147753724483
v 0.07226631138071869 0.19907745703056334 0.02981784005372448
v 0.08034873905171869 0.19726684703056335 0.02460818555372448
v 0.07978279062071869 0.19734847503056335 0.02358088825372448
v 0.08011718688071869 0.19620984803056335 0.025067588353724482
v 0.07920157851071868 0.19634184203056337 0.023405486753724482
v 0.07940818730071869 0.19563812003056336 0.02432429605372448
v 0.08761863643071868 0.19397154403056338 0.01921197585372448
v 0.08702758700071869 0.19406172603056338 0.018195888053724477
v 0.08740441268071869 0.19290724403056336 0.01966197605372448
v 0.0864589018707187 0.19305312603056335 0.01801787505372448
v 0.08668656275071869 0.19233962903056334 0.018923984853724478
v 0.09526943135071869 0.19076934503056336 0.01422935535372448
v 0.09468342735071869 0.19086471203056338 0.013220267353724481
v 0.09510489365071868 0.18970078203056334 0.014673570153724481
v 0.0941341482507187 0.18985489003056333 0.013040667353724479
v 0.09437965325071869 0.18913558103056338 0.013938857253724478
v 0.10709037635071869 0.18647226703056335 0.007909370553724482
v 0.10645637475071869 0.18658655903056337 0.006925059453724479
v 0.1063445266507187 0.18564799403056337 0.008696461053724479
v 0.10531859285071869 0.18583291803056334 0.007103761653724477
v 0.10524940305071868 0.18525278603056333 0.008198572353724481
v 0.10552506335071869 0.13997164403056336 0.00408020245372448
v 0.10487450475071869 0.14025600303056335 0.0031344015537244814
v 0.10479523615071869 0.14050555203056336 0.0051000993537244806
v 0.1037426087507187 0.14096576003056335 0.0035698004537244796
v 0.10369362685071869 0.14111995703056335 0.004784701353724479
v 0.08563515590071868 0.12933211003056336 0.01364127735372448
v 0.0858415979907187 0.12852446703056336 0.012817108953724482
v 0.08499361924071869 0.13019225003056337 0.013153998153724478
v 0.08532771980071868 0.12888552203056336 0.011820686953724478
v 0.08480367600071868 0.12991626603056336 0.012028949353724477
v 0.06739183885071869 0.12017886303056335 0.019952299053724483
v 0.0680019278507187 0.11930015703056335 0.020444700453724478
v 0.06812354085071869 0.11845080603056335 0.019646080253724482
v 0.0675886292507187 0.11880466303056336 0.01866021935372448
v 0.06713645905071869 0.11987258503056336 0.01884957215372448
v 0.051115203650718685 0.10892283903056335 0.024044843353724477
v 0.05127841975071869 0.10809893903056336 0.023221952853724477
v 0.050766300450718685 0.10846896503056336 0.02222974785372448
v 0.05028659855071869 0.10952152303056337 0.022439533853724478
v 0.050502199650718685 0.10980197803056335 0.023561252253724477
v 0.04419799895071869 0.10371020403056336 0.02453620175372448
v 0.043748021150718686 0.10411246103056335 0.02352690885372448
v 0.04397998755071869 0.10450580703056336 0.02537470865372448
v 0.04325199125071869 0.10515651103056337 0.02374150415372448
v 0.04339531065071869 0.10539974303056335 0.024883607353724482
v 0.03710541875071869 0.09944610303056337 0.026300741353724483
v 0.03670682015071869 0.09987586703056336 0.024143317753724483
v 0.03682400655071869 0.10020762703056335 0.02601361465372448
v 0.03617901725071869 0.10090293003056336 0.025158463053724482
v 0.03625141085071869 0.10110797003056335 0.02631428275372448
v 0.029989205350718688 0.09444080303056335 0.025961572353724482
v 0.029632300150718688 0.09489390303056336 0.024936961053724477
v 0.029656201650718687 0.09517352303056337 0.026818862153724476
v 0.029078811450718688 0.09590663003056335 0.02516107815372448
v 0.029093615750718692 0.09607943903056335 0.02632417345372448
v 0.022819891550718688 0.08969104303056336 0.02678233195372448
v 0.022496148950718692 0.09016296303056334 0.025663109453724478
v 0.022476240950718686 0.09041740003056337 0.027703592553724482
v 0.02191100645071869 0.09115767503056335 0.02574917855372448
v 0.021899804450718686 0.09131556703056334 0.027208315253724483
v 0.015703603650718684 0.08492934703056335 0.026216255453724482
v 0.015401199450718689 0.08541411203056334 0.024394476753724477
v 0.015303403150718695 0.08562278703056336 0.02707703595372448
v 0.014814108650718694 0.08640722903056336 0.024620262953724478
v 0.01475360245071869 0.08653633303056335 0.026581546253724476
v 0.008543103950718695 0.08045455803056337 0.025077527353724482
v 0.008254103350718689 0.08094726503056335 0.02265284395372448
v 0.00812640045071869 0.08113814903056335 0.026732599353724483
v 0.007658705150718689 0.08193545003056335 0.02287865245372448
v 0.007579900350718691 0.08205345303056336 0.025442929953724477
v 0.0018336027507186853 0.07609409103056336 0.023648532153724477
v 0.001401700050718685 0.07650241303056335 0.022619945953724477
v 0.0009274035507186862 0.07648113403056336 0.024503728353724483
v 0.00022849445071869423 0.07714183603056335 0.02283944375372448
v -6.460394928131663e-05 0.07712863403056336 0.02400374225372448
v 0.001823596650718684 0.04319112003056336 0.01621556465372448
v 0.0014103054507186852 0.04329742503056336 0.015111265753724477
v 0.0009045004507186871 0.04223763903056335 0.01788949035372448
v 0.00023580345071869124 0.04240971803056334 0.014964664353724483
v -7.679314928131509e-05 0.041754752030563363 0.01597836055372448
v 0.023020636250718686 0.04018527303056335 0.015220323553724477
v 0.023462586150718688 0.041235119030563344 0.013875482653724479
v 0.02287061135071869 0.03951580803056334 0.013445684653724477
v 0.02351973955071869 0.041228682030563346 0.012680443053724483
v 0.02315556255071869 0.04016552903056336 0.01241447215372448
v 0.04562132435071869 0.03744235603056337 0.009449487553724482
v 0.04562554505071869 0.03815072803056335 0.01095373745372448
v 0.04607021435071869 0.039193153030563366 0.009844718453724477
v 0.04621808605071869 0.039154872030563365 0.008632669253724481
v 0.04594036195071869 0.03807203503056336 0.008387839453724483
v 0.06823493915071868 0.03411486703056335 0.004682365853724481
v 0.06821598485071868 0.03483796103056336 0.00590461495372448
v 0.06872785095071869 0.03585994203056336 0.005011506353724479
v 0.06895794815071869 0.035791352030563356 0.003783505453724481
v 0.0686521241507187 0.03471191203056334 0.0035793855537244804
v 0.10132597755071869 0.030519038030563356 -0.0018542036462755214
v 0.10356829505071868 0.031169221030563354 -0.0027952026462755193
v 0.10311594795071868 0.031228647030563356 -0.0038918014462755203
v 0.10059645585071869 0.030615225030563353 -0.003628501646275522
v 0.09949188125071869 0.030176654030563355 -0.00236920264627552
v 0.08153460442571869 0.008356854030563354 0.0003961212537244782
v 0.0811758989075187 0.008447453030563351 -0.0007218811462755201
v 0.08077078760871868 0.008985154030563353 0.0010610669537244807
v 0.08019438688671869 0.00913165503056336 -0.0007478334462755198
v 0.07994069520071868 0.009463958030563352 0.00035337735372447873
v 0.07734184689071869 0.0013684332305633484 0.0006754379537244788
v 0.07695199456071869 0.0013872385305633561 -0.0004352610462755209
v 0.07646384649071869 0.0017357319305633528 0.001367902353724481
v 0.07584232278071869 0.0017661377305633608 -0.0004279613462755197
v 0.07553224033071869 0.0019815340305633505 0.0006860047537244791
v 0.0736156459907187 -0.007236547769436649 0.0006935577537244796
v 0.07323146332071868 -0.007214255669436648 -0.00041649864627552047
v 0.07273708284071868 -0.006875053069436643 0.0013867281537244813
v 0.07212544884071868 -0.0068390518694366464 -0.00040974094627552193
v 0.07181802206071869 -0.006629347769436647 0.0007048267537244808
v 0.07134967763071869 -0.01578806336943664 0.0005801804537244812
v 0.07097800725071869 -0.01575986296943664 -0.0005314294462755199
v 0.07047844865071869 -0.01543635876943665 0.001274405053724479
v 0.06986271865071869 -0.015390761169436648 -0.0005241949462755219
v 0.0695489831507187 -0.01519086206943665 0.0005908701537244813
v 0.06854169815071869 -0.02520602196943665 0.0006726160537244806
v 0.06816678495071869 -0.025169633369436645 -0.00043969414627552036
v 0.06765893475071869 -0.024868108369436648 0.0013668704537244808
v 0.0670505901507187 -0.02480921146943664 -0.00043273904627551957
v 0.0667392490507187 -0.02462291716943664 0.0006822459537244793
v 0.06662694925071869 -0.034634031369436644 0.0011572409537244782
v 0.06626821025071869 -0.03458690646943664 4.3913753724478255e-05
v 0.06574560605071869 -0.034314006569436645 0.001851150753724478
v 0.0651517491507187 -0.03423772006943665 5.0252253724479556e-05
v 0.06482678465071869 -0.03406900916943664 0.0011670421537244811
v 0.06550459845071868 -0.043689463269436644 0.0012541506537244798
v 0.06516128035071869 -0.043629039069436645 0.00013948045372447898
v 0.06461419535071869 -0.04339135066943665 0.00195205395372448
v 0.06404334495071869 -0.043293643769436646 0.0001470074537244792
v 0.06369951735071869 -0.04314674436943665 0.0012544747537244806
v 0.06399115545071869 -0.053219679769436645 0.00154965555372448
v 0.0636732913507187 -0.053140871269436646 0.00043116885372447913
v 0.06308549825071869 -0.05294944346943665 0.0022247675537244785
v 0.06254678215071868 -0.05282196406943664 0.0004147663537244807
v 0.06216955555071869 -0.052703779169436644 0.00151881015372448
v 0.06316385795071869 -0.06306639686943664 0.001922519853724481
v 0.0628372710507187 -0.06296458466943664 0.0008052960537244802
v 0.062218008550718684 -0.06282969186943665 0.002582948653724479
v 0.06170141695071869 -0.06266498196943665 0.0007747933537244796
v 0.06129967235071869 -0.06258165466943665 0.0018713157537244805
v 0.06263672375071869 -0.07327951116943665 0.0019629839537244793
v 0.062312621650718686 -0.07315767366943665 0.0008512325537244798
v 0.061695365250718684 -0.07307724656943665 0.002616874853724478
v 0.06121301655071869 -0.07288002596943664 0.0008117146537244789
v 0.06077158825071869 -0.07283036966943665 0.0019031837537244814
v 0.06234437045071869 -0.08354965316943665 0.00226528385372448
v 0.06201794185071869 -0.08341507146943665 0.0011505093537244812
v 0.061376351850718686 -0.08337989916943664 0.0029217693537244814
v 0.060866026250718686 -0.08316208046943664 0.0011144559537244782
v 0.060473017350718694 -0.08314041326943665 0.002208301753724478
v 0.06202670555071869 -0.09400324942943665 0.002715094053724481
v 0.061688007750718685 -0.09386325021943664 0.0015995446537244787
v 0.06104885605071869 -0.09386401297943664 0.003377616453724478
v 0.060516795150718686 -0.09363741986943665 0.0015725009537244788
v 0.06014048125071869 -0.09363803034943664 0.00267087665372448
v 0.061802048250718694 -0.10450430959943664 0.0030559021537244803
v 0.06144797805071869 -0.10436629410943665 0.0019394531537244783
v 0.060890436150718694 -0.10439383610943664 0.0037291217537244806
v 0.06032326255071869 -0.10417052357943665 0.00190806945372448
v 0.05991812605071869 -0.10418753744943665 0.0030187908537244804
v 0.06164989435071869 -0.11534276976943664 0.003504270653724481
v 0.06130138785071869 -0.11521429196943664 0.0023795571537244785
v 0.06072403865071869 -0.11525892276943664 0.004177689553724481
v 0.06016078035071869 -0.11505109816943665 0.002359764653724481
v 0.059793729350718694 -0.11507864106943665 0.0034728962537244785
v 0.061377143450718694 -0.12577367756943664 0.004115095353724479
v 0.06102974345071869 -0.12565588016943666 0.0030033942537244784
v 0.060433683950718686 -0.12572179916943665 0.00480216555372448
v 0.059874648250718684 -0.12553121706943665 0.0029920618537244807
v 0.05949485675071869 -0.12557203326943664 0.004116900253724479
v 0.06038470755071869 -0.14139576996943665 0.004893569253724479
v 0.060028176750718684 -0.14128369466943663 0.0037749744537244785
v 0.059430709150718686 -0.14138501136943665 0.005582697653724478
v 0.05885308795071869 -0.14120366046943664 0.0037750657537244797
v 0.058483576450718694 -0.14126629756943665 0.004883181353724481
v 0.060117229850718684 -0.15702787416943664 0.00549340065372448
v 0.05976192465071869 -0.15692334996943663 0.004387788453724478
v 0.05916223115071869 -0.15705504266943665 0.006179569253724478
v 0.058588299850718686 -0.15688582506943666 0.004382450153724481
v 0.05821691085071869 -0.15696714446943666 0.005487950553724481
v 0.05921299385071869 -0.17281499506943665 0.005009261853724481
v 0.05886056465071869 -0.17272660876943663 0.0038938093537244783
v 0.05825578605071869 -0.17286778986943663 0.005682611853724481
v 0.057684220350718685 -0.17272432146943664 0.003877600653724479
v 0.05731085315071869 -0.17281160506943666 0.004980564153724481
v 0.05836576035071869 -0.18903692066943664 0.0034099165537244784
v 0.058012232150718684 -0.18897237626943664 0.002296548353724479
v 0.05741278085071869 -0.18910268696943666 0.004076149353724481
v 0.05684117225071869 -0.18899846826943664 0.002277022253724479
v 0.056469907950718684 -0.18907903876943666 0.0033805649537244804
v 0.05762802995071869 -0.20437537896943664 0.0020298268537244785
v 0.05727625825071869 -0.20434322196943666 0.0009135585537244813
v 0.056673683250718684 -0.20444162196943666 0.0027023199537244795
v 0.05611563285071869 -0.20438934096943664 0.0008904058537244804
v 0.055745020550718685 -0.20444915396943664 0.0019973069537244786
v 0.05694456585071869 -0.22010722796943666 0.0004421994537244789
v 0.05650474135071869 -0.22012226296943666 -0.0006083175462755219
v 0.05597351115071869 -0.22016482796943665 0.001150581953724479
v 0.055494809550718685 -0.22018849896943665 -0.0006312485462755188
v 0.05517462645071869 -0.22020108996943666 0.00035909565372448105
v 0.05677597595071869 -0.23642533996943665 -0.0015516709462755213
v 0.05635984425071869 -0.23649011596943664 -0.0025495048462755195
v 0.05587206405071869 -0.23650376496943665 -0.0007491372462755212
v 0.055414728850718686 -0.23657797296943664 -0.002579115346275522
v 0.05502303685071869 -0.23654927296943665 -0.0016193036462755217
v 0.055822519550718694 -0.25258365296943663 -0.00379925404627552
v 0.055474061550718684 -0.25262308096943664 -0.004909800346275521
v 0.05486867945071869 -0.25266914096943666 -0.0031130928462755197
v 0.054325953150718684 -0.25272628696943666 -0.004953129246275521
v 0.05394776355071869 -0.25275172296943665 -0.0038572400462755195
v 0.055819377350718694 -0.2677479389694366 -0.006785441146275519
v 0.05547524055071869 -0.26775082896943664 -0.007894815846275521
v 0.05486384775071869 -0.26787228896943666 -0.006128737746275519
v 0.05432867445071869 -0.2678746729694367 -0.00793502294627552
v 0.053951960050718686 -0.26795154796943665 -0.006845608346275522
v 0.05555451845071869 -0.2838390919694367 -0.00963074154627552
v 0.05522224495071869 -0.2838132229694367 -0.01073908154627552
v 0.05461543615071869 -0.28400133596943666 -0.00898358594627552
v 0.05405834685071869 -0.2839592399694366 -0.010785162446275521
v 0.05367684925071869 -0.2840760799694366 -0.00970474724627552
v 0.055473441250718694 -0.29998758396943664 -0.012322369946275521
v 0.055121131250718686 -0.29994623396943665 -0.01342979634627552
v 0.05452083985071869 -0.3001781549694367 -0.01168062634627552
v 0.053948983550718685 -0.3001090589694366 -0.01346747014627552
v 0.053577795650718685 -0.30025231796943663 -0.01238394624627552
v 0.05562277325071869 -0.31580634396943663 -0.01535761356627552
v 0.05525664245071869 -0.31575496496943667 -0.01645485404627552
v 0.05468238335071869 -0.31601935596943664 -0.01469296403627552
v 0.05409068985071869 -0.31593701196943663 -0.01647442765627552
v 0.05373526555071869 -0.31610041896943664 -0.01539087854627552
v 0.05647434665071869 -0.33162933596943667 -0.01874788710627552
v 0.056101731950718686 -0.33157218996943666 -0.01984415855627552
v 0.055538101150718694 -0.33185455196943664 -0.01807363703627552
v 0.05493452025071869 -0.33176185196943664 -0.01986564369627552
v 0.05458789875071869 -0.3319357629694366 -0.01876184902627552
v 0.05745363235071869 -0.34608237396943664 -0.02089809859627552
v 0.05705765635071869 -0.3456983119694367 -0.02198426914627552
v 0.056494694250718694 -0.3460559849694367 -0.02021401375627552
v 0.05585522205071869 -0.3454339949694366 -0.02194927399627552
v 0.055506525550718694 -0.34565493496943667 -0.02085345936627552
v 0.05136633475071869 -0.3554356689694366 -0.02406680292927552
v 0.051135916250718685 -0.35480171396943666 -0.02504982653727552
v 0.05053554475071869 -0.3552244899694366 -0.02330160571627552
v 0.05016268785071869 -0.35419863496943665 -0.02486502833227552
v 0.04979087785071869 -0.35445964296943666 -0.02378404565427552
v 0.04746094345071869 -0.36239734296943665 -0.02591274201627552
v 0.04722480845071869 -0.36175623496943665 -0.026874839796275522
v 0.04660676045071869 -0.36221167396943665 -0.02514296240427552
v 0.046226650450718686 -0.36117443396943666 -0.02670429879627552
v 0.04584494975071869 -0.36145570896943663 -0.02563080971627552
v 0.04432082175071869 -0.36929336196943663 -0.02863034885627552
v 0.04409550135071869 -0.36863747196943664 -0.02958692703627552
v 0.04343962295071869 -0.36914727096943667 -0.02787730633627552
v 0.043076101650718686 -0.36808627796943666 -0.02942306455627552
v 0.04267149045071869 -0.36840137796943667 -0.02837395388627552
v 0.04134501885071869 -0.3761971589694366 -0.03223886433627552
v 0.04113348205071869 -0.3755196629694366 -0.03317483141627552
v 0.04042970385071869 -0.37610891496943666 -0.031521360386275524
v 0.04008739065071869 -0.37501281496943667 -0.03303643409627552
v 0.03965243325071869 -0.37537729696943667 -0.03201534179627552
v 0.038259703650718686 -0.38288402596943666 -0.03656810894627552
v 0.03806514295071869 -0.38217776996943664 -0.03748609684627552
v 0.03729868305071869 -0.3828723429694366 -0.03589071894627552
v 0.03698407855071869 -0.38172993096943664 -0.037379126046275524
v 0.03651029245071869 -0.3821592029694367 -0.03639459794627552
v 0.03457363325071869 -0.39060527096943665 -0.042224019746275515
v 0.034395229050718686 -0.38986369996943665 -0.043118866146275525
v 0.03356972705071869 -0.39068949196943664 -0.04161430704627552
v 0.03328102085071869 -0.38948923396943663 -0.043061917646275524
v 0.03277081625071869 -0.38999980696943665 -0.04213223794627552
v 0.03110929575071869 -0.3968763649694366 -0.04798783734627552
v 0.030945692250718686 -0.3960883919694366 -0.04884538054627552
v 0.030076589450718692 -0.3970509169694366 -0.04745314454627552
v 0.029812004450718688 -0.39577621196943663 -0.04883961564627552
v 0.029274903250718687 -0.39637100696943667 -0.04797942004627552
v 0.025870099650718688 -0.4087992909694366 -0.05858097784627552
v 0.025715541050718688 -0.40796267996943664 -0.05938911254627552
v 0.024826988550718687 -0.40902793396943665 -0.058100899646275524
v 0.02457761765071869 -0.4076745209694366 -0.05940916944627552
v 0.024028219250718692 -0.4083328839694366 -0.05861270614627552
v 0.022747859350718692 -0.41838839696943664 -0.06734901854627552
v 0.02260128035071869 -0.41752549996943666 -0.06813160514627552
v 0.02169923855071869 -0.41864302796943664 -0.06689506954627553
v 0.02146085725071869 -0.41724643096943664 -0.06816020424627553
v 0.020903863050718688 -0.41793715996943664 -0.06739708594627553
v 0.02093516295071869 -0.42764162996943667 -0.07642332654627551
v 0.02078627795071869 -0.42679569096943665 -0.07722623464627551
v 0.01988165455071869 -0.42790377096943666 -0.07597227584627553
v 0.019640754950718688 -0.4265347719694366 -0.07727180234627552
v 0.019081655850718686 -0.4272198679694367 -0.07649731074627553
v 0.020365323850718688 -0.4365287719694366 -0.08462231044627552
v 0.02020323275071869 -0.43575942496943665 -0.08549992924627553
v 0.019315022950718692 -0.43677231696943664 -0.08415333364627553
v 0.019052721550718688 -0.43552809996943664 -0.08557323924627552
v 0.018503822350718693 -0.43615400796943665 -0.08474102434627552
v 0.02104512605071869 -0.44528949296943665 -0.09042980704627553
v 0.02086351065071869 -0.44467028996943664 -0.09141894614627552
v 0.02000161635071869 -0.44548082396943667 -0.08992160294627552
v 0.01970781755071869 -0.44447955496943664 -0.09152202494627552
v 0.01917522025071869 -0.44498035296943667 -0.09059665534627552
v 0.02041617405071869 -0.4557518659694366 -0.09483107364627552
v 0.02021456135071869 -0.45533773296943664 -0.09591902234627551
v 0.019380774350718687 -0.45586141896943666 -0.09428305364627552
v 0.019054576750718692 -0.45519155296943664 -0.09604337994627551
v 0.018539175350718695 -0.45551505696943667 -0.09503241064627552
v 0.02095467225071869 -0.4686504299694366 -0.09877924804627553
v 0.02074011045071869 -0.46840366696943664 -0.09990986624627551
v 0.019924283050718687 -0.46869346496943665 -0.09821458344627552
v 0.01957727965071869 -0.46829420296943663 -0.10004382764627552
v 0.01907310635071869 -0.46847319596943665 -0.09899608974627552
v 0.01963718985071869 -0.48116293596943666 -0.10196724724627552
v 0.01941074435071869 -0.48104360696943665 -0.10310334894627551
v 0.01860929285071869 -0.48116689896943665 -0.10140614394627552
v 0.01824542875071869 -0.48097404796943666 -0.10324091654627553
v 0.017747431950718692 -0.48105034196943663 -0.10219688904627552
v 0.01750076565071869 -0.4933928849694366 -0.10475102254627552
v 0.017259135850718685 -0.49334651196943663 -0.10588065724627552
v 0.016473263550718695 -0.4933849569694366 -0.10419683344627552
v 0.016100339550718684 -0.4933098849694366 -0.10602340284627552
v 0.015596598350718693 -0.49333369696943663 -0.10498607344627552
v 0.015287436550718694 -0.5052891369694367 -0.10747383724627552
v 0.015056550550718695 -0.5053022799694367 -0.10862434094627552
v 0.014259763050718688 -0.5052714349694367 -0.10692422274627553
v 0.013889558650718684 -0.5052925049694367 -0.10876968684627553
v 0.013394072650718694 -0.5052732829694366 -0.10771490824627553
v 0.013729751150718686 -0.5172489579694366 -0.10937670054627552
v 0.013501010850718684 -0.5173078479694366 -0.11052904464627553
v 0.012702360750718691 -0.5172232989694366 -0.10880594884627552
v 0.012335412250718686 -0.5173188449694366 -0.11067041944627552
v 0.011838696850718686 -0.5172666609694366 -0.10960543344627552
v 0.013177111750718687 -0.5300281349694367 -0.11003496684627552
v 0.012951418750718688 -0.5301196869694367 -0.11119031344627552
v 0.012149617050718695 -0.5299973189694367 -0.10946443864627552
v 0.011784508850718689 -0.5301453169694366 -0.11133189684627552
v 0.011289022850718686 -0.5300696489694366 -0.11026723124627552
v 0.013426735950718693 -0.5423227849694366 -0.10900967004627551
v 0.013201430450718685 -0.5424332619694366 -0.11016000994627552
v 0.012399323250718686 -0.5422886309694366 -0.10843944734627552
v 0.012034632250718685 -0.5424677429694367 -0.11030120584627552
v 0.011538937650718686 -0.5423783359694366 -0.10923738964627552
v 0.014600269450718684 -0.5542785529694366 -0.10809489524627552
v 0.014373533450718692 -0.5543389919694366 -0.10925570314627552
v 0.013575121750718691 -0.5543542499694367 -0.10750018244627552
v 0.013207182250718694 -0.5544515849694367 -0.10938053014627552
v 0.012716539250718695 -0.5544607339694366 -0.10829213444627551
v 0.020368162550718688 -0.5972003939694366 -0.10345169344627551
v 0.021388515850718687 -0.5970890819694367 -0.10403171364627552
v 0.02115520085071869 -0.5970951619694367 -0.10518386404627553
v 0.01999068635071869 -0.5972100789694366 -0.10531791484627552
v 0.019504249050718687 -0.5972749589694366 -0.10424862984627552
v 0.02895626055071869 -0.6511075199694366 -0.10373823534627552
v 0.02871395275071869 -0.6510458889694366 -0.10488882844627552
v 0.02755017205071869 -0.6511637269694367 -0.10502515914627553
v 0.02707315985071869 -0.6512979569694366 -0.10395887684627551
v 0.027942162050718686 -0.6512632069694366 -0.10316358694627552
v 0.03213796765071869 -0.7186690869694367 -0.10843160194627552
v 0.033306904150718686 -0.7186673579694366 -0.10830422674627552
v 0.03355428575071869 -0.7188229859694366 -0.10719438084627551
v 0.03166202455071869 -0.7188259659694366 -0.10739737934627552
v 0.03253715485071869 -0.7189212739694366 -0.10663061034627552
v 0.03198387105071869 -0.7351174649694366 -0.10740091834627552
v 0.03222002465071869 -0.7352301179694366 -0.10626982334627552
v 0.03119357675071869 -0.7352234419694367 -0.10569007134627552
v 0.030809082050718688 -0.7350414689694367 -0.10735547724627552
v 0.03032055865071869 -0.7351073319694367 -0.10629200374627552
v 0.02888565135071869 -0.7515832479694367 -0.10289151404627551
v 0.02791230385071869 -0.7513105569694366 -0.10232446524627552
v 0.027033038450718687 -0.7512157259694366 -0.10302346384627552
v 0.028609681850718688 -0.7516568009694367 -0.10401243904627552
v 0.02746355535071869 -0.7514297069694367 -0.10406951794627552
v 0.02375936505071869 -0.7662644679694366 -0.09840804524627551
v 0.024706996950718686 -0.7660281959694366 -0.09775232714627552
v 0.025681097050718686 -0.7663551869694366 -0.09835733654627551
v 0.02531154085071869 -0.7667853529694366 -0.09938845224627552
v 0.024139609150718687 -0.7667366559694366 -0.09941972234627552
v 0.022021345750718686 -0.7776629029694366 -0.09262185734627552
v 0.022987019250718686 -0.7773938479694367 -0.09203811924627552
v 0.02391105895071869 -0.7778733669694367 -0.09261269304627552
v 0.023518111550718687 -0.7784362729694366 -0.09354048404627552
v 0.02234923835071869 -0.7783074079694366 -0.09355061684627552
v 0.02302086725071869 -0.7893969709694366 -0.08714134434627552
v 0.023995462850718692 -0.7889346179694366 -0.08673236334627552
v 0.023328959950718688 -0.7901674809694367 -0.08796629494627552
v 0.02449413015071869 -0.7901808919694366 -0.08806688524627553
v 0.024905640650718687 -0.7894193829694367 -0.08730683664627552
v 0.023465108150718686 -0.7982719839694367 -0.07931442004627552
v 0.02444361155071869 -0.7976952489694367 -0.07901137884627552
v 0.02377162125071869 -0.7991600929694367 -0.08002219904627553
v 0.02535491065071869 -0.7982268629694367 -0.07953201044627553
v 0.02493960415071869 -0.7991319599694366 -0.08015670444627551
v 0.023913092950718688 -0.8064049179694367 -0.07174321824627553
v 0.02359710265071869 -0.8054161969694367 -0.07119145804627552
v 0.02508768435071869 -0.8064440189694366 -0.07177518494627552
v 0.02457639205071869 -0.8048436339694367 -0.07088240054627552
v 0.02549759295071869 -0.8054790199694366 -0.07124326194627552
v 0.02555041015071869 -0.8123413619694366 -0.06257488024627553
v 0.02437591185071869 -0.8122937379694366 -0.06255939414627552
v 0.02596050875071869 -0.8113465009694366 -0.06210079234627552
v 0.024060111450718687 -0.8112696109694366 -0.06207591854627552
v 0.025039419550718686 -0.8106842939694366 -0.06179240904627552
v 0.026145014950718692 -0.8175701799694366 -0.05250900234627552
v 0.026555206650718692 -0.8165545759694366 -0.05208221264627552
v 0.025634113650718687 -0.8158807459694366 -0.05179969594627552
v 0.024970412250718686 -0.8175238069694366 -0.05249030884627552
v 0.024654708850718687 -0.8164800699694367 -0.05205189624627552
v 0.026098560550718686 -0.8200720249694367 -0.04131748154627552
v 0.02701956405071869 -0.8207543789694366 -0.041578292846275525
v 0.02511915565071869 -0.8206780849694366 -0.04155219904627552
v 0.026609338850718686 -0.8217827979694367 -0.04197411424627552
v 0.025434862850718686 -0.8217352329694366 -0.041958006146275525
v 0.024767041250718692 -0.8247075979694366 -0.03073019208627552
v 0.025746446150718687 -0.8240979019694367 -0.030505701896275522
v 0.02508265155071869 -0.8257720769694367 -0.03111710259627552
v 0.026257138650718687 -0.8258197009694367 -0.03113171271627552
v 0.026667445850718688 -0.8247851429694366 -0.03075390262627552
v 0.024360161250718687 -0.8297064009694366 -0.02016470162627552
v 0.024044658950718688 -0.8286254699694366 -0.01982370205627552
v 0.025534451050718686 -0.8297875819694367 -0.020085391586275522
v 0.02502394845071869 -0.8280389009694367 -0.01953360158627552
v 0.025944672550718688 -0.8287573159694367 -0.01969530200627552
v 0.022183552350718692 -0.8399731219694366 0.011216295853724481
v 0.02187376095071869 -0.8388787809694367 0.011513998753724483
v 0.02335956695071869 -0.8400494159694366 0.01128749735372448
v 0.02285825835071869 -0.8382787999694367 0.011769196053724479
v 0.02377654985071869 -0.8390020429694367 0.01162909905372448
v 0.021691564450718688 -0.8409093919694366 0.014779699953724482
v 0.02138165385071869 -0.8398150499694367 0.015075897753724476
v 0.02286555245071869 -0.8409558239694367 0.01473829705372448
v 0.02236405385071869 -0.8391845519694366 0.015217596653724477
v 0.02328116445071869 -0.8398900929694366 0.015008898453724481
v 0.021408561650718687 -0.8418267669694366 0.018258085453724482
v 0.021098848450718688 -0.8407342139694366 0.018561707853724477
v 0.02258175615071869 -0.8418670589694367 0.018194405353724477
v 0.02208065615071869 -0.8400994839694367 0.01868561095372448
v 0.022997155750718687 -0.8407995399694367 0.018458595453724483
v 0.021296419250718686 -0.8427459299694366 0.02171729695372448
v 0.02098741005071869 -0.8416564759694366 0.02203340645372448
v 0.02246741955071869 -0.8427764479694366 0.02161609935372448
v 0.021967522750718692 -0.8410137589694366 0.022127488653724478
v 0.02288220825071869 -0.8417058889694367 0.021869594253724478
v 0.02145050095071869 -0.8436670009694367 0.02514419895372448
v 0.021143302350718686 -0.8425823749694367 0.02547799605372448
v 0.02261620015071869 -0.8436834509694366 0.024990009153724478
v 0.02211910485071869 -0.8419286909694367 0.025529986253724476
v 0.023029398150718687 -0.8426086009694367 0.02522839795372448
v 0.02198160065071869 -0.8445904549694366 0.02852578645372448
v 0.02167788895071869 -0.8435119689694367 0.02888240855372448
v 0.023136500250718686 -0.8445880119694367 0.028302898653724477
v 0.02264520895071869 -0.8428436219694366 0.028879797053724482
v 0.02354669945071869 -0.8435082729694366 0.02852170725372448
v 0.022748108950718687 -0.8455163539694367 0.03184829835372448
v 0.022450901550718688 -0.8444457949694366 0.03223269615372448
v 0.023883711550718688 -0.8454907239694367 0.03154168835372448
v 0.02340281005071869 -0.8437578979694367 0.03216378205372448
v 0.02428841215071869 -0.8444036539694366 0.03173669985372448
v 0.023809492550718687 -0.8464544709694366 0.03513820655372448
v 0.023490101050718686 -0.8453619179694366 0.03544759935372448
v 0.02493050325071869 -0.8464178149694367 0.03478620755372448
v 0.02441370115071869 -0.8446496429694367 0.03528668545372448
v 0.025303993350718687 -0.8453027309694366 0.03487800625372448
v 0.025226000650718686 -0.8468829099694366 0.039604483153724473
v 0.02482919765071869 -0.8457659779694366 0.03966517555372448
v 0.02635700255071869 -0.8468505439694366 0.03928378785372448
v 0.025714892850718686 -0.8450433309694366 0.03938197905372448
v 0.02665920185071869 -0.8457141219694366 0.03914630225372448
v 0.025515653150718687 -0.8460009399694366 0.04429603925372448
v 0.025057159350718686 -0.8449297849694366 0.044111644853724485
v 0.026655558450718687 -0.8459613029694366 0.044011434553724485
v 0.02591365945071869 -0.8442284759694366 0.04371304625372448
v 0.02690155055071869 -0.8448657099694367 0.043651131953724484
v 0.026242252450718692 -0.8442712129694366 0.04872378525372448
v 0.025754563550718687 -0.8432452379694366 0.048417499253724475
v 0.02737864475071869 -0.8442358079694366 0.048423996153724475
v 0.02658944205071869 -0.8425762949694366 0.047928569853724484
v 0.02759325875071869 -0.8431884349694366 0.04793258565372448
v 0.027645196750718692 -0.8419015109694367 0.053313991053724474
v 0.02714849635071869 -0.8408901989694366 0.05297786555372448
v 0.028765097250718692 -0.8418935839694367 0.052953375453724486
v 0.027961388250718686 -0.8402578529694367 0.052409475653724474
v 0.02896049615071869 -0.8408779799694367 0.052394380753724476
v 0.030280265950718692 -0.8397211129694366 0.05745872665372448
v 0.029803156850718687 -0.8386823239694366 0.057178644453724475
v 0.03135707605071869 -0.8397717769694366 0.05698142015372448
v 0.03058516605071869 -0.8380902709694367 0.05652831305372448
v 0.03154555705071869 -0.8387641009694367 0.05640642905372448
v 0.03285615895071869 -0.8383819159694367 0.06070119705372448
v 0.03246834875071869 -0.8372698719694367 0.060581190553724476
v 0.03382154555071869 -0.8385210929694367 0.06002728455372448
v 0.03319416195071869 -0.8367224039694366 0.05983319695372448
v 0.03403055295071869 -0.8374951179694367 0.05949078315372448
v 0.03578009825071869 -0.8362986739694367 0.061331329853724484
v 0.03649430345071869 -0.8371055419694367 0.06086199545372448
v 0.036256991350718686 -0.8381395039694366 0.06136900745372448
v 0.03510129825071869 -0.8368333279694367 0.06212828865372448
v 0.03539599475071869 -0.8379710019694366 0.062151594053724474
v 0.036256991350718686 -0.8381395039694366 0.06136900745372448
v 0.03578009825071869 -0.8362986739694367 0.061331329853724484
v 0.03649430345071869 -0.8371055419694367 0.06086199545372448
v 0.10716011005071868 0.35612732203056335 0.022978646653724483
v 0.1071121208507187 0.35670957003056336 0.021168349353724476
v 0.10703018125071868 0.35576751803056333 0.02186704985372448
v 0.1073223873507187 0.35729154903056337 0.022966938053724482
v 0.1072927080507187 0.35765135303056333 0.021848237153724477
v 0.10211578195071869 0.35837677103056337 0.023157535153724478
v 0.10193183835071869 0.35743528603056335 0.022478049653724477
v 0.10703018125071868 0.35576751803056333 0.02186704985372448
v 0.10212486235071869 0.3580197100305634 0.024277837953724478
v 0.1073223873507187 0.35729154903056337 0.022966938053724482
v 0.1018271632507187 0.35649657203056334 0.02317823655372448
v 0.10716011005071868 0.35612732203056335 0.022978646653724483
v 0.1019466388507187 0.35685789603056334 0.02429053375372448
v 0.0970381926507187 0.35923004103056333 0.024464527153724477
v 0.09698493775071869 0.35888364903056336 0.025587426453724478
v 0.09684379395071868 0.35829040403056334 0.02378531735372448
v 0.09675758335071868 0.35772979303056335 0.02560222705372448
v 0.09667037895071869 0.35736328403056333 0.02448852545372448
v 0.09212463255071869 0.36034148903056334 0.025298478053724482
v 0.09196586535071868 0.3600189090305633 0.02641956325372448
v 0.0919129932507187 0.3594058160305634 0.024618966553724482
v 0.09165618845071868 0.35888364903056336 0.026433175453724478
v 0.09162345805071868 0.35850492103056336 0.025320274753724482
v 0.08743652282071869 0.3618377450305634 0.025408888253724476
v 0.08713256754071869 0.36156156703056336 0.026513883853724482
v 0.08720100345071868 0.36090973003056337 0.02472679875372448
v 0.08670921251071868 0.36046293403056334 0.026514684753724482
v 0.08675147919071868 0.36005979803056337 0.025410177153724477
v 0.0830248254307187 0.36384671903056337 0.02479942325372448
v 0.08255126886071869 0.36364775903056334 0.025861902153724477
v 0.08276138245071869 0.36293119203056334 0.02411040475372448
v 0.08199516235571869 0.36260923703056336 0.025829507053724478
v 0.08212509088071869 0.36216643403056337 0.02474700475372448
v 0.07892929017071869 0.36650329803056336 0.023325996453724476
v 0.07829032838071869 0.36641174603056337 0.024314308553724483
v 0.07863883907071868 0.36560544403056333 0.022624695653724478
v 0.07760482747071869 0.3654574450305634 0.02422389575372448
v 0.07782021002071869 0.36495909103056334 0.02317969685372448
v 0.07517058821071869 0.36997312303056334 0.02058808695372448
v 0.0744080394507187 0.36999419303056336 0.02148639965372448
v 0.0748760220607187 0.36907988803056335 0.01988259515372448
v 0.07364211976071869 0.3691140710305634 0.021335994853724477
v 0.07393143140071869 0.36854916803056337 0.02034478445372448
v 0.06998001035071869 0.37585967803056336 0.015165599053724478
v 0.06914210785071868 0.37596494003056335 0.01598519645372448
v 0.0697087906507187 0.37494108103056334 0.014483196653724481
v 0.0683531183507187 0.37511137103056336 0.015809396253724482
v 0.06870330775071869 0.37447843003056336 0.014881199253724477
v 0.06528820095071869 0.38149383703056333 0.009003600153724478
v 0.06440399215071868 0.38165465003056337 0.009762397053724482
v 0.06504349225071869 0.38054350003056336 0.00835609625372448
v 0.06361279075071868 0.38080382303056337 0.00958379545372448
v 0.06400798815071869 0.3801168800305634 0.008714696353724481
v 0.06097050195071869 0.38693204503056333 0.002314297453724478
v 0.06005749295071869 0.38712918803056334 0.0030285976537244783
v 0.06074230185071869 0.38596099603056333 0.0016922969537244807
v 0.05926509765071869 0.3862798810305634 0.0028479974537244795
v 0.05968830175071869 0.38555786003056336 0.002022096853724481
v 0.05688571925071869 0.39224943503056336 -0.004707401646275519
v 0.05595828965071869 0.39246550203056335 -0.004017904446275519
v 0.05666569245071869 0.39126768703056336 -0.005315301946275521
v 0.05516520885071869 0.39161682103056333 -0.004199601746275521
v 0.05560242195071869 0.39087677003056337 -0.005001502146275521
v 0.05289187845071869 0.39752164503056336 -0.01186630224627552
v 0.05196258985071869 0.39773985703056336 -0.01118040174627552
v 0.05267311075071869 0.3965380790305634 -0.01247220204627552
v 0.051169319050718684 0.39689177303056333 -0.01136230214627552
v 0.05160839115071869 0.39614898003056337 -0.01216070264627552
v 0.04884700845071869 0.4028237760305634 -0.01896660169627552
v 0.04792769995071869 0.40302887603056337 -0.01826290227627552
v 0.04862228035071869 0.40184783903056337 -0.01958260265627552
v 0.04713501035071869 0.4021798670305634 -0.01844389177627552
v 0.04756432025071869 0.40145018703056334 -0.01925961207627552
v 0.04461898655071869 0.4082180560305634 -0.02579420269627552
v 0.04369967805071869 0.40842315603056334 -0.02509041252827552
v 0.04438931125071869 0.40724882503056337 -0.02641850174627552
v 0.04290192205071869 0.4075805250305633 -0.02527981228227552
v 0.04332809155071869 0.4068548380305633 -0.02610060153627552
v 0.04055031015071869 0.4138458070305634 -0.03302429150627552
v 0.03960239145071869 0.4140902460305633 -0.03237150143627552
v 0.04032238205071869 0.41287413203056333 -0.03364580124627552
v 0.03878860175071869 0.4132699670305634 -0.03258949238627552
v 0.03923351315071869 0.4125185910305633 -0.03337700012627552
v 0.03723419085071869 0.41952851403056335 -0.04076611434627552
v 0.03626091035071869 0.41981717903056337 -0.04017291964627552
v 0.03700370715071869 0.4185607730305634 -0.04139278274627552
v 0.03542869915071869 0.41902801403056333 -0.04043301564627552
v 0.03588778895071869 0.4182516630305634 -0.04118690454627552
v 0.03445859995071869 0.4254272280305633 -0.04866421594627552
v 0.03347679225071869 0.4257348480305634 -0.04809551124627552
v 0.03421708945071869 0.4244824350305634 -0.04932121184627552
v 0.03262840215071869 0.42497983603056333 -0.04840099254627552
v 0.03308590125071869 0.4242059290305633 -0.04915852474627552
v 0.03202110155071869 0.43169006703056334 -0.05634380314627552
v 0.03104259075071869 0.43198940203056335 -0.05576499734627552
v 0.031761799050718686 0.4307897980305634 -0.05705570244627552
v 0.030178509650718686 0.4312746820305634 -0.05611911604627552
v 0.03062299635071869 0.4305331410305634 -0.05691680874627552
v 0.029718089850718686 0.4384640160305634 -0.06343009884627551
v 0.02875348925071869 0.43872341503056334 -0.06280891414627551
v 0.02943340315071869 0.43763795503056335 -0.06421909294627552
v 0.027872599650718692 0.4380575720305634 -0.06321392024627552
v 0.02829280865071869 0.4373867810305634 -0.06408550034627553
v 0.02734550085071869 0.4458987410305634 -0.06954861244627553
v 0.026407107750718688 0.4460769590305633 -0.06885989564627552
v 0.027024805550718692 0.4451843200305634 -0.07042937914627552
v 0.025506403250718686 0.4454720910305634 -0.06931510384627551
v 0.02588820085071869 0.4449206290305634 -0.07028510604627553
v 0.02470261235071869 0.4541305600305634 -0.07431557214627552
v 0.02379641305071869 0.4542061980305634 -0.07356850244627552
v 0.02433568985071869 0.4535616930305634 -0.07528107054627553
v 0.022869493850718688 0.45368465803056335 -0.07407218404627552
v 0.023202802950718686 0.4532861410305633 -0.07513062094627551
v 0.022622600150718687 0.4612466390305634 -0.07698142714627551
v 0.02173670005071869 0.4612515270305634 -0.07620841454627553
v 0.022213708650718686 0.4608242810305634 -0.07800201144627553
v 0.020780302550718686 0.46083220803056335 -0.07675109614627551
v 0.02107510345071869 0.46056821903056333 -0.07785956744627552
v 0.02086050065071869 0.46870300203056336 -0.07880858894627552
v 0.01998350395071869 0.46866974203056333 -0.07802619594627552
v 0.02042400095071869 0.4683972300305633 -0.07985770884627552
v 0.019005108650718687 0.4683431680305633 -0.07859177324627552
v 0.01927731185071869 0.4681750240305633 -0.07972373624627552
v 0.019325498450718688 0.47642543903056334 -0.08002837564627552
v 0.01845380665071869 0.47636595403056337 -0.07924178804627552
v 0.01887300235071869 0.47620055103056336 -0.08109031434627552
v 0.01746260375071869 0.4761038120305634 -0.07981757634627552
v 0.017721600850718694 0.4760015900305633 -0.08096000364627552
v 0.017931900950718685 0.4843218620305634 -0.08086776174627552
v 0.017062701250718695 0.48424831003056334 -0.08007972124627552
v 0.017471797750718693 0.4841403070305633 -0.08193420064627552
v 0.016065396350718686 0.4840206800305633 -0.08065910074627552
v 0.016318194550718687 0.4839541610305633 -0.08180526454627551
v 0.016593396650718684 0.49229887103056336 -0.08155532364627552
v 0.015724502550718694 0.4922228750305634 -0.08076713044627552
v 0.016132205750718692 0.49212309703056334 -0.08262229524627551
v 0.01472640035071869 0.49200043103056335 -0.08134688994627552
v 0.014978297050718695 0.49193874003056337 -0.08249351944627552
v 0.015222601550718695 0.5002624090305634 -0.08232146684627552
v 0.014352001250718685 0.5001968440305633 -0.08153418264627552
v 0.014766700550718687 0.5000561180305634 -0.08338546194627552
v 0.013358101250718693 0.4999496040305633 -0.08211173674627552
v 0.013614401250718694 0.4998626410305633 -0.08325576224627551
v 0.01373580095071869 0.5080984530305633 -0.08339538234627553
v 0.012863703050718683 0.5080407560305633 -0.08260917104627552
v 0.011873506050718685 0.5077743230305634 -0.08318397964627552
v 0.013284504450718687 0.5078677240305634 -0.08445609544627553
v 0.012133598350718686 0.5076672140305634 -0.08432540484627551
v 0.011873506050718685 0.5077743230305634 -0.08318397964627552
v 0.012863703050718683 0.5080407560305633 -0.08260917104627552
v 0.013284504450718687 0.5078677240305634 -0.08445609544627553
v 0.01373580095071869 0.5080984530305633 -0.08339538234627553
v 0.011873506050718685 0.5077743230305634 -0.08318397964627552
v 0.0005737468507186899 0.6568255720305634 -0.02172172744627552
v 0.001021020150718685 0.6569514570305633 -0.020639073336275522
v -0.0005568563492813067 0.6565515700305633 -0.02161519485627552
v -0.0008094087492813151 0.6565087740305634 -0.020465647806275522
v 0.00016465785071868855 0.6567569670305634 -0.01986161898627552
v 0.00021756445071868802 0.6502748430305634 -0.02003884734627552
v -0.0007570460492813125 0.6501586730305634 -0.02068162406627552
v -0.0005568563492813067 0.6565515700305633 -0.02161519485627552
v 0.0010744258507186938 0.6506297290305634 -0.02075715502627552
v 0.00332011285071869 0.6565087740305634 -0.02497026149627552
v -0.006547264749281315 0.6565087740305634 -0.02494658890627552
v -0.0005044937492813123 0.6504431070305634 -0.02179541531627552
v 0.001021020150718685 0.6569514570305633 -0.020639073336275522
v 0.0005737468507186899 0.6568255720305634 -0.02172172744627552
v 0.0006268247507186936 0.6507344540305634 -0.02184145175627552
v 0.005150541650718696 0.6569514570305633 -0.02514368720627552
v -0.004716835949281309 0.6569514570305633 -0.02512001461627552
v 0.00357266515071869 0.6565515700305633 -0.02611980854627552
v 0.004703268450718695 0.6568255720305634 -0.02622634114627552
v 0.004294164450718688 0.6567569670305634 -0.02436623282755552
v -0.0062947124492813145 0.6565515700305633 -0.02609613595627552
v -0.005573198149281311 0.6567569670305634 -0.024342560247575522
v -0.00516410914928131 0.6568255720305634 -0.02620266855627552
v 0.006242677550718695 0.6437921820305633 -0.02626935182627552
v 0.007199287450718683 0.6435758770305634 -0.02563977427627552
v 0.006510175750718689 0.6446177660305633 -0.02705793315627552
v 0.008059971050718692 0.6442677680305634 -0.02604175032627552
v 0.007631026250718695 0.6449107230305634 -0.02691630786627552
v 0.013777226250718685 0.6376965940305633 -0.03319811075627552
v 0.014708913850718694 0.6375344100305633 -0.03253451734627552
v 0.015574753250718693 0.6382220090305634 -0.03294074442627552
v 0.015171498050718685 0.6388068500305634 -0.033851847056275516
v 0.014065228450718684 0.6384842690305633 -0.03401208575627552
v 0.02111358195071869 0.6296850140305633 -0.03946635594627552
v 0.021984290350718687 0.6303668920305634 -0.03987420904627552
v 0.020213086150718686 0.6297765670305634 -0.04016952964627552
v 0.02161375435071869 0.6308769880305634 -0.04082663354627552
v 0.020525064350718686 0.6305150690305633 -0.04101039284627552
v 0.02658216655071869 0.6206897790305633 -0.04593313674627552
v 0.027456752950718692 0.6213645640305634 -0.046341637146275524
v 0.02570822835071869 0.6207093890305634 -0.046674579346275516
v 0.027116417850718687 0.6217997370305633 -0.047333639146275516
v 0.026040684450718686 0.6213966910305634 -0.047540668446275525
v 0.03050380945071869 0.6133743230305634 -0.05039774814627552
v 0.03135948625071869 0.6140811740305634 -0.05078389494627552
v 0.029651805750718692 0.6133345070305634 -0.051175368946275515
v 0.03103478995071869 0.6144779620305634 -0.05179992134627552
v 0.029980193850718692 0.6140168010305633 -0.052042374346275524
v 0.03492033105071869 0.6060924830305634 -0.05441758964627552
v 0.03574931245071869 0.6068316400305633 -0.05479147844627552
v 0.03410352765071869 0.6059991420305634 -0.055225828646275524
v 0.03544744845071869 0.6071948110305634 -0.05583099084627552
v 0.03442796695071869 0.6066796480305634 -0.05609962154627552
v 0.03851900995071869 0.6006806190305634 -0.05695564484627552
v 0.03927455465071869 0.6015117470305633 -0.05729943324627552
v 0.03786482665071869 0.6003867690305633 -0.05785511994627552
v 0.03908588365071869 0.6017312710305633 -0.05840997954627552
v 0.03821429235071869 0.6010355060305633 -0.05875465084627552
v 0.042744230450718686 0.5954742130305634 -0.05853400934627552
v 0.04341413085071869 0.5963909920305633 -0.05886045284627552
v 0.04228772225071869 0.5949981510305633 -0.05948844734627552
v 0.04336503145071869 0.5964806970305634 -0.060014752646275524
v 0.04267144205071869 0.5956201260305634 -0.06040448134627552
v 0.04756227505071869 0.5909039080305634 -0.05875978434627552
v 0.04819644985071869 0.5918423830305634 -0.05907829664627552
v 0.04726153235071869 0.5903314650305633 -0.05972672444627552
v 0.04828358815071869 0.5918484630305634 -0.06024177554627552
v 0.04770750925071869 0.5909155310305634 -0.06064280684627552
v 0.052632570250718685 0.5858694020305634 -0.05857426484627552
v 0.053256191350718685 0.5868164000305633 -0.05888746124627552
v 0.05244988015071869 0.5852343740305633 -0.05952726114627552
v 0.05345609595071869 0.5867640670305634 -0.06003624384627552
v 0.05295851645071869 0.5857864320305634 -0.06043159404627552
v 0.057725973450718684 0.5808845460305634 -0.05800175854627552
v 0.05834103185071869 0.5818418560305634 -0.05831363984627552
v 0.05765361715071869 0.5801793040305634 -0.05892956074627552
v 0.058647608350718694 0.5817258060305633 -0.05943687814627552
v 0.058222807950718686 0.5806979830305633 -0.05981754694627552
v 0.06201414015071869 0.5769839580305633 -0.05729664674627552
v 0.0626452118507187 0.5779254140305633 -0.05760773084627552
v 0.061959281550718684 0.5762698350305634 -0.05821775454627552
v 0.06298048045071869 0.5777938660305634 -0.05872053094627552
v 0.06255661885071868 0.5767710510305634 -0.05909754144627552
v 0.0680813118507187 0.5723241870305633 -0.05566548744627552
v 0.06872277245071869 0.5732548530305633 -0.05597549494627552
v 0.06804115695071869 0.5715990960305634 -0.05658281034627552
v 0.0690803145507187 0.5731078680305633 -0.05708193224627552
v 0.0686585279507187 0.5720837410305634 -0.05745820884627552
v 0.0749005549607187 0.5679762660305634 -0.05384046954627552
v 0.07556270575071869 0.5689009730305633 -0.05413885414627552
v 0.07486820174071869 0.5672420560305633 -0.054757550346275524
v 0.0759395929007187 0.5687380130305634 -0.055240347946275525
v 0.0755103630907187 0.5677126350305634 -0.05562276204627552
v 0.08175805030671869 0.5648674670305633 -0.05179537274627552
v 0.08245751320071869 0.5657701790305634 -0.05207728784627552
v 0.08172036107871869 0.5641362370305634 -0.05271475204627552
v 0.08285210549071868 0.5655961930305634 -0.05317095104627552
v 0.08239655429071868 0.5645860730305634 -0.053564971346275525
v 0.08832914289071869 0.5615852770305634 -0.050053523846275524
v 0.08908346109071869 0.5624510940305634 -0.05030922214627552
v 0.0882718460607187 0.5608666240305633 -0.05098220144627552
v 0.08949247282071869 0.5622673930305634 -0.05139602164627552
v 0.08899084013071869 0.5612880290305634 -0.05181194654627552
v 0.09607602005071869 0.5582982000305634 -0.04769162084627552
v 0.09690306525071869 0.5591125190305634 -0.047906631646275524
v 0.09597898365071869 0.5575888450305634 -0.04865201934627552
v 0.09733482265071869 0.5589466990305634 -0.048963636146275524
v 0.09676410635071869 0.5580054820305633 -0.04942353074627552
v 0.10262757165071869 0.5549222530305633 -0.04510439374627552
v 0.10355242525071869 0.5556907360305634 -0.04524123114627552
v 0.10249280745071869 0.5542667810305634 -0.04607815664627552
v 0.10399255715071869 0.5555177030305634 -0.04629269984627552
v 0.10333806835071868 0.5546385940305634 -0.046808943146275525
v 0.11046444815071868 0.5505772530305634 -0.04190040934627552
v 0.11146128555071869 0.5512850580305634 -0.04197874474627552
v 0.11030288595071869 0.5499571860305633 -0.04289114844627552
v 0.11191376485071869 0.5510973040305633 -0.04302253574627552
v 0.1111988443507187 0.5502792300305633 -0.04358404134627552
v 0.11750571055071869 0.5458504260305633 -0.03903141154627552
v 0.11850088835071869 0.5464656650305634 -0.03914440054627552
v 0.11735197905071869 0.5452245180305634 -0.040014924446275524
v 0.11896216125071868 0.5462206300305633 -0.04019772444627552
v 0.1182521693507187 0.5454533990305633 -0.040735825846275525
v 0.1251458451507187 0.5402635040305633 -0.03522876184627552
v 0.12614507605071867 0.5408729610305634 -0.03533845114627552
v 0.12501226365071869 0.5396079720305633 -0.03619565164627552
v 0.12662908435071868 0.5405943100305634 -0.03637305184627552
v 0.1259290091507187 0.5398124750305634 -0.03690286074627552
v 0.1297044642507187 0.5351253450305633 -0.03076958609627552
v 0.1306846030507187 0.5357426110305633 -0.03085401700627552
v 0.1296216100507187 0.5344457920305633 -0.03172569675627552
v 0.1312058158507187 0.5354445280305633 -0.03186297369627552
v 0.13054779915071868 0.5346439780305634 -0.032400643456275524
v 0.13236043605071868 0.5291329920305634 -0.02588329254627552
v 0.1333652660507187 0.5297317210305633 -0.02599354216627552
v 0.1322562955507187 0.5284316240305633 -0.02681406191627552
v 0.1338819563507187 0.5294002000305633 -0.02699218224627552
v 0.13319656995071869 0.5285970270305633 -0.02749943197627552
v 0.1329257749507187 0.5230571930305633 -0.02213684283627552
v 0.13407725095071868 0.5232762990305634 -0.02219158131627552
v 0.13265470415071867 0.5223601160305633 -0.02303130098627552
v 0.13451749455071868 0.5227142270305634 -0.02311942283627552
v 0.1336384862507187 0.5221485200305633 -0.02363870095027552
v 0.1335443370507187 0.5172130760305633 -0.01812458224627552
v 0.1347028128507187 0.5173797310305633 -0.01819267216627552
v 0.1332405172507187 0.5164829190305633 -0.01898445188627552
v 0.1351152323507187 0.5167522730305634 -0.01909296214627552
v 0.13421178605071868 0.5161989030305634 -0.01958282198627552
v 0.1346251964507187 0.5128754080305633 -0.01414850164627552
v 0.13515818495071868 0.5124282540305634 -0.01509618293627552
v 0.13447932155071868 0.5115687550305633 -0.01552318222627552
v 0.1336168944507187 0.5122920570305634 -0.01398994214627552
v 0.1335267126507187 0.5114848320305634 -0.01483949180627552
v 0.1346251964507187 0.5128754080305633 -0.01414850164627552
v 0.13447932155071868 0.5115687550305633 -0.01552318222627552
v 0.13515818495071868 0.5124282540305634 -0.01509618293627552
v 0.1075288187507187 0.29684248603056335 0.006350234153724481
v 0.10663420525071869 0.30405181603056336 0.01770208585372448
v 0.10549860825071869 0.30410215303056337 0.01803928425372448
v 0.10843488575071869 0.29720389803056335 0.006085073553724479
v 0.10728283785071868 0.30396726703056337 0.018667684853724477
v 0.1077493838507187 0.29631689203056333 0.007198983753724478
v 0.10544332305071868 0.30404907503056333 0.01921339515372448
v 0.10922111385071868 0.29689651703056336 0.006771255253724479
v 0.10654705015071869 0.30396574703056334 0.01960170085372448
v 0.10879769175071868 0.2963471110305634 0.007459888253724477
v 0.1091888602507187 0.2912075220305634 -0.005510851746275521
v 0.10994482785071868 0.29194143403056333 -0.005636064346275522
v 0.11084945495071868 0.2914584870305634 -0.0052489228462755215
v 0.10961764115071869 0.29027685503056333 -0.0050494615462755195
v 0.11064825025071869 0.29042822103056337 -0.004885917546275521
v 0.10998059065071869 0.2901388700305634 -0.01814025128627552
v 0.11077364725071868 0.29106438203056334 -0.01819758396627552
v 0.11177081055071869 0.29053106903056336 -0.01807104330627552
v 0.11047536695071869 0.28903633403056334 -0.01798122608627552
v 0.11158428155071869 0.28927695703056333 -0.01793689932627552
v 0.11228902635071869 0.29263022503056335 -0.03086023963627552
v 0.11325899135071868 0.2936582860305634 -0.03115533990627552
v 0.11432341485071869 0.2931493220305634 -0.03116522962627552
v 0.1140114665507187 0.29180669803056336 -0.03087601810627552
v 0.11275408785071869 0.29148581603056334 -0.03068756731627552
v 0.09697515335071868 0.29777282503056335 0.009974723653724482
v 0.10547803715071868 0.30410215303056337 0.01803928425372448
v 0.09721456465071869 0.29775121803056337 0.008831011153724477
v 0.1065957527507187 0.30405181603056336 0.01770208585372448
v 0.09761628135071869 0.29720565703056334 0.010431082953724483
v 0.10654083085071869 0.30396574703056334 0.01960170085372448
v 0.0980032812507187 0.29717001303056334 0.00858166255372448
v 0.10725479015071869 0.30396726703056337 0.018667684853724477
v 0.09825262055071869 0.29683375403056333 0.009571367853724477
v 0.08632806688071869 0.29160109203056334 0.0016227308537244793
v 0.08650855953071869 0.2906383870305633 0.00207832645372448
v 0.08673883369071869 0.29155144103056335 0.0005169585537244809
v 0.0870502083607187 0.28999403103056337 0.0012562219537244797
v 0.08718723245071869 0.29055723503056335 0.0002903863537244804
v 0.07633398008071869 0.28700995403056334 -0.0047111101462755205
v 0.0762215992407187 0.2858782110305634 -0.004364833246275519
v 0.07669619517071868 0.28691503403056334 -0.005877573046275519
v 0.07651430555071868 0.28508383003056337 -0.005314761746275522
v 0.0768068833307187 0.28572335803056337 -0.006250223146275519
v 0.06579042415071869 0.2828260660305634 -0.01054512524627552
v 0.06538752465071869 0.2815901930305634 -0.01037243844627552
v 0.06606065205071869 0.2827180620305634 -0.01175801454627552
v 0.06582477505071868 0.28141561103056334 -0.012334791946275521
v 0.0654086787507187 0.28071859503056334 -0.011478538646275521
v 0.11275408785071869 0.30150538703056334 -0.03068756731627552
v 0.11228902635071869 0.30264982603056334 -0.03086023963627552
v 0.10998059065071869 0.3001584410305633 -0.01814025128627552
v 0.11047536695071869 0.29905593403056335 -0.01798122608627552
v 0.1140114665507187 0.30182626803056334 -0.03087601810627552
v 0.11077364725071868 0.3010838930305634 -0.01819758396627552
v 0.11325899135071868 0.3036778570305634 -0.03115533990627552
v 0.11432341485071869 0.30316892303056336 -0.03116522962627552
v 0.11177081055071869 0.30055064003056337 -0.01807104330627552
v 0.11158428155071869 0.29929649803056335 -0.01793689932627552
v 0.10994482785071868 0.30196097503056335 -0.005636064346275522
v 0.1091888602507187 0.30122709303056333 -0.005510851746275521
v 0.10961764115071869 0.3002964560305634 -0.0050494615462755195
v 0.11064825025071869 0.30044782203056336 -0.004885917546275521
v 0.11084945495071868 0.3014780580305634 -0.0052489228462755215
v 0.10781464535071869 0.30641120703056335 0.00642632325372448
v 0.10689393805071869 0.3060244620305633 0.0066825635537244785
v 0.10709451515071869 0.30548042103056333 0.007524544353724481
v 0.10813952235071869 0.30552497503056336 0.0077898818537244785
v 0.10858110335071869 0.30610126303056334 0.007110914253724482
v 0.10699951085071868 0.31236884003056337 0.018155949153724482
v 0.10587280245071869 0.31238684103056336 0.01849133705372448
v 0.10584152115071868 0.31231024903056337 0.01966414785372448
v 0.10694877435071869 0.31224525003056336 0.020053436953724482
v 0.10766448825071868 0.31228125103056337 0.019121447553724483
v 0.09657541195071868 0.3069351910305634 0.00917634925372448
v 0.09633561035071869 0.30693876703056333 0.01031836305372448
v 0.09697634545071869 0.3063835800305634 0.01077332165372448
v 0.09761313345071869 0.3060371280305634 0.009914496953724483
v 0.09736412015071869 0.30637714303056335 0.008926579753724483
v 0.08672369877071869 0.30187642603056336 0.0023494120537244784
v 0.08697282709071869 0.30097517403056334 0.002797586853724481
v 0.08704611706071869 0.30180266503056336 0.001187374853724478
v 0.0874501699607187 0.30034440803056334 0.0019166897537244813
v 0.08749378147071869 0.30085387803056335 0.0009201355537244785
v 0.07633398008071869 0.29702952503056335 -0.0047111101462755205
v 0.0762215992407187 0.2958977820305633 -0.004364833246275519
v 0.07669619517071868 0.29693466403056334 -0.005877573046275519
v 0.07651430555071868 0.29510343103056336 -0.005314761746275522
v 0.0768068833307187 0.2957429290305634 -0.006250223146275519
v 0.06579042415071869 0.29284560703056334 -0.01054512524627552
v 0.06538752465071869 0.2916097640305634 -0.01037243844627552
v 0.06606065205071869 0.2927376330305633 -0.01175801454627552
v 0.06582477505071868 0.29143518203056334 -0.012334791946275521
v 0.0654086787507187 0.2907381650305634 -0.011478538646275521
v 0.10773706245071869 0.28754344603056337 0.007198983753724478
v 0.10594360155071869 0.2955857810305634 0.01880508475372448
v 0.09697515335071868 0.28899940803056334 0.009974723653724482
v 0.1085606850507187 0.28150343903056335 -0.0050494615462755195
v 0.1087864283507187 0.28757369503056335 0.007459888253724477
v 0.10958964195071869 0.28165480503056334 -0.004885917546275521
v 0.09761628135071869 0.28843218103056334 0.010431082953724483
v 0.08632806688071869 0.28282767503056333 0.0016227308537244793
v 0.08650855953071869 0.2818649110305634 0.00207832645372448
v 0.10814262185071868 0.28243407603056336 -0.005510851746275521
v 0.10843488575071869 0.2884304820305634 0.006085073553724479
v 0.0980032812507187 0.2883965670305634 0.00858166255372448
v 0.08673883369071869 0.28277799503056333 0.0005169585537244809
v 0.10776107755071869 0.29546064103056335 0.01825778745372448
v 0.10922111385071868 0.28812307103056334 0.006771255253724479
v 0.09825262055071869 0.28806030703056335 0.009571367853724477
v 0.1098099406507187 0.28268507103056334 -0.0052489228462755215
v 0.1089053135507187 0.28316798803056337 -0.005636064346275522
v 0.08718723245071869 0.28178378903056334 0.0002903863537244804
v 0.0870502083607187 0.28122058503056335 0.0012562219537244797
v 0.11171070855071868 0.2817576530305634 -0.01807104330627552
v 0.11070808205071869 0.28229090603056334 -0.01819758396627552
v 0.10991227995071869 0.28136542403056336 -0.01814025128627552
v 0.11153242925071868 0.28050348203056336 -0.01793689932627552
v 0.1104172021507187 0.28026288703056335 -0.01798122608627552
v 0.0768068833307187 0.27694991203056335 -0.006250223146275519
v 0.07651430555071868 0.27631041403056333 -0.005314761746275522
v 0.07669619517071868 0.27814161803056336 -0.005877573046275519
v 0.0762215992407187 0.27710479503056334 -0.004364833246275519
v 0.07633398008071869 0.27823653803056336 -0.0047111101462755205
v 0.11275408785071869 0.28271240003056336 -0.03068756731627552
v 0.1140114665507187 0.2830332820305633 -0.03087601810627552
v 0.11228902635071869 0.2838568090305634 -0.03086023963627552
v 0.11325899135071868 0.28488487003056334 -0.03115533990627552
v 0.11432341485071869 0.28437590603056334 -0.03116522962627552
v 0.06579042415071869 0.27405262003056335 -0.01054512524627552
v 0.06538752465071869 0.27281677703056334 -0.01037243844627552
v 0.06606065205071869 0.27394461603056336 -0.01175801454627552
v 0.06582477505071868 0.27264219503056336 -0.012334791946275521
v 0.0654086787507187 0.27194517803056334 -0.011478538646275521
f 3/3/3 2/2/2 1/1/1
f 2/2/2 4/4/4 1/1/1
f 4/4/4 2/2/2 5/5/5
f 5/5/5 2/2/2 6/6/6
f 4/4/4 5/5/5 7/7/7
f 5/5/5 6/6/6 7/7/7
f 2/2/2 8/8/8 6/6/6
f 2/2/2 9/9/9 8/8/8
f 4/4/4 7/7/7 10/10/10
f 11/11/11 4/4/4 10/10/10
f 9/9/9 11/11/11 12/12/12
f 9/9/9 12/12/12 8/8/8
f 11/11/11 10/10/10 12/12/12
f 6/6/6 8/8/8 13/13/13
f 7/7/7 6/6/6 14/14/14
f 6/6/6 13/13/13 14/14/14
f 8/8/8 12/12/12 15/15/15
f 8/8/8 15/15/15 13/13/13
f 10/10/10 7/7/7 16/16/16
f 7/7/7 14/14/14 16/16/16
f 12/12/12 10/10/10 17/17/17
f 12/12/12 17/17/17 15/15/15
f 10/10/10 16/16/16 17/17/17
f 13/13/13 15/15/15 18/18/18
f 14/14/14 13/13/13 19/19/19
f 13/13/13 18/18/18 19/19/19
f 15/15/15 17/17/17 20/20/20
f 15/15/15 20/20/20 18/18/18
f 16/16/16 14/14/14 21/21/21
f 14/14/14 19/19/19 21/21/21
f 17/17/17 16/16/16 22/22/22
f 17/17/17 22/22/22 20/20/20
f 16/16/16 21/21/21 22/22/22
f 18/18/18 20/20/20 23/23/23
f 19/19/19 18/18/18 24/24/24
f 18/18/18 23/23/23 24/24/24
f 20/20/20 22/22/22 25/25/25
f 20/20/20 25/25/25 23/23/23
f 21/21/21 19/19/19 26/26/26
f 19/19/19 24/24/24 26/26/26
f 22/22/22 21/21/21 27/27/27
f 22/22/22 27/27/27 25/25/25
f 21/21/21 26/26/26 27/27/27
f 23/23/23 25/25/25 28/28/28
f 24/24/24 23/23/23 29/29/29
f 23/23/23 28/28/28 29/29/29
f 25/25/25 27/27/27 30/30/30
f 25/25/25 30/30/30 28/28/28
f 26/26/26 24/24/24 31/31/31
f 24/24/24 29/29/29 31/31/31
f 27/27/27 26/26/26 32/32/32
f 27/27/27 32/32/32 30/30/30
f 26/26/26 31/31/31 32/32/32
f 28/28/28 30/30/30 33/33/33
f 29/29/29 28/28/28 34/34/34
f 28/28/28 33/33/33 34/34/34
f 30/30/30 32/32/32 35/35/35
f 30/30/30 35/35/35 33/33/33
f 31/31/31 29/29/29 36/36/36
f 29/29/29 34/34/34 36/36/36
f 32/32/32 31/31/31 37/37/37
f 32/32/32 37/37/37 35/35/35
f 31/31/31 36/36/36 37/37/37
f 33/33/33 35/35/35 38/38/38
f 34/34/34 33/33/33 39/39/39
f 33/33/33 38/38/38 39/39/39
f 35/35/35 37/37/37 40/40/40
f 35/35/35 40/40/40 38/38/38
f 36/36/36 34/34/34 41/41/41
f 34/34/34 39/39/39 41/41/41
f 37/37/37 36/36/36 42/42/42
f 37/37/37 42/42/42 40/40/40
f 36/36/36 41/41/41 42/42/42
f 38/38/38 40/40/40 43/43/43
f 39/39/39 38/38/38 44/44/44
f 38/38/38 43/43/43 44/44/44
f 40/40/40 42/42/42 45/45/45
f 40/40/40 45/45/45 43/43/43
f 41/41/41 39/39/39 46/46/46
f 39/39/39 44/44/44 46/46/46
f 42/42/42 41/41/41 47/47/47
f 42/42/42 47/47/47 45/45/45
f 41/41/41 46/46/46 47/47/47
f 43/43/43 45/45/45 48/48/48
f 44/44/44 43/43/43 49/49/49
f 43/43/43 48/48/48 49/49/49
f 45/45/45 47/47/47 50/50/50
f 45/45/45 50/50/50 48/48/48
f 46/46/46 44/44/44 51/51/51
f 44/44/44 49/49/49 51/51/51
f 47/47/47 46/46/46 52/52/52
f 47/47/47 52/52/52 50/50/50
f 46/46/46 51/51/51 52/52/52
f 48/48/48 50/50/50 53/53/53
f 49/49/49 48/48/48 54/54/54
f 48/48/48 53/53/53 54/54/54
f 50/50/50 52/52/52 55/55/55
f 50/50/50 55/55/55 53/53/53
f 51/51/51 49/49/49 56/56/56
f 49/49/49 54/54/54 56/56/56
f 52/52/52 51/51/51 57/57/57
f 52/52/52 57/57/57 55/55/55
f 51/51/51 56/56/56 57/57/57
f 53/53/53 55/55/55 58/58/58
f 54/54/54 53/53/53 59/59/59
f 53/53/53 58/58/58 59/59/59
f 55/55/55 57/57/57 60/60/60
f 55/55/55 60/60/60 58/58/58
f 56/56/56 54/54/54 61/61/61
f 54/54/54 59/59/59 61/61/61
f 57/57/57 56/56/56 62/62/62
f 57/57/57 62/62/62 60/60/60
f 56/56/56 61/61/61 62/62/62
f 58/58/58 60/60/60 63/63/63
f 59/59/59 58/58/58 64/64/64
f 58/58/58 63/63/63 64/64/64
f 60/60/60 62/62/62 65/65/65
f 60/60/60 65/65/65 63/63/63
f 61/61/61 59/59/59 66/66/66
f 59/59/59 64/64/64 66/66/66
f 62/62/62 61/61/61 67/67/67
f 62/62/62 67/67/67 65/65/65
f 61/61/61 66/66/66 67/67/67
f 63/63/63 65/65/65 68/68/68
f 64/64/64 63/63/63 69/69/69
f 63/63/63 68/68/68 69/69/69
f 65/65/65 67/67/67 70/70/70
f 65/65/65 70/70/70 68/68/68
f 66/66/66 64/64/64 71/71/71
f 64/64/64 69/69/69 71/71/71
f 67/67/67 66/66/66 72/72/72
f 67/67/67 72/72/72 70/70/70
f 66/66/66 71/71/71 72/72/72
f 68/68/68 70/70/70 73/73/73
f 69/69/69 68/68/68 74/74/74
f 68/68/68 73/73/73 74/74/74
f 70/70/70 72/72/72 75/75/75
f 70/70/70 75/75/75 73/73/73
f 71/71/71 69/69/69 76/76/76
f 69/69/69 74/74/74 76/76/76
f 72/72/72 71/71/71 77/77/77
f 72/72/72 77/77/77 75/75/75
f 71/71/71 76/76/76 77/77/77
f 73/73/73 75/75/75 78/78/78
f 74/74/74 73/73/73 79/79/79
f 73/73/73 78/78/78 79/79/79
f 75/75/75 77/77/77 80/80/80
f 75/75/75 80/80/80 78/78/78
f 76/76/76 74/74/74 81/81/81
f 74/74/74 79/79/79 81/81/81
f 77/77/77 76/76/76 82/82/82
f 77/77/77 82/82/82 80/80/80
f 76/76/76 81/81/81 82/82/82
f 78/78/78 80/80/80 83/83/83
f 79/79/79 78/78/78 84/84/84
f 78/78/78 83/83/83 84/84/84
f 80/80/80 82/82/82 85/85/85
f 80/80/80 85/85/85 83/83/83
f 81/81/81 79/79/79 86/86/86
f 79/79/79 84/84/84 86/86/86
f 82/82/82 81/81/81 87/87/87
f 82/82/82 87/87/87 85/85/85
f 81/81/81 86/86/86 87/87/87
f 83/83/83 85/85/85 88/88/88
f 84/84/84 83/83/83 89/89/89
f 83/83/83 88/88/88 89/89/89
f 85/85/85 87/87/87 90/90/90
f 85/85/85 90/90/90 88/88/88
f 86/86/86 84/84/84 91/91/91
f 84/84/84 89/89/89 91/91/91
f 87/87/87 86/86/86 92/92/92
f 87/87/87 92/92/92 90/90/90
f 86/86/86 91/91/91 92/92/92
f 88/88/88 90/90/90 93/93/93
f 89/89/89 88/88/88 94/94/94
f 88/88/88 93/93/93 94/94/94
f 90/90/90 92/92/92 95/95/95
f 90/90/90 95/95/95 93/93/93
f 91/91/91 89/89/89 96/96/96
f 89/89/89 94/94/94 96/96/96
f 92/92/92 91/91/91 97/97/97
f 92/92/92 97/97/97 95/95/95
f 91/91/91 96/96/96 97/97/97
f 93/93/93 95/95/95 98/98/98
f 94/94/94 93/93/93 99/99/99
f 93/93/93 98/98/98 99/99/99
f 95/95/95 97/97/97 100/100/100
f 95/95/95 100/100/100 98/98/98
f 96/96/96 94/94/94 101/101/101
f 94/94/94 99/99/99 101/101/101
f 97/97/97 96/96/96 102/102/102
f 97/97/97 102/102/102 100/100/100
f 96/96/96 101/101/101 102/102/102
f 98/98/98 100/100/100 103/103/103
f 99/99/99 98/98/98 104/104/104
f 98/98/98 103/103/103 104/104/104
f 100/100/100 102/102/102 105/105/105
f 100/100/100 105/105/105 103/103/103
f 101/101/101 99/99/99 106/106/106
f 99/99/99 104/104/104 106/106/106
f 102/102/102 101/101/101 107/107/107
f 102/102/102 107/107/107 105/105/105
f 101/101/101 106/106/106 107/107/107
f 103/103/103 105/105/105 108/108/108
f 104/104/104 103/103/103 109/109/109
f 103/103/103 108/108/108 109/109/109
f 105/105/105 107/107/107 110/110/110
f 105/105/105 110/110/110 108/108/108
f 106/106/106 104/104/104 111/111/111
f 104/104/104 109/109/109 111/111/111
f 107/107/107 106/106/106 112/112/112
f 107/107/107 112/112/112 110/110/110
f 106/106/106 111/111/111 112/112/112
f 108/108/108 110/110/110 113/113/113
f 109/109/109 108/108/108 114/114/114
f 108/108/108 113/113/113 114/114/114
f 110/110/110 112/112/112 115/115/115
f 110/110/110 115/115/115 113/113/113
f 111/111/111 109/109/109 116/116/116
f 109/109/109 114/114/114 116/116/116
f 112/112/112 111/111/111 117/117/117
f 112/112/112 117/117/117 115/115/115
f 111/111/111 116/116/116 117/117/117
f 113/113/113 115/115/115 118/118/118
f 114/114/114 113/113/113 119/119/119
f 113/113/113 118/118/118 119/119/119
f 115/115/115 117/117/117 120/120/120
f 115/115/115 120/120/120 118/118/118
f 116/116/116 114/114/114 121/121/121
f 114/114/114 119/119/119 121/121/121
f 117/117/117 116/116/116 122/122/122
f 117/117/117 122/122/122 120/120/120
f 116/116/116 121/121/121 122/122/122
f 118/118/118 120/120/120 123/123/123
f 119/119/119 118/118/118 124/124/124
f 118/118/118 123/123/123 124/124/124
f 120/120/120 122/122/122 125/125/125
f 120/120/120 125/125/125 123/123/123
f 121/121/121 119/119/119 126/126/126
f 119/119/119 124/124/124 126/126/126
f 122/122/122 121/121/121 127/127/127
f 122/122/122 127/127/127 125/125/125
f 121/121/121 126/126/126 127/127/127
f 123/123/123 125/125/125 128/128/128
f 124/124/124 123/123/123 129/129/129
f 123/123/123 128/128/128 129/129/129
f 125/125/125 127/127/127 130/130/130
f 125/125/125 130/130/130 128/128/128
f 126/126/126 124/124/124 131/131/131
f 124/124/124 129/129/129 131/131/131
f 127/127/127 126/126/126 132/132/132
f 127/127/127 132/132/132 130/130/130
f 126/126/126 131/131/131 132/132/132
f 128/128/128 130/130/130 133/133/133
f 129/129/129 128/128/128 134/134/134
f 128/128/128 133/133/133 134/134/134
f 130/130/130 132/132/132 135/135/135
f 130/130/130 135/135/135 133/133/133
f 131/131/131 129/129/129 136/136/136
f 129/129/129 134/134/134 136/136/136
f 132/132/132 131/131/131 137/137/137
f 132/132/132 137/137/137 135/135/135
f 131/131/131 136/136/136 137/137/137
f 133/133/133 135/135/135 138/138/138
f 134/134/134 133/133/133 139/139/139
f 133/133/133 138/138/138 139/139/139
f 135/135/135 137/137/137 140/140/140
f 135/135/135 140/140/140 138/138/138
f 136/136/136 134/134/134 141/141/141
f 134/134/134 139/139/139 141/141/141
f 137/137/137 136/136/136 142/142/142
f 137/137/137 142/142/142 140/140/140
f 136/136/136 141/141/141 142/142/142
f 140/140/140 143/143/143 138/138/138
f 138/138/138 144/144/144 139/139/139
f 143/143/143 144/144/144 138/138/138
f 142/142/142 145/145/145 140/140/140
f 145/145/145 143/143/143 140/140/140
f 139/139/139 146/146/146 141/141/141
f 144/144/144 146/146/146 139/139/139
f 141/141/141 147/147/147 142/142/142
f 147/147/147 145/145/145 142/142/142
f 146/146/146 147/147/147 141/141/141
f 143/143/143 148/148/148 144/144/144
f 145/145/145 149/149/149 143/143/143
f 149/149/149 148/148/148 143/143/143
f 147/147/147 150/150/150 145/145/145
f 150/150/150 149/149/149 145/145/145
f 144/144/144 151/151/151 146/146/146
f 148/148/148 151/151/151 144/144/144
f 146/146/146 152/152/152 147/147/147
f 152/152/152 150/150/150 147/147/147
f 151/151/151 152/152/152 146/146/146
f 150/150/150 153/153/153 149/149/149
f 149/149/149 154/154/154 148/148/148
f 153/153/153 154/154/154 149/149/149
f 152/152/152 155/155/155 150/150/150
f 155/155/155 153/153/153 150/150/150
f 148/148/148 156/156/156 151/151/151
f 154/154/154 156/156/156 148/148/148
f 151/151/151 157/157/157 152/152/152
f 157/157/157 155/155/155 152/152/152
f 156/156/156 157/157/157 151/151/151
f 155/155/155 158/158/158 153/153/153
f 153/153/153 159/159/159 154/154/154
f 158/158/158 159/159/159 153/153/153
f 157/157/157 160/160/160 155/155/155
f 160/160/160 158/158/158 155/155/155
f 156/156/156 161/161/161 157/157/157
f 161/161/161 160/160/160 157/157/157
f 154/154/154 162/162/162 156/156/156
f 159/159/159 162/162/162 154/154/154
f 162/162/162 161/161/161 156/156/156
f 158/158/158 163/163/163 159/159/159
f 160/160/160 164/164/164 158/158/158
f 164/164/164 163/163/163 158/158/158
f 161/161/161 165/165/165 160/160/160
f 165/165/165 164/164/164 160/160/160
f 162/162/162 166/166/166 161/161/161
f 166/166/166 165/165/165 161/161/161
f 159/159/159 167/167/167 162/162/162
f 163/163/163 167/167/167 159/159/159
f 167/167/167 166/166/166 162/162/162
f 165/165/165 168/168/168 164/164/164
f 164/164/164 169/169/169 163/163/163
f 168/168/168 169/169/169 164/164/164
f 166/166/166 170/170/170 165/165/165
f 170/170/170 168/168/168 165/165/165
f 163/163/163 171/171/171 167/167/167
f 169/169/169 171/171/171 163/163/163
f 167/167/167 172/172/172 166/166/166
f 172/172/172 170/170/170 166/166/166
f 171/171/171 172/172/172 167/167/167
f 168/168/168 173/173/173 169/169/169
f 170/170/170 174/174/174 168/168/168
f 174/174/174 173/173/173 168/168/168
f 172/172/172 175/175/175 170/170/170
f 175/175/175 174/174/174 170/170/170
f 169/169/169 176/176/176 171/171/171
f 173/173/173 176/176/176 169/169/169
f 171/171/171 177/177/177 172/172/172
f 177/177/177 175/175/175 172/172/172
f 176/176/176 177/177/177 171/171/171
f 174/174/174 175/175/175 178/178/178
f 173/173/173 174/174/174 179/179/179
f 174/174/174 178/178/178 179/179/179
f 175/175/175 177/177/177 180/180/180
f 175/175/175 180/180/180 178/178/178
f 176/176/176 173/173/173 181/181/181
f 173/173/173 179/179/179 181/181/181
f 177/177/177 176/176/176 182/182/182
f 177/177/177 182/182/182 180/180/180
f 176/176/176 181/181/181 182/182/182
f 178/178/178 180/180/180 183/183/183
f 179/179/179 178/178/178 184/184/184
f 178/178/178 183/183/183 184/184/184
f 180/180/180 182/182/182 185/185/185
f 180/180/180 185/185/185 183/183/183
f 181/181/181 179/179/179 186/186/186
f 179/179/179 184/184/184 186/186/186
f 182/182/182 181/181/181 187/187/187
f 182/182/182 187/187/187 185/185/185
f 181/181/181 186/186/186 187/187/187
f 183/183/183 185/185/185 188/188/188
f 184/184/184 183/183/183 189/189/189
f 183/183/183 188/188/188 189/189/189
f 185/185/185 187/187/187 190/190/190
f 185/185/185 190/190/190 188/188/188
f 186/186/186 184/184/184 191/191/191
f 184/184/184 189/189/189 191/191/191
f 187/187/187 186/186/186 192/192/192
f 187/187/187 192/192/192 190/190/190
f 186/186/186 191/191/191 192/192/192
f 188/188/188 190/190/190 193/193/193
f 189/189/189 188/188/188 194/194/194
f 188/188/188 193/193/193 194/194/194
f 190/190/190 192/192/192 195/195/195
f 190/190/190 195/195/195 193/193/193
f 191/191/191 189/189/189 196/196/196
f 189/189/189 194/194/194 196/196/196
f 192/192/192 191/191/191 197/197/197
f 192/192/192 197/197/197 195/195/195
f 191/191/191 196/196/196 197/197/197
f 193/193/193 195/195/195 198/198/198
f 194/194/194 193/193/193 199/199/199
f 193/193/193 198/198/198 199/199/199
f 195/195/195 197/197/197 200/200/200
f 195/195/195 200/200/200 198/198/198
f 196/196/196 194/194/194 201/201/201
f 194/194/194 199/199/199 201/201/201
f 197/197/197 196/196/196 202/202/202
f 197/197/197 202/202/202 200/200/200
f 196/196/196 201/201/201 202/202/202
f 198/198/198 200/200/200 203/203/203
f 199/199/199 198/198/198 204/204/204
f 198/198/198 203/203/203 204/204/204
f 200/200/200 202/202/202 205/205/205
f 200/200/200 205/205/205 203/203/203
f 201/201/201 199/199/199 206/206/206
f 199/199/199 204/204/204 206/206/206
f 202/202/202 201/201/201 207/207/207
f 202/202/202 207/207/207 205/205/205
f 201/201/201 206/206/206 207/207/207
f 203/203/203 205/205/205 208/208/208
f 204/204/204 203/203/203 209/209/209
f 203/203/203 208/208/208 209/209/209
f 205/205/205 207/207/207 210/210/210
f 205/205/205 210/210/210 208/208/208
f 206/206/206 204/204/204 211/211/211
f 204/204/204 209/209/209 211/211/211
f 207/207/207 206/206/206 212/212/212
f 207/207/207 212/212/212 210/210/210
f 206/206/206 211/211/211 212/212/212
f 208/208/208 210/210/210 213/213/213
f 209/209/209 208/208/208 214/214/214
f 208/208/208 213/213/213 214/214/214
f 210/210/210 212/212/212 215/215/215
f 210/210/210 215/215/215 213/213/213
f 211/211/211 209/209/209 216/216/216
f 209/209/209 214/214/214 216/216/216
f 212/212/212 211/211/211 217/217/217
f 212/212/212 217/217/217 215/215/215
f 211/211/211 216/216/216 217/217/217
f 213/213/213 215/215/215 218/218/218
f 214/214/214 213/213/213 219/219/219
f 213/213/213 218/218/218 219/219/219
f 215/215/215 217/217/217 220/220/220
f 215/215/215 220/220/220 218/218/218
f 216/216/216 214/214/214 221/221/221
f 214/214/214 219/219/219 221/221/221
f 217/217/217 216/216/216 222/222/222
f 217/217/217 222/222/222 220/220/220
f 216/216/216 221/221/221 222/222/222
f 218/218/218 220/220/220 223/223/223
f 219/219/219 218/218/218 224/224/224
f 218/218/218 223/223/223 224/224/224
f 219/219/219 224/224/224 225/225/225
f 221/221/221 219/219/219 225/225/225
f 225/225/225 224/224/224 226/226/226
f 225/225/225 224/224/224 227/227/227
f 221/221/221 225/225/225 228/228/228
f 222/222/222 221/221/221 228/228/228
f 220/220/220 222/222/222 229/229/229
f 220/220/220 229/229/229 223/223/223
f 222/222/222 228/228/228 229/229/229
f 223/223/223 229/229/229 230/230/230
f 229/229/229 228/228/228 231/231/231
f 229/229/229 231/231/231 230/230/230
f 224/224/224 223/223/223 232/232/232
f 223/223/223 230/230/230 232/232/232
f 228/228/228 225/225/225 233/233/233
f 228/228/228 233/233/233 231/231/231
f 230/230/230 231/231/231 234/234/234
f 232/232/232 230/230/230 235/235/235
f 230/230/230 234/234/234 235/235/235
f 231/231/231 233/233/233 236/236/236
f 231/231/231 236/236/236 234/234/234
f 224/224/224 232/232/232 237/237/237
f 225/225/225 237/237/237 233/233/233
f 225/225/225 224/224/224 237/237/237
f 237/237/237 232/232/232 238/238/238
f 232/232/232 235/235/235 238/238/238
f 233/233/233 237/237/237 239/239/239
f 233/233/233 239/239/239 236/236/236
f 237/237/237 238/238/238 239/239/239
f 234/234/234 236/236/236 240/240/240
f 235/235/235 234/234/234 241/241/241
f 234/234/234 240/240/240 241/241/241
f 236/236/236 239/239/239 242/242/242
f 236/236/236 242/242/242 240/240/240
f 238/238/238 235/235/235 243/243/243
f 235/235/235 241/241/241 243/243/243
f 239/239/239 238/238/238 244/244/244
f 239/239/239 244/244/244 242/242/242
f 238/238/238 243/243/243 244/244/244
f 240/240/240 242/242/242 245/245/245
f 241/241/241 240/240/240 246/246/246
f 240/240/240 245/245/245 246/246/246
f 242/242/242 244/244/244 247/247/247
f 242/242/242 247/247/247 245/245/245
f 243/243/243 241/241/241 248/248/248
f 241/241/241 246/246/246 248/248/248
f 244/244/244 243/243/243 249/249/249
f 244/244/244 249/249/249 247/247/247
f 243/243/243 248/248/248 249/249/249
f 245/245/245 247/247/247 250/250/250
f 246/246/246 245/245/245 251/251/251
f 245/245/245 250/250/250 251/251/251
f 247/247/247 249/249/249 252/252/252
f 247/247/247 252/252/252 250/250/250
f 248/248/248 246/246/246 253/253/253
f 246/246/246 251/251/251 253/253/253
f 249/249/249 248/248/248 254/254/254
f 249/249/249 254/254/254 252/252/252
f 248/248/248 253/253/253 254/254/254
f 250/250/250 252/252/252 255/255/255
f 251/251/251 250/250/250 256/256/256
f 250/250/250 255/255/255 256/256/256
f 252/252/252 254/254/254 257/257/257
f 252/252/252 257/257/257 255/255/255
f 253/253/253 251/251/251 258/258/258
f 251/251/251 256/256/256 258/258/258
f 254/254/254 253/253/253 259/259/259
f 254/254/254 259/259/259 257/257/257
f 253/253/253 258/258/258 259/259/259
f 255/255/255 257/257/257 260/260/260
f 256/256/256 255/255/255 261/261/261
f 255/255/255 260/260/260 261/261/261
f 257/257/257 259/259/259 262/262/262
f 257/257/257 262/262/262 260/260/260
f 258/258/258 256/256/256 263/263/263
f 256/256/256 261/261/261 263/263/263
f 259/259/259 258/258/258 264/264/264
f 259/259/259 264/264/264 262/262/262
f 258/258/258 263/263/263 264/264/264
f 260/260/260 262/262/262 265/265/265
f 261/261/261 260/260/260 266/266/266
f 260/260/260 265/265/265 266/266/266
f 262/262/262 264/264/264 267/267/267
f 262/262/262 267/267/267 265/265/265
f 263/263/263 261/261/261 268/268/268
f 261/261/261 266/266/266 268/268/268
f 264/264/264 263/263/263 269/269/269
f 264/264/264 269/269/269 267/267/267
f 263/263/263 268/268/268 269/269/269
f 265/265/265 267/267/267 270/270/270
f 266/266/266 265/265/265 271/271/271
f 265/265/265 270/270/270 271/271/271
f 267/267/267 269/269/269 272/272/272
f 267/267/267 272/272/272 270/270/270
f 268/268/268 266/266/266 273/273/273
f 266/266/266 271/271/271 273/273/273
f 269/269/269 268/268/268 274/274/274
f 269/269/269 274/274/274 272/272/272
f 268/268/268 273/273/273 274/274/274
f 270/270/270 272/272/272 275/275/275
f 271/271/271 270/270/270 276/276/276
f 270/270/270 275/275/275 276/276/276
f 272/272/272 274/274/274 277/277/277
f 272/272/272 277/277/277 275/275/275
f 273/273/273 271/271/271 278/278/278
f 271/271/271 276/276/276 278/278/278
f 274/274/274 273/273/273 279/279/279
f 274/274/274 279/279/279 277/277/277
f 273/273/273 278/278/278 279/279/279
f 275/275/275 277/277/277 280/280/280
f 276/276/276 275/275/275 281/281/281
f 275/275/275 280/280/280 281/281/281
f 277/277/277 279/279/279 282/282/282
f 277/277/277 282/282/282 280/280/280
f 278/278/278 276/276/276 283/283/283
f 276/276/276 281/281/281 283/283/283
f 279/279/279 278/278/278 284/284/284
f 279/279/279 284/284/284 282/282/282
f 278/278/278 283/283/283 284/284/284
f 280/280/280 282/282/282 285/285/285
f 281/281/281 280/280/280 286/286/286
f 280/280/280 285/285/285 286/286/286
f 282/282/282 284/284/284 287/287/287
f 282/282/282 287/287/287 285/285/285
f 283/283/283 281/281/281 288/288/288
f 281/281/281 286/286/286 288/288/288
f 284/284/284 283/283/283 289/289/289
f 284/284/284 289/289/289 287/287/287
f 283/283/283 288/288/288 289/289/289
f 285/285/285 287/287/287 290/290/290
f 286/286/286 285/285/285 291/291/291
f 285/285/285 290/290/290 291/291/291
f 287/287/287 289/289/289 292/292/292
f 287/287/287 292/292/292 290/290/290
f 288/288/288 286/286/286 293/293/293
f 286/286/286 291/291/291 293/293/293
f 289/289/289 288/288/288 294/294/294
f 289/289/289 294/294/294 292/292/292
f 288/288/288 293/293/293 294/294/294
f 290/290/290 292/292/292 295/295/295
f 291/291/291 290/290/290 296/296/296
f 290/290/290 295/295/295 296/296/296
f 292/292/292 294/294/294 297/297/297
f 292/292/292 297/297/297 295/295/295
f 293/293/293 291/291/291 298/298/298
f 291/291/291 296/296/296 298/298/298
f 294/294/294 293/293/293 299/299/299
f 294/294/294 299/299/299 297/297/297
f 293/293/293 298/298/298 299/299/299
f 295/295/295 297/297/297 300/300/300
f 296/296/296 295/295/295 301/301/301
f 295/295/295 300/300/300 301/301/301
f 297/297/297 299/299/299 302/302/302
f 297/297/297 302/302/302 300/300/300
f 298/298/298 296/296/296 303/303/303
f 296/296/296 301/301/301 303/303/303
f 299/299/299 298/298/298 304/304/304
f 299/299/299 304/304/304 302/302/302
f 298/298/298 303/303/303 304/304/304
f 300/300/300 302/302/302 305/305/305
f 301/301/301 300/300/300 306/306/306
f 300/300/300 305/305/305 306/306/306
f 302/302/302 304/304/304 307/307/307
f 302/302/302 307/307/307 305/305/305
f 303/303/303 301/301/301 308/308/308
f 301/301/301 306/306/306 308/308/308
f 304/304/304 303/303/303 309/309/309
f 304/304/304 309/309/309 307/307/307
f 303/303/303 308/308/308 309/309/309
f 305/305/305 307/307/307 310/310/310
f 306/306/306 305/305/305 311/311/311
f 305/305/305 310/310/310 311/311/311
f 307/307/307 309/309/309 312/312/312
f 307/307/307 312/312/312 310/310/310
f 308/308/308 306/306/306 313/313/313
f 306/306/306 311/311/311 313/313/313
f 309/309/309 308/308/308 314/314/314
f 309/309/309 314/314/314 312/312/312
f 308/308/308 313/313/313 314/314/314
f 310/310/310 312/312/312 315/315/315
f 311/311/311 310/310/310 316/316/316
f 310/310/310 315/315/315 316/316/316
f 312/312/312 314/314/314 317/317/317
f 312/312/312 317/317/317 315/315/315
f 313/313/313 311/311/311 318/318/318
f 311/311/311 316/316/316 318/318/318
f 314/314/314 313/313/313 319/319/319
f 314/314/314 319/319/319 317/317/317
f 313/313/313 318/318/318 319/319/319
f 315/315/315 317/317/317 320/320/320
f 316/316/316 315/315/315 321/321/321
f 315/315/315 320/320/320 321/321/321
f 317/317/317 319/319/319 322/322/322
f 317/317/317 322/322/322 320/320/320
f 318/318/318 316/316/316 323/323/323
f 316/316/316 321/321/321 323/323/323
f 319/319/319 318/318/318 324/324/324
f 319/319/319 324/324/324 322/322/322
f 318/318/318 323/323/323 324/324/324
f 320/320/320 322/322/322 325/325/325
f 321/321/321 320/320/320 326/326/326
f 320/320/320 325/325/325 326/326/326
f 322/322/322 324/324/324 327/327/327
f 322/322/322 327/327/327 325/325/325
f 323/323/323 321/321/321 328/328/328
f 321/321/321 326/326/326 328/328/328
f 324/324/324 323/323/323 329/329/329
f 324/324/324 329/329/329 327/327/327
f 323/323/323 328/328/328 329/329/329
f 325/325/325 327/327/327 330/330/330
f 326/326/326 325/325/325 331/331/331
f 325/325/325 330/330/330 331/331/331
f 327/327/327 329/329/329 332/332/332
f 327/327/327 332/332/332 330/330/330
f 328/328/328 326/326/326 333/333/333
f 326/326/326 331/331/331 333/333/333
f 329/329/329 328/328/328 334/334/334
f 329/329/329 334/334/334 332/332/332
f 328/328/328 333/333/333 334/334/334
f 330/330/330 332/332/332 335/335/335
f 331/331/331 330/330/330 336/336/336
f 330/330/330 335/335/335 336/336/336
f 332/332/332 334/334/334 337/337/337
f 332/332/332 337/337/337 335/335/335
f 333/333/333 331/331/331 338/338/338
f 331/331/331 336/336/336 338/338/338
f 334/334/334 333/333/333 339/339/339
f 334/334/334 339/339/339 337/337/337
f 333/333/333 338/338/338 339/339/339
f 335/335/335 337/337/337 340/340/340
f 336/336/336 335/335/335 341/341/341
f 335/335/335 340/340/340 341/341/341
f 337/337/337 339/339/339 342/342/342
f 337/337/337 342/342/342 340/340/340
f 338/338/338 336/336/336 343/343/343
f 336/336/336 341/341/341 343/343/343
f 339/339/339 338/338/338 344/344/344
f 339/339/339 344/344/344 342/342/342
f 338/338/338 343/343/343 344/344/344
f 340/340/340 342/342/342 345/345/345
f 341/341/341 340/340/340 346/346/346
f 340/340/340 345/345/345 346/346/346
f 342/342/342 344/344/344 347/347/347
f 342/342/342 347/347/347 345/345/345
f 343/343/343 341/341/341 348/348/348
f 341/341/341 346/346/346 348/348/348
f 344/344/344 343/343/343 349/349/349
f 344/344/344 349/349/349 347/347/347
f 343/343/343 348/348/348 349/349/349
f 345/345/345 347/347/347 350/350/350
f 346/346/346 345/345/345 351/351/351
f 345/345/345 350/350/350 351/351/351
f 347/347/347 349/349/349 352/352/352
f 347/347/347 352/352/352 350/350/350
f 348/348/348 346/346/346 353/353/353
f 346/346/346 351/351/351 353/353/353
f 349/349/349 348/348/348 354/354/354
f 349/349/349 354/354/354 352/352/352
f 348/348/348 353/353/353 354/354/354
f 350/350/350 352/352/352 355/355/355
f 351/351/351 350/350/350 356/356/356
f 350/350/350 355/355/355 356/356/356
f 352/352/352 354/354/354 357/357/357
f 352/352/352 357/357/357 355/355/355
f 353/353/353 351/351/351 358/358/358
f 351/351/351 356/356/356 358/358/358
f 354/354/354 353/353/353 359/359/359
f 354/354/354 359/359/359 357/357/357
f 353/353/353 358/358/358 359/359/359
f 355/355/355 357/357/357 360/360/360
f 356/356/356 355/355/355 361/361/361
f 355/355/355 360/360/360 361/361/361
f 357/357/357 359/359/359 362/362/362
f 357/357/357 362/362/362 360/360/360
f 358/358/358 356/356/356 363/363/363
f 356/356/356 361/361/361 363/363/363
f 359/359/359 358/358/358 364/364/364
f 359/359/359 364/364/364 362/362/362
f 358/358/358 363/363/363 364/364/364
f 360/360/360 362/362/362 365/365/365
f 361/361/361 360/360/360 366/366/366
f 360/360/360 365/365/365 366/366/366
f 362/362/362 364/364/364 367/367/367
f 362/362/362 367/367/367 365/365/365
f 363/363/363 361/361/361 368/368/368
f 361/361/361 366/366/366 368/368/368
f 364/364/364 363/363/363 369/369/369
f 364/364/364 369/369/369 367/367/367
f 363/363/363 368/368/368 369/369/369
f 365/365/365 367/367/367 370/370/370
f 366/366/366 365/365/365 371/371/371
f 365/365/365 370/370/370 371/371/371
f 367/367/367 369/369/369 372/372/372
f 367/367/367 372/372/372 370/370/370
f 368/368/368 366/366/366 373/373/373
f 366/366/366 371/371/371 373/373/373
f 369/369/369 368/368/368 374/374/374
f 369/369/369 374/374/374 372/372/372
f 368/368/368 373/373/373 374/374/374
f 370/370/370 372/372/372 375/375/375
f 371/371/371 370/370/370 376/376/376
f 370/370/370 375/375/375 376/376/376
f 372/372/372 374/374/374 377/377/377
f 372/372/372 377/377/377 375/375/375
f 373/373/373 371/371/371 378/378/378
f 371/371/371 376/376/376 378/378/378
f 374/374/374 373/373/373 379/379/379
f 374/374/374 379/379/379 377/377/377
f 373/373/373 378/378/378 379/379/379
f 375/375/375 377/377/377 380/380/380
f 376/376/376 375/375/375 381/381/381
f 375/375/375 380/380/380 381/381/381
f 377/377/377 379/379/379 382/382/382
f 377/377/377 382/382/382 380/380/380
f 378/378/378 376/376/376 383/383/383
f 376/376/376 381/381/381 383/383/383
f 379/379/379 378/378/378 384/384/384
f 379/379/379 384/384/384 382/382/382
f 378/378/378 383/383/383 384/384/384
f 380/380/380 382/382/382 385/385/385
f 381/381/381 380/380/380 386/386/386
f 380/380/380 385/385/385 386/386/386
f 382/382/382 384/384/384 387/387/387
f 382/382/382 387/387/387 385/385/385
f 383/383/383 381/381/381 388/388/388
f 381/381/381 386/386/386 388/388/388
f 384/384/384 383/383/383 389/389/389
f 384/384/384 389/389/389 387/387/387
f 383/383/383 388/388/388 389/389/389
f 385/385/385 387/387/387 390/390/390
f 386/386/386 385/385/385 391/391/391
f 385/385/385 390/390/390 391/391/391
f 387/387/387 389/389/389 392/392/392
f 387/387/387 392/392/392 390/390/390
f 388/388/388 386/386/386 393/393/393
f 386/386/386 391/391/391 393/393/393
f 389/389/389 388/388/388 394/394/394
f 389/389/389 394/394/394 392/392/392
f 388/388/388 393/393/393 394/394/394
f 390/390/390 392/392/392 395/395/395
f 391/391/391 390/390/390 396/396/396
f 396/396/396 390/390/390 395/395/395
f 392/392/392 394/394/394 397/397/397
f 395/395/395 392/392/392 397/397/397
f 393/393/393 391/391/391 398/398/398
f 398/398/398 391/391/391 396/396/396
f 394/394/394 393/393/393 399/399/399
f 397/397/397 394/394/394 399/399/399
f 399/399/399 393/393/393 398/398/398
f 395/395/395 397/397/397 400/400/400
f 396/396/396 395/395/395 401/401/401
f 401/401/401 395/395/395 400/400/400
f 398/398/398 396/396/396 402/402/402
f 402/402/402 396/396/396 401/401/401
f 399/399/399 398/398/398 403/403/403
f 403/403/403 398/398/398 402/402/402
f 397/397/397 399/399/399 404/404/404
f 400/400/400 397/397/397 404/404/404
f 404/404/404 399/399/399 403/403/403
f 401/401/401 400/400/400 405/405/405
f 402/402/402 401/401/401 406/406/406
f 401/401/401 405/405/405 406/406/406
f 403/403/403 402/402/402 407/407/407
f 402/402/402 406/406/406 407/407/407
f 404/404/404 403/403/403 408/408/408
f 403/403/403 407/407/407 408/408/408
f 400/400/400 404/404/404 409/409/409
f 400/400/400 409/409/409 405/405/405
f 404/404/404 408/408/408 409/409/409
f 406/406/406 405/405/405 410/410/410
f 407/407/407 406/406/406 411/411/411
f 406/406/406 410/410/410 411/411/411
f 405/405/405 409/409/409 412/412/412
f 405/405/405 412/412/412 410/410/410
f 408/408/408 407/407/407 413/413/413
f 407/407/407 411/411/411 413/413/413
f 409/409/409 408/408/408 414/414/414
f 409/409/409 414/414/414 412/412/412
f 408/408/408 413/413/413 414/414/414
f 410/410/410 412/412/412 415/415/415
f 411/411/411 410/410/410 416/416/416
f 410/410/410 415/415/415 416/416/416
f 412/412/412 414/414/414 417/417/417
f 412/412/412 417/417/417 415/415/415
f 413/413/413 411/411/411 418/418/418
f 411/411/411 416/416/416 418/418/418
f 414/414/414 413/413/413 419/419/419
f 414/414/414 419/419/419 417/417/417
f 413/413/413 418/418/418 419/419/419
f 415/415/415 417/417/417 420/420/420
f 416/416/416 415/415/415 421/421/421
f 415/415/415 420/420/420 421/421/421
f 417/417/417 419/419/419 422/422/422
f 417/417/417 422/422/422 420/420/420
f 418/418/418 416/416/416 423/423/423
f 416/416/416 421/421/421 423/423/423
f 419/419/419 418/418/418 424/424/424
f 419/419/419 424/424/424 422/422/422
f 418/418/418 423/423/423 424/424/424
f 420/420/420 422/422/422 425/425/425
f 421/421/421 420/420/420 426/426/426
f 420/420/420 425/425/425 426/426/426
f 422/422/422 424/424/424 427/427/427
f 422/422/422 427/427/427 425/425/425
f 423/423/423 421/421/421 428/428/428
f 421/421/421 426/426/426 428/428/428
f 424/424/424 423/423/423 429/429/429
f 424/424/424 429/429/429 427/427/427
f 423/423/423 428/428/428 429/429/429
f 425/425/425 427/427/427 430/430/430
f 426/426/426 425/425/425 431/431/431
f 425/425/425 430/430/430 431/431/431
f 427/427/427 429/429/429 432/432/432
f 427/427/427 432/432/432 430/430/430
f 428/428/428 426/426/426 433/433/433
f 426/426/426 431/431/431 433/433/433
f 429/429/429 428/428/428 434/434/434
f 429/429/429 434/434/434 432/432/432
f 428/428/428 433/433/433 434/434/434
f 430/430/430 432/432/432 435/435/435
f 431/431/431 430/430/430 436/436/436
f 430/430/430 435/435/435 436/436/436
f 432/432/432 434/434/434 437/437/437
f 432/432/432 437/437/437 435/435/435
f 433/433/433 431/431/431 438/438/438
f 431/431/431 436/436/436 438/438/438
f 434/434/434 433/433/433 439/439/439
f 434/434/434 439/439/439 437/437/437
f 433/433/433 438/438/438 439/439/439
f 435/435/435 437/437/437 440/440/440
f 436/436/436 435/435/435 441/441/441
f 435/435/435 440/440/440 441/441/441
f 437/437/437 439/439/439 442/442/442
f 437/437/437 442/442/442 440/440/440
f 438/438/438 436/436/436 443/443/443
f 436/436/436 441/441/441 443/443/443
f 439/439/439 438/438/438 444/444/444
f 439/439/439 444/444/444 442/442/442
f 438/438/438 443/443/443 444/444/444
f 440/440/440 442/442/442 445/445/445
f 441/441/441 440/440/440 446/446/446
f 440/440/440 445/445/445 446/446/446
f 442/442/442 444/444/444 447/447/447
f 442/442/442 447/447/447 445/445/445
f 443/443/443 441/441/441 448/448/448
f 441/441/441 446/446/446 448/448/448
f 444/444/444 443/443/443 449/449/449
f 444/444/444 449/449/449 447/447/447
f 443/443/443 448/448/448 449/449/449
f 445/445/445 447/447/447 450/450/450
f 446/446/446 445/445/445 451/451/451
f 451/451/451 445/445/445 450/450/450
f 447/447/447 449/449/449 452/452/452
f 450/450/450 447/447/447 452/452/452
f 448/448/448 446/446/446 453/453/453
f 453/453/453 446/446/446 451/451/451
f 449/449/449 448/448/448 454/454/454
f 452/452/452 449/449/449 454/454/454
f 454/454/454 448/448/448 453/453/453
f 450/450/450 452/452/452 455/455/455
f 451/451/451 450/450/450 456/456/456
f 456/456/456 450/450/450 455/455/455
f 453/453/453 451/451/451 457/457/457
f 457/457/457 451/451/451 456/456/456
f 454/454/454 453/453/453 458/458/458
f 458/458/458 453/453/453 457/457/457
f 452/452/452 454/454/454 459/459/459
f 455/455/455 452/452/452 459/459/459
f 459/459/459 454/454/454 458/458/458
f 456/456/456 455/455/455 460/460/460
f 457/457/457 456/456/456 461/461/461
f 461/461/461 456/456/456 460/460/460
f 458/458/458 457/457/457 462/462/462
f 462/462/462 457/457/457 461/461/461
f 459/459/459 458/458/458 463/463/463
f 463/463/463 458/458/458 462/462/462
f 455/455/455 459/459/459 464/464/464
f 460/460/460 455/455/455 464/464/464
f 464/464/464 459/459/459 463/463/463
f 461/461/461 460/460/460 465/465/465
f 462/462/462 461/461/461 466/466/466
f 461/461/461 465/465/465 466/466/466
f 463/463/463 462/462/462 467/467/467
f 462/462/462 466/466/466 467/467/467
f 464/464/464 463/463/463 468/468/468
f 463/463/463 467/467/467 468/468/468
f 460/460/460 464/464/464 469/469/469
f 460/460/460 469/469/469 465/465/465
f 464/464/464 468/468/468 469/469/469
f 466/466/466 465/465/465 470/470/470
f 467/467/467 466/466/466 471/471/471
f 466/466/466 470/470/470 471/471/471
f 465/465/465 469/469/469 472/472/472
f 465/465/465 472/472/472 470/470/470
f 468/468/468 467/467/467 473/473/473
f 467/467/467 471/471/471 473/473/473
f 469/469/469 468/468/468 474/474/474
f 469/469/469 474/474/474 472/472/472
f 468/468/468 473/473/473 474/474/474
f 470/470/470 472/472/472 475/475/475
f 471/471/471 470/470/470 476/476/476
f 470/470/470 475/475/475 476/476/476
f 472/472/472 474/474/474 477/477/477
f 472/472/472 477/477/477 475/475/475
f 473/473/473 471/471/471 478/478/478
f 471/471/471 476/476/476 478/478/478
f 474/474/474 473/473/473 479/479/479
f 474/474/474 479/479/479 477/477/477
f 473/473/473 478/478/478 479/479/479
f 475/475/475 477/477/477 480/480/480
f 476/476/476 475/475/475 481/481/481
f 475/475/475 480/480/480 481/481/481
f 477/477/477 479/479/479 482/482/482
f 477/477/477 482/482/482 480/480/480
f 478/478/478 476/476/476 483/483/483
f 476/476/476 481/481/481 483/483/483
f 479/479/479 478/478/478 484/484/484
f 479/479/479 484/484/484 482/482/482
f 478/478/478 483/483/483 484/484/484
f 480/480/480 482/482/482 485/485/485
f 481/481/481 480/480/480 486/486/486
f 480/480/480 485/485/485 486/486/486
f 482/482/482 484/484/484 487/487/487
f 482/482/482 487/487/487 485/485/485
f 483/483/483 481/481/481 488/488/488
f 481/481/481 486/486/486 488/488/488
f 484/484/484 483/483/483 489/489/489
f 484/484/484 489/489/489 487/487/487
f 483/483/483 488/488/488 489/489/489
f 485/485/485 487/487/487 490/490/490
f 486/486/486 485/485/485 491/491/491
f 485/485/485 490/490/490 491/491/491
f 487/487/487 489/489/489 492/492/492
f 487/487/487 492/492/492 490/490/490
f 488/488/488 486/486/486 493/493/493
f 486/486/486 491/491/491 493/493/493
f 489/489/489 488/488/488 494/494/494
f 489/489/489 494/494/494 492/492/492
f 488/488/488 493/493/493 494/494/494
f 490/490/490 492/492/492 495/495/495
f 491/491/491 490/490/490 496/496/496
f 490/490/490 495/495/495 496/496/496
f 492/492/492 494/494/494 497/497/497
f 492/492/492 497/497/497 495/495/495
f 493/493/493 491/491/491 498/498/498
f 491/491/491 496/496/496 498/498/498
f 494/494/494 493/493/493 499/499/499
f 494/494/494 499/499/499 497/497/497
f 493/493/493 498/498/498 499/499/499
f 495/495/495 497/497/497 500/500/500
f 496/496/496 495/495/495 501/501/501
f 495/495/495 500/500/500 501/501/501
f 497/497/497 499/499/499 502/502/502
f 497/497/497 502/502/502 500/500/500
f 498/498/498 496/496/496 503/503/503
f 496/496/496 501/501/501 503/503/503
f 499/499/499 498/498/498 504/504/504
f 499/499/499 504/504/504 502/502/502
f 498/498/498 503/503/503 504/504/504
f 500/500/500 502/502/502 505/505/505
f 501/501/501 500/500/500 506/506/506
f 500/500/500 505/505/505 506/506/506
f 502/502/502 504/504/504 507/507/507
f 502/502/502 507/507/507 505/505/505
f 503/503/503 501/501/501 508/508/508
f 501/501/501 506/506/506 508/508/508
f 504/504/504 503/503/503 509/509/509
f 504/504/504 509/509/509 507/507/507
f 503/503/503 508/508/508 509/509/509
f 505/505/505 507/507/507 510/510/510
f 506/506/506 505/505/505 511/511/511
f 505/505/505 510/510/510 511/511/511
f 507/507/507 509/509/509 512/512/512
f 507/507/507 512/512/512 510/510/510
f 508/508/508 506/506/506 513/513/513
f 506/506/506 511/511/511 513/513/513
f 509/509/509 508/508/508 514/514/514
f 509/509/509 514/514/514 512/512/512
f 508/508/508 513/513/513 514/514/514
f 510/510/510 512/512/512 515/515/515
f 511/511/511 510/510/510 516/516/516
f 510/510/510 515/515/515 516/516/516
f 512/512/512 514/514/514 517/517/517
f 512/512/512 517/517/517 515/515/515
f 513/513/513 511/511/511 518/518/518
f 511/511/511 516/516/516 518/518/518
f 514/514/514 513/513/513 519/519/519
f 514/514/514 519/519/519 517/517/517
f 513/513/513 518/518/518 519/519/519
f 515/515/515 517/517/517 520/520/520
f 516/516/516 515/515/515 521/521/521
f 515/515/515 520/520/520 521/521/521
f 517/517/517 519/519/519 522/522/522
f 517/517/517 522/522/522 520/520/520
f 518/518/518 516/516/516 523/523/523
f 516/516/516 521/521/521 523/523/523
f 519/519/519 518/518/518 524/524/524
f 519/519/519 524/524/524 522/522/522
f 518/518/518 523/523/523 524/524/524
f 520/520/520 522/522/522 525/525/525
f 521/521/521 520/520/520 526/526/526
f 520/520/520 525/525/525 526/526/526
f 522/522/522 524/524/524 527/527/527
f 522/522/522 527/527/527 525/525/525
f 523/523/523 521/521/521 528/528/528
f 521/521/521 526/526/526 528/528/528
f 524/524/524 523/523/523 529/529/529
f 524/524/524 529/529/529 527/527/527
f 523/523/523 528/528/528 529/529/529
f 525/525/525 527/527/527 530/530/530
f 526/526/526 525/525/525 531/531/531
f 525/525/525 530/530/530 531/531/531
f 527/527/527 529/529/529 532/532/532
f 527/527/527 532/532/532 530/530/530
f 528/528/528 526/526/526 533/533/533
f 526/526/526 531/531/531 533/533/533
f 529/529/529 528/528/528 534/534/534
f 529/529/529 534/534/534 532/532/532
f 528/528/528 533/533/533 534/534/534
f 530/530/530 532/532/532 535/535/535
f 531/531/531 530/530/530 536/536/536
f 530/530/530 535/535/535 536/536/536
f 532/532/532 534/534/534 537/537/537
f 532/532/532 537/537/537 535/535/535
f 533/533/533 531/531/531 538/538/538
f 531/531/531 536/536/536 538/538/538
f 534/534/534 533/533/533 539/539/539
f 534/534/534 539/539/539 537/537/537
f 533/533/533 538/538/538 539/539/539
f 535/535/535 537/537/537 540/540/540
f 536/536/536 535/535/535 541/541/541
f 535/535/535 540/540/540 541/541/541
f 537/537/537 539/539/539 542/542/542
f 537/537/537 542/542/542 540/540/540
f 538/538/538 536/536/536 543/543/543
f 536/536/536 541/541/541 543/543/543
f 539/539/539 538/538/538 544/544/544
f 539/539/539 544/544/544 542/542/542
f 538/538/538 543/543/543 544/544/544
f 540/540/540 542/542/542 545/545/545
f 541/541/541 540/540/540 546/546/546
f 540/540/540 545/545/545 546/546/546
f 542/542/542 544/544/544 547/547/547
f 542/542/542 547/547/547 545/545/545
f 543/543/543 541/541/541 548/548/548
f 541/541/541 546/546/546 548/548/548
f 544/544/544 543/543/543 549/549/549
f 544/544/544 549/549/549 547/547/547
f 543/543/543 548/548/548 549/549/549
f 545/545/545 547/547/547 550/550/550
f 546/546/546 545/545/545 551/551/551
f 545/545/545 550/550/550 551/551/551
f 547/547/547 549/549/549 552/552/552
f 547/547/547 552/552/552 550/550/550
f 548/548/548 546/546/546 553/553/553
f 546/546/546 551/551/551 553/553/553
f 549/549/549 548/548/548 554/554/554
f 549/549/549 554/554/554 552/552/552
f 548/548/548 553/553/553 554/554/554
f 550/550/550 552/552/552 555/555/555
f 551/551/551 550/550/550 556/556/556
f 550/550/550 555/555/555 556/556/556
f 552/552/552 554/554/554 557/557/557
f 552/552/552 557/557/557 555/555/555
f 553/553/553 551/551/551 558/558/558
f 551/551/551 556/556/556 558/558/558
f 554/554/554 553/553/553 559/559/559
f 554/554/554 559/559/559 557/557/557
f 553/553/553 558/558/558 559/559/559
f 555/555/555 557/557/557 560/560/560
f 556/556/556 555/555/555 561/561/561
f 555/555/555 560/560/560 561/561/561
f 557/557/557 559/559/559 562/562/562
f 557/557/557 562/562/562 560/560/560
f 558/558/558 556/556/556 563/563/563
f 556/556/556 561/561/561 563/563/563
f 559/559/559 558/558/558 564/564/564
f 559/559/559 564/564/564 562/562/562
f 558/558/558 563/563/563 564/564/564
f 560/560/560 562/562/562 565/565/565
f 561/561/561 560/560/560 566/566/566
f 560/560/560 565/565/565 566/566/566
f 562/562/562 564/564/564 567/567/567
f 562/562/562 567/567/567 565/565/565
f 563/563/563 561/561/561 568/568/568
f 561/561/561 566/566/566 568/568/568
f 564/564/564 563/563/563 569/569/569
f 564/564/564 569/569/569 567/567/567
f 563/563/563 568/568/568 569/569/569
f 565/565/565 567/567/567 570/570/570
f 566/566/566 565/565/565 571/571/571
f 565/565/565 570/570/570 571/571/571
f 567/567/567 569/569/569 572/572/572
f 567/567/567 572/572/572 570/570/570
f 568/568/568 566/566/566 573/573/573
f 566/566/566 571/571/571 573/573/573
f 569/569/569 568/568/568 574/574/574
f 569/569/569 574/574/574 572/572/572
f 568/568/568 573/573/573 574/574/574
f 570/570/570 572/572/572 575/575/575
f 571/571/571 570/570/570 576/576/576
f 570/570/570 575/575/575 576/576/576
f 572/572/572 574/574/574 577/577/577
f 572/572/572 577/577/577 575/575/575
f 573/573/573 571/571/571 578/578/578
f 571/571/571 576/576/576 578/578/578
f 574/574/574 573/573/573 579/579/579
f 574/574/574 579/579/579 577/577/577
f 573/573/573 578/578/578 579/579/579
f 575/575/575 577/577/577 580/580/580
f 576/576/576 575/575/575 581/581/581
f 575/575/575 580/580/580 581/581/581
f 577/577/577 579/579/579 582/582/582
f 577/577/577 582/582/582 580/580/580
f 578/578/578 576/576/576 583/583/583
f 576/576/576 581/581/581 583/583/583
f 579/579/579 578/578/578 584/584/584
f 579/579/579 584/584/584 582/582/582
f 578/578/578 583/583/583 584/584/584
f 580/580/580 582/582/582 585/585/585
f 581/581/581 580/580/580 586/586/586
f 580/580/580 585/585/585 586/586/586
f 582/582/582 584/584/584 587/587/587
f 582/582/582 587/587/587 585/585/585
f 583/583/583 581/581/581 588/588/588
f 581/581/581 586/586/586 588/588/588
f 584/584/584 583/583/583 589/589/589
f 584/584/584 589/589/589 587/587/587
f 583/583/583 588/588/588 589/589/589
f 585/585/585 587/587/587 590/590/590
f 586/586/586 585/585/585 591/591/591
f 585/585/585 590/590/590 591/591/591
f 587/587/587 589/589/589 592/592/592
f 587/587/587 592/592/592 590/590/590
f 588/588/588 586/586/586 593/593/593
f 586/586/586 591/591/591 593/593/593
f 589/589/589 588/588/588 594/594/594
f 589/589/589 594/594/594 592/592/592
f 588/588/588 593/593/593 594/594/594
f 590/590/590 592/592/592 595/595/595
f 591/591/591 590/590/590 596/596/596
f 590/590/590 595/595/595 596/596/596
f 592/592/592 594/594/594 597/597/597
f 592/592/592 597/597/597 595/595/595
f 593/593/593 591/591/591 598/598/598
f 591/591/591 596/596/596 598/598/598
f 594/594/594 593/593/593 599/599/599
f 594/594/594 599/599/599 597/597/597
f 593/593/593 598/598/598 599/599/599
f 595/595/595 597/597/597 600/600/600
f 596/596/596 595/595/595 601/601/601
f 595/595/595 600/600/600 601/601/601
f 597/597/597 599/599/599 602/602/602
f 597/597/597 602/602/602 600/600/600
f 598/598/598 596/596/596 603/603/603
f 596/596/596 601/601/601 603/603/603
f 599/599/599 598/598/598 604/604/604
f 599/599/599 604/604/604 602/602/602
f 598/598/598 603/603/603 604/604/604
f 600/600/600 602/602/602 605/605/605
f 601/601/601 600/600/600 606/606/606
f 600/600/600 605/605/605 606/606/606
f 602/602/602 604/604/604 607/607/607
f 602/602/602 607/607/607 605/605/605
f 603/603/603 601/601/601 608/608/608
f 601/601/601 606/606/606 608/608/608
f 604/604/604 603/603/603 609/609/609
f 604/604/604 609/609/609 607/607/607
f 603/603/603 608/608/608 609/609/609
f 605/605/605 607/607/607 610/610/610
f 606/606/606 605/605/605 611/611/611
f 605/605/605 610/610/610 611/611/611
f 607/607/607 609/609/609 612/612/612
f 607/607/607 612/612/612 610/610/610
f 608/608/608 606/606/606 613/613/613
f 606/606/606 611/611/611 613/613/613
f 609/609/609 608/608/608 614/614/614
f 609/609/609 614/614/614 612/612/612
f 608/608/608 613/613/613 614/614/614
f 610/610/610 612/612/612 615/615/615
f 611/611/611 610/610/610 616/616/616
f 610/610/610 615/615/615 616/616/616
f 612/612/612 614/614/614 617/617/617
f 612/612/612 617/617/617 615/615/615
f 613/613/613 611/611/611 618/618/618
f 611/611/611 616/616/616 618/618/618
f 614/614/614 613/613/613 619/619/619
f 614/614/614 619/619/619 617/617/617
f 613/613/613 618/618/618 619/619/619
f 615/615/615 617/617/617 620/620/620
f 616/616/616 615/615/615 621/621/621
f 615/615/615 620/620/620 621/621/621
f 617/617/617 619/619/619 622/622/622
f 617/617/617 622/622/622 620/620/620
f 618/618/618 616/616/616 623/623/623
f 616/616/616 621/621/621 623/623/623
f 619/619/619 618/618/618 624/624/624
f 619/619/619 624/624/624 622/622/622
f 618/618/618 623/623/623 624/624/624
f 620/620/620 622/622/622 625/625/625
f 621/621/621 620/620/620 626/626/626
f 620/620/620 625/625/625 626/626/626
f 622/622/622 624/624/624 627/627/627
f 622/622/622 627/627/627 625/625/625
f 623/623/623 621/621/621 628/628/628
f 621/621/621 626/626/626 628/628/628
f 624/624/624 623/623/623 629/629/629
f 624/624/624 629/629/629 627/627/627
f 623/623/623 628/628/628 629/629/629
f 625/625/625 627/627/627 630/630/630
f 626/626/626 625/625/625 631/631/631
f 625/625/625 630/630/630 631/631/631
f 627/627/627 629/629/629 632/632/632
f 627/627/627 632/632/632 630/630/630
f 628/628/628 626/626/626 633/633/633
f 626/626/626 631/631/631 633/633/633
f 629/629/629 628/628/628 634/634/634
f 629/629/629 634/634/634 632/632/632
f 628/628/628 633/633/633 634/634/634
f 630/630/630 632/632/632 635/635/635
f 631/631/631 630/630/630 636/636/636
f 630/630/630 635/635/635 636/636/636
f 632/632/632 634/634/634 637/637/637
f 632/632/632 637/637/637 635/635/635
f 633/633/633 631/631/631 638/638/638
f 631/631/631 636/636/636 638/638/638
f 634/634/634 633/633/633 639/639/639
f 634/634/634 639/639/639 637/637/637
f 633/633/633 638/638/638 639/639/639
f 635/635/635 637/637/637 640/640/640
f 636/636/636 635/635/635 641/641/641
f 635/635/635 640/640/640 641/641/641
f 637/637/637 639/639/639 642/642/642
f 637/637/637 642/642/642 640/640/640
f 638/638/638 636/636/636 643/643/643
f 636/636/636 641/641/641 643/643/643
f 639/639/639 638/638/638 644/644/644
f 639/639/639 644/644/644 642/642/642
f 638/638/638 643/643/643 644/644/644
f 640/640/640 642/642/642 645/645/645
f 641/641/641 640/640/640 646/646/646
f 640/640/640 645/645/645 646/646/646
f 642/642/642 644/644/644 647/647/647
f 642/642/642 647/647/647 645/645/645
f 643/643/643 641/641/641 648/648/648
f 641/641/641 646/646/646 648/648/648
f 644/644/644 643/643/643 649/649/649
f 644/644/644 649/649/649 647/647/647
f 643/643/643 648/648/648 649/649/649
f 645/645/645 647/647/647 650/650/650
f 646/646/646 645/645/645 651/651/651
f 645/645/645 650/650/650 651/651/651
f 647/647/647 649/649/649 652/652/652
f 647/647/647 652/652/652 650/650/650
f 648/648/648 646/646/646 653/653/653
f 646/646/646 651/651/651 653/653/653
f 649/649/649 648/648/648 654/654/654
f 649/649/649 654/654/654 652/652/652
f 648/648/648 653/653/653 654/654/654
f 650/650/650 652/652/652 655/655/655
f 651/651/651 650/650/650 656/656/656
f 650/650/650 655/655/655 656/656/656
f 652/652/652 654/654/654 657/657/657
f 652/652/652 657/657/657 655/655/655
f 653/653/653 651/651/651 658/658/658
f 651/651/651 656/656/656 658/658/658
f 654/654/654 653/653/653 659/659/659
f 654/654/654 659/659/659 657/657/657
f 653/653/653 658/658/658 659/659/659
f 655/655/655 657/657/657 660/660/660
f 656/656/656 655/655/655 661/661/661
f 655/655/655 660/660/660 661/661/661
f 657/657/657 659/659/659 662/662/662
f 657/657/657 662/662/662 660/660/660
f 658/658/658 656/656/656 663/663/663
f 656/656/656 661/661/661 663/663/663
f 659/659/659 658/658/658 664/664/664
f 659/659/659 664/664/664 662/662/662
f 658/658/658 663/663/663 664/664/664
f 660/660/660 662/662/662 665/665/665
f 661/661/661 660/660/660 666/666/666
f 660/660/660 665/665/665 666/666/666
f 662/662/662 664/664/664 667/667/667
f 662/662/662 667/667/667 665/665/665
f 663/663/663 661/661/661 668/668/668
f 661/661/661 666/666/666 668/668/668
f 664/664/664 663/663/663 669/669/669
f 664/664/664 669/669/669 667/667/667
f 663/663/663 668/668/668 669/669/669
f 665/665/665 667/667/667 670/670/670
f 666/666/666 665/665/665 671/671/671
f 665/665/665 670/670/670 671/671/671
f 667/667/667 669/669/669 672/672/672
f 667/667/667 672/672/672 670/670/670
f 668/668/668 666/666/666 673/673/673
f 666/666/666 671/671/671 673/673/673
f 669/669/669 668/668/668 674/674/674
f 669/669/669 674/674/674 672/672/672
f 668/668/668 673/673/673 674/674/674
f 670/670/670 672/672/672 675/675/675
f 671/671/671 670/670/670 676/676/676
f 670/670/670 675/675/675 676/676/676
f 672/672/672 674/674/674 677/677/677
f 672/672/672 677/677/677 675/675/675
f 673/673/673 671/671/671 678/678/678
f 671/671/671 676/676/676 678/678/678
f 674/674/674 673/673/673 679/679/679
f 674/674/674 679/679/679 677/677/677
f 673/673/673 678/678/678 679/679/679
f 675/675/675 677/677/677 680/680/680
f 676/676/676 675/675/675 681/681/681
f 675/675/675 680/680/680 681/681/681
f 677/677/677 679/679/679 682/682/682
f 677/677/677 682/682/682 680/680/680
f 678/678/678 676/676/676 683/683/683
f 676/676/676 681/681/681 683/683/683
f 679/679/679 678/678/678 684/684/684
f 679/679/679 684/684/684 682/682/682
f 678/678/678 683/683/683 684/684/684
f 680/680/680 682/682/682 685/685/685
f 681/681/681 680/680/680 686/686/686
f 680/680/680 685/685/685 686/686/686
f 682/682/682 684/684/684 687/687/687
f 682/682/682 687/687/687 685/685/685
f 683/683/683 681/681/681 688/688/688
f 681/681/681 686/686/686 688/688/688
f 684/684/684 683/683/683 689/689/689
f 684/684/684 689/689/689 687/687/687
f 683/683/683 688/688/688 689/689/689
f 685/685/685 687/687/687 690/690/690
f 686/686/686 685/685/685 691/691/691
f 685/685/685 690/690/690 691/691/691
f 687/687/687 689/689/689 692/692/692
f 687/687/687 692/692/692 690/690/690
f 688/688/688 686/686/686 693/693/693
f 686/686/686 691/691/691 693/693/693
f 689/689/689 688/688/688 694/694/694
f 689/689/689 694/694/694 692/692/692
f 688/688/688 693/693/693 694/694/694
f 690/690/690 692/692/692 695/695/695
f 691/691/691 690/690/690 696/696/696
f 690/690/690 695/695/695 696/696/696
f 692/692/692 694/694/694 697/697/697
f 692/692/692 697/697/697 695/695/695
f 693/693/693 691/691/691 698/698/698
f 691/691/691 696/696/696 698/698/698
f 694/694/694 693/693/693 699/699/699
f 694/694/694 699/699/699 697/697/697
f 693/693/693 698/698/698 699/699/699
f 695/695/695 697/697/697 700/700/700
f 696/696/696 695/695/695 701/701/701
f 695/695/695 700/700/700 701/701/701
f 697/697/697 699/699/699 702/702/702
f 697/697/697 702/702/702 700/700/700
f 698/698/698 696/696/696 703/703/703
f 696/696/696 701/701/701 703/703/703
f 699/699/699 698/698/698 704/704/704
f 699/699/699 704/704/704 702/702/702
f 698/698/698 703/703/703 704/704/704
f 700/700/700 702/702/702 705/705/705
f 701/701/701 700/700/700 706/706/706
f 700/700/700 705/705/705 706/706/706
f 702/702/702 704/704/704 707/707/707
f 702/702/702 707/707/707 705/705/705
f 703/703/703 701/701/701 708/708/708
f 701/701/701 706/706/706 708/708/708
f 704/704/704 703/703/703 709/709/709
f 704/704/704 709/709/709 707/707/707
f 703/703/703 708/708/708 709/709/709
f 705/705/705 707/707/707 710/710/710
f 706/706/706 705/705/705 711/711/711
f 705/705/705 710/710/710 711/711/711
f 707/707/707 709/709/709 712/712/712
f 707/707/707 712/712/712 710/710/710
f 708/708/708 706/706/706 713/713/713
f 706/706/706 711/711/711 713/713/713
f 709/709/709 708/708/708 714/714/714
f 709/709/709 714/714/714 712/712/712
f 708/708/708 713/713/713 714/714/714
f 710/710/710 712/712/712 715/715/715
f 711/711/711 710/710/710 716/716/716
f 710/710/710 715/715/715 716/716/716
f 712/712/712 714/714/714 717/717/717
f 712/712/712 717/717/717 715/715/715
f 713/713/713 711/711/711 718/718/718
f 711/711/711 716/716/716 718/718/718
f 714/714/714 713/713/713 719/719/719
f 714/714/714 719/719/719 717/717/717
f 713/713/713 718/718/718 719/719/719
f 715/715/715 717/717/717 720/720/720
f 717/717/717 719/719/719 720/720/720
f 716/716/716 715/715/715 721/721/721
f 721/721/721 715/715/715 720/720/720
f 718/718/718 716/716/716 722/722/722
f 722/722/722 716/716/716 721/721/721
f 719/719/719 718/718/718 723/723/723
f 723/723/723 718/718/718 722/722/722
f 719/719/719 724/724/724 720/720/720
f 724/724/724 719/719/719 723/723/723
f 721/721/721 720/720/720 725/725/725
f 722/722/722 721/721/721 726/726/726
f 721/721/721 725/725/725 726/726/726
f 723/723/723 722/722/722 727/727/727
f 722/722/722 726/726/726 727/727/727
f 724/724/724 723/723/723 728/728/728
f 723/723/723 727/727/727 728/728/728
f 720/720/720 724/724/724 729/729/729
f 720/720/720 729/729/729 725/725/725
f 724/724/724 728/728/728 729/729/729
f 727/727/727 726/726/726 730/730/730
f 726/726/726 725/725/725 731/731/731
f 726/726/726 731/731/731 730/730/730
f 725/725/725 729/729/729 732/732/732
f 725/725/725 732/732/732 731/731/731
f 728/728/728 727/727/727 733/733/733
f 727/727/727 730/730/730 733/733/733
f 729/729/729 728/728/728 734/734/734
f 729/729/729 734/734/734 732/732/732
f 728/728/728 733/733/733 734/734/734
f 731/731/731 735/735/735 730/730/730
f 732/732/732 736/736/736 731/731/731
f 736/736/736 735/735/735 731/731/731
f 734/734/734 737/737/737 732/732/732
f 737/737/737 736/736/736 732/732/732
f 730/730/730 738/738/738 733/733/733
f 735/735/735 738/738/738 730/730/730
f 733/733/733 739/739/739 734/734/734
f 739/739/739 737/737/737 734/734/734
f 738/738/738 739/739/739 733/733/733
f 735/735/735 736/736/736 740/740/740
f 736/736/736 737/737/737 741/741/741
f 740/740/740 736/736/736 741/741/741
f 737/737/737 739/739/739 742/742/742
f 741/741/741 737/737/737 742/742/742
f 738/738/738 735/735/735 743/743/743
f 743/743/743 735/735/735 740/740/740
f 739/739/739 738/738/738 744/744/744
f 742/742/742 739/739/739 744/744/744
f 744/744/744 738/738/738 743/743/743
f 741/741/741 742/742/742 745/745/745
f 740/740/740 741/741/741 746/746/746
f 746/746/746 741/741/741 745/745/745
f 743/743/743 740/740/740 747/747/747
f 747/747/747 740/740/740 746/746/746
f 744/744/744 743/743/743 748/748/748
f 748/748/748 743/743/743 747/747/747
f 742/742/742 744/744/744 749/749/749
f 745/745/745 742/742/742 749/749/749
f 749/749/749 744/744/744 748/748/748
f 745/745/745 750/750/750 746/746/746
f 746/746/746 751/751/751 747/747/747
f 750/750/750 751/751/751 746/746/746
f 747/747/747 752/752/752 748/748/748
f 751/751/751 752/752/752 747/747/747
f 748/748/748 753/753/753 749/749/749
f 752/752/752 753/753/753 748/748/748
f 749/749/749 754/754/754 745/745/745
f 754/754/754 750/750/750 745/745/745
f 753/753/753 754/754/754 749/749/749
f 750/750/750 755/755/755 751/751/751
f 751/751/751 756/756/756 752/752/752
f 755/755/755 756/756/756 751/751/751
f 754/754/754 757/757/757 750/750/750
f 757/757/757 755/755/755 750/750/750
f 753/753/753 758/758/758 754/754/754
f 758/758/758 757/757/757 754/754/754
f 752/752/752 759/759/759 753/753/753
f 756/756/756 759/759/759 752/752/752
f 759/759/759 758/758/758 753/753/753
f 755/755/755 757/757/757 760/760/760
f 756/756/756 755/755/755 761/761/761
f 755/755/755 760/760/760 761/761/761
f 757/757/757 758/758/758 762/762/762
f 757/757/757 762/762/762 760/760/760
f 759/759/759 756/756/756 763/763/763
f 756/756/756 761/761/761 763/763/763
f 758/758/758 759/759/759 764/764/764
f 758/758/758 764/764/764 762/762/762
f 759/759/759 763/763/763 764/764/764
f 762/762/762 765/765/765 760/760/760
f 760/760/760 766/766/766 761/761/761
f 765/765/765 766/766/766 760/760/760
f 764/764/764 767/767/767 762/762/762
f 767/767/767 765/765/765 762/762/762
f 761/761/761 768/768/768 763/763/763
f 766/766/766 768/768/768 761/761/761
f 763/763/763 769/769/769 764/764/764
f 769/769/769 767/767/767 764/764/764
f 768/768/768 769/769/769 763/763/763
f 767/767/767 770/770/770 765/765/765
f 765/765/765 771/771/771 766/766/766
f 770/770/770 771/771/771 765/765/765
f 769/769/769 772/772/772 767/767/767
f 772/772/772 770/770/770 767/767/767
f 766/766/766 773/773/773 768/768/768
f 771/771/771 773/773/773 766/766/766
f 768/768/768 774/774/774 769/769/769
f 774/774/774 772/772/772 769/769/769
f 773/773/773 774/774/774 768/768/768
f 770/770/770 775/775/775 771/771/771
f 772/772/772 776/776/776 770/770/770
f 776/776/776 775/775/775 770/770/770
f 774/774/774 777/777/777 772/772/772
f 777/777/777 776/776/776 772/772/772
f 771/771/771 778/778/778 773/773/773
f 775/775/775 778/778/778 771/771/771
f 773/773/773 779/779/779 774/774/774
f 779/779/779 777/777/777 774/774/774
f 778/778/778 779/779/779 773/773/773
f 777/777/777 780/780/780 776/776/776
f 776/776/776 781/781/781 775/775/775
f 780/780/780 781/781/781 776/776/776
f 779/779/779 782/782/782 777/777/777
f 782/782/782 780/780/780 777/777/777
f 775/775/775 783/783/783 778/778/778
f 781/781/781 783/783/783 775/775/775
f 778/778/778 784/784/784 779/779/779
f 784/784/784 782/782/782 779/779/779
f 783/783/783 784/784/784 778/778/778
f 782/782/782 785/785/785 780/780/780
f 780/780/780 786/786/786 781/781/781
f 785/785/785 786/786/786 780/780/780
f 784/784/784 787/787/787 782/782/782
f 787/787/787 785/785/785 782/782/782
f 783/783/783 788/788/788 784/784/784
f 788/788/788 787/787/787 784/784/784
f 781/781/781 789/789/789 783/783/783
f 786/786/786 789/789/789 781/781/781
f 789/789/789 788/788/788 783/783/783
f 787/787/787 790/790/790 785/785/785
f 785/785/785 791/791/791 786/786/786
f 790/790/790 791/791/791 785/785/785
f 788/788/788 792/792/792 787/787/787
f 792/792/792 790/790/790 787/787/787
f 786/786/786 793/793/793 789/789/789
f 791/791/791 793/793/793 786/786/786
f 789/789/789 794/794/794 788/788/788
f 794/794/794 792/792/792 788/788/788
f 793/793/793 794/794/794 789/789/789
f 790/790/790 792/792/792 795/795/795
f 791/791/791 790/790/790 796/796/796
f 790/790/790 795/795/795 796/796/796
f 792/792/792 794/794/794 797/797/797
f 792/792/792 797/797/797 795/795/795
f 793/793/793 791/791/791 798/798/798
f 791/791/791 796/796/796 798/798/798
f 794/794/794 793/793/793 799/799/799
f 794/794/794 799/799/799 797/797/797
f 793/793/793 798/798/798 799/799/799
f 795/795/795 797/797/797 800/800/800
f 796/796/796 795/795/795 801/801/801
f 795/795/795 800/800/800 801/801/801
f 797/797/797 799/799/799 802/802/802
f 797/797/797 802/802/802 800/800/800
f 798/798/798 796/796/796 803/803/803
f 796/796/796 801/801/801 803/803/803
f 799/799/799 798/798/798 804/804/804
f 799/799/799 804/804/804 802/802/802
f 798/798/798 803/803/803 804/804/804
f 800/800/800 802/802/802 805/805/805
f 801/801/801 800/800/800 806/806/806
f 800/800/800 805/805/805 806/806/806
f 802/802/802 804/804/804 807/807/807
f 802/802/802 807/807/807 805/805/805
f 803/803/803 801/801/801 808/808/808
f 801/801/801 806/806/806 808/808/808
f 804/804/804 803/803/803 809/809/809
f 804/804/804 809/809/809 807/807/807
f 803/803/803 808/808/808 809/809/809
f 805/805/805 807/807/807 810/810/810
f 806/806/806 805/805/805 811/811/811
f 805/805/805 810/810/810 811/811/811
f 807/807/807 809/809/809 812/812/812
f 807/807/807 812/812/812 810/810/810
f 808/808/808 806/806/806 813/813/813
f 806/806/806 811/811/811 813/813/813
f 809/809/809 808/808/808 814/814/814
f 809/809/809 814/814/814 812/812/812
f 808/808/808 813/813/813 814/814/814
f 810/810/810 812/812/812 815/815/815
f 811/811/811 810/810/810 816/816/816
f 810/810/810 815/815/815 816/816/816
f 812/812/812 814/814/814 817/817/817
f 812/812/812 817/817/817 815/815/815
f 813/813/813 811/811/811 818/818/818
f 811/811/811 816/816/816 818/818/818
f 814/814/814 813/813/813 819/819/819
f 814/814/814 819/819/819 817/817/817
f 813/813/813 818/818/818 819/819/819
f 815/815/815 817/817/817 820/820/820
f 816/816/816 815/815/815 821/821/821
f 815/815/815 820/820/820 821/821/821
f 817/817/817 819/819/819 822/822/822
f 817/817/817 822/822/822 820/820/820
f 818/818/818 816/816/816 823/823/823
f 816/816/816 821/821/821 823/823/823
f 819/819/819 818/818/818 824/824/824
f 819/819/819 824/824/824 822/822/822
f 818/818/818 823/823/823 824/824/824
f 820/820/820 822/822/822 825/825/825
f 821/821/821 820/820/820 826/826/826
f 820/820/820 825/825/825 826/826/826
f 822/822/822 824/824/824 827/827/827
f 822/822/822 827/827/827 825/825/825
f 823/823/823 821/821/821 828/828/828
f 821/821/821 826/826/826 828/828/828
f 824/824/824 823/823/823 829/829/829
f 824/824/824 829/829/829 827/827/827
f 823/823/823 828/828/828 829/829/829
f 825/825/825 827/827/827 830/830/830
f 826/826/826 825/825/825 831/831/831
f 825/825/825 830/830/830 831/831/831
f 827/827/827 829/829/829 832/832/832
f 827/827/827 832/832/832 830/830/830
f 828/828/828 826/826/826 833/833/833
f 826/826/826 831/831/831 833/833/833
f 829/829/829 828/828/828 834/834/834
f 829/829/829 834/834/834 832/832/832
f 828/828/828 833/833/833 834/834/834
f 830/830/830 832/832/832 835/835/835
f 831/831/831 830/830/830 836/836/836
f 830/830/830 835/835/835 836/836/836
f 832/832/832 834/834/834 837/837/837
f 832/832/832 837/837/837 835/835/835
f 833/833/833 831/831/831 838/838/838
f 831/831/831 836/836/836 838/838/838
f 834/834/834 833/833/833 839/839/839
f 834/834/834 839/839/839 837/837/837
f 833/833/833 838/838/838 839/839/839
f 835/835/835 837/837/837 840/840/840
f 836/836/836 835/835/835 841/841/841
f 835/835/835 840/840/840 841/841/841
f 837/837/837 839/839/839 842/842/842
f 837/837/837 842/842/842 840/840/840
f 838/838/838 836/836/836 843/843/843
f 836/836/836 841/841/841 843/843/843
f 839/839/839 838/838/838 844/844/844
f 839/839/839 844/844/844 842/842/842
f 838/838/838 843/843/843 844/844/844
f 840/840/840 842/842/842 845/845/845
f 841/841/841 840/840/840 846/846/846
f 840/840/840 845/845/845 846/846/846
f 842/842/842 844/844/844 847/847/847
f 842/842/842 847/847/847 845/845/845
f 843/843/843 841/841/841 848/848/848
f 841/841/841 846/846/846 848/848/848
f 844/844/844 843/843/843 849/849/849
f 844/844/844 849/849/849 847/847/847
f 843/843/843 848/848/848 849/849/849
f 845/845/845 847/847/847 850/850/850
f 846/846/846 845/845/845 851/851/851
f 845/845/845 850/850/850 851/851/851
f 847/847/847 849/849/849 852/852/852
f 847/847/847 852/852/852 850/850/850
f 848/848/848 846/846/846 853/853/853
f 846/846/846 851/851/851 853/853/853
f 849/849/849 848/848/848 854/854/854
f 849/849/849 854/854/854 852/852/852
f 848/848/848 853/853/853 854/854/854
f 850/850/850 852/852/852 855/855/855
f 851/851/851 850/850/850 856/856/856
f 850/850/850 855/855/855 856/856/856
f 852/852/852 854/854/854 857/857/857
f 852/852/852 857/857/857 855/855/855
f 853/853/853 851/851/851 858/858/858
f 851/851/851 856/856/856 858/858/858
f 854/854/854 853/853/853 859/859/859
f 854/854/854 859/859/859 857/857/857
f 853/853/853 858/858/858 859/859/859
f 855/855/855 857/857/857 860/860/860
f 856/856/856 855/855/855 861/861/861
f 855/855/855 860/860/860 861/861/861
f 857/857/857 859/859/859 862/862/862
f 857/857/857 862/862/862 860/860/860
f 858/858/858 856/856/856 863/863/863
f 856/856/856 861/861/861 863/863/863
f 859/859/859 858/858/858 864/864/864
f 859/859/859 864/864/864 862/862/862
f 858/858/858 863/863/863 864/864/864
f 863/863/863 861/861/861 865/865/865
f 863/863/863 865/865/865 866/866/866
f 864/864/864 863/863/863 866/866/866
f 864/864/864 866/866/866 867/867/867
f 862/862/862 864/864/864 867/867/867
f 861/861/861 868/868/868 865/865/865
f 861/861/861 860/860/860 868/868/868
f 862/862/862 867/867/867 869/869/869
f 860/860/860 862/862/862 869/869/869
f 860/860/860 869/869/869 868/868/868
f 869/869/869 870/870/870 868/868/868
f 868/868/868 870/870/870 871/871/871
f 871/871/871 870/870/870 872/872/872
f 875/875/875 874/874/874 873/873/873
f 874/874/874 876/876/876 873/873/873
f 876/876/876 874/874/874 877/877/877
f 877/877/877 874/874/874 878/878/878
f 874/874/874 879/879/879 878/878/878
f 874/874/874 880/880/880 879/879/879
f 877/877/877 878/878/878 881/881/881
f 882/882/882 877/877/877 881/881/881
f 880/880/880 883/883/883 879/879/879
f 880/880/880 884/884/884 883/883/883
f 884/884/884 882/882/882 885/885/885
f 882/882/882 881/881/881 885/885/885
f 884/884/884 885/885/885 883/883/883
f 878/878/878 879/879/879 886/886/886
f 881/881/881 878/878/878 887/887/887
f 878/878/878 886/886/886 887/887/887
f 879/879/879 883/883/883 888/888/888
f 879/879/879 888/888/888 886/886/886
f 885/885/885 881/881/881 889/889/889
f 881/881/881 887/887/887 889/889/889
f 883/883/883 885/885/885 890/890/890
f 883/883/883 890/890/890 888/888/888
f 885/885/885 889/889/889 890/890/890
f 886/886/886 888/888/888 891/891/891
f 887/887/887 886/886/886 892/892/892
f 886/886/886 891/891/891 892/892/892
f 888/888/888 890/890/890 893/893/893
f 888/888/888 893/893/893 891/891/891
f 889/889/889 887/887/887 894/894/894
f 887/887/887 892/892/892 894/894/894
f 890/890/890 889/889/889 895/895/895
f 890/890/890 895/895/895 893/893/893
f 889/889/889 894/894/894 895/895/895
f 891/891/891 893/893/893 896/896/896
f 892/892/892 891/891/891 897/897/897
f 891/891/891 896/896/896 897/897/897
f 893/893/893 895/895/895 898/898/898
f 893/893/893 898/898/898 896/896/896
f 894/894/894 892/892/892 899/899/899
f 892/892/892 897/897/897 899/899/899
f 895/895/895 894/894/894 900/900/900
f 895/895/895 900/900/900 898/898/898
f 894/894/894 899/899/899 900/900/900
f 896/896/896 898/898/898 901/901/901
f 897/897/897 896/896/896 902/902/902
f 896/896/896 901/901/901 902/902/902
f 898/898/898 900/900/900 903/903/903
f 898/898/898 903/903/903 901/901/901
f 899/899/899 897/897/897 904/904/904
f 897/897/897 902/902/902 904/904/904
f 900/900/900 899/899/899 905/905/905
f 900/900/900 905/905/905 903/903/903
f 899/899/899 904/904/904 905/905/905
f 901/901/901 903/903/903 906/906/906
f 902/902/902 901/901/901 907/907/907
f 901/901/901 906/906/906 907/907/907
f 903/903/903 905/905/905 908/908/908
f 903/903/903 908/908/908 906/906/906
f 904/904/904 902/902/902 909/909/909
f 902/902/902 907/907/907 909/909/909
f 905/905/905 904/904/904 910/910/910
f 905/905/905 910/910/910 908/908/908
f 904/904/904 909/909/909 910/910/910
f 906/906/906 908/908/908 911/911/911
f 907/907/907 906/906/906 912/912/912
f 906/906/906 911/911/911 912/912/912
f 908/908/908 910/910/910 913/913/913
f 908/908/908 913/913/913 911/911/911
f 909/909/909 907/907/907 914/914/914
f 907/907/907 912/912/912 914/914/914
f 910/910/910 909/909/909 915/915/915
f 910/910/910 915/915/915 913/913/913
f 909/909/909 914/914/914 915/915/915
f 911/911/911 913/913/913 916/916/916
f 912/912/912 911/911/911 917/917/917
f 911/911/911 916/916/916 917/917/917
f 913/913/913 915/915/915 918/918/918
f 913/913/913 918/918/918 916/916/916
f 914/914/914 912/912/912 919/919/919
f 912/912/912 917/917/917 919/919/919
f 915/915/915 914/914/914 920/920/920
f 915/915/915 920/920/920 918/918/918
f 914/914/914 919/919/919 920/920/920
f 916/916/916 918/918/918 921/921/921
f 917/917/917 916/916/916 922/922/922
f 916/916/916 921/921/921 922/922/922
f 918/918/918 920/920/920 923/923/923
f 918/918/918 923/923/923 921/921/921
f 919/919/919 917/917/917 924/924/924
f 917/917/917 922/922/922 924/924/924
f 920/920/920 919/919/919 925/925/925
f 920/920/920 925/925/925 923/923/923
f 919/919/919 924/924/924 925/925/925
f 921/921/921 923/923/923 926/926/926
f 922/922/922 921/921/921 927/927/927
f 921/921/921 926/926/926 927/927/927
f 923/923/923 925/925/925 928/928/928
f 923/923/923 928/928/928 926/926/926
f 924/924/924 922/922/922 929/929/929
f 922/922/922 927/927/927 929/929/929
f 925/925/925 924/924/924 930/930/930
f 925/925/925 930/930/930 928/928/928
f 924/924/924 929/929/929 930/930/930
f 926/926/926 928/928/928 931/931/931
f 927/927/927 926/926/926 932/932/932
f 926/926/926 931/931/931 932/932/932
f 928/928/928 930/930/930 933/933/933
f 928/928/928 933/933/933 931/931/931
f 929/929/929 927/927/927 934/934/934
f 927/927/927 932/932/932 934/934/934
f 930/930/930 929/929/929 935/935/935
f 930/930/930 935/935/935 933/933/933
f 929/929/929 934/934/934 935/935/935
f 931/931/931 933/933/933 936/936/936
f 932/932/932 931/931/931 937/937/937
f 931/931/931 936/936/936 937/937/937
f 933/933/933 935/935/935 938/938/938
f 933/933/933 938/938/938 936/936/936
f 934/934/934 932/932/932 939/939/939
f 932/932/932 937/937/937 939/939/939
f 935/935/935 934/934/934 940/940/940
f 935/935/935 940/940/940 938/938/938
f 934/934/934 939/939/939 940/940/940
f 936/936/936 938/938/938 941/941/941
f 937/937/937 936/936/936 942/942/942
f 936/936/936 941/941/941 942/942/942
f 938/938/938 940/940/940 943/943/943
f 938/938/938 943/943/943 941/941/941
f 939/939/939 937/937/937 944/944/944
f 937/937/937 942/942/942 944/944/944
f 940/940/940 939/939/939 945/945/945
f 940/940/940 945/945/945 943/943/943
f 939/939/939 944/944/944 945/945/945
f 941/941/941 943/943/943 946/946/946
f 942/942/942 941/941/941 947/947/947
f 941/941/941 946/946/946 947/947/947
f 943/943/943 945/945/945 948/948/948
f 943/943/943 948/948/948 946/946/946
f 944/944/944 942/942/942 949/949/949
f 942/942/942 947/947/947 949/949/949
f 945/945/945 944/944/944 950/950/950
f 945/945/945 950/950/950 948/948/948
f 944/944/944 949/949/949 950/950/950
f 946/946/946 948/948/948 951/951/951
f 947/947/947 946/946/946 952/952/952
f 946/946/946 951/951/951 952/952/952
f 948/948/948 950/950/950 953/953/953
f 948/948/948 953/953/953 951/951/951
f 949/949/949 947/947/947 954/954/954
f 947/947/947 952/952/952 954/954/954
f 950/950/950 949/949/949 955/955/955
f 950/950/950 955/955/955 953/953/953
f 949/949/949 954/954/954 955/955/955
f 951/951/951 953/953/953 956/956/956
f 952/952/952 951/951/951 957/957/957
f 951/951/951 956/956/956 957/957/957
f 953/953/953 955/955/955 958/958/958
f 953/953/953 958/958/958 956/956/956
f 954/954/954 952/952/952 959/959/959
f 952/952/952 957/957/957 959/959/959
f 955/955/955 954/954/954 960/960/960
f 955/955/955 960/960/960 958/958/958
f 954/954/954 959/959/959 960/960/960
f 956/956/956 958/958/958 961/961/961
f 957/957/957 956/956/956 962/962/962
f 956/956/956 961/961/961 962/962/962
f 958/958/958 960/960/960 963/963/963
f 958/958/958 963/963/963 961/961/961
f 959/959/959 957/957/957 964/964/964
f 957/957/957 962/962/962 964/964/964
f 960/960/960 959/959/959 965/965/965
f 960/960/960 965/965/965 963/963/963
f 959/959/959 964/964/964 965/965/965
f 961/961/961 963/963/963 966/966/966
f 962/962/962 961/961/961 967/967/967
f 961/961/961 966/966/966 967/967/967
f 963/963/963 965/965/965 968/968/968
f 963/963/963 968/968/968 966/966/966
f 964/964/964 962/962/962 969/969/969
f 962/962/962 967/967/967 969/969/969
f 965/965/965 964/964/964 970/970/970
f 965/965/965 970/970/970 968/968/968
f 964/964/964 969/969/969 970/970/970
f 966/966/966 968/968/968 971/971/971
f 967/967/967 966/966/966 972/972/972
f 966/966/966 971/971/971 972/972/972
f 968/968/968 970/970/970 973/973/973
f 968/968/968 973/973/973 971/971/971
f 969/969/969 967/967/967 974/974/974
f 967/967/967 972/972/972 974/974/974
f 970/970/970 969/969/969 975/975/975
f 970/970/970 975/975/975 973/973/973
f 969/969/969 974/974/974 975/975/975
f 971/971/971 973/973/973 976/976/976
f 972/972/972 971/971/971 977/977/977
f 971/971/971 976/976/976 977/977/977
f 973/973/973 975/975/975 978/978/978
f 973/973/973 978/978/978 976/976/976
f 974/974/974 972/972/972 979/979/979
f 972/972/972 977/977/977 979/979/979
f 975/975/975 974/974/974 980/980/980
f 975/975/975 980/980/980 978/978/978
f 974/974/974 979/979/979 980/980/980
f 976/976/976 978/978/978 981/981/981
f 977/977/977 976/976/976 982/982/982
f 976/976/976 981/981/981 982/982/982
f 978/978/978 980/980/980 983/983/983
f 978/978/978 983/983/983 981/981/981
f 979/979/979 977/977/977 984/984/984
f 977/977/977 982/982/982 984/984/984
f 980/980/980 979/979/979 985/985/985
f 980/980/980 985/985/985 983/983/983
f 979/979/979 984/984/984 985/985/985
f 981/981/981 983/983/983 986/986/986
f 982/982/982 981/981/981 987/987/987
f 981/981/981 986/986/986 987/987/987
f 983/983/983 985/985/985 988/988/988
f 983/983/983 988/988/988 986/986/986
f 984/984/984 982/982/982 989/989/989
f 982/982/982 987/987/987 989/989/989
f 985/985/985 984/984/984 990/990/990
f 985/985/985 990/990/990 988/988/988
f 984/984/984 989/989/989 990/990/990
f 986/986/986 988/988/988 991/991/991
f 987/987/987 986/986/986 992/992/992
f 986/986/986 991/991/991 992/992/992
f 988/988/988 990/990/990 993/993/993
f 988/988/988 993/993/993 991/991/991
f 989/989/989 987/987/987 994/994/994
f 987/987/987 992/992/992 994/994/994
f 990/990/990 989/989/989 995/995/995
f 990/990/990 995/995/995 993/993/993
f 989/989/989 994/994/994 995/995/995
f 991/991/991 993/993/993 996/996/996
f 992/992/992 991/991/991 997/997/997
f 991/991/991 996/996/996 997/997/997
f 993/993/993 995/995/995 998/998/998
f 993/993/993 998/998/998 996/996/996
f 994/994/994 992/992/992 999/999/999
f 992/992/992 997/997/997 999/999/999
f 995/995/995 994/994/994 1000/1000/1000
f 995/995/995 1000/1000/1000 998/998/998
f 994/994/994 999/999/999 1000/1000/1000
f 996/996/996 998/998/998 1001/1001/1001
f 997/997/997 996/996/996 1002/1002/1002
f 996/996/996 1001/1001/1001 1002/1002/1002
f 998/998/998 1000/1000/1000 1003/1003/1003
f 998/998/998 1003/1003/1003 1001/1001/1001
f 999/999/999 997/997/997 1004/1004/1004
f 997/997/997 1002/1002/1002 1004/1004/1004
f 1000/1000/1000 999/999/999 1005/1005/1005
f 1000/1000/1000 1005/1005/1005 1003/1003/1003
f 999/999/999 1004/1004/1004 1005/1005/1005
f 1001/1001/1001 1003/1003/1003 1006/1006/1006
f 1002/1002/1002 1001/1001/1001 1007/1007/1007
f 1001/1001/1001 1006/1006/1006 1007/1007/1007
f 1003/1003/1003 1005/1005/1005 1008/1008/1008
f 1003/1003/1003 1008/1008/1008 1006/1006/1006
f 1004/1004/1004 1002/1002/1002 1009/1009/1009
f 1002/1002/1002 1007/1007/1007 1009/1009/1009
f 1005/1005/1005 1004/1004/1004 1010/1010/1010
f 1005/1005/1005 1010/1010/1010 1008/1008/1008
f 1004/1004/1004 1009/1009/1009 1010/1010/1010
f 1006/1006/1006 1008/1008/1008 1011/1011/1011
f 1007/1007/1007 1006/1006/1006 1012/1012/1012
f 1006/1006/1006 1011/1011/1011 1012/1012/1012
f 1008/1008/1008 1010/1010/1010 1013/1013/1013
f 1008/1008/1008 1013/1013/1013 1011/1011/1011
f 1009/1009/1009 1007/1007/1007 1014/1014/1014
f 1007/1007/1007 1012/1012/1012 1014/1014/1014
f 1010/1010/1010 1009/1009/1009 1015/1015/1015
f 1010/1010/1010 1015/1015/1015 1013/1013/1013
f 1009/1009/1009 1014/1014/1014 1015/1015/1015
f 1011/1011/1011 1013/1013/1013 1016/1016/1016
f 1011/1011/1011 1016/1016/1016 1017/1017/1017
f 1012/1012/1012 1011/1011/1011 1017/1017/1017
f 1012/1012/1012 1017/1017/1017 1018/1018/1018
f 1014/1014/1014 1012/1012/1012 1018/1018/1018
f 1013/1013/1013 1019/1019/1019 1016/1016/1016
f 1013/1013/1013 1015/1015/1015 1019/1019/1019
f 1014/1014/1014 1018/1018/1018 1020/1020/1020
f 1015/1015/1015 1014/1014/1014 1020/1020/1020
f 1015/1015/1015 1020/1020/1020 1019/1019/1019
f 1021/1021/1021 1019/1019/1019 1020/1020/1020
f 1024/1024/1024 1023/1023/1023 1022/1022/1022
f 1022/1022/1022 1023/1023/1023 1025/1025/1025
f 1028/1028/1028 1027/1027/1027 1026/1026/1026
f 1027/1027/1027 1028/1028/1028 1029/1029/1029
f 1030/1030/1030 1027/1027/1027 1029/1029/1029
f 1030/1030/1030 1029/1029/1029 1031/1031/1031
f 1029/1029/1029 1032/1032/1032 1031/1031/1031
f 1029/1029/1029 1033/1033/1033 1032/1032/1032
f 1030/1030/1030 1031/1031/1031 1034/1034/1034
f 1035/1035/1035 1032/1032/1032 1031/1031/1031
f 1036/1036/1036 1032/1032/1032 1031/1031/1031
f 1033/1033/1033 1037/1037/1037 1032/1032/1032
f 1038/1038/1038 1030/1030/1030 1034/1034/1034
f 1033/1033/1033 1039/1039/1039 1037/1037/1037
f 1038/1038/1038 1034/1034/1034 1040/1040/1040
f 1039/1039/1039 1038/1038/1038 1040/1040/1040
f 1039/1039/1039 1040/1040/1040 1037/1037/1037
f 1041/1041/1041 1034/1034/1034 1040/1040/1040
f 1042/1042/1042 1034/1034/1034 1040/1040/1040
f 1043/1043/1043 1037/1037/1037 1032/1032/1032
f 1035/1035/1035 1043/1043/1043 1032/1032/1032
f 1035/1035/1035 1041/1041/1041 1043/1043/1043
f 1043/1043/1043 1044/1044/1044 1037/1037/1037
f 1043/1043/1043 1041/1041/1041 1044/1044/1044
f 1044/1044/1044 1041/1041/1041 1040/1040/1040
f 1044/1044/1044 1040/1040/1040 1037/1037/1037
f 1035/1035/1035 1045/1045/1045 1041/1041/1041
f 1045/1045/1045 1035/1035/1035 1031/1031/1031
f 1041/1041/1041 1045/1045/1045 1034/1034/1034
f 1045/1045/1045 1031/1031/1031 1034/1034/1034
f 1036/1036/1036 1046/1046/1046 1032/1032/1032
f 1036/1036/1036 1042/1042/1042 1046/1046/1046
f 1046/1046/1046 1037/1037/1037 1032/1032/1032
f 1047/1047/1047 1036/1036/1036 1031/1031/1031
f 1036/1036/1036 1047/1047/1047 1042/1042/1042
f 1042/1042/1042 1047/1047/1047 1034/1034/1034
f 1047/1047/1047 1031/1031/1031 1034/1034/1034
f 1046/1046/1046 1042/1042/1042 1048/1048/1048
f 1048/1048/1048 1042/1042/1042 1040/1040/1040
f 1046/1046/1046 1048/1048/1048 1037/1037/1037
f 1048/1048/1048 1040/1040/1040 1037/1037/1037
f 1031/1031/1031 1032/1032/1032 1049/1049/1049
f 1034/1034/1034 1031/1031/1031 1050/1050/1050
f 1050/1050/1050 1031/1031/1031 1049/1049/1049
f 1032/1032/1032 1037/1037/1037 1051/1051/1051
f 1049/1049/1049 1032/1032/1032 1051/1051/1051
f 1040/1040/1040 1034/1034/1034 1052/1052/1052
f 1052/1052/1052 1034/1034/1034 1050/1050/1050
f 1037/1037/1037 1040/1040/1040 1053/1053/1053
f 1051/1051/1051 1037/1037/1037 1053/1053/1053
f 1053/1053/1053 1040/1040/1040 1052/1052/1052
f 1049/1049/1049 1051/1051/1051 1054/1054/1054
f 1050/1050/1050 1049/1049/1049 1055/1055/1055
f 1049/1049/1049 1054/1054/1054 1055/1055/1055
f 1052/1052/1052 1050/1050/1050 1056/1056/1056
f 1050/1050/1050 1055/1055/1055 1056/1056/1056
f 1053/1053/1053 1052/1052/1052 1057/1057/1057
f 1052/1052/1052 1056/1056/1056 1057/1057/1057
f 1051/1051/1051 1053/1053/1053 1058/1058/1058
f 1051/1051/1051 1058/1058/1058 1054/1054/1054
f 1053/1053/1053 1057/1057/1057 1058/1058/1058
f 1055/1055/1055 1054/1054/1054 1059/1059/1059
f 1056/1056/1056 1055/1055/1055 1060/1060/1060
f 1055/1055/1055 1059/1059/1059 1060/1060/1060
f 1054/1054/1054 1058/1058/1058 1061/1061/1061
f 1054/1054/1054 1061/1061/1061 1059/1059/1059
f 1057/1057/1057 1056/1056/1056 1062/1062/1062
f 1056/1056/1056 1060/1060/1060 1062/1062/1062
f 1058/1058/1058 1057/1057/1057 1063/1063/1063
f 1058/1058/1058 1063/1063/1063 1061/1061/1061
f 1057/1057/1057 1062/1062/1062 1063/1063/1063
f 1059/1059/1059 1061/1061/1061 1064/1064/1064
f 1060/1060/1060 1059/1059/1059 1065/1065/1065
f 1059/1059/1059 1064/1064/1064 1065/1065/1065
f 1061/1061/1061 1063/1063/1063 1066/1066/1066
f 1061/1061/1061 1066/1066/1066 1064/1064/1064
f 1062/1062/1062 1060/1060/1060 1067/1067/1067
f 1060/1060/1060 1065/1065/1065 1067/1067/1067
f 1063/1063/1063 1062/1062/1062 1068/1068/1068
f 1063/1063/1063 1068/1068/1068 1066/1066/1066
f 1062/1062/1062 1067/1067/1067 1068/1068/1068
f 1064/1064/1064 1066/1066/1066 1069/1069/1069
f 1065/1065/1065 1064/1064/1064 1070/1070/1070
f 1064/1064/1064 1069/1069/1069 1070/1070/1070
f 1066/1066/1066 1068/1068/1068 1071/1071/1071
f 1066/1066/1066 1071/1071/1071 1069/1069/1069
f 1067/1067/1067 1065/1065/1065 1072/1072/1072
f 1065/1065/1065 1070/1070/1070 1072/1072/1072
f 1068/1068/1068 1067/1067/1067 1073/1073/1073
f 1068/1068/1068 1073/1073/1073 1071/1071/1071
f 1067/1067/1067 1072/1072/1072 1073/1073/1073
f 1069/1069/1069 1071/1071/1071 1074/1074/1074
f 1070/1070/1070 1069/1069/1069 1075/1075/1075
f 1069/1069/1069 1074/1074/1074 1075/1075/1075
f 1071/1071/1071 1073/1073/1073 1076/1076/1076
f 1071/1071/1071 1076/1076/1076 1074/1074/1074
f 1072/1072/1072 1070/1070/1070 1077/1077/1077
f 1070/1070/1070 1075/1075/1075 1077/1077/1077
f 1073/1073/1073 1072/1072/1072 1078/1078/1078
f 1073/1073/1073 1078/1078/1078 1076/1076/1076
f 1072/1072/1072 1077/1077/1077 1078/1078/1078
f 1074/1074/1074 1076/1076/1076 1079/1079/1079
f 1075/1075/1075 1074/1074/1074 1080/1080/1080
f 1074/1074/1074 1079/1079/1079 1080/1080/1080
f 1076/1076/1076 1078/1078/1078 1081/1081/1081
f 1076/1076/1076 1081/1081/1081 1079/1079/1079
f 1077/1077/1077 1075/1075/1075 1082/1082/1082
f 1075/1075/1075 1080/1080/1080 1082/1082/1082
f 1078/1078/1078 1077/1077/1077 1083/1083/1083
f 1078/1078/1078 1083/1083/1083 1081/1081/1081
f 1077/1077/1077 1082/1082/1082 1083/1083/1083
f 1079/1079/1079 1081/1081/1081 1084/1084/1084
f 1080/1080/1080 1079/1079/1079 1085/1085/1085
f 1079/1079/1079 1084/1084/1084 1085/1085/1085
f 1081/1081/1081 1083/1083/1083 1086/1086/1086
f 1081/1081/1081 1086/1086/1086 1084/1084/1084
f 1082/1082/1082 1080/1080/1080 1087/1087/1087
f 1080/1080/1080 1085/1085/1085 1087/1087/1087
f 1083/1083/1083 1082/1082/1082 1088/1088/1088
f 1083/1083/1083 1088/1088/1088 1086/1086/1086
f 1082/1082/1082 1087/1087/1087 1088/1088/1088
f 1084/1084/1084 1086/1086/1086 1089/1089/1089
f 1085/1085/1085 1084/1084/1084 1090/1090/1090
f 1084/1084/1084 1089/1089/1089 1090/1090/1090
f 1086/1086/1086 1088/1088/1088 1091/1091/1091
f 1086/1086/1086 1091/1091/1091 1089/1089/1089
f 1087/1087/1087 1085/1085/1085 1092/1092/1092
f 1085/1085/1085 1090/1090/1090 1092/1092/1092
f 1088/1088/1088 1087/1087/1087 1093/1093/1093
f 1088/1088/1088 1093/1093/1093 1091/1091/1091
f 1087/1087/1087 1092/1092/1092 1093/1093/1093
f 1089/1089/1089 1091/1091/1091 1094/1094/1094
f 1090/1090/1090 1089/1089/1089 1095/1095/1095
f 1089/1089/1089 1094/1094/1094 1095/1095/1095
f 1091/1091/1091 1093/1093/1093 1096/1096/1096
f 1091/1091/1091 1096/1096/1096 1094/1094/1094
f 1092/1092/1092 1090/1090/1090 1097/1097/1097
f 1090/1090/1090 1095/1095/1095 1097/1097/1097
f 1093/1093/1093 1092/1092/1092 1098/1098/1098
f 1093/1093/1093 1098/1098/1098 1096/1096/1096
f 1092/1092/1092 1097/1097/1097 1098/1098/1098
f 1094/1094/1094 1096/1096/1096 1099/1099/1099
f 1095/1095/1095 1094/1094/1094 1100/1100/1100
f 1094/1094/1094 1099/1099/1099 1100/1100/1100
f 1096/1096/1096 1098/1098/1098 1101/1101/1101
f 1096/1096/1096 1101/1101/1101 1099/1099/1099
f 1097/1097/1097 1095/1095/1095 1102/1102/1102
f 1095/1095/1095 1100/1100/1100 1102/1102/1102
f 1098/1098/1098 1097/1097/1097 1103/1103/1103
f 1098/1098/1098 1103/1103/1103 1101/1101/1101
f 1097/1097/1097 1102/1102/1102 1103/1103/1103
f 1099/1099/1099 1101/1101/1101 1104/1104/1104
f 1100/1100/1100 1099/1099/1099 1105/1105/1105
f 1099/1099/1099 1104/1104/1104 1105/1105/1105
f 1101/1101/1101 1103/1103/1103 1106/1106/1106
f 1101/1101/1101 1106/1106/1106 1104/1104/1104
f 1102/1102/1102 1100/1100/1100 1107/1107/1107
f 1100/1100/1100 1105/1105/1105 1107/1107/1107
f 1103/1103/1103 1102/1102/1102 1108/1108/1108
f 1103/1103/1103 1108/1108/1108 1106/1106/1106
f 1102/1102/1102 1107/1107/1107 1108/1108/1108
f 1104/1104/1104 1106/1106/1106 1109/1109/1109
f 1105/1105/1105 1104/1104/1104 1110/1110/1110
f 1104/1104/1104 1109/1109/1109 1110/1110/1110
f 1106/1106/1106 1108/1108/1108 1111/1111/1111
f 1106/1106/1106 1111/1111/1111 1109/1109/1109
f 1107/1107/1107 1105/1105/1105 1112/1112/1112
f 1105/1105/1105 1110/1110/1110 1112/1112/1112
f 1108/1108/1108 1107/1107/1107 1113/1113/1113
f 1108/1108/1108 1113/1113/1113 1111/1111/1111
f 1107/1107/1107 1112/1112/1112 1113/1113/1113
f 1109/1109/1109 1111/1111/1111 1114/1114/1114
f 1110/1110/1110 1109/1109/1109 1115/1115/1115
f 1109/1109/1109 1114/1114/1114 1115/1115/1115
f 1111/1111/1111 1113/1113/1113 1116/1116/1116
f 1111/1111/1111 1116/1116/1116 1114/1114/1114
f 1112/1112/1112 1110/1110/1110 1117/1117/1117
f 1110/1110/1110 1115/1115/1115 1117/1117/1117
f 1113/1113/1113 1112/1112/1112 1118/1118/1118
f 1113/1113/1113 1118/1118/1118 1116/1116/1116
f 1112/1112/1112 1117/1117/1117 1118/1118/1118
f 1114/1114/1114 1116/1116/1116 1119/1119/1119
f 1115/1115/1115 1114/1114/1114 1120/1120/1120
f 1114/1114/1114 1119/1119/1119 1120/1120/1120
f 1116/1116/1116 1118/1118/1118 1121/1121/1121
f 1116/1116/1116 1121/1121/1121 1119/1119/1119
f 1117/1117/1117 1115/1115/1115 1122/1122/1122
f 1115/1115/1115 1120/1120/1120 1122/1122/1122
f 1118/1118/1118 1117/1117/1117 1123/1123/1123
f 1118/1118/1118 1123/1123/1123 1121/1121/1121
f 1117/1117/1117 1122/1122/1122 1123/1123/1123
f 1119/1119/1119 1121/1121/1121 1124/1124/1124
f 1120/1120/1120 1119/1119/1119 1125/1125/1125
f 1119/1119/1119 1124/1124/1124 1125/1125/1125
f 1121/1121/1121 1123/1123/1123 1126/1126/1126
f 1121/1121/1121 1126/1126/1126 1124/1124/1124
f 1122/1122/1122 1120/1120/1120 1127/1127/1127
f 1120/1120/1120 1125/1125/1125 1127/1127/1127
f 1123/1123/1123 1122/1122/1122 1128/1128/1128
f 1123/1123/1123 1128/1128/1128 1126/1126/1126
f 1122/1122/1122 1127/1127/1127 1128/1128/1128
f 1124/1124/1124 1126/1126/1126 1129/1129/1129
f 1125/1125/1125 1124/1124/1124 1130/1130/1130
f 1124/1124/1124 1129/1129/1129 1130/1130/1130
f 1126/1126/1126 1128/1128/1128 1131/1131/1131
f 1126/1126/1126 1131/1131/1131 1129/1129/1129
f 1127/1127/1127 1125/1125/1125 1132/1132/1132
f 1125/1125/1125 1130/1130/1130 1132/1132/1132
f 1128/1128/1128 1127/1127/1127 1133/1133/1133
f 1128/1128/1128 1133/1133/1133 1131/1131/1131
f 1127/1127/1127 1132/1132/1132 1133/1133/1133
f 1129/1129/1129 1131/1131/1131 1134/1134/1134
f 1130/1130/1130 1129/1129/1129 1135/1135/1135
f 1129/1129/1129 1134/1134/1134 1135/1135/1135
f 1131/1131/1131 1133/1133/1133 1136/1136/1136
f 1131/1131/1131 1136/1136/1136 1134/1134/1134
f 1132/1132/1132 1130/1130/1130 1137/1137/1137
f 1130/1130/1130 1135/1135/1135 1137/1137/1137
f 1133/1133/1133 1132/1132/1132 1138/1138/1138
f 1133/1133/1133 1138/1138/1138 1136/1136/1136
f 1132/1132/1132 1137/1137/1137 1138/1138/1138
f 1134/1134/1134 1136/1136/1136 1139/1139/1139
f 1135/1135/1135 1134/1134/1134 1140/1140/1140
f 1134/1134/1134 1139/1139/1139 1140/1140/1140
f 1136/1136/1136 1138/1138/1138 1141/1141/1141
f 1136/1136/1136 1141/1141/1141 1139/1139/1139
f 1137/1137/1137 1135/1135/1135 1142/1142/1142
f 1135/1135/1135 1140/1140/1140 1142/1142/1142
f 1138/1138/1138 1137/1137/1137 1143/1143/1143
f 1138/1138/1138 1143/1143/1143 1141/1141/1141
f 1137/1137/1137 1142/1142/1142 1143/1143/1143
f 1139/1139/1139 1141/1141/1141 1144/1144/1144
f 1140/1140/1140 1139/1139/1139 1145/1145/1145
f 1139/1139/1139 1144/1144/1144 1145/1145/1145
f 1141/1141/1141 1143/1143/1143 1146/1146/1146
f 1141/1141/1141 1146/1146/1146 1144/1144/1144
f 1142/1142/1142 1140/1140/1140 1147/1147/1147
f 1140/1140/1140 1145/1145/1145 1147/1147/1147
f 1143/1143/1143 1142/1142/1142 1148/1148/1148
f 1143/1143/1143 1148/1148/1148 1146/1146/1146
f 1142/1142/1142 1147/1147/1147 1148/1148/1148
f 1144/1144/1144 1146/1146/1146 1149/1149/1149
f 1145/1145/1145 1144/1144/1144 1150/1150/1150
f 1144/1144/1144 1149/1149/1149 1150/1150/1150
f 1146/1146/1146 1148/1148/1148 1151/1151/1151
f 1146/1146/1146 1151/1151/1151 1149/1149/1149
f 1147/1147/1147 1145/1145/1145 1152/1152/1152
f 1145/1145/1145 1150/1150/1150 1152/1152/1152
f 1148/1148/1148 1147/1147/1147 1153/1153/1153
f 1148/1148/1148 1153/1153/1153 1151/1151/1151
f 1147/1147/1147 1152/1152/1152 1153/1153/1153
f 1149/1149/1149 1151/1151/1151 1154/1154/1154
f 1150/1150/1150 1149/1149/1149 1155/1155/1155
f 1149/1149/1149 1154/1154/1154 1155/1155/1155
f 1151/1151/1151 1153/1153/1153 1156/1156/1156
f 1151/1151/1151 1156/1156/1156 1154/1154/1154
f 1152/1152/1152 1150/1150/1150 1157/1157/1157
f 1150/1150/1150 1155/1155/1155 1157/1157/1157
f 1153/1153/1153 1152/1152/1152 1158/1158/1158
f 1153/1153/1153 1158/1158/1158 1156/1156/1156
f 1152/1152/1152 1157/1157/1157 1158/1158/1158
f 1154/1154/1154 1156/1156/1156 1159/1159/1159
f 1155/1155/1155 1154/1154/1154 1160/1160/1160
f 1154/1154/1154 1159/1159/1159 1160/1160/1160
f 1156/1156/1156 1158/1158/1158 1161/1161/1161
f 1156/1156/1156 1161/1161/1161 1159/1159/1159
f 1157/1157/1157 1155/1155/1155 1162/1162/1162
f 1155/1155/1155 1160/1160/1160 1162/1162/1162
f 1158/1158/1158 1157/1157/1157 1163/1163/1163
f 1158/1158/1158 1163/1163/1163 1161/1161/1161
f 1157/1157/1157 1162/1162/1162 1163/1163/1163
f 1159/1159/1159 1161/1161/1161 1164/1164/1164
f 1160/1160/1160 1159/1159/1159 1165/1165/1165
f 1159/1159/1159 1164/1164/1164 1165/1165/1165
f 1161/1161/1161 1163/1163/1163 1166/1166/1166
f 1161/1161/1161 1166/1166/1166 1164/1164/1164
f 1162/1162/1162 1160/1160/1160 1167/1167/1167
f 1160/1160/1160 1165/1165/1165 1167/1167/1167
f 1163/1163/1163 1162/1162/1162 1168/1168/1168
f 1163/1163/1163 1168/1168/1168 1166/1166/1166
f 1162/1162/1162 1167/1167/1167 1168/1168/1168
f 1164/1164/1164 1166/1166/1166 1169/1169/1169
f 1165/1165/1165 1164/1164/1164 1170/1170/1170
f 1164/1164/1164 1169/1169/1169 1170/1170/1170
f 1166/1166/1166 1168/1168/1168 1171/1171/1171
f 1166/1166/1166 1171/1171/1171 1169/1169/1169
f 1167/1167/1167 1165/1165/1165 1172/1172/1172
f 1165/1165/1165 1170/1170/1170 1172/1172/1172
f 1168/1168/1168 1167/1167/1167 1173/1173/1173
f 1168/1168/1168 1173/1173/1173 1171/1171/1171
f 1167/1167/1167 1172/1172/1172 1173/1173/1173
f 1170/1170/1170 1169/1169/1169 1174/1174/1174
f 1170/1170/1170 1174/1174/1174 1175/1175/1175
f 1172/1172/1172 1170/1170/1170 1175/1175/1175
f 1172/1172/1172 1175/1175/1175 1176/1176/1176
f 1173/1173/1173 1172/1172/1172 1176/1176/1176
f 1169/1169/1169 1177/1177/1177 1174/1174/1174
f 1169/1169/1169 1171/1171/1171 1177/1177/1177
f 1173/1173/1173 1176/1176/1176 1178/1178/1178
f 1171/1171/1171 1173/1173/1173 1178/1178/1178
f 1171/1171/1171 1178/1178/1178 1177/1177/1177
f 1178/1178/1178 1179/1179/1179 1177/1177/1177
f 1180/1180/1180 1179/1179/1179 1178/1178/1178
f 1181/1181/1181 1179/1179/1179 1180/1180/1180
f 1184/1184/1184 1183/1183/1183 1182/1182/1182
f 1183/1183/1183 1185/1185/1185 1182/1182/1182
f 1183/1183/1183 1186/1186/1186 1185/1185/1185
f 1184/1184/1184 1182/1182/1182 1187/1187/1187
f 1188/1188/1188 1184/1184/1184 1187/1187/1187
f 1186/1186/1186 1189/1189/1189 1185/1185/1185
f 1186/1186/1186 1190/1190/1190 1189/1189/1189
f 1190/1190/1190 1188/1188/1188 1191/1191/1191
f 1190/1190/1190 1191/1191/1191 1189/1189/1189
f 1188/1188/1188 1187/1187/1187 1191/1191/1191
f 1182/1182/1182 1185/1185/1185 1192/1192/1192
f 1185/1185/1185 1189/1189/1189 1193/1193/1193
f 1185/1185/1185 1193/1193/1193 1192/1192/1192
f 1189/1189/1189 1191/1191/1191 1194/1194/1194
f 1189/1189/1189 1194/1194/1194 1193/1193/1193
f 1187/1187/1187 1182/1182/1182 1195/1195/1195
f 1182/1182/1182 1192/1192/1192 1195/1195/1195
f 1191/1191/1191 1187/1187/1187 1196/1196/1196
f 1191/1191/1191 1196/1196/1196 1194/1194/1194
f 1187/1187/1187 1195/1195/1195 1196/1196/1196
f 1192/1192/1192 1193/1193/1193 1197/1197/1197
f 1193/1193/1193 1194/1194/1194 1198/1198/1198
f 1193/1193/1193 1198/1198/1198 1197/1197/1197
f 1194/1194/1194 1196/1196/1196 1199/1199/1199
f 1194/1194/1194 1199/1199/1199 1198/1198/1198
f 1195/1195/1195 1192/1192/1192 1200/1200/1200
f 1192/1192/1192 1197/1197/1197 1200/1200/1200
f 1196/1196/1196 1195/1195/1195 1201/1201/1201
f 1196/1196/1196 1201/1201/1201 1199/1199/1199
f 1195/1195/1195 1200/1200/1200 1201/1201/1201
f 1197/1197/1197 1198/1198/1198 1202/1202/1202
f 1198/1198/1198 1199/1199/1199 1203/1203/1203
f 1198/1198/1198 1203/1203/1203 1202/1202/1202
f 1199/1199/1199 1201/1201/1201 1204/1204/1204
f 1199/1199/1199 1204/1204/1204 1203/1203/1203
f 1201/1201/1201 1205/1205/1205 1204/1204/1204
f 1204/1204/1204 1205/1205/1205 1203/1203/1203
f 1201/1201/1201 1200/1200/1200 1205/1205/1205
f 1203/1203/1203 1205/1205/1205 1202/1202/1202
f 1197/1197/1197 1202/1202/1202 1206/1206/1206
f 1200/1200/1200 1197/1197/1197 1206/1206/1206
f 1200/1200/1200 1206/1206/1206 1205/1205/1205
f 1202/1202/1202 1205/1205/1205 1206/1206/1206
f 1188/1188/1188 1208/1208/1208 1207/1207/1207
f 1208/1208/1208 1209/1209/1209 1207/1207/1207
f 1208/1208/1208 1210/1210/1210 1209/1209/1209
f 1188/1188/1188 1207/1207/1207 1211/1211/1211
f 1212/1212/1212 1188/1188/1188 1211/1211/1211
f 1210/1210/1210 1213/1213/1213 1209/1209/1209
f 1210/1210/1210 1214/1214/1214 1213/1213/1213
f 1214/1214/1214 1212/1212/1212 1215/1215/1215
f 1212/1212/1212 1211/1211/1211 1215/1215/1215
f 1214/1214/1214 1215/1215/1215 1213/1213/1213
f 1207/1207/1207 1209/1209/1209 1216/1216/1216
f 1211/1211/1211 1207/1207/1207 1217/1217/1217
f 1207/1207/1207 1216/1216/1216 1217/1217/1217
f 1209/1209/1209 1213/1213/1213 1218/1218/1218
f 1209/1209/1209 1218/1218/1218 1216/1216/1216
f 1215/1215/1215 1211/1211/1211 1219/1219/1219
f 1211/1211/1211 1217/1217/1217 1219/1219/1219
f 1213/1213/1213 1215/1215/1215 1220/1220/1220
f 1213/1213/1213 1220/1220/1220 1218/1218/1218
f 1215/1215/1215 1219/1219/1219 1220/1220/1220
f 1216/1216/1216 1218/1218/1218 1221/1221/1221
f 1217/1217/1217 1216/1216/1216 1222/1222/1222
f 1216/1216/1216 1221/1221/1221 1222/1222/1222
f 1218/1218/1218 1220/1220/1220 1223/1223/1223
f 1218/1218/1218 1223/1223/1223 1221/1221/1221
f 1219/1219/1219 1217/1217/1217 1224/1224/1224
f 1217/1217/1217 1222/1222/1222 1224/1224/1224
f 1220/1220/1220 1219/1219/1219 1225/1225/1225
f 1220/1220/1220 1225/1225/1225 1223/1223/1223
f 1219/1219/1219 1224/1224/1224 1225/1225/1225
f 1221/1221/1221 1223/1223/1223 1226/1226/1226
f 1222/1222/1222 1221/1221/1221 1227/1227/1227
f 1221/1221/1221 1226/1226/1226 1227/1227/1227
f 1223/1223/1223 1228/1228/1228 1226/1226/1226
f 1223/1223/1223 1225/1225/1225 1228/1228/1228
f 1228/1228/1228 1227/1227/1227 1226/1226/1226
f 1225/1225/1225 1229/1229/1229 1228/1228/1228
f 1225/1225/1225 1224/1224/1224 1229/1229/1229
f 1229/1229/1229 1227/1227/1227 1228/1228/1228
f 1222/1222/1222 1227/1227/1227 1230/1230/1230
f 1224/1224/1224 1222/1222/1222 1230/1230/1230
f 1224/1224/1224 1230/1230/1230 1229/1229/1229
f 1230/1230/1230 1227/1227/1227 1229/1229/1229
f 1233/1233/1233 1232/1232/1232 1231/1231/1231
f 1234/1234/1234 1233/1233/1233 1231/1231/1231
f 1232/1232/1232 1235/1235/1235 1231/1231/1231
f 1234/1234/1234 1231/1231/1231 1235/1235/1235
f 1233/1233/1233 1236/1236/1236 1232/1232/1232
f 1237/1237/1237 1235/1235/1235 1232/1232/1232
f 1236/1236/1236 1237/1237/1237 1232/1232/1232
f 1238/1238/1238 1235/1235/1235 1237/1237/1237
f 1239/1239/1239 1238/1238/1238 1237/1237/1237
f 1236/1236/1236 1239/1239/1239 1237/1237/1237
f 1240/1240/1240 1235/1235/1235 1238/1238/1238
f 1240/1240/1240 1234/1234/1234 1235/1235/1235
f 1239/1239/1239 1240/1240/1240 1238/1238/1238
f 1241/1241/1241 1236/1236/1236 1233/1233/1233
f 1242/1242/1242 1233/1233/1233 1234/1234/1234
f 1242/1242/1242 1241/1241/1241 1233/1233/1233
f 1243/1243/1243 1234/1234/1234 1240/1240/1240
f 1243/1243/1243 1242/1242/1242 1234/1234/1234
f 1244/1244/1244 1240/1240/1240 1239/1239/1239
f 1244/1244/1244 1243/1243/1243 1240/1240/1240
f 1245/1245/1245 1239/1239/1239 1236/1236/1236
f 1241/1241/1241 1245/1245/1245 1236/1236/1236
f 1245/1245/1245 1244/1244/1244 1239/1239/1239
f 1246/1246/1246 1241/1241/1241 1242/1242/1242
f 1247/1247/1247 1242/1242/1242 1243/1243/1243
f 1247/1247/1247 1246/1246/1246 1242/1242/1242
f 1248/1248/1248 1243/1243/1243 1244/1244/1244
f 1248/1248/1248 1247/1247/1247 1243/1243/1243
f 1249/1249/1249 1244/1244/1244 1245/1245/1245
f 1249/1249/1249 1248/1248/1248 1244/1244/1244
f 1250/1250/1250 1245/1245/1245 1241/1241/1241
f 1246/1246/1246 1250/1250/1250 1241/1241/1241
f 1250/1250/1250 1249/1249/1249 1245/1245/1245
f 1251/1251/1251 1246/1246/1246 1247/1247/1247
f 1252/1252/1252 1247/1247/1247 1248/1248/1248
f 1252/1252/1252 1251/1251/1251 1247/1247/1247
f 1253/1253/1253 1248/1248/1248 1249/1249/1249
f 1253/1253/1253 1252/1252/1252 1248/1248/1248
f 1254/1254/1254 1249/1249/1249 1250/1250/1250
f 1254/1254/1254 1253/1253/1253 1249/1249/1249
f 1255/1255/1255 1250/1250/1250 1246/1246/1246
f 1251/1251/1251 1255/1255/1255 1246/1246/1246
f 1255/1255/1255 1254/1254/1254 1250/1250/1250
f 1252/1252/1252 1251/1251/1251 1256/1256/1256
f 1253/1253/1253 1252/1252/1252 1257/1257/1257
f 1252/1252/1252 1256/1256/1256 1257/1257/1257
f 1254/1254/1254 1253/1253/1253 1258/1258/1258
f 1253/1253/1253 1257/1257/1257 1258/1258/1258
f 1255/1255/1255 1254/1254/1254 1259/1259/1259
f 1254/1254/1254 1258/1258/1258 1259/1259/1259
f 1251/1251/1251 1255/1255/1255 1260/1260/1260
f 1251/1251/1251 1260/1260/1260 1256/1256/1256
f 1255/1255/1255 1259/1259/1259 1260/1260/1260
f 1257/1257/1257 1256/1256/1256 1261/1261/1261
f 1258/1258/1258 1257/1257/1257 1262/1262/1262
f 1257/1257/1257 1261/1261/1261 1262/1262/1262
f 1256/1256/1256 1260/1260/1260 1263/1263/1263
f 1256/1256/1256 1263/1263/1263 1261/1261/1261
f 1259/1259/1259 1258/1258/1258 1264/1264/1264
f 1258/1258/1258 1262/1262/1262 1264/1264/1264
f 1260/1260/1260 1259/1259/1259 1265/1265/1265
f 1260/1260/1260 1265/1265/1265 1263/1263/1263
f 1259/1259/1259 1264/1264/1264 1265/1265/1265
f 1261/1261/1261 1263/1263/1263 1266/1266/1266
f 1262/1262/1262 1261/1261/1261 1267/1267/1267
f 1261/1261/1261 1266/1266/1266 1267/1267/1267
f 1263/1263/1263 1265/1265/1265 1268/1268/1268
f 1263/1263/1263 1268/1268/1268 1266/1266/1266
f 1264/1264/1264 1262/1262/1262 1269/1269/1269
f 1262/1262/1262 1267/1267/1267 1269/1269/1269
f 1265/1265/1265 1264/1264/1264 1270/1270/1270
f 1265/1265/1265 1270/1270/1270 1268/1268/1268
f 1264/1264/1264 1269/1269/1269 1270/1270/1270
f 1266/1266/1266 1268/1268/1268 1271/1271/1271
f 1267/1267/1267 1266/1266/1266 1272/1272/1272
f 1266/1266/1266 1271/1271/1271 1272/1272/1272
f 1268/1268/1268 1273/1273/1273 1271/1271/1271
f 1268/1268/1268 1270/1270/1270 1273/1273/1273
f 1273/1273/1273 1272/1272/1272 1271/1271/1271
f 1270/1270/1270 1274/1274/1274 1273/1273/1273
f 1270/1270/1270 1269/1269/1269 1274/1274/1274
f 1274/1274/1274 1272/1272/1272 1273/1273/1273
f 1267/1267/1267 1272/1272/1272 1275/1275/1275
f 1269/1269/1269 1267/1267/1267 1275/1275/1275
f 1269/1269/1269 1275/1275/1275 1274/1274/1274
f 1275/1275/1275 1272/1272/1272 1274/1274/1274
f 225/225/225 226/226/226 1276/1276/1276
f 1277/1277/1277 225/225/225 1276/1276/1276
f 1277/1277/1277 225/225/225 1278/1278/1278
f 225/225/225 227/227/227 1278/1278/1278
f 1276/1276/1276 226/226/226 1279/1279/1279
f 1277/1277/1277 1276/1276/1276 1280/1280/1280
f 1276/1276/1276 1279/1279/1279 1281/1281/1281
f 1280/1280/1280 1276/1276/1276 1281/1281/1281
f 1277/1277/1277 1278/1278/1278 1282/1282/1282
f 229/229/229 1277/1277/1277 1280/1280/1280
f 229/229/229 1277/1277/1277 1282/1282/1282
f 1278/1278/1278 227/227/227 1283/1283/1283
f 1282/1282/1282 1278/1278/1278 1284/1284/1284
f 1278/1278/1278 1283/1283/1283 1284/1284/1284
f 226/226/226 1285/1285/1285 1279/1279/1279
f 226/226/226 1286/1286/1286 1285/1285/1285
f 224/224/224 1286/1286/1286 226/226/226
f 224/224/224 1287/1287/1287 227/227/227
f 227/227/227 1288/1288/1288 1283/1283/1283
f 227/227/227 1287/1287/1287 1288/1288/1288
f 224/224/224 1289/1289/1289 1286/1286/1286
f 224/224/224 1289/1289/1289 1287/1287/1287
f 229/229/229 1280/1280/1280 1290/1290/1290
f 1289/1289/1289 1290/1290/1290 1286/1286/1286
f 1289/1289/1289 229/229/229 1290/1290/1290
f 1289/1289/1289 229/229/229 1291/1291/1291
f 1289/1289/1289 1291/1291/1291 1287/1287/1287
f 229/229/229 1282/1282/1282 1291/1291/1291
f 1290/1290/1290 1280/1280/1280 1292/1292/1292
f 1280/1280/1280 1281/1281/1281 1292/1292/1292
f 1286/1286/1286 1290/1290/1290 1293/1293/1293
f 1290/1290/1290 1292/1292/1292 1293/1293/1293
f 1286/1286/1286 1293/1293/1293 1285/1285/1285
f 1287/1287/1287 1291/1291/1291 1294/1294/1294
f 1287/1287/1287 1294/1294/1294 1288/1288/1288
f 1291/1291/1291 1282/1282/1282 1295/1295/1295
f 1291/1291/1291 1295/1295/1295 1294/1294/1294
f 1282/1282/1282 1284/1284/1284 1295/1295/1295
f 1292/1292/1292 1281/1281/1281 1296/1296/1296
f 1293/1293/1293 1292/1292/1292 1297/1297/1297
f 1292/1292/1292 1296/1296/1296 1297/1297/1297
f 1285/1285/1285 1293/1293/1293 1298/1298/1298
f 1293/1293/1293 1297/1297/1297 1298/1298/1298
f 1281/1281/1281 1299/1299/1299 1296/1296/1296
f 1281/1281/1281 1279/1279/1279 1299/1299/1299
f 1279/1279/1279 1285/1285/1285 1300/1300/1300
f 1285/1285/1285 1298/1298/1298 1300/1300/1300
f 1279/1279/1279 1300/1300/1300 1299/1299/1299
f 1294/1294/1294 1295/1295/1295 1301/1301/1301
f 1295/1295/1295 1284/1284/1284 1302/1302/1302
f 1295/1295/1295 1302/1302/1302 1301/1301/1301
f 1294/1294/1294 1301/1301/1301 1303/1303/1303
f 1288/1288/1288 1294/1294/1294 1303/1303/1303
f 1284/1284/1284 1304/1304/1304 1302/1302/1302
f 1284/1284/1284 1283/1283/1283 1304/1304/1304
f 1283/1283/1283 1288/1288/1288 1305/1305/1305
f 1288/1288/1288 1303/1303/1303 1305/1305/1305
f 1283/1283/1283 1305/1305/1305 1304/1304/1304
f 1300/1300/1300 1298/1298/1298 1306/1306/1306
f 1299/1299/1299 1300/1300/1300 1307/1307/1307
f 1300/1300/1300 1306/1306/1306 1307/1307/1307
f 1298/1298/1298 1308/1308/1308 1306/1306/1306
f 1308/1308/1308 1307/1307/1307 1306/1306/1306
f 1298/1298/1298 1297/1297/1297 1308/1308/1308
f 1297/1297/1297 1309/1309/1309 1308/1308/1308
f 1309/1309/1309 1307/1307/1307 1308/1308/1308
f 1297/1297/1297 1296/1296/1296 1309/1309/1309
f 1299/1299/1299 1307/1307/1307 1310/1310/1310
f 1310/1310/1310 1307/1307/1307 1309/1309/1309
f 1296/1296/1296 1299/1299/1299 1310/1310/1310
f 1296/1296/1296 1310/1310/1310 1309/1309/1309
f 1305/1305/1305 1303/1303/1303 1311/1311/1311
f 1304/1304/1304 1305/1305/1305 1312/1312/1312
f 1305/1305/1305 1311/1311/1311 1312/1312/1312
f 1303/1303/1303 1313/1313/1313 1311/1311/1311
f 1313/1313/1313 1312/1312/1312 1311/1311/1311
f 1303/1303/1303 1301/1301/1301 1313/1313/1313
f 1301/1301/1301 1314/1314/1314 1313/1313/1313
f 1314/1314/1314 1312/1312/1312 1313/1313/1313
f 1301/1301/1301 1302/1302/1302 1314/1314/1314
f 1304/1304/1304 1312/1312/1312 1315/1315/1315
f 1315/1315/1315 1312/1312/1312 1314/1314/1314
f 1302/1302/1302 1304/1304/1304 1315/1315/1315
f 1302/1302/1302 1315/1315/1315 1314/1314/1314
