# Meridian ST tube mesh
v 0.03151331846343346 0.7522093081618941 0.015989963898056698
v 0.029713409063433456 0.7523057481618941 0.0165973519980567
v 0.030389910563433455 0.7521494651618941 0.015648753398056697
v 0.03153111976343345 0.7524027851618941 0.0171493617980567
v 0.030418710763433457 0.7524626281618941 0.017524761098056698
v 0.030425710563433458 0.7497440001618941 0.0186414075980567
v 0.029720509463433457 0.749590816161894 0.017713519698056696
v 0.030389910563433455 0.7521494651618941 0.015648753398056697
v 0.03153821076343345 0.7496854091618941 0.018265808898056696
v 0.03153111976343345 0.7524027851618941 0.0171493617980567
v 0.030397010963433457 0.7494376321618941 0.0167644274980567
v 0.03151331846343346 0.7522093081618941 0.015989963898056698
v 0.03152040946343346 0.7494962241618941 0.0171057106980567
v 0.030432809163433456 0.7470940971618941 0.0195331079980567
v 0.03154521066343346 0.7470397971618941 0.019156808998056697
v 0.029727509263433455 0.746951284161894 0.0186035064980567
v 0.031527409363433456 0.746863367161894 0.0179946282980567
v 0.030404010763433457 0.7468090681618941 0.017652715598056697
v 0.030440021263433457 0.7443066261618941 0.0199346048980567
v 0.03155231106343345 0.7442595981618941 0.0195573186980567
v 0.029734600363433457 0.7441815161618941 0.0190025073980567
v 0.03153450976343346 0.7441052221618941 0.018392017998056696
v 0.030411100063433456 0.7440564061618941 0.018049214998056697
v 0.030447108663433458 0.741509380161894 0.0202740160980567
v 0.03155951946343345 0.741472127161894 0.019895504198056697
v 0.029741719363433457 0.7414086481618941 0.019338927198056695
v 0.031541509563433455 0.7413482691618941 0.018726519298056694
v 0.030418120363433457 0.741308572161894 0.018382527898056698
v 0.030454209063433456 0.738701167161894 0.0205297162980567
v 0.03156661056343346 0.7386767291618941 0.0201500085980567
v 0.029748810463433455 0.7386315491618941 0.019591725398056696
v 0.03154850936343345 0.7385919121618941 0.0189774063980567
v 0.030425101563433456 0.7385644341618941 0.0186324072980567
v 0.030461419363433457 0.7358813311618941 0.020680117398056697
v 0.031573710963433456 0.735872152161894 0.020299616298056697
v 0.029755810263433456 0.7358502171618941 0.019740118598056695
v 0.03155550916343346 0.7358361501618941 0.0191244249980567
v 0.030432010063433455 0.7358227391618941 0.018778617498056697
v 0.030468609163433455 0.7330407521618941 0.0207034265980567
v 0.031580921263433454 0.7330535671618941 0.020322806198056695
v 0.029762910663433458 0.7330633421618941 0.019763006798056697
v 0.031562509063433455 0.733083489161894 0.019147115798056696
v 0.030439009863433456 0.7330895681618941 0.0188011070980567
v 0.030498204763433456 0.717623951161894 0.021495087998056696
v 0.031622104363433455 0.716715934161894 0.0210697864980567
v 0.029801705863433458 0.7176056531618941 0.020545686598056695
v 0.03162026596343345 0.716137292161894 0.0198575881980567
v 0.030495155563433456 0.7166869661618941 0.019533696598056698
v 0.029052460563433455 0.716563167161894 0.022702685598056695
v 0.029465759163433455 0.7154756211618941 0.022868986198056697
v 0.028306439563433455 0.7165335441618941 0.021794698198056697
v 0.028975170063433458 0.7147737171618941 0.0220636864980567
v 0.028258619863433455 0.7154279371618941 0.021399798798056695
v 0.026231000163433455 0.7149617101618941 0.0250006680980567
v 0.026636738363433457 0.7138693351618941 0.025170116698056695
v 0.025501640563433455 0.7149421001618941 0.024082026398056698
v 0.026159189663433457 0.7131410861618941 0.024334817198056698
v 0.025457650463433457 0.7138063931618941 0.0236635459980567
v 0.022625271263433458 0.713237228161894 0.026011749198056697
v 0.023337218863433457 0.713248255161894 0.026941898298056696
v 0.022583490263433457 0.7120800041618941 0.025576385698056696
v 0.023735430063433455 0.7121506361618941 0.027114457498056695
v 0.023269521063433458 0.711404147161894 0.026255137298056695
v 0.018266599663433455 0.7114094521618941 0.028020954698056696
v 0.01823233066343346 0.7102946061618941 0.0276021500980567
v 0.018876839463433458 0.7096025971618941 0.0283061628980567
v 0.018932420763433454 0.7114046831618941 0.028982679398056696
v 0.019309658563433453 0.7102986601618941 0.029165870498056697
v 0.014396209263433456 0.708612146161894 0.030883210698056697
v 0.013809811363433455 0.7092999841618941 0.0301310261980567
v 0.014750007563433455 0.7092786451618941 0.031785233898056695
v 0.013801310163433458 0.7103912851618941 0.0305681144980567
v 0.014382410763433454 0.710378470161894 0.0315904160980567
v 0.01041353126343346 0.7078526041618941 0.0339560238980567
v 0.01015324516343346 0.7072092911618941 0.0330070023980567
v 0.010041732363433455 0.7089512371618941 0.033763418898056695
v 0.009551532563433454 0.7089866421618941 0.0326953036980567
v 0.009620435563433456 0.7079100031618941 0.0322278132980567
v 0.005497910063433455 0.7077630181618941 0.0355996926980567
v 0.005871113363433454 0.7066650411618941 0.0357918096980567
v 0.005063511463433458 0.7078130861618941 0.0345085067980567
v 0.005667313963433458 0.7060363311618941 0.034819326398056696
v 0.005168113863433459 0.7067462231618941 0.034026215798056696
v 0.0032485090634334565 0.7071447391618941 0.0364435007980567
v 0.0036226063634334574 0.7060467621618941 0.036635315998056694
v 0.0028280131634334585 0.707199099161894 0.0353471291980567
v 0.003433406363433457 0.7054229401618941 0.0356573042980567
v 0.002942208163433456 0.7061346191618941 0.034861213498056695
v 0.003829009863433458 0.7055352351618941 0.0355092165980567
v 0.002600610263433459 0.7057623291618941 0.0370067124980567
v -0.0008849911365665444 0.7059954431618941 0.0379541208980567
v -0.001810789136566543 0.7059130691618941 0.0370423038980567
v 0.0011026076634334595 0.7056286361618941 0.0355312255980567
v 0.00344421346343346 0.7057012941618941 0.0356220183980567
v 0.00360041486343346 0.7053234601618941 0.0367243019980567
v 0.003154009563433459 0.7042388941618941 0.036803315398056695
v 0.00272190946343346 0.703946533161894 0.0357500006980567
v 0.002901207663433457 0.7048498411618941 0.0350199033980567
v 0.005798805463433455 0.7043719311618941 0.0360746224980567
v 0.005627505463433456 0.704755845161894 0.0349767980980567
v 0.005355011663433454 0.7032861141618941 0.0361529094980567
v 0.0050778090634334555 0.7039074321618941 0.0343766314980567
v 0.0049094073634334545 0.7029992361618941 0.035103521298056696
v 0.010007493163433454 0.702041151161894 0.0346872908980567
v 0.010439395863433454 0.7031324531618941 0.0346131054980567
v 0.00950859856343346 0.7017774601618941 0.0336559963980567
v 0.010207500263433457 0.7035425921618941 0.033535796198056696
v 0.009632185063433454 0.7027052071618941 0.0329443281980567
v 0.014044590263433458 0.700623157161894 0.031854419998056695
v 0.014630798263433456 0.7008514431618941 0.0328480069980567
v 0.014092098963433455 0.7015826131618941 0.031175720498056697
v 0.015040587663433455 0.7019512681618941 0.032783309898056695
v 0.014707598863433459 0.7024029511618941 0.0317498323980567
v 0.01889802146343346 0.6989325311618941 0.029274704898056697
v 0.018858756863433454 0.6999255441618941 0.028644199498056695
v 0.019523072963433453 0.7007267501618941 0.029174110898056695
v 0.01958806436343346 0.6991187361618941 0.0301941995980567
v 0.01996231076343346 0.700232627161894 0.0301320170980567
v 0.025303557563433457 0.6981975461618941 0.0257041071980567
v 0.024609860063433457 0.6974097511618941 0.0252326158980567
v 0.025880720463433458 0.697645607161894 0.026581714898056698
v 0.024731932163433456 0.6963820481618941 0.0258188163980567
v 0.025523371963433458 0.6965258141618941 0.0266526182980567
v 0.030804328663433456 0.695463183161894 0.0231626322980567
v 0.030074685763433456 0.696077587161894 0.0223390412980567
v 0.030435379563433458 0.6943474431618941 0.023240740398056695
v 0.029579346963433457 0.6942328241618941 0.0224653398980567
v 0.029402695563433456 0.6952840111618941 0.0219080438980567
v 0.033812724063433455 0.6936364791618941 0.020357425298056696
v 0.03331476266343346 0.694148781161894 0.019338729798056696
v 0.032686000663433454 0.6928753281618941 0.021254773298056695
v 0.03195421026343345 0.6936756991618941 0.019606429198056698
v 0.03154248746343345 0.6928977991618941 0.020790628198056695
v 0.036821117663433454 0.6918098351618941 0.017552218398056697
v 0.03655483756343346 0.692219975161894 0.016338416398056697
v 0.03493661996343346 0.6914033321618941 0.0192688060980567
v 0.03450572486343345 0.6920673871618941 0.017304816298056698
v 0.03350562606343346 0.6915626551618941 0.019115916498056697
v 0.03231313826343346 0.6876264241618941 0.019986766398056695
v 0.031863652163433454 0.6878364701618941 0.0188856152980567
v 0.03133537616343346 0.688026669161894 0.0212090378980567
v 0.030601652363433457 0.6883704091618941 0.019427235198056697
v 0.030267581363433455 0.6884918231618941 0.0208631744980567
v 0.027560187463433458 0.6847253461618941 0.023315518198056696
v 0.027749242263433456 0.6838834311618941 0.0225925174980567
v 0.026795707663433456 0.6853526261618941 0.0227859271980567
v 0.027130873863433456 0.6839782021618941 0.0216160183980567
v 0.026546176563433457 0.6848844911618941 0.021735507098056696
v 0.020447805563433456 0.682284059161894 0.0251607065980567
v 0.021215395963433456 0.6816104671618941 0.025710704698056697
v 0.02027881516343346 0.681845846161894 0.024082618798056697
v 0.021495077763433457 0.680766227161894 0.024972408098056696
v 0.020938293963433455 0.6809033181618941 0.0239662071980567
v 0.015889495563433456 0.680289092161894 0.026601708498056695
v 0.01584040746343346 0.6799411801618941 0.025478816598056696
v 0.016514696163433457 0.6789853591618941 0.025365016398056696
v 0.016594197563433458 0.6795474911618941 0.027181926198056698
v 0.016980595863433458 0.6787418151618941 0.0264175151980567
v 0.012697946263433457 0.6782482291618941 0.0259646167980567
v 0.012001346763433458 0.679188134161894 0.026082816498056695
v 0.013086244463433455 0.6779472851618941 0.027032705998056697
v 0.011959046163433455 0.6794676801618941 0.0272240181980567
v 0.012629553663433456 0.6787011051618941 0.027811023398056696
v 0.008294571163433455 0.6772341751618941 0.027517407198056697
v 0.007934167963433457 0.677556457161894 0.0264459168980567
v 0.0078076645634334585 0.6779641531618941 0.028299513298056696
v 0.0071462727634334575 0.6787380601618941 0.027711412898056696
v 0.007224462963433459 0.6784859921618941 0.026565807898056695
v 0.0034685693634334547 0.6768549111618941 0.028277716598056696
v 0.0037455931634334597 0.6760457181618941 0.0274708484980567
v 0.003118362263433455 0.6778251551618941 0.027713968398056697
v 0.0035669803634334543 0.6765167141618941 0.026408518698056695
v 0.0031791590634334538 0.6776160021618941 0.026558714898056696
v -0.00021516163656654097 0.6752761031618941 0.0283126150980567
v 0.0027542188634334594 0.674945833161894 0.0274767232980567
v -0.002316933136566543 0.6756268171618941 0.0277670798980567
v 0.0025909505634334543 0.6754232071618941 0.0264147473980567
v -0.00047947843656654526 0.676048102161894 0.026594157298056698
v 0.004152495463433457 0.671753528161894 0.026881321298056697
v 0.004533182863433453 0.6728647371618941 0.026930744798056697
v 0.003730602563433459 0.6715618991618941 0.0258008269980567
v 0.004346542063433455 0.673359575161894 0.025880790298056698
v 0.003850400463433455 0.672553839161894 0.025182454798056697
v 0.011512316763433457 0.668602111161894 0.023923977298056696
v 0.011988520663433457 0.6689750571618941 0.024932886498056694
v 0.011223115063433459 0.6695469641618941 0.0232865875980567
v 0.011993620563433456 0.6701505801618941 0.024918987398056695
v 0.011520624163433454 0.670503976161894 0.0239014988980567
v 0.019867550563433457 0.6670829081618941 0.0205394280980567
v 0.019464641763433453 0.668028953161894 0.019968426798056695
v 0.019874639763433455 0.6689847131618941 0.0205176276980567
v 0.020526440863433457 0.6674540061618941 0.0214415294980567
v 0.020530849663433458 0.6686295291618941 0.021428118498056696
v 0.027056079363433457 0.6687765141618941 0.014454956198056697
v 0.026539189763433457 0.667821946161894 0.014002756198056698
v 0.027887590263433456 0.668418886161894 0.015206468298056698
v 0.027051080063433458 0.6668747091618941 0.0144748677980567
v 0.027884479563433456 0.667243304161894 0.0152187579980567
v 0.034975469063433455 0.668555739161894 0.008215167598056697
v 0.034066669663433455 0.6689146181618941 0.007560967498056698
v 0.03497287076343346 0.6673802161618941 0.008226866798056696
v 0.03406235946343346 0.6670127531618941 0.0075799589980566975
v 0.033502358963433454 0.6679612421618941 0.007168366598056697
v 0.040133371063433454 0.6677192471618941 0.0009328266980566987
v 0.040135197363433454 0.6688947701618941 0.0009224274980566983
v 0.03917297816343346 0.6673524401618941 0.0003623272980566982
v 0.03917599006343346 0.6692543051618941 0.00034542749805669716
v 0.038581280963433454 0.6683009291618941 -6.724019433017314e-07
v 0.043270731343433455 0.6679075381618941 -0.009394100171943302
v 0.044257631523433455 0.6682737491618941 -0.008870900611943303
v 0.04266243893343345 0.6688566231618941 -0.009727500381943302
v 0.04425922874343346 0.6694492721618941 -0.008880900451943303
v 0.04327332042343346 0.6698094031618941 -0.009410400171943303
v 0.04617012990343346 0.6684494041618941 -0.012512199623943301
v 0.04499833099343346 0.6680874251618941 -0.012684199549743301
v 0.04632591735343346 0.6696224831618941 -0.012813501095943302
v 0.044429817233433457 0.6690365691618941 -0.013091699801943302
v 0.045250439553433455 0.6699850581618941 -0.013171601021943303
v 0.06469318826343345 -0.843432602838106 0.0706331943980567
v 0.06566461086343346 -0.8418645838381059 0.0710971047980567
v 0.06577148846343346 -0.842999872838106 0.07081187419805669
v 0.06391980126343345 -0.8425646998381059 0.0708077912980567
v 0.06452020166343346 -0.8415954688381059 0.0710945045980567
v 0.06566461086343346 -0.8418645838381059 0.0710971047980567
v 0.06391980126343345 -0.8425646998381059 0.0708077912980567
v 0.06620220096343346 -0.834352073838106 0.039224530598056695
v 0.06735138406343345 -0.8346016978381059 0.0391499241980567
v 0.06577148846343346 -0.842999872838106 0.07081187419805669
v 0.06560878266343345 -0.8352926348381059 0.038826628598056696
v 0.06391980126343345 -0.8425646998381059 0.0708077912980567
v 0.06746818496343346 -0.8356960988381059 0.0387059216980567
v 0.06469318826343345 -0.843432602838106 0.0706331943980567
v 0.06639118116343345 -0.8361233448381059 0.0385061194980567
v 0.06555459466343345 -0.8280274248381059 0.0222035264980567
v 0.06614838536343345 -0.827124056838106 0.022666837098056697
v 0.06729730586343345 -0.827356037838106 0.022564626298056695
v 0.06741349586343345 -0.8284033518381059 0.0220383246980567
v 0.06633649766343346 -0.8288177828381059 0.0218151239980567
v 0.06508921556343346 -0.8241713028381059 0.014223693898056698
v 0.06568144726343346 -0.8232514838381059 0.014649695698056697
v 0.06683172656343346 -0.8235011078381059 0.014587995598056697
v 0.06694521846343346 -0.8245753028381059 0.014123796498056698
v 0.06586832926343346 -0.8249897338381059 0.013898695798056696
v 0.06409791386343346 -0.8198428128381059 0.005483296698056698
v 0.06468534466343345 -0.8189218018381059 0.005906895698056698
v 0.06584093536343345 -0.8191677908381059 0.0058356960980566995
v 0.06595868986343345 -0.8202401378381059 0.005368095798056697
v 0.06488139086343346 -0.8206576088381059 0.005150294898056698
v 0.06332845616343345 -0.8154120418381059 -0.002398217101943302
v 0.06392404526343345 -0.8144897798381059 -0.001978516601943302
v 0.06507192556343346 -0.8147284368381059 -0.0020655151019433014
v 0.06518575646343346 -0.8157983998381059 -0.002539016301943302
v 0.06410814266343345 -0.8162207578381059 -0.0027446160119433023
v 0.06245640196343345 -0.810483095838106 -0.010723824381943303
v 0.06305199116343346 -0.8095583888381059 -0.010309225181943302
v 0.06421638466343346 -0.8097872708381059 -0.010408184261943301
v 0.06433029566343346 -0.8108529428381059 -0.010890184431943301
v 0.06325267716343345 -0.8112832288381059 -0.011078984471943302
v 0.06099884491343346 -0.804552075838106 -0.0211361162319433
v 0.06159529183343346 -0.8036488268381059 -0.0207405779519433
v 0.06276521646343346 -0.8039110278381059 -0.020884789521943302
v 0.06289992296343346 -0.8049724678381059 -0.021360559391943302
v 0.061798796063433456 -0.8053657388381059 -0.021522156891943305
v 0.058934359343433454 -0.7988690708381059 -0.031145458101943302
v 0.05953306611343345 -0.7979290458381059 -0.030739094101943303
v 0.06069395505343346 -0.798180458838106 -0.030922778901943303
v 0.06080145761343346 -0.7992361758381059 -0.031428770201943304
v 0.05972195603343346 -0.7996448258381059 -0.0315505238019433
v 0.05845676409343346 -0.793343541838106 -0.0399546241019433
v 0.05906207533343345 -0.7924091198381059 -0.0395603431019433
v 0.060193853453433456 -0.7925897818381059 -0.0397717347019433
v 0.060308470393433455 -0.7936359028381059 -0.040296734301943304
v 0.05922704655343346 -0.794101593838106 -0.0404098360019433
v 0.058639239983433455 -0.7906924458381059 -0.043945874101943304
v 0.059239029423433454 -0.7897823428381059 -0.043542875901943306
v 0.06038811151343346 -0.7899445268381059 -0.043780197401943305
v 0.06048963964343346 -0.790970382838106 -0.0443455512019433
v 0.05941778142343346 -0.7914456698381059 -0.044446975901943304
v 0.059233226343433455 -0.7887353878381059 -0.0468400801019433
v 0.05984260980343346 -0.7878608678381059 -0.0464141453019433
v 0.06095727440343346 -0.7880574438381059 -0.0467040846019433
v 0.06106120068343346 -0.789033410838106 -0.0472905049019433
v 0.06003065593343346 -0.789454815838106 -0.0473600710019433
v 0.05964259151343346 -0.786749121838106 -0.0496552447019433
v 0.06021848600343346 -0.7859631758381059 -0.0492392117019433
v 0.06129508465343346 -0.7861717918381059 -0.049558189701943305
v 0.061389889563433456 -0.7870882128381059 -0.0501703592019433
v 0.06039092037343346 -0.7874792788381059 -0.0502394075019433
v 0.05985618103343346 -0.7849556778381059 -0.051992618501943304
v 0.06044774968343346 -0.7842435818381059 -0.0515450286019433
v 0.061576490293433456 -0.784227368838106 -0.051246480101943305
v 0.06157698109343346 -0.7853200408381059 -0.0525487782019433
v 0.060582703913433456 -0.785654720838106 -0.0526102008019433
v 0.06003480870343346 -0.7829682808381059 -0.0547452504019433
v 0.06064146943343346 -0.7822713828381059 -0.054233861201943304
v 0.061730475163433454 -0.7824824428381059 -0.054570966401943304
v 0.061797484763433455 -0.7833176828381059 -0.0552956657019433
v 0.06076806970343346 -0.7836361508381059 -0.055397470501943304
v 0.060475883073433455 -0.7804157708381059 -0.0576359602019433
v 0.061120204623433455 -0.7797195288381059 -0.057020192001943304
v 0.06225552506343346 -0.7799086548381059 -0.057335429801943304
v 0.06231069566343346 -0.7807294108381059 -0.0581530826019433
v 0.061219033783433456 -0.7810498448381059 -0.058336121001943304
v 0.06128898542343346 -0.777418789838106 -0.0601426372019433
v 0.06196237546343346 -0.7767302368381059 -0.0594092133019433
v 0.06310647446343345 -0.7769154288381059 -0.0596648166019433
v 0.06314104046343345 -0.7777173498381059 -0.0605540732019433
v 0.06201631946343346 -0.7780314658381059 -0.0608531358019433
v 0.06205029976343346 -0.7742459158381059 -0.062306725401943305
v 0.06272275836343345 -0.7736324048381059 -0.0614824081019433
v 0.06386439786343345 -0.7738875128381059 -0.061654401001943304
v 0.06389744676343345 -0.774659332838106 -0.06258519830194331
v 0.06277635046343345 -0.7748803468381059 -0.0629881741019433
v 0.06285509096343346 -0.770906803838106 -0.06415749060194331
v 0.06350114756343346 -0.7704099988381059 -0.0632518167019433
v 0.06461966036343346 -0.7707566598381059 -0.0633646147019433
v 0.06466488816343345 -0.7714677428381059 -0.0643400634019433
v 0.06357402726343346 -0.771560427838106 -0.0648304718019433
v 0.06408688056343345 -0.7674109318381059 -0.0660641836019433
v 0.06468974056343346 -0.7670435288381059 -0.06508609370194329
v 0.06579087676343345 -0.7674386478381059 -0.0651734034019433
v 0.06586875856343345 -0.7680504298381059 -0.0662054317019433
v 0.06481555846343345 -0.7680332638381059 -0.0667559477019433
v 0.06559432016343346 -0.7634863828381059 -0.0676433826019433
v 0.06614683106343346 -0.7632537458381059 -0.0666104751019433
v 0.06724541166343345 -0.7636556598381059 -0.0666965255019433
v 0.06737327946343345 -0.764136192838106 -0.0677800821019433
v 0.06635136996343345 -0.7640321828381059 -0.0683681080019433
v 0.06723353826343345 -0.7589809868381059 -0.0688118907019433
v 0.06773746946343345 -0.7588788248381059 -0.0677474933019433
v 0.06884938666343346 -0.7592487908381059 -0.0678395713019433
v 0.06902958826343346 -0.7595795968381059 -0.06896687020194331
v 0.06803169656343346 -0.7594135978381059 -0.06956638860194331
v 0.06887432936343346 -0.7537343478381059 -0.0694505172019433
v 0.06934306026343345 -0.753750679838106 -0.0683676572019433
v 0.07047214916343346 -0.754060861838106 -0.0684712836019433
v 0.07070155996343346 -0.7542356828381059 -0.0696173245019433
v 0.06971404886343346 -0.7540342788381059 -0.0702225650019433
v 0.07044113056343346 -0.7462419848381059 -0.0698075267019433
v 0.07088996846343346 -0.7463355038381059 -0.06872765070194331
v 0.07203147746343345 -0.746589538838106 -0.0688336128019433
v 0.07228847966343346 -0.7466530178381059 -0.0699795494019433
v 0.07130385746343346 -0.7464387988381059 -0.07058494260194331
v 0.07523458826343346 -0.726041075838106 -0.07123264020194331
v 0.07568271086343345 -0.7261495568381059 -0.0701476829019433
v 0.07682139796343346 -0.7263835048381059 -0.0702659758019433
v 0.07707803696343346 -0.726419326838106 -0.07142155340194331
v 0.07609614726343346 -0.7262079688381059 -0.07202126180194329
v 0.07966490646343345 -0.7041814308381059 -0.0717773112019433
v 0.08008155786343346 -0.7042794798381059 -0.0707452344019433
v 0.08123358716343346 -0.7045105078381059 -0.0708324769019433
v 0.08152963596343346 -0.7045458528381059 -0.0719153071019433
v 0.08056032096343346 -0.7043424228381059 -0.07249866150194331
v 0.08420186116343345 -0.6807413078381059 -0.0718567045019433
v 0.08463988076343346 -0.6808234428381059 -0.0707679624019433
v 0.08577272296343345 -0.6810537558381059 -0.0708818855019433
v 0.08603506906343346 -0.6811044188381059 -0.0720387818019433
v 0.08506400136343345 -0.6809120748381059 -0.0726418281019433
v 0.08841177816343346 -0.6595701548381059 -0.07143466640194329
v 0.08884735776343346 -0.6596382828381059 -0.0703326585019433
v 0.08997592706343346 -0.6598665688381059 -0.0704468982019433
v 0.09023699536343346 -0.659939405838106 -0.0716190757019433
v 0.08927040176343345 -0.6597563008381059 -0.0722288946019433
v 0.09143368526343346 -0.6437023258381059 -0.0709975967019433
v 0.09186414256343345 -0.643758055838106 -0.06987935770194331
v 0.09299965576343346 -0.643985447838106 -0.0699942270019433
v 0.09326956416343346 -0.6440696688381059 -0.07118378300194331
v 0.09230206166343347 -0.6438945508381059 -0.0718030417019433
v 0.09463550146343346 -0.6259913418381059 -0.0708513046019433
v 0.09506150706343346 -0.6260387278381059 -0.0697207870019433
v 0.09619996696343346 -0.6262657018381059 -0.0698464075019433
v 0.09647486356343346 -0.626358327838106 -0.07105668730194331
v 0.09550756956343345 -0.626188633838106 -0.0716741728019433
v 0.09600102156343346 -0.6120381928381059 -0.0706502208019433
v 0.09607597816343345 -0.6141939738381059 -0.06956165000194331
v 0.09528518466343346 -0.6132235508381059 -0.0697263861019433
v 0.09753185886343346 -0.612509665838106 -0.0696517350019433
v 0.09835168346343345 -0.6093143198381059 -0.0708208913019433
v 0.09740519146343346 -0.6090232708381059 -0.07143823150194331
v 0.09600102156343346 -0.6120381928381059 -0.0706502208019433
v 0.09689748286343346 -0.6135526278381059 -0.0688310126019433
v 0.09629020466343347 -0.6127147648381059 -0.06814212440194331
v 0.09529371936343345 -0.6125110958381059 -0.0686949203019433
v 0.09627612676343346 -0.6138672808381059 -0.0698089758019433
v 0.09294133636343346 -0.618135151838106 -0.0644503841019433
v 0.09198058766343345 -0.6178770638381059 -0.0650431225019433
v 0.09199610356343346 -0.6185502978381059 -0.0660928795019433
v 0.09296666826343346 -0.619224128838106 -0.0661463896019433
v 0.09354976196343345 -0.6189681268381059 -0.06513452250194329
v 0.08861502636343346 -0.6220989798381059 -0.0635020034019433
v 0.08870171386343345 -0.6226786948381059 -0.0645886669019433
v 0.08948394656343345 -0.622480628838106 -0.0628357166019433
v 0.08962060886343345 -0.623418745838106 -0.0645969631019433
v 0.09010313826343345 -0.6232961988381059 -0.0635167928019433
v 0.08443342896343345 -0.6264480328381059 -0.0621067593019433
v 0.08462223786343345 -0.6269030548381059 -0.06322482690194331
v 0.08521663396343346 -0.6269291618381059 -0.061408572801943305
v 0.08552242066343346 -0.627664324838106 -0.0632124776019433
v 0.08588858696343346 -0.6276810148381059 -0.0620943615019433
v 0.07979570326343347 -0.632446346838106 -0.0619629072019433
v 0.07955364136343346 -0.6320537898381059 -0.060860850801943304
v 0.07861596906343346 -0.633771893838106 -0.0618422749019433
v 0.08030207646343346 -0.6325779538381059 -0.0601456137019433
v 0.08069441656343346 -0.6332133988381059 -0.061925244501943304
v 0.07979570326343347 -0.632446346838106 -0.0619629072019433
v 0.08100687896343345 -0.6332944608381059 -0.0608028294019433
v 0.07745312156343345 -0.6368407588381059 -0.061548047701943304
v 0.07800025306343346 -0.6366577718381059 -0.0604573870019433
v 0.07949858156343345 -0.6334745858381059 -0.0600654194019433
v 0.07987952236343346 -0.6316894868381059 -0.0608950974019433
v 0.08021521566343345 -0.608092245838106 -0.0590013387019433
v 0.07934689526343346 -0.6081351618381059 -0.0582128884019433
v 0.08105462046343345 -0.580984947838106 -0.0540062981019433
v 0.07986269886343346 -0.608315405838106 -0.0571799325019433
v 0.08104680846343346 -0.608383533838106 -0.0573340850019433
v 0.08126498196343346 -0.6082456688381059 -0.0584592419019433
v 0.08021521566343345 -0.608092245838106 -0.0590013387019433
v 0.08021281096343345 -0.5810399628381059 -0.0531921433019433
v 0.08074822276343346 -0.5812098358381059 -0.0521742823019433
v 0.08191964966343346 -0.5812600828381059 -0.0523584941019433
v 0.08210881236343345 -0.5811276408381059 -0.053490405001943304
v 0.08099135386343345 -0.5713758448381059 -0.0523386309019433
v 0.08016164786343345 -0.5713992688381059 -0.051509407301943304
v 0.08070627036343346 -0.571540829838106 -0.050489758101943304
v 0.08187125066343345 -0.5716051438381059 -0.050687779701943304
v 0.08204810136343346 -0.571503457838106 -0.0518318461019433
v 0.08129655756343346 -0.5607957218381059 -0.0508595565019433
v 0.08047737926343346 -0.5608125898381059 -0.050018184801943304
v 0.08102928106343346 -0.560942468838106 -0.0489929588019433
v 0.08218888196343346 -0.5610064838381059 -0.049203299901943304
v 0.08235419166343345 -0.5609155278381059 -0.050354604601943305
v 0.08157347516343345 -0.5502084468381059 -0.049735811501943304
v 0.08076085896343346 -0.5502214408381059 -0.048887261201943304
v 0.08131777686343346 -0.5503399948381059 -0.047863178901943304
v 0.08247374366343346 -0.550400552838106 -0.048078232401943304
v 0.08263140546343345 -0.5503193118381059 -0.0492373751019433
v 0.08217266946343346 -0.5396367288381059 -0.0488168979019433
v 0.08136456456343345 -0.5396482918381059 -0.0479630837019433
v 0.08192402686343346 -0.5397551038381059 -0.0469347956019433
v 0.08307792616343346 -0.5398101188381059 -0.047153604201943304
v 0.08323155346343346 -0.5397365068381059 -0.048316107101943305
v 0.08294719456343345 -0.5290797928381059 -0.048371610201943305
v 0.08213901516343346 -0.529092607838106 -0.0475180345019433
v 0.08269924116343345 -0.5291884518381059 -0.0464888373019433
v 0.08385357636343346 -0.5292349438381059 -0.046708152601943304
v 0.08400684226343345 -0.5291677098381059 -0.0478700260019433
v 0.08364465456343345 -0.5185441348381059 -0.0480953203019433
v 0.08283627406343345 -0.5185599898381059 -0.0472418489019433
v 0.08339753006343345 -0.5186437348381059 -0.0462206723019433
v 0.08455230666343345 -0.5186797358381059 -0.046437577301943304
v 0.08470531556343346 -0.5186184618381059 -0.0476015070019433
v 0.08428086336343346 -0.5080239158381059 -0.048156132001943304
v 0.08347259466343346 -0.5080368498381059 -0.0473002391019433
v 0.08403391766343346 -0.508107838838106 -0.046273817301943306
v 0.08518895876343346 -0.5081387138381059 -0.0464904541019433
v 0.08534199746343346 -0.5080875138381059 -0.0476614879019433
v 0.08460257576343345 -0.49584287183810594 -0.0472951988019433
v 0.08379464226343346 -0.4958469248381059 -0.046440792301943305
v 0.08435599136343346 -0.4959104638381059 -0.0454091737019433
v 0.08551090206343345 -0.4959464648381059 -0.0456260005019433
v 0.08566357566343347 -0.49590503983810597 -0.0467964159019433
v 0.08588008956343346 -0.4831902958381059 -0.0468291128019433
v 0.08507205916343347 -0.4831942888381059 -0.045974296501943304
v 0.08563270416343347 -0.4832648318381059 -0.0449369373019433
v 0.08678768946343346 -0.4833045878381059 -0.045157902901943305
v 0.08694080266343346 -0.4832589308381059 -0.0463317716019433
v 0.08617382126343345 -0.47038721783810594 -0.0461161183019433
v 0.08536451306343346 -0.4704111788381059 -0.045257513401943304
v 0.08592423426343346 -0.4705055628381059 -0.044223827301943304
v 0.08707937226343346 -0.47054016383810593 -0.044444401701943304
v 0.08723367746343345 -0.4704669098381059 -0.0456142956019433
v 0.08593707906343345 -0.4577808948381059 -0.0449335100019433
v 0.08512633296343346 -0.4578489938381059 -0.044083994801943305
v 0.08568387106343345 -0.4579892138381059 -0.0430526445019433
v 0.08683968336343345 -0.4580080788381059 -0.0432708831019433
v 0.08699642126343346 -0.4578795408381059 -0.0444370070019433
v 0.08635966106343346 -0.44495314083810594 -0.043762358801943305
v 0.08554607256343345 -0.4450958048381059 -0.0429219184019433
v 0.08610116686343346 -0.44531076883810594 -0.0419029994019433
v 0.08725792916343346 -0.4453007858381059 -0.0421151398019433
v 0.08741760256343345 -0.4450799498381059 -0.0432655858019433
v 0.08694291116343346 -0.4328440108381059 -0.042657368801943304
v 0.08612693846343346 -0.43310153283810593 -0.0418429608019433
v 0.08667977156343346 -0.43342852383810593 -0.0408515865019433
v 0.08783744646343346 -0.4333732998381059 -0.041053299801943305
v 0.08799999206343345 -0.4330120068381059 -0.0421692980019433
v 0.08733027426343346 -0.4233254468381059 -0.0402835747019433
v 0.08651704716343345 -0.42366632583810593 -0.039505043101943305
v 0.08707155286343346 -0.42406722683810594 -0.0385478018019433
v 0.08822867276343346 -0.4239743628381059 -0.0387338242019433
v 0.08838771656343346 -0.4235160028381059 -0.0398071846019433
v 0.08794046196343346 -0.4148491298381059 -0.0371740097019433
v 0.08711754526343346 -0.4151713228381059 -0.0363801168019433
v 0.08766006306343346 -0.41553619283810594 -0.0353978677019433
v 0.08881775666343346 -0.41543939483810594 -0.0355858086019433
v 0.08899282296343346 -0.41501316183810594 -0.036685093301943306
v 0.08842368056343346 -0.4053375098381059 -0.0347975483019433
v 0.08760668706343346 -0.40558242583810594 -0.0339901885019433
v 0.08815781396343346 -0.4058542228381059 -0.0329910396019433
v 0.08931543306343345 -0.4057777198381059 -0.0331806196019433
v 0.08947972206343346 -0.4054580608381059 -0.0342964409019433
v 0.08927489076343345 -0.39256515883810594 -0.0316347321019433
v 0.08845949176343346 -0.3927600358381059 -0.030818969901943303
v 0.08901264886343346 -0.39296903983810594 -0.0298110796019433
v 0.09016667306343346 -0.3929045768381059 -0.029994091901943302
v 0.09032904356343346 -0.3926532538381059 -0.031125898501943302
v 0.08986812456343346 -0.3833262898381059 -0.029529728901943303
v 0.08905526996343346 -0.3834844508381059 -0.028710159501943302
v 0.08959551526343346 -0.38365706583810594 -0.027679208701943302
v 0.09074418996343345 -0.3836007688381059 -0.0278697917019433
v 0.09091028196343345 -0.3833959078381059 -0.0290127015019433
v 0.09106835346343345 -0.3710330998381059 -0.028374158801943303
v 0.09025027976343346 -0.3711732008381059 -0.0275530592019433
v 0.09079713746343346 -0.3713199178381059 -0.026523127201943303
v 0.09195815776343345 -0.3712665418381059 -0.026720897301943304
v 0.09212290496343345 -0.3710901118381059 -0.0278580757019433
v 0.09218167136343346 -0.3594377908381059 -0.0270348610019433
v 0.09139738976343345 -0.35956954683810594 -0.026218504601943304
v 0.09194635226343345 -0.35970416383810594 -0.025187281901943304
v 0.09317789596343345 -0.35964965583810593 -0.0254090447019433
v 0.09328123556343346 -0.3594849678381059 -0.0265344614019433
v 0.09449903296343345 -0.3456274848381059 -0.0230895895019433
v 0.09367781136343345 -0.34572812683810594 -0.022253739651943303
v 0.09422580526343347 -0.34591480883810594 -0.021229009141943304
v 0.09538552906343345 -0.3459299778381059 -0.021431460041943302
v 0.09555450086343345 -0.34575202783810594 -0.022581409661943302
v 0.09781358386343346 -0.32255449683810594 -0.016230796231943304
v 0.09699429946343346 -0.3226382708381059 -0.015392086231943302
v 0.09753585606343346 -0.32288634583810594 -0.014378586671943302
v 0.09869008506343346 -0.3229557248381059 -0.014591146371943302
v 0.09886174646343346 -0.3227505358381059 -0.015735886991943303
v 0.09936478366343346 -0.3133009348381059 -0.014156399641943302
v 0.09856929256343346 -0.31338464983810593 -0.013319904508943303
v 0.09910877046343346 -0.31362926683810594 -0.012305689800943303
v 0.10024230556343346 -0.3136966208381059 -0.012517390001943303
v 0.10039853676343347 -0.3134936668381059 -0.013660380558943303
v 0.10080227626343347 -0.3039823148381059 -0.011923155514943303
v 0.10003379356343345 -0.3040568508381059 -0.011090097251943301
v 0.10056224466343346 -0.3042919018381059 -0.010073456451943302
v 0.10168065506343346 -0.30436253283810594 -0.010280381191943303
v 0.10181125256343346 -0.3041711428381059 -0.011423051121943303
v 0.10214226316343346 -0.2948650398381059 -0.009297432611943303
v 0.10133947056343345 -0.2949304258381059 -0.008460165471943303
v 0.10187509286343346 -0.2951558808381059 -0.007444438991943302
v 0.10299885276343346 -0.29522978983810594 -0.007648000491943302
v 0.10316227376343345 -0.29504993283810593 -0.008793586861943302
v 0.10323426876343346 -0.28611793883810593 -0.007096452171943302
v 0.10242849956343346 -0.2861606758381059 -0.006255948451943302
v 0.10298212616343345 -0.2863671158381059 -0.005238068751943302
v 0.10408733786343347 -0.2864521118381059 -0.005442606751943302
v 0.10424439986343345 -0.28629827283810594 -0.006590986161943303
v 0.10436963666343346 -0.2763069848381059 -0.004875033161943302
v 0.10357378426343346 -0.2763225118381059 -0.0040318071819433025
v 0.10413049166343347 -0.2765069878381059 -0.0030106483019433014
v 0.10526047276343345 -0.2766056638381059 -0.003220248971943302
v 0.10540239136343346 -0.2764821628381059 -0.0043722558719433025
v 0.10516326506343346 -0.26866951383810594 -0.0031923204619433015
v 0.10437088456343346 -0.2686529438381059 -0.002344789901943303
v 0.10489316656343345 -0.2688122968381059 -0.0013148691019433025
v 0.10606185716343346 -0.2689273038381059 -0.0015337756019433019
v 0.10621082036343346 -0.26883920783810594 -0.0026908610019433024
v 0.10570682956343345 -0.2590922388381059 -0.0009284792019433018
v 0.10489711536343346 -0.2590415458381059 -7.512890194330199e-05
v 0.10544410346343346 -0.2591812288381059 0.0009485706980566985
v 0.10659173506343346 -0.2593177828381059 0.0007370914980566971
v 0.10675645616343346 -0.2592627978381059 -0.0004265485019433017
v 0.10665629056343345 -0.24509176383810594 0.0022621452980566975
v 0.10586120186343345 -0.2450101058381059 0.003114760898056696
v 0.10639736806343346 -0.24514075883810593 0.004142279698056698
v 0.10753405096343346 -0.24530279383810594 0.003925655998056696
v 0.10770208016343347 -0.24527212783810592 0.0027623315980566977
v 0.10806151856343346 -0.22966964283810593 0.005535422798056699
v 0.10727992656343346 -0.2295681068381059 0.006358847998056697
v 0.10776998106343345 -0.22969315683810593 0.007385800598056699
v 0.10894448686343346 -0.2298731628381059 0.007170776798056697
v 0.10910297186343346 -0.2298593048381059 0.0060155158980566975
v 0.10889200866343346 -0.21469914683810593 0.007387946398056698
v 0.10808358716343346 -0.21458156183810592 0.008228619598056697
v 0.10861958936343347 -0.21469413983810592 0.009246527198056697
v 0.10976205396343346 -0.21488022583810593 0.009034083198056698
v 0.10993153226343345 -0.21488298283810592 0.007890933198056699
v 0.11001697186343345 -0.20004962183810593 0.008033032498056699
v 0.10921499876343346 -0.1999244218381059 0.008879310498056698
v 0.10975781826343345 -0.20001494683810592 0.009905490098056698
v 0.11089638246343345 -0.2001957278381059 0.009690710298056699
v 0.11105848846343346 -0.20021719983810593 0.008534460298056698
v 0.11132642256343345 -0.1852204928381059 0.008755381198056699
v 0.11052460226343346 -0.18509496483810592 0.009608001498056698
v 0.11107085646343345 -0.1851575198381059 0.010637252598056698
v 0.11220906676343345 -0.1853211948381059 0.0104212210980567
v 0.11236447836343345 -0.1853600718381059 0.009258438798056698
v 0.11258302256343346 -0.1683953678381059 0.008800947098056698
v 0.11178498716343346 -0.16827578583810593 0.009655157998056697
v 0.11234121026343347 -0.1682999258381059 0.010686268098056697
v 0.11348730696343345 -0.16843436383810592 0.010469370498056699
v 0.11363238096343345 -0.1684932988381059 0.009304148098056696
v 0.11334545536343346 -0.1533465208381059 0.008296492498056699
v 0.11254713686343346 -0.15322282683810592 0.009150621498056698
v 0.11311929296343345 -0.15319987883810593 0.010179354798056699
v 0.11426924546343345 -0.15330919383810593 0.009961054698056696
v 0.11440917476343346 -0.15339997183810591 0.008797383898056697
v 0.11396724356343346 -0.1304484578381059 0.006243593098056697
v 0.11316951366343345 -0.13029709183810592 0.007095350898056699
v 0.11374325306343346 -0.1302253428381059 0.008119772198056697
v 0.11489228536343346 -0.1303323928381059 0.007903427798056698
v 0.11503293736343345 -0.1304702288381059 0.006739235498056696
v 0.11515991016343345 -0.10393234083810592 0.0037778829980566996
v 0.11436649036343345 -0.10374528683810591 0.004626165098056696
v 0.11494379866343346 -0.10363104683810592 0.0056466413980567
v 0.11609031636343346 -0.10374755883810592 0.005427594298056698
v 0.11622855436343346 -0.10393380183810591 0.004273251598056697
v 0.11554628986343346 -0.07927931613810592 0.0004610465980566976
v 0.11475589496343346 -0.07907345653810592 0.0012998273980566986
v 0.11532738436343346 -0.07893533773810592 0.0023143859980566985
v 0.11647384236343346 -0.07905639473810591 0.002097386898056698
v 0.11661337686343345 -0.07926939943810592 0.0009488267980566987
v 0.11611631886343346 -0.05378291893810592 -0.0015747985019433017
v 0.11532031376343346 -0.053576549038105915 -0.0007329192019433026
v 0.11589786786343345 -0.05343669793810592 0.0002761212980566981
v 0.11704811826343346 -0.05355669693810592 5.82113980566977e-05
v 0.11718412116343345 -0.05377065153810592 -0.0010856390019433025
v 0.11702015626343346 -0.03600807623810592 -0.003487358801943303
v 0.11622888226343346 -0.03580686593810592 -0.0026414096019433016
v 0.11680613086343346 -0.035671231838105916 -0.0016276492019433025
v 0.11795506996343345 -0.03578874603810592 -0.0018463489019433024
v 0.11808808516343346 -0.03599690413810592 -0.0029959892819433013
v 0.11845238136343346 -0.020766434738105917 -0.006192761941943302
v 0.11766159906343346 -0.02056213233810592 -0.005347262601943302
v 0.11824089656343345 -0.020422333338105916 -0.004333961751943302
v 0.11938988046343346 -0.020540331938105918 -0.0045531624919433016
v 0.11952049656343346 -0.020752934238105918 -0.005701961931943302
v 0.11901510136343346 -0.012035276238105918 -0.007513657681943302
v 0.11798800156343346 -0.012812641938105915 -0.006460656881943302
v 0.11866671966343345 -0.012441653338105919 -0.005509157201943302
v 0.12011329456343346 -0.011435148738105916 -0.005974057591943302
v 0.12032857166343346 -0.011183974838105917 -0.007212856781943302
v 0.11434419076343345 -0.008530635838105916 -0.006126946301943302
v 0.11404296386343346 -0.009395491838105917 -0.005389846391943302
v 0.11452824996343346 -0.009166805538105918 -0.004343845881943302
v 0.11512944476343345 -0.008160619538105917 -0.004434445871943303
v 0.11501563716343345 -0.007767433738105917 -0.005536446351943302
v 0.10938230156343345 -0.0057022557381059165 -0.004663345401943303
v 0.10907594116343346 -0.006562296738105917 -0.003922655251943302
v 0.10955196996343346 -0.006325528538105916 -0.0028741462119433025
v 0.11015261336343346 -0.005319199038105916 -0.002966846341943302
v 0.11004774646343346 -0.004933926738105917 -0.004072546031943302
v 0.10131635146343346 -0.001917046958105917 -0.0026529999019433027
v 0.10109996426343346 -0.002796238758105918 -0.001903245201943302
v 0.10151445116343347 -0.0024842605881059167 -0.0008482961019433029
v 0.10198697816343345 -0.0014123404381059168 -0.0009461464019433017
v 0.10186458376343346 -0.001061736138105917 -0.0020614956019433025
v 0.09321805466343346 0.002172676381894083 -0.0018640514019433018
v 0.09303647656343346 0.0012953211518940827 -0.0011026524019433024
v 0.09338229896343345 0.0016592256718940832 -3.955230194330195e-05
v 0.09377766396343346 0.002761545821894083 -0.00014395270194330137
v 0.09367608656343346 0.003078780831894083 -0.0012716521019433026
v 0.08778649196343347 0.004467335291894083 -0.0018257359019433015
v 0.08788819236343345 0.003584045681894083 -0.0010562353019433028
v 0.08804352586343345 0.004048845151894083 1.2564498056697945e-05
v 0.08803772926343345 0.005219445796894083 -9.643570194330271e-05
v 0.08787888286343346 0.005478154983894083 -0.001232534601943303
v 0.08232003076343346 0.006218699155894083 -0.001174834601943302
v 0.08236481626343345 0.005336399015894083 -0.00039863490194330144
v 0.08246972036343346 0.005802088919194083 0.0006761643980566986
v 0.08248970846343345 0.006972188831894083 0.0005641653980566971
v 0.08239724116343346 0.007229698821894083 -0.0005797353019433016
v 0.05565468268343346 0.009349886091894083 -0.0010547815019433023
v 0.05502537219343345 0.008499096611894083 -0.00023038130194330195
v 0.05578198423343346 0.008958486141894083 0.0008027180980566973
v 0.056878852653433454 0.010093186981894084 0.0006169182980566984
v 0.056800164743433454 0.010335096161894083 -0.000531081101943302
v 0.05642894236343346 0.10693495216189408 0.020175102198056696
v 0.05579685187343346 0.10672667116189408 0.021144210398056695
v 0.056544151153433454 0.10653555616189408 0.022031503698056697
v 0.05763812037343346 0.10662565616189408 0.021610799198056696
v 0.05756693799343346 0.10687254616189408 0.0204635029980567
v 0.05668442230343346 0.12410659616189408 0.023044343098056697
v 0.05605213157343346 0.12391212116189408 0.024016163298056697
v 0.05679932097343346 0.12374000516189408 0.024907252798056695
v 0.05789345223343346 0.12382813016189409 0.024486153398056695
v 0.05782234156343346 0.12405471716189408 0.023334762998056695
v 0.05634158570343346 0.14153906916189407 0.0262137716980567
v 0.05570925213343346 0.1413492581618941 0.027186463598056695
v 0.05645648436343346 0.14118095016189408 0.028078260798056698
v 0.05755045404343346 0.14126716816189408 0.027656770298056695
v 0.05747946212343345 0.14148842016189409 0.026504470998056695
v 0.05626448616343346 0.15937318116189408 0.0282979076980567
v 0.05563227133343346 0.15919068716189408 0.029272003998056698
v 0.05637938482343346 0.1590290991618941 0.030165097698056698
v 0.05747347325343346 0.1591117851618941 0.0297430073980567
v 0.057402481793433456 0.15932435016189408 0.028588901298056697
v 0.056485514153433454 0.17922120016189408 0.029537717798056695
v 0.05585323320343345 0.17904939016189408 0.030513814698056696
v 0.05660030339343346 0.17889726416189408 0.031408618198056695
v 0.05769432522343346 0.1789750781618941 0.030985499698056695
v 0.05762340501343346 0.17917527516189408 0.029829303698056697
v 0.05576565256343346 0.1939198401618941 0.034317615398056694
v 0.05513325194343346 0.19376160416189409 0.0352959027980567
v 0.055880360303433456 0.1936213841618941 0.0361926992980567
v 0.056974372823433456 0.1936931041618941 0.0357686010980567
v 0.05690357182343346 0.19387743116189407 0.034609700598056695
v 0.05570576153343346 0.20827719816189408 0.0364063744980567
v 0.055073361143433454 0.20813560716189408 0.0373871875980567
v 0.055820350533433455 0.20801031816189408 0.0382862714980567
v 0.056914481803433455 0.2080742591618941 0.037861085498056696
v 0.056843681263433456 0.2082392001618941 0.036699186098056696
v 0.055762653243433456 0.2279519011618941 0.0344088179980567
v 0.05513013340343346 0.22782936916189409 0.0353922089980567
v 0.055877013133433455 0.2277207401618941 0.0362935093980567
v 0.056971225423433455 0.22777627616189408 0.0358671387980567
v 0.056900424883433456 0.2279189401618941 0.034702329898056695
v 0.05594046553343346 0.24394883416189408 0.032068169698056696
v 0.05530794593343345 0.2438444671618941 0.0330536579980567
v 0.05605486361343345 0.2437524521618941 0.0339567502980567
v 0.05714907637343346 0.24379976316189408 0.0335294557980567
v 0.057078341953433455 0.24392122216189407 0.032362359598056695
v 0.05610769707343346 0.2598828991618941 0.0353794125980567
v 0.05547511088343346 0.2597942371618941 0.036366312798056695
v 0.05622199038343346 0.2597164241618941 0.0372708057980567
v 0.057316188703433454 0.25975701416189406 0.036842918998056695
v 0.05724551156343346 0.2598598621618941 0.0356740196980567
v 0.056155414323433454 0.2748906341618941 0.0393395712980567
v 0.05552270380343346 0.2748144891618941 0.040327577898056695
v 0.056269583293433456 0.2747484171618941 0.0412329574980567
v 0.05736379604343346 0.2747835241618941 0.040804653398056695
v 0.05729322415343346 0.27487141116189406 0.0396344502980567
v 0.05610419251343346 0.2894538361618941 0.0414384481980567
v 0.055471591653433454 0.28938761616189407 0.0424270247980567
v 0.056218399663433456 0.2893305441618941 0.0433331420980567
v 0.057312612423433454 0.2893613901618941 0.0429045585980567
v 0.057242002333433455 0.2894376841618941 0.0417335507980567
v 0.056061749343433456 0.3059332091618941 0.0407834937980567
v 0.05542903882343345 0.3058742901618941 0.041772565798056695
v 0.05617583729343346 0.3058236561618941 0.0426789773980567
v 0.057270044923433454 0.3058514021618941 0.0422501665980567
v 0.057199558713433456 0.3059191731618941 0.0410786745980567
v 0.05581799475343346 0.32179603216189406 0.0391860967980567
v 0.05518533685343346 0.32174140416189406 0.0401754108980567
v 0.05593209713343346 0.3216947041618941 0.0410820869980567
v 0.057026304773433456 0.3217206621618941 0.0406532017980567
v 0.05695580458343345 0.32178321716189406 0.0394814041980567
v 0.056053475943433455 0.33667499016189406 0.040948144198056695
v 0.05542027927343346 0.33694935116189406 0.041954758598056696
v 0.056167959703433454 0.3366444731618941 0.0428477478980567
v 0.057263350113433455 0.3361818221618941 0.0423929607980567
v 0.057192549573433456 0.3362007461618941 0.041218950398056696
v 0.06494806706343345 0.3448503041618941 0.0410385047980567
v 0.06454625536343346 0.3453514001618941 0.0420231921980567
v 0.06511075426343346 0.3448670831618941 0.0429335971980567
v 0.06586145326343346 0.3440669201618941 0.0425115776980567
v 0.06576097476343346 0.3440565491618941 0.0413402867980567
v 0.07587361336343346 0.3534055671618941 0.0384811898980567
v 0.07546353336343345 0.3538981101618941 0.0394666781980567
v 0.07603436336343346 0.35342020016189407 0.0403764834980567
v 0.07679730276343345 0.35263225716189406 0.039953290498056696
v 0.07669789156343346 0.35262307716189406 0.0387819772980567
v 0.08623155576343346 0.3622626391618941 0.033922634098056695
v 0.08581012486343345 0.3626991531618941 0.034897136498056695
v 0.08639198166343345 0.3622439821618941 0.0358089645980567
v 0.08717313786343345 0.3615259851618941 0.035397826698056696
v 0.08707402276343346 0.36153719016189406 0.0342319299980567
v 0.09484779836343346 0.37008258916189407 0.030861436398056698
v 0.09440420936343347 0.3704521381618941 0.0318266516980567
v 0.09500641376343345 0.3700181861618941 0.032736274398056694
v 0.09582224486343346 0.36938047616189407 0.032333183098056696
v 0.09572424366343346 0.3694199641618941 0.0311744426980567
v 0.10125590856343346 0.3767978871618941 0.029536946698056697
v 0.10077365486343345 0.3771532501618941 0.0305473161980567
v 0.10140282286343345 0.3767568191618941 0.031408845398056696
v 0.10227330776343346 0.3761828271618941 0.030942785598056695
v 0.10218514876343346 0.3761880421618941 0.0297798169980567
v 0.10630404946343346 0.3829605001618941 0.028840026798056695
v 0.10575060546343346 0.3832300031618941 0.029865360798056698
v 0.10643119366343345 0.3829229201618941 0.030698376698056695
v 0.10740358756343346 0.3824629511618941 0.030183060998056697
v 0.10732481626343346 0.3824864951618941 0.029036789198056696
v 0.10859761016343346 0.38798609616189406 0.028516429498056696
v 0.10800112416343347 0.3881208321618941 0.029516040298056698
v 0.10874624926343346 0.38804313816189406 0.0303810415980567
v 0.10980217526343346 0.38786348916189406 0.029911129698056697
v 0.10970780996343346 0.3878510621618941 0.0287697230980567
v 0.10901525246343347 0.3937498651618941 0.030718184098056697
v 0.10842280086343345 0.3939077581618941 0.0317282219980567
v 0.10919153686343346 0.3940613591618941 0.032637818698056695
v 0.11026031156343347 0.3939900421618941 0.0321876061980567
v 0.11015123876343345 0.3938115861618941 0.0310074043980567
v 0.10956433046343346 0.39852407816189406 0.0323997316980567
v 0.10897457596343346 0.3987644931618941 0.0334191424980567
v 0.10974754016343347 0.3990134321618941 0.0343409170980567
v 0.11081535746343346 0.3989272741618941 0.033892548598056696
v 0.11070227246343345 0.3986254361618941 0.032692394198056696
v 0.11000075936343345 0.40493038516189406 0.0333312851980567
v 0.10940231756343347 0.4051872511618941 0.0343422395980567
v 0.11016708986343346 0.4054760661618941 0.035254972998056695
v 0.11124096436343345 0.40539846016189407 0.034808861998056696
v 0.11113702506343345 0.40506139616189407 0.033619019198056696
v 0.10999085006343345 0.4127872311618941 0.0341434021980567
v 0.10938579966343345 0.41301659016189407 0.035144901798056696
v 0.11014914136343346 0.41331568616189407 0.0360435870980567
v 0.11122601106343347 0.4132712801618941 0.035597420298056695
v 0.11112812536343346 0.4129453321618941 0.0344233056980567
v 0.11000745366343345 0.4223476371618941 0.0355795202980567
v 0.10941802706343345 0.4225190901618941 0.0365809751980567
v 0.11017177256343345 0.4228136861618941 0.0374595475980567
v 0.11122643206343345 0.42282316316189406 0.037001649898056696
v 0.11113377286343346 0.4225360471618941 0.035842857298056696
v 0.10967678576343345 0.4289761211618941 0.036319992498056695
v 0.10909292846343346 0.4290651701618941 0.0373312485980567
v 0.10982920226343346 0.4293521371618941 0.038189738098056696
v 0.11087866496343346 0.42943886116189406 0.0377063294980567
v 0.11079284176343346 0.42920720816189406 0.0365523350980567
v 0.10847267876343346 0.4374252281618941 0.032594225398056696
v 0.10790155086343345 0.4374598881618941 0.0336333093980567
v 0.10863979906343346 0.4377342781618941 0.0344713208980567
v 0.10968587546343345 0.4378786701618941 0.0339538482980567
v 0.10959446426343346 0.4376914821618941 0.0327932750980567
v 0.10760350896343346 0.4444771131618941 0.030139150998056696
v 0.10702195766343345 0.4445045021618941 0.031175139398056696
v 0.10777842996343345 0.44479820316189406 0.0320080099980567
v 0.10882644356343346 0.44495228116189406 0.0314878401980567
v 0.10871888696343346 0.4447537981618941 0.030331878898056698
v 0.10619202256343346 0.4534159321618941 0.026882200498056695
v 0.10557696966343345 0.4534846271618941 0.0278965187980567
v 0.10632273186343345 0.45380664116189406 0.028729527298056695
v 0.10739434886343346 0.4539368471618941 0.028230133498056698
v 0.10731361806343345 0.4536955681618941 0.027089624698056695
v 0.10486323756343346 0.4616234921618941 0.023436746598056696
v 0.10424506666343346 0.4617494071618941 0.024435824698056698
v 0.10498921196343346 0.46210623016189406 0.0252667432980567
v 0.10605005916343346 0.46220115016189406 0.024781036198056695
v 0.10597813126343346 0.46190262116189407 0.0236499262980567
v 0.10329557206343346 0.4708616461618941 0.019684377098056698
v 0.10265431176343345 0.47105604616189406 0.0206663785980567
v 0.10335991536343345 0.4714518511618941 0.021489477698056696
v 0.10444862766343346 0.4715019191618941 0.021016067798056697
v 0.10439942776343346 0.4711372281618941 0.019900578098056697
v 0.10178667676343345 0.4798488641618941 0.016064426898056698
v 0.10111991686343345 0.4801174131618941 0.017020522598056698
v 0.10184452686343345 0.48055288416189407 0.017829625898056697
v 0.10291945936343345 0.4805538081618941 0.017373516198056698
v 0.10288284716343346 0.4801186341618941 0.016282626398056697
v 0.10014557466343346 0.4904847461618941 0.011441447798056698
v 0.09949549286343345 0.49082717516189406 0.012365748198056699
v 0.10019193216343346 0.4913014201618941 0.013158227298056699
v 0.10128292816343346 0.49125197716189406 0.012723739298056699
v 0.10124942286343346 0.4907472161618941 0.0116627374980567
v 0.09877715636343345 0.5012997711618941 0.0067508862980566985
v 0.09809256346343345 0.501704725161894 0.007643378298056697
v 0.09881637986343346 0.5022098151618941 0.008420078998056697
v 0.09990085286343345 0.5021170401618941 0.008007575798056697
v 0.09987883266343345 0.501554909161894 0.006975977698056697
v 0.09667094796343345 0.5142914671618941 -0.00010542390194330162
v 0.09601626916343345 0.5147403501618941 0.0007619764980566976
v 0.09672854836343345 0.5152652881618941 0.0015272758980566983
v 0.09782546756343347 0.5151410721618941 0.0011328858980566986
v 0.09778773786343345 0.5145392441618941 0.00012378669805669824
v 0.09444438666343347 0.527121784161894 -0.007532274351943302
v 0.09378657116343345 0.5276058341618941 -0.006686373611943302
v 0.09450679276343346 0.5281459711618941 -0.005930274721943302
v 0.09560970966343346 0.5279958271618941 -0.0063087749319433025
v 0.09557109326343347 0.5273628851618941 -0.0072988746719433025
v 0.09250320126343345 0.5382949731618941 -0.014152748281943302
v 0.09183159466343346 0.5388107321618941 -0.013327837921943302
v 0.09255074336343345 0.5393642801618941 -0.012580637674943301
v 0.09366130456343345 0.5391906521618941 -0.012943647830943303
v 0.09363197906343346 0.5385296371618941 -0.013915238091943302
v 0.09115422146343347 0.547758879161894 -0.0204679677219433
v 0.09048767756343346 0.5483020571618941 -0.0196621674119433
v 0.09120621536343346 0.548867228161894 -0.0189229673719433
v 0.09231686216343346 0.5486731551618941 -0.019271868281943303
v 0.09228542816343346 0.5479883571618941 -0.020226766821943302
v 0.09024429316343346 0.556821825161894 -0.026626521701943302
v 0.08958167956343346 0.557385924161894 -0.025835992801943302
v 0.09029975906343346 0.557960036161894 -0.025103351101943304
v 0.09140616286343345 0.5577506441618941 -0.025441031001943303
v 0.09137184176343346 0.5570474291618941 -0.0263823532019433
v 0.08939888696343345 0.5658029941618941 -0.035312031401943306
v 0.08873574066343345 0.5664283061618941 -0.0345722316019433
v 0.08945374566343345 0.567059400161894 -0.033884572801943305
v 0.09056046236343346 0.5668231271618941 -0.0341992108019433
v 0.09052658826343346 0.5660477901618941 -0.035082032001943306
v 0.08696037156343345 0.576642396161894 -0.0501189129019433
v 0.08632499726343346 0.5763396051618941 -0.048463658401943305
v 0.08702560516343345 0.577510180161894 -0.0483061122019433
v 0.08809402216343346 0.5785363931618941 -0.0498640435019433
v 0.08805358786343345 0.5780004881618941 -0.050984391001943304
v 0.08290611206343346 0.5761108421618941 -0.048006915501943304
v 0.08346191416343346 0.5759892491618941 -0.0469815629019433
v 0.08353729176343345 0.5770640391618941 -0.0464867027019433
v 0.08302811536343346 0.5778500461618941 -0.047204227201943304
v 0.08263809046343346 0.5772618671618941 -0.0481444644019433
v 0.07906025836343346 0.5754268191618941 -0.0443208078019433
v 0.07960715146343346 0.5752873441618941 -0.0432961648019433
v 0.07967317106343345 0.5763403201618941 -0.0427659592019433
v 0.07916599136343345 0.5771340151618941 -0.0434625326019433
v 0.07878704926343345 0.5765714671618941 -0.044424206901943306
v 0.07485224116343346 0.5750132821618941 -0.04096316640194331
v 0.07539047676343345 0.574836554161894 -0.0399381621019433
v 0.07544963806343345 0.5758665231618941 -0.0393708078019433
v 0.07494703306343345 0.5766818551618941 -0.0400449941019433
v 0.07457762216343346 0.5761563801618941 -0.0410296386019433
v 0.06804581546343345 0.5740162161618941 -0.0361334169019433
v 0.06856867296343346 0.573792996161894 -0.035105279601943304
v 0.06860847396343346 0.574795725161894 -0.034492920201943306
v 0.06811011206343345 0.5756383561618941 -0.03514245430194331
v 0.06776232646343346 0.5751572271618941 -0.0361565454019433
v 0.06094883848343346 0.572033884161894 -0.0312084211019433
v 0.06145184952343345 0.5717940351618941 -0.030173323101943303
v 0.06146283075343346 0.572782221161894 -0.029536821901943303
v 0.06096653919343346 0.5736330171618941 -0.030178622301943302
v 0.06064892746343346 0.5731703661618941 -0.031211721701943303
v 0.05290919286343346 0.569669785161894 -0.026535376901943304
v 0.053375501423433454 0.5694198631618941 -0.0254856413019433
v 0.053338346303433454 0.5703948761618941 -0.0248299930019433
v 0.052849206723433455 0.5712475201618941 -0.0254745427019433
v 0.052583908836433456 0.570799532161894 -0.026528482301943303
v 0.04493175028343346 0.5674160141618941 -0.022856283001943305
v 0.045343360863433456 0.567148628161894 -0.021787881851943303
v 0.04523222940343346 0.568101408161894 -0.021106882021943302
v 0.044751958923433456 0.568956496161894 -0.021754381241943302
v 0.04456625925343346 0.5685335421618941 -0.022835681201943302
v 0.03764443846343346 0.5654736181618941 -0.019764952361943304
v 0.038004575263433454 0.565188410161894 -0.018682901281943304
v 0.03782328406343346 0.5661155601618941 -0.017983407711943303
v 0.037351131463433454 0.566974165161894 -0.0186331472319433
v 0.03724057416343346 0.5665773171618941 -0.019734202421943303
v 0.030698209963433455 0.5636596111618941 -0.017157941591943303
v 0.031018920263433458 0.5633590241618941 -0.016067541441943303
v 0.030783109363433456 0.5642650751618941 -0.015356541611943303
v 0.030316799863433455 0.5651257061618941 -0.016007542381943303
v 0.030264308663433458 0.5647512101618941 -0.0171208423519433
v 0.026251610363433455 0.5621051811618941 -0.015815101561943302
v 0.026556899763433457 0.561798217161894 -0.014722201511943303
v 0.026300609063433456 0.5626960421618941 -0.014007701541943302
v 0.025836918463433455 0.5635578651618941 -0.014659112431943302
v 0.025806611363433457 0.5631925491618941 -0.0157762023119433
v 0.020582936663433457 0.5602566621618941 -0.014561601561943301
v 0.01984812696343346 0.5595186971618941 -0.013305202475943302
v 0.020452437963433455 0.5607796931618941 -0.012728602625443302
v 0.021560735963433456 0.5622970481618941 -0.013628802028943302
v 0.021641317763433456 0.5619738721618941 -0.014761602501943302
v 0.021165894363433458 0.5660646581618941 -0.022369541231943305
v 0.020411193363433458 0.5663808611618941 -0.021525652151943304
v 0.022256193663433458 0.5662386441618941 -0.021965951661943303
v 0.021035114263433456 0.5667507071618941 -0.020600452091943302
v 0.022175302763433456 0.5666627911618941 -0.0208725519519433
v 0.04547752859343346 0.6698855181618941 -0.012328200100943302
v 0.046290440483433455 0.6690359141618941 -0.012337000108943303
v 0.04460571753343345 0.6695608521618941 -0.013047001091943303
v 0.044879841613433454 0.668511035161894 -0.013500001164943301
v 0.045921029993433456 0.6681869651618941 -0.013061201315943302
v 0.04889247892343346 0.6702832601618941 -0.016204926651943303
v 0.047849578783433454 0.6706061381618941 -0.016641037071943303
v 0.04460571753343345 0.6695608521618941 -0.013047001091943303
v 0.049259490803433455 0.671130421161894 -0.015476736701943302
v 0.046290440483433455 0.6690359141618941 -0.012337000108943303
v 0.04757197853343346 0.671652260161894 -0.0161823269419433
v 0.04547752859343346 0.6698855181618941 -0.012328200100943302
v 0.04844337934343346 0.671976390161894 -0.015462736831943302
v 0.05140050873143345 0.6727741381618941 -0.020400607031943303
v 0.05176092132743346 0.6736139681618941 -0.019661298491943303
v 0.05035284033343346 0.6730921291618941 -0.020828696901943302
v 0.05093579756843346 0.6744513531618941 -0.019632498731943303
v 0.05006563174343345 0.6741284751618941 -0.020353998521943303
v 0.05328362924343345 0.675589444161894 -0.024427263101943302
v 0.05363272177343346 0.6764176511618941 -0.023669261501943303
v 0.05222792131843346 0.675898852161894 -0.0248419521019433
v 0.052792839823433454 0.677238586161894 -0.023615362101943302
v 0.05192460998643346 0.6769181511618941 -0.024340173201943302
v 0.055421809903433455 0.678593220161894 -0.028711357201943302
v 0.05575577728343346 0.6794031281618941 -0.0279271575019433
v 0.05435517756343346 0.6788892171618941 -0.029107268001943302
v 0.054895610553433456 0.680199625161894 -0.027838465801943303
v 0.054029979513433454 0.679882290161894 -0.028567756501943303
v 0.057400851043433454 0.681735518161894 -0.032753684601943306
v 0.05771594960343346 0.6825197961618941 -0.031936193801943305
v 0.05632063839343346 0.682013216161894 -0.0331256939019433
v 0.056830549143433454 0.6832821391618941 -0.031802984901943304
v 0.05596817005343346 0.6829696321618941 -0.0325380741019433
v 0.059052500403433454 0.685322883161894 -0.036956613001943306
v 0.059345688673433455 0.6860717561618941 -0.036098801501943306
v 0.057956690433433454 0.6855755471618941 -0.0372998016019433
v 0.058431081473433455 0.6867877271618941 -0.0359119019019433
v 0.05757269822343346 0.686481299161894 -0.0366542013019433
v 0.060951037333433454 0.6888915921618941 -0.0413429914019433
v 0.06121954880343346 0.6895922441618941 -0.040437192701943306
v 0.05983664468343346 0.6891076591618941 -0.0416500932019433
v 0.06027102470343346 0.6902416971618941 -0.0401842678019433
v 0.05941633647343346 0.6899420041618941 -0.040933885601943304
v 0.06343857756343346 0.694159808161894 -0.0457271943019433
v 0.06368216966343346 0.694787504161894 -0.0447717356019433
v 0.06230680926343346 0.6943270591618941 -0.0459986301019433
v 0.06270043826343345 0.695345821161894 -0.0444497848019433
v 0.06185052356343346 0.6950604941618941 -0.0452083880019433
v 0.06561351756343345 0.6993691941618941 -0.0501240352019433
v 0.06583444586343346 0.6999060531618941 -0.0491172532019433
v 0.06447086296343346 0.6994964501618941 -0.0503687793019433
v 0.06482843866343346 0.700364294161894 -0.048740510801943304
v 0.06398558616343346 0.7001115111618941 -0.049513530901943305
v 0.06706081326343345 0.7047781371618941 -0.0539776208019433
v 0.06724189226343345 0.7052056221618941 -0.0529419379019433
v 0.06592976026343346 0.7048884651618941 -0.0542057576019433
v 0.06621607296343346 0.7055811901618941 -0.0525333928019433
v 0.06540793836343345 0.7053787731618941 -0.053323027701943304
v 0.06782585566343345 0.711304607161894 -0.0578626106019433
v 0.06800843216343345 0.7116013191618941 -0.0567802014019433
v 0.06667633446343346 0.7114312671618941 -0.058081020601943305
v 0.06697352326343345 0.7119138261618941 -0.056329467301943305
v 0.06615022106343346 0.711812856161894 -0.057130181201943304
v 0.06829710866343346 0.7175232791618941 -0.0603643665019433
v 0.06848070026343346 0.7177174111618941 -0.0592890130019433
v 0.06715509856343346 0.7176647211618941 -0.060552881101943304
v 0.06744355146343345 0.7179805061618941 -0.058842015501943304
v 0.06662822696343346 0.717947962161894 -0.059647412001943304
v 0.06943794716343346 0.7248873731618941 -0.06267377450194331
v 0.06954253646343346 0.7249081751618941 -0.0616478519019433
v 0.06831053646343346 0.725089612161894 -0.06288839970194329
v 0.06848792546343346 0.7251274011618941 -0.061212831201943305
v 0.06772394106343346 0.725241127161894 -0.0619869465019433
v 0.07029425536343345 0.731911125161894 -0.0631176131019433
v 0.07039035666343346 0.731777849161894 -0.061980531501943305
v 0.06917434556343346 0.7321726701618941 -0.0633590864019433
v 0.06932986716343345 0.7319597621618941 -0.0615097405019433
v 0.06857833266343345 0.7322037841618941 -0.062362534001943304
v 0.07059376686343345 0.7402087471618941 -0.0613544444019433
v 0.07171146386343345 0.7399432081618941 -0.0611051628019433
v 0.06993465316343346 0.7399151351618941 -0.0605604993019433
v 0.07174316416343346 0.7394854451618941 -0.0601429054019433
v 0.07064503616343346 0.7394683381618941 -0.059785963001943304
v 0.07081020806343345 0.747621538161894 -0.058580444201943305
v 0.07146262566343345 0.747844937161894 -0.0594941014019433
v 0.07153343226343345 0.7472962161618941 -0.0577220405019433
v 0.07263278956343346 0.747318151161894 -0.058107228001943304
v 0.07258900066343346 0.7476575401618941 -0.0592041733019433
v 0.07205424276343346 0.7569550891618941 -0.0557288239019433
v 0.07131651786343346 0.7570673851618941 -0.0566384578019433
v 0.07315253276343346 0.7569654611618941 -0.056148030801943305
v 0.07195890876343346 0.7571479701618941 -0.057620332601943304
v 0.07309363226343346 0.757085087161894 -0.057316624601943304
v 0.07373000126343346 0.7663409731618941 -0.0532873692019433
v 0.07263219726343345 0.7662817861618941 -0.0528709674019433
v 0.07367177866343345 0.7663794781618941 -0.0544608543019433
v 0.07189562176343345 0.7662836331618941 -0.0537871690019433
v 0.07253812816343345 0.7663440731618941 -0.0547697591019433
v 0.07396825216343346 0.7772974391618941 -0.0505977245019433
v 0.07390775536343346 0.7773816611618941 -0.051768940901943304
v 0.07277371736343345 0.7773505471618941 -0.052077510401943305
v 0.07287164586343345 0.7772138141618941 -0.0501824478019433
v 0.07213342566343345 0.7772467751618941 -0.051097021401943304
v 0.07407839226343346 0.7886285211618941 -0.0489304969019433
v 0.07414323276343346 0.788405123161894 -0.0477776946019433
v 0.07294241896343345 0.7886614821618941 -0.0492307814019433
v 0.07304708476343345 0.7883001591618941 -0.0473655919019433
v 0.07230501066343345 0.7884582301618941 -0.048263573101943305
v 0.07403709366343346 0.798362496161894 -0.045993850601943304
v 0.07410697826343346 0.7980511811618941 -0.0448620291019433
v 0.07290530206343346 0.7983289381618941 -0.0463101203019433
v 0.07301829756343345 0.7978253981618941 -0.0444789575019433
v 0.07227558086343346 0.797996881161894 -0.0453738505019433
v 0.07365986706343346 0.807407381161894 -0.0426708972019433
v 0.07374947886343346 0.8069636251618941 -0.0415851017019433
v 0.07253239486343346 0.8073432471618941 -0.0429973965019433
v 0.07267737756343345 0.806625488161894 -0.0412405012019433
v 0.07192509996343346 0.8068605091618941 -0.0421133032019433
v 0.07128895636343346 0.8158373261618941 -0.0385027686019433
v 0.07141654936343346 0.8151989001618941 -0.0375213781019433
v 0.07015342636343345 0.8158134241618941 -0.038806877101943305
v 0.07035995456343345 0.8147813701618941 -0.0372189684019433
v 0.06957923436343345 0.8151616481618941 -0.038013474101943306
v 0.06934393386343346 0.8218315861618941 -0.0355424294019433
v 0.06950142796343345 0.8210625071618941 -0.03466684280194331
v 0.06821492686343346 0.8217829491618941 -0.0358691430019433
v 0.06846982986343346 0.8205395961618941 -0.0344523424019433
v 0.06767472256343346 0.8209839481618941 -0.03519541860194331
v 0.06787378336343346 0.8260905761618941 -0.0332775945019433
v 0.06804251116343346 0.8252953911618941 -0.0324282097019433
v 0.06678619326343346 0.825944605161894 -0.03370049320194331
v 0.06705917786343346 0.8246586941618941 -0.032326201901943304
v 0.06628278646343345 0.8250595951618941 -0.033112493301943303
v 0.06647712176343346 0.829930784161894 -0.031113029501943303
v 0.06664821136343346 0.8291312481618941 -0.030267727601943302
v 0.06543083116343346 0.8297196651618941 -0.0316060437019433
v 0.06570751126343345 0.8284269001618941 -0.030238243701943304
v 0.06495513856343346 0.8287899521618941 -0.0310653346019433
v 0.06442591636343345 0.8331568861618941 -0.0283538392019433
v 0.06458114556343346 0.8323789261618941 -0.027486642801943302
v 0.06341743466343346 0.8328970691618941 -0.0288996445019433
v 0.06366851736343346 0.8316370871618941 -0.0274963416019433
v 0.06294932306343345 0.8319577001618941 -0.0283697406019433
v 0.06059965584343346 0.8375355621618941 -0.023745248101943305
v 0.06073794327343346 0.8367773321618941 -0.022857748901943302
v 0.059622445143433456 0.8372387311618941 -0.024328648101943302
v 0.059846138583433454 0.8360114121618941 -0.0228925459019433
v 0.059156751263433456 0.8362970371618941 -0.0238016453019433
v 0.05589491827343346 0.8415911821618941 -0.018679758071943303
v 0.056015047713433457 0.8408520241618941 -0.0177737483719433
v 0.054960927693433456 0.8412487531618941 -0.0193075486419433
v 0.05515521019343346 0.840052488161894 -0.0178414569219433
v 0.054503803143433456 0.8402978801618941 -0.018789456691943304
v 0.05167532429003346 0.8440653701618941 -0.015079959291943302
v 0.05177869304343346 0.8433414121618941 -0.014159456241943303
v 0.05079349980243346 0.843674006161894 -0.015753058951943302
v 0.05096079810743346 0.8425028941618941 -0.014263658201943303
v 0.05035187711343345 0.8427084711618941 -0.015248659531943303
v 0.047381191053433455 0.8462501191618941 -0.011867717257943302
v 0.047469806393433456 0.8455377841618941 -0.010936417381943302
v 0.04656190890343346 0.8458075551618941 -0.012587017757943303
v 0.04670549882343346 0.8446557541618941 -0.011080217081943303
v 0.04614431876343346 0.8448224691618941 -0.012100417341943302
v 0.04343965556343346 0.8478810211618941 -0.009031490421943303
v 0.04351637326343345 0.8471772691618941 -0.008092890031943302
v 0.04269537888343346 0.8473866011618941 -0.009797090661943302
v 0.042819571683433456 0.846247675161894 -0.008278389931943301
v 0.042312145233433456 0.8463772561618941 -0.009331590961943302
v 0.038998828263433455 0.8497552301618941 -0.006525793581943302
v 0.03906684646343346 0.8490563651618941 -0.0055827931519433025
v 0.03834304866343346 0.849208953161894 -0.007336293351943302
v 0.03845302576343346 0.8480786111618941 -0.005810593251943302
v 0.03800563796343345 0.848173203161894 -0.006894293241943302
v 0.03402679976343345 0.8514886521618941 -0.004672681911943302
v 0.03408391026343346 0.8507952711618941 -0.0037251822619433026
v 0.03347370956343346 0.8508947511618941 -0.005525382231943302
v 0.033566011163433454 0.8497723361618941 -0.003992281851943303
v 0.033188911163433456 0.8498339671618941 -0.005104882181943302
v 0.029507908963433457 0.8531243821618941 -0.0032503819119433022
v 0.029544521163433455 0.8524383331618941 -0.002296382601943302
v 0.029064701863433455 0.8524901891618941 -0.004137681801943302
v 0.029123809163433455 0.8513805891618941 -0.0025939820019433013
v 0.028827309563433455 0.8514129541618941 -0.0037319827819433018
v 0.024821119363433456 0.854450049161894 -0.0021893820019433016
v 0.024833921363433455 0.8537713311618941 -0.0012298822019433022
v 0.024479821363433456 0.8537878421618941 -0.0030996827419433014
v 0.024500511563433455 0.8526885531618941 -0.0015471829019433024
v 0.024281699163433458 0.852698984161894 -0.0027027819019433026
v 0.019996810663433458 0.8555187601618941 -0.0014283825019433018
v 0.01999011266343346 0.8548437381618941 -0.0004657833019433028
v 0.019740611363433455 0.854837003161894 -0.0023520831019433024
v 0.019729610563433454 0.8537451051618941 -0.0007945821019433013
v 0.01957551016343346 0.8537408141618941 -0.001960382801943302
v 0.015066608763433458 0.8563811801618941 -0.0009067822019433024
v 0.015044111763433454 0.8557091971618941 5.741699805669742e-05
v 0.014875907463433459 0.8556884551618941 -0.0018374827019433018
v 0.014839511363433457 0.8546007891618941 -0.0002773823019433016
v 0.014735508663433455 0.8545879741618941 -0.001448482301943303
v 0.010058704763433457 0.8570904161618941 -0.0005641822019433022
v 0.010025214363433455 0.856419685161894 0.00040071739805669707
v 0.009914509963433453 0.8563909551618941 -0.0014980827019433016
v 0.009860314463433453 0.855305793161894 6.331779805669735e-05
v 0.009791906963433454 0.8552874351618941 -0.0011102818019433029
v 0.005002304863433456 0.857697131161894 -0.00034058190194330255
v 0.004962414463433457 0.857026937161894 0.0006246175980566971
v 0.004885911963433458 0.8569939751618941 -0.001275682801943302
v 0.00482141226343346 0.8559100051618941 0.0002861180980566983
v 0.00477411226343346 0.8558898591618941 -0.0008883821019433028
v -0.00011498483656654374 0.8575823921618941 0.0007888171980566985
v -0.00024818633656654293 0.856464209161894 0.0004500178980566972
v -0.0002884864365665443 0.8564428711618941 -0.0007245829019433027
v -7.309023656654201e-05 0.8582519311618941 -0.0001764819019433022
v -0.00018018853656654593 0.8575475831618941 -0.001111882701943302
v -0.00011498483656654374 0.8575823921618941 0.0007888171980566985
v -0.0002884864365665443 0.8564428711618941 -0.0007245829019433027
v -0.00024818633656654293 0.856464209161894 0.0004500178980566972
v 0.05560085270343346 0.009160686521894083 0.0007782186980566982
v 0.055925373923433455 0.009447185791894084 -0.0010739816019433024
v 0.055170373753433456 0.008983676321894084 -0.0003012810019433019
v 0.056621971073433454 0.009733596811894084 0.0006726188980566983
v 0.05682247132343346 0.009910685941894083 -0.00047208090194330275
v 0.04067684616343346 0.04056760526189408 -0.0003384566019433016
v 0.04087822886343345 0.040743196861894086 -0.0014832569019433018
v 0.055925373923433455 0.009447185791894084 -0.0010739816019433024
v 0.039651730063433456 0.040001886461894086 -0.00023255680194330178
v 0.05560085270343346 0.009160686521894083 0.0007782186980566982
v 0.039977729363433454 0.04028588766189408 -0.002084846601943302
v 0.055170373753433456 0.008983676321894084 -0.0003012810019433019
v 0.03921974916343346 0.03982770676189408 -0.001311856301943302
v 0.029331620763433458 0.06270980696189409 -0.00047010180194330224
v 0.028294799863433456 0.062165787861894084 -0.00036300160194330244
v 0.029535511463433455 0.06288070836189408 -0.0016152021019433024
v 0.027858000263433456 0.062000496761894085 -0.0014418028019433024
v 0.028624808463433456 0.062442398161894085 -0.0022157021019433027
v 0.018398098663433456 0.08453086996189409 0.0007654977980566975
v 0.01734271276343346 0.08402396976189408 0.0008747968980566973
v 0.018606010863433456 0.08469390356189409 -0.00038000200194330223
v 0.01689830796343346 0.08387390016189408 -0.00020310280194330184
v 0.017679009563433455 0.08428786926189408 -0.0009787027019433018
v 0.008491314963433458 0.10662833816189408 0.0020006978980566976
v 0.007411811463433456 0.10617538016189408 0.0021129976980566977
v 0.008704211563433456 0.10677986116189409 0.0008545973980566973
v 0.006957508663433455 0.10604713316189408 0.0010362965980566987
v 0.007756307763433459 0.10642066816189408 0.00025849789805669834
v -4.908813656654548e-05 0.12909667416189408 0.0032352962980566995
v -0.0011559873365665427 0.1287156661618941 0.0033515979980566976
v 0.000169608763433457 0.12923308716189408 0.002088397698056698
v -0.0016212873365665445 0.12861655916189407 0.0022764978980566973
v -0.0008019954365665466 0.12893638216189407 0.0014956974980566973
v -0.006883889436566544 0.1520309321618941 0.0044693974980566965
v -0.008017789536566546 0.15174056816189407 0.004590597898056697
v -0.0066593848365665426 0.15214813016189407 0.0033213970980566984
v -0.008494094036566542 0.1516783111618941 0.0035173976980566977
v -0.007654592436566542 0.15193023016189408 0.0027329967980566985
v -0.011675987436566546 0.17553435516189408 0.005703396198056699
v -0.01282758633656654 0.1753308051618941 0.0058291973980566965
v -0.011449288536566543 0.1756396461618941 0.004554697298056697
v -0.01331249253656655 0.17531036116189408 0.004758297498056698
v -0.012460690036566538 0.17550124416189408 0.003970597898056698
v -0.013559993336566545 0.1892510971618941 0.006574596298056699
v -0.014718990736566545 0.1891020111618941 0.0067039979980566995
v -0.013334292936566544 0.18936248316189408 0.0054262978980566985
v -0.015209589136566545 0.18912139816189408 0.005635698298056699
v -0.014353688836566542 0.18928237516189408 0.004845998298056698
v -0.014987993936566538 0.2030447301618941 0.007722196198056697
v -0.016150888036566544 0.20293349216189407 0.007854797898056699
v -0.014763396236566542 0.20316757516189407 0.0065748979980566995
v -0.016644995636566545 0.2029875091618941 0.006789297798056697
v -0.015787486036566545 0.20313217016189408 0.0059982956980566965
v -0.01557474953656654 0.21546678516189408 0.0110114803980567
v -0.016747552936566545 0.21541931016189408 0.011162438398056699
v -0.015355672736566545 0.2155282971618941 0.009858329798056696
v -0.017253611236566546 0.2154519281618941 0.010102855998056697
v -0.016390312436566537 0.21551704616189407 0.009294283598056698
v -0.015131417636566544 0.22788955516189408 0.013807770798056698
v -0.016308154936566538 0.2279058271618941 0.013976403498056698
v -0.014922726936566544 0.22788974916189408 0.012650937798056698
v -0.01682639493656654 0.22791682416189407 0.012923396198056696
v -0.01596638183656654 0.22790278716189408 0.0121012469980567
v -0.01322862873656655 0.24268719816189407 0.013394967698056696
v -0.014394845836566542 0.24276854316189408 0.013568091198056697
v -0.013033363936566539 0.24258162316189408 0.0122406081980567
v -0.014917287936566548 0.24271108416189408 0.012516577698056697
v -0.014078769836566543 0.24259817816189408 0.011700193398056696
v -0.011221040036566543 0.2565930811618941 0.010273122198056699
v -0.012377101936566548 0.2567338971618941 0.010435654798056696
v -0.011032674436566539 0.25643185016189407 0.009123946498056697
v -0.01290316503656655 0.25665971916189406 0.009386965098056699
v -0.012072261436566548 0.25647321616189406 0.008576295298056699
v -0.008883953136566543 0.2678314771618941 0.005655054898056698
v -0.010032739536566547 0.2680198271618941 0.005811137098056699
v -0.008697032936566547 0.2676591301618941 0.004506376598056697
v -0.010556269436566547 0.2679640081618941 0.004759679598056697
v -0.009730312936566544 0.26774087816189407 0.003952662498056699
v -0.006289914236566545 0.2787497961618941 0.00022002589805669714
v -0.007431708236566546 0.2789866051618941 0.0003702481980566979
v -0.00795224313656654 0.27894947116189406 -0.0006831633019433025
v -0.006104756136566546 0.2785665711618941 -0.0009263847019433027
v -0.007132180036566543 0.2786898341618941 -0.0014845040019433025
v 0.08646767586343346 0.5778673911618941 -0.0498763928019433
v 0.08712585266343345 0.5771087431618941 -0.0504877837019433
v 0.08694831656343346 0.5779880311618941 -0.0488103004019433
v 0.08790351826343346 0.5773040081618941 -0.0487629781019433
v 0.08801330626343346 0.5767608901618941 -0.049799677901943305
v 0.07657593676343345 0.5683604501618941 -0.0488749603019433
v 0.07646767606343345 0.568861725161894 -0.0478205057019433
v 0.08694831656343346 0.5779880311618941 -0.0488103004019433
v 0.07568528126343346 0.5687311911618941 -0.049548254301943304
v 0.08712585266343345 0.5771087431618941 -0.0504877837019433
v 0.07551018706343346 0.5695424701618941 -0.047842470001943305
v 0.08646767586343346 0.5778673911618941 -0.0498763928019433
v 0.07502655866343345 0.5694612881618941 -0.0489100078019433
v 0.07189340516343345 0.5621259231618941 -0.0490174005019433
v 0.07280302046343345 0.561750474161894 -0.0483729066019433
v 0.07271116596343345 0.562222185161894 -0.0472948262019433
v 0.07174394096343345 0.5628892201618941 -0.0472738938019433
v 0.07123788816343346 0.5628296751618941 -0.0483390661019433
v 0.06974520716343346 0.5544639251618941 -0.0485679144019433
v 0.07067426666343346 0.5540868661618941 -0.0479553500019433
v 0.07060162536343345 0.5545308021618941 -0.0468607144019433
v 0.06962526216343345 0.5551821611618941 -0.0467978651019433
v 0.06909444746343346 0.555141511161894 -0.0478547001019433
v 0.06940214146343346 0.545737924161894 -0.0482510785019433
v 0.07036069406343345 0.545397880161894 -0.0476625720019433
v 0.07028645466343346 0.5458558221618941 -0.0465827184019433
v 0.06928429936343346 0.5464795851618941 -0.0465011979019433
v 0.06873769686343345 0.5464072851618941 -0.047535524701943305
v 0.07000460476343345 0.5369005221618941 -0.0479284944019433
v 0.07098889346343346 0.5366006521618941 -0.0473530712019433
v 0.07089312936343345 0.537074866161894 -0.0462936470019433
v 0.06985906516343346 0.5376690051618941 -0.046209042001943305
v 0.06931311636343346 0.537561717161894 -0.0472208494019433
v 0.07039682376343345 0.5265662101618941 -0.0473249005019433
v 0.07140446086343345 0.5263028761618941 -0.0467554899019433
v 0.07128115556343345 0.5267393611618941 -0.0456930445019433
v 0.07021320236343345 0.5272740151618941 -0.0456049824019433
v 0.06967489236343345 0.5271656531618941 -0.046604861501943304
v 0.06986870246343346 0.5153201841618941 -0.0463434169019433
v 0.07088893276343346 0.5150898721618941 -0.0457777204019433
v 0.07075593806343346 0.5154614471618941 -0.044684556301943304
v 0.06966649926343346 0.5159234431618941 -0.0445851618019433
v 0.06912513636343345 0.5158333201618941 -0.045587149401943305
v 0.06923368386343345 0.502998026161894 -0.044969060501943305
v 0.07026505846343345 0.5028210011618941 -0.044421692401943304
v 0.07011204586343346 0.5030378121618941 -0.0433047386019433
v 0.06901282256343345 0.5033547011618941 -0.0431619016019433
v 0.06845257246343346 0.503324511161894 -0.044170205501943303
v 0.06884481946343346 0.4906550071618941 -0.0439842390019433
v 0.06988435606343346 0.4905317451618941 -0.0434851730019433
v 0.06972485036343345 0.4905928401618941 -0.0423728274019433
v 0.06862559356343345 0.49076357716189406 -0.0421580682019433
v 0.06804110486343345 0.4907931411618941 -0.043151115101943305
v 0.06897882376343345 0.4772380021618941 -0.0440232838019433
v 0.07002480886343346 0.4772038481618941 -0.0436228747019433
v 0.06989212896343346 0.4770442571618941 -0.0425546831019433
v 0.06879465096343346 0.4769847711618941 -0.0422318829019433
v 0.06819156556343345 0.47709930216189406 -0.0431639990019433
v 0.06759236196343346 0.4630363011618941 -0.0453895936019433
v 0.06874859336343346 0.4632383611618941 -0.0451542856019433
v 0.06891155246343346 0.4632010181618941 -0.044102468501943305
v 0.06776014346343345 0.46294650716189406 -0.0436360119019433
v 0.06703008616343345 0.4628723291618941 -0.0444406020019433
v 0.06736129706343345 0.4491271991618941 -0.047545307301943306
v 0.06853972376343345 0.4493698801618941 -0.0473049441019433
v 0.06880071576343345 0.4493455311618941 -0.0462428303019433
v 0.06762040966343345 0.44905731316189407 -0.0458047511019433
v 0.06687760256343346 0.44894770016189406 -0.046592825101943305
v 0.06790357456343346 0.4352133591618941 -0.0497915717019433
v 0.06904018296343345 0.4354839941618941 -0.0494145090019433
v 0.06920967996343345 0.4354743981618941 -0.048319337001943304
v 0.06802675126343345 0.4351642151618941 -0.048028317301943305
v 0.06735269536343345 0.43502867416189406 -0.048901786101943304
v 0.06875083786343346 0.42124358016189406 -0.051393029301943303
v 0.06980519186343345 0.4213767971618941 -0.0508371899019433
v 0.06971805546343346 0.42130452616189407 -0.049713172901943305
v 0.06856160056343345 0.4211130461618941 -0.0495901713019433
v 0.06800157016343346 0.4210776711618941 -0.0506018931019433
v 0.06989289266343346 0.40641814716189406 -0.0528893145019433
v 0.07095130346343345 0.4065401871618941 -0.052350723201943304
v 0.07079819216343346 0.40659854016189406 -0.051203501401943304
v 0.06963574326343346 0.4065094911618941 -0.0510382028019433
v 0.06908232716343346 0.40639719616189407 -0.052072380701943304
v 0.06948198746343345 0.3914765441618941 -0.0522929179019433
v 0.07054490596343346 0.39158565016189406 -0.0517775798019433
v 0.07038562746343346 0.39171472416189407 -0.050620966601943304
v 0.06922433716343346 0.3916851601618941 -0.0504214475019433
v 0.06866581926343346 0.39153814516189406 -0.0514548020019433
v 0.06928589376343346 0.37643698116189406 -0.052221578501943304
v 0.07033996096343345 0.3763922181618941 -0.0517016510019433
v 0.07017373106343346 0.3764201131618941 -0.050536216201943304
v 0.06901701356343345 0.3764825481618941 -0.050336063801943304
v 0.06846824656343345 0.3764930391618941 -0.051377599101943304
v 0.06843598746343346 0.36160949116189406 -0.052843206601943304
v 0.06948629766343345 0.36149955016189406 -0.0523257898019433
v 0.06931376456343345 0.3614218851618941 -0.0511648366019433
v 0.06815693336343345 0.36148366516189406 -0.050964792301943306
v 0.06761448826343346 0.36159941816189406 -0.052002155201943304
v 0.06754910386343346 0.34994361016189407 -0.054151863801943305
v 0.06859673376343345 0.34979975416189407 -0.0536380345019433
v 0.06842120546343346 0.34968382316189406 -0.0524814324019433
v 0.06726520506343346 0.3497558851618941 -0.0522804232019433
v 0.06672619746343346 0.3499164601618941 -0.053312697401943304
v 0.06668828896343346 0.3410376031618941 -0.055161998601943305
v 0.06773535166343346 0.34088775716189407 -0.0546489218019433
v 0.06755986246343346 0.3407720951618941 -0.053492293701943305
v 0.06640437526343346 0.34085059416189406 -0.0532905543019433
v 0.06586573556343346 0.3410146261618941 -0.054322459701943306
v 0.06666343196343345 0.3288920841618941 -0.0549645023019433
v 0.06648795586343345 0.3287765111618941 -0.0538078668019433
v 0.06533262696343345 0.32885694716189406 -0.0536059076019433
v 0.06479410086343346 0.3290221411618941 -0.0546376863019433
v 0.06561654526343345 0.3290437181618941 -0.055477348201943305
v 0.07777078076343345 -0.844589349838106 0.0653685321980567
v 0.07846252806343346 -0.845527467838106 0.06521373889805669
v 0.07665306886343345 -0.8449482298381059 0.0653037270980567
v 0.07665390896343346 -0.8461073018381059 0.0651088272980567
v 0.07777214986343345 -0.846465584838106 0.0650532161980567
v 0.07787011006343346 -0.841871914838106 0.041334546198056696
v 0.07675179836343346 -0.8415142868381059 0.041394933098056697
v 0.07665306886343345 -0.8449482298381059 0.0653037270980567
v 0.07856041756343346 -0.840933797838106 0.0414958288980567
v 0.07846252806343346 -0.845527467838106 0.06521373889805669
v 0.07675103096343346 -0.840355810838106 0.0415935245980567
v 0.07777078076343345 -0.844589349838106 0.0653685321980567
v 0.07786880806343346 -0.8399969318381059 0.0416559343980567
v 0.07780824046343346 -0.8370825028381059 0.017004399598056698
v 0.07849846776343346 -0.8361474248381059 0.017182297098056697
v 0.07668991946343345 -0.836727258838106 0.017078199398056697
v 0.07780693846343345 -0.8352141948381059 0.0173659985980567
v 0.07668908126343346 -0.835573074838106 0.017301698198056697
v 0.07764999756343346 -0.8318835478381059 -0.007443002421943302
v 0.07834061976343346 -0.8309588408381059 -0.007218002341943302
v 0.07653192056343346 -0.831533190838106 -0.007347702051943302
v 0.07764932136343346 -0.8300365778381059 -0.0069836024219433026
v 0.07653138046343345 -0.8303912258381059 -0.007063802331943302
v 0.07745965016343345 -0.8251000618381059 -0.031226291301943303
v 0.07815080136343346 -0.8241980048381059 -0.030922203301943302
v 0.07634171846343346 -0.8247582888381059 -0.031100691301943303
v 0.07746010646343346 -0.8232983328381059 -0.030608692201943302
v 0.07634202016343346 -0.823644993838106 -0.030718990601943302
v 0.07730103846343346 -0.8160754418381059 -0.053651397101943304
v 0.07799302046343345 -0.815218505838106 -0.0532344105019433
v 0.07618332836343346 -0.815750119838106 -0.0534857893019433
v 0.07730301846343346 -0.8143633578381059 -0.0528111989019433
v 0.07618463036343345 -0.8146917798381059 -0.0529665062019433
v 0.07739028896343346 -0.8041347838381059 -0.0737333717019433
v 0.07810160146343345 -0.8033598038381059 -0.0731382789019433
v 0.07628615756343346 -0.8038357468381059 -0.0734944204019433
v 0.07744280806343345 -0.8025812488381059 -0.0725205662019433
v 0.07632158696343345 -0.802875635838106 -0.0727390619019433
v 0.07809102906343346 -0.7885762428381059 -0.0902124727019433
v 0.07882143926343346 -0.787952658838106 -0.0894050905019433
v 0.07701194656343346 -0.7883213138381059 -0.0898740375019433
v 0.07819658706343346 -0.7873118498381059 -0.0885621393019433
v 0.07707858086343346 -0.7875394798381059 -0.0888515273019433
v 0.07875497826343346 -0.7803009128381059 -0.09479316420194331
v 0.07946455846343345 -0.7799140788381059 -0.0938574532019433
v 0.07764193046343346 -0.7801098208381059 -0.0944756651019433
v 0.07878832706343346 -0.7794843288381059 -0.0929647991019433
v 0.07766171916343345 -0.7796050288381059 -0.0933470884019433
v 0.07993265056343346 -0.770590183838106 -0.0965075651019433
v 0.08061753216343345 -0.7704381328381059 -0.0955231274019433
v 0.07881287116343345 -0.7704574438381059 -0.0961790616019433
v 0.07992067746343345 -0.7702113368381059 -0.0945869992019433
v 0.07880490646343345 -0.7702234958381059 -0.0949930111019433
v 0.08118985966343345 -0.7599612448381059 -0.0965152094019433
v 0.08185403796343346 -0.7599748948381059 -0.0955328727019433
v 0.08006522056343346 -0.7598714208381059 -0.0961861173019433
v 0.08113986816343347 -0.7598934148381059 -0.09459689350194331
v 0.08003604786343346 -0.759829339838106 -0.09499728770194331
v 0.08230245486343346 -0.7488425348381059 -0.0955228219019433
v 0.08295926826343346 -0.7489597178381059 -0.0945397178019433
v 0.08117864466343346 -0.748782095838106 -0.09518523610194331
v 0.08224119986343345 -0.7489714598381059 -0.0935950438019433
v 0.08114045116343346 -0.7488616678381059 -0.09399484190194331
v 0.08337444066343346 -0.737630364838106 -0.0936414311019433
v 0.08403150366343345 -0.7378036948381059 -0.0926539982019433
v 0.08225355106343346 -0.737589475838106 -0.0932953218019433
v 0.08331815526343345 -0.7378700348381059 -0.0916943708019433
v 0.08222004766343345 -0.7377374748381059 -0.0920895347019433
v 0.08432695266343346 -0.7267513848381059 -0.0914463932019433
v 0.08499049026343346 -0.726941523838106 -0.09044440930194331
v 0.08321554956343347 -0.7267233708381059 -0.0910803536019433
v 0.08428505806343345 -0.7270311098381059 -0.0894666472019433
v 0.08318811286343346 -0.7268960448381059 -0.0898595164019433
v 0.08492928366343346 -0.7166478608381059 -0.0899039814019433
v 0.08559651296343346 -0.7168517088381059 -0.0888965959019433
v 0.08382211626343346 -0.716607269838106 -0.0895281592019433
v 0.08489931006343346 -0.716938433838106 -0.0878993208019433
v 0.08380520716343345 -0.7167874548381059 -0.0882882262019433
v 0.09351284806343346 -0.6174400428381059 -0.0741139473019433
v 0.09413323926343345 -0.6176174858381059 -0.0731002772019433
v 0.09238529946343346 -0.6174144718381059 -0.0737655209019433
v 0.09338851646343346 -0.6177016468381059 -0.0721184323019433
v 0.09230836476343346 -0.6175764778381059 -0.0725313062019433
v 0.09336586666343347 -0.6023759818381059 -0.07127803280194331
v 0.09398614616343345 -0.6025196888381059 -0.07024712950194331
v 0.09222980216343346 -0.6024091818381059 -0.0709340246019433
v 0.09323802586343347 -0.6026330568381059 -0.06926018470194331
v 0.09215182806343346 -0.602572736838106 -0.0696863802019433
v 0.09214369576343345 -0.5907770968381059 -0.06891762190194331
v 0.09276894106343345 -0.5909174058381059 -0.0678890767019433
v 0.09101049226343345 -0.5908609008381059 -0.06857097240194329
v 0.09202523906343346 -0.5910560468381059 -0.06689500530194331
v 0.09093558046343345 -0.5910394768381059 -0.0673215622019433
v 0.09022721276343346 -0.5769244408381059 -0.0661175037019433
v 0.09086212886343345 -0.5770667768381059 -0.06509570870194331
v 0.08909481766343345 -0.577050444838106 -0.0657706121019433
v 0.09012309836343346 -0.5772802208381059 -0.0641127834019433
v 0.08903030306343346 -0.5772703268381059 -0.0645305039019433
v 0.08788295836343346 -0.5590431068381059 -0.0622528689019433
v 0.08853018656343345 -0.5592188218381059 -0.0612435313019433
v 0.08675212786343345 -0.559203800838106 -0.0619217837019433
v 0.08779920636343345 -0.5594881158381059 -0.0602886053019433
v 0.08670010416343346 -0.559478757838106 -0.0607080134019433
v 0.08742226656343347 -0.5413062548381059 -0.0573140876019433
v 0.08807692306343345 -0.5415329318381059 -0.056325738301943304
v 0.08629492666343345 -0.5414928178381059 -0.0569881881019433
v 0.08735410496343346 -0.5418596248381059 -0.0553887719019433
v 0.08625280116343345 -0.541834828838106 -0.0557981366019433
v 0.08584216986343346 -0.5240880828381059 -0.0532666566019433
v 0.08650331576343345 -0.5243829468381059 -0.0523040565019433
v 0.08471679686343345 -0.5242933008381059 -0.052952640701943304
v 0.08578661826343345 -0.5247704958381059 -0.051394873301943304
v 0.08468244596343345 -0.5247150038381059 -0.0517956251019433
v 0.08446015416343346 -0.5079091768381059 -0.048704256301943305
v 0.08374817666343345 -0.5083231898381059 -0.0478445003019433
v 0.08264224976343346 -0.5082500558381059 -0.0482349815019433
v 0.08379434426343346 -0.5075795028381059 -0.0496289181019433
v 0.08267047816343345 -0.5077903848381059 -0.0493304590019433
v 0.08446015416343346 -0.5079091768381059 -0.048704256301943305
v 0.08264224976343346 -0.5082500558381059 -0.0482349815019433
v 0.08374817666343345 -0.5083231898381059 -0.0478445003019433
v 0.04020421016343346 -0.844077107838106 0.0612443154980567
v 0.04089481846343346 -0.8450207088381059 0.0611258958980567
v 0.03908601026343346 -0.844437238838106 0.061204097198056695
v 0.03908551016343346 -0.8456042388381059 0.06106090449805669
v 0.04020340926343346 -0.8459649658381059 0.0610124980980567
v 0.04016972986343346 -0.8448254438381059 0.05173549709805669
v 0.03905201886343346 -0.8444702008381059 0.0518231978980567
v 0.03908601026343346 -0.844437238838106 0.061204097198056695
v 0.04086122006343346 -0.8438836308381059 0.0518627827980567
v 0.04089481846343346 -0.8450207088381059 0.0611258958980567
v 0.039052710863433454 -0.8433080888381059 0.05200480579805669
v 0.04020421016343346 -0.844077107838106 0.0612443154980567
v 0.040170788763433454 -0.8429455138381059 0.05202929579805669
v 0.03967159986343346 -0.8430779548381059 0.0425492031980567
v 0.040364699463433455 -0.8421416858381059 0.042711297998056695
v 0.03855680026343346 -0.842732546838106 0.0426924814980567
v 0.039678318463433455 -0.8412188268381059 0.042954779198056695
v 0.03856091946343346 -0.841583845838106 0.042943182398056695
v 0.039058700163433456 -0.8408428998381059 0.0335148935980567
v 0.03975498956343346 -0.8399193858381059 0.0337260057980567
v 0.03794461026343346 -0.840501067838106 0.0336691019980567
v 0.039071090563433455 -0.839006302838106 0.034010785598056696
v 0.03795219956343346 -0.8393658378381059 0.033975592798056696
v 0.038678598563433454 -0.838237878838106 0.0246443850980567
v 0.03937729816343345 -0.8373327228381059 0.024919195998056698
v 0.03756290956343346 -0.837886926838106 0.024765296798056696
v 0.03869339916343346 -0.8364214878381059 0.0252098952980567
v 0.03757211006343346 -0.8367639158381059 0.025114796098056696
v 0.038875899263433454 -0.835377809838106 0.0159500976980567
v 0.039572608663433456 -0.8344982838381059 0.016303394898056697
v 0.03776192946343346 -0.8350012278381059 0.015993199298056697
v 0.038889210663433454 -0.8335778688381059 0.0165648972980567
v 0.037770209863433456 -0.8338885288381059 0.016373197598056697
v 0.03999311006343346 -0.8323767158381059 0.007443797798056699
v 0.04067749996343346 -0.8315294958381059 0.007889796998056697
v 0.03889492996343345 -0.8319579938381059 0.0073662967980566985
v 0.040002107663433456 -0.8305871458381059 0.008087896698056696
v 0.03890049926343346 -0.8308514328381059 0.007764396298056697
v 0.04238469153343345 -0.829327997838106 -0.0009215018019433016
v 0.043031697163433455 -0.8285315018381059 -0.00033910290194330214
v 0.041319088963433455 -0.8288659428381059 -0.001110003301943302
v 0.04236591793343346 -0.8275781248381059 -0.00016750210194330269
v 0.041307501463433455 -0.8277844168381059 -0.0006440021019433022
v 0.04501100070343346 -0.8263525348381059 -0.006733002601943303
v 0.045586018353433455 -0.8256408548381059 -0.005988402291943302
v 0.043965687973433455 -0.8258666968381059 -0.006964402271943302
v 0.044896097383433455 -0.8247149568381059 -0.005759502761943302
v 0.043894701173433456 -0.824854728838106 -0.006362702231943302
v 0.04821819765343346 -0.8221520758381059 -0.012209002743943303
v 0.04872743110343346 -0.821526465838106 -0.011352202621943303
v 0.047178931073433454 -0.8216589068381059 -0.012450802081943301
v 0.048002829543433455 -0.8206457468381059 -0.011064501831943302
v 0.04704578872343346 -0.8207281208381059 -0.011743502399943302
v 0.051213183265433455 -0.8172852378381059 -0.017868235711943303
v 0.05170506939243345 -0.8167139868381059 -0.0169834336219433
v 0.05019145482343346 -0.816756424838106 -0.018105011901943302
v 0.050982260552433455 -0.8158333278381059 -0.016677246891943304
v 0.05004978168343346 -0.8158575268381059 -0.017365250271943303
v 0.05372928595343346 -0.811871823838106 -0.023237337401943302
v 0.05420149793343346 -0.811359998838106 -0.022330085751943302
v 0.052736840093433456 -0.811305460838106 -0.023462583301943302
v 0.053496246113433454 -0.8104804728381059 -0.021999973801943302
v 0.05259051307843346 -0.8104504328381059 -0.022702232931943303
v 0.056107625833433455 -0.8047973488381059 -0.0290777972019433
v 0.05657566525343346 -0.8042403438381059 -0.028221792501943302
v 0.055174479263433454 -0.8041888448381059 -0.029319363601943302
v 0.05594552960343346 -0.803292152838106 -0.027929088101943302
v 0.05505496473343346 -0.803298291838106 -0.0286488226019433
v 0.05867970455343346 -0.7978069158381059 -0.03517666740194331
v 0.05914632277343346 -0.7971856568381059 -0.0343563007019433
v 0.057789873793433456 -0.7971918558381059 -0.0354714291019433
v 0.05857213447343346 -0.7961924648381059 -0.0341282273019433
v 0.05770009989343346 -0.7962444398381059 -0.0348758707019433
v 0.06031762529343346 -0.792258796838106 -0.040521672901943306
v 0.059750065203433456 -0.7912682268381059 -0.040375574501943304
v 0.058888621163433456 -0.7913164468381059 -0.0410816753019433
v 0.05981552601343346 -0.7929192158381059 -0.0413180636019433
v 0.05892433133343346 -0.792336938838106 -0.0416640947019433
v 0.06031762529343346 -0.792258796838106 -0.040521672901943306
v 0.058888621163433456 -0.7913164468381059 -0.0410816753019433
v 0.059750065203433456 -0.7912682268381059 -0.040375574501943304
v 0.06948629766343345 0.36149955016189406 -0.0523257898019433
v 0.06843598746343346 0.36160949116189406 -0.052843206601943304
v 0.07883855696343345 0.3506734091618941 -0.054151863801943305
v 0.07957688716343346 0.3514304181618941 -0.0536380345019433
v 0.06931376456343345 0.3614218851618941 -0.0511648366019433
v 0.07837132926343346 0.34999549616189407 -0.053312697401943304
v 0.06761448826343346 0.36159941816189406 -0.052002155201943304
v 0.07956580636343345 0.3512203421618941 -0.0524814324019433
v 0.06815693336343345 0.36148366516189406 -0.050964792301943306
v 0.07882079486343346 0.35033351416189407 -0.0522804232019433
v 0.08756544816343345 0.3428192161618941 -0.055477348201943305
v 0.08709400146343346 0.3421449681618941 -0.0546376863019433
v 0.08754689996343346 0.3424798871618941 -0.0536059076019433
v 0.08829828356343346 0.34336120116189406 -0.0538078668019433
v 0.08830961216343346 0.3435710091618941 -0.0549645023019433
v 0.06773535166343346 0.34088775716189407 -0.0546489218019433
v 0.06668828896343346 0.3410376031618941 -0.055161998601943305
v 0.07583863106343346 0.3334745191618941 -0.0582996914019433
v 0.07658321226343345 0.33421367616189407 -0.0579989972019433
v 0.06755986246343346 0.3407720951618941 -0.053492293701943305
v 0.07561478576343346 0.33288541716189407 -0.057382085401943304
v 0.06586573556343346 0.3410146261618941 -0.054322459701943306
v 0.07681972346343346 0.3340813841618941 -0.056895748701943305
v 0.06640437526343346 0.34085059416189406 -0.0532905543019433
v 0.07622209936343345 0.3332604791618941 -0.056515042701943304
v 0.08609567586343345 0.3281852621618941 -0.0628003636019433
v 0.08521783726343346 0.32736948316189407 -0.0629050517019433
v 0.08652186396343345 0.3280442681618941 -0.0617200034019433
v 0.08510186146343346 0.3267290021618941 -0.0618963586019433
v 0.08590703086343346 0.3271386651618941 -0.0611609528019433
v 0.09469318016343345 0.3226669751618941 -0.0688569406019433
v 0.09562642876343345 0.3233979961618941 -0.0688114697019433
v 0.09618441386343346 0.32319385016189406 -0.0677885013019433
v 0.09559608246343346 0.3223374811618941 -0.0672027851019433
v 0.09467472506343345 0.3220121581618941 -0.0678624595019433
v 0.10538108276343346 0.3197668511618941 -0.0760769481019433
v 0.10592713956343346 0.31954854916189407 -0.0750590013019433
v 0.10532969236343345 0.3187046071618941 -0.0744997831019433
v 0.10441451516343345 0.3184009511618941 -0.0751721645019433
v 0.10444629196343345 0.31905725816189406 -0.0761469388019433
v 0.03153113836343346 0.7524027851618941 0.017149378498056696
v 0.029256734963433458 0.7545318631618941 0.015220205298056698
v 0.029313905163433455 0.7543455981618941 0.014209371998056698
v 0.03151331846343346 0.7522093081618941 0.015989963898056698
v 0.027001492663433456 0.7563632151618941 0.012545215898056697
v 0.026929188563433456 0.7565324331618941 0.013494375198056699
v 0.028473565363433456 0.7539827851618941 0.013919279898056698
v 0.030389910563433455 0.7521494651618941 0.015648753398056697
v 0.026363939063433456 0.7557525661618941 0.0123181314980567
v 0.027902085363433457 0.7539464261618941 0.014752070398056698
v 0.029713409063433456 0.7523057481618941 0.0165973519980567
v 0.025908526063433458 0.755550744161894 0.013127324198056699
v 0.028387663863433457 0.754283430161894 0.015552322398056699
v 0.030418710763433457 0.7524626281618941 0.017524764898056697
v 0.029256734963433458 0.7545318631618941 0.015220205298056698
v 0.026258561763433455 0.7560284161618941 0.013848873798056698
v 0.024332407863433457 0.758085491161894 0.011268076498056698
v 0.023912470763433457 0.7572773721618941 0.0111148608980567
v 0.023583251963433458 0.7569795871618941 0.011925141298056698
v 0.023791387663433458 0.7575843361618941 0.0125723005980567
v 0.024248106363433455 0.7582709211618941 0.012178516898056699
v 0.020947989063433457 0.7584303641618941 0.010517450998056697
v 0.020965119863433457 0.7580415031618941 0.011350653098056697
v 0.021136902263433458 0.7586748621618941 0.011972605298056698
v 0.021121673263433456 0.7593383811618941 0.0106332459980567
v 0.021229298763433456 0.759481969161894 0.011550952698056699
v 0.01830124856343346 0.7583215261618941 0.011648285198056697
v 0.018433988063433458 0.7589521431618941 0.012248401498056699
v 0.018214415763433453 0.7597654481618941 0.011893480098056696
v 0.017927832863433454 0.7596141121618941 0.011017198698056698
v 0.017991550263433458 0.7586935781618941 0.010874233198056697
v 0.015706438563433456 0.7575870181618941 0.014178945698056698
v 0.015187792463433457 0.7583094861618941 0.013970720598056697
v 0.014769926663433457 0.7581332941618941 0.0131605909980567
v 0.015064205963433455 0.757305028161894 0.012883559798056696
v 0.015629801863433455 0.7569853691618941 0.013522732098056697
v 0.012700062263433454 0.7553780701618941 0.016025296398056697
v 0.013235431163433453 0.755618515161894 0.016743642298056697
v 0.013157345363433458 0.7547218821618941 0.015565828398056699
v 0.013951014763433453 0.7545580291618941 0.015999427998056696
v 0.014004994163433454 0.7551016831618941 0.016718449998056696
v 0.011498726863433457 0.751291873161894 0.019180341598056698
v 0.012011118263433457 0.750840666161894 0.0185724189980567
v 0.012865405563433456 0.7508148571618941 0.018876983798056697
v 0.012903027263433453 0.751247110161894 0.019672437598056695
v 0.012055058063433453 0.7515496631618941 0.0198696543980567
v 0.011565331363433455 0.746195140161894 0.0208726478980567
v 0.012426219863433459 0.7462543271618941 0.021127226798056696
v 0.012459613363433458 0.7465184351618941 0.021995617998056695
v 0.011034715963433459 0.7464213991618941 0.0215816488980567
v 0.011592064063433459 0.7466268561618941 0.0222913128980567
v 0.01276268066343346 0.7419584421618941 0.0218310122980567
v 0.012806102663433454 0.7420222181618941 0.0227301148980567
v 0.01195868476343346 0.7419224401618941 0.023061013798056695
v 0.011392429463433454 0.7417953041618941 0.022341418098056696
v 0.011903811263433456 0.7418216491618941 0.021584673798056696
v 0.014776129263433455 0.7356181171618941 0.022584083498056698
v 0.013975270063433458 0.7353355311618941 0.0229113278980567
v 0.013433091363433458 0.735150816161894 0.022190975998056695
v 0.013910006763433458 0.7353225371618941 0.0214293254980567
v 0.014732379463433455 0.7356068511618941 0.021676941798056695
v 0.016529746363433455 0.7288014311618941 0.021382323498056695
v 0.01704042776343346 0.7290340091618941 0.022106855198056698
v 0.016936328263433456 0.7291390921618941 0.0206338082980567
v 0.017692808063433457 0.7295777221618941 0.020898493898056696
v 0.017756130563433455 0.7295129921618941 0.021804845898056695
v 0.01883713156343346 0.7248809361618941 0.020887768798056698
v 0.019241064763433458 0.7252078081618941 0.020142461198056696
v 0.020020198063433456 0.7256111521618941 0.0203930502980567
v 0.020095676163433454 0.7255306271618941 0.021307135898056696
v 0.019357658963433458 0.7250770951618941 0.0216069546980567
v 0.020806539763433458 0.7212523241618941 0.019522919298056697
v 0.020368713863433453 0.7211302541618941 0.0202936445980567
v 0.021724680463433458 0.721132817161894 0.019657297998056697
v 0.020971477063433455 0.720910253161894 0.020940269298056695
v 0.021840844263433457 0.7209208631618941 0.020573968998056698
v 0.025491081163433457 0.667704227161894 0.015450737398056698
v 0.024628138163433455 0.6580814741618941 0.013119206798056698
v 0.025580171463433457 0.6577663441618941 0.0137326577980567
v 0.026442140363433456 0.6676200651618941 0.0161365670980567
v 0.024540029463433456 0.6676200651618941 0.0161365670980567
v 0.025218529663433457 0.6572419431618941 0.014720677398056697
v 0.026078870563433457 0.6674838681618941 0.0172462770980567
v 0.023678110863433455 0.6577518601618941 0.013728097998056698
v 0.024903301163433457 0.6674838681618941 0.0172462770980567
v 0.024042999363433456 0.6572329421618941 0.0147178573980567
v 0.025673080263433457 0.6527013201618941 0.0080793564980567
v 0.025316219763433456 0.6517024661618941 0.008586368498056697
v 0.024140689563433456 0.6516935851618941 0.008583567098056698
v 0.023771028963433458 0.652686777161894 0.008074826598056698
v 0.024718098363433458 0.653309645161894 0.007763196698056699
v 0.025334421563433455 0.6484433431618941 0.0021066171980566976
v 0.024158868963433458 0.6484375021618941 0.0021111871980566983
v 0.023788910363433457 0.649497750161894 0.0017633474980566985
v 0.025690989563433457 0.6495072861618941 0.001755948198056698
v 0.024735808363433455 0.650158884161894 0.0015437975980566974
v 0.024089410863433455 0.6479492211618941 -0.010056912661943302
v 0.023719549163433457 0.649012806161894 -0.010394412091943302
v 0.024666368963433456 0.6496711391618941 -0.010622541651943302
v 0.025621401163433456 0.649014416161894 -0.010426032351943303
v 0.025264818263433457 0.6479501751618941 -0.010076452281943302
v 0.023484481463433456 0.6473425051618941 -0.022831742601943303
v 0.024427650463433457 0.647955301161894 -0.023173500801943303
v 0.025384660763433455 0.6473233721618941 -0.022915322301943302
v 0.025032959863433457 0.6463198681618941 -0.022414001631943303
v 0.023858590063433455 0.6463316701618941 -0.0223623411719433
v 0.024741088963433456 0.641284945161894 -0.0304955831019433
v 0.023763509463433457 0.6417441991618941 -0.0309596648019433
v 0.024433150863433457 0.6406490821618941 -0.0295559550019433
v 0.023265259363433457 0.6407154821618941 -0.0294393143019433
v 0.022851400063433457 0.6413922931618941 -0.0303068543019433
v 0.023791348563433456 0.628511610161894 -0.03492111430194331
v 0.023538781363433455 0.628357293161894 -0.0337834144019433
v 0.022374771563433458 0.6284573701618941 -0.03365289330194331
v 0.021907949863433456 0.6286735561618941 -0.034709922001943304
v 0.022783439563433455 0.6287070531618941 -0.0354937324019433
v 0.022863820163433458 0.6196966791618941 -0.0336750587019433
v 0.021696720263433455 0.619758429161894 -0.033548398901943305
v 0.021218469363433457 0.619832697161894 -0.0346197197019433
v 0.023106871163433455 0.6197327401618941 -0.0348246591019433
v 0.022089999163433457 0.619816842161894 -0.0354084978019433
v 0.021357389163433455 0.6109148881618941 -0.033944952301943304
v 0.020874679063433457 0.6108828801618941 -0.0350163719019433
v 0.021744521363433456 0.6108270311618941 -0.035805181601943306
v 0.022764818763433458 0.6108244681618941 -0.0352212703019433
v 0.022525558263433457 0.6108787681618941 -0.0340715898019433
v 0.020179230763433455 0.600850405161894 -0.035865592801943305
v 0.021047567963433458 0.600714149161894 -0.0366462218019433
v 0.022069459763433455 0.6007963441618941 -0.0360709326019433
v 0.021832678463433456 0.6009834431618941 -0.0349347414019433
v 0.020664459063433456 0.6010168221618941 -0.0348078432019433
v 0.021828601163433457 0.589933100161894 -0.034418719801943304
v 0.020806081563433457 0.5897718091618941 -0.0349758817019433
v 0.021592961663433455 0.590263428161894 -0.0333153913019433
v 0.020424813063433456 0.5903062841618941 -0.03319065920194331
v 0.019938502463433455 0.5900024791618941 -0.0342169022019433
v 0.022522641363433456 0.5803062341618941 -0.0311788404019433
v 0.022287368763433457 0.580736162161894 -0.030110291201943303
v 0.021119249963433458 0.5807878991618941 -0.029988641801943303
v 0.020632589263433455 0.580389979161894 -0.0309820129019433
v 0.021499929963433455 0.5800922531618941 -0.031717590101943305
v 0.022273149363433456 0.572514298161894 -0.025216957601943302
v 0.021105030563433456 0.5725678821618941 -0.025096089601943303
v 0.020618319463433458 0.5721426031618941 -0.026078037901943303
v 0.022508369763433456 0.5720558781618941 -0.026273598001943302
v 0.021485630463433457 0.5718261621618941 -0.0268057790019433
v 0.021035114263433456 0.5667507071618941 -0.020600452091943302
v 0.022175302763433456 0.5666627911618941 -0.0208725519519433
v 0.020411193363433458 0.5663808611618941 -0.021525652151943304
v 0.022256193663433458 0.5662386441618941 -0.021965951661943303
v 0.021165894363433458 0.5660646581618941 -0.022369541231943305
v 0.06948629766343345 0.36149955016189406 -0.0523257898019433
v 0.06843598746343346 0.36160949116189406 -0.052843206601943304
v 0.056780061683433455 0.34906843516189406 -0.054151863801943305
v 0.05746405571343346 0.3482619841618941 -0.0536380345019433
v 0.06931376456343345 0.3614218851618941 -0.0511648366019433
v 0.056149291803433456 0.3495975751618941 -0.053312697401943304
v 0.06761448826343346 0.36159941816189406 -0.052002155201943304
v 0.057255982883433455 0.3482928301618941 -0.0524814324019433
v 0.06815693336343345 0.36148366516189406 -0.050964792301943306
v 0.05644336668343346 0.3491182351618941 -0.0522804232019433
v 0.048137450123433456 0.3411215271618941 -0.055477348201943305
v 0.04751066211343346 0.3416544521618941 -0.0546376863019433
v 0.04780135140343346 0.3411719821618941 -0.0536059076019433
v 0.048607807143433455 0.34034082516189407 -0.0538078668019433
v 0.048815641323433454 0.3403097411618941 -0.0549645023019433
v 0.06773535166343346 0.34088775716189407 -0.0546489218019433
v 0.06668828896343346 0.3410376031618941 -0.055161998601943305
v 0.05074820504543345 0.3271127961618941 -0.054151863801943305
v 0.05143219933943346 0.3263063451618941 -0.0536380345019433
v 0.06755986246343346 0.3407720951618941 -0.053492293701943305
v 0.05011743528343346 0.3276419361618941 -0.053312697401943304
v 0.06586573556343346 0.3410146261618941 -0.054322459701943306
v 0.051224126684433456 0.3263371911618941 -0.0524814324019433
v 0.06640437526343346 0.34085059416189406 -0.0532905543019433
v 0.05041151039343346 0.3271625961618941 -0.0522804232019433
v 0.03567538226343346 0.31632006416189407 -0.055477348201943305
v 0.035048594663433456 0.31685301916189407 -0.0546376863019433
v 0.03533928466343346 0.3163705491618941 -0.0536059076019433
v 0.03614574016343346 0.3155393921618941 -0.0538078668019433
v 0.036353574163433454 0.31550830816189407 -0.0549645023019433
f 3/3/3 2/2/2 1/1/1
f 2/2/2 4/4/4 1/1/1
f 4/4/4 2/2/2 5/5/5
f 5/5/5 2/2/2 6/6/6
f 2/2/2 7/7/7 6/6/6
f 2/2/2 8/8/8 7/7/7
f 5/5/5 6/6/6 9/9/9
f 10/10/10 5/5/5 9/9/9
f 8/8/8 11/11/11 7/7/7
f 8/8/8 12/12/12 11/11/11
f 12/12/12 10/10/10 13/13/13
f 10/10/10 9/9/9 13/13/13
f 12/12/12 13/13/13 11/11/11
f 6/6/6 7/7/7 14/14/14
f 9/9/9 6/6/6 15/15/15
f 6/6/6 14/14/14 15/15/15
f 7/7/7 11/11/11 16/16/16
f 7/7/7 16/16/16 14/14/14
f 13/13/13 9/9/9 17/17/17
f 9/9/9 15/15/15 17/17/17
f 11/11/11 13/13/13 18/18/18
f 11/11/11 18/18/18 16/16/16
f 13/13/13 17/17/17 18/18/18
f 14/14/14 16/16/16 19/19/19
f 15/15/15 14/14/14 20/20/20
f 14/14/14 19/19/19 20/20/20
f 16/16/16 18/18/18 21/21/21
f 16/16/16 21/21/21 19/19/19
f 17/17/17 15/15/15 22/22/22
f 15/15/15 20/20/20 22/22/22
f 18/18/18 17/17/17 23/23/23
f 18/18/18 23/23/23 21/21/21
f 17/17/17 22/22/22 23/23/23
f 19/19/19 21/21/21 24/24/24
f 20/20/20 19/19/19 25/25/25
f 19/19/19 24/24/24 25/25/25
f 21/21/21 23/23/23 26/26/26
f 21/21/21 26/26/26 24/24/24
f 22/22/22 20/20/20 27/27/27
f 20/20/20 25/25/25 27/27/27
f 23/23/23 22/22/22 28/28/28
f 23/23/23 28/28/28 26/26/26
f 22/22/22 27/27/27 28/28/28
f 24/24/24 26/26/26 29/29/29
f 25/25/25 24/24/24 30/30/30
f 24/24/24 29/29/29 30/30/30
f 26/26/26 28/28/28 31/31/31
f 26/26/26 31/31/31 29/29/29
f 27/27/27 25/25/25 32/32/32
f 25/25/25 30/30/30 32/32/32
f 28/28/28 27/27/27 33/33/33
f 28/28/28 33/33/33 31/31/31
f 27/27/27 32/32/32 33/33/33
f 29/29/29 31/31/31 34/34/34
f 30/30/30 29/29/29 35/35/35
f 29/29/29 34/34/34 35/35/35
f 31/31/31 33/33/33 36/36/36
f 31/31/31 36/36/36 34/34/34
f 32/32/32 30/30/30 37/37/37
f 30/30/30 35/35/35 37/37/37
f 33/33/33 32/32/32 38/38/38
f 33/33/33 38/38/38 36/36/36
f 32/32/32 37/37/37 38/38/38
f 34/34/34 36/36/36 39/39/39
f 35/35/35 34/34/34 40/40/40
f 34/34/34 39/39/39 40/40/40
f 36/36/36 38/38/38 41/41/41
f 36/36/36 41/41/41 39/39/39
f 37/37/37 35/35/35 42/42/42
f 35/35/35 40/40/40 42/42/42
f 38/38/38 37/37/37 43/43/43
f 38/38/38 43/43/43 41/41/41
f 37/37/37 42/42/42 43/43/43
f 39/39/39 41/41/41 44/44/44
f 40/40/40 39/39/39 45/45/45
f 39/39/39 44/44/44 45/45/45
f 41/41/41 43/43/43 46/46/46
f 41/41/41 46/46/46 44/44/44
f 42/42/42 40/40/40 47/47/47
f 40/40/40 45/45/45 47/47/47
f 43/43/43 42/42/42 48/48/48
f 43/43/43 48/48/48 46/46/46
f 42/42/42 47/47/47 48/48/48
f 44/44/44 46/46/46 49/49/49
f 45/45/45 44/44/44 50/50/50
f 44/44/44 49/49/49 50/50/50
f 46/46/46 48/48/48 51/51/51
f 46/46/46 51/51/51 49/49/49
f 47/47/47 45/45/45 52/52/52
f 45/45/45 50/50/50 52/52/52
f 48/48/48 47/47/47 53/53/53
f 48/48/48 53/53/53 51/51/51
f 47/47/47 52/52/52 53/53/53
f 49/49/49 51/51/51 54/54/54
f 50/50/50 49/49/49 55/55/55
f 49/49/49 54/54/54 55/55/55
f 51/51/51 53/53/53 56/56/56
f 51/51/51 56/56/56 54/54/54
f 52/52/52 50/50/50 57/57/57
f 50/50/50 55/55/55 57/57/57
f 53/53/53 52/52/52 58/58/58
f 53/53/53 58/58/58 56/56/56
f 52/52/52 57/57/57 58/58/58
f 56/56/56 59/59/59 54/54/54
f 54/54/54 60/60/60 55/55/55
f 59/59/59 60/60/60 54/54/54
f 58/58/58 61/61/61 56/56/56
f 61/61/61 59/59/59 56/56/56
f 55/55/55 62/62/62 57/57/57
f 60/60/60 62/62/62 55/55/55
f 57/57/57 63/63/63 58/58/58
f 63/63/63 61/61/61 58/58/58
f 62/62/62 63/63/63 57/57/57
f 59/59/59 64/64/64 60/60/60
f 61/61/61 65/65/65 59/59/59
f 65/65/65 64/64/64 59/59/59
f 63/63/63 66/66/66 61/61/61
f 66/66/66 65/65/65 61/61/61
f 60/60/60 67/67/67 62/62/62
f 64/64/64 67/67/67 60/60/60
f 62/62/62 68/68/68 63/63/63
f 68/68/68 66/66/66 63/63/63
f 67/67/67 68/68/68 62/62/62
f 66/66/66 69/69/69 65/65/65
f 65/65/65 70/70/70 64/64/64
f 69/69/69 70/70/70 65/65/65
f 68/68/68 71/71/71 66/66/66
f 71/71/71 69/69/69 66/66/66
f 64/64/64 72/72/72 67/67/67
f 70/70/70 72/72/72 64/64/64
f 67/67/67 73/73/73 68/68/68
f 73/73/73 71/71/71 68/68/68
f 72/72/72 73/73/73 67/67/67
f 71/71/71 74/74/74 69/69/69
f 69/69/69 75/75/75 70/70/70
f 74/74/74 75/75/75 69/69/69
f 73/73/73 76/76/76 71/71/71
f 76/76/76 74/74/74 71/71/71
f 72/72/72 77/77/77 73/73/73
f 77/77/77 76/76/76 73/73/73
f 70/70/70 78/78/78 72/72/72
f 75/75/75 78/78/78 70/70/70
f 78/78/78 77/77/77 72/72/72
f 76/76/76 79/79/79 74/74/74
f 74/74/74 80/80/80 75/75/75
f 79/79/79 80/80/80 74/74/74
f 77/77/77 81/81/81 76/76/76
f 81/81/81 79/79/79 76/76/76
f 75/75/75 82/82/82 78/78/78
f 80/80/80 82/82/82 75/75/75
f 78/78/78 83/83/83 77/77/77
f 83/83/83 81/81/81 77/77/77
f 82/82/82 83/83/83 78/78/78
f 79/79/79 81/81/81 84/84/84
f 80/80/80 79/79/79 85/85/85
f 79/79/79 84/84/84 85/85/85
f 81/81/81 83/83/83 86/86/86
f 81/81/81 86/86/86 84/84/84
f 82/82/82 80/80/80 87/87/87
f 80/80/80 85/85/85 87/87/87
f 83/83/83 82/82/82 88/88/88
f 82/82/82 87/87/87 88/88/88
f 83/83/83 88/88/88 86/86/86
f 87/87/87 85/85/85 89/89/89
f 87/87/87 89/89/89 88/88/88
f 85/85/85 84/84/84 90/90/90
f 85/85/85 90/90/90 89/89/89
f 84/84/84 86/86/86 91/91/91
f 84/84/84 91/91/91 90/90/90
f 86/86/86 88/88/88 92/92/92
f 86/86/86 92/92/92 91/91/91
f 89/89/89 93/93/93 88/88/88
f 88/88/88 93/93/93 92/92/92
f 89/89/89 90/90/90 94/94/94
f 89/89/89 94/94/94 93/93/93
f 90/90/90 91/91/91 95/95/95
f 90/90/90 95/95/95 94/94/94
f 91/91/91 92/92/92 96/96/96
f 91/91/91 96/96/96 95/95/95
f 92/92/92 93/93/93 97/97/97
f 92/92/92 97/97/97 96/96/96
f 94/94/94 98/98/98 93/93/93
f 93/93/93 98/98/98 97/97/97
f 95/95/95 96/96/96 99/99/99
f 94/94/94 95/95/95 100/100/100
f 95/95/95 99/99/99 100/100/100
f 96/96/96 97/97/97 101/101/101
f 96/96/96 101/101/101 99/99/99
f 98/98/98 94/94/94 102/102/102
f 94/94/94 100/100/100 102/102/102
f 97/97/97 98/98/98 103/103/103
f 97/97/97 103/103/103 101/101/101
f 98/98/98 102/102/102 103/103/103
f 101/101/101 104/104/104 99/99/99
f 99/99/99 105/105/105 100/100/100
f 104/104/104 105/105/105 99/99/99
f 103/103/103 106/106/106 101/101/101
f 106/106/106 104/104/104 101/101/101
f 100/100/100 107/107/107 102/102/102
f 105/105/105 107/107/107 100/100/100
f 102/102/102 108/108/108 103/103/103
f 108/108/108 106/106/106 103/103/103
f 107/107/107 108/108/108 102/102/102
f 106/106/106 109/109/109 104/104/104
f 104/104/104 110/110/110 105/105/105
f 109/109/109 110/110/110 104/104/104
f 108/108/108 111/111/111 106/106/106
f 111/111/111 109/109/109 106/106/106
f 105/105/105 112/112/112 107/107/107
f 110/110/110 112/112/112 105/105/105
f 107/107/107 113/113/113 108/108/108
f 113/113/113 111/111/111 108/108/108
f 112/112/112 113/113/113 107/107/107
f 109/109/109 114/114/114 110/110/110
f 111/111/111 115/115/115 109/109/109
f 115/115/115 114/114/114 109/109/109
f 113/113/113 116/116/116 111/111/111
f 116/116/116 115/115/115 111/111/111
f 110/110/110 117/117/117 112/112/112
f 114/114/114 117/117/117 110/110/110
f 112/112/112 118/118/118 113/113/113
f 118/118/118 116/116/116 113/113/113
f 117/117/117 118/118/118 112/112/112
f 116/116/116 119/119/119 115/115/115
f 115/115/115 120/120/120 114/114/114
f 119/119/119 120/120/120 115/115/115
f 118/118/118 121/121/121 116/116/116
f 121/121/121 119/119/119 116/116/116
f 114/114/114 122/122/122 117/117/117
f 120/120/120 122/122/122 114/114/114
f 117/117/117 123/123/123 118/118/118
f 123/123/123 121/121/121 118/118/118
f 122/122/122 123/123/123 117/117/117
f 121/121/121 124/124/124 119/119/119
f 119/119/119 125/125/125 120/120/120
f 124/124/124 125/125/125 119/119/119
f 123/123/123 126/126/126 121/121/121
f 126/126/126 124/124/124 121/121/121
f 122/122/122 127/127/127 123/123/123
f 127/127/127 126/126/126 123/123/123
f 120/120/120 128/128/128 122/122/122
f 125/125/125 128/128/128 120/120/120
f 128/128/128 127/127/127 122/122/122
f 124/124/124 126/126/126 129/129/129
f 125/125/125 124/124/124 130/130/130
f 124/124/124 129/129/129 130/130/130
f 126/126/126 127/127/127 131/131/131
f 126/126/126 131/131/131 129/129/129
f 128/128/128 125/125/125 132/132/132
f 125/125/125 130/130/130 132/132/132
f 127/127/127 128/128/128 133/133/133
f 127/127/127 133/133/133 131/131/131
f 128/128/128 132/132/132 133/133/133
f 129/129/129 131/131/131 134/134/134
f 130/130/130 129/129/129 135/135/135
f 129/129/129 134/134/134 135/135/135
f 131/131/131 133/133/133 136/136/136
f 131/131/131 136/136/136 134/134/134
f 132/132/132 130/130/130 137/137/137
f 130/130/130 135/135/135 137/137/137
f 133/133/133 132/132/132 138/138/138
f 133/133/133 138/138/138 136/136/136
f 132/132/132 137/137/137 138/138/138
f 134/134/134 136/136/136 139/139/139
f 135/135/135 134/134/134 140/140/140
f 134/134/134 139/139/139 140/140/140
f 136/136/136 138/138/138 141/141/141
f 136/136/136 141/141/141 139/139/139
f 137/137/137 135/135/135 142/142/142
f 135/135/135 140/140/140 142/142/142
f 138/138/138 137/137/137 143/143/143
f 138/138/138 143/143/143 141/141/141
f 137/137/137 142/142/142 143/143/143
f 141/141/141 144/144/144 139/139/139
f 139/139/139 145/145/145 140/140/140
f 144/144/144 145/145/145 139/139/139
f 143/143/143 146/146/146 141/141/141
f 146/146/146 144/144/144 141/141/141
f 140/140/140 147/147/147 142/142/142
f 145/145/145 147/147/147 140/140/140
f 142/142/142 148/148/148 143/143/143
f 148/148/148 146/146/146 143/143/143
f 147/147/147 148/148/148 142/142/142
f 146/146/146 149/149/149 144/144/144
f 144/144/144 150/150/150 145/145/145
f 149/149/149 150/150/150 144/144/144
f 148/148/148 151/151/151 146/146/146
f 151/151/151 149/149/149 146/146/146
f 145/145/145 152/152/152 147/147/147
f 150/150/150 152/152/152 145/145/145
f 147/147/147 153/153/153 148/148/148
f 153/153/153 151/151/151 148/148/148
f 152/152/152 153/153/153 147/147/147
f 149/149/149 154/154/154 150/150/150
f 151/151/151 155/155/155 149/149/149
f 155/155/155 154/154/154 149/149/149
f 153/153/153 156/156/156 151/151/151
f 156/156/156 155/155/155 151/151/151
f 150/150/150 157/157/157 152/152/152
f 154/154/154 157/157/157 150/150/150
f 152/152/152 158/158/158 153/153/153
f 158/158/158 156/156/156 153/153/153
f 157/157/157 158/158/158 152/152/152
f 156/156/156 159/159/159 155/155/155
f 155/155/155 160/160/160 154/154/154
f 159/159/159 160/160/160 155/155/155
f 158/158/158 161/161/161 156/156/156
f 161/161/161 159/159/159 156/156/156
f 154/154/154 162/162/162 157/157/157
f 160/160/160 162/162/162 154/154/154
f 157/157/157 163/163/163 158/158/158
f 163/163/163 161/161/161 158/158/158
f 162/162/162 163/163/163 157/157/157
f 161/161/161 164/164/164 159/159/159
f 159/159/159 165/165/165 160/160/160
f 164/164/164 165/165/165 159/159/159
f 163/163/163 166/166/166 161/161/161
f 166/166/166 164/164/164 161/161/161
f 162/162/162 167/167/167 163/163/163
f 167/167/167 166/166/166 163/163/163
f 160/160/160 168/168/168 162/162/162
f 165/165/165 168/168/168 160/160/160
f 168/168/168 167/167/167 162/162/162
f 166/166/166 169/169/169 164/164/164
f 164/164/164 170/170/170 165/165/165
f 169/169/169 170/170/170 164/164/164
f 167/167/167 171/171/171 166/166/166
f 171/171/171 169/169/169 166/166/166
f 165/165/165 172/172/172 168/168/168
f 170/170/170 172/172/172 165/165/165
f 168/168/168 173/173/173 167/167/167
f 173/173/173 171/171/171 167/167/167
f 172/172/172 173/173/173 168/168/168
f 169/169/169 171/171/171 174/174/174
f 170/170/170 169/169/169 175/175/175
f 169/169/169 174/174/174 175/175/175
f 171/171/171 173/173/173 176/176/176
f 171/171/171 176/176/176 174/174/174
f 172/172/172 170/170/170 177/177/177
f 170/170/170 175/175/175 177/177/177
f 173/173/173 172/172/172 178/178/178
f 173/173/173 178/178/178 176/176/176
f 172/172/172 177/177/177 178/178/178
f 174/174/174 176/176/176 179/179/179
f 175/175/175 174/174/174 180/180/180
f 174/174/174 179/179/179 180/180/180
f 176/176/176 178/178/178 181/181/181
f 176/176/176 181/181/181 179/179/179
f 177/177/177 175/175/175 182/182/182
f 175/175/175 180/180/180 182/182/182
f 178/178/178 177/177/177 183/183/183
f 178/178/178 183/183/183 181/181/181
f 177/177/177 182/182/182 183/183/183
f 181/181/181 184/184/184 179/179/179
f 179/179/179 185/185/185 180/180/180
f 184/184/184 185/185/185 179/179/179
f 183/183/183 186/186/186 181/181/181
f 186/186/186 184/184/184 181/181/181
f 180/180/180 187/187/187 182/182/182
f 185/185/185 187/187/187 180/180/180
f 182/182/182 188/188/188 183/183/183
f 188/188/188 186/186/186 183/183/183
f 187/187/187 188/188/188 182/182/182
f 184/184/184 189/189/189 185/185/185
f 186/186/186 190/190/190 184/184/184
f 190/190/190 189/189/189 184/184/184
f 188/188/188 191/191/191 186/186/186
f 191/191/191 190/190/190 186/186/186
f 185/185/185 192/192/192 187/187/187
f 189/189/189 192/192/192 185/185/185
f 187/187/187 193/193/193 188/188/188
f 193/193/193 191/191/191 188/188/188
f 192/192/192 193/193/193 187/187/187
f 191/191/191 194/194/194 190/190/190
f 190/190/190 195/195/195 189/189/189
f 194/194/194 195/195/195 190/190/190
f 193/193/193 196/196/196 191/191/191
f 196/196/196 194/194/194 191/191/191
f 189/189/189 197/197/197 192/192/192
f 195/195/195 197/197/197 189/189/189
f 192/192/192 198/198/198 193/193/193
f 198/198/198 196/196/196 193/193/193
f 197/197/197 198/198/198 192/192/192
f 196/196/196 199/199/199 194/194/194
f 194/194/194 200/200/200 195/195/195
f 199/199/199 200/200/200 194/194/194
f 198/198/198 201/201/201 196/196/196
f 201/201/201 199/199/199 196/196/196
f 197/197/197 202/202/202 198/198/198
f 202/202/202 201/201/201 198/198/198
f 195/195/195 203/203/203 197/197/197
f 200/200/200 203/203/203 195/195/195
f 203/203/203 202/202/202 197/197/197
f 201/201/201 204/204/204 199/199/199
f 199/199/199 205/205/205 200/200/200
f 204/204/204 205/205/205 199/199/199
f 202/202/202 206/206/206 201/201/201
f 206/206/206 204/204/204 201/201/201
f 200/200/200 207/207/207 203/203/203
f 205/205/205 207/207/207 200/200/200
f 203/203/203 208/208/208 202/202/202
f 208/208/208 206/206/206 202/202/202
f 207/207/207 208/208/208 203/203/203
f 206/206/206 209/209/209 204/204/204
f 204/204/204 210/210/210 205/205/205
f 209/209/209 210/210/210 204/204/204
f 208/208/208 211/211/211 206/206/206
f 211/211/211 209/209/209 206/206/206
f 205/205/205 212/212/212 207/207/207
f 210/210/210 212/212/212 205/205/205
f 207/207/207 213/213/213 208/208/208
f 213/213/213 211/211/211 208/208/208
f 212/212/212 213/213/213 207/207/207
f 210/210/210 209/209/209 214/214/214
f 209/209/209 215/215/215 214/214/214
f 209/209/209 211/211/211 215/215/215
f 210/210/210 214/214/214 216/216/216
f 212/212/212 210/210/210 216/216/216
f 211/211/211 217/217/217 215/215/215
f 211/211/211 213/213/213 217/217/217
f 212/212/212 216/216/216 218/218/218
f 213/213/213 218/218/218 217/217/217
f 213/213/213 212/212/212 218/218/218
f 221/221/221 220/220/220 219/219/219
f 219/219/219 220/220/220 222/222/222
f 225/225/225 224/224/224 223/223/223
f 226/226/226 223/223/223 224/224/224
f 227/227/227 226/226/226 224/224/224
f 227/227/227 224/224/224 228/228/228
f 226/226/226 229/229/229 223/223/223
f 229/229/229 230/230/230 223/223/223
f 231/231/231 227/227/227 228/228/228
f 231/231/231 228/228/228 232/232/232
f 233/233/233 232/232/232 230/230/230
f 229/229/229 233/233/233 230/230/230
f 233/233/233 231/231/231 232/232/232
f 234/234/234 229/229/229 226/226/226
f 235/235/235 226/226/226 227/227/227
f 235/235/235 234/234/234 226/226/226
f 236/236/236 227/227/227 231/231/231
f 236/236/236 235/235/235 227/227/227
f 237/237/237 231/231/231 233/233/233
f 237/237/237 236/236/236 231/231/231
f 238/238/238 233/233/233 229/229/229
f 234/234/234 238/238/238 229/229/229
f 238/238/238 237/237/237 233/233/233
f 239/239/239 234/234/234 235/235/235
f 240/240/240 235/235/235 236/236/236
f 240/240/240 239/239/239 235/235/235
f 241/241/241 236/236/236 237/237/237
f 241/241/241 240/240/240 236/236/236
f 242/242/242 237/237/237 238/238/238
f 242/242/242 241/241/241 237/237/237
f 243/243/243 238/238/238 234/234/234
f 239/239/239 243/243/243 234/234/234
f 243/243/243 242/242/242 238/238/238
f 244/244/244 239/239/239 240/240/240
f 245/245/245 240/240/240 241/241/241
f 245/245/245 244/244/244 240/240/240
f 246/246/246 241/241/241 242/242/242
f 246/246/246 245/245/245 241/241/241
f 247/247/247 242/242/242 243/243/243
f 247/247/247 246/246/246 242/242/242
f 248/248/248 243/243/243 239/239/239
f 244/244/244 248/248/248 239/239/239
f 248/248/248 247/247/247 243/243/243
f 249/249/249 244/244/244 245/245/245
f 250/250/250 245/245/245 246/246/246
f 250/250/250 249/249/249 245/245/245
f 251/251/251 246/246/246 247/247/247
f 251/251/251 250/250/250 246/246/246
f 252/252/252 247/247/247 248/248/248
f 252/252/252 251/251/251 247/247/247
f 253/253/253 248/248/248 244/244/244
f 249/249/249 253/253/253 244/244/244
f 253/253/253 252/252/252 248/248/248
f 254/254/254 249/249/249 250/250/250
f 255/255/255 250/250/250 251/251/251
f 255/255/255 254/254/254 250/250/250
f 256/256/256 251/251/251 252/252/252
f 256/256/256 255/255/255 251/251/251
f 257/257/257 252/252/252 253/253/253
f 257/257/257 256/256/256 252/252/252
f 258/258/258 253/253/253 249/249/249
f 254/254/254 258/258/258 249/249/249
f 258/258/258 257/257/257 253/253/253
f 259/259/259 254/254/254 255/255/255
f 260/260/260 255/255/255 256/256/256
f 260/260/260 259/259/259 255/255/255
f 261/261/261 256/256/256 257/257/257
f 261/261/261 260/260/260 256/256/256
f 262/262/262 257/257/257 258/258/258
f 262/262/262 261/261/261 257/257/257
f 263/263/263 258/258/258 254/254/254
f 259/259/259 263/263/263 254/254/254
f 263/263/263 262/262/262 258/258/258
f 264/264/264 259/259/259 260/260/260
f 265/265/265 260/260/260 261/261/261
f 265/265/265 264/264/264 260/260/260
f 266/266/266 261/261/261 262/262/262
f 266/266/266 265/265/265 261/261/261
f 267/267/267 262/262/262 263/263/263
f 267/267/267 266/266/266 262/262/262
f 268/268/268 263/263/263 259/259/259
f 264/264/264 268/268/268 259/259/259
f 268/268/268 267/267/267 263/263/263
f 269/269/269 264/264/264 265/265/265
f 270/270/270 265/265/265 266/266/266
f 270/270/270 269/269/269 265/265/265
f 271/271/271 266/266/266 267/267/267
f 271/271/271 270/270/270 266/266/266
f 272/272/272 267/267/267 268/268/268
f 272/272/272 271/271/271 267/267/267
f 273/273/273 268/268/268 264/264/264
f 269/269/269 273/273/273 264/264/264
f 273/273/273 272/272/272 268/268/268
f 274/274/274 269/269/269 270/270/270
f 275/275/275 270/270/270 271/271/271
f 275/275/275 274/274/274 270/270/270
f 276/276/276 271/271/271 272/272/272
f 276/276/276 275/275/275 271/271/271
f 277/277/277 272/272/272 273/273/273
f 277/277/277 276/276/276 272/272/272
f 278/278/278 273/273/273 269/269/269
f 274/274/274 278/278/278 269/269/269
f 278/278/278 277/277/277 273/273/273
f 279/279/279 274/274/274 275/275/275
f 280/280/280 275/275/275 276/276/276
f 280/280/280 279/279/279 275/275/275
f 281/281/281 276/276/276 277/277/277
f 281/281/281 280/280/280 276/276/276
f 282/282/282 277/277/277 278/278/278
f 282/282/282 281/281/281 277/277/277
f 283/283/283 278/278/278 274/274/274
f 279/279/279 283/283/283 274/274/274
f 283/283/283 282/282/282 278/278/278
f 284/284/284 279/279/279 280/280/280
f 285/285/285 280/280/280 281/281/281
f 285/285/285 284/284/284 280/280/280
f 286/286/286 281/281/281 282/282/282
f 286/286/286 285/285/285 281/281/281
f 287/287/287 282/282/282 283/283/283
f 287/287/287 286/286/286 282/282/282
f 288/288/288 283/283/283 279/279/279
f 284/284/284 288/288/288 279/279/279
f 288/288/288 287/287/287 283/283/283
f 289/289/289 284/284/284 285/285/285
f 290/290/290 285/285/285 286/286/286
f 290/290/290 289/289/289 285/285/285
f 291/291/291 286/286/286 287/287/287
f 291/291/291 290/290/290 286/286/286
f 292/292/292 287/287/287 288/288/288
f 292/292/292 291/291/291 287/287/287
f 293/293/293 288/288/288 284/284/284
f 289/289/289 293/293/293 284/284/284
f 293/293/293 292/292/292 288/288/288
f 294/294/294 289/289/289 290/290/290
f 295/295/295 290/290/290 291/291/291
f 295/295/295 294/294/294 290/290/290
f 296/296/296 291/291/291 292/292/292
f 296/296/296 295/295/295 291/291/291
f 297/297/297 292/292/292 293/293/293
f 297/297/297 296/296/296 292/292/292
f 298/298/298 293/293/293 289/289/289
f 294/294/294 298/298/298 289/289/289
f 298/298/298 297/297/297 293/293/293
f 299/299/299 294/294/294 295/295/295
f 300/300/300 295/295/295 296/296/296
f 300/300/300 299/299/299 295/295/295
f 301/301/301 296/296/296 297/297/297
f 301/301/301 300/300/300 296/296/296
f 302/302/302 297/297/297 298/298/298
f 302/302/302 301/301/301 297/297/297
f 303/303/303 298/298/298 294/294/294
f 299/299/299 303/303/303 294/294/294
f 303/303/303 302/302/302 298/298/298
f 304/304/304 299/299/299 300/300/300
f 305/305/305 300/300/300 301/301/301
f 305/305/305 304/304/304 300/300/300
f 306/306/306 301/301/301 302/302/302
f 306/306/306 305/305/305 301/301/301
f 307/307/307 302/302/302 303/303/303
f 307/307/307 306/306/306 302/302/302
f 308/308/308 303/303/303 299/299/299
f 304/304/304 308/308/308 299/299/299
f 308/308/308 307/307/307 303/303/303
f 309/309/309 304/304/304 305/305/305
f 310/310/310 305/305/305 306/306/306
f 310/310/310 309/309/309 305/305/305
f 311/311/311 306/306/306 307/307/307
f 311/311/311 310/310/310 306/306/306
f 312/312/312 307/307/307 308/308/308
f 312/312/312 311/311/311 307/307/307
f 313/313/313 308/308/308 304/304/304
f 309/309/309 313/313/313 304/304/304
f 313/313/313 312/312/312 308/308/308
f 314/314/314 309/309/309 310/310/310
f 315/315/315 310/310/310 311/311/311
f 315/315/315 314/314/314 310/310/310
f 316/316/316 311/311/311 312/312/312
f 316/316/316 315/315/315 311/311/311
f 317/317/317 312/312/312 313/313/313
f 317/317/317 316/316/316 312/312/312
f 318/318/318 313/313/313 309/309/309
f 314/314/314 318/318/318 309/309/309
f 318/318/318 317/317/317 313/313/313
f 319/319/319 314/314/314 315/315/315
f 320/320/320 315/315/315 316/316/316
f 320/320/320 319/319/319 315/315/315
f 321/321/321 316/316/316 317/317/317
f 321/321/321 320/320/320 316/316/316
f 322/322/322 317/317/317 318/318/318
f 322/322/322 321/321/321 317/317/317
f 323/323/323 318/318/318 314/314/314
f 319/319/319 323/323/323 314/314/314
f 323/323/323 322/322/322 318/318/318
f 324/324/324 319/319/319 320/320/320
f 325/325/325 320/320/320 321/321/321
f 325/325/325 324/324/324 320/320/320
f 326/326/326 321/321/321 322/322/322
f 326/326/326 325/325/325 321/321/321
f 327/327/327 322/322/322 323/323/323
f 327/327/327 326/326/326 322/322/322
f 328/328/328 323/323/323 319/319/319
f 324/324/324 328/328/328 319/319/319
f 328/328/328 327/327/327 323/323/323
f 329/329/329 324/324/324 325/325/325
f 330/330/330 325/325/325 326/326/326
f 330/330/330 329/329/329 325/325/325
f 331/331/331 326/326/326 327/327/327
f 331/331/331 330/330/330 326/326/326
f 332/332/332 327/327/327 328/328/328
f 332/332/332 331/331/331 327/327/327
f 333/333/333 328/328/328 324/324/324
f 329/329/329 333/333/333 324/324/324
f 333/333/333 332/332/332 328/328/328
f 334/334/334 329/329/329 330/330/330
f 335/335/335 330/330/330 331/331/331
f 335/335/335 334/334/334 330/330/330
f 336/336/336 331/331/331 332/332/332
f 336/336/336 335/335/335 331/331/331
f 337/337/337 332/332/332 333/333/333
f 337/337/337 336/336/336 332/332/332
f 338/338/338 333/333/333 329/329/329
f 334/334/334 338/338/338 329/329/329
f 338/338/338 337/337/337 333/333/333
f 339/339/339 334/334/334 335/335/335
f 340/340/340 335/335/335 336/336/336
f 340/340/340 339/339/339 335/335/335
f 341/341/341 336/336/336 337/337/337
f 341/341/341 340/340/340 336/336/336
f 342/342/342 337/337/337 338/338/338
f 342/342/342 341/341/341 337/337/337
f 343/343/343 338/338/338 334/334/334
f 339/339/339 343/343/343 334/334/334
f 343/343/343 342/342/342 338/338/338
f 344/344/344 339/339/339 340/340/340
f 345/345/345 340/340/340 341/341/341
f 345/345/345 344/344/344 340/340/340
f 346/346/346 341/341/341 342/342/342
f 346/346/346 345/345/345 341/341/341
f 347/347/347 342/342/342 343/343/343
f 347/347/347 346/346/346 342/342/342
f 348/348/348 343/343/343 339/339/339
f 344/344/344 348/348/348 339/339/339
f 348/348/348 347/347/347 343/343/343
f 349/349/349 344/344/344 345/345/345
f 350/350/350 345/345/345 346/346/346
f 350/350/350 349/349/349 345/345/345
f 351/351/351 346/346/346 347/347/347
f 351/351/351 350/350/350 346/346/346
f 352/352/352 347/347/347 348/348/348
f 352/352/352 351/351/351 347/347/347
f 353/353/353 348/348/348 344/344/344
f 349/349/349 353/353/353 344/344/344
f 353/353/353 352/352/352 348/348/348
f 354/354/354 349/349/349 350/350/350
f 355/355/355 350/350/350 351/351/351
f 355/355/355 354/354/354 350/350/350
f 356/356/356 351/351/351 352/352/352
f 356/356/356 355/355/355 351/351/351
f 357/357/357 352/352/352 353/353/353
f 357/357/357 356/356/356 352/352/352
f 358/358/358 353/353/353 349/349/349
f 354/354/354 358/358/358 349/349/349
f 358/358/358 357/357/357 353/353/353
f 359/359/359 354/354/354 355/355/355
f 360/360/360 355/355/355 356/356/356
f 360/360/360 359/359/359 355/355/355
f 361/361/361 356/356/356 357/357/357
f 361/361/361 360/360/360 356/356/356
f 362/362/362 357/357/357 358/358/358
f 362/362/362 361/361/361 357/357/357
f 363/363/363 358/358/358 354/354/354
f 359/359/359 363/363/363 354/354/354
f 363/363/363 362/362/362 358/358/358
f 364/364/364 359/359/359 360/360/360
f 365/365/365 360/360/360 361/361/361
f 365/365/365 364/364/364 360/360/360
f 366/366/366 361/361/361 362/362/362
f 366/366/366 365/365/365 361/361/361
f 367/367/367 362/362/362 363/363/363
f 367/367/367 366/366/366 362/362/362
f 368/368/368 363/363/363 359/359/359
f 364/364/364 368/368/368 359/359/359
f 368/368/368 367/367/367 363/363/363
f 369/369/369 364/364/364 365/365/365
f 370/370/370 365/365/365 366/366/366
f 370/370/370 369/369/369 365/365/365
f 371/371/371 366/366/366 367/367/367
f 371/371/371 370/370/370 366/366/366
f 372/372/372 367/367/367 368/368/368
f 372/372/372 371/371/371 367/367/367
f 373/373/373 368/368/368 364/364/364
f 369/369/369 373/373/373 364/364/364
f 373/373/373 372/372/372 368/368/368
f 374/374/374 369/369/369 370/370/370
f 375/375/375 374/374/374 370/370/370
f 375/375/375 370/370/370 371/371/371
f 376/376/376 374/374/374 375/375/375
f 377/377/377 371/371/371 372/372/372
f 377/377/377 375/375/375 371/371/371
f 378/378/378 372/372/372 373/373/373
f 378/378/378 377/377/377 372/372/372
f 379/379/379 373/373/373 369/369/369
f 379/379/379 378/378/378 373/373/373
f 380/380/380 379/379/379 369/369/369
f 375/375/375 377/377/377 381/381/381
f 381/381/381 377/377/377 378/378/378
f 382/382/382 378/378/378 379/379/379
f 382/382/382 381/381/381 378/378/378
f 383/383/383 379/379/379 380/380/380
f 376/376/376 383/383/383 380/380/380
f 383/383/383 382/382/382 379/379/379
f 384/384/384 376/376/376 375/375/375
f 384/384/384 375/375/375 381/381/381
f 381/381/381 382/382/382 385/385/385
f 382/382/382 383/383/383 386/386/386
f 385/385/385 382/382/382 386/386/386
f 383/383/383 376/376/376 387/387/387
f 386/386/386 383/383/383 387/387/387
f 376/376/376 384/384/384 388/388/388
f 387/387/387 376/376/376 388/388/388
f 384/384/384 381/381/381 389/389/389
f 389/389/389 381/381/381 385/385/385
f 388/388/388 384/384/384 389/389/389
f 385/385/385 386/386/386 390/390/390
f 386/386/386 387/387/387 391/391/391
f 390/390/390 386/386/386 391/391/391
f 389/389/389 385/385/385 392/392/392
f 392/392/392 385/385/385 390/390/390
f 387/387/387 388/388/388 393/393/393
f 391/391/391 387/387/387 393/393/393
f 388/388/388 389/389/389 394/394/394
f 394/394/394 389/389/389 392/392/392
f 393/393/393 388/388/388 394/394/394
f 392/392/392 390/390/390 395/395/395
f 390/390/390 391/391/391 396/396/396
f 395/395/395 390/390/390 396/396/396
f 394/394/394 392/392/392 397/397/397
f 397/397/397 392/392/392 395/395/395
f 391/391/391 393/393/393 398/398/398
f 396/396/396 391/391/391 398/398/398
f 393/393/393 394/394/394 399/399/399
f 399/399/399 394/394/394 397/397/397
f 398/398/398 393/393/393 399/399/399
f 395/395/395 396/396/396 400/400/400
f 401/401/401 395/395/395 400/400/400
f 397/397/397 395/395/395 401/401/401
f 401/401/401 400/400/400 402/402/402
f 399/399/399 397/397/397 403/403/403
f 403/403/403 397/397/397 401/401/401
f 396/396/396 398/398/398 404/404/404
f 405/405/405 396/396/396 404/404/404
f 402/402/402 405/405/405 404/404/404
f 398/398/398 399/399/399 406/406/406
f 404/404/404 398/398/398 406/406/406
f 406/406/406 399/399/399 403/403/403
f 407/407/407 404/404/404 406/406/406
f 407/407/407 402/402/402 404/404/404
f 408/408/408 406/406/406 403/403/403
f 408/408/408 407/407/407 406/406/406
f 409/409/409 403/403/403 401/401/401
f 409/409/409 408/408/408 403/403/403
f 410/410/410 401/401/401 402/402/402
f 410/410/410 409/409/409 401/401/401
f 411/411/411 402/402/402 407/407/407
f 412/412/412 411/411/411 407/407/407
f 412/412/412 407/407/407 408/408/408
f 413/413/413 411/411/411 412/412/412
f 414/414/414 408/408/408 409/409/409
f 414/414/414 412/412/412 408/408/408
f 415/415/415 409/409/409 410/410/410
f 415/415/415 414/414/414 409/409/409
f 416/416/416 410/410/410 402/402/402
f 416/416/416 415/415/415 410/410/410
f 417/417/417 416/416/416 402/402/402
f 418/418/418 412/412/412 414/414/414
f 418/418/418 413/413/413 412/412/412
f 419/419/419 414/414/414 415/415/415
f 419/419/419 418/418/418 414/414/414
f 420/420/420 415/415/415 416/416/416
f 420/420/420 419/419/419 415/415/415
f 421/421/421 416/416/416 417/417/417
f 413/413/413 421/421/421 417/417/417
f 421/421/421 420/420/420 416/416/416
f 422/422/422 413/413/413 418/418/418
f 423/423/423 418/418/418 419/419/419
f 423/423/423 422/422/422 418/418/418
f 424/424/424 419/419/419 420/420/420
f 424/424/424 423/423/423 419/419/419
f 425/425/425 420/420/420 421/421/421
f 425/425/425 424/424/424 420/420/420
f 426/426/426 421/421/421 413/413/413
f 422/422/422 426/426/426 413/413/413
f 426/426/426 425/425/425 421/421/421
f 427/427/427 422/422/422 423/423/423
f 428/428/428 423/423/423 424/424/424
f 428/428/428 427/427/427 423/423/423
f 429/429/429 424/424/424 425/425/425
f 429/429/429 428/428/428 424/424/424
f 430/430/430 425/425/425 426/426/426
f 430/430/430 429/429/429 425/425/425
f 431/431/431 426/426/426 422/422/422
f 427/427/427 431/431/431 422/422/422
f 431/431/431 430/430/430 426/426/426
f 432/432/432 427/427/427 428/428/428
f 433/433/433 428/428/428 429/429/429
f 433/433/433 432/432/432 428/428/428
f 434/434/434 429/429/429 430/430/430
f 434/434/434 433/433/433 429/429/429
f 435/435/435 430/430/430 431/431/431
f 435/435/435 434/434/434 430/430/430
f 436/436/436 431/431/431 427/427/427
f 432/432/432 436/436/436 427/427/427
f 436/436/436 435/435/435 431/431/431
f 437/437/437 432/432/432 433/433/433
f 438/438/438 433/433/433 434/434/434
f 438/438/438 437/437/437 433/433/433
f 439/439/439 434/434/434 435/435/435
f 439/439/439 438/438/438 434/434/434
f 440/440/440 435/435/435 436/436/436
f 440/440/440 439/439/439 435/435/435
f 441/441/441 436/436/436 432/432/432
f 437/437/437 441/441/441 432/432/432
f 441/441/441 440/440/440 436/436/436
f 442/442/442 437/437/437 438/438/438
f 443/443/443 438/438/438 439/439/439
f 443/443/443 442/442/442 438/438/438
f 444/444/444 439/439/439 440/440/440
f 444/444/444 443/443/443 439/439/439
f 445/445/445 440/440/440 441/441/441
f 445/445/445 444/444/444 440/440/440
f 446/446/446 441/441/441 437/437/437
f 442/442/442 446/446/446 437/437/437
f 446/446/446 445/445/445 441/441/441
f 447/447/447 442/442/442 443/443/443
f 448/448/448 443/443/443 444/444/444
f 448/448/448 447/447/447 443/443/443
f 449/449/449 444/444/444 445/445/445
f 449/449/449 448/448/448 444/444/444
f 450/450/450 445/445/445 446/446/446
f 450/450/450 449/449/449 445/445/445
f 451/451/451 446/446/446 442/442/442
f 447/447/447 451/451/451 442/442/442
f 451/451/451 450/450/450 446/446/446
f 452/452/452 447/447/447 448/448/448
f 453/453/453 448/448/448 449/449/449
f 453/453/453 452/452/452 448/448/448
f 454/454/454 449/449/449 450/450/450
f 454/454/454 453/453/453 449/449/449
f 455/455/455 450/450/450 451/451/451
f 455/455/455 454/454/454 450/450/450
f 456/456/456 451/451/451 447/447/447
f 452/452/452 456/456/456 447/447/447
f 456/456/456 455/455/455 451/451/451
f 457/457/457 452/452/452 453/453/453
f 458/458/458 453/453/453 454/454/454
f 458/458/458 457/457/457 453/453/453
f 459/459/459 454/454/454 455/455/455
f 459/459/459 458/458/458 454/454/454
f 460/460/460 455/455/455 456/456/456
f 460/460/460 459/459/459 455/455/455
f 461/461/461 456/456/456 452/452/452
f 457/457/457 461/461/461 452/452/452
f 461/461/461 460/460/460 456/456/456
f 462/462/462 457/457/457 458/458/458
f 463/463/463 458/458/458 459/459/459
f 463/463/463 462/462/462 458/458/458
f 464/464/464 459/459/459 460/460/460
f 464/464/464 463/463/463 459/459/459
f 465/465/465 460/460/460 461/461/461
f 465/465/465 464/464/464 460/460/460
f 466/466/466 461/461/461 457/457/457
f 462/462/462 466/466/466 457/457/457
f 466/466/466 465/465/465 461/461/461
f 467/467/467 462/462/462 463/463/463
f 468/468/468 463/463/463 464/464/464
f 468/468/468 467/467/467 463/463/463
f 469/469/469 464/464/464 465/465/465
f 469/469/469 468/468/468 464/464/464
f 470/470/470 465/465/465 466/466/466
f 470/470/470 469/469/469 465/465/465
f 471/471/471 466/466/466 462/462/462
f 467/467/467 471/471/471 462/462/462
f 471/471/471 470/470/470 466/466/466
f 472/472/472 467/467/467 468/468/468
f 473/473/473 468/468/468 469/469/469
f 473/473/473 472/472/472 468/468/468
f 474/474/474 469/469/469 470/470/470
f 474/474/474 473/473/473 469/469/469
f 475/475/475 470/470/470 471/471/471
f 475/475/475 474/474/474 470/470/470
f 476/476/476 471/471/471 467/467/467
f 472/472/472 476/476/476 467/467/467
f 476/476/476 475/475/475 471/471/471
f 477/477/477 472/472/472 473/473/473
f 478/478/478 473/473/473 474/474/474
f 478/478/478 477/477/477 473/473/473
f 479/479/479 474/474/474 475/475/475
f 479/479/479 478/478/478 474/474/474
f 480/480/480 475/475/475 476/476/476
f 480/480/480 479/479/479 475/475/475
f 481/481/481 476/476/476 472/472/472
f 477/477/477 481/481/481 472/472/472
f 481/481/481 480/480/480 476/476/476
f 482/482/482 477/477/477 478/478/478
f 483/483/483 478/478/478 479/479/479
f 483/483/483 482/482/482 478/478/478
f 484/484/484 479/479/479 480/480/480
f 484/484/484 483/483/483 479/479/479
f 485/485/485 480/480/480 481/481/481
f 485/485/485 484/484/484 480/480/480
f 486/486/486 481/481/481 477/477/477
f 482/482/482 486/486/486 477/477/477
f 486/486/486 485/485/485 481/481/481
f 487/487/487 482/482/482 483/483/483
f 488/488/488 483/483/483 484/484/484
f 488/488/488 487/487/487 483/483/483
f 489/489/489 484/484/484 485/485/485
f 489/489/489 488/488/488 484/484/484
f 490/490/490 485/485/485 486/486/486
f 490/490/490 489/489/489 485/485/485
f 491/491/491 486/486/486 482/482/482
f 487/487/487 491/491/491 482/482/482
f 491/491/491 490/490/490 486/486/486
f 492/492/492 487/487/487 488/488/488
f 493/493/493 488/488/488 489/489/489
f 493/493/493 492/492/492 488/488/488
f 494/494/494 489/489/489 490/490/490
f 494/494/494 493/493/493 489/489/489
f 495/495/495 490/490/490 491/491/491
f 495/495/495 494/494/494 490/490/490
f 496/496/496 491/491/491 487/487/487
f 492/492/492 496/496/496 487/487/487
f 496/496/496 495/495/495 491/491/491
f 497/497/497 492/492/492 493/493/493
f 498/498/498 493/493/493 494/494/494
f 498/498/498 497/497/497 493/493/493
f 499/499/499 494/494/494 495/495/495
f 499/499/499 498/498/498 494/494/494
f 500/500/500 495/495/495 496/496/496
f 500/500/500 499/499/499 495/495/495
f 501/501/501 496/496/496 492/492/492
f 497/497/497 501/501/501 492/492/492
f 501/501/501 500/500/500 496/496/496
f 502/502/502 497/497/497 498/498/498
f 503/503/503 498/498/498 499/499/499
f 503/503/503 502/502/502 498/498/498
f 504/504/504 499/499/499 500/500/500
f 504/504/504 503/503/503 499/499/499
f 505/505/505 500/500/500 501/501/501
f 505/505/505 504/504/504 500/500/500
f 506/506/506 501/501/501 497/497/497
f 502/502/502 506/506/506 497/497/497
f 506/506/506 505/505/505 501/501/501
f 507/507/507 502/502/502 503/503/503
f 508/508/508 503/503/503 504/504/504
f 508/508/508 507/507/507 503/503/503
f 509/509/509 504/504/504 505/505/505
f 509/509/509 508/508/508 504/504/504
f 510/510/510 505/505/505 506/506/506
f 510/510/510 509/509/509 505/505/505
f 511/511/511 506/506/506 502/502/502
f 507/507/507 511/511/511 502/502/502
f 511/511/511 510/510/510 506/506/506
f 512/512/512 507/507/507 508/508/508
f 513/513/513 508/508/508 509/509/509
f 513/513/513 512/512/512 508/508/508
f 514/514/514 509/509/509 510/510/510
f 514/514/514 513/513/513 509/509/509
f 515/515/515 510/510/510 511/511/511
f 515/515/515 514/514/514 510/510/510
f 516/516/516 511/511/511 507/507/507
f 512/512/512 516/516/516 507/507/507
f 516/516/516 515/515/515 511/511/511
f 517/517/517 512/512/512 513/513/513
f 518/518/518 513/513/513 514/514/514
f 518/518/518 517/517/517 513/513/513
f 519/519/519 514/514/514 515/515/515
f 519/519/519 518/518/518 514/514/514
f 520/520/520 515/515/515 516/516/516
f 520/520/520 519/519/519 515/515/515
f 521/521/521 516/516/516 512/512/512
f 517/517/517 521/521/521 512/512/512
f 521/521/521 520/520/520 516/516/516
f 522/522/522 517/517/517 518/518/518
f 523/523/523 518/518/518 519/519/519
f 523/523/523 522/522/522 518/518/518
f 524/524/524 519/519/519 520/520/520
f 524/524/524 523/523/523 519/519/519
f 525/525/525 520/520/520 521/521/521
f 525/525/525 524/524/524 520/520/520
f 526/526/526 521/521/521 517/517/517
f 522/522/522 526/526/526 517/517/517
f 526/526/526 525/525/525 521/521/521
f 527/527/527 522/522/522 523/523/523
f 528/528/528 523/523/523 524/524/524
f 528/528/528 527/527/527 523/523/523
f 529/529/529 524/524/524 525/525/525
f 529/529/529 528/528/528 524/524/524
f 530/530/530 525/525/525 526/526/526
f 530/530/530 529/529/529 525/525/525
f 531/531/531 526/526/526 522/522/522
f 527/527/527 531/531/531 522/522/522
f 531/531/531 530/530/530 526/526/526
f 532/532/532 527/527/527 528/528/528
f 533/533/533 528/528/528 529/529/529
f 533/533/533 532/532/532 528/528/528
f 534/534/534 529/529/529 530/530/530
f 534/534/534 533/533/533 529/529/529
f 535/535/535 530/530/530 531/531/531
f 535/535/535 534/534/534 530/530/530
f 536/536/536 531/531/531 527/527/527
f 532/532/532 536/536/536 527/527/527
f 536/536/536 535/535/535 531/531/531
f 537/537/537 532/532/532 533/533/533
f 538/538/538 533/533/533 534/534/534
f 538/538/538 537/537/537 533/533/533
f 539/539/539 534/534/534 535/535/535
f 539/539/539 538/538/538 534/534/534
f 540/540/540 535/535/535 536/536/536
f 540/540/540 539/539/539 535/535/535
f 541/541/541 536/536/536 532/532/532
f 537/537/537 541/541/541 532/532/532
f 541/541/541 540/540/540 536/536/536
f 542/542/542 537/537/537 538/538/538
f 543/543/543 538/538/538 539/539/539
f 543/543/543 542/542/542 538/538/538
f 544/544/544 539/539/539 540/540/540
f 544/544/544 543/543/543 539/539/539
f 545/545/545 540/540/540 541/541/541
f 545/545/545 544/544/544 540/540/540
f 546/546/546 541/541/541 537/537/537
f 542/542/542 546/546/546 537/537/537
f 546/546/546 545/545/545 541/541/541
f 547/547/547 542/542/542 543/543/543
f 548/548/548 543/543/543 544/544/544
f 548/548/548 547/547/547 543/543/543
f 549/549/549 544/544/544 545/545/545
f 549/549/549 548/548/548 544/544/544
f 550/550/550 545/545/545 546/546/546
f 550/550/550 549/549/549 545/545/545
f 551/551/551 546/546/546 542/542/542
f 547/547/547 551/551/551 542/542/542
f 551/551/551 550/550/550 546/546/546
f 552/552/552 547/547/547 548/548/548
f 553/553/553 548/548/548 549/549/549
f 553/553/553 552/552/552 548/548/548
f 554/554/554 549/549/549 550/550/550
f 554/554/554 553/553/553 549/549/549
f 555/555/555 550/550/550 551/551/551
f 555/555/555 554/554/554 550/550/550
f 556/556/556 551/551/551 547/547/547
f 552/552/552 556/556/556 547/547/547
f 556/556/556 555/555/555 551/551/551
f 557/557/557 552/552/552 553/553/553
f 558/558/558 553/553/553 554/554/554
f 558/558/558 557/557/557 553/553/553
f 559/559/559 554/554/554 555/555/555
f 559/559/559 558/558/558 554/554/554
f 560/560/560 555/555/555 556/556/556
f 560/560/560 559/559/559 555/555/555
f 561/561/561 556/556/556 552/552/552
f 557/557/557 561/561/561 552/552/552
f 561/561/561 560/560/560 556/556/556
f 562/562/562 557/557/557 558/558/558
f 563/563/563 558/558/558 559/559/559
f 563/563/563 562/562/562 558/558/558
f 564/564/564 559/559/559 560/560/560
f 564/564/564 563/563/563 559/559/559
f 565/565/565 560/560/560 561/561/561
f 565/565/565 564/564/564 560/560/560
f 566/566/566 561/561/561 557/557/557
f 562/562/562 566/566/566 557/557/557
f 566/566/566 565/565/565 561/561/561
f 567/567/567 562/562/562 563/563/563
f 568/568/568 563/563/563 564/564/564
f 568/568/568 567/567/567 563/563/563
f 569/569/569 564/564/564 565/565/565
f 569/569/569 568/568/568 564/564/564
f 570/570/570 565/565/565 566/566/566
f 570/570/570 569/569/569 565/565/565
f 571/571/571 566/566/566 562/562/562
f 567/567/567 571/571/571 562/562/562
f 571/571/571 570/570/570 566/566/566
f 572/572/572 567/567/567 568/568/568
f 573/573/573 568/568/568 569/569/569
f 573/573/573 572/572/572 568/568/568
f 574/574/574 569/569/569 570/570/570
f 574/574/574 573/573/573 569/569/569
f 575/575/575 570/570/570 571/571/571
f 575/575/575 574/574/574 570/570/570
f 576/576/576 571/571/571 567/567/567
f 572/572/572 576/576/576 567/567/567
f 576/576/576 575/575/575 571/571/571
f 577/577/577 572/572/572 573/573/573
f 578/578/578 573/573/573 574/574/574
f 578/578/578 577/577/577 573/573/573
f 579/579/579 574/574/574 575/575/575
f 579/579/579 578/578/578 574/574/574
f 580/580/580 575/575/575 576/576/576
f 580/580/580 579/579/579 575/575/575
f 581/581/581 576/576/576 572/572/572
f 577/577/577 581/581/581 572/572/572
f 581/581/581 580/580/580 576/576/576
f 582/582/582 577/577/577 578/578/578
f 583/583/583 578/578/578 579/579/579
f 583/583/583 582/582/582 578/578/578
f 584/584/584 579/579/579 580/580/580
f 584/584/584 583/583/583 579/579/579
f 585/585/585 580/580/580 581/581/581
f 585/585/585 584/584/584 580/580/580
f 586/586/586 581/581/581 577/577/577
f 582/582/582 586/586/586 577/577/577
f 586/586/586 585/585/585 581/581/581
f 587/587/587 582/582/582 583/583/583
f 588/588/588 583/583/583 584/584/584
f 588/588/588 587/587/587 583/583/583
f 589/589/589 584/584/584 585/585/585
f 589/589/589 588/588/588 584/584/584
f 590/590/590 585/585/585 586/586/586
f 590/590/590 589/589/589 585/585/585
f 591/591/591 586/586/586 582/582/582
f 587/587/587 591/591/591 582/582/582
f 591/591/591 590/590/590 586/586/586
f 592/592/592 587/587/587 588/588/588
f 593/593/593 588/588/588 589/589/589
f 593/593/593 592/592/592 588/588/588
f 594/594/594 589/589/589 590/590/590
f 594/594/594 593/593/593 589/589/589
f 595/595/595 590/590/590 591/591/591
f 595/595/595 594/594/594 590/590/590
f 596/596/596 591/591/591 587/587/587
f 592/592/592 596/596/596 587/587/587
f 596/596/596 595/595/595 591/591/591
f 597/597/597 592/592/592 593/593/593
f 598/598/598 593/593/593 594/594/594
f 598/598/598 597/597/597 593/593/593
f 599/599/599 594/594/594 595/595/595
f 599/599/599 598/598/598 594/594/594
f 600/600/600 595/595/595 596/596/596
f 600/600/600 599/599/599 595/595/595
f 601/601/601 596/596/596 592/592/592
f 597/597/597 601/601/601 592/592/592
f 601/601/601 600/600/600 596/596/596
f 602/602/602 597/597/597 598/598/598
f 603/603/603 598/598/598 599/599/599
f 603/603/603 602/602/602 598/598/598
f 604/604/604 599/599/599 600/600/600
f 604/604/604 603/603/603 599/599/599
f 605/605/605 600/600/600 601/601/601
f 605/605/605 604/604/604 600/600/600
f 606/606/606 601/601/601 597/597/597
f 602/602/602 606/606/606 597/597/597
f 606/606/606 605/605/605 601/601/601
f 607/607/607 602/602/602 603/603/603
f 608/608/608 603/603/603 604/604/604
f 608/608/608 607/607/607 603/603/603
f 609/609/609 604/604/604 605/605/605
f 609/609/609 608/608/608 604/604/604
f 610/610/610 605/605/605 606/606/606
f 610/610/610 609/609/609 605/605/605
f 611/611/611 606/606/606 602/602/602
f 607/607/607 611/611/611 602/602/602
f 611/611/611 610/610/610 606/606/606
f 612/612/612 607/607/607 608/608/608
f 613/613/613 608/608/608 609/609/609
f 613/613/613 612/612/612 608/608/608
f 614/614/614 609/609/609 610/610/610
f 614/614/614 613/613/613 609/609/609
f 615/615/615 610/610/610 611/611/611
f 615/615/615 614/614/614 610/610/610
f 616/616/616 611/611/611 607/607/607
f 612/612/612 616/616/616 607/607/607
f 616/616/616 615/615/615 611/611/611
f 617/617/617 612/612/612 613/613/613
f 618/618/618 613/613/613 614/614/614
f 618/618/618 617/617/617 613/613/613
f 619/619/619 614/614/614 615/615/615
f 619/619/619 618/618/618 614/614/614
f 620/620/620 615/615/615 616/616/616
f 620/620/620 619/619/619 615/615/615
f 621/621/621 616/616/616 612/612/612
f 617/617/617 621/621/621 612/612/612
f 621/621/621 620/620/620 616/616/616
f 622/622/622 617/617/617 618/618/618
f 623/623/623 618/618/618 619/619/619
f 623/623/623 622/622/622 618/618/618
f 624/624/624 619/619/619 620/620/620
f 624/624/624 623/623/623 619/619/619
f 625/625/625 620/620/620 621/621/621
f 625/625/625 624/624/624 620/620/620
f 626/626/626 621/621/621 617/617/617
f 622/622/622 626/626/626 617/617/617
f 626/626/626 625/625/625 621/621/621
f 627/627/627 622/622/622 623/623/623
f 628/628/628 623/623/623 624/624/624
f 628/628/628 627/627/627 623/623/623
f 629/629/629 624/624/624 625/625/625
f 629/629/629 628/628/628 624/624/624
f 630/630/630 625/625/625 626/626/626
f 630/630/630 629/629/629 625/625/625
f 631/631/631 626/626/626 622/622/622
f 627/627/627 631/631/631 622/622/622
f 631/631/631 630/630/630 626/626/626
f 632/632/632 627/627/627 628/628/628
f 633/633/633 628/628/628 629/629/629
f 633/633/633 632/632/632 628/628/628
f 634/634/634 629/629/629 630/630/630
f 634/634/634 633/633/633 629/629/629
f 635/635/635 630/630/630 631/631/631
f 635/635/635 634/634/634 630/630/630
f 636/636/636 631/631/631 627/627/627
f 632/632/632 636/636/636 627/627/627
f 636/636/636 635/635/635 631/631/631
f 637/637/637 632/632/632 633/633/633
f 638/638/638 633/633/633 634/634/634
f 638/638/638 637/637/637 633/633/633
f 639/639/639 634/634/634 635/635/635
f 639/639/639 638/638/638 634/634/634
f 640/640/640 635/635/635 636/636/636
f 640/640/640 639/639/639 635/635/635
f 641/641/641 636/636/636 632/632/632
f 637/637/637 641/641/641 632/632/632
f 641/641/641 640/640/640 636/636/636
f 642/642/642 637/637/637 638/638/638
f 643/643/643 638/638/638 639/639/639
f 643/643/643 642/642/642 638/638/638
f 644/644/644 639/639/639 640/640/640
f 644/644/644 643/643/643 639/639/639
f 645/645/645 640/640/640 641/641/641
f 645/645/645 644/644/644 640/640/640
f 646/646/646 641/641/641 637/637/637
f 642/642/642 646/646/646 637/637/637
f 646/646/646 645/645/645 641/641/641
f 647/647/647 642/642/642 643/643/643
f 648/648/648 643/643/643 644/644/644
f 648/648/648 647/647/647 643/643/643
f 649/649/649 644/644/644 645/645/645
f 649/649/649 648/648/648 644/644/644
f 650/650/650 645/645/645 646/646/646
f 650/650/650 649/649/649 645/645/645
f 651/651/651 646/646/646 642/642/642
f 647/647/647 651/651/651 642/642/642
f 651/651/651 650/650/650 646/646/646
f 652/652/652 647/647/647 648/648/648
f 653/653/653 648/648/648 649/649/649
f 653/653/653 652/652/652 648/648/648
f 654/654/654 649/649/649 650/650/650
f 654/654/654 653/653/653 649/649/649
f 655/655/655 650/650/650 651/651/651
f 655/655/655 654/654/654 650/650/650
f 656/656/656 651/651/651 647/647/647
f 652/652/652 656/656/656 647/647/647
f 656/656/656 655/655/655 651/651/651
f 657/657/657 652/652/652 653/653/653
f 658/658/658 653/653/653 654/654/654
f 658/658/658 657/657/657 653/653/653
f 659/659/659 654/654/654 655/655/655
f 659/659/659 658/658/658 654/654/654
f 660/660/660 655/655/655 656/656/656
f 660/660/660 659/659/659 655/655/655
f 661/661/661 656/656/656 652/652/652
f 657/657/657 661/661/661 652/652/652
f 661/661/661 660/660/660 656/656/656
f 662/662/662 657/657/657 658/658/658
f 663/663/663 658/658/658 659/659/659
f 663/663/663 662/662/662 658/658/658
f 664/664/664 659/659/659 660/660/660
f 664/664/664 663/663/663 659/659/659
f 665/665/665 660/660/660 661/661/661
f 665/665/665 664/664/664 660/660/660
f 666/666/666 661/661/661 657/657/657
f 662/662/662 666/666/666 657/657/657
f 666/666/666 665/665/665 661/661/661
f 667/667/667 662/662/662 663/663/663
f 668/668/668 663/663/663 664/664/664
f 668/668/668 667/667/667 663/663/663
f 669/669/669 664/664/664 665/665/665
f 669/669/669 668/668/668 664/664/664
f 670/670/670 665/665/665 666/666/666
f 670/670/670 669/669/669 665/665/665
f 671/671/671 666/666/666 662/662/662
f 667/667/667 671/671/671 662/662/662
f 671/671/671 670/670/670 666/666/666
f 672/672/672 667/667/667 668/668/668
f 673/673/673 668/668/668 669/669/669
f 673/673/673 672/672/672 668/668/668
f 674/674/674 669/669/669 670/670/670
f 674/674/674 673/673/673 669/669/669
f 675/675/675 670/670/670 671/671/671
f 675/675/675 674/674/674 670/670/670
f 676/676/676 671/671/671 667/667/667
f 672/672/672 676/676/676 667/667/667
f 676/676/676 675/675/675 671/671/671
f 677/677/677 672/672/672 673/673/673
f 678/678/678 673/673/673 674/674/674
f 678/678/678 677/677/677 673/673/673
f 679/679/679 674/674/674 675/675/675
f 679/679/679 678/678/678 674/674/674
f 680/680/680 675/675/675 676/676/676
f 680/680/680 679/679/679 675/675/675
f 681/681/681 676/676/676 672/672/672
f 677/677/677 681/681/681 672/672/672
f 681/681/681 680/680/680 676/676/676
f 682/682/682 677/677/677 678/678/678
f 683/683/683 678/678/678 679/679/679
f 683/683/683 682/682/682 678/678/678
f 684/684/684 679/679/679 680/680/680
f 684/684/684 683/683/683 679/679/679
f 685/685/685 680/680/680 681/681/681
f 685/685/685 684/684/684 680/680/680
f 686/686/686 681/681/681 677/677/677
f 682/682/682 686/686/686 677/677/677
f 686/686/686 685/685/685 681/681/681
f 687/687/687 682/682/682 683/683/683
f 688/688/688 683/683/683 684/684/684
f 688/688/688 687/687/687 683/683/683
f 689/689/689 684/684/684 685/685/685
f 689/689/689 688/688/688 684/684/684
f 690/690/690 685/685/685 686/686/686
f 690/690/690 689/689/689 685/685/685
f 691/691/691 686/686/686 682/682/682
f 687/687/687 691/691/691 682/682/682
f 691/691/691 690/690/690 686/686/686
f 692/692/692 687/687/687 688/688/688
f 693/693/693 688/688/688 689/689/689
f 693/693/693 692/692/692 688/688/688
f 694/694/694 689/689/689 690/690/690
f 694/694/694 693/693/693 689/689/689
f 695/695/695 690/690/690 691/691/691
f 695/695/695 694/694/694 690/690/690
f 696/696/696 691/691/691 687/687/687
f 692/692/692 696/696/696 687/687/687
f 696/696/696 695/695/695 691/691/691
f 697/697/697 692/692/692 693/693/693
f 698/698/698 693/693/693 694/694/694
f 698/698/698 697/697/697 693/693/693
f 699/699/699 694/694/694 695/695/695
f 699/699/699 698/698/698 694/694/694
f 700/700/700 695/695/695 696/696/696
f 700/700/700 699/699/699 695/695/695
f 701/701/701 696/696/696 692/692/692
f 697/697/697 701/701/701 692/692/692
f 701/701/701 700/700/700 696/696/696
f 702/702/702 697/697/697 698/698/698
f 703/703/703 698/698/698 699/699/699
f 703/703/703 702/702/702 698/698/698
f 704/704/704 699/699/699 700/700/700
f 704/704/704 703/703/703 699/699/699
f 705/705/705 700/700/700 701/701/701
f 705/705/705 704/704/704 700/700/700
f 706/706/706 701/701/701 697/697/697
f 702/702/702 706/706/706 697/697/697
f 706/706/706 705/705/705 701/701/701
f 707/707/707 702/702/702 703/703/703
f 708/708/708 703/703/703 704/704/704
f 708/708/708 707/707/707 703/703/703
f 709/709/709 704/704/704 705/705/705
f 709/709/709 708/708/708 704/704/704
f 710/710/710 705/705/705 706/706/706
f 710/710/710 709/709/709 705/705/705
f 711/711/711 706/706/706 702/702/702
f 707/707/707 711/711/711 702/702/702
f 711/711/711 710/710/710 706/706/706
f 712/712/712 707/707/707 708/708/708
f 713/713/713 708/708/708 709/709/709
f 713/713/713 712/712/712 708/708/708
f 714/714/714 709/709/709 710/710/710
f 714/714/714 713/713/713 709/709/709
f 715/715/715 710/710/710 711/711/711
f 715/715/715 714/714/714 710/710/710
f 716/716/716 711/711/711 707/707/707
f 712/712/712 716/716/716 707/707/707
f 716/716/716 715/715/715 711/711/711
f 717/717/717 712/712/712 713/713/713
f 718/718/718 713/713/713 714/714/714
f 718/718/718 717/717/717 713/713/713
f 719/719/719 714/714/714 715/715/715
f 719/719/719 718/718/718 714/714/714
f 720/720/720 715/715/715 716/716/716
f 720/720/720 719/719/719 715/715/715
f 721/721/721 716/716/716 712/712/712
f 717/717/717 721/721/721 712/712/712
f 721/721/721 720/720/720 716/716/716
f 722/722/722 717/717/717 718/718/718
f 723/723/723 718/718/718 719/719/719
f 723/723/723 722/722/722 718/718/718
f 724/724/724 719/719/719 720/720/720
f 724/724/724 723/723/723 719/719/719
f 725/725/725 720/720/720 721/721/721
f 725/725/725 724/724/724 720/720/720
f 726/726/726 721/721/721 717/717/717
f 722/722/722 726/726/726 717/717/717
f 726/726/726 725/725/725 721/721/721
f 727/727/727 722/722/722 723/723/723
f 728/728/728 723/723/723 724/724/724
f 728/728/728 727/727/727 723/723/723
f 729/729/729 724/724/724 725/725/725
f 729/729/729 728/728/728 724/724/724
f 730/730/730 725/725/725 726/726/726
f 730/730/730 729/729/729 725/725/725
f 731/731/731 726/726/726 722/722/722
f 727/727/727 731/731/731 722/722/722
f 731/731/731 730/730/730 726/726/726
f 732/732/732 727/727/727 728/728/728
f 733/733/733 728/728/728 729/729/729
f 733/733/733 732/732/732 728/728/728
f 734/734/734 729/729/729 730/730/730
f 734/734/734 733/733/733 729/729/729
f 735/735/735 730/730/730 731/731/731
f 735/735/735 734/734/734 730/730/730
f 736/736/736 731/731/731 727/727/727
f 732/732/732 736/736/736 727/727/727
f 736/736/736 735/735/735 731/731/731
f 737/737/737 732/732/732 733/733/733
f 738/738/738 733/733/733 734/734/734
f 738/738/738 737/737/737 733/733/733
f 739/739/739 734/734/734 735/735/735
f 739/739/739 738/738/738 734/734/734
f 740/740/740 735/735/735 736/736/736
f 740/740/740 739/739/739 735/735/735
f 741/741/741 736/736/736 732/732/732
f 737/737/737 741/741/741 732/732/732
f 741/741/741 740/740/740 736/736/736
f 742/742/742 737/737/737 738/738/738
f 743/743/743 738/738/738 739/739/739
f 743/743/743 742/742/742 738/738/738
f 744/744/744 739/739/739 740/740/740
f 744/744/744 743/743/743 739/739/739
f 745/745/745 740/740/740 741/741/741
f 745/745/745 744/744/744 740/740/740
f 746/746/746 741/741/741 737/737/737
f 742/742/742 746/746/746 737/737/737
f 746/746/746 745/745/745 741/741/741
f 747/747/747 742/742/742 743/743/743
f 748/748/748 743/743/743 744/744/744
f 748/748/748 747/747/747 743/743/743
f 749/749/749 744/744/744 745/745/745
f 749/749/749 748/748/748 744/744/744
f 750/750/750 745/745/745 746/746/746
f 750/750/750 749/749/749 745/745/745
f 751/751/751 746/746/746 742/742/742
f 747/747/747 751/751/751 742/742/742
f 751/751/751 750/750/750 746/746/746
f 752/752/752 747/747/747 748/748/748
f 753/753/753 748/748/748 749/749/749
f 753/753/753 752/752/752 748/748/748
f 754/754/754 749/749/749 750/750/750
f 754/754/754 753/753/753 749/749/749
f 755/755/755 750/750/750 751/751/751
f 755/755/755 754/754/754 750/750/750
f 756/756/756 751/751/751 747/747/747
f 752/752/752 756/756/756 747/747/747
f 756/756/756 755/755/755 751/751/751
f 757/757/757 752/752/752 753/753/753
f 758/758/758 753/753/753 754/754/754
f 758/758/758 757/757/757 753/753/753
f 759/759/759 754/754/754 755/755/755
f 759/759/759 758/758/758 754/754/754
f 760/760/760 755/755/755 756/756/756
f 760/760/760 759/759/759 755/755/755
f 761/761/761 756/756/756 752/752/752
f 757/757/757 761/761/761 752/752/752
f 761/761/761 760/760/760 756/756/756
f 762/762/762 757/757/757 758/758/758
f 763/763/763 758/758/758 759/759/759
f 763/763/763 762/762/762 758/758/758
f 764/764/764 759/759/759 760/760/760
f 764/764/764 763/763/763 759/759/759
f 765/765/765 760/760/760 761/761/761
f 765/765/765 764/764/764 760/760/760
f 766/766/766 761/761/761 757/757/757
f 762/762/762 766/766/766 757/757/757
f 766/766/766 765/765/765 761/761/761
f 767/767/767 762/762/762 763/763/763
f 768/768/768 763/763/763 764/764/764
f 768/768/768 767/767/767 763/763/763
f 769/769/769 764/764/764 765/765/765
f 769/769/769 768/768/768 764/764/764
f 770/770/770 765/765/765 766/766/766
f 770/770/770 769/769/769 765/765/765
f 771/771/771 766/766/766 762/762/762
f 767/767/767 771/771/771 762/762/762
f 771/771/771 770/770/770 766/766/766
f 772/772/772 767/767/767 768/768/768
f 773/773/773 768/768/768 769/769/769
f 773/773/773 772/772/772 768/768/768
f 774/774/774 769/769/769 770/770/770
f 774/774/774 773/773/773 769/769/769
f 775/775/775 770/770/770 771/771/771
f 775/775/775 774/774/774 770/770/770
f 776/776/776 771/771/771 767/767/767
f 772/772/772 776/776/776 767/767/767
f 776/776/776 775/775/775 771/771/771
f 777/777/777 772/772/772 773/773/773
f 778/778/778 773/773/773 774/774/774
f 778/778/778 777/777/777 773/773/773
f 779/779/779 774/774/774 775/775/775
f 779/779/779 778/778/778 774/774/774
f 780/780/780 775/775/775 776/776/776
f 780/780/780 779/779/779 775/775/775
f 781/781/781 776/776/776 772/772/772
f 777/777/777 781/781/781 772/772/772
f 781/781/781 780/780/780 776/776/776
f 782/782/782 777/777/777 778/778/778
f 783/783/783 778/778/778 779/779/779
f 783/783/783 782/782/782 778/778/778
f 784/784/784 779/779/779 780/780/780
f 784/784/784 783/783/783 779/779/779
f 785/785/785 780/780/780 781/781/781
f 785/785/785 784/784/784 780/780/780
f 786/786/786 781/781/781 777/777/777
f 782/782/782 786/786/786 777/777/777
f 786/786/786 785/785/785 781/781/781
f 787/787/787 782/782/782 783/783/783
f 788/788/788 783/783/783 784/784/784
f 788/788/788 787/787/787 783/783/783
f 789/789/789 784/784/784 785/785/785
f 789/789/789 788/788/788 784/784/784
f 790/790/790 785/785/785 786/786/786
f 790/790/790 789/789/789 785/785/785
f 791/791/791 786/786/786 782/782/782
f 787/787/787 791/791/791 782/782/782
f 791/791/791 790/790/790 786/786/786
f 792/792/792 787/787/787 788/788/788
f 793/793/793 788/788/788 789/789/789
f 793/793/793 792/792/792 788/788/788
f 794/794/794 789/789/789 790/790/790
f 794/794/794 793/793/793 789/789/789
f 795/795/795 790/790/790 791/791/791
f 795/795/795 794/794/794 790/790/790
f 796/796/796 791/791/791 787/787/787
f 792/792/792 796/796/796 787/787/787
f 796/796/796 795/795/795 791/791/791
f 797/797/797 792/792/792 793/793/793
f 798/798/798 793/793/793 794/794/794
f 798/798/798 797/797/797 793/793/793
f 799/799/799 794/794/794 795/795/795
f 799/799/799 798/798/798 794/794/794
f 800/800/800 795/795/795 796/796/796
f 800/800/800 799/799/799 795/795/795
f 801/801/801 796/796/796 792/792/792
f 797/797/797 801/801/801 792/792/792
f 801/801/801 800/800/800 796/796/796
f 802/802/802 797/797/797 798/798/798
f 803/803/803 798/798/798 799/799/799
f 803/803/803 802/802/802 798/798/798
f 804/804/804 799/799/799 800/800/800
f 804/804/804 803/803/803 799/799/799
f 805/805/805 800/800/800 801/801/801
f 805/805/805 804/804/804 800/800/800
f 806/806/806 801/801/801 797/797/797
f 802/802/802 806/806/806 797/797/797
f 806/806/806 805/805/805 801/801/801
f 807/807/807 802/802/802 803/803/803
f 808/808/808 803/803/803 804/804/804
f 808/808/808 807/807/807 803/803/803
f 809/809/809 804/804/804 805/805/805
f 809/809/809 808/808/808 804/804/804
f 810/810/810 805/805/805 806/806/806
f 810/810/810 809/809/809 805/805/805
f 811/811/811 806/806/806 802/802/802
f 807/807/807 811/811/811 802/802/802
f 811/811/811 810/810/810 806/806/806
f 812/812/812 807/807/807 808/808/808
f 813/813/813 808/808/808 809/809/809
f 813/813/813 812/812/812 808/808/808
f 814/814/814 809/809/809 810/810/810
f 814/814/814 813/813/813 809/809/809
f 815/815/815 810/810/810 811/811/811
f 815/815/815 814/814/814 810/810/810
f 816/816/816 811/811/811 807/807/807
f 812/812/812 816/816/816 807/807/807
f 816/816/816 815/815/815 811/811/811
f 817/817/817 812/812/812 813/813/813
f 818/818/818 813/813/813 814/814/814
f 818/818/818 817/817/817 813/813/813
f 819/819/819 814/814/814 815/815/815
f 819/819/819 818/818/818 814/814/814
f 820/820/820 815/815/815 816/816/816
f 820/820/820 819/819/819 815/815/815
f 821/821/821 816/816/816 812/812/812
f 817/817/817 821/821/821 812/812/812
f 821/821/821 820/820/820 816/816/816
f 822/822/822 817/817/817 818/818/818
f 823/823/823 818/818/818 819/819/819
f 823/823/823 822/822/822 818/818/818
f 824/824/824 819/819/819 820/820/820
f 824/824/824 823/823/823 819/819/819
f 825/825/825 820/820/820 821/821/821
f 825/825/825 824/824/824 820/820/820
f 826/826/826 821/821/821 817/817/817
f 822/822/822 826/826/826 817/817/817
f 826/826/826 825/825/825 821/821/821
f 827/827/827 822/822/822 823/823/823
f 828/828/828 823/823/823 824/824/824
f 828/828/828 827/827/827 823/823/823
f 829/829/829 824/824/824 825/825/825
f 829/829/829 828/828/828 824/824/824
f 830/830/830 825/825/825 826/826/826
f 830/830/830 829/829/829 825/825/825
f 831/831/831 826/826/826 822/822/822
f 827/827/827 831/831/831 822/822/822
f 831/831/831 830/830/830 826/826/826
f 832/832/832 827/827/827 828/828/828
f 833/833/833 828/828/828 829/829/829
f 833/833/833 832/832/832 828/828/828
f 834/834/834 829/829/829 830/830/830
f 834/834/834 833/833/833 829/829/829
f 835/835/835 830/830/830 831/831/831
f 835/835/835 834/834/834 830/830/830
f 836/836/836 831/831/831 827/827/827
f 832/832/832 836/836/836 827/827/827
f 836/836/836 835/835/835 831/831/831
f 837/837/837 832/832/832 833/833/833
f 838/838/838 833/833/833 834/834/834
f 838/838/838 837/837/837 833/833/833
f 839/839/839 834/834/834 835/835/835
f 839/839/839 838/838/838 834/834/834
f 840/840/840 835/835/835 836/836/836
f 840/840/840 839/839/839 835/835/835
f 841/841/841 836/836/836 832/832/832
f 837/837/837 841/841/841 832/832/832
f 841/841/841 840/840/840 836/836/836
f 842/842/842 837/837/837 838/838/838
f 843/843/843 838/838/838 839/839/839
f 843/843/843 842/842/842 838/838/838
f 844/844/844 839/839/839 840/840/840
f 844/844/844 843/843/843 839/839/839
f 845/845/845 840/840/840 841/841/841
f 845/845/845 844/844/844 840/840/840
f 846/846/846 841/841/841 837/837/837
f 842/842/842 846/846/846 837/837/837
f 846/846/846 845/845/845 841/841/841
f 847/847/847 842/842/842 843/843/843
f 848/848/848 843/843/843 844/844/844
f 848/848/848 847/847/847 843/843/843
f 849/849/849 844/844/844 845/845/845
f 849/849/849 848/848/848 844/844/844
f 850/850/850 845/845/845 846/846/846
f 850/850/850 849/849/849 845/845/845
f 851/851/851 846/846/846 842/842/842
f 847/847/847 851/851/851 842/842/842
f 851/851/851 850/850/850 846/846/846
f 852/852/852 847/847/847 848/848/848
f 853/853/853 848/848/848 849/849/849
f 853/853/853 852/852/852 848/848/848
f 854/854/854 849/849/849 850/850/850
f 854/854/854 853/853/853 849/849/849
f 855/855/855 850/850/850 851/851/851
f 855/855/855 854/854/854 850/850/850
f 856/856/856 851/851/851 847/847/847
f 852/852/852 856/856/856 847/847/847
f 856/856/856 855/855/855 851/851/851
f 857/857/857 852/852/852 853/853/853
f 858/858/858 853/853/853 854/854/854
f 858/858/858 857/857/857 853/853/853
f 859/859/859 854/854/854 855/855/855
f 859/859/859 858/858/858 854/854/854
f 860/860/860 855/855/855 856/856/856
f 860/860/860 859/859/859 855/855/855
f 861/861/861 856/856/856 852/852/852
f 857/857/857 861/861/861 852/852/852
f 861/861/861 860/860/860 856/856/856
f 862/862/862 857/857/857 858/858/858
f 863/863/863 858/858/858 859/859/859
f 863/863/863 862/862/862 858/858/858
f 864/864/864 859/859/859 860/860/860
f 864/864/864 863/863/863 859/859/859
f 865/865/865 860/860/860 861/861/861
f 865/865/865 864/864/864 860/860/860
f 866/866/866 861/861/861 857/857/857
f 862/862/862 866/866/866 857/857/857
f 866/866/866 865/865/865 861/861/861
f 867/867/867 862/862/862 863/863/863
f 868/868/868 863/863/863 864/864/864
f 868/868/868 867/867/867 863/863/863
f 869/869/869 864/864/864 865/865/865
f 869/869/869 868/868/868 864/864/864
f 870/870/870 865/865/865 866/866/866
f 870/870/870 869/869/869 865/865/865
f 871/871/871 866/866/866 862/862/862
f 867/867/867 871/871/871 862/862/862
f 871/871/871 870/870/870 866/866/866
f 872/872/872 867/867/867 868/868/868
f 873/873/873 868/868/868 869/869/869
f 873/873/873 872/872/872 868/868/868
f 874/874/874 869/869/869 870/870/870
f 874/874/874 873/873/873 869/869/869
f 875/875/875 870/870/870 871/871/871
f 875/875/875 874/874/874 870/870/870
f 876/876/876 871/871/871 867/867/867
f 872/872/872 876/876/876 867/867/867
f 876/876/876 875/875/875 871/871/871
f 877/877/877 872/872/872 873/873/873
f 878/878/878 873/873/873 874/874/874
f 878/878/878 877/877/877 873/873/873
f 879/879/879 874/874/874 875/875/875
f 879/879/879 878/878/878 874/874/874
f 880/880/880 875/875/875 876/876/876
f 880/880/880 879/879/879 875/875/875
f 881/881/881 876/876/876 872/872/872
f 877/877/877 881/881/881 872/872/872
f 881/881/881 880/880/880 876/876/876
f 882/882/882 877/877/877 878/878/878
f 883/883/883 878/878/878 879/879/879
f 883/883/883 882/882/882 878/878/878
f 884/884/884 879/879/879 880/880/880
f 884/884/884 883/883/883 879/879/879
f 885/885/885 880/880/880 881/881/881
f 885/885/885 884/884/884 880/880/880
f 886/886/886 881/881/881 877/877/877
f 882/882/882 886/886/886 877/877/877
f 886/886/886 885/885/885 881/881/881
f 887/887/887 882/882/882 883/883/883
f 888/888/888 883/883/883 884/884/884
f 888/888/888 887/887/887 883/883/883
f 889/889/889 884/884/884 885/885/885
f 889/889/889 888/888/888 884/884/884
f 890/890/890 885/885/885 886/886/886
f 890/890/890 889/889/889 885/885/885
f 891/891/891 886/886/886 882/882/882
f 887/887/887 891/891/891 882/882/882
f 891/891/891 890/890/890 886/886/886
f 892/892/892 887/887/887 888/888/888
f 893/893/893 888/888/888 889/889/889
f 893/893/893 892/892/892 888/888/888
f 894/894/894 889/889/889 890/890/890
f 894/894/894 893/893/893 889/889/889
f 895/895/895 890/890/890 891/891/891
f 895/895/895 894/894/894 890/890/890
f 896/896/896 891/891/891 887/887/887
f 892/892/892 896/896/896 887/887/887
f 896/896/896 895/895/895 891/891/891
f 897/897/897 892/892/892 893/893/893
f 898/898/898 893/893/893 894/894/894
f 898/898/898 897/897/897 893/893/893
f 899/899/899 894/894/894 895/895/895
f 899/899/899 898/898/898 894/894/894
f 900/900/900 895/895/895 896/896/896
f 900/900/900 899/899/899 895/895/895
f 901/901/901 896/896/896 892/892/892
f 897/897/897 901/901/901 892/892/892
f 901/901/901 900/900/900 896/896/896
f 902/902/902 897/897/897 898/898/898
f 903/903/903 898/898/898 899/899/899
f 903/903/903 902/902/902 898/898/898
f 904/904/904 899/899/899 900/900/900
f 904/904/904 903/903/903 899/899/899
f 905/905/905 900/900/900 901/901/901
f 905/905/905 904/904/904 900/900/900
f 906/906/906 901/901/901 897/897/897
f 902/902/902 906/906/906 897/897/897
f 906/906/906 905/905/905 901/901/901
f 907/907/907 902/902/902 903/903/903
f 908/908/908 903/903/903 904/904/904
f 908/908/908 907/907/907 903/903/903
f 909/909/909 904/904/904 905/905/905
f 909/909/909 908/908/908 904/904/904
f 910/910/910 905/905/905 906/906/906
f 910/910/910 909/909/909 905/905/905
f 911/911/911 906/906/906 902/902/902
f 907/907/907 911/911/911 902/902/902
f 911/911/911 910/910/910 906/906/906
f 912/912/912 907/907/907 908/908/908
f 913/913/913 908/908/908 909/909/909
f 913/913/913 912/912/912 908/908/908
f 914/914/914 909/909/909 910/910/910
f 914/914/914 913/913/913 909/909/909
f 915/915/915 910/910/910 911/911/911
f 915/915/915 914/914/914 910/910/910
f 916/916/916 911/911/911 907/907/907
f 912/912/912 916/916/916 907/907/907
f 916/916/916 915/915/915 911/911/911
f 917/917/917 912/912/912 913/913/913
f 918/918/918 913/913/913 914/914/914
f 918/918/918 917/917/917 913/913/913
f 919/919/919 914/914/914 915/915/915
f 919/919/919 918/918/918 914/914/914
f 920/920/920 915/915/915 916/916/916
f 920/920/920 919/919/919 915/915/915
f 921/921/921 916/916/916 912/912/912
f 917/917/917 921/921/921 912/912/912
f 921/921/921 920/920/920 916/916/916
f 922/922/922 917/917/917 918/918/918
f 923/923/923 918/918/918 919/919/919
f 923/923/923 922/922/922 918/918/918
f 924/924/924 919/919/919 920/920/920
f 924/924/924 923/923/923 919/919/919
f 925/925/925 920/920/920 921/921/921
f 925/925/925 924/924/924 920/920/920
f 926/926/926 921/921/921 917/917/917
f 922/922/922 926/926/926 917/917/917
f 926/926/926 925/925/925 921/921/921
f 927/927/927 922/922/922 923/923/923
f 928/928/928 923/923/923 924/924/924
f 928/928/928 927/927/927 923/923/923
f 929/929/929 924/924/924 925/925/925
f 929/929/929 928/928/928 924/924/924
f 930/930/930 925/925/925 926/926/926
f 930/930/930 929/929/929 925/925/925
f 931/931/931 926/926/926 922/922/922
f 927/927/927 931/931/931 922/922/922
f 931/931/931 930/930/930 926/926/926
f 932/932/932 927/927/927 928/928/928
f 933/933/933 928/928/928 929/929/929
f 933/933/933 932/932/932 928/928/928
f 934/934/934 929/929/929 930/930/930
f 934/934/934 933/933/933 929/929/929
f 935/935/935 930/930/930 931/931/931
f 935/935/935 934/934/934 930/930/930
f 936/936/936 931/931/931 927/927/927
f 932/932/932 936/936/936 927/927/927
f 936/936/936 935/935/935 931/931/931
f 937/937/937 932/932/932 933/933/933
f 938/938/938 933/933/933 934/934/934
f 938/938/938 937/937/937 933/933/933
f 939/939/939 934/934/934 935/935/935
f 939/939/939 938/938/938 934/934/934
f 940/940/940 935/935/935 936/936/936
f 940/940/940 939/939/939 935/935/935
f 941/941/941 936/936/936 932/932/932
f 937/937/937 941/941/941 932/932/932
f 941/941/941 940/940/940 936/936/936
f 942/942/942 937/937/937 938/938/938
f 943/943/943 942/942/942 938/938/938
f 943/943/943 938/938/938 939/939/939
f 942/942/942 944/944/944 937/937/937
f 944/944/944 941/941/941 937/937/937
f 945/945/945 943/943/943 939/939/939
f 945/945/945 939/939/939 940/940/940
f 944/944/944 946/946/946 941/941/941
f 946/946/946 945/945/945 940/940/940
f 946/946/946 940/940/940 941/941/941
f 949/949/949 948/948/948 947/947/947
f 948/948/948 949/949/949 950/950/950
f 951/951/951 948/948/948 950/950/950
f 951/951/951 950/950/950 952/952/952
f 950/950/950 953/953/953 952/952/952
f 950/950/950 954/954/954 953/953/953
f 951/951/951 952/952/952 955/955/955
f 956/956/956 951/951/951 955/955/955
f 954/954/954 957/957/957 953/953/953
f 954/954/954 958/958/958 957/957/957
f 958/958/958 956/956/956 959/959/959
f 956/956/956 955/955/955 959/959/959
f 958/958/958 959/959/959 957/957/957
f 952/952/952 953/953/953 960/960/960
f 955/955/955 952/952/952 961/961/961
f 952/952/952 960/960/960 961/961/961
f 953/953/953 957/957/957 962/962/962
f 953/953/953 962/962/962 960/960/960
f 959/959/959 955/955/955 963/963/963
f 955/955/955 961/961/961 963/963/963
f 957/957/957 959/959/959 964/964/964
f 957/957/957 964/964/964 962/962/962
f 959/959/959 963/963/963 964/964/964
f 960/960/960 962/962/962 965/965/965
f 961/961/961 960/960/960 966/966/966
f 960/960/960 965/965/965 966/966/966
f 962/962/962 964/964/964 967/967/967
f 962/962/962 967/967/967 965/965/965
f 963/963/963 961/961/961 968/968/968
f 961/961/961 966/966/966 968/968/968
f 964/964/964 963/963/963 969/969/969
f 964/964/964 969/969/969 967/967/967
f 963/963/963 968/968/968 969/969/969
f 965/965/965 967/967/967 970/970/970
f 966/966/966 965/965/965 971/971/971
f 965/965/965 970/970/970 971/971/971
f 967/967/967 969/969/969 972/972/972
f 967/967/967 972/972/972 970/970/970
f 968/968/968 966/966/966 973/973/973
f 966/966/966 971/971/971 973/973/973
f 969/969/969 968/968/968 974/974/974
f 969/969/969 974/974/974 972/972/972
f 968/968/968 973/973/973 974/974/974
f 970/970/970 972/972/972 975/975/975
f 971/971/971 970/970/970 976/976/976
f 970/970/970 975/975/975 976/976/976
f 972/972/972 974/974/974 977/977/977
f 972/972/972 977/977/977 975/975/975
f 973/973/973 971/971/971 978/978/978
f 971/971/971 976/976/976 978/978/978
f 974/974/974 973/973/973 979/979/979
f 974/974/974 979/979/979 977/977/977
f 973/973/973 978/978/978 979/979/979
f 975/975/975 977/977/977 980/980/980
f 976/976/976 975/975/975 981/981/981
f 975/975/975 980/980/980 981/981/981
f 977/977/977 979/979/979 982/982/982
f 977/977/977 982/982/982 980/980/980
f 978/978/978 976/976/976 983/983/983
f 976/976/976 981/981/981 983/983/983
f 979/979/979 978/978/978 984/984/984
f 979/979/979 984/984/984 982/982/982
f 978/978/978 983/983/983 984/984/984
f 980/980/980 982/982/982 985/985/985
f 981/981/981 980/980/980 986/986/986
f 980/980/980 985/985/985 986/986/986
f 982/982/982 984/984/984 987/987/987
f 982/982/982 987/987/987 985/985/985
f 983/983/983 981/981/981 988/988/988
f 981/981/981 986/986/986 988/988/988
f 984/984/984 983/983/983 989/989/989
f 984/984/984 989/989/989 987/987/987
f 983/983/983 988/988/988 989/989/989
f 985/985/985 987/987/987 990/990/990
f 986/986/986 985/985/985 991/991/991
f 985/985/985 990/990/990 991/991/991
f 987/987/987 989/989/989 992/992/992
f 987/987/987 992/992/992 990/990/990
f 988/988/988 986/986/986 993/993/993
f 986/986/986 991/991/991 993/993/993
f 989/989/989 988/988/988 994/994/994
f 989/989/989 994/994/994 992/992/992
f 988/988/988 993/993/993 994/994/994
f 990/990/990 992/992/992 995/995/995
f 991/991/991 990/990/990 996/996/996
f 990/990/990 995/995/995 996/996/996
f 992/992/992 994/994/994 997/997/997
f 992/992/992 997/997/997 995/995/995
f 993/993/993 991/991/991 998/998/998
f 991/991/991 996/996/996 998/998/998
f 994/994/994 993/993/993 999/999/999
f 994/994/994 999/999/999 997/997/997
f 993/993/993 998/998/998 999/999/999
f 995/995/995 997/997/997 1000/1000/1000
f 996/996/996 995/995/995 1001/1001/1001
f 995/995/995 1000/1000/1000 1001/1001/1001
f 997/997/997 999/999/999 1002/1002/1002
f 997/997/997 1002/1002/1002 1000/1000/1000
f 998/998/998 996/996/996 1003/1003/1003
f 996/996/996 1001/1001/1001 1003/1003/1003
f 999/999/999 998/998/998 1004/1004/1004
f 999/999/999 1004/1004/1004 1002/1002/1002
f 998/998/998 1003/1003/1003 1004/1004/1004
f 1000/1000/1000 1002/1002/1002 1005/1005/1005
f 1001/1001/1001 1000/1000/1000 1006/1006/1006
f 1000/1000/1000 1005/1005/1005 1006/1006/1006
f 1002/1002/1002 1004/1004/1004 1007/1007/1007
f 1002/1002/1002 1007/1007/1007 1005/1005/1005
f 1003/1003/1003 1001/1001/1001 1008/1008/1008
f 1001/1001/1001 1006/1006/1006 1008/1008/1008
f 1004/1004/1004 1003/1003/1003 1009/1009/1009
f 1004/1004/1004 1009/1009/1009 1007/1007/1007
f 1003/1003/1003 1008/1008/1008 1009/1009/1009
f 1005/1005/1005 1007/1007/1007 1010/1010/1010
f 1006/1006/1006 1005/1005/1005 1011/1011/1011
f 1005/1005/1005 1010/1010/1010 1011/1011/1011
f 1007/1007/1007 1009/1009/1009 1012/1012/1012
f 1007/1007/1007 1012/1012/1012 1010/1010/1010
f 1008/1008/1008 1006/1006/1006 1013/1013/1013
f 1006/1006/1006 1011/1011/1011 1013/1013/1013
f 1009/1009/1009 1008/1008/1008 1014/1014/1014
f 1009/1009/1009 1014/1014/1014 1012/1012/1012
f 1008/1008/1008 1013/1013/1013 1014/1014/1014
f 1010/1010/1010 1012/1012/1012 1015/1015/1015
f 1011/1011/1011 1010/1010/1010 1016/1016/1016
f 1010/1010/1010 1015/1015/1015 1016/1016/1016
f 1012/1012/1012 1014/1014/1014 1017/1017/1017
f 1012/1012/1012 1017/1017/1017 1015/1015/1015
f 1013/1013/1013 1011/1011/1011 1018/1018/1018
f 1011/1011/1011 1016/1016/1016 1018/1018/1018
f 1014/1014/1014 1013/1013/1013 1019/1019/1019
f 1014/1014/1014 1019/1019/1019 1017/1017/1017
f 1013/1013/1013 1018/1018/1018 1019/1019/1019
f 1015/1015/1015 1017/1017/1017 1020/1020/1020
f 1016/1016/1016 1015/1015/1015 1021/1021/1021
f 1015/1015/1015 1020/1020/1020 1021/1021/1021
f 1017/1017/1017 1019/1019/1019 1022/1022/1022
f 1017/1017/1017 1022/1022/1022 1020/1020/1020
f 1018/1018/1018 1016/1016/1016 1023/1023/1023
f 1016/1016/1016 1021/1021/1021 1023/1023/1023
f 1019/1019/1019 1018/1018/1018 1024/1024/1024
f 1019/1019/1019 1024/1024/1024 1022/1022/1022
f 1018/1018/1018 1023/1023/1023 1024/1024/1024
f 1022/1022/1022 1025/1025/1025 1020/1020/1020
f 1020/1020/1020 1026/1026/1026 1021/1021/1021
f 1025/1025/1025 1026/1026/1026 1020/1020/1020
f 1024/1024/1024 1027/1027/1027 1022/1022/1022
f 1027/1027/1027 1025/1025/1025 1022/1022/1022
f 1021/1021/1021 1028/1028/1028 1023/1023/1023
f 1026/1026/1026 1028/1028/1028 1021/1021/1021
f 1023/1023/1023 1029/1029/1029 1024/1024/1024
f 1029/1029/1029 1027/1027/1027 1024/1024/1024
f 1028/1028/1028 1029/1029/1029 1023/1023/1023
f 1027/1027/1027 1030/1030/1030 1025/1025/1025
f 1025/1025/1025 1031/1031/1031 1026/1026/1026
f 1030/1030/1030 1031/1031/1031 1025/1025/1025
f 1029/1029/1029 1032/1032/1032 1027/1027/1027
f 1032/1032/1032 1030/1030/1030 1027/1027/1027
f 1028/1028/1028 1033/1033/1033 1029/1029/1029
f 1033/1033/1033 1032/1032/1032 1029/1029/1029
f 1026/1026/1026 1034/1034/1034 1028/1028/1028
f 1031/1031/1031 1034/1034/1034 1026/1026/1026
f 1034/1034/1034 1033/1033/1033 1028/1028/1028
f 1032/1032/1032 1035/1035/1035 1030/1030/1030
f 1030/1030/1030 1036/1036/1036 1031/1031/1031
f 1035/1035/1035 1036/1036/1036 1030/1030/1030
f 1033/1033/1033 1037/1037/1037 1032/1032/1032
f 1037/1037/1037 1035/1035/1035 1032/1032/1032
f 1031/1031/1031 1038/1038/1038 1034/1034/1034
f 1036/1036/1036 1038/1038/1038 1031/1031/1031
f 1034/1034/1034 1039/1039/1039 1033/1033/1033
f 1039/1039/1039 1037/1037/1037 1033/1033/1033
f 1038/1038/1038 1039/1039/1039 1034/1034/1034
f 1037/1037/1037 1040/1040/1040 1035/1035/1035
f 1035/1035/1035 1041/1041/1041 1036/1036/1036
f 1040/1040/1040 1041/1041/1041 1035/1035/1035
f 1039/1039/1039 1042/1042/1042 1037/1037/1037
f 1042/1042/1042 1040/1040/1040 1037/1037/1037
f 1036/1036/1036 1043/1043/1043 1038/1038/1038
f 1041/1041/1041 1043/1043/1043 1036/1036/1036
f 1038/1038/1038 1044/1044/1044 1039/1039/1039
f 1044/1044/1044 1042/1042/1042 1039/1039/1039
f 1043/1043/1043 1044/1044/1044 1038/1038/1038
f 1040/1040/1040 1045/1045/1045 1041/1041/1041
f 1042/1042/1042 1046/1046/1046 1040/1040/1040
f 1046/1046/1046 1045/1045/1045 1040/1040/1040
f 1044/1044/1044 1047/1047/1047 1042/1042/1042
f 1047/1047/1047 1046/1046/1046 1042/1042/1042
f 1041/1041/1041 1048/1048/1048 1043/1043/1043
f 1045/1045/1045 1048/1048/1048 1041/1041/1041
f 1043/1043/1043 1049/1049/1049 1044/1044/1044
f 1049/1049/1049 1047/1047/1047 1044/1044/1044
f 1048/1048/1048 1049/1049/1049 1043/1043/1043
f 1050/1050/1050 1046/1046/1046 1047/1047/1047
f 1051/1051/1051 1045/1045/1045 1046/1046/1046
f 1050/1050/1050 1051/1051/1051 1046/1046/1046
f 1052/1052/1052 1047/1047/1047 1049/1049/1049
f 1052/1052/1052 1050/1050/1050 1047/1047/1047
f 1053/1053/1053 1048/1048/1048 1045/1045/1045
f 1051/1051/1051 1053/1053/1053 1045/1045/1045
f 1054/1054/1054 1049/1049/1049 1048/1048/1048
f 1054/1054/1054 1052/1052/1052 1049/1049/1049
f 1053/1053/1053 1054/1054/1054 1048/1048/1048
f 1055/1055/1055 1050/1050/1050 1052/1052/1052
f 1056/1056/1056 1051/1051/1051 1050/1050/1050
f 1055/1055/1055 1056/1056/1056 1050/1050/1050
f 1057/1057/1057 1052/1052/1052 1054/1054/1054
f 1057/1057/1057 1055/1055/1055 1052/1052/1052
f 1058/1058/1058 1053/1053/1053 1051/1051/1051
f 1056/1056/1056 1058/1058/1058 1051/1051/1051
f 1059/1059/1059 1054/1054/1054 1053/1053/1053
f 1059/1059/1059 1057/1057/1057 1054/1054/1054
f 1058/1058/1058 1059/1059/1059 1053/1053/1053
f 1060/1060/1060 1055/1055/1055 1057/1057/1057
f 1061/1061/1061 1056/1056/1056 1055/1055/1055
f 1060/1060/1060 1061/1061/1061 1055/1055/1055
f 1062/1062/1062 1057/1057/1057 1059/1059/1059
f 1062/1062/1062 1060/1060/1060 1057/1057/1057
f 1063/1063/1063 1058/1058/1058 1056/1056/1056
f 1061/1061/1061 1063/1063/1063 1056/1056/1056
f 1064/1064/1064 1059/1059/1059 1058/1058/1058
f 1064/1064/1064 1062/1062/1062 1059/1059/1059
f 1063/1063/1063 1064/1064/1064 1058/1058/1058
f 1065/1065/1065 1060/1060/1060 1062/1062/1062
f 1066/1066/1066 1061/1061/1061 1060/1060/1060
f 1065/1065/1065 1066/1066/1066 1060/1060/1060
f 1067/1067/1067 1062/1062/1062 1064/1064/1064
f 1067/1067/1067 1065/1065/1065 1062/1062/1062
f 1068/1068/1068 1063/1063/1063 1061/1061/1061
f 1066/1066/1066 1068/1068/1068 1061/1061/1061
f 1069/1069/1069 1064/1064/1064 1063/1063/1063
f 1069/1069/1069 1067/1067/1067 1064/1064/1064
f 1068/1068/1068 1069/1069/1069 1063/1063/1063
f 1070/1070/1070 1065/1065/1065 1067/1067/1067
f 1071/1071/1071 1066/1066/1066 1065/1065/1065
f 1070/1070/1070 1071/1071/1071 1065/1065/1065
f 1072/1072/1072 1067/1067/1067 1069/1069/1069
f 1072/1072/1072 1070/1070/1070 1067/1067/1067
f 1073/1073/1073 1068/1068/1068 1066/1066/1066
f 1071/1071/1071 1073/1073/1073 1066/1066/1066
f 1074/1074/1074 1069/1069/1069 1068/1068/1068
f 1074/1074/1074 1072/1072/1072 1069/1069/1069
f 1073/1073/1073 1074/1074/1074 1068/1068/1068
f 1075/1075/1075 1070/1070/1070 1072/1072/1072
f 1076/1076/1076 1071/1071/1071 1070/1070/1070
f 1075/1075/1075 1076/1076/1076 1070/1070/1070
f 1077/1077/1077 1072/1072/1072 1074/1074/1074
f 1077/1077/1077 1075/1075/1075 1072/1072/1072
f 1078/1078/1078 1073/1073/1073 1071/1071/1071
f 1076/1076/1076 1078/1078/1078 1071/1071/1071
f 1079/1079/1079 1074/1074/1074 1073/1073/1073
f 1079/1079/1079 1077/1077/1077 1074/1074/1074
f 1078/1078/1078 1079/1079/1079 1073/1073/1073
f 1080/1080/1080 1075/1075/1075 1077/1077/1077
f 1081/1081/1081 1076/1076/1076 1075/1075/1075
f 1080/1080/1080 1081/1081/1081 1075/1075/1075
f 1082/1082/1082 1077/1077/1077 1079/1079/1079
f 1082/1082/1082 1080/1080/1080 1077/1077/1077
f 1083/1083/1083 1078/1078/1078 1076/1076/1076
f 1081/1081/1081 1083/1083/1083 1076/1076/1076
f 1084/1084/1084 1079/1079/1079 1078/1078/1078
f 1084/1084/1084 1082/1082/1082 1079/1079/1079
f 1083/1083/1083 1084/1084/1084 1078/1078/1078
f 1085/1085/1085 1080/1080/1080 1082/1082/1082
f 1086/1086/1086 1081/1081/1081 1080/1080/1080
f 1085/1085/1085 1086/1086/1086 1080/1080/1080
f 1087/1087/1087 1082/1082/1082 1084/1084/1084
f 1087/1087/1087 1085/1085/1085 1082/1082/1082
f 1088/1088/1088 1083/1083/1083 1081/1081/1081
f 1086/1086/1086 1088/1088/1088 1081/1081/1081
f 1089/1089/1089 1084/1084/1084 1083/1083/1083
f 1089/1089/1089 1087/1087/1087 1084/1084/1084
f 1088/1088/1088 1089/1089/1089 1083/1083/1083
f 1085/1085/1085 1087/1087/1087 1090/1090/1090
f 1086/1086/1086 1085/1085/1085 1091/1091/1091
f 1085/1085/1085 1090/1090/1090 1091/1091/1091
f 1087/1087/1087 1089/1089/1089 1092/1092/1092
f 1087/1087/1087 1092/1092/1092 1090/1090/1090
f 1088/1088/1088 1086/1086/1086 1093/1093/1093
f 1086/1086/1086 1091/1091/1091 1093/1093/1093
f 1089/1089/1089 1088/1088/1088 1094/1094/1094
f 1089/1089/1089 1094/1094/1094 1092/1092/1092
f 1088/1088/1088 1093/1093/1093 1094/1094/1094
f 1090/1090/1090 1092/1092/1092 1095/1095/1095
f 1091/1091/1091 1090/1090/1090 1096/1096/1096
f 1090/1090/1090 1095/1095/1095 1096/1096/1096
f 1092/1092/1092 1094/1094/1094 1097/1097/1097
f 1092/1092/1092 1097/1097/1097 1095/1095/1095
f 1093/1093/1093 1091/1091/1091 1098/1098/1098
f 1091/1091/1091 1096/1096/1096 1098/1098/1098
f 1094/1094/1094 1093/1093/1093 1099/1099/1099
f 1094/1094/1094 1099/1099/1099 1097/1097/1097
f 1093/1093/1093 1098/1098/1098 1099/1099/1099
f 1095/1095/1095 1097/1097/1097 1100/1100/1100
f 1096/1096/1096 1095/1095/1095 1101/1101/1101
f 1095/1095/1095 1100/1100/1100 1101/1101/1101
f 1097/1097/1097 1099/1099/1099 1102/1102/1102
f 1097/1097/1097 1102/1102/1102 1100/1100/1100
f 1098/1098/1098 1096/1096/1096 1103/1103/1103
f 1096/1096/1096 1101/1101/1101 1103/1103/1103
f 1099/1099/1099 1098/1098/1098 1104/1104/1104
f 1099/1099/1099 1104/1104/1104 1102/1102/1102
f 1098/1098/1098 1103/1103/1103 1104/1104/1104
f 1100/1100/1100 1102/1102/1102 1105/1105/1105
f 1101/1101/1101 1100/1100/1100 1106/1106/1106
f 1100/1100/1100 1105/1105/1105 1106/1106/1106
f 1102/1102/1102 1104/1104/1104 1107/1107/1107
f 1102/1102/1102 1107/1107/1107 1105/1105/1105
f 1103/1103/1103 1101/1101/1101 1108/1108/1108
f 1101/1101/1101 1106/1106/1106 1108/1108/1108
f 1104/1104/1104 1103/1103/1103 1109/1109/1109
f 1104/1104/1104 1109/1109/1109 1107/1107/1107
f 1103/1103/1103 1108/1108/1108 1109/1109/1109
f 1105/1105/1105 1107/1107/1107 1110/1110/1110
f 1106/1106/1106 1105/1105/1105 1111/1111/1111
f 1105/1105/1105 1110/1110/1110 1111/1111/1111
f 1107/1107/1107 1109/1109/1109 1112/1112/1112
f 1107/1107/1107 1112/1112/1112 1110/1110/1110
f 1108/1108/1108 1106/1106/1106 1113/1113/1113
f 1106/1106/1106 1111/1111/1111 1113/1113/1113
f 1109/1109/1109 1108/1108/1108 1114/1114/1114
f 1109/1109/1109 1114/1114/1114 1112/1112/1112
f 1108/1108/1108 1113/1113/1113 1114/1114/1114
f 1110/1110/1110 1112/1112/1112 1115/1115/1115
f 1111/1111/1111 1110/1110/1110 1116/1116/1116
f 1110/1110/1110 1115/1115/1115 1116/1116/1116
f 1112/1112/1112 1114/1114/1114 1117/1117/1117
f 1112/1112/1112 1117/1117/1117 1115/1115/1115
f 1113/1113/1113 1111/1111/1111 1118/1118/1118
f 1111/1111/1111 1116/1116/1116 1118/1118/1118
f 1114/1114/1114 1113/1113/1113 1119/1119/1119
f 1114/1114/1114 1119/1119/1119 1117/1117/1117
f 1113/1113/1113 1118/1118/1118 1119/1119/1119
f 1115/1115/1115 1117/1117/1117 1120/1120/1120
f 1116/1116/1116 1115/1115/1115 1121/1121/1121
f 1115/1115/1115 1120/1120/1120 1121/1121/1121
f 1117/1117/1117 1119/1119/1119 1122/1122/1122
f 1117/1117/1117 1122/1122/1122 1120/1120/1120
f 1118/1118/1118 1116/1116/1116 1123/1123/1123
f 1116/1116/1116 1121/1121/1121 1123/1123/1123
f 1119/1119/1119 1118/1118/1118 1124/1124/1124
f 1119/1119/1119 1124/1124/1124 1122/1122/1122
f 1118/1118/1118 1123/1123/1123 1124/1124/1124
f 1120/1120/1120 1122/1122/1122 1125/1125/1125
f 1121/1121/1121 1120/1120/1120 1126/1126/1126
f 1120/1120/1120 1125/1125/1125 1126/1126/1126
f 1122/1122/1122 1124/1124/1124 1127/1127/1127
f 1122/1122/1122 1127/1127/1127 1125/1125/1125
f 1123/1123/1123 1121/1121/1121 1128/1128/1128
f 1121/1121/1121 1126/1126/1126 1128/1128/1128
f 1124/1124/1124 1123/1123/1123 1129/1129/1129
f 1124/1124/1124 1129/1129/1129 1127/1127/1127
f 1123/1123/1123 1128/1128/1128 1129/1129/1129
f 1125/1125/1125 1127/1127/1127 1130/1130/1130
f 1126/1126/1126 1125/1125/1125 1131/1131/1131
f 1125/1125/1125 1130/1130/1130 1131/1131/1131
f 1127/1127/1127 1129/1129/1129 1132/1132/1132
f 1127/1127/1127 1132/1132/1132 1130/1130/1130
f 1128/1128/1128 1126/1126/1126 1133/1133/1133
f 1126/1126/1126 1131/1131/1131 1133/1133/1133
f 1129/1129/1129 1128/1128/1128 1134/1134/1134
f 1129/1129/1129 1134/1134/1134 1132/1132/1132
f 1128/1128/1128 1133/1133/1133 1134/1134/1134
f 1130/1130/1130 1132/1132/1132 1135/1135/1135
f 1131/1131/1131 1130/1130/1130 1136/1136/1136
f 1130/1130/1130 1135/1135/1135 1136/1136/1136
f 1132/1132/1132 1134/1134/1134 1137/1137/1137
f 1132/1132/1132 1137/1137/1137 1135/1135/1135
f 1133/1133/1133 1131/1131/1131 1138/1138/1138
f 1131/1131/1131 1136/1136/1136 1138/1138/1138
f 1134/1134/1134 1133/1133/1133 1139/1139/1139
f 1134/1134/1134 1139/1139/1139 1137/1137/1137
f 1133/1133/1133 1138/1138/1138 1139/1139/1139
f 1135/1135/1135 1137/1137/1137 1140/1140/1140
f 1136/1136/1136 1135/1135/1135 1141/1141/1141
f 1135/1135/1135 1140/1140/1140 1141/1141/1141
f 1137/1137/1137 1139/1139/1139 1142/1142/1142
f 1137/1137/1137 1142/1142/1142 1140/1140/1140
f 1138/1138/1138 1136/1136/1136 1143/1143/1143
f 1136/1136/1136 1141/1141/1141 1143/1143/1143
f 1139/1139/1139 1138/1138/1138 1144/1144/1144
f 1139/1139/1139 1144/1144/1144 1142/1142/1142
f 1138/1138/1138 1143/1143/1143 1144/1144/1144
f 1140/1140/1140 1142/1142/1142 1145/1145/1145
f 1141/1141/1141 1140/1140/1140 1146/1146/1146
f 1140/1140/1140 1145/1145/1145 1146/1146/1146
f 1142/1142/1142 1144/1144/1144 1147/1147/1147
f 1142/1142/1142 1147/1147/1147 1145/1145/1145
f 1143/1143/1143 1141/1141/1141 1148/1148/1148
f 1141/1141/1141 1146/1146/1146 1148/1148/1148
f 1144/1144/1144 1143/1143/1143 1149/1149/1149
f 1144/1144/1144 1149/1149/1149 1147/1147/1147
f 1143/1143/1143 1148/1148/1148 1149/1149/1149
f 1145/1145/1145 1147/1147/1147 1150/1150/1150
f 1146/1146/1146 1145/1145/1145 1151/1151/1151
f 1145/1145/1145 1150/1150/1150 1151/1151/1151
f 1147/1147/1147 1149/1149/1149 1152/1152/1152
f 1147/1147/1147 1152/1152/1152 1150/1150/1150
f 1148/1148/1148 1146/1146/1146 1153/1153/1153
f 1146/1146/1146 1151/1151/1151 1153/1153/1153
f 1149/1149/1149 1148/1148/1148 1154/1154/1154
f 1149/1149/1149 1154/1154/1154 1152/1152/1152
f 1148/1148/1148 1153/1153/1153 1154/1154/1154
f 1151/1151/1151 1150/1150/1150 1155/1155/1155
f 1151/1151/1151 1155/1155/1155 1156/1156/1156
f 1153/1153/1153 1151/1151/1151 1156/1156/1156
f 1153/1153/1153 1156/1156/1156 1157/1157/1157
f 1154/1154/1154 1153/1153/1153 1157/1157/1157
f 1150/1150/1150 1158/1158/1158 1155/1155/1155
f 1150/1150/1150 1152/1152/1152 1158/1158/1158
f 1154/1154/1154 1157/1157/1157 1159/1159/1159
f 1152/1152/1152 1154/1154/1154 1159/1159/1159
f 1152/1152/1152 1159/1159/1159 1158/1158/1158
f 1159/1159/1159 1160/1160/1160 1158/1158/1158
f 1161/1161/1161 1160/1160/1160 1159/1159/1159
f 1162/1162/1162 1160/1160/1160 1161/1161/1161
f 1165/1165/1165 1164/1164/1164 1163/1163/1163
f 1164/1164/1164 1166/1166/1166 1163/1163/1163
f 1166/1166/1166 1164/1164/1164 1167/1167/1167
f 1166/1166/1166 1167/1167/1167 1168/1168/1168
f 1167/1167/1167 1169/1169/1169 1168/1168/1168
f 1167/1167/1167 1170/1170/1170 1169/1169/1169
f 1166/1166/1166 1168/1168/1168 1171/1171/1171
f 1172/1172/1172 1166/1166/1166 1171/1171/1171
f 1170/1170/1170 1173/1173/1173 1169/1169/1169
f 1170/1170/1170 1174/1174/1174 1173/1173/1173
f 1174/1174/1174 1172/1172/1172 1175/1175/1175
f 1172/1172/1172 1171/1171/1171 1175/1175/1175
f 1174/1174/1174 1175/1175/1175 1173/1173/1173
f 1168/1168/1168 1169/1169/1169 1176/1176/1176
f 1171/1171/1171 1168/1168/1168 1177/1177/1177
f 1168/1168/1168 1176/1176/1176 1177/1177/1177
f 1169/1169/1169 1173/1173/1173 1178/1178/1178
f 1169/1169/1169 1178/1178/1178 1176/1176/1176
f 1175/1175/1175 1171/1171/1171 1179/1179/1179
f 1171/1171/1171 1177/1177/1177 1179/1179/1179
f 1173/1173/1173 1175/1175/1175 1180/1180/1180
f 1173/1173/1173 1180/1180/1180 1178/1178/1178
f 1175/1175/1175 1179/1179/1179 1180/1180/1180
f 1176/1176/1176 1178/1178/1178 1181/1181/1181
f 1177/1177/1177 1176/1176/1176 1182/1182/1182
f 1176/1176/1176 1181/1181/1181 1182/1182/1182
f 1178/1178/1178 1180/1180/1180 1183/1183/1183
f 1178/1178/1178 1183/1183/1183 1181/1181/1181
f 1179/1179/1179 1177/1177/1177 1184/1184/1184
f 1177/1177/1177 1182/1182/1182 1184/1184/1184
f 1180/1180/1180 1179/1179/1179 1185/1185/1185
f 1180/1180/1180 1185/1185/1185 1183/1183/1183
f 1179/1179/1179 1184/1184/1184 1185/1185/1185
f 1181/1181/1181 1183/1183/1183 1186/1186/1186
f 1182/1182/1182 1181/1181/1181 1187/1187/1187
f 1181/1181/1181 1186/1186/1186 1187/1187/1187
f 1183/1183/1183 1185/1185/1185 1188/1188/1188
f 1183/1183/1183 1188/1188/1188 1186/1186/1186
f 1184/1184/1184 1182/1182/1182 1189/1189/1189
f 1182/1182/1182 1187/1187/1187 1189/1189/1189
f 1185/1185/1185 1184/1184/1184 1190/1190/1190
f 1185/1185/1185 1190/1190/1190 1188/1188/1188
f 1184/1184/1184 1189/1189/1189 1190/1190/1190
f 1186/1186/1186 1188/1188/1188 1191/1191/1191
f 1187/1187/1187 1186/1186/1186 1192/1192/1192
f 1186/1186/1186 1191/1191/1191 1192/1192/1192
f 1188/1188/1188 1190/1190/1190 1193/1193/1193
f 1188/1188/1188 1193/1193/1193 1191/1191/1191
f 1189/1189/1189 1187/1187/1187 1194/1194/1194
f 1187/1187/1187 1192/1192/1192 1194/1194/1194
f 1190/1190/1190 1189/1189/1189 1195/1195/1195
f 1190/1190/1190 1195/1195/1195 1193/1193/1193
f 1189/1189/1189 1194/1194/1194 1195/1195/1195
f 1191/1191/1191 1193/1193/1193 1196/1196/1196
f 1192/1192/1192 1191/1191/1191 1197/1197/1197
f 1191/1191/1191 1196/1196/1196 1197/1197/1197
f 1193/1193/1193 1195/1195/1195 1198/1198/1198
f 1193/1193/1193 1198/1198/1198 1196/1196/1196
f 1194/1194/1194 1192/1192/1192 1199/1199/1199
f 1192/1192/1192 1197/1197/1197 1199/1199/1199
f 1195/1195/1195 1194/1194/1194 1200/1200/1200
f 1195/1195/1195 1200/1200/1200 1198/1198/1198
f 1194/1194/1194 1199/1199/1199 1200/1200/1200
f 1196/1196/1196 1198/1198/1198 1201/1201/1201
f 1197/1197/1197 1196/1196/1196 1202/1202/1202
f 1196/1196/1196 1201/1201/1201 1202/1202/1202
f 1198/1198/1198 1200/1200/1200 1203/1203/1203
f 1198/1198/1198 1203/1203/1203 1201/1201/1201
f 1199/1199/1199 1197/1197/1197 1204/1204/1204
f 1197/1197/1197 1202/1202/1202 1204/1204/1204
f 1200/1200/1200 1199/1199/1199 1205/1205/1205
f 1200/1200/1200 1205/1205/1205 1203/1203/1203
f 1199/1199/1199 1204/1204/1204 1205/1205/1205
f 1201/1201/1201 1203/1203/1203 1206/1206/1206
f 1202/1202/1202 1201/1201/1201 1207/1207/1207
f 1201/1201/1201 1206/1206/1206 1207/1207/1207
f 1203/1203/1203 1205/1205/1205 1208/1208/1208
f 1203/1203/1203 1208/1208/1208 1206/1206/1206
f 1204/1204/1204 1202/1202/1202 1209/1209/1209
f 1202/1202/1202 1207/1207/1207 1209/1209/1209
f 1205/1205/1205 1204/1204/1204 1210/1210/1210
f 1205/1205/1205 1210/1210/1210 1208/1208/1208
f 1204/1204/1204 1209/1209/1209 1210/1210/1210
f 1206/1206/1206 1208/1208/1208 1211/1211/1211
f 1207/1207/1207 1206/1206/1206 1212/1212/1212
f 1206/1206/1206 1211/1211/1211 1212/1212/1212
f 1208/1208/1208 1210/1210/1210 1213/1213/1213
f 1208/1208/1208 1213/1213/1213 1211/1211/1211
f 1209/1209/1209 1207/1207/1207 1214/1214/1214
f 1207/1207/1207 1212/1212/1212 1214/1214/1214
f 1210/1210/1210 1209/1209/1209 1215/1215/1215
f 1210/1210/1210 1215/1215/1215 1213/1213/1213
f 1209/1209/1209 1214/1214/1214 1215/1215/1215
f 1211/1211/1211 1213/1213/1213 1216/1216/1216
f 1212/1212/1212 1211/1211/1211 1217/1217/1217
f 1211/1211/1211 1216/1216/1216 1217/1217/1217
f 1213/1213/1213 1215/1215/1215 1218/1218/1218
f 1213/1213/1213 1218/1218/1218 1216/1216/1216
f 1214/1214/1214 1212/1212/1212 1219/1219/1219
f 1212/1212/1212 1217/1217/1217 1219/1219/1219
f 1215/1215/1215 1214/1214/1214 1220/1220/1220
f 1215/1215/1215 1220/1220/1220 1218/1218/1218
f 1214/1214/1214 1219/1219/1219 1220/1220/1220
f 1216/1216/1216 1218/1218/1218 1221/1221/1221
f 1217/1217/1217 1216/1216/1216 1222/1222/1222
f 1216/1216/1216 1221/1221/1221 1222/1222/1222
f 1218/1218/1218 1220/1220/1220 1223/1223/1223
f 1218/1218/1218 1223/1223/1223 1221/1221/1221
f 1219/1219/1219 1217/1217/1217 1224/1224/1224
f 1217/1217/1217 1222/1222/1222 1224/1224/1224
f 1220/1220/1220 1219/1219/1219 1225/1225/1225
f 1220/1220/1220 1225/1225/1225 1223/1223/1223
f 1219/1219/1219 1224/1224/1224 1225/1225/1225
f 1221/1221/1221 1223/1223/1223 1226/1226/1226
f 1222/1222/1222 1221/1221/1221 1227/1227/1227
f 1221/1221/1221 1226/1226/1226 1227/1227/1227
f 1223/1223/1223 1225/1225/1225 1228/1228/1228
f 1223/1223/1223 1228/1228/1228 1226/1226/1226
f 1224/1224/1224 1222/1222/1222 1229/1229/1229
f 1222/1222/1222 1227/1227/1227 1229/1229/1229
f 1225/1225/1225 1224/1224/1224 1230/1230/1230
f 1225/1225/1225 1230/1230/1230 1228/1228/1228
f 1224/1224/1224 1229/1229/1229 1230/1230/1230
f 1226/1226/1226 1228/1228/1228 1231/1231/1231
f 1227/1227/1227 1226/1226/1226 1232/1232/1232
f 1226/1226/1226 1231/1231/1231 1232/1232/1232
f 1228/1228/1228 1230/1230/1230 1233/1233/1233
f 1228/1228/1228 1233/1233/1233 1231/1231/1231
f 1229/1229/1229 1227/1227/1227 1234/1234/1234
f 1227/1227/1227 1232/1232/1232 1234/1234/1234
f 1230/1230/1230 1229/1229/1229 1235/1235/1235
f 1230/1230/1230 1235/1235/1235 1233/1233/1233
f 1229/1229/1229 1234/1234/1234 1235/1235/1235
f 1231/1231/1231 1233/1233/1233 1236/1236/1236
f 1232/1232/1232 1231/1231/1231 1237/1237/1237
f 1231/1231/1231 1236/1236/1236 1237/1237/1237
f 1233/1233/1233 1235/1235/1235 1238/1238/1238
f 1233/1233/1233 1238/1238/1238 1236/1236/1236
f 1234/1234/1234 1232/1232/1232 1239/1239/1239
f 1232/1232/1232 1237/1237/1237 1239/1239/1239
f 1235/1235/1235 1234/1234/1234 1240/1240/1240
f 1235/1235/1235 1240/1240/1240 1238/1238/1238
f 1234/1234/1234 1239/1239/1239 1240/1240/1240
f 1236/1236/1236 1238/1238/1238 1241/1241/1241
f 1237/1237/1237 1236/1236/1236 1242/1242/1242
f 1236/1236/1236 1241/1241/1241 1242/1242/1242
f 1237/1237/1237 1242/1242/1242 1243/1243/1243
f 1239/1239/1239 1237/1237/1237 1243/1243/1243
f 1243/1243/1243 1242/1242/1242 1241/1241/1241
f 1238/1238/1238 1244/1244/1244 1241/1241/1241
f 1238/1238/1238 1240/1240/1240 1244/1244/1244
f 1243/1243/1243 1241/1241/1241 1244/1244/1244
f 1239/1239/1239 1243/1243/1243 1245/1245/1245
f 1240/1240/1240 1239/1239/1239 1245/1245/1245
f 1240/1240/1240 1245/1245/1245 1244/1244/1244
f 1244/1244/1244 1245/1245/1245 1243/1243/1243
f 1248/1248/1248 1247/1247/1247 1246/1246/1246
f 1249/1249/1249 1247/1247/1247 1248/1248/1248
f 1250/1250/1250 1247/1247/1247 1249/1249/1249
f 1251/1251/1251 1250/1250/1250 1249/1249/1249
f 1252/1252/1252 1251/1251/1251 1249/1249/1249
f 1252/1252/1252 1249/1249/1249 1253/1253/1253
f 1251/1251/1251 1254/1254/1254 1250/1250/1250
f 1254/1254/1254 1255/1255/1255 1250/1250/1250
f 1256/1256/1256 1252/1252/1252 1253/1253/1253
f 1256/1256/1256 1253/1253/1253 1257/1257/1257
f 1258/1258/1258 1257/1257/1257 1255/1255/1255
f 1254/1254/1254 1258/1258/1258 1255/1255/1255
f 1258/1258/1258 1256/1256/1256 1257/1257/1257
f 1259/1259/1259 1254/1254/1254 1251/1251/1251
f 1260/1260/1260 1251/1251/1251 1252/1252/1252
f 1260/1260/1260 1259/1259/1259 1251/1251/1251
f 1261/1261/1261 1252/1252/1252 1256/1256/1256
f 1261/1261/1261 1260/1260/1260 1252/1252/1252
f 1262/1262/1262 1256/1256/1256 1258/1258/1258
f 1262/1262/1262 1261/1261/1261 1256/1256/1256
f 1263/1263/1263 1258/1258/1258 1254/1254/1254
f 1259/1259/1259 1263/1263/1263 1254/1254/1254
f 1263/1263/1263 1262/1262/1262 1258/1258/1258
f 1264/1264/1264 1259/1259/1259 1260/1260/1260
f 1265/1265/1265 1260/1260/1260 1261/1261/1261
f 1265/1265/1265 1264/1264/1264 1260/1260/1260
f 1266/1266/1266 1261/1261/1261 1262/1262/1262
f 1266/1266/1266 1265/1265/1265 1261/1261/1261
f 1267/1267/1267 1262/1262/1262 1263/1263/1263
f 1267/1267/1267 1266/1266/1266 1262/1262/1262
f 1268/1268/1268 1263/1263/1263 1259/1259/1259
f 1264/1264/1264 1268/1268/1268 1259/1259/1259
f 1268/1268/1268 1267/1267/1267 1263/1263/1263
f 1269/1269/1269 1264/1264/1264 1265/1265/1265
f 1270/1270/1270 1265/1265/1265 1266/1266/1266
f 1270/1270/1270 1269/1269/1269 1265/1265/1265
f 1271/1271/1271 1266/1266/1266 1267/1267/1267
f 1271/1271/1271 1270/1270/1270 1266/1266/1266
f 1272/1272/1272 1267/1267/1267 1268/1268/1268
f 1272/1272/1272 1271/1271/1271 1267/1267/1267
f 1273/1273/1273 1268/1268/1268 1264/1264/1264
f 1269/1269/1269 1273/1273/1273 1264/1264/1264
f 1273/1273/1273 1272/1272/1272 1268/1268/1268
f 1274/1274/1274 1269/1269/1269 1270/1270/1270
f 1275/1275/1275 1270/1270/1270 1271/1271/1271
f 1275/1275/1275 1274/1274/1274 1270/1270/1270
f 1276/1276/1276 1271/1271/1271 1272/1272/1272
f 1276/1276/1276 1275/1275/1275 1271/1271/1271
f 1277/1277/1277 1272/1272/1272 1273/1273/1273
f 1277/1277/1277 1276/1276/1276 1272/1272/1272
f 1278/1278/1278 1273/1273/1273 1269/1269/1269
f 1274/1274/1274 1278/1278/1278 1269/1269/1269
f 1278/1278/1278 1277/1277/1277 1273/1273/1273
f 1279/1279/1279 1274/1274/1274 1275/1275/1275
f 1280/1280/1280 1275/1275/1275 1276/1276/1276
f 1280/1280/1280 1279/1279/1279 1275/1275/1275
f 1281/1281/1281 1276/1276/1276 1277/1277/1277
f 1281/1281/1281 1280/1280/1280 1276/1276/1276
f 1282/1282/1282 1277/1277/1277 1278/1278/1278
f 1282/1282/1282 1281/1281/1281 1277/1277/1277
f 1283/1283/1283 1278/1278/1278 1274/1274/1274
f 1279/1279/1279 1283/1283/1283 1274/1274/1274
f 1283/1283/1283 1282/1282/1282 1278/1278/1278
f 1284/1284/1284 1279/1279/1279 1280/1280/1280
f 1285/1285/1285 1280/1280/1280 1281/1281/1281
f 1285/1285/1285 1284/1284/1284 1280/1280/1280
f 1286/1286/1286 1281/1281/1281 1282/1282/1282
f 1286/1286/1286 1285/1285/1285 1281/1281/1281
f 1287/1287/1287 1282/1282/1282 1283/1283/1283
f 1287/1287/1287 1286/1286/1286 1282/1282/1282
f 1288/1288/1288 1283/1283/1283 1279/1279/1279
f 1284/1284/1284 1288/1288/1288 1279/1279/1279
f 1288/1288/1288 1287/1287/1287 1283/1283/1283
f 1289/1289/1289 1284/1284/1284 1285/1285/1285
f 1290/1290/1290 1285/1285/1285 1286/1286/1286
f 1290/1290/1290 1289/1289/1289 1285/1285/1285
f 1291/1291/1291 1286/1286/1286 1287/1287/1287
f 1291/1291/1291 1290/1290/1290 1286/1286/1286
f 1292/1292/1292 1287/1287/1287 1288/1288/1288
f 1292/1292/1292 1291/1291/1291 1287/1287/1287
f 1293/1293/1293 1288/1288/1288 1284/1284/1284
f 1289/1289/1289 1293/1293/1293 1284/1284/1284
f 1293/1293/1293 1292/1292/1292 1288/1288/1288
f 1294/1294/1294 1289/1289/1289 1290/1290/1290
f 1295/1295/1295 1290/1290/1290 1291/1291/1291
f 1295/1295/1295 1294/1294/1294 1290/1290/1290
f 1296/1296/1296 1291/1291/1291 1292/1292/1292
f 1296/1296/1296 1295/1295/1295 1291/1291/1291
f 1297/1297/1297 1292/1292/1292 1293/1293/1293
f 1297/1297/1297 1296/1296/1296 1292/1292/1292
f 1298/1298/1298 1293/1293/1293 1289/1289/1289
f 1294/1294/1294 1298/1298/1298 1289/1289/1289
f 1298/1298/1298 1297/1297/1297 1293/1293/1293
f 1299/1299/1299 1294/1294/1294 1295/1295/1295
f 1300/1300/1300 1295/1295/1295 1296/1296/1296
f 1300/1300/1300 1299/1299/1299 1295/1295/1295
f 1301/1301/1301 1296/1296/1296 1297/1297/1297
f 1301/1301/1301 1300/1300/1300 1296/1296/1296
f 1302/1302/1302 1297/1297/1297 1298/1298/1298
f 1302/1302/1302 1301/1301/1301 1297/1297/1297
f 1303/1303/1303 1298/1298/1298 1294/1294/1294
f 1299/1299/1299 1303/1303/1303 1294/1294/1294
f 1303/1303/1303 1302/1302/1302 1298/1298/1298
f 1304/1304/1304 1299/1299/1299 1300/1300/1300
f 1305/1305/1305 1300/1300/1300 1301/1301/1301
f 1305/1305/1305 1304/1304/1304 1300/1300/1300
f 1306/1306/1306 1301/1301/1301 1302/1302/1302
f 1306/1306/1306 1305/1305/1305 1301/1301/1301
f 1307/1307/1307 1302/1302/1302 1303/1303/1303
f 1307/1307/1307 1306/1306/1306 1302/1302/1302
f 1308/1308/1308 1303/1303/1303 1299/1299/1299
f 1304/1304/1304 1308/1308/1308 1299/1299/1299
f 1308/1308/1308 1307/1307/1307 1303/1303/1303
f 1309/1309/1309 1304/1304/1304 1305/1305/1305
f 1310/1310/1310 1305/1305/1305 1306/1306/1306
f 1310/1310/1310 1309/1309/1309 1305/1305/1305
f 1311/1311/1311 1306/1306/1306 1307/1307/1307
f 1311/1311/1311 1310/1310/1310 1306/1306/1306
f 1312/1312/1312 1307/1307/1307 1308/1308/1308
f 1312/1312/1312 1311/1311/1311 1307/1307/1307
f 1313/1313/1313 1308/1308/1308 1304/1304/1304
f 1309/1309/1309 1313/1313/1313 1304/1304/1304
f 1313/1313/1313 1312/1312/1312 1308/1308/1308
f 1314/1314/1314 1309/1309/1309 1310/1310/1310
f 1315/1315/1315 1310/1310/1310 1311/1311/1311
f 1315/1315/1315 1314/1314/1314 1310/1310/1310
f 1316/1316/1316 1311/1311/1311 1312/1312/1312
f 1316/1316/1316 1315/1315/1315 1311/1311/1311
f 1317/1317/1317 1312/1312/1312 1313/1313/1313
f 1317/1317/1317 1316/1316/1316 1312/1312/1312
f 1318/1318/1318 1313/1313/1313 1309/1309/1309
f 1314/1314/1314 1318/1318/1318 1309/1309/1309
f 1318/1318/1318 1317/1317/1317 1313/1313/1313
f 1319/1319/1319 1314/1314/1314 1315/1315/1315
f 1320/1320/1320 1315/1315/1315 1316/1316/1316
f 1320/1320/1320 1319/1319/1319 1315/1315/1315
f 1321/1321/1321 1316/1316/1316 1317/1317/1317
f 1321/1321/1321 1320/1320/1320 1316/1316/1316
f 1322/1322/1322 1317/1317/1317 1318/1318/1318
f 1322/1322/1322 1321/1321/1321 1317/1317/1317
f 1323/1323/1323 1318/1318/1318 1314/1314/1314
f 1319/1319/1319 1323/1323/1323 1314/1314/1314
f 1323/1323/1323 1322/1322/1322 1318/1318/1318
f 1324/1324/1324 1319/1319/1319 1320/1320/1320
f 1325/1325/1325 1320/1320/1320 1321/1321/1321
f 1325/1325/1325 1324/1324/1324 1320/1320/1320
f 1326/1326/1326 1321/1321/1321 1322/1322/1322
f 1326/1326/1326 1325/1325/1325 1321/1321/1321
f 1327/1327/1327 1322/1322/1322 1323/1323/1323
f 1327/1327/1327 1326/1326/1326 1322/1322/1322
f 1328/1328/1328 1323/1323/1323 1319/1319/1319
f 1324/1324/1324 1328/1328/1328 1319/1319/1319
f 1328/1328/1328 1327/1327/1327 1323/1323/1323
f 1329/1329/1329 1324/1324/1324 1325/1325/1325
f 1330/1330/1330 1325/1325/1325 1326/1326/1326
f 1330/1330/1330 1329/1329/1329 1325/1325/1325
f 1331/1331/1331 1326/1326/1326 1327/1327/1327
f 1331/1331/1331 1330/1330/1330 1326/1326/1326
f 1332/1332/1332 1327/1327/1327 1328/1328/1328
f 1332/1332/1332 1331/1331/1331 1327/1327/1327
f 1333/1333/1333 1328/1328/1328 1324/1324/1324
f 1329/1329/1329 1333/1333/1333 1324/1324/1324
f 1333/1333/1333 1332/1332/1332 1328/1328/1328
f 1334/1334/1334 1329/1329/1329 1330/1330/1330
f 1335/1335/1335 1330/1330/1330 1331/1331/1331
f 1335/1335/1335 1334/1334/1334 1330/1330/1330
f 1336/1336/1336 1331/1331/1331 1332/1332/1332
f 1336/1336/1336 1335/1335/1335 1331/1331/1331
f 1337/1337/1337 1332/1332/1332 1333/1333/1333
f 1337/1337/1337 1336/1336/1336 1332/1332/1332
f 1338/1338/1338 1333/1333/1333 1329/1329/1329
f 1334/1334/1334 1338/1338/1338 1329/1329/1329
f 1338/1338/1338 1337/1337/1337 1333/1333/1333
f 1339/1339/1339 1334/1334/1334 1335/1335/1335
f 1340/1340/1340 1335/1335/1335 1336/1336/1336
f 1340/1340/1340 1339/1339/1339 1335/1335/1335
f 1341/1341/1341 1336/1336/1336 1337/1337/1337
f 1341/1341/1341 1340/1340/1340 1336/1336/1336
f 1342/1342/1342 1337/1337/1337 1338/1338/1338
f 1342/1342/1342 1341/1341/1341 1337/1337/1337
f 1343/1343/1343 1338/1338/1338 1334/1334/1334
f 1339/1339/1339 1343/1343/1343 1334/1334/1334
f 1343/1343/1343 1342/1342/1342 1338/1338/1338
f 1344/1344/1344 1339/1339/1339 1340/1340/1340
f 1345/1345/1345 1340/1340/1340 1341/1341/1341
f 1345/1345/1345 1344/1344/1344 1340/1340/1340
f 1346/1346/1346 1341/1341/1341 1342/1342/1342
f 1346/1346/1346 1345/1345/1345 1341/1341/1341
f 1347/1347/1347 1342/1342/1342 1343/1343/1343
f 1347/1347/1347 1346/1346/1346 1342/1342/1342
f 1348/1348/1348 1343/1343/1343 1339/1339/1339
f 1344/1344/1344 1348/1348/1348 1339/1339/1339
f 1348/1348/1348 1347/1347/1347 1343/1343/1343
f 1349/1349/1349 1344/1344/1344 1345/1345/1345
f 1350/1350/1350 1345/1345/1345 1346/1346/1346
f 1350/1350/1350 1349/1349/1349 1345/1345/1345
f 1351/1351/1351 1346/1346/1346 1347/1347/1347
f 1351/1351/1351 1350/1350/1350 1346/1346/1346
f 1352/1352/1352 1347/1347/1347 1348/1348/1348
f 1352/1352/1352 1351/1351/1351 1347/1347/1347
f 1353/1353/1353 1348/1348/1348 1344/1344/1344
f 1349/1349/1349 1353/1353/1353 1344/1344/1344
f 1353/1353/1353 1352/1352/1352 1348/1348/1348
f 1350/1350/1350 1354/1354/1354 1349/1349/1349
f 1351/1351/1351 1355/1355/1355 1350/1350/1350
f 1355/1355/1355 1354/1354/1354 1350/1350/1350
f 1352/1352/1352 1356/1356/1356 1351/1351/1351
f 1356/1356/1356 1355/1355/1355 1351/1351/1351
f 1357/1357/1357 1356/1356/1356 1352/1352/1352
f 1355/1355/1355 1356/1356/1356 1357/1357/1357
f 1353/1353/1353 1357/1357/1357 1352/1352/1352
f 1354/1354/1354 1355/1355/1355 1357/1357/1357
f 1354/1354/1354 1358/1358/1358 1349/1349/1349
f 1349/1349/1349 1358/1358/1358 1353/1353/1353
f 1358/1358/1358 1357/1357/1357 1353/1353/1353
f 1357/1357/1357 1358/1358/1358 1354/1354/1354
f 1361/1361/1361 1360/1360/1360 1359/1359/1359
f 1360/1360/1360 1361/1361/1361 1362/1362/1362
f 1363/1363/1363 1360/1360/1360 1362/1362/1362
f 1363/1363/1363 1362/1362/1362 1364/1364/1364
f 1362/1362/1362 1365/1365/1365 1364/1364/1364
f 1362/1362/1362 1366/1366/1366 1365/1365/1365
f 1363/1363/1363 1364/1364/1364 1367/1367/1367
f 1368/1368/1368 1363/1363/1363 1367/1367/1367
f 1366/1366/1366 1369/1369/1369 1365/1365/1365
f 1366/1366/1366 1370/1370/1370 1369/1369/1369
f 1370/1370/1370 1368/1368/1368 1371/1371/1371
f 1368/1368/1368 1367/1367/1367 1371/1371/1371
f 1370/1370/1370 1371/1371/1371 1369/1369/1369
f 1364/1364/1364 1365/1365/1365 1372/1372/1372
f 1367/1367/1367 1364/1364/1364 1373/1373/1373
f 1364/1364/1364 1372/1372/1372 1373/1373/1373
f 1365/1365/1365 1369/1369/1369 1374/1374/1374
f 1365/1365/1365 1374/1374/1374 1372/1372/1372
f 1371/1371/1371 1367/1367/1367 1375/1375/1375
f 1367/1367/1367 1373/1373/1373 1375/1375/1375
f 1369/1369/1369 1371/1371/1371 1376/1376/1376
f 1369/1369/1369 1376/1376/1376 1374/1374/1374
f 1371/1371/1371 1375/1375/1375 1376/1376/1376
f 1372/1372/1372 1374/1374/1374 1377/1377/1377
f 1373/1373/1373 1372/1372/1372 1378/1378/1378
f 1372/1372/1372 1377/1377/1377 1378/1378/1378
f 1374/1374/1374 1376/1376/1376 1379/1379/1379
f 1374/1374/1374 1379/1379/1379 1377/1377/1377
f 1375/1375/1375 1373/1373/1373 1380/1380/1380
f 1373/1373/1373 1378/1378/1378 1380/1380/1380
f 1376/1376/1376 1375/1375/1375 1381/1381/1381
f 1376/1376/1376 1381/1381/1381 1379/1379/1379
f 1375/1375/1375 1380/1380/1380 1381/1381/1381
f 1377/1377/1377 1379/1379/1379 1382/1382/1382
f 1378/1378/1378 1377/1377/1377 1383/1383/1383
f 1377/1377/1377 1382/1382/1382 1383/1383/1383
f 1379/1379/1379 1381/1381/1381 1384/1384/1384
f 1379/1379/1379 1384/1384/1384 1382/1382/1382
f 1380/1380/1380 1378/1378/1378 1385/1385/1385
f 1378/1378/1378 1383/1383/1383 1385/1385/1385
f 1381/1381/1381 1380/1380/1380 1386/1386/1386
f 1381/1381/1381 1386/1386/1386 1384/1384/1384
f 1380/1380/1380 1385/1385/1385 1386/1386/1386
f 1382/1382/1382 1384/1384/1384 1387/1387/1387
f 1383/1383/1383 1382/1382/1382 1388/1388/1388
f 1382/1382/1382 1387/1387/1387 1388/1388/1388
f 1384/1384/1384 1386/1386/1386 1389/1389/1389
f 1384/1384/1384 1389/1389/1389 1387/1387/1387
f 1385/1385/1385 1383/1383/1383 1390/1390/1390
f 1383/1383/1383 1388/1388/1388 1390/1390/1390
f 1386/1386/1386 1385/1385/1385 1391/1391/1391
f 1386/1386/1386 1391/1391/1391 1389/1389/1389
f 1385/1385/1385 1390/1390/1390 1391/1391/1391
f 1387/1387/1387 1389/1389/1389 1392/1392/1392
f 1388/1388/1388 1387/1387/1387 1393/1393/1393
f 1387/1387/1387 1392/1392/1392 1393/1393/1393
f 1389/1389/1389 1391/1391/1391 1394/1394/1394
f 1389/1389/1389 1394/1394/1394 1392/1392/1392
f 1390/1390/1390 1388/1388/1388 1395/1395/1395
f 1388/1388/1388 1393/1393/1393 1395/1395/1395
f 1391/1391/1391 1390/1390/1390 1396/1396/1396
f 1391/1391/1391 1396/1396/1396 1394/1394/1394
f 1390/1390/1390 1395/1395/1395 1396/1396/1396
f 1392/1392/1392 1394/1394/1394 1397/1397/1397
f 1393/1393/1393 1392/1392/1392 1398/1398/1398
f 1392/1392/1392 1397/1397/1397 1398/1398/1398
f 1394/1394/1394 1396/1396/1396 1399/1399/1399
f 1394/1394/1394 1399/1399/1399 1397/1397/1397
f 1395/1395/1395 1393/1393/1393 1400/1400/1400
f 1393/1393/1393 1398/1398/1398 1400/1400/1400
f 1396/1396/1396 1395/1395/1395 1401/1401/1401
f 1396/1396/1396 1401/1401/1401 1399/1399/1399
f 1395/1395/1395 1400/1400/1400 1401/1401/1401
f 1397/1397/1397 1399/1399/1399 1402/1402/1402
f 1398/1398/1398 1397/1397/1397 1403/1403/1403
f 1397/1397/1397 1402/1402/1402 1403/1403/1403
f 1399/1399/1399 1401/1401/1401 1404/1404/1404
f 1399/1399/1399 1404/1404/1404 1402/1402/1402
f 1400/1400/1400 1398/1398/1398 1405/1405/1405
f 1398/1398/1398 1403/1403/1403 1405/1405/1405
f 1401/1401/1401 1400/1400/1400 1406/1406/1406
f 1401/1401/1401 1406/1406/1406 1404/1404/1404
f 1400/1400/1400 1405/1405/1405 1406/1406/1406
f 1402/1402/1402 1404/1404/1404 1407/1407/1407
f 1403/1403/1403 1402/1402/1402 1408/1408/1408
f 1402/1402/1402 1407/1407/1407 1408/1408/1408
f 1404/1404/1404 1406/1406/1406 1409/1409/1409
f 1404/1404/1404 1409/1409/1409 1407/1407/1407
f 1405/1405/1405 1403/1403/1403 1410/1410/1410
f 1403/1403/1403 1408/1408/1408 1410/1410/1410
f 1406/1406/1406 1405/1405/1405 1411/1411/1411
f 1406/1406/1406 1411/1411/1411 1409/1409/1409
f 1405/1405/1405 1410/1410/1410 1411/1411/1411
f 1407/1407/1407 1409/1409/1409 1412/1412/1412
f 1408/1408/1408 1407/1407/1407 1413/1413/1413
f 1407/1407/1407 1412/1412/1412 1413/1413/1413
f 1409/1409/1409 1411/1411/1411 1414/1414/1414
f 1409/1409/1409 1414/1414/1414 1412/1412/1412
f 1410/1410/1410 1408/1408/1408 1415/1415/1415
f 1408/1408/1408 1413/1413/1413 1415/1415/1415
f 1411/1411/1411 1410/1410/1410 1416/1416/1416
f 1411/1411/1411 1416/1416/1416 1414/1414/1414
f 1410/1410/1410 1415/1415/1415 1416/1416/1416
f 1412/1412/1412 1414/1414/1414 1417/1417/1417
f 1413/1413/1413 1412/1412/1412 1418/1418/1418
f 1412/1412/1412 1417/1417/1417 1418/1418/1418
f 1414/1414/1414 1416/1416/1416 1419/1419/1419
f 1414/1414/1414 1419/1419/1419 1417/1417/1417
f 1415/1415/1415 1413/1413/1413 1420/1420/1420
f 1413/1413/1413 1418/1418/1418 1420/1420/1420
f 1416/1416/1416 1415/1415/1415 1421/1421/1421
f 1416/1416/1416 1421/1421/1421 1419/1419/1419
f 1415/1415/1415 1420/1420/1420 1421/1421/1421
f 1417/1417/1417 1419/1419/1419 1422/1422/1422
f 1418/1418/1418 1417/1417/1417 1423/1423/1423
f 1417/1417/1417 1422/1422/1422 1423/1423/1423
f 1419/1419/1419 1421/1421/1421 1424/1424/1424
f 1419/1419/1419 1424/1424/1424 1422/1422/1422
f 1420/1420/1420 1418/1418/1418 1425/1425/1425
f 1418/1418/1418 1423/1423/1423 1425/1425/1425
f 1421/1421/1421 1420/1420/1420 1426/1426/1426
f 1421/1421/1421 1426/1426/1426 1424/1424/1424
f 1420/1420/1420 1425/1425/1425 1426/1426/1426
f 1422/1422/1422 1424/1424/1424 1427/1427/1427
f 1423/1423/1423 1422/1422/1422 1428/1428/1428
f 1422/1422/1422 1427/1427/1427 1428/1428/1428
f 1424/1424/1424 1426/1426/1426 1429/1429/1429
f 1424/1424/1424 1429/1429/1429 1427/1427/1427
f 1425/1425/1425 1423/1423/1423 1430/1430/1430
f 1423/1423/1423 1428/1428/1428 1430/1430/1430
f 1426/1426/1426 1425/1425/1425 1431/1431/1431
f 1426/1426/1426 1431/1431/1431 1429/1429/1429
f 1425/1425/1425 1430/1430/1430 1431/1431/1431
f 1427/1427/1427 1429/1429/1429 1432/1432/1432
f 1428/1428/1428 1427/1427/1427 1433/1433/1433
f 1427/1427/1427 1432/1432/1432 1433/1433/1433
f 1429/1429/1429 1431/1431/1431 1434/1434/1434
f 1429/1429/1429 1434/1434/1434 1432/1432/1432
f 1430/1430/1430 1428/1428/1428 1435/1435/1435
f 1428/1428/1428 1433/1433/1433 1435/1435/1435
f 1431/1431/1431 1430/1430/1430 1436/1436/1436
f 1431/1431/1431 1436/1436/1436 1434/1434/1434
f 1430/1430/1430 1435/1435/1435 1436/1436/1436
f 1432/1432/1432 1434/1434/1434 1437/1437/1437
f 1433/1433/1433 1432/1432/1432 1438/1438/1438
f 1432/1432/1432 1437/1437/1437 1438/1438/1438
f 1434/1434/1434 1436/1436/1436 1439/1439/1439
f 1434/1434/1434 1439/1439/1439 1437/1437/1437
f 1435/1435/1435 1433/1433/1433 1440/1440/1440
f 1433/1433/1433 1438/1438/1438 1440/1440/1440
f 1436/1436/1436 1435/1435/1435 1441/1441/1441
f 1436/1436/1436 1441/1441/1441 1439/1439/1439
f 1435/1435/1435 1440/1440/1440 1441/1441/1441
f 1437/1437/1437 1439/1439/1439 1442/1442/1442
f 1438/1438/1438 1437/1437/1437 1443/1443/1443
f 1437/1437/1437 1442/1442/1442 1443/1443/1443
f 1439/1439/1439 1441/1441/1441 1444/1444/1444
f 1439/1439/1439 1444/1444/1444 1442/1442/1442
f 1440/1440/1440 1438/1438/1438 1445/1445/1445
f 1438/1438/1438 1443/1443/1443 1445/1445/1445
f 1441/1441/1441 1440/1440/1440 1446/1446/1446
f 1441/1441/1441 1446/1446/1446 1444/1444/1444
f 1440/1440/1440 1445/1445/1445 1446/1446/1446
f 1442/1442/1442 1444/1444/1444 1447/1447/1447
f 1443/1443/1443 1442/1442/1442 1448/1448/1448
f 1442/1442/1442 1447/1447/1447 1448/1448/1448
f 1444/1444/1444 1446/1446/1446 1449/1449/1449
f 1444/1444/1444 1449/1449/1449 1447/1447/1447
f 1445/1445/1445 1443/1443/1443 1450/1450/1450
f 1443/1443/1443 1448/1448/1448 1450/1450/1450
f 1446/1446/1446 1445/1445/1445 1451/1451/1451
f 1446/1446/1446 1451/1451/1451 1449/1449/1449
f 1445/1445/1445 1450/1450/1450 1451/1451/1451
f 1447/1447/1447 1449/1449/1449 1452/1452/1452
f 1448/1448/1448 1447/1447/1447 1453/1453/1453
f 1447/1447/1447 1452/1452/1452 1453/1453/1453
f 1449/1449/1449 1451/1451/1451 1454/1454/1454
f 1449/1449/1449 1454/1454/1454 1452/1452/1452
f 1450/1450/1450 1448/1448/1448 1455/1455/1455
f 1448/1448/1448 1453/1453/1453 1455/1455/1455
f 1451/1451/1451 1450/1450/1450 1456/1456/1456
f 1451/1451/1451 1456/1456/1456 1454/1454/1454
f 1450/1450/1450 1455/1455/1455 1456/1456/1456
f 1452/1452/1452 1454/1454/1454 1457/1457/1457
f 1453/1453/1453 1452/1452/1452 1458/1458/1458
f 1452/1452/1452 1457/1457/1457 1458/1458/1458
f 1454/1454/1454 1456/1456/1456 1459/1459/1459
f 1454/1454/1454 1459/1459/1459 1457/1457/1457
f 1455/1455/1455 1453/1453/1453 1460/1460/1460
f 1453/1453/1453 1458/1458/1458 1460/1460/1460
f 1456/1456/1456 1455/1455/1455 1461/1461/1461
f 1456/1456/1456 1461/1461/1461 1459/1459/1459
f 1455/1455/1455 1460/1460/1460 1461/1461/1461
f 1457/1457/1457 1459/1459/1459 1462/1462/1462
f 1458/1458/1458 1457/1457/1457 1463/1463/1463
f 1457/1457/1457 1462/1462/1462 1463/1463/1463
f 1459/1459/1459 1461/1461/1461 1464/1464/1464
f 1459/1459/1459 1464/1464/1464 1462/1462/1462
f 1460/1460/1460 1458/1458/1458 1465/1465/1465
f 1458/1458/1458 1463/1463/1463 1465/1465/1465
f 1461/1461/1461 1460/1460/1460 1466/1466/1466
f 1461/1461/1461 1466/1466/1466 1464/1464/1464
f 1460/1460/1460 1465/1465/1465 1466/1466/1466
f 1462/1462/1462 1464/1464/1464 1467/1467/1467
f 1463/1463/1463 1462/1462/1462 1468/1468/1468
f 1462/1462/1462 1467/1467/1467 1468/1468/1468
f 1464/1464/1464 1466/1466/1466 1469/1469/1469
f 1464/1464/1464 1469/1469/1469 1467/1467/1467
f 1465/1465/1465 1463/1463/1463 1470/1470/1470
f 1463/1463/1463 1468/1468/1468 1470/1470/1470
f 1466/1466/1466 1465/1465/1465 1471/1471/1471
f 1466/1466/1466 1471/1471/1471 1469/1469/1469
f 1465/1465/1465 1470/1470/1470 1471/1471/1471
f 1468/1468/1468 1467/1467/1467 1472/1472/1472
f 1468/1468/1468 1472/1472/1472 1473/1473/1473
f 1470/1470/1470 1468/1468/1468 1473/1473/1473
f 1470/1470/1470 1473/1473/1473 1474/1474/1474
f 1471/1471/1471 1470/1470/1470 1474/1474/1474
f 1467/1467/1467 1475/1475/1475 1472/1472/1472
f 1467/1467/1467 1469/1469/1469 1475/1475/1475
f 1471/1471/1471 1474/1474/1474 1476/1476/1476
f 1469/1469/1469 1471/1471/1471 1476/1476/1476
f 1469/1469/1469 1476/1476/1476 1475/1475/1475
f 1476/1476/1476 1477/1477/1477 1475/1475/1475
f 1478/1478/1478 1477/1477/1477 1476/1476/1476
f 1479/1479/1479 1477/1477/1477 1478/1478/1478
f 1482/1482/1482 1481/1481/1481 1480/1480/1480
f 1481/1481/1481 1482/1482/1482 1483/1483/1483
f 1484/1484/1484 1481/1481/1481 1483/1483/1483
f 1484/1484/1484 1483/1483/1483 1485/1485/1485
f 1483/1483/1483 1486/1486/1486 1485/1485/1485
f 1483/1483/1483 1487/1487/1487 1486/1486/1486
f 1484/1484/1484 1485/1485/1485 1488/1488/1488
f 1489/1489/1489 1484/1484/1484 1488/1488/1488
f 1487/1487/1487 1490/1490/1490 1486/1486/1486
f 1487/1487/1487 1491/1491/1491 1490/1490/1490
f 1491/1491/1491 1489/1489/1489 1492/1492/1492
f 1489/1489/1489 1488/1488/1488 1492/1492/1492
f 1491/1491/1491 1492/1492/1492 1490/1490/1490
f 1485/1485/1485 1486/1486/1486 1493/1493/1493
f 1488/1488/1488 1485/1485/1485 1494/1494/1494
f 1485/1485/1485 1493/1493/1493 1494/1494/1494
f 1486/1486/1486 1490/1490/1490 1495/1495/1495
f 1486/1486/1486 1495/1495/1495 1493/1493/1493
f 1492/1492/1492 1488/1488/1488 1496/1496/1496
f 1488/1488/1488 1494/1494/1494 1496/1496/1496
f 1490/1490/1490 1492/1492/1492 1497/1497/1497
f 1490/1490/1490 1497/1497/1497 1495/1495/1495
f 1492/1492/1492 1496/1496/1496 1497/1497/1497
f 1493/1493/1493 1495/1495/1495 1498/1498/1498
f 1494/1494/1494 1493/1493/1493 1499/1499/1499
f 1493/1493/1493 1498/1498/1498 1499/1499/1499
f 1495/1495/1495 1497/1497/1497 1500/1500/1500
f 1495/1495/1495 1500/1500/1500 1498/1498/1498
f 1496/1496/1496 1494/1494/1494 1501/1501/1501
f 1494/1494/1494 1499/1499/1499 1501/1501/1501
f 1497/1497/1497 1496/1496/1496 1502/1502/1502
f 1497/1497/1497 1502/1502/1502 1500/1500/1500
f 1496/1496/1496 1501/1501/1501 1502/1502/1502
f 1498/1498/1498 1500/1500/1500 1503/1503/1503
f 1499/1499/1499 1498/1498/1498 1504/1504/1504
f 1498/1498/1498 1503/1503/1503 1504/1504/1504
f 1500/1500/1500 1502/1502/1502 1505/1505/1505
f 1500/1500/1500 1505/1505/1505 1503/1503/1503
f 1501/1501/1501 1499/1499/1499 1506/1506/1506
f 1499/1499/1499 1504/1504/1504 1506/1506/1506
f 1502/1502/1502 1501/1501/1501 1507/1507/1507
f 1502/1502/1502 1507/1507/1507 1505/1505/1505
f 1501/1501/1501 1506/1506/1506 1507/1507/1507
f 1503/1503/1503 1505/1505/1505 1508/1508/1508
f 1504/1504/1504 1503/1503/1503 1509/1509/1509
f 1503/1503/1503 1508/1508/1508 1509/1509/1509
f 1505/1505/1505 1507/1507/1507 1510/1510/1510
f 1505/1505/1505 1510/1510/1510 1508/1508/1508
f 1506/1506/1506 1504/1504/1504 1511/1511/1511
f 1504/1504/1504 1509/1509/1509 1511/1511/1511
f 1507/1507/1507 1506/1506/1506 1512/1512/1512
f 1507/1507/1507 1512/1512/1512 1510/1510/1510
f 1506/1506/1506 1511/1511/1511 1512/1512/1512
f 1508/1508/1508 1510/1510/1510 1513/1513/1513
f 1509/1509/1509 1508/1508/1508 1514/1514/1514
f 1508/1508/1508 1513/1513/1513 1514/1514/1514
f 1510/1510/1510 1512/1512/1512 1515/1515/1515
f 1510/1510/1510 1515/1515/1515 1513/1513/1513
f 1511/1511/1511 1509/1509/1509 1516/1516/1516
f 1509/1509/1509 1514/1514/1514 1516/1516/1516
f 1512/1512/1512 1511/1511/1511 1517/1517/1517
f 1512/1512/1512 1517/1517/1517 1515/1515/1515
f 1511/1511/1511 1516/1516/1516 1517/1517/1517
f 1513/1513/1513 1515/1515/1515 1518/1518/1518
f 1514/1514/1514 1513/1513/1513 1519/1519/1519
f 1513/1513/1513 1518/1518/1518 1519/1519/1519
f 1515/1515/1515 1517/1517/1517 1520/1520/1520
f 1515/1515/1515 1520/1520/1520 1518/1518/1518
f 1516/1516/1516 1514/1514/1514 1521/1521/1521
f 1514/1514/1514 1519/1519/1519 1521/1521/1521
f 1517/1517/1517 1516/1516/1516 1522/1522/1522
f 1517/1517/1517 1522/1522/1522 1520/1520/1520
f 1516/1516/1516 1521/1521/1521 1522/1522/1522
f 1518/1518/1518 1520/1520/1520 1523/1523/1523
f 1519/1519/1519 1518/1518/1518 1524/1524/1524
f 1518/1518/1518 1523/1523/1523 1524/1524/1524
f 1520/1520/1520 1522/1522/1522 1525/1525/1525
f 1520/1520/1520 1525/1525/1525 1523/1523/1523
f 1521/1521/1521 1519/1519/1519 1526/1526/1526
f 1519/1519/1519 1524/1524/1524 1526/1526/1526
f 1522/1522/1522 1521/1521/1521 1527/1527/1527
f 1522/1522/1522 1527/1527/1527 1525/1525/1525
f 1521/1521/1521 1526/1526/1526 1527/1527/1527
f 1523/1523/1523 1525/1525/1525 1528/1528/1528
f 1524/1524/1524 1523/1523/1523 1529/1529/1529
f 1523/1523/1523 1528/1528/1528 1529/1529/1529
f 1525/1525/1525 1527/1527/1527 1530/1530/1530
f 1525/1525/1525 1530/1530/1530 1528/1528/1528
f 1526/1526/1526 1524/1524/1524 1531/1531/1531
f 1524/1524/1524 1529/1529/1529 1531/1531/1531
f 1527/1527/1527 1526/1526/1526 1532/1532/1532
f 1527/1527/1527 1532/1532/1532 1530/1530/1530
f 1526/1526/1526 1531/1531/1531 1532/1532/1532
f 1528/1528/1528 1530/1530/1530 1533/1533/1533
f 1529/1529/1529 1528/1528/1528 1534/1534/1534
f 1528/1528/1528 1533/1533/1533 1534/1534/1534
f 1530/1530/1530 1532/1532/1532 1535/1535/1535
f 1530/1530/1530 1535/1535/1535 1533/1533/1533
f 1531/1531/1531 1529/1529/1529 1536/1536/1536
f 1529/1529/1529 1534/1534/1534 1536/1536/1536
f 1532/1532/1532 1531/1531/1531 1537/1537/1537
f 1532/1532/1532 1537/1537/1537 1535/1535/1535
f 1531/1531/1531 1536/1536/1536 1537/1537/1537
f 1533/1533/1533 1535/1535/1535 1538/1538/1538
f 1534/1534/1534 1533/1533/1533 1539/1539/1539
f 1533/1533/1533 1538/1538/1538 1539/1539/1539
f 1535/1535/1535 1537/1537/1537 1540/1540/1540
f 1535/1535/1535 1540/1540/1540 1538/1538/1538
f 1536/1536/1536 1534/1534/1534 1541/1541/1541
f 1534/1534/1534 1539/1539/1539 1541/1541/1541
f 1537/1537/1537 1536/1536/1536 1542/1542/1542
f 1537/1537/1537 1542/1542/1542 1540/1540/1540
f 1536/1536/1536 1541/1541/1541 1542/1542/1542
f 1538/1538/1538 1540/1540/1540 1543/1543/1543
f 1539/1539/1539 1538/1538/1538 1544/1544/1544
f 1538/1538/1538 1543/1543/1543 1544/1544/1544
f 1540/1540/1540 1542/1542/1542 1545/1545/1545
f 1540/1540/1540 1545/1545/1545 1543/1543/1543
f 1541/1541/1541 1539/1539/1539 1546/1546/1546
f 1539/1539/1539 1544/1544/1544 1546/1546/1546
f 1542/1542/1542 1541/1541/1541 1547/1547/1547
f 1542/1542/1542 1547/1547/1547 1545/1545/1545
f 1541/1541/1541 1546/1546/1546 1547/1547/1547
f 1543/1543/1543 1545/1545/1545 1548/1548/1548
f 1544/1544/1544 1543/1543/1543 1549/1549/1549
f 1543/1543/1543 1548/1548/1548 1549/1549/1549
f 1545/1545/1545 1547/1547/1547 1550/1550/1550
f 1545/1545/1545 1550/1550/1550 1548/1548/1548
f 1546/1546/1546 1544/1544/1544 1551/1551/1551
f 1544/1544/1544 1549/1549/1549 1551/1551/1551
f 1547/1547/1547 1546/1546/1546 1552/1552/1552
f 1547/1547/1547 1552/1552/1552 1550/1550/1550
f 1546/1546/1546 1551/1551/1551 1552/1552/1552
f 1549/1549/1549 1548/1548/1548 1553/1553/1553
f 1549/1549/1549 1553/1553/1553 1554/1554/1554
f 1551/1551/1551 1549/1549/1549 1554/1554/1554
f 1551/1551/1551 1554/1554/1554 1555/1555/1555
f 1552/1552/1552 1551/1551/1551 1555/1555/1555
f 1548/1548/1548 1556/1556/1556 1553/1553/1553
f 1548/1548/1548 1550/1550/1550 1556/1556/1556
f 1552/1552/1552 1555/1555/1555 1557/1557/1557
f 1550/1550/1550 1552/1552/1552 1557/1557/1557
f 1550/1550/1550 1557/1557/1557 1556/1556/1556
f 1557/1557/1557 1558/1558/1558 1556/1556/1556
f 1559/1559/1559 1558/1558/1558 1557/1557/1557
f 1560/1560/1560 1558/1558/1558 1559/1559/1559
f 1563/1563/1563 1562/1562/1562 1561/1561/1561
f 1564/1564/1564 1563/1563/1563 1561/1561/1561
f 1564/1564/1564 1561/1561/1561 1565/1565/1565
f 1563/1563/1563 1566/1566/1566 1562/1562/1562
f 1566/1566/1566 1567/1567/1567 1562/1562/1562
f 1568/1568/1568 1564/1564/1564 1565/1565/1565
f 1568/1568/1568 1565/1565/1565 1569/1569/1569
f 1570/1570/1570 1569/1569/1569 1567/1567/1567
f 1566/1566/1566 1570/1570/1570 1567/1567/1567
f 1570/1570/1570 1568/1568/1568 1569/1569/1569
f 1571/1571/1571 1563/1563/1563 1564/1564/1564
f 1572/1572/1572 1566/1566/1566 1563/1563/1563
f 1571/1571/1571 1572/1572/1572 1563/1563/1563
f 1572/1572/1572 1573/1573/1573 1566/1566/1566
f 1573/1573/1573 1570/1570/1570 1566/1566/1566
f 1573/1573/1573 1572/1572/1572 1571/1571/1571
f 1573/1573/1573 1574/1574/1574 1570/1570/1570
f 1574/1574/1574 1568/1568/1568 1570/1570/1570
f 1571/1571/1571 1574/1574/1574 1573/1573/1573
f 1575/1575/1575 1571/1571/1571 1564/1564/1564
f 1575/1575/1575 1564/1564/1564 1568/1568/1568
f 1574/1574/1574 1575/1575/1575 1568/1568/1568
f 1571/1571/1571 1575/1575/1575 1574/1574/1574
f 1578/1578/1578 1577/1577/1577 1576/1576/1576
f 1579/1579/1579 1578/1578/1578 1576/1576/1576
f 1579/1579/1579 1576/1576/1576 1580/1580/1580
f 1578/1578/1578 1581/1581/1581 1577/1577/1577
f 1581/1581/1581 1582/1582/1582 1577/1577/1577
f 1583/1583/1583 1579/1579/1579 1580/1580/1580
f 1583/1583/1583 1580/1580/1580 1584/1584/1584
f 1585/1585/1585 1584/1584/1584 1582/1582/1582
f 1581/1581/1581 1585/1585/1585 1582/1582/1582
f 1585/1585/1585 1583/1583/1583 1584/1584/1584
f 1579/1579/1579 1586/1586/1586 1578/1578/1578
f 1578/1578/1578 1587/1587/1587 1581/1581/1581
f 1586/1586/1586 1587/1587/1587 1578/1578/1578
f 1583/1583/1583 1588/1588/1588 1579/1579/1579
f 1588/1588/1588 1586/1586/1586 1579/1579/1579
f 1581/1581/1581 1589/1589/1589 1585/1585/1585
f 1587/1587/1587 1589/1589/1589 1581/1581/1581
f 1585/1585/1585 1590/1590/1590 1583/1583/1583
f 1590/1590/1590 1588/1588/1588 1583/1583/1583
f 1589/1589/1589 1590/1590/1590 1585/1585/1585
f 1591/1591/1591 1587/1587/1587 1586/1586/1586
f 1592/1592/1592 1586/1586/1586 1588/1588/1588
f 1592/1592/1592 1591/1591/1591 1586/1586/1586
f 1593/1593/1593 1588/1588/1588 1590/1590/1590
f 1593/1593/1593 1592/1592/1592 1588/1588/1588
f 1594/1594/1594 1590/1590/1590 1589/1589/1589
f 1594/1594/1594 1593/1593/1593 1590/1590/1590
f 1595/1595/1595 1589/1589/1589 1587/1587/1587
f 1591/1591/1591 1595/1595/1595 1587/1587/1587
f 1595/1595/1595 1594/1594/1594 1589/1589/1589
f 1592/1592/1592 1596/1596/1596 1591/1591/1591
f 1593/1593/1593 1597/1597/1597 1592/1592/1592
f 1597/1597/1597 1596/1596/1596 1592/1592/1592
f 1594/1594/1594 1598/1598/1598 1593/1593/1593
f 1598/1598/1598 1597/1597/1597 1593/1593/1593
f 1599/1599/1599 1598/1598/1598 1594/1594/1594
f 1597/1597/1597 1598/1598/1598 1599/1599/1599
f 1595/1595/1595 1599/1599/1599 1594/1594/1594
f 1596/1596/1596 1597/1597/1597 1599/1599/1599
f 1596/1596/1596 1600/1600/1600 1591/1591/1591
f 1591/1591/1591 1600/1600/1600 1595/1595/1595
f 1600/1600/1600 1599/1599/1599 1595/1595/1595
f 1599/1599/1599 1600/1600/1600 1596/1596/1596
f 1603/1603/1603 1602/1602/1602 1601/1601/1601
f 1604/1604/1604 1603/1603/1603 1601/1601/1601
f 1603/1603/1603 1605/1605/1605 1602/1602/1602
f 1605/1605/1605 1606/1606/1606 1602/1602/1602
f 1607/1607/1607 1603/1603/1603 1604/1604/1604
f 1608/1608/1608 1607/1607/1607 1604/1604/1604
f 1609/1609/1609 1605/1605/1605 1603/1603/1603
f 1607/1607/1607 1609/1609/1609 1603/1603/1603
f 1610/1610/1610 1607/1607/1607 1608/1608/1608
f 1611/1611/1611 1610/1610/1610 1608/1608/1608
f 1612/1612/1612 1609/1609/1609 1607/1607/1607
f 1610/1610/1610 1612/1612/1612 1607/1607/1607
f 1613/1613/1613 1610/1610/1610 1611/1611/1611
f 1614/1614/1614 1613/1613/1613 1611/1611/1611
f 1601/1601/1601 1615/1615/1615 1614/1614/1614
f 1615/1615/1615 1613/1613/1613 1614/1614/1614
f 1615/1615/1615 1606/1606/1606 1613/1613/1613
f 1613/1613/1613 1616/1616/1616 1610/1610/1610
f 1616/1616/1616 1612/1612/1612 1610/1610/1610
f 1606/1606/1606 1616/1616/1616 1613/1613/1613
f 1605/1605/1605 1617/1617/1617 1606/1606/1606
f 1609/1609/1609 1618/1618/1618 1605/1605/1605
f 1618/1618/1618 1617/1617/1617 1605/1605/1605
f 1612/1612/1612 1619/1619/1619 1609/1609/1609
f 1619/1619/1619 1618/1618/1618 1609/1609/1609
f 1616/1616/1616 1620/1620/1620 1612/1612/1612
f 1620/1620/1620 1619/1619/1619 1612/1612/1612
f 1606/1606/1606 1621/1621/1621 1616/1616/1616
f 1617/1617/1617 1621/1621/1621 1606/1606/1606
f 1621/1621/1621 1620/1620/1620 1616/1616/1616
f 1618/1618/1618 1622/1622/1622 1617/1617/1617
f 1619/1619/1619 1623/1623/1623 1618/1618/1618
f 1623/1623/1623 1622/1622/1622 1618/1618/1618
f 1620/1620/1620 1624/1624/1624 1619/1619/1619
f 1624/1624/1624 1623/1623/1623 1619/1619/1619
f 1617/1617/1617 1625/1625/1625 1621/1621/1621
f 1622/1622/1622 1625/1625/1625 1617/1617/1617
f 1621/1621/1621 1626/1626/1626 1620/1620/1620
f 1626/1626/1626 1624/1624/1624 1620/1620/1620
f 1625/1625/1625 1626/1626/1626 1621/1621/1621
f 1623/1623/1623 1627/1627/1627 1622/1622/1622
f 1624/1624/1624 1628/1628/1628 1623/1623/1623
f 1628/1628/1628 1627/1627/1627 1623/1623/1623
f 1626/1626/1626 1629/1629/1629 1624/1624/1624
f 1629/1629/1629 1628/1628/1628 1624/1624/1624
f 1625/1625/1625 1630/1630/1630 1626/1626/1626
f 1630/1630/1630 1629/1629/1629 1626/1626/1626
f 1622/1622/1622 1631/1631/1631 1625/1625/1625
f 1627/1627/1627 1631/1631/1631 1622/1622/1622
f 1631/1631/1631 1630/1630/1630 1625/1625/1625
f 1628/1628/1628 1632/1632/1632 1627/1627/1627
f 1629/1629/1629 1633/1633/1633 1628/1628/1628
f 1633/1633/1633 1632/1632/1632 1628/1628/1628
f 1630/1630/1630 1634/1634/1634 1629/1629/1629
f 1634/1634/1634 1633/1633/1633 1629/1629/1629
f 1631/1631/1631 1635/1635/1635 1630/1630/1630
f 1635/1635/1635 1634/1634/1634 1630/1630/1630
f 1627/1627/1627 1636/1636/1636 1631/1631/1631
f 1632/1632/1632 1636/1636/1636 1627/1627/1627
f 1636/1636/1636 1635/1635/1635 1631/1631/1631
f 1634/1634/1634 1637/1637/1637 1633/1633/1633
f 1633/1633/1633 1638/1638/1638 1632/1632/1632
f 1637/1637/1637 1638/1638/1638 1633/1633/1633
f 1635/1635/1635 1639/1639/1639 1634/1634/1634
f 1639/1639/1639 1637/1637/1637 1634/1634/1634
f 1636/1636/1636 1640/1640/1640 1635/1635/1635
f 1640/1640/1640 1639/1639/1639 1635/1635/1635
f 1632/1632/1632 1641/1641/1641 1636/1636/1636
f 1638/1638/1638 1641/1641/1641 1632/1632/1632
f 1641/1641/1641 1640/1640/1640 1636/1636/1636
f 1637/1637/1637 1642/1642/1642 1638/1638/1638
f 1639/1639/1639 1643/1643/1643 1637/1637/1637
f 1643/1643/1643 1642/1642/1642 1637/1637/1637
f 1640/1640/1640 1644/1644/1644 1639/1639/1639
f 1644/1644/1644 1643/1643/1643 1639/1639/1639
f 1641/1641/1641 1645/1645/1645 1640/1640/1640
f 1645/1645/1645 1644/1644/1644 1640/1640/1640
f 1638/1638/1638 1646/1646/1646 1641/1641/1641
f 1642/1642/1642 1646/1646/1646 1638/1638/1638
f 1646/1646/1646 1645/1645/1645 1641/1641/1641
f 1643/1643/1643 1647/1647/1647 1642/1642/1642
f 1644/1644/1644 1648/1648/1648 1643/1643/1643
f 1648/1648/1648 1647/1647/1647 1643/1643/1643
f 1645/1645/1645 1649/1649/1649 1644/1644/1644
f 1649/1649/1649 1648/1648/1648 1644/1644/1644
f 1642/1642/1642 1650/1650/1650 1646/1646/1646
f 1647/1647/1647 1650/1650/1650 1642/1642/1642
f 1646/1646/1646 1651/1651/1651 1645/1645/1645
f 1651/1651/1651 1649/1649/1649 1645/1645/1645
f 1650/1650/1650 1651/1651/1651 1646/1646/1646
f 1648/1648/1648 1652/1652/1652 1647/1647/1647
f 1649/1649/1649 1653/1653/1653 1648/1648/1648
f 1653/1653/1653 1652/1652/1652 1648/1648/1648
f 1651/1651/1651 1654/1654/1654 1649/1649/1649
f 1654/1654/1654 1653/1653/1653 1649/1649/1649
f 1650/1650/1650 1655/1655/1655 1651/1651/1651
f 1655/1655/1655 1654/1654/1654 1651/1651/1651
f 1647/1647/1647 1656/1656/1656 1650/1650/1650
f 1652/1652/1652 1656/1656/1656 1647/1647/1647
f 1656/1656/1656 1655/1655/1655 1650/1650/1650
f 1653/1653/1653 1657/1657/1657 1652/1652/1652
f 1654/1654/1654 1658/1658/1658 1653/1653/1653
f 1658/1658/1658 1657/1657/1657 1653/1653/1653
f 1655/1655/1655 1659/1659/1659 1654/1654/1654
f 1659/1659/1659 1658/1658/1658 1654/1654/1654
f 1656/1656/1656 1660/1660/1660 1655/1655/1655
f 1660/1660/1660 1659/1659/1659 1655/1655/1655
f 1652/1652/1652 1661/1661/1661 1656/1656/1656
f 1657/1657/1657 1661/1661/1661 1652/1652/1652
f 1661/1661/1661 1660/1660/1660 1656/1656/1656
f 1659/1659/1659 1662/1662/1662 1658/1658/1658
f 1658/1658/1658 1663/1663/1663 1657/1657/1657
f 1662/1662/1662 1663/1663/1663 1658/1658/1658
f 1660/1660/1660 1664/1664/1664 1659/1659/1659
f 1664/1664/1664 1662/1662/1662 1659/1659/1659
f 1661/1661/1661 1665/1665/1665 1660/1660/1660
f 1665/1665/1665 1664/1664/1664 1660/1660/1660
f 1657/1657/1657 1666/1666/1666 1661/1661/1661
f 1663/1663/1663 1666/1666/1666 1657/1657/1657
f 1666/1666/1666 1665/1665/1665 1661/1661/1661
f 1662/1662/1662 1667/1667/1667 1663/1663/1663
f 1664/1664/1664 1668/1668/1668 1662/1662/1662
f 1668/1668/1668 1667/1667/1667 1662/1662/1662
f 1665/1665/1665 1669/1669/1669 1664/1664/1664
f 1669/1669/1669 1668/1668/1668 1664/1664/1664
f 1666/1666/1666 1670/1670/1670 1665/1665/1665
f 1670/1670/1670 1669/1669/1669 1665/1665/1665
f 1663/1663/1663 1671/1671/1671 1666/1666/1666
f 1667/1667/1667 1671/1671/1671 1663/1663/1663
f 1671/1671/1671 1670/1670/1670 1666/1666/1666
f 1668/1668/1668 1672/1672/1672 1667/1667/1667
f 1672/1672/1672 1673/1673/1673 1667/1667/1667
f 1667/1667/1667 1673/1673/1673 1671/1671/1671
f 1674/1674/1674 1672/1672/1672 1668/1668/1668
f 1669/1669/1669 1674/1674/1674 1668/1668/1668
f 1673/1673/1673 1675/1675/1675 1671/1671/1671
f 1671/1671/1671 1675/1675/1675 1670/1670/1670
f 1676/1676/1676 1674/1674/1674 1669/1669/1669
f 1670/1670/1670 1676/1676/1676 1669/1669/1669
f 1675/1675/1675 1676/1676/1676 1670/1670/1670
f 1679/1679/1679 1678/1678/1678 1677/1677/1677
f 1680/1680/1680 1679/1679/1679 1677/1677/1677
f 1677/1677/1677 1678/1678/1678 1681/1681/1681
f 1682/1682/1682 1679/1679/1679 1680/1680/1680
f 1683/1683/1683 1682/1682/1682 1680/1680/1680
f 1678/1678/1678 1684/1684/1684 1681/1681/1681
f 1681/1681/1681 1684/1684/1684 1685/1685/1685
f 1685/1685/1685 1686/1686/1686 1683/1683/1683
f 1686/1686/1686 1682/1682/1682 1683/1683/1683
f 1684/1684/1684 1686/1686/1686 1685/1685/1685
f 1679/1679/1679 1687/1687/1687 1678/1678/1678
f 1682/1682/1682 1688/1688/1688 1679/1679/1679
f 1688/1688/1688 1687/1687/1687 1679/1679/1679
f 1686/1686/1686 1689/1689/1689 1682/1682/1682
f 1689/1689/1689 1688/1688/1688 1682/1682/1682
f 1684/1684/1684 1690/1690/1690 1686/1686/1686
f 1690/1690/1690 1689/1689/1689 1686/1686/1686
f 1678/1678/1678 1691/1691/1691 1684/1684/1684
f 1687/1687/1687 1691/1691/1691 1678/1678/1678
f 1691/1691/1691 1690/1690/1690 1684/1684/1684
f 1688/1688/1688 1692/1692/1692 1687/1687/1687
f 1689/1689/1689 1693/1693/1693 1688/1688/1688
f 1693/1693/1693 1692/1692/1692 1688/1688/1688
f 1690/1690/1690 1694/1694/1694 1689/1689/1689
f 1694/1694/1694 1693/1693/1693 1689/1689/1689
f 1687/1687/1687 1695/1695/1695 1691/1691/1691
f 1692/1692/1692 1695/1695/1695 1687/1687/1687
f 1691/1691/1691 1696/1696/1696 1690/1690/1690
f 1696/1696/1696 1694/1694/1694 1690/1690/1690
f 1695/1695/1695 1696/1696/1696 1691/1691/1691
f 1693/1693/1693 1697/1697/1697 1692/1692/1692
f 1694/1694/1694 1698/1698/1698 1693/1693/1693
f 1698/1698/1698 1697/1697/1697 1693/1693/1693
f 1696/1696/1696 1699/1699/1699 1694/1694/1694
f 1699/1699/1699 1698/1698/1698 1694/1694/1694
f 1695/1695/1695 1700/1700/1700 1696/1696/1696
f 1700/1700/1700 1699/1699/1699 1696/1696/1696
f 1692/1692/1692 1701/1701/1701 1695/1695/1695
f 1697/1697/1697 1701/1701/1701 1692/1692/1692
f 1701/1701/1701 1700/1700/1700 1695/1695/1695
f 1698/1698/1698 1702/1702/1702 1697/1697/1697
f 1699/1699/1699 1703/1703/1703 1698/1698/1698
f 1703/1703/1703 1702/1702/1702 1698/1698/1698
f 1700/1700/1700 1704/1704/1704 1699/1699/1699
f 1704/1704/1704 1703/1703/1703 1699/1699/1699
f 1701/1701/1701 1705/1705/1705 1700/1700/1700
f 1705/1705/1705 1704/1704/1704 1700/1700/1700
f 1697/1697/1697 1706/1706/1706 1701/1701/1701
f 1702/1702/1702 1706/1706/1706 1697/1697/1697
f 1706/1706/1706 1705/1705/1705 1701/1701/1701
f 1704/1704/1704 1707/1707/1707 1703/1703/1703
f 1703/1703/1703 1708/1708/1708 1702/1702/1702
f 1707/1707/1707 1708/1708/1708 1703/1703/1703
f 1705/1705/1705 1709/1709/1709 1704/1704/1704
f 1709/1709/1709 1707/1707/1707 1704/1704/1704
f 1706/1706/1706 1710/1710/1710 1705/1705/1705
f 1710/1710/1710 1709/1709/1709 1705/1705/1705
f 1702/1702/1702 1711/1711/1711 1706/1706/1706
f 1708/1708/1708 1711/1711/1711 1702/1702/1702
f 1711/1711/1711 1710/1710/1710 1706/1706/1706
f 1707/1707/1707 1712/1712/1712 1708/1708/1708
f 1709/1709/1709 1713/1713/1713 1707/1707/1707
f 1713/1713/1713 1712/1712/1712 1707/1707/1707
f 1710/1710/1710 1714/1714/1714 1709/1709/1709
f 1714/1714/1714 1713/1713/1713 1709/1709/1709
f 1711/1711/1711 1715/1715/1715 1710/1710/1710
f 1715/1715/1715 1714/1714/1714 1710/1710/1710
f 1708/1708/1708 1716/1716/1716 1711/1711/1711
f 1712/1712/1712 1716/1716/1716 1708/1708/1708
f 1716/1716/1716 1715/1715/1715 1711/1711/1711
f 1713/1713/1713 1717/1717/1717 1712/1712/1712
f 1714/1714/1714 1718/1718/1718 1713/1713/1713
f 1718/1718/1718 1717/1717/1717 1713/1713/1713
f 1715/1715/1715 1719/1719/1719 1714/1714/1714
f 1719/1719/1719 1718/1718/1718 1714/1714/1714
f 1712/1712/1712 1720/1720/1720 1716/1716/1716
f 1717/1717/1717 1720/1720/1720 1712/1712/1712
f 1716/1716/1716 1721/1721/1721 1715/1715/1715
f 1721/1721/1721 1719/1719/1719 1715/1715/1715
f 1720/1720/1720 1721/1721/1721 1716/1716/1716
f 1718/1718/1718 1722/1722/1722 1717/1717/1717
f 1719/1719/1719 1723/1723/1723 1718/1718/1718
f 1723/1723/1723 1722/1722/1722 1718/1718/1718
f 1721/1721/1721 1724/1724/1724 1719/1719/1719
f 1724/1724/1724 1723/1723/1723 1719/1719/1719
f 1720/1720/1720 1725/1725/1725 1721/1721/1721
f 1725/1725/1725 1724/1724/1724 1721/1721/1721
f 1717/1717/1717 1726/1726/1726 1720/1720/1720
f 1722/1722/1722 1726/1726/1726 1717/1717/1717
f 1726/1726/1726 1725/1725/1725 1720/1720/1720
f 1723/1723/1723 1727/1727/1727 1722/1722/1722
f 1724/1724/1724 1728/1728/1728 1723/1723/1723
f 1728/1728/1728 1727/1727/1727 1723/1723/1723
f 1725/1725/1725 1729/1729/1729 1724/1724/1724
f 1729/1729/1729 1728/1728/1728 1724/1724/1724
f 1726/1726/1726 1730/1730/1730 1725/1725/1725
f 1730/1730/1730 1729/1729/1729 1725/1725/1725
f 1722/1722/1722 1731/1731/1731 1726/1726/1726
f 1727/1727/1727 1731/1731/1731 1722/1722/1722
f 1731/1731/1731 1730/1730/1730 1726/1726/1726
f 1729/1729/1729 1732/1732/1732 1728/1728/1728
f 1728/1728/1728 1733/1733/1733 1727/1727/1727
f 1732/1732/1732 1733/1733/1733 1728/1728/1728
f 1730/1730/1730 1734/1734/1734 1729/1729/1729
f 1734/1734/1734 1732/1732/1732 1729/1729/1729
f 1731/1731/1731 1735/1735/1735 1730/1730/1730
f 1735/1735/1735 1734/1734/1734 1730/1730/1730
f 1727/1727/1727 1736/1736/1736 1731/1731/1731
f 1733/1733/1733 1736/1736/1736 1727/1727/1727
f 1736/1736/1736 1735/1735/1735 1731/1731/1731
f 1732/1732/1732 1737/1737/1737 1733/1733/1733
f 1734/1734/1734 1738/1738/1738 1732/1732/1732
f 1738/1738/1738 1737/1737/1737 1732/1732/1732
f 1735/1735/1735 1739/1739/1739 1734/1734/1734
f 1739/1739/1739 1738/1738/1738 1734/1734/1734
f 1736/1736/1736 1740/1740/1740 1735/1735/1735
f 1740/1740/1740 1739/1739/1739 1735/1735/1735
f 1733/1733/1733 1741/1741/1741 1736/1736/1736
f 1737/1737/1737 1741/1741/1741 1733/1733/1733
f 1741/1741/1741 1740/1740/1740 1736/1736/1736
f 1738/1738/1738 1742/1742/1742 1737/1737/1737
f 1739/1739/1739 1743/1743/1743 1738/1738/1738
f 1743/1743/1743 1742/1742/1742 1738/1738/1738
f 1740/1740/1740 1744/1744/1744 1739/1739/1739
f 1744/1744/1744 1743/1743/1743 1739/1739/1739
f 1737/1737/1737 1745/1745/1745 1741/1741/1741
f 1742/1742/1742 1745/1745/1745 1737/1737/1737
f 1741/1741/1741 1746/1746/1746 1740/1740/1740
f 1746/1746/1746 1744/1744/1744 1740/1740/1740
f 1745/1745/1745 1746/1746/1746 1741/1741/1741
f 1743/1743/1743 1747/1747/1747 1742/1742/1742
f 1747/1747/1747 1748/1748/1748 1742/1742/1742
f 1742/1742/1742 1748/1748/1748 1745/1745/1745
f 1749/1749/1749 1747/1747/1747 1743/1743/1743
f 1744/1744/1744 1749/1749/1749 1743/1743/1743
f 1748/1748/1748 1750/1750/1750 1745/1745/1745
f 1745/1745/1745 1750/1750/1750 1746/1746/1746
f 1751/1751/1751 1749/1749/1749 1744/1744/1744
f 1750/1750/1750 1751/1751/1751 1746/1746/1746
f 1746/1746/1746 1751/1751/1751 1744/1744/1744
f 1754/1754/1754 1753/1753/1753 1752/1752/1752
f 1755/1755/1755 1754/1754/1754 1752/1752/1752
f 1755/1755/1755 1752/1752/1752 1756/1756/1756
f 1754/1754/1754 1757/1757/1757 1753/1753/1753
f 1757/1757/1757 1758/1758/1758 1753/1753/1753
f 1759/1759/1759 1755/1755/1755 1756/1756/1756
f 1759/1759/1759 1756/1756/1756 1760/1760/1760
f 1761/1761/1761 1760/1760/1760 1758/1758/1758
f 1757/1757/1757 1761/1761/1761 1758/1758/1758
f 1761/1761/1761 1759/1759/1759 1760/1760/1760
f 1762/1762/1762 1754/1754/1754 1755/1755/1755
f 1763/1763/1763 1757/1757/1757 1754/1754/1754
f 1762/1762/1762 1763/1763/1763 1754/1754/1754
f 1763/1763/1763 1764/1764/1764 1757/1757/1757
f 1764/1764/1764 1761/1761/1761 1757/1757/1757
f 1764/1764/1764 1763/1763/1763 1762/1762/1762
f 1764/1764/1764 1765/1765/1765 1761/1761/1761
f 1765/1765/1765 1759/1759/1759 1761/1761/1761
f 1765/1765/1765 1764/1764/1764 1762/1762/1762
f 1766/1766/1766 1762/1762/1762 1755/1755/1755
f 1766/1766/1766 1755/1755/1755 1759/1759/1759
f 1765/1765/1765 1766/1766/1766 1759/1759/1759
f 1762/1762/1762 1766/1766/1766 1765/1765/1765
f 1769/1769/1769 1768/1768/1768 1767/1767/1767
f 1770/1770/1770 1769/1769/1769 1767/1767/1767
f 1770/1770/1770 1767/1767/1767 1771/1771/1771
f 1769/1769/1769 1772/1772/1772 1768/1768/1768
f 1772/1772/1772 1773/1773/1773 1768/1768/1768
f 1774/1774/1774 1770/1770/1770 1771/1771/1771
f 1774/1774/1774 1771/1771/1771 1775/1775/1775
f 1776/1776/1776 1775/1775/1775 1773/1773/1773
f 1772/1772/1772 1776/1776/1776 1773/1773/1773
f 1776/1776/1776 1774/1774/1774 1775/1775/1775
f 1777/1777/1777 1769/1769/1769 1770/1770/1770
f 1778/1778/1778 1772/1772/1772 1769/1769/1769
f 1777/1777/1777 1778/1778/1778 1769/1769/1769
f 1778/1778/1778 1779/1779/1779 1772/1772/1772
f 1779/1779/1779 1776/1776/1776 1772/1772/1772
f 1779/1779/1779 1778/1778/1778 1777/1777/1777
f 1779/1779/1779 1780/1780/1780 1776/1776/1776
f 1780/1780/1780 1774/1774/1774 1776/1776/1776
f 1780/1780/1780 1779/1779/1779 1777/1777/1777
f 1781/1781/1781 1777/1777/1777 1770/1770/1770
f 1781/1781/1781 1770/1770/1770 1774/1774/1774
f 1780/1780/1780 1781/1781/1781 1774/1774/1774
f 1777/1777/1777 1781/1781/1781 1780/1780/1780
