# Meridian TE tube mesh
v 4.038499279018781e-06 0.19350832694622805 0.008811704795439149
v 0.000702038499279023 0.193385183946228 0.009750500395439149
v 0.0004569444992790217 0.004360138946227998 -0.023225985504560856
v -0.00024107050072097458 0.0045236349462279835 -0.024157695504560858
v 0.0006880384992790228 0.19363117194622803 0.007862605195439146
v 0.0008322294992790247 0.35981942694622804 0.02154251939543915
v 0.0004429444992790216 0.00468713094622808 -0.025099694704560846
v 0.001510255499279023 0.35983250994622806 0.02056472039543915
v 0.0008462144992790188 0.37936517594622804 0.02336499839543915
v 0.0018087324992790282 0.19358384594622802 0.008214808995439152
v 0.001563638499279027 0.0046246049462280725 -0.024750188004560858
v 0.0026326324992790168 0.35982747394622805 0.020886786395439144
v -0.00024107050072097458 0.0045236349462279835 -0.024157695504560858
v 0.0015722434992790218 0.0044226649462280054 -0.02359208460456086
v 0.0004569444992790217 0.004360138946227998 -0.023225985504560856
v 0.0015372034992790218 0.37934717494622805 0.022413596395439148
v 0.0026552154992790233 0.379353880946228 0.022777006395439142
v 0.006004825199279029 0.398895397946228 0.022467523395439143
v 0.006694905499279022 0.39882482594622803 0.021513417395439147
v 0.013345792899279021 0.41809312994622805 0.020385757395439144
v 0.014028854699279017 0.41797022494622804 0.019416950395439142
v 0.007813185499279021 0.39872774494622804 0.02187163339543914
v 0.014044336999279025 0.41796697694622803 0.021321751395439154
v 0.006696678699279021 0.398841768946228 0.023415476395439144
v 0.01951652019927902 0.43721219894622804 0.01891498239543915
v 0.020218804499279028 0.43701501194622805 0.01984337739543915
v 0.015159048099279024 0.41776621294622807 0.020931512395439153
v 0.006696678699279021 0.398841768946228 0.023415476395439144
v 0.007814288099279018 0.39873833994622804 0.023047156395439153
v 0.0015372034992790218 0.379382878946228 0.024316407395439152
v 0.0026552154992790233 0.37937615794622803 0.023952998395439143
v 0.0026552154992790233 0.379353880946228 0.022777006395439142
v 0.015149511399279017 0.417768150946228 0.019754245395439143
v 0.021331898899279028 0.436718493946228 0.01943987639543915
v 0.02131765339927902 0.436732381946228 0.01826198439543915
v 0.02019569279927902 0.437037482946228 0.017937570395439154
v 0.02329429239927902 0.446502849946228 0.019106999395439153
v 0.022590175299279022 0.446735396946228 0.018182389395439147
v 0.024406582099279026 0.446158617946228 0.018696896395439144
v 0.023267380899279017 0.446534901946228 0.017200701395439152
v 0.024389989699279024 0.446178450946228 0.017518691395439143
v 0.038243919599279017 0.46056875594622804 0.01240286939543915
v 0.03760612009927902 0.460887968946228 0.01146746439543915
v 0.03914851699927903 0.45992147894622804 0.012022063395439153
v 0.03811662639927903 0.460438444946228 0.010508664395439155
v 0.039069823899279016 0.45984090894622803 0.01085137539543915
v 0.059029012899279025 0.488541468946228 0.004753425695439142
v 0.05831831689927902 0.48874288094622803 0.003837257595439153
v 0.05994829909927902 0.48786996294622803 0.004361055795439148
v 0.05879827219927902 0.48819658194622806 0.002878658495439154
v 0.059805713599279026 0.487656726946228 0.003202505395439148
v 0.07454068769927902 0.517332471946228 -0.008782520904560859
v 0.07376632089927902 0.517418995546228 -0.009695321304560856
v 0.07544592399927902 0.516654491446228 -0.00915928930456085
v 0.07420291379927901 0.516810283046228 -0.010614864504560853
v 0.07524275409927902 0.516330122946228 -0.010290995204560852
v 0.08596864159927903 0.545530412346228 -0.027439594304560846
v 0.08514176869927903 0.545530945046228 -0.028300292804560853
v 0.08685227859927902 0.544845290446228 -0.027803085704560845
v 0.08551446529927903 0.544845748646228 -0.029197711504560853
v 0.08657166919927903 0.544422548246228 -0.028888601804560855
v 0.08991648259927902 0.5570231005462281 -0.037241611604560854
v 0.08905625899927902 0.556954283246228 -0.037982102504560855
v 0.09080137779927902 0.556343704446228 -0.03762992470456085
v 0.08938500839927901 0.556193862146228 -0.03888687490456085
v 0.09045877959927902 0.555835206046228 -0.03864527120456085
v 0.09350357479927902 0.565739873846228 -0.04421748220456085
v 0.09260408859927902 0.565587591346228 -0.044926628504560855
v 0.09436425659927902 0.565034117546228 -0.044601276504560854
v 0.09288063549927902 0.564801346546228 -0.045753445504560855
v 0.09396555459927902 0.564457755546228 -0.04554900530456085
v 0.09760098903927902 0.573891043646228 -0.05151760950456085
v 0.09840179886927902 0.5731318816462281 -0.05193713680456085
v 0.09661665465927902 0.573690887546228 -0.05219076950456085
v 0.09789905976927903 0.572517296346228 -0.05281714720456085
v 0.09679535403927902 0.572896629546228 -0.05294533070456085
v 0.414024494499279 -0.09460794905377201 -0.000725001104560849
v 0.41418256649927904 -0.09394371505377197 0.00023198869543915313
v 0.415064834499279 -0.09473013905377192 -0.001258410504560853
v 0.415866218499279 -0.09414148305377201 -0.0006309971045608542
v 0.41532086549927905 -0.09365546705377192 0.0002900957954391492
v 0.412603072499279 -0.08548629305377198 -0.0039786026045608575
v 0.413136206499279 -0.08591777105377196 -0.0049357042045608535
v 0.415064834499279 -0.09473013905377192 -0.001258410504560853
v 0.411467812499279 -0.08578789205377202 -0.004028007404560857
v 0.41418256649927904 -0.09394371505377197 0.00023198869543915313
v 0.41233053049927904 -0.08648592205377192 -0.0055764094045608475
v 0.414024494499279 -0.09460794905377201 -0.000725001104560849
v 0.411299340499279 -0.08640575405377193 -0.005015410504560849
v 0.40956761649927903 -0.08012050405377202 -0.006643049404560855
v 0.41069524749927905 -0.07978987705377194 -0.006608940704560848
v 0.411203376499279 -0.08012580905377198 -0.007615253304560851
v 0.410389773499279 -0.08066409805377195 -0.008271247104560855
v 0.409378729499279 -0.08066082005377195 -0.007670447204560851
v 0.40753804849927905 -0.07356357605377195 -0.010009229204560849
v 0.408655606499279 -0.07319903405377193 -0.009990036504560845
v 0.409144811499279 -0.07347059205377193 -0.011024333504560849
v 0.40832938949927905 -0.07400292205377201 -0.011682830704560845
v 0.407336346499279 -0.07406044005377199 -0.011055432304560853
v 0.404893063499279 -0.06457132105377195 -0.014040485004560857
v 0.405995659499279 -0.064162433053772 -0.014038883104560848
v 0.40647020149927904 -0.06439232805377193 -0.015089683204560847
v 0.405660890499279 -0.06494331405377196 -0.015740692604560846
v 0.404686145499279 -0.06505394005377196 -0.01509228350456085
v 0.401418589499279 -0.05626583105377192 -0.016523644304560853
v 0.40249466149927904 -0.055790901053771935 -0.01654744890456085
v 0.40296035249927903 -0.05599921905377192 -0.017606541504560855
v 0.402172081499279 -0.05660289505377192 -0.018237352404560855
v 0.401219002499279 -0.05676758305377194 -0.01756814120456085
v 0.398226313499279 -0.05012172505377199 -0.018699385204560853
v 0.39924528449927904 -0.049533009053772004 -0.01877039670456085
v 0.39971189949927904 -0.04974472505377192 -0.019828401504560847
v 0.398981623499279 -0.05046427205377202 -0.020411290204560853
v 0.39806335449927904 -0.05069726705377198 -0.019713603004560848
v 0.394678704499279 -0.04501211605377198 -0.020473994304560858
v 0.395717523499279 -0.04445171405377202 -0.02053699640456086
v 0.396266244499279 -0.04478579805377192 -0.021532699504560854
v 0.39556648549927903 -0.045552731053772 -0.022085093004560852
v 0.39458533349927905 -0.04569268205377197 -0.021430701004560848
v 0.394239567499279 -0.043975770053771956 -0.021267309804560847
v 0.39536871749927904 -0.043626547053772 -0.02117519080456086
v 0.395981810499279 -0.04412704705377202 -0.022047005604560854
v 0.39523168649927903 -0.04478555905377202 -0.02267780150456085
v 0.394154720499279 -0.04469209905377203 -0.022195890504560847
v 0.39410497949927903 -0.04233306605377196 -0.022462293504560846
v 0.395247571499279 -0.042143822053771984 -0.022256396704560852
v 0.395862482499279 -0.04269027705377193 -0.023096106904560848
v 0.39510016849927904 -0.043217242053771976 -0.02382098880456085
v 0.39401372549927904 -0.04299646605377194 -0.023429304404560855
v 0.394091866499279 -0.040042579053771954 -0.023921892004560852
v 0.395234756499279 -0.03989857405377195 -0.023687906604560854
v 0.395849071499279 -0.040402591053771975 -0.02455509450456085
v 0.39508550649927904 -0.040858090053771945 -0.02532509710456085
v 0.393999390499279 -0.04063558605377193 -0.024933703204560856
v 0.39407231649927904 -0.037010193053771956 -0.025732547004560846
v 0.395215533499279 -0.03687006205377197 -0.025496847904560846
v 0.395828925499279 -0.03729546105377202 -0.026406228504560855
v 0.395065061499279 -0.03769856705377195 -0.02720404420456085
v 0.39397924349927904 -0.03752231605377199 -0.026787750404560856
v 0.393927060499279 -0.03318369405377197 -0.027581080804560856
v 0.39506965149927903 -0.033026338053771975 -0.027352981304560847
v 0.395679078499279 -0.03335207705377197 -0.028305679604560846
v 0.394913099499279 -0.033710658053771936 -0.02912257980456085
v 0.39383032149927905 -0.03360658905377201 -0.02867477390456085
v 0.393535517499279 -0.028519392053771964 -0.028983507304560854
v 0.39467536649927903 -0.028331757053772 -0.028765495904560852
v 0.39527534649927903 -0.02854424705377201 -0.02975580100456085
v 0.394505999499279 -0.028863132053772 -0.03058590370456085
v 0.39343085149927903 -0.028847754053771935 -0.030108489104560855
v 0.39319612849927904 -0.022960424053771966 -0.030945546904560854
v 0.394328944499279 -0.02271765505377199 -0.030741252004560855
v 0.394915483499279 -0.022836864053771944 -0.03175365550456085
v 0.394145242499279 -0.023153305053772 -0.03258375080456085
v 0.39308261149927903 -0.023229659053771945 -0.03208434950456085
v 0.392086826499279 -0.01626128005377192 -0.032637603604560854
v 0.393204681499279 -0.015947759053771993 -0.03244832530456085
v 0.39378266749927904 -0.01603007305377202 -0.033468503504560855
v 0.39302249949927903 -0.016394377053772002 -0.03428851440456085
v 0.39197420349927903 -0.016537249053771963 -0.033774916104560855
v 0.38996737449927904 -0.008535683053771947 -0.034433353704560854
v 0.39107149049927903 -0.008172750053771938 -0.034255575404560853
v 0.39164920849927903 -0.008252978053772009 -0.03527627510456085
v 0.390902124499279 -0.008665502053771923 -0.03608497600456085
v 0.389862708499279 -0.008840203053771978 -0.03556395320456085
v 0.38833560749927903 6.580394622801577e-05 -0.035806845904560854
v 0.389445327499279 0.00045579694622799316 -0.03562861310456085
v 0.390035115499279 0.00037294594622805377 -0.036642514204560855
v 0.389298133499279 -6.532705377193526e-05 -0.037443604304560854
v 0.38825380049927904 -0.0002530220537719785 -0.036924000804560854
v 0.387021385499279 0.008927225946228079 -0.03723851960456085
v 0.388127438499279 0.00932145094622805 -0.03706260030456085
v 0.38873209849927903 0.009227871946227983 -0.038067653804560855
v 0.38799723249927903 0.008775114946228069 -0.03886583450456085
v 0.38694559749927904 0.008591174946228075 -0.03835069760456085
v 0.385858111499279 0.01743870994622798 -0.039613999404560854
v 0.386963628499279 0.017818986946228077 -0.03943670170456085
v 0.387579493499279 0.01770126794622806 -0.04043279590456085
v 0.386834464499279 0.017241119946228012 -0.041235651804560854
v 0.38578929749927904 0.017085492946228076 -0.04072036220456085
v 0.385621361499279 0.025128602946227985 -0.042767074004560854
v 0.386731587499279 0.025468587946227972 -0.042581185704560855
v 0.38733645549927903 0.025296210946228026 -0.04357487710456085
v 0.386600069499279 0.024849712946228064 -0.04437508430456085
v 0.38553988149927904 0.024746119946227996 -0.04387577620456085
v 0.384192042499279 0.031126498946227987 -0.04539575050456085
v 0.38531508249927904 0.03140848894622805 -0.04518995060456085
v 0.38593184249927903 0.031181156946228028 -0.04616494100456085
v 0.385189972499279 0.030758559946228003 -0.046973243404560855
v 0.38411482449927903 0.030724942946228073 -0.04649784790456085
v 0.382935069499279 0.037664711946228 -0.04798039790456085
v 0.38406421949927905 0.037907301946228045 -0.04776059840456085
v 0.38468494249927904 0.037654220946228056 -0.04872640220456085
v 0.38393937749927903 0.037255107946227994 -0.04954309020456085
v 0.38285785149927903 0.03726160494622799 -0.049081970004560854
v 0.38076891749927905 0.04386514394622798 -0.05071538310456085
v 0.38189928949927904 0.04409748294622806 -0.05049194770456085
v 0.38252031049927904 0.04384213694622807 -0.05145687980456085
v 0.381773553499279 0.043451845946227974 -0.05227665980456085
v 0.38069110349927904 0.043466090946228 -0.05181836340456085
v 0.37884860449927904 0.05008834594622802 -0.05282111470456085
v 0.379978977499279 0.050323247946228 -0.052598603104560854
v 0.380607984499279 0.050065993946228016 -0.05355806650456085
v 0.37986212249927903 0.04967021894622803 -0.054375976304560855
v 0.378779374499279 0.04968571694622803 -0.05391809340456085
v 0.37648769449927905 0.056275665946228015 -0.055107943704560854
v 0.377615623499279 0.05652558794622797 -0.05489092690456085
v 0.378247402499279 0.05626171794622803 -0.05584700780456085
v 0.37750937749927904 0.05584853894622799 -0.05665541440456085
v 0.376422457499279 0.05585735994622798 -0.05619822810456085
v 0.37452059249927905 0.06239318894622803 -0.05745191130456085
v 0.375638656499279 0.06266838294622801 -0.05724810810456085
v 0.376274161499279 0.062395870946228005 -0.05819956590456085
v 0.375547252499279 0.06195163694622807 -0.05899211390456085
v 0.37446691849927904 0.061951279946228066 -0.05852828550456085
v 0.372429691499279 0.06850427394622804 -0.05984792110456085
v 0.37354602649927904 0.06882095294622803 -0.05965783070456085
v 0.37417223349927903 0.06853282494622803 -0.060610130404560855
v 0.37344317849927905 0.06803792694622801 -0.06138863970456085
v 0.37236621249927904 0.06802022494622806 -0.060917519004560855
v 0.37115397349927903 0.074223637946228 -0.06202814540456085
v 0.372255049499279 0.07460534594622803 -0.061867965404560854
v 0.372881256499279 0.07431852794622806 -0.06282064320456085
v 0.372167162499279 0.073759495946228 -0.06356973570456086
v 0.37109934549927903 0.07370084494622797 -0.06307992340456085
v 0.370081000499279 0.07777291494622807 -0.06405486540456085
v 0.371152184499279 0.07824772594622798 -0.06394119560456085
v 0.37176986749927904 0.07798820694622799 -0.06490749680456084
v 0.371080450499279 0.07735300094622799 -0.06561839390456085
v 0.37003677349927905 0.07721996294622802 -0.06509139390456085
v 0.368741445499279 0.08068656894622805 -0.06584054790456086
v 0.369770787499279 0.08125269394622803 -0.06577542610456086
v 0.370372615499279 0.08102810394622806 -0.06676022890456085
v 0.369714967499279 0.08032315994622807 -0.06743401850456085
v 0.368706665499279 0.08011203994622806 -0.06686562860456086
v 0.367208592499279 0.08346676794622798 -0.06770531460456085
v 0.368196748499279 0.08410412094622799 -0.06767979450456085
v 0.368782989499279 0.08390665094622807 -0.06867970340456085
v 0.368156753499279 0.08314722794622798 -0.06932320450456085
v 0.36718385649927904 0.08287531094622802 -0.06872109320456085
v 0.365291886499279 0.08617615694622804 -0.06967562620456086
v 0.366241090499279 0.08686679594622804 -0.06967270750456085
v 0.36681293649927904 0.08668953194622808 -0.07068324830456085
v 0.366217099499279 0.08588927994622808 -0.07131045680456086
v 0.365277342499279 0.085571944946228 -0.07068840790456085
v 0.36346589749927904 0.08870083094622805 -0.07110558820456085
v 0.364378504499279 0.089429258946228 -0.07109959980456085
v 0.36493938449927904 0.08926546594622797 -0.07211747950456085
v 0.364373616499279 0.08843606694622808 -0.07275249810456086
v 0.36346318549927903 0.08808690294622801 -0.07212765140456084
v 0.36253573749927903 0.092197179946228 -0.07271241960456085
v 0.363060139499279 0.09207868594622803 -0.07377023060456085
v 0.36292850249927905 0.09072875994622798 -0.07403441330456086
v 0.36232646549927905 0.09001213294622801 -0.07314895090456085
v 0.362082801499279 0.09091985194622798 -0.07232948210456086
v 0.354827143499279 0.08913606394622797 -0.07604820090456085
v 0.355478547499279 0.08904021994622802 -0.07709594070456086
v 0.353798545499279 0.08769082994622801 -0.07549867030456085
v 0.35485029949927904 0.08753633494622803 -0.07718689740456085
v 0.353826440499279 0.08669912794622803 -0.07623887900456085
v 0.35546954749927906 0.099915921946228 -0.07970457900456085
v 0.35657983249927905 0.10022145494622803 -0.07946341390456085
v 0.357244603499279 0.09996634694622802 -0.08040016980456086
v 0.35654532149927903 0.09950324894622803 -0.08122017700456086
v 0.35545103949927903 0.09947141994622805 -0.08079720380456085
v 0.355860196499279 0.10976469494622804 -0.08265245240456084
v 0.356960587499279 0.11010116294622802 -0.08241378609456085
v 0.35762279449927903 0.10984113794622802 -0.08333795378456085
v 0.356931649499279 0.10934373694622801 -0.08414787147456085
v 0.355842135499279 0.10929647094622802 -0.08372392505456085
v 0.35167857249927903 0.11768439394622804 -0.08781273663456085
v 0.35277079749927903 0.11806246594622805 -0.08759713009456085
v 0.35343822049927903 0.11779352994622805 -0.08852677163456085
v 0.352758593499279 0.11724910094622804 -0.08931687183456086
v 0.351670943499279 0.117181717946228 -0.08887566393456085
v 0.347541995499279 0.12732538594622805 -0.09311548993456085
v 0.348622001499279 0.12774905594622804 -0.09292231372456085
v 0.34929155549927904 0.127471327946228 -0.09384760679456085
v 0.348625980499279 0.126876085946228 -0.09461268247456085
v 0.34754473749927906 0.12678590394622802 -0.09416018310456085
v 0.34237860849927904 0.13726931794622804 -0.09876833716456085
v 0.343444578499279 0.137735694946228 -0.09859827812456085
v 0.344117186499279 0.13744968194622803 -0.09951899293456085
v 0.343466855499279 0.136806517946228 -0.10025812871456086
v 0.34239233249927903 0.13669496794622804 -0.09979410935456084
v 0.336781494499279 0.14942803994622805 -0.10555181280456086
v 0.33783342649927905 0.14993190794622802 -0.10540395510456085
v 0.338508792499279 0.14963865294622802 -0.10632039790456085
v 0.33787401749927903 0.14895334794622805 -0.10703481550456086
v 0.33680651349927904 0.148823350946228 -0.10655980840456085
v 0.330077014499279 0.16380420294622805 -0.11310296690456086
v 0.331110946499279 0.16435196994622803 -0.11298227120456085
v 0.33177316949927904 0.16409075294622805 -0.11391855030456086
v 0.331149093499279 0.16338136794622804 -0.11461793630456085
v 0.33010081249927903 0.16320422294622805 -0.11411384310456085
v 0.32457759249927903 0.175691246946228 -0.11956222350456086
v 0.32558313749927903 0.17629474394622802 -0.11947318720456085
v 0.326200820499279 0.17612260594622803 -0.12046081390456086
v 0.325577042499279 0.175412773946228 -0.12116012350456085
v 0.324573926499279 0.17514604294622804 -0.12060470320456085
v 0.31669970649927903 0.18917700694622802 -0.12677425150456084
v 0.317675955499279 0.18982887294622802 -0.12670774380456085
v 0.31823901049927905 0.189747213946228 -0.12773746250456086
v 0.31761065849927905 0.18904501194622803 -0.12844035770456086
v 0.316659428499279 0.18869253994622803 -0.12784503770456085
v 0.306557767499279 0.20405790194622803 -0.13433986530456085
v 0.30751264849927906 0.20474180594622804 -0.13428592310456086
v 0.308035425499279 0.204720139946228 -0.13533908500456085
v 0.30740370649927906 0.20402297394622804 -0.13604396580456085
v 0.306490309499279 0.203613727946228 -0.13542636480456086
v 0.29532090549927903 0.21992284094622805 -0.14022557810456085
v 0.296260543499279 0.22062781494622802 -0.14017881080456085
v 0.29675462049927903 0.22064596394622804 -0.14124547690456085
v 0.296120770499279 0.21995213594622803 -0.14195142310456085
v 0.29523453849927905 0.21950522094622804 -0.14132115990456084
v 0.28267533349927904 0.23665338794622803 -0.14607619870456084
v 0.28360489749927903 0.23737177294622802 -0.14603362600456085
v 0.284080214499279 0.23741495594622802 -0.14710784700456087
v 0.28344453149927906 0.23672327394622805 -0.14781463150456087
v 0.28257615149927906 0.23625254594622802 -0.14717681710456085
v 0.26931340249927904 0.25391325394622805 -0.14987761150456086
v 0.27023717049927903 0.25463911894622804 -0.14983702450456085
v 0.27070195249927903 0.254696338946228 -0.15091536190456084
v 0.270065359499279 0.25400572994622805 -0.15162245560456084
v 0.269207052499279 0.253521859946228 -0.15098097550456085
v 0.255604602499279 0.27147620894622804 -0.15160600470456084
v 0.256653808499279 0.272040307946228 -0.15152041990456086
v 0.25712119749927903 0.27209478594622805 -0.15259767320456086
v 0.256360985499279 0.27156409594622805 -0.15334916860456085
v 0.25542347849927904 0.271182000946228 -0.15273622050456084
v 0.250462330499279 0.28540670894622805 -0.15161595870456085
v 0.251577518499279 0.28576743594622805 -0.15151067450456085
v 0.25204809749927903 0.285811990946228 -0.15258703010456084
v 0.25121874349927903 0.285477876946228 -0.15335800870456084
v 0.250243611499279 0.28522878894622805 -0.15275731680456084
v 0.24437261349927902 0.298840075946228 -0.15316229690456085
v 0.24548967949927902 0.29919651194622804 -0.15305670350456085
v 0.24595090049927903 0.29923853294622804 -0.15413411710456085
v 0.245124958499279 0.298909246946228 -0.15490484240456087
v 0.24415292549927903 0.298663675946228 -0.15430396050456086
v 0.23863341649927902 0.31184723994622804 -0.15519496800456084
v 0.239752925499279 0.312196671946228 -0.15508861090456086
v 0.240210063499279 0.312236398946228 -0.15616638210456085
v 0.239378057499279 0.31191238794622805 -0.15693809840456086
v 0.23839914049927902 0.31167092894622805 -0.15633819250456085
v 0.23247424549927903 0.32389178894622805 -0.15646963570456085
v 0.23359654049927903 0.324228912946228 -0.15636198970456083
v 0.23405096649927903 0.32426541994622804 -0.15744084120456087
v 0.23321167349927902 0.323950916946228 -0.15821428600456083
v 0.23223360649927902 0.32371896494622804 -0.15761400760456085
v 0.22631590849927902 0.33584940394622803 -0.15816512700456087
v 0.22744072949927902 0.33617407094622803 -0.15805668380456084
v 0.22789470149927904 0.33620881994622803 -0.15913441030456085
v 0.22705237549927904 0.33590596894622804 -0.15990880880456085
v 0.22607533649927902 0.33568322694622804 -0.15930987150456086
v 0.22116370449927902 0.347295522946228 -0.16113346070456086
v 0.22229531449927903 0.347601323946228 -0.16102313990456085
v 0.22275334549927903 0.34763464294622803 -0.16209433970456086
v 0.22191306249927903 0.347351133946228 -0.16286940870456085
v 0.22092637449927902 0.347140013946228 -0.16227817530456085
v 0.21681258049927904 0.359611227946228 -0.16448726500456085
v 0.21793765549927901 0.359919458946228 -0.16436700520456085
v 0.21837435649927903 0.359988614946228 -0.16542125490456083
v 0.21752558649927903 0.35972478994622803 -0.16619043050456084
v 0.216553777499279 0.359489500946228 -0.16561444850456086
v 0.21319048849927902 0.370091795946228 -0.16649965200456085
v 0.21431042949927903 0.370438858946228 -0.16639384630456083
v 0.21472508449927902 0.370582446946228 -0.16746001690456086
v 0.21386796249927903 0.370325490946228 -0.16822636870456087
v 0.212912343499279 0.370021119946228 -0.16762952510456086
v 0.21087680049927904 0.384644791946228 -0.16702809930456086
v 0.21199163049927902 0.38502122494622804 -0.16693498190456085
v 0.21240285049927904 0.385220199946228 -0.16801290210456085
v 0.21153554349927903 0.38496537494622807 -0.16877246650456085
v 0.21058497549927901 0.38460828394622804 -0.16816426810456087
v 0.208701580499279 0.39890307194622804 -0.16494132580456083
v 0.20981534549927902 0.39929357194622805 -0.16481866690456085
v 0.21020171049927902 0.399534776946228 -0.16582366820456085
v 0.20931991149927903 0.39929322894622804 -0.16656194630456084
v 0.20839270949927902 0.398902952946228 -0.16601298750456084
v 0.20707882949927903 0.415202006946228 -0.16217933590456085
v 0.20819260949927904 0.41557943794622804 -0.16206017880456086
v 0.20858679749927903 0.41582231194622804 -0.16309218850456086
v 0.20772406449927902 0.415596603946228 -0.16384881730456086
v 0.20678856949927904 0.41521227394622806 -0.16328413040456086
v 0.20608626349927903 0.43047368494622806 -0.15846817940456087
v 0.207207329499279 0.43080815694622804 -0.15836060050456086
v 0.20763076049927903 0.430981307946228 -0.15944173190456085
v 0.20677569549927902 0.430754720946228 -0.16021722550456086
v 0.20581752049927904 0.43044023194622805 -0.15961583700456083
v 0.205582670899279 0.44322949694622804 -0.15735363960456084
v 0.20673526049927904 0.44342587894622804 -0.15727235380456084
v 0.20720883449927902 0.443431719946228 -0.15839257840456084
v 0.206351652499279 0.443239032946228 -0.15916783360456085
v 0.20534691959927903 0.44311368494622805 -0.15852745620456085
v 0.20546057819927904 0.45187254294622803 -0.15673700720456085
v 0.206636667499279 0.451975345946228 -0.15666093680456084
v 0.20714327649927902 0.45186692494622804 -0.15778498350456086
v 0.206281885499279 0.45169687294622807 -0.15855789930456085
v 0.20524447409927904 0.451700195946228 -0.15791275350456085
v 0.20568013189927903 0.461405694946228 -0.15820384030456086
v 0.20687159849927902 0.46130922394622803 -0.15809100120456085
v 0.207396425499279 0.46102341994622803 -0.15916986020456086
v 0.20652905849927902 0.460943117946228 -0.15994880350456087
v 0.205469392199279 0.46117903294622803 -0.15935426200456085
v 0.206374540499279 0.46744944194622806 -0.15960507840456084
v 0.20753073649927903 0.46723450694622803 -0.15942929680456086
v 0.20804114649927902 0.46696901294622806 -0.16047254200456085
v 0.20719949149927902 0.46701997494622804 -0.16129089150456086
v 0.20616980649927902 0.467316686946228 -0.16075558960456085
v 0.20710417649927904 0.474368378946228 -0.16048314420456083
v 0.208243079499279 0.47412816394622803 -0.16028596460456085
v 0.20875906949927903 0.47393235594622807 -0.16132009030456085
v 0.207939237499279 0.474051609946228 -0.16215581450456085
v 0.206916019499279 0.47432111194622806 -0.16163808850456085
v 0.207879535499279 0.48040544194622803 -0.16105527430456085
v 0.20901244149927903 0.48015633994622803 -0.16085229810456086
v 0.20953990549927903 0.480016454946228 -0.16188592460456086
v 0.20873383449927901 0.480178847946228 -0.16272801910456086
v 0.20770712949927903 0.48041940494622803 -0.16221385450456086
v 0.20863556849927903 0.48645783994622804 -0.16123824570456086
v 0.20976699149927902 0.48619870794622805 -0.16103538130456085
v 0.210308104499279 0.48611386894622804 -0.16206943240456084
v 0.20951209249927902 0.48632032394622804 -0.16291173550456084
v 0.208478212499279 0.486533030946228 -0.16239751130456087
v 0.20984849349927903 0.499146208146228 -0.16051154580456084
v 0.21098334349927902 0.49891397394622805 -0.16030626000456086
v 0.21154647349927902 0.49894002794622805 -0.16132867340456086
v 0.21075917749927903 0.499188400846228 -0.16216432300456085
v 0.20971103049927903 0.49931588764622803 -0.16165992620456085
v 0.21089198449927904 0.511003933846228 -0.15844359990456086
v 0.21203316749927903 0.5108260139462281 -0.15822888910456084
v 0.21261840349927902 0.510998398046228 -0.15922699870456086
v 0.21183823749927902 0.511282972946228 -0.16005729140456085
v 0.210772089499279 0.511286370446228 -0.15957373380456086
v 0.21131852249927902 0.522213414346228 -0.15572244670456087
v 0.212463334499279 0.522083334646228 -0.15549348290456083
v 0.213061995499279 0.522385768546228 -0.15645576270456085
v 0.212286941499279 0.522702693946228 -0.15727888790456085
v 0.21120923049927903 0.522596187846228 -0.15682580320456085
v 0.21101861449927903 0.532888501846228 -0.15043237430456086
v 0.212163098499279 0.532820142846228 -0.15017409990456085
v 0.21276412149927904 0.533291146146228 -0.15106144550456085
v 0.21199037149927902 0.5336502641462281 -0.15186696870456085
v 0.21091172049927903 0.5334015786462281 -0.15147856250456085
v 0.21010451749927903 0.542663514646228 -0.14414903520456085
v 0.21124221349927902 0.542674195046228 -0.14384614680456084
v 0.21182961749927903 0.543313231346228 -0.14464418220456085
v 0.211054466499279 0.543697144846228 -0.14544038470456086
v 0.20998830349927902 0.5432955324462281 -0.14513429250456084
v 0.20763169249927904 0.551092199946228 -0.13804135840456086
v 0.20873612949927903 0.5512234270462281 -0.13765165210456085
v 0.209287732499279 0.551984839146228 -0.13836057480456085
v 0.208524025499279 0.552324194446228 -0.13918843860456084
v 0.20750047249927903 0.551772437946228 -0.13899129630456086
v 0.20379488919927902 0.558986410546228 -0.13223990050456086
v 0.20483187589927904 0.559250999246228 -0.13174391540456085
v 0.20534106339927902 0.560093589146228 -0.13238814100456087
v 0.20461855829927902 0.560349632046228 -0.13328230750456085
v 0.203662902099279 0.559665426646228 -0.13319075480456086
v 0.19835434849927902 0.5668699778462281 -0.12607170640456083
v 0.199287123999279 0.567270066546228 -0.12546952070456086
v 0.199762739199279 0.568154463546228 -0.12608109040456084
v 0.199123851999279 0.568300949446228 -0.12706131860456085
v 0.19825348999927903 0.567507185046228 -0.12705551830456085
v 0.18812253329927903 0.574749771546228 -0.12105193920456085
v 0.188819535099279 0.575357338446228 -0.12031030470456085
v 0.18926896149927902 0.576263213546228 -0.12091003170456086
v 0.18885138629927903 0.576213622446228 -0.12202368490456085
v 0.18814294039927904 0.575278602546228 -0.12211165200456085
v 0.17625722289927903 0.581204582046228 -0.12030318940456085
v 0.17666523899927902 0.5819834657462281 -0.11950460260456085
v 0.17708361889927904 0.582908568946228 -0.12009846420456086
v 0.17693814639927902 0.582695899546228 -0.12126823140456085
v 0.176427416499279 0.581643385846228 -0.12139488940456085
v 0.16278115659927903 0.587673888546228 -0.12623118980456086
v 0.16294103119927902 0.588546729646228 -0.12545719740456085
v 0.16331860799927903 0.589491515416228 -0.12605270000456087
v 0.16340167449927903 0.589190687986228 -0.12720289830456086
v 0.16306868939927902 0.5880685569462281 -0.12731245900456084
v 0.149551555499279 0.591168952176228 -0.13558746870456084
v 0.149458877699279 0.592094283086228 -0.13490130010456086
v 0.14979929479927903 0.593043646776228 -0.13551336900456085
v 0.15010846409927903 0.592706236986228 -0.13657566900456086
v 0.14995459089927904 0.591547713616228 -0.13662099470456085
v 0.13440504479927903 0.5902906181262281 -0.14558804030456085
v 0.13417418859927902 0.591239790896228 -0.14496039970456084
v 0.13448728989927902 0.5921645881562281 -0.14561327550456085
v 0.134894994999279 0.5918476632762281 -0.14659550410456085
v 0.13484540399927902 0.590684218336228 -0.14658395570456084
v 0.11932793069927902 0.586268858946228 -0.15470263360456085
v 0.11896004159927902 0.587218985846228 -0.15413023530456085
v 0.11923567209927902 0.5881300121462281 -0.15480995180456086
v 0.11974755669927903 0.587843566246228 -0.15572275970456084
v 0.11980679909927902 0.586688513846228 -0.15566327420456086
v 0.10548712224427902 0.582393242046228 -0.16063398120456085
v 0.10516940563727903 0.5833329912462281 -0.16000613570456085
v 0.10544123142627902 0.5842828517462281 -0.16063544900456084
v 0.10591045826727902 0.583983398046228 -0.16160941870456086
v 0.10594046085327902 0.582814536946228 -0.16161265970456085
v 0.09083701579927903 0.579289335746228 -0.16520722960456086
v 0.09126378499927902 0.579720245646228 -0.16620452700456084
v 0.09126718989927902 0.580894446046228 -0.16613811250456084
v 0.09084262419927902 0.5811886750462281 -0.16510058940456085
v 0.09057660589927902 0.580194830846228 -0.16452495010456086
v 0.07470169659927903 0.5776538234462281 -0.16864737870456087
v 0.07490312119927903 0.578117499146228 -0.16970828920456085
v 0.07494424469927902 0.579286703846228 -0.16959796850456085
v 0.07477037979927903 0.579551063446228 -0.16846480970456085
v 0.07462038469927902 0.578541999646228 -0.16787738350456086
v 0.06288555639927902 0.579214453746228 -0.17112740870456083
v 0.06282111629927903 0.578074775646228 -0.17123287170456086
v 0.06265756119927902 0.577582107846228 -0.17014783620456086
v 0.06262353439927902 0.578435454546228 -0.16937012970456083
v 0.06276450309927903 0.579452911346228 -0.16995345800456085
v 0.04972776399927902 0.580117240546228 -0.17105382680456085
v 0.04962457719927902 0.579002814346228 -0.17113550010456086
v 0.04952364039927902 0.578507857446228 -0.17005321380456084
v 0.04957081009927902 0.579303490046228 -0.16931102420456084
v 0.04969822619927902 0.580298896846228 -0.16992438580456085
v 0.034788019999279024 0.583245940546228 -0.16881076250456084
v 0.034649655199279025 0.582155738046228 -0.16889632490456086
v 0.03464346379927902 0.581702781846228 -0.16785720740456084
v 0.03478892889927902 0.582490134946228 -0.16714864220456085
v 0.03488329799927903 0.583423209346228 -0.16774781790456084
v 0.022734962399279024 0.586740851446228 -0.16597925130456087
v 0.02259305859927903 0.585619712246228 -0.16602908820456086
v 0.02264609189927902 0.585226188446228 -0.16498027740456084
v 0.022824816399279024 0.5860867453462281 -0.16429462280456086
v 0.022881001199279022 0.587009483046228 -0.16492017360456085
v 0.01001739499927902 0.589471793736228 -0.16365682330456086
v 0.009858272999279022 0.588314184946228 -0.16369468720456085
v 0.009960800399279018 0.587927909546228 -0.16259796170456087
v 0.010182790499279018 0.588846564246228 -0.16188252720456087
v 0.010218948099279021 0.589804511516228 -0.16253207620456084
v 0.0006057914992790153 0.591141104696228 -0.16230758280456087
v -0.003045521500720974 0.590518278996228 -0.16173341120456086
v -0.0023577365007209777 0.590050864036228 -0.16072236750456087
v 0.0017167704992790273 0.590375113296228 -0.16067171100456085
v 0.003542982499279021 0.5910434490062281 -0.16162846980456086
v 0.008693918599279024 0.593588690736228 -0.16126313810456083
v 0.008324645499279026 0.594210753686228 -0.16033578660456085
v 0.008464083099279027 0.5935181188362281 -0.15940644590456085
v 0.008919730799279019 0.5924672842962281 -0.15976240490456084
v 0.009063698399279022 0.5925096655262281 -0.16090501100456084
v 0.017331756699279027 0.596913924206228 -0.16089174150456087
v 0.016907699399279025 0.5975657034462281 -0.15998961030456085
v 0.01703253389927903 0.596843199806228 -0.15906947110456085
v 0.01753617079927902 0.5957348395562281 -0.15940106660456085
v 0.017729215299279025 0.595759596906228 -0.16052209590456085
v 0.02570085229927903 0.6007072973262281 -0.16101409490456087
v 0.025278203199279023 0.601295752446228 -0.16007945690456085
v 0.025383621499279016 0.600551657616228 -0.15916389970456085
v 0.025873273599279017 0.599498229014228 -0.15953092280456085
v 0.02607085559927902 0.599595541949228 -0.16066899900456086
v 0.03460049629927903 0.604658140796228 -0.16013303400456086
v 0.03414347019927902 0.605193724386228 -0.15915834900456086
v 0.03419063989927902 0.6044209431862281 -0.15826689450456086
v 0.03467587379927903 0.603405356406228 -0.15869054200456084
v 0.034927040299279025 0.603557715196228 -0.15983854980456086
v 0.043486613799279025 0.608443922366228 -0.15820006280456084
v 0.042973883499279025 0.6089635612462281 -0.15724691750456085
v 0.04296736419927902 0.608161597516228 -0.15637224170456085
v 0.04347629469927902 0.607143148776228 -0.15678893770456087
v 0.04379687829927902 0.607320265846228 -0.15791700780456086
v 0.05285112929927902 0.6123629901462281 -0.15525996680456083
v 0.05227248739927902 0.6128653092462281 -0.15434374660456085
v 0.05219334739927902 0.612033896146228 -0.15349346770456085
v 0.05272370579927902 0.611015219246228 -0.15388836710456086
v 0.053130276499279025 0.611221480146228 -0.15497887130456084
v 0.06284214179927902 0.6156914662462281 -0.15088097380456084
v 0.06219376619927902 0.616183981346228 -0.15001564840456086
v 0.061988875299279024 0.615310531146228 -0.14922377090456085
v 0.06251145899927901 0.614275640846228 -0.14960533010456084
v 0.06303879619927902 0.614513449346228 -0.15062919260456087
v 0.07204918559927903 0.6181486658462281 -0.14505423230456085
v 0.07133586329927902 0.618639044446228 -0.14424624290456084
v 0.07101119679927903 0.617735799446228 -0.14353420960456084
v 0.07152453809927903 0.616683973046228 -0.14390571410456085
v 0.07216611499927902 0.616941314146228 -0.14484406260456084
v 0.08006006669927902 0.618816351546228 -0.13774980230456085
v 0.07929444309927902 0.619304709146228 -0.13699573280456084
v 0.07883022729927902 0.6183677427462281 -0.13639748470456087
v 0.07930955479927902 0.617294745546228 -0.13678594310456085
v 0.08006958479927902 0.617574704846228 -0.13762132450456085
v 0.08583392579927902 0.618210805546228 -0.13156236340456084
v 0.08504582009927902 0.6187000405462281 -0.13082860780456085
v 0.08448331429927902 0.617770360746228 -0.13030479100456085
v 0.08492378699927902 0.616703733846228 -0.13071731480456084
v 0.08575851839927902 0.616977704646228 -0.13149415700456085
v 0.09002815749927902 0.616647047946228 -0.12469593810456085
v 0.08924379759927903 0.6171051170462281 -0.12397098170456086
v 0.08856161679927901 0.616159033046228 -0.12359881030456085
v 0.08891973089927901 0.6150830592462281 -0.12411727760456084
v 0.08982767539927902 0.615398000946228 -0.12478550520456086
v 0.09333899989927902 0.613966650346228 -0.11751928180456085
v 0.09256431089927902 0.614438795446228 -0.11676213890456086
v 0.09178451079927902 0.613581633146228 -0.11648494560456085
v 0.09207700289927902 0.612580236946228 -0.11707101580456085
v 0.09303764809927903 0.612819341946228 -0.11770974840456086
v 0.09751963149927902 0.609662528146228 -0.11010544560456086
v 0.09672589785927903 0.610135283346228 -0.10937918540456085
v 0.09583531878927902 0.609378218646228 -0.10927483250456085
v 0.09607824775927902 0.608437857586228 -0.10993634910456085
v 0.09711931738927902 0.6086131809262281 -0.11044977980456086
v 0.10014104330927902 0.605934577066228 -0.10447571520456085
v 0.09932301006927902 0.606454520016228 -0.10378324330456085
v 0.09839128003927902 0.605796484746228 -0.10372811090456086
v 0.09863273147927902 0.604857954666228 -0.10439229760456085
v 0.09971423586927902 0.604944090826228 -0.10485384710456085
v 0.10297214961927902 0.602221770216228 -0.09836213849456085
v 0.10213056066927902 0.602722716286228 -0.09774577897456085
v 0.10116772166927902 0.602077994266228 -0.09777905279456085
v 0.10141575336927902 0.601180586726228 -0.09841562062456086
v 0.10253197163927902 0.601273627256228 -0.09877449786456086
v 0.10596370189127902 0.597576689786228 -0.09235059551456085
v 0.10525129767527902 0.598111968080228 -0.09179231460456085
v 0.10417008853927902 0.597528815266228 -0.09183838666656086
v 0.10455809090927902 0.596645331476228 -0.09249753772456085
v 0.10557931393827902 0.596768393646228 -0.09273398213456086
v 0.10766604868927902 0.5928167104762281 -0.08604787662456086
v 0.10699367965927903 0.5934047461462281 -0.08553038444456085
v 0.10584125012227902 0.5928664542762281 -0.08560209116456086
v 0.10629874677427902 0.591974387406228 -0.08629477350456086
v 0.10729260881927902 0.592071356716228 -0.08644659817456085
v 0.10816310368927902 0.588848968046228 -0.07938524060456086
v 0.10723349055927903 0.589503303166228 -0.07893929350456086
v 0.10618437259127902 0.589018072946228 -0.07924485020456085
v 0.10645880189227902 0.588075270846228 -0.07989181860456085
v 0.10765206778927902 0.587975325946228 -0.07998739560456085
v 0.10741825541927902 0.5857182843462281 -0.07385334370456086
v 0.10654259170427902 0.586515669746228 -0.07342216740456085
v 0.10548154324327902 0.5862141950462281 -0.07379975170456085
v 0.10557973355727902 0.585226188446228 -0.07448110920456086
v 0.10677875962927902 0.584899573546228 -0.07453494890456086
v 0.10573441952417902 0.582812247846228 -0.06836063230456085
v 0.10502814740127903 0.583758750046228 -0.06793135030456085
v 0.10392132261927903 0.583675627646228 -0.06836627420456085
v 0.10387459257927903 0.582655310646228 -0.06908605060456086
v 0.10499789688027902 0.582120567546228 -0.06908788160456085
v 0.10344547731927903 0.580167822546228 -0.06294756750456085
v 0.10286428895927902 0.581197867146228 -0.06256257930456086
v 0.10174231044927902 0.5812292248462281 -0.06309851070456085
v 0.10163008188927902 0.580218559146228 -0.06381472940456084
v 0.10268269036927902 0.5795625075462281 -0.06372143700456084
v 0.10122051694927903 0.5776431802462281 -0.05742273850456085
v 0.10052093956927902 0.578516364146228 -0.05698635800456085
v 0.09944561449927902 0.5783711001462281 -0.05761479210456085
v 0.09948776708927902 0.5775173716462281 -0.05832444880456085
v 0.10058843111927902 0.577023597446228 -0.058248270304560854
v 0.09840179886927902 0.5731318816462281 -0.05193713680456085
v 0.09760098903927902 0.573891043646228 -0.05151760950456085
v 0.09789905976927903 0.572517296346228 -0.05281714720456085
v 0.09661665465927902 0.573690887546228 -0.05219076950456085
v 0.09679535403927902 0.572896629546228 -0.05294533070456085
v 0.03991492839927903 0.739797979946228 0.009207323395439143
v 0.03792651739927902 0.742179572946228 0.011431329395439144
v 0.038164250599279026 0.742738052946228 0.010424517395439148
v 0.03967692699927902 0.7392407359462281 0.010214328395439148
v 0.04238368569927903 0.735335394946228 0.007325820595439153
v 0.03690002109927902 0.741621106946228 0.011303424395439146
v 0.042144142099279025 0.734780281946228 0.008334070395439153
v 0.044520147099279025 0.730789809946228 0.0053423195954391545
v 0.03864501419927903 0.738690807946228 0.010090217395439152
v 0.04427814109927902 0.730239882946228 0.006352826995439154
v 0.045971579899279025 0.726099252946228 0.0031611620954391517
v 0.03650321809927902 0.741834729946228 0.010217629395439146
v 0.03792651739927902 0.742179572946228 0.011431329395439144
v 0.03728454559927902 0.7425250409462281 0.009674318395439155
v 0.038164250599279026 0.742738052946228 0.010424517395439148
v 0.04108487809927902 0.734280705946228 0.008231066195439146
v 0.03824535009927903 0.738909318946228 0.009006425395439152
v 0.03728454559927902 0.7425250409462281 0.009674318395439155
v 0.04572728649927902 0.725557267946228 0.0041752680954391524
v 0.04665263739927902 0.7212793079462281 0.0007757246954391422
v 0.04317665099927902 0.729831560946228 0.006289623695439145
v 0.039030149599279015 0.739593520946228 0.008460722895439143
v 0.038164250599279026 0.742738052946228 0.010424517395439148
v 0.03991492839927903 0.739797979946228 0.009207323395439143
v 0.04066972429927902 0.734527602946228 0.007159225595439148
v 0.04147243499927902 0.735178842946228 0.006599724295439147
v 0.04238368569927903 0.735335394946228 0.007325820595439153
v 0.04640533029927902 0.720759287946228 0.0018007158954391478
v 0.04667922479927902 0.715723275946228 -0.0019308776045608572
v 0.04273784159927903 0.7301287949462281 0.005240030595439149
v 0.043568149199279024 0.7307214439462281 0.004654623595439153
v 0.044520147099279025 0.730789809946228 0.0053423195954391545
v 0.04458129409927902 0.7252951119462281 0.0041802674954391494
v 0.046431843199279024 0.715225234946228 -0.0008952841045608562
v 0.046591144099279024 0.709679573946228 -0.004816673704560848
v 0.044976573399279025 0.726172491946228 0.002539373895439151
v 0.045971579899279025 0.726099252946228 0.0031611620954391517
v 0.044117331499279024 0.725675358946228 0.0031691714954391464
v 0.045236125599279024 0.720658577946228 0.0018849074954391531
v 0.04634353149927902 0.709167494946228 -0.0037876815045608525
v 0.046500850499279024 0.703676767946228 -0.007971972204560848
v 0.04563624779927902 0.721499643946228 0.00022643059543914212
v 0.04665263739927902 0.7212793079462281 0.0007757246954391422
v 0.044760737599279024 0.721116341946228 0.0009120255954391532
v 0.04526233299927902 0.715177624946228 -0.0007850751045608562
v 0.04625243689927902 0.703097544946228 -0.00697827340456085
v 0.04651931299927902 0.698258675646228 -0.011473275704560845
v 0.04566272349927902 0.7159838979462281 -0.002460777804560846
v 0.04667922479927902 0.715723275946228 -0.0019308776045608572
v 0.04478694499927902 0.7156463709462281 -0.0017525777045608454
v 0.04517425219927902 0.7091278209462281 -0.0036737695045608587
v 0.04627143589927902 0.697550669346228 -0.010562583804560849
v 0.046753536899279025 0.693969741446228 -0.015378572004560859
v 0.045574717199279025 0.709956675946228 -0.005338676304560849
v 0.046591144099279024 0.709679573946228 -0.004816673704560848
v 0.04469901699927902 0.709615490946228 -0.004632271804560856
v 0.045082852199279023 0.7030426119462281 -0.006872177104560853
v 0.04651672019927902 0.693060316146228 -0.014651171904560847
v 0.04730212689927902 0.691325083346228 -0.019728571204560855
v 0.045484844599279026 0.7039801179462281 -0.008480079504560853
v 0.046500850499279024 0.703676767946228 -0.007971972204560848
v 0.044608417899279024 0.703588269946228 -0.007800377904560854
v 0.045101925699279025 0.697456069246228 -0.01048167050456085
v 0.047111928499279025 0.690191663846228 -0.019369378704560847
v 0.04826842989927902 0.690766006746228 -0.024650074504560845
v 0.045503154399279024 0.698601700346228 -0.011955276104560847
v 0.04651931299927902 0.698258675646228 -0.011473275704560845
v 0.04462714869927902 0.6981060877462281 -0.011342473304560854
v 0.045350950199279025 0.6928991824462281 -0.014631077604560852
v 0.048164326699279024 0.6895855814462281 -0.02469847350456085
v 0.05095218119927902 0.691739209046228 -0.030225191304560854
v 0.045734133599279025 0.694370739146228 -0.01580807570456086
v 0.046753536899279025 0.693969741446228 -0.015378572004560859
v 0.04486724359927902 0.693709120146228 -0.015346072604560848
v 0.04596221449927902 0.689953625246228 -0.019475676104560857
v 0.050972141299279024 0.690603345646228 -0.030544437504560852
v 0.054166331899279024 0.694263011246228 -0.035143975204560855
v 0.046269945799279025 0.6917871236462281 -0.020056985304560848
v 0.04730212689927902 0.691325083346228 -0.019728571204560855
v 0.04544173929927902 0.6909393444462281 -0.019900672104560854
v 0.047053448899279024 0.689319469046228 -0.024995878304560848
v 0.054334886399279025 0.693243421646228 -0.03570477290456085
v 0.056397128899279024 0.697332009646228 -0.038624797004560854
v 0.047221828299279026 0.691229872446228 -0.02491758020456085
v 0.04826842989927902 0.690766006746228 -0.024650074504560845
v 0.046470828399279025 0.690335705846228 -0.025131277704560848
v 0.04996055359927902 0.690359205046228 -0.03108146790456085
v 0.05669587849927902 0.696479350346228 -0.03938726710456085
v 0.058369260299279024 0.702501765946228 -0.041765149704560856
v 0.04992824049927902 0.692197121646228 -0.03056501220456085
v 0.05095218119927902 0.691739209046228 -0.030225191304560854
v 0.049315363199279025 0.691343933346228 -0.031094245604560852
v 0.05344228449927902 0.693089306346228 -0.03645407780456085
v 0.058771979099279024 0.701882563946228 -0.04269442330456085
v 0.05973363299927902 0.7085368479462281 -0.04349664600456085
v 0.05316953359927902 0.694738782946228 -0.03554673120456085
v 0.054166331899279024 0.694263011246228 -0.035143975204560855
v 0.052721992099279025 0.694013074046228 -0.036356430504560854
v 0.05581549179927902 0.6963520199462281 -0.04015889020456085
v 0.060210958099279024 0.7081949709462281 -0.04452759770456085
v 0.06122941519927902 0.7172300819462281 -0.04364639520456085
v 0.055332045999279024 0.6977311819462281 -0.03892521190456085
v 0.056397128899279024 0.697332009646228 -0.038624797004560854
v 0.054972547999279024 0.697125487046228 -0.03987332430456085
v 0.05791497599927902 0.701835184946228 -0.04350252080456085
v 0.06175614889927902 0.717144026946228 -0.04470241440456085
v 0.06246536969927902 0.7268421349462281 -0.04190102590456085
v 0.05726332219927902 0.702836311946228 -0.041998870704560855
v 0.058369260299279024 0.702501765946228 -0.041765149704560856
v 0.05698252099927902 0.702424555946228 -0.04307251800456085
v 0.05937054379927902 0.708237617946228 -0.04535242540456085
v 0.06301757319927903 0.7269344479462281 -0.042940311104560855
v 0.06323752919927902 0.736339732946228 -0.039049070304560854
v 0.05859824639927902 0.708789839946228 -0.043684318704560854
v 0.05973363299927902 0.7085368479462281 -0.04349664600456085
v 0.058373808899279025 0.7086052819462281 -0.04483109340456085
v 0.06093633169927902 0.717306069946228 -0.04553028570456085
v 0.06380454449927903 0.736608892946228 -0.040043462104560855
v 0.06363883609927902 0.7471331949462281 -0.03561397640456085
v 0.060084138099279025 0.717445000946228 -0.04382152480456085
v 0.06122941519927902 0.7172300819462281 -0.04364639520456085
v 0.05990297719927902 0.7174923049462281 -0.04498584570456085
v 0.06220823899927902 0.727164476946228 -0.04376154390456085
v 0.06420573589927903 0.747413336946228 -0.036605279904560854
v 0.06347804519927902 0.7582385389462281 -0.03274017200456085
v 0.061314780299279024 0.727015092946228 -0.042079828704560854
v 0.06246536969927902 0.7268421349462281 -0.04190102590456085
v 0.06115584079927902 0.727214365946228 -0.04322979970456085
v 0.06300231439927903 0.7369061409462281 -0.040849875704560855
v 0.06404532859927903 0.758452161946228 -0.03374877570456085
v 0.06270663809927902 0.769447639946228 -0.03140737490456085
v 0.06208484249927902 0.736470952946228 -0.03924087430456085
v 0.06323752919927902 0.736339732946228 -0.039049070304560854
v 0.061939425799279024 0.736820682946228 -0.04035387560456085
v 0.06340114029927901 0.7476593109462281 -0.037427481304560854
v 0.06327792629927903 0.769610613946228 -0.03242168200456085
v 0.061899028699279025 0.7773565799462281 -0.030560873404560852
v 0.062483821099279024 0.747207045946228 -0.035823572404560855
v 0.06363883609927902 0.7471331949462281 -0.03561397640456085
v 0.06233691799927902 0.7475317419462281 -0.03694437440456085
v 0.06324214489927901 0.758579104946228 -0.03460147980456085
v 0.062466349499279025 0.777563482946228 -0.03157037870456085
v 0.06100093569927902 0.786522835946228 -0.028814777704560854
v 0.062324140199279024 0.758233651946228 -0.032969474804560854
v 0.06347804519927902 0.7582385389462281 -0.03274017200456085
v 0.062178339799279024 0.7584436089462281 -0.03411987420456085
v 0.06248172369927902 0.7696405199462281 -0.03328638520456085
v 0.061564516299279025 0.7867694199462281 -0.029816575304560854
v 0.06026153269927902 0.796063854946228 -0.026882469604560852
v 0.06155734509927902 0.769376232946228 -0.03164506330456085
v 0.06270663809927902 0.769447639946228 -0.03140737490456085
v 0.061418451399279025 0.769495248946228 -0.032806377904560854
v 0.06166854499927902 0.7776117029462281 -0.032433286304560854
v 0.06082793699927902 0.796276255946228 -0.027891174004560856
v 0.05993972349927902 0.805033579946228 -0.025494277504560847
v 0.06075072659927902 0.777277230946228 -0.030799884304560855
v 0.061899028699279025 0.7773565799462281 -0.030560873404560852
v 0.06060824919927902 0.777434706946228 -0.03195707130456085
v 0.060762133499279024 0.7868664709462281 -0.030670285204560853
v 0.060511052599279025 0.805115982946228 -0.026522882304560846
v 0.060304027099279026 0.8125445689462281 -0.025393873404560854
v 0.05985023079927902 0.7864679099462281 -0.02904928480456085
v 0.06100093569927902 0.786522835946228 -0.028814777704560854
v 0.05970263849927902 0.786680310946228 -0.030196074404560853
v 0.06002494319927902 0.796383067946228 -0.028743177604560854
v 0.060858532799279025 0.812271743946228 -0.026426985904560857
v 0.06103919449927902 0.816496207946228 -0.02688667920456085
v 0.05910854039927902 0.7960394319462281 -0.027111075804560847
v 0.06026153269927902 0.796063854946228 -0.026882469604560852
v 0.05896232279927902 0.796236589946228 -0.028260976104560853
v 0.059709314299279025 0.805192887946228 -0.027379684104560847
v 0.05878493929927902 0.805059819946228 -0.025715276604560855
v 0.05993972349927902 0.805033579946228 -0.025494277504560847
v 0.05864253639927902 0.8051580939462281 -0.026880472904560845
v 0.06005195159927902 0.812239393946228 -0.02728557590456085
v 0.061443038299279024 0.8156457539462281 -0.02769054470456085
v 0.05915473399927902 0.812680065946228 -0.02561387420456085
v 0.060304027099279026 0.8125445689462281 -0.025393873404560854
v 0.058998826899279024 0.812491461946228 -0.026783086404560855
v 0.05993298069927902 0.816796198946228 -0.027172654904560847
v 0.06103919449927902 0.816496207946228 -0.02688667920456085
v 0.06202090899927902 0.8185814769462281 -0.029394101304560855
v 0.060586400299279024 0.815420612946228 -0.02847345170456085
v 0.05965271959927902 0.8161313679462281 -0.028153225804560852
v 0.062206789899279025 0.817424788946228 -0.029813528104560852
v 0.06097677719927902 0.818969279946228 -0.029790211504560855
v 0.06127738949927902 0.817097708946228 -0.03046894820456085
v 0.06051700189927902 0.818052380946228 -0.030454281704560854
v 0.06309603149927903 0.819163217946228 -0.032519966404560854
v 0.06212431559927902 0.8195727619462281 -0.03305137530456085
v 0.061457924499279025 0.818594976946228 -0.033325787604560855
v 0.062017835699279024 0.817580580946228 -0.03296398740456085
v 0.06303023919927903 0.817932143946228 -0.032465972004560854
v 0.06422650809927902 0.817431032946228 -0.03648487480456085
v 0.06387262049927903 0.816450207946228 -0.03585866470456085
v 0.06509301809927903 0.813826307946228 -0.03910207750456085
v 0.06334389369927902 0.817764296946228 -0.03719337280456085
v 0.06422650809927902 0.817431032946228 -0.03648487480456085
v 0.06244462729927902 0.816989749946228 -0.037004984904560854
v 0.06277143209927902 0.816177382946228 -0.036180075304560855
v 0.06460469959927903 0.813229381946228 -0.03819667920456085
v 0.06647595759927902 0.809026494946228 -0.04083227740456085
v 0.06425223869927901 0.814039319946228 -0.03989747540456085
v 0.06509301809927903 0.813826307946228 -0.03910207750456085
v 0.06324432049927903 0.813574224946228 -0.039483584504560854
v 0.06346213819927903 0.8130731289462281 -0.038432363404560854
v 0.06595081089927902 0.808667614946228 -0.03984086590456085
v 0.06639876959927903 0.803585215946228 -0.04214477540456085
v 0.06564513589927902 0.809174209946228 -0.041651077604560854
v 0.06647595759927902 0.809026494946228 -0.04083227740456085
v 0.06460652869927902 0.808905645946228 -0.04116567600456085
v 0.06479542329927902 0.808593153946228 -0.04004688560456085
v 0.06586745749927903 0.803306281946228 -0.04113388430456085
v 0.06727691369927902 0.798029794946228 -0.043466873504560855
v 0.06556834649927902 0.803723766946228 -0.04296527430456085
v 0.06639876959927903 0.803585215946228 -0.04214477540456085
v 0.06452388319927901 0.8035308869462281 -0.04246158520456085
v 0.06470866869927902 0.803272708946228 -0.04132966320456085
v 0.06674830989927902 0.797707527946228 -0.04246606300456085
v 0.06758863109927903 0.792905896946228 -0.04520107810456085
v 0.06644413619927902 0.798208012946228 -0.04427768660456085
v 0.06727691369927902 0.798029794946228 -0.043466873504560855
v 0.06540073079927902 0.7979962229462281 -0.043778076804560855
v 0.06558883189927903 0.7976867709462281 -0.042658485504560854
v 0.06707303599927902 0.792411505946228 -0.04425846410456085
v 0.06805767489927902 0.788737803946228 -0.04773906620456085
v 0.06674863399927902 0.793179332946228 -0.04597957430456085
v 0.06758863109927903 0.792905896946228 -0.04520107810456085
v 0.06571374459927902 0.7928540109462281 -0.04551818220456085
v 0.06591424349927902 0.792379155946228 -0.044454455404560854
v 0.06757927309927902 0.787982180946228 -0.04695568610456085
v 0.06873532759927903 0.784736945946228 -0.052344974104560855
v 0.06719757619927902 0.789152234946228 -0.04843208190456085
v 0.06805767489927902 0.788737803946228 -0.04773906620456085
v 0.06618766489927902 0.7886523599462281 -0.04807708780456085
v 0.06642357259927903 0.7879290879462281 -0.04716457430456085
v 0.06830990309927902 0.7837811409462281 -0.051792793004560855
v 0.06924781199927901 0.781939103946228 -0.05781898270456085
v 0.06784367929927902 0.7852710039462281 -0.05290077630456085
v 0.06873532759927903 0.784736945946228 -0.052344974104560855
v 0.06686731059927903 0.784645393946228 -0.05269206310456085
v 0.06715551019927903 0.783724382946228 -0.05200729150456085
v 0.06889094779927901 0.780883192946228 -0.05746238680456085
v 0.07018977779927901 0.780026256946228 -0.06393356250456085
v 0.06831815469927902 0.7825415129462281 -0.05824298410456085
v 0.06924781199927901 0.781939103946228 -0.05781898270456085
v 0.06738280879927902 0.781857922946228 -0.058148264904560855
v 0.06773922589927903 0.780833139946228 -0.05766586210456085
v 0.06989827749927902 0.778928845946228 -0.06371005440456085
v 0.07090770449927902 0.778670355946228 -0.07046188230456085
v 0.06922253969927902 0.7806597949462281 -0.06425716350456084
v 0.07018977779927901 0.780026256946228 -0.06393356250456085
v 0.06832664089927902 0.779954239946228 -0.06423366440456085
v 0.06874814629927903 0.778884291946228 -0.06389556270456086
v 0.07064931089927902 0.777561738946228 -0.07030326310456085
v 0.07337368649927903 0.777842714946228 -0.07717536300456085
v 0.06991648299927902 0.7793160379462281 -0.07072078620456085
v 0.07090770449927902 0.778670355946228 -0.07046188230456085
v 0.06904262679927903 0.778609245946228 -0.07072216460456085
v 0.06949911639927903 0.7775254099462281 -0.07046417520456086
v 0.07317515089927902 0.7767656739462281 -0.07701728210456085
v 0.07437140119927901 0.778508692946228 -0.08384734951456085
v 0.07227975879927903 0.7784329359462281 -0.07740188480456085
v 0.07337368649927903 0.777842714946228 -0.07717536300456085
v 0.07152634109927902 0.777786030946228 -0.07738376500456084
v 0.07203665379927902 0.776734545946228 -0.07714618560456085
v 0.07416304569927902 0.777540757946228 -0.08362563932456085
v 0.07671905119927902 0.778460323946228 -0.09181820688556085
v 0.07636943459927903 0.7774655219462281 -0.09152664957256085
v 0.07300425689927903 0.777306153946228 -0.08371299598456085
v 0.07518854739927902 0.7773341539462281 -0.09148840725556086
v 0.07249138499927901 0.778145908946228 -0.08398864604456086
v 0.07480789159927903 0.778150110946228 -0.09176465810756085
v 0.07329926639927903 0.778837829946228 -0.08407180616456085
v 0.07571218539927901 0.778940900946228 -0.09196736157156085
v 0.07437140119927901 0.778508692946228 -0.08384734951456085
v 0.07767503339927902 0.7742641569462281 -0.10121822170456085
v 0.07636943459927903 0.7774655219462281 -0.09152664957256085
v 0.07671905119927902 0.778460323946228 -0.09181820688556085
v 0.07730928439927902 0.7734565879462281 -0.10061850305456085
v 0.07625908399927903 0.768221064946228 -0.10521692040456085
v 0.07518854739927902 0.7773341539462281 -0.09148840725556086
v 0.07591376829927902 0.767409830946228 -0.10439262170456085
v 0.07445427399927902 0.763871773946228 -0.10746540870456085
v 0.07612551189927902 0.7735456229462281 -0.10048947110456086
v 0.07480789159927903 0.778150110946228 -0.09176465810756085
v 0.07414238899927902 0.763221755946228 -0.10643944520456085
v 0.07336228339927903 0.7605304119462281 -0.10838796380456085
v 0.07575150019927902 0.774316727946228 -0.10095277614456086
v 0.07571218539927901 0.778940900946228 -0.09196736157156085
v 0.07473965179927902 0.767467513946228 -0.10421670690456085
v 0.07310349119927903 0.760123461946228 -0.10727185940456085
v 0.07240463789927902 0.757183849946228 -0.10855219700456085
v 0.07669440279927903 0.774835288946228 -0.10146152320456085
v 0.07671905119927902 0.778460323946228 -0.09181820688556085
v 0.07767503339927902 0.7742641569462281 -0.10121822170456085
v 0.07435863089927902 0.768314599946228 -0.10494931970456085
v 0.07298362259927901 0.7633336779462281 -0.10624711770456086
v 0.07530466089927902 0.768780529946228 -0.10556075810456085
v 0.07625908399927903 0.768221064946228 -0.10521692040456085
v 0.07221083719927902 0.757051929946228 -0.10737045110456085
v 0.07159589229927901 0.752253353946228 -0.10825427810456086
v 0.07257150859927902 0.764052897946228 -0.10715368950456085
v 0.07347491759927902 0.764385684946228 -0.10790489050456085
v 0.07445427399927902 0.763871773946228 -0.10746540870456085
v 0.07195243979927902 0.760284974946228 -0.10706646740456086
v 0.07144373279927901 0.752306907946228 -0.10708928850456086
v 0.07046352329927902 0.745523079946228 -0.10765265300456085
v 0.07237332689927903 0.760944753946228 -0.10888461770456086
v 0.07336228339927903 0.7605304119462281 -0.10838796380456085
v 0.07150113579927903 0.7607930899462281 -0.10806057790456085
v 0.07107255979927903 0.757264032946228 -0.10715904090456085
v 0.07035108279927901 0.745772406946228 -0.10649061950456085
v 0.06917089969927903 0.739472135946228 -0.10603162550456086
v 0.07138610259927902 0.757476821946228 -0.10907116720456085
v 0.07240463789927902 0.757183849946228 -0.10855219700456085
v 0.07056284319927902 0.757526486946228 -0.10820868240456086
v 0.07031360269927903 0.752553343946228 -0.10688047110456085
v 0.06909913199927903 0.739910751946228 -0.10491882080456086
v 0.06751913579927901 0.731834649946228 -0.10259975210456085
v 0.07055942709927902 0.752466514946228 -0.10876552390456085
v 0.07159589229927901 0.752253353946228 -0.10825427810456086
v 0.06976661829927902 0.752651601946228 -0.10791612420456086
v 0.06922336669927903 0.746057062946228 -0.10628123120456084
v 0.06748089189927903 0.7324191329462281 -0.10158037950456085
v 0.06581559779927902 0.725000932946228 -0.09771937178456085
v 0.06941200419927902 0.7456535399462281 -0.10817529450456086
v 0.07046352329927902 0.745523079946228 -0.10765265300456085
v 0.06864672899927902 0.7459817679462281 -0.10731203850456085
v 0.06797929849927903 0.740231111946228 -0.10471351440456085
v 0.06581420449927902 0.725718095946228 -0.09678778471456086
v 0.06466647609927903 0.719758159946228 -0.09356535738456086
v 0.06810012089927903 0.739521190946228 -0.10652151890456085
v 0.06917089969927903 0.739472135946228 -0.10603162550456086
v 0.06736548619927901 0.7399896379462281 -0.10570244580456085
v 0.06639577449927903 0.7327544539462281 -0.10139070260456085
v 0.06471505759927902 0.720595940946228 -0.09273155033456085
v 0.06405839319927903 0.717135481946228 -0.09130630313256086
v 0.06642960759927902 0.731808557946228 -0.10304212380456085
v 0.06751913579927901 0.731834649946228 -0.10259975210456085
v 0.06571227309927902 0.7323782439462281 -0.10229542570456085
v 0.06475097309927902 0.726066901946228 -0.09660624293456085
v 0.06410178539927902 0.717913373946228 -0.09032197773956085
v 0.06362476569927902 0.714806302946228 -0.08816877193456085
v 0.06471128019927902 0.724906935946228 -0.09811362065456085
v 0.06581559779927902 0.725000932946228 -0.09771937178456085
v 0.06402383369927903 0.725565507946228 -0.09742564009456085
v 0.06362091749927902 0.7209166069462281 -0.09252625284456086
v 0.06354314459927903 0.719569868946228 -0.09387471969456085
v 0.06466647609927903 0.719758159946228 -0.09356535738456086
v 0.06291303039927902 0.720282144946228 -0.09323410806456085
v 0.06302747129927902 0.718176736946228 -0.09011288464556086
v 0.06295303999927902 0.716935820946228 -0.09170639811756086
v 0.06405839319927903 0.717135481946228 -0.09130630313256086
v 0.06239289789927902 0.717583320946228 -0.09096685230956085
v 0.06358828019927902 0.715458765946228 -0.08708226028456086
v 0.06252988429927903 0.714593439946228 -0.08866273704456085
v 0.06192527339927902 0.715105525946228 -0.08788193529456086
v 0.062485732099279025 0.715626686946228 -0.08690396137456086
v 0.06353139129927902 0.7134343829462281 -0.08597764791456085
v 0.06243392079927902 0.7133030069462281 -0.08659004047456086
v 0.06333345549927902 0.713801353946228 -0.08479593135456086
v 0.06161555279927902 0.713578499946228 -0.08579277806456086
v 0.062122683999279026 0.713881462946228 -0.08467862941456085
v 0.06242613489927902 0.712433941946228 -0.08560831844456085
v 0.06352797899927902 0.712366342946228 -0.08488318277456085
v 0.06352797899927902 0.712366342946228 -0.08488318277456085
v 0.06317669529927902 0.712310954946228 -0.08361117215456085
v 0.06357826669927902 0.708361215946228 -0.08655345765456085
v 0.06185774509927902 0.7123442959462281 -0.08355018449456085
v 0.06139387559927902 0.712420284946228 -0.08478448726456085
v 0.06259926779927902 0.708902522946228 -0.08714953251456085
v 0.06312676889927901 0.707733243946228 -0.08554920041456085
v 0.06154272329927902 0.708609021946228 -0.08651367016456085
v 0.061868734699279025 0.707886442946228 -0.08552461443456086
v 0.06359339879927903 0.7034813839462281 -0.09075385870556085
v 0.06271588799927902 0.704180769946228 -0.09120251476256085
v 0.06310393289927901 0.702724620946228 -0.08992878743456086
v 0.06167697529927902 0.7038546879462281 -0.09065387549356085
v 0.06191766629927902 0.7029537339462281 -0.08986514864456085
v 0.06290703269927903 0.699522107946228 -0.09589767269456086
v 0.062085807299279025 0.700330823946228 -0.09613456530456085
v 0.06240322809927902 0.698663339046228 -0.09527129959456085
v 0.06107452879927902 0.699971325946228 -0.09565460030456086
v 0.06127071749927902 0.698940441046228 -0.09512100042456086
v 0.060756925499279024 0.695830091846228 -0.10166290120456085
v 0.05990971999927902 0.696577772546228 -0.10199546630456086
v 0.06028061359927902 0.695036023846228 -0.10093551408456085
v 0.05890981109927902 0.696245126446228 -0.10147353910456085
v 0.059138998399279025 0.695292368546228 -0.10081847943456085
v 0.05859857799927902 0.6915075778462281 -0.10644502470456085
v 0.05771877239927902 0.692149057946228 -0.10689117200456086
v 0.05815666169927902 0.690824598046228 -0.10559751280456085
v 0.05673307549927902 0.691862195746228 -0.10631660280456084
v 0.05700376629927902 0.691044323146228 -0.10551522950456085
v 0.05623694509927902 0.686324246246228 -0.10996126940456086
v 0.055323243099279024 0.686783917246228 -0.11052534920456085
v 0.05583061649927902 0.685831539346228 -0.10898845460456086
v 0.05435249949927902 0.6865754053462281 -0.10989946130456085
v 0.05466590449927902 0.685986950946228 -0.10894864800456085
v 0.05493325739927902 0.6803399771462281 -0.11194471080456085
v 0.05399424209927902 0.680590219746228 -0.11257631140456086
v 0.054553553499279026 0.680067151746228 -0.11089992340456085
v 0.05303427199927902 0.680472426146228 -0.11192169040456085
v 0.05337983739927902 0.680148936846228 -0.11088556050456086
v 0.054698243699279024 0.675429090846228 -0.11208633150456085
v 0.05375185609927902 0.6754138320462281 -0.11272874660456085
v 0.05432604249927902 0.6754278689462281 -0.11103091950456086
v 0.052794747099279025 0.675403453446228 -0.11207002400456086
v 0.05314955489927902 0.675411999246228 -0.11102063950456086
v 0.05571252109927902 0.670460596646228 -0.11089250260456085
v 0.05477710439927902 0.6702389642462281 -0.11149318520456085
v 0.05532942709927902 0.6706639975462281 -0.10987845250456085
v 0.05381586779927902 0.670305110546228 -0.11084972140456086
v 0.054157216099279024 0.670567795646228 -0.10985171050456086
v 0.05698275939927902 0.665628902646228 -0.10862868090456085
v 0.05606517939927902 0.6652523204462281 -0.10916887040456086
v 0.05658230929927902 0.6659819930462281 -0.10767343270456085
v 0.05509781839927902 0.665372632446228 -0.10854589190456085
v 0.05541723219927902 0.6658236831462281 -0.10762181130456086
v 0.05805498729927902 0.661083769046228 -0.10567785050456086
v 0.05716294799927902 0.6605631373462281 -0.10613541400456085
v 0.057629547999279024 0.6615755558462281 -0.10480300710456085
v 0.05618686229927902 0.660733807846228 -0.10554070300456085
v 0.05647398529927902 0.661358732746228 -0.10471872150456085
v 0.058728761999279025 0.654239438446228 -0.10047766473456085
v 0.057848125699279024 0.653638929146228 -0.10089155938456085
v 0.05828671529927902 0.654792569546228 -0.09963616170456085
v 0.05686321849927902 0.653821118146228 -0.10030347667456085
v 0.05713202059927902 0.654533401146228 -0.09952831082456084
v 0.058708582099279025 0.647905059146228 -0.09506490500456086
v 0.05783223729927902 0.647282958046228 -0.09547612024456086
v 0.05826068299927902 0.648474439946228 -0.09422088437456085
v 0.056845199299279024 0.647469725446228 -0.09488209546456085
v 0.05710899079927902 0.6482065729462281 -0.09410648164456085
v 0.05862898379927902 0.641485989046228 -0.08930484601456085
v 0.057746056499279025 0.640858702346228 -0.08974930585456085
v 0.05817271769927902 0.642076887146228 -0.08847182104456085
v 0.056749425799279024 0.641062557746228 -0.08918875514456086
v 0.05701174209927902 0.6418164186462281 -0.08839663327456085
v 0.05862361939927902 0.634723141746228 -0.08299636654456086
v 0.05774742359927902 0.634108595546228 -0.08347760047456085
v 0.058166164899279026 0.6353617981462281 -0.08217064663456085
v 0.056753151099279024 0.6343689486462281 -0.08294527884456085
v 0.05701365689927902 0.6351439021462281 -0.08213716372456085
v 0.058106157899279025 0.627819456146228 -0.07692128510456085
v 0.05723481629927902 0.627234930146228 -0.07743014670456086
v 0.057640835599279024 0.628494428446228 -0.07610887850456086
v 0.05622250959927902 0.627533545746228 -0.07694790700456085
v 0.05648628249927902 0.628326049046228 -0.07612012230456085
v 0.05743809789927902 0.619158301546228 -0.07126345480456085
v 0.056638508999279025 0.6186142098462281 -0.07176975530456085
v 0.05703401189927902 0.619965719046228 -0.07042625730456085
v 0.05573633309927902 0.619065413246228 -0.07125188780456085
v 0.055985722699279025 0.619911512346228 -0.07041806170456086
v 0.05779093499927902 0.610493063946228 -0.06664699870456085
v 0.05706020069927902 0.609844946346228 -0.06714673340456086
v 0.05734022709927902 0.6108514927462281 -0.06553342750456086
v 0.05618634819927902 0.609795737046228 -0.06635878050456084
v 0.05634675549927902 0.610420546446228 -0.06535461360456085
v 0.06055847559927902 0.598983435633228 -0.06251722200456085
v 0.059650618599279025 0.5982686376662281 -0.06301537900456085
v 0.060225438299279024 0.599320845591228 -0.06134744920456085
v 0.05875436219927902 0.5981626272552281 -0.06215495060456085
v 0.059110168399279024 0.598813338278228 -0.06112373810456086
v 0.06682740149927902 0.589089636686228 -0.05790297310456085
v 0.06587876379927902 0.588395476346228 -0.05842549350456085
v 0.06650752949927902 0.589345526886228 -0.05668354030456085
v 0.06497260179927902 0.5882223276462281 -0.05752899120456085
v 0.06536120549927901 0.588809485546228 -0.05645240840456085
v 0.07305426519927902 0.581181960146228 -0.05403017250456085
v 0.07214232529927903 0.5806904751462281 -0.05463867260456085
v 0.07248350979927902 0.581583037946228 -0.05295153710456085
v 0.07111329959927902 0.580793319246228 -0.05399431660456085
v 0.07127228009927902 0.5813482049462281 -0.05292596670456085
v 0.07653248869927902 0.5753501653462281 -0.04920360450456085
v 0.07599579919927903 0.5759449154462281 -0.04827232290456085
v 0.07566105019927902 0.5750466305462281 -0.04993857820456085
v 0.07482394199927903 0.5760050341462281 -0.04844503480456085
v 0.07460583749927902 0.575479675046228 -0.049491033004560855
v 0.023805573599279026 0.446223318946228 0.017185188395439144
v 0.02398118379927902 0.44651384694622803 0.019056797395439154
v 0.02457238729927902 0.446248650946228 0.018075883395439155
v 0.022740378999279026 0.446472644946228 0.01761560139543915
v 0.022848986099279017 0.446652084946228 0.018772296395439148
v 0.024783395199279024 0.46561670294622803 0.00880334529543915
v 0.024889901299279024 0.46578423694622806 0.009962044395439143
v 0.02398118379927902 0.44651384694622803 0.019056797395439154
v 0.025832004799279024 0.465267583946228 0.008389949795439153
v 0.023805573599279026 0.446223318946228 0.017185188395439144
v 0.026004403799279027 0.46553857594622805 0.010264851395439145
v 0.02457238729927902 0.446248650946228 0.018075883395439155
v 0.026586703999279024 0.46521936394622804 0.009293250395439143
v 0.03525857629927902 0.492834299946228 -0.00025328990456084666
v 0.03423406179927903 0.493257194946228 0.00014746929543914267
v 0.034374728799279025 0.493525333946228 0.0012800246954391414
v 0.03548629579927902 0.493268146946228 0.0015792548954391417
v 0.03603255749927903 0.492841206946228 0.0006316750954391548
v 0.04354575649927902 0.517638683346228 -0.009263493104560858
v 0.04255105559927902 0.518153928246228 -0.008899383204560851
v 0.04270683229927902 0.518499925746228 -0.007789276504560849
v 0.04380456729927902 0.518200054746228 -0.007469967004560846
v 0.044338907999279024 0.5176494792462281 -0.008377559504560858
v 0.05303499849927902 0.541549850246228 -0.019235312904560847
v 0.052062068099279026 0.5421593636462281 -0.018915437204560848
v 0.05215261879927902 0.5426236130462281 -0.01783330740456085
v 0.05317801239927902 0.542313173446228 -0.017488189004560853
v 0.05375152079927902 0.541615769246228 -0.018346488504560846
v 0.05921340359927902 0.553132414846228 -0.024693518904560854
v 0.05827746909927902 0.553855452646228 -0.02442418780456085
v 0.05827283489927902 0.554439485046228 -0.023369319704560854
v 0.05918566139927902 0.554117370446228 -0.02299489830456085
v 0.05979168419927902 0.5532810352462281 -0.02380464970456085
v 0.06727422399927901 0.562478270346228 -0.03150961920456085
v 0.06638767939927903 0.563293013746228 -0.03130683670456085
v 0.06634905559927902 0.563954636446228 -0.03027534110456085
v 0.06716048719927903 0.5636326000462281 -0.02986093980456085
v 0.06773781399927903 0.562706694046228 -0.03061638770456085
v 0.07282313699927903 0.566065497746228 -0.03795894230456085
v 0.07188104839927903 0.566804215346228 -0.03769744930456085
v 0.07191233339927902 0.567426774646228 -0.036659076804560854
v 0.07279474659927902 0.567169584346228 -0.03629507120456085
v 0.07335819299927902 0.5663261562462281 -0.037095323204560854
v 0.07630542289927902 0.569845404446228 -0.045032866304560853
v 0.07530384509927902 0.570486502746228 -0.044716473704560854
v 0.07544445989927902 0.5710553899462281 -0.04368182640456085
v 0.07645950839927902 0.570858856646228 -0.043380994304560855
v 0.07699522559927902 0.5701149143462281 -0.04421993340456085
v 0.07566105019927902 0.5750466305462281 -0.04993857820456085
v 0.07460583749927902 0.575479675046228 -0.049491033004560855
v 0.07653248869927902 0.5753501653462281 -0.04920360450456085
v 0.07482394199927903 0.5760050341462281 -0.04844503480456085
v 0.07599579919927903 0.5759449154462281 -0.04827232290456085
v 0.061796355999279025 0.764441534946228 -0.008365504404560853
v 0.060202576199279025 0.764679580946228 -0.009376108604560854
v 0.06063004959927902 0.764293834946228 -0.008351109904560852
v 0.06208955499927902 0.764917611946228 -0.009399406604560859
v 0.061104562099279024 0.7650653119462281 -0.010024003704560858
v 0.06126309929927902 0.767951055946228 -0.008381173004560857
v 0.060278613099279024 0.768093883946228 -0.009007580604560847
v 0.060202576199279025 0.764679580946228 -0.009376108604560854
v 0.060968317099279024 0.767487197946228 -0.007341869204560855
v 0.061796355999279025 0.764441534946228 -0.008365504404560853
v 0.05937544259927902 0.7677185239462281 -0.008355379104560856
v 0.06063004959927902 0.764293834946228 -0.008351109904560852
v 0.05980162319927902 0.767343759946228 -0.007325977104560857
v 0.060627266799279024 0.772142961946228 -0.006785824904560853
v 0.060323003699279024 0.771768196946228 -0.005713775704560858
v 0.05964595449927902 0.772255256946228 -0.007423371104560858
v 0.05915376169927902 0.771649479946228 -0.005688726904560848
v 0.05873531099927902 0.771950393946228 -0.006745331004560859
v 0.06052778659927902 0.774670108946228 -0.005951240704560851
v 0.06019566209927902 0.774670347946228 -0.004796780604560846
v 0.05955605949927902 0.774654939946228 -0.006616853204560846
v 0.05901867519927902 0.774655624946228 -0.004748925604560847
v 0.058623339999279024 0.774646162946228 -0.005873747204560853
v 0.06066226589927902 0.7771161049462281 -0.005903869904560849
v 0.060335382799279025 0.777479260946228 -0.004781477104560852
v 0.05968875439927902 0.776977553946228 -0.006558582204560848
v 0.05915977059927902 0.777565314946228 -0.004742480804560856
v 0.058760181099279024 0.777255251946228 -0.005840770904560852
v 0.06105820089927902 0.778102814946228 -0.007141552904560852
v 0.06081310659927902 0.779021456946228 -0.00637930630456085
v 0.060057863599279025 0.7777803839462281 -0.007678054304560852
v 0.05966145169927902 0.7792665209462281 -0.006445236504560858
v 0.05919513479927902 0.778498157946228 -0.007249087104560847
v 0.061611685899279026 0.7783407719462281 -0.008933574004560851
v 0.061501920199279025 0.779567494946228 -0.008724600104560845
v 0.060567222499279025 0.777914508946228 -0.009290359904560855
v 0.06038978319927902 0.779899537946228 -0.008952304704560848
v 0.059812407899279024 0.778877421946228 -0.009302094604560857
v 0.06260988859927902 0.777531295946228 -0.011781923504560851
v 0.061521049599279024 0.777122661946228 -0.011975362904560846
v 0.06088060889927902 0.7780429129462281 -0.012408822804560848
v 0.06157255549927902 0.779020547946228 -0.012483455204560859
v 0.06264156099927902 0.778704687946228 -0.012095816404560852
v 0.06324699889927902 0.775205924946228 -0.017172396204560847
v 0.06435438249927902 0.775556876946228 -0.01700611410456085
v 0.06446234879927902 0.776713341946228 -0.017454110104560855
v 0.06341844049927903 0.7770604789462281 -0.017899043904560846
v 0.06266888229927903 0.776123970946228 -0.017722375704560853
v 0.06661660599927902 0.772701650946228 -0.023479044404560848
v 0.06675240399927902 0.773803188946228 -0.02400134500456086
v 0.06550024449927902 0.7723394929462281 -0.02361247690456085
v 0.06572406369927902 0.774133309946228 -0.02446475620456086
v 0.06494188679927902 0.7732715759462281 -0.024225994904560857
v 0.06890933589927903 0.7704174219462281 -0.030858371404560853
v 0.06901800629927902 0.771550908946228 -0.03133438900456085
v 0.06779495249927903 0.7700444159462281 -0.030987501104560854
v 0.06800114739927902 0.771877452946228 -0.03176214550456085
v 0.06721341239927903 0.770988478946228 -0.03154865280456085
v 0.07101702319927902 0.768909692946228 -0.03850107640456085
v 0.07108394059927903 0.770108192946228 -0.03893920030456085
v 0.06990875679927902 0.768511056946228 -0.03862580280456085
v 0.07008211309927903 0.770442515946228 -0.039332136504560855
v 0.06929764149927903 0.769497155946228 -0.039134178304560854
v 0.07229972999927903 0.7677284329462281 -0.04767484960456085
v 0.07226502519927902 0.769033893946228 -0.047915458704560855
v 0.07120413709927903 0.7672505229462281 -0.04781784860456085
v 0.07121930269927902 0.769379898946228 -0.048199940504560855
v 0.07051249969927903 0.768351226946228 -0.04813761640456085
v 0.07288837809927902 0.7672232089462281 -0.05701724070456085
v 0.07279642299927902 0.768587663946228 -0.057048652304560854
v 0.07178568099927903 0.766679614946228 -0.05718235300456085
v 0.07168323919927902 0.768931746946228 -0.05722628160456085
v 0.07104031739927902 0.767847001946228 -0.05730608850456085
v 0.07318698609927902 0.767344593946228 -0.06311090850456086
v 0.07313457499927903 0.768690347946228 -0.06324446010456085
v 0.07205232609927903 0.7668022959462281 -0.06320770080456085
v 0.07197703419927902 0.7690245959462281 -0.06342226450456084
v 0.07132167739927903 0.767930998946228 -0.06339927020456085
v 0.07369222119927901 0.767702042946228 -0.06828030940456085
v 0.07368084039927902 0.768981873946228 -0.06870069910456085
v 0.07254587859927902 0.767227112946228 -0.06825470740456085
v 0.07252531869927903 0.769311233946228 -0.06892578490456086
v 0.07184115049927903 0.768258139946228 -0.06865422610456084
v 0.07408057899927903 0.767728060946228 -0.07085596020456085
v 0.07409167289927902 0.768751233946228 -0.07167881910456085
v 0.07294645909927902 0.767345279946228 -0.07067087480456086
v 0.07295981049927902 0.769013911946228 -0.07200527560456085
v 0.07226509229927902 0.768153309946228 -0.07138131560456085
v 0.07455776259927901 0.766501396946228 -0.07248301800456085
v 0.07457304929927902 0.767203986946228 -0.07353269490456085
v 0.07345314699927902 0.7673933509462281 -0.07389840480456085
v 0.07275383919927902 0.766800388946228 -0.07307334240456086
v 0.07343225929927902 0.766249477946228 -0.07219510340456085
v 0.07494632339927902 0.764883815946228 -0.07450016770456086
v 0.07383195309927902 0.764993831946228 -0.07487625070456086
v 0.07313578199927903 0.7647232859462281 -0.07395716570456085
v 0.07382230459927902 0.764465271946228 -0.07301387190456085
v 0.07493908519927903 0.764557808946228 -0.07335109640456085
v 0.07386885579927902 0.761398776946228 -0.07459633240456084
v 0.07318862529927903 0.761386811946228 -0.07366924550456086
v 0.07498438839927903 0.761313870946228 -0.07423777880456085
v 0.07389235119927902 0.761297538946228 -0.07273126020456086
v 0.07499944789927902 0.761245891946228 -0.07308004800456086
v 0.07238217439927902 0.755543991946228 -0.07379384340456085
v 0.07171589509927903 0.7556270659462281 -0.07282192630456086
v 0.07350298389927902 0.755441829946228 -0.07346017660456085
v 0.07242831219927903 0.7555926589462281 -0.07190122080456085
v 0.07353316249927902 0.7554871439462281 -0.07230468090456085
v 0.06864874809927902 0.748722463946228 -0.07335731390456085
v 0.06977919489927903 0.748596965946228 -0.07308061050456086
v 0.06801491979927902 0.748700499946228 -0.07236398570456085
v 0.06984437999927903 0.748484730946228 -0.07191580720456085
v 0.06875389069927902 0.748554616946228 -0.07147343080456085
v 0.06112776699927902 0.713668606946228 -0.08481757016456085
v 0.06143275649927902 0.712745904946228 -0.08446339424456085
v 0.062250632799279025 0.713348015946228 -0.08470168896456085
v 0.062269009699279024 0.712229094946228 -0.08434214443456085
v 0.061158582599279025 0.711858458946228 -0.08423538040456086
v 0.05896101889927902 0.712594233946228 -0.07831410230456085
v 0.06143275649927902 0.712745904946228 -0.08446339424456085
v 0.05824573709927902 0.713378995946228 -0.07878634330456086
v 0.06112776699927902 0.713668606946228 -0.08481757016456085
v 0.05889462679927902 0.714181303946228 -0.07935651110456085
v 0.062250632799279025 0.713348015946228 -0.08470168896456085
v 0.060019835799279025 0.7138942109462281 -0.07914713210456086
v 0.06006281819927902 0.7129117699462281 -0.07848395220456085
v 0.05891232939927902 0.7143282439462281 -0.07548877130456086
v 0.059571452399279023 0.714942104946228 -0.07621234280456085
v 0.05961650979927902 0.7136660889462281 -0.07486384180456085
v 0.06072548779927902 0.713878646946228 -0.07514298330456085
v 0.06069414319927902 0.714667677946228 -0.07598638910456085
v 0.06121766569927902 0.715810633946228 -0.07237838210456085
v 0.06051547079927902 0.716324626946228 -0.07311268710456086
v 0.06232091039927902 0.715897380946228 -0.07273226040456085
v 0.06117704139927902 0.716715402946228 -0.07393708640456086
v 0.062293697099279025 0.716454781946228 -0.07369808110456086
v 0.06264064459927902 0.720671020946228 -0.07071257940456085
v 0.06375690549927902 0.720659724946228 -0.07110564600456085
v 0.06375975529927902 0.721011288946228 -0.07215624670456085
v 0.061954952799279026 0.721046074946228 -0.07152706940456086
v 0.06264549869927902 0.7212468089462281 -0.07241584170456085
v 0.06336579469927903 0.726311429946228 -0.07043226060456086
v 0.06447640809927901 0.726216136946228 -0.07085241750456085
v 0.06447112929927902 0.726393520946228 -0.07196606510456086
v 0.06267003719927902 0.7265563309462281 -0.07130038550456086
v 0.06335495039927902 0.726602717946228 -0.07224024090456085
v 0.06392879039927901 0.734066023946228 -0.07079241610456086
v 0.06502015139927902 0.7339415099462281 -0.07123395800456085
v 0.06496617199927902 0.7340178039462281 -0.07241041590456085
v 0.06319989259927902 0.7342204449462281 -0.07169672290456085
v 0.06384119389927903 0.734190001946228 -0.07269622200456086
v 0.06706609199927901 0.741324021946228 -0.07073104750456086
v 0.06814939899927902 0.7412241549462281 -0.07118133830456086
v 0.06807009129927902 0.741319968946228 -0.07235850770456086
v 0.06631857529927902 0.7414778319462281 -0.07162807880456085
v 0.06693848969927901 0.7414727959462281 -0.07263506200456085
v 0.06875389069927902 0.748554616946228 -0.07147343080456085
v 0.06984437999927903 0.748484730946228 -0.07191580720456085
v 0.06801491979927902 0.748700499946228 -0.07236398570456085
v 0.06977919489927903 0.748596965946228 -0.07308061050456086
v 0.06864874809927902 0.748722463946228 -0.07335731390456085
v 0.0026552154992790233 0.37937615794622803 0.023952998395439143
v 0.0015356244992790202 0.359806268946228 0.022468835395439146
v 0.0015372034992790218 0.379382878946228 0.024316407395439152
v 0.0026482714992790285 0.359811231946228 0.022063620395439146
v 0.0026326324992790168 0.35982747394622805 0.020886786395439144
v 0.000702038499279023 0.193385183946228 0.009750500395439149
v 0.0018173384992790226 0.193431734946228 0.009381607395439154
v 0.0018087324992790282 0.19358384594622802 0.008214808995439152
v 0.0015722434992790218 0.0044226649462280054 -0.02359208460456086
v 0.0015356244992790202 0.359806268946228 0.022468835395439146
v 4.038499279018781e-06 0.19350832694622805 0.008811704795439149
v 0.0008322294992790247 0.35981942694622804 0.02154251939543915
v 0.0015372034992790218 0.379382878946228 0.024316407395439152
v 0.0008462144992790188 0.37936517594622804 0.02336499839543915
v 0.006696678699279021 0.398841768946228 0.023415476395439144
v 0.006694905499279022 0.39882482594622803 0.021513417395439147
v 0.0015372034992790218 0.37934717494622805 0.022413596395439148
v 0.0026552154992790233 0.379353880946228 0.022777006395439142
v 0.007813185499279021 0.39872774494622804 0.02187163339543914
v 0.009334579099279025 0.25430369394622804 0.012791402395439147
v 0.009832836699279021 0.25479122994622805 0.013737924395439152
v 0.022470906399279025 0.24493560194622804 0.012201689395439141
v 0.0015372034992790218 0.264673739946228 0.015192851395439147
v 0.0008462144992790188 0.26476675294622803 0.014246322395439145
v 0.009686008099279025 0.25490573094622804 0.011844880395439142
v 0.0015372034992790218 0.264859914946228 0.01329980839543915
v 0.021968796799279017 0.24445080794622803 0.011255666395439151
v 0.010401628899279022 0.255765318946228 0.012206427395439146
v 0.002655178499279029 0.26482433094622804 0.013661347395439144
v 0.023128941699279024 0.245840131946228 0.011840358395439149
v 0.009832836699279021 0.25479122994622805 0.013737924395439152
v 0.002655178499279029 0.264709263946228 0.014831297395439147
v 0.010492324799279015 0.25569471694622803 0.013376377395439148
v 0.023033462499279025 0.245914697946228 0.010670967395439143
v 0.022316493099279022 0.24505597394622802 0.01030963639543915
v 0.009334579099279025 0.27023699894622805 0.014246322395439145
v 0.009832836699279021 0.270724534946228 0.015192851395439147
v 0.022470906399279025 0.26086890694622805 0.013656608395439154
v 0.0015372034992790218 0.28060707494622805 0.016647771395439145
v 0.0008462144992790188 0.28069716694622804 0.01570096639543915
v 0.009686008099279025 0.27083903594622805 0.01329980839543915
v 0.0015372034992790218 0.28078740794622803 0.014754183395439144
v 0.021968796799279017 0.26038411294622804 0.01271058639543915
v 0.010401628899279022 0.271698623946228 0.013661347395439144
v 0.0026552004992790174 0.28075292694622805 0.015115864395439146
v 0.023128941699279024 0.261773436946228 0.013295278395439147
v 0.009832836699279021 0.270724534946228 0.015192851395439147
v 0.0026552004992790174 0.280641495946228 0.01628610539543915
v 0.010492324799279015 0.27162802194622804 0.014831297395439147
v 0.023033462499279025 0.261848002946228 0.012125879395439146
v 0.022316493099279022 0.26098927894622803 0.011764563395439145
v 0.014028854699279017 0.41797022494622804 0.019416943395439146
v 0.013345830099279019 0.41809312994622805 0.020385757395439144
v 0.021003454899279017 0.407117932946228 0.019689500395439152
v 0.021651357399279023 0.40739767294622803 0.018748760395439143
v 0.015149533699279016 0.417768150946228 0.019754238395439147
v 0.02162294089927902 0.407388850946228 0.020651623395439148
v 0.014044336999279025 0.41796697694622803 0.021321751395439154
v 0.02267110349927902 0.40784162294622806 0.019129544395439152
v 0.015159048099279024 0.41776621294622807 0.020931512395439153
v 0.022653706399279022 0.407835825946228 0.02030564839543915
v 0.03272521499927902 0.394003659946228 0.019033700395439154
v 0.033207505899279025 0.39450937494622806 0.019979059395439147
v 0.03391822429927903 0.39536920194622804 0.01960819239543915
v 0.03387504069927902 0.39539499594622807 0.018433630395439146
v 0.033137701499279026 0.39455114294622806 0.018078498395439152
v 0.02019569279927902 0.437037482946228 0.017937585395439146
v 0.01951652019927902 0.43721219894622804 0.01891498239543915
v 0.02626943589927902 0.426001339946228 0.01941253239543915
v 0.026917323499279028 0.42628103494622804 0.018471792395439154
v 0.02131765339927902 0.436732381946228 0.01826198439543915
v 0.026888921899279022 0.42627221394622805 0.020374663395439155
v 0.020218804499279028 0.43701501194622805 0.019843384395439145
v 0.027937084399279027 0.426725029946228 0.01885257639543915
v 0.021331898899279028 0.436718493946228 0.019439868395439153
v 0.027919687299279017 0.426719218946228 0.020028688395439143
v 0.03799119589927902 0.412887051946228 0.01875671039543915
v 0.03847348689927903 0.41339276694622806 0.019702091395439145
v 0.039184182899279024 0.414252563946228 0.019331209395439142
v 0.03914102169927902 0.41427838794622807 0.01815664039543914
v 0.03840368239927902 0.413434549946228 0.01780153039543915
v 0.0008462144992790188 0.104718982946228 -0.00924985110456085
v 0.012086346699279021 0.09417217994622806 -0.012403622304560852
v 0.0015372034992790218 0.10488504194622805 -0.010186366704560856
v 0.011869676399279022 0.09349554794622805 -0.011466935304560846
v 0.0015372034992790218 0.10455298394622803 -0.008313439804560854
v 0.012719437499279021 0.09509581294622804 -0.012045830504560859
v 0.0026552004992790174 0.10482162194622802 -0.009828634604560849
v 0.012368753599279025 0.09400117394622798 -0.010530345104560856
v 0.0026552004992790174 0.10461643294622802 -0.008671119804560853
v 0.012893922599279017 0.09499013394622802 -0.010888107104560854
v 0.023355483999279017 0.087347685946228 -0.014797084004560854
v 0.02398885039927902 0.08827114094622801 -0.014439351904560846
v 0.023139588499279024 0.08667063694622801 -0.013860568404560847
v 0.024164386099279025 0.08816486594622808 -0.013281844604560847
v 0.02363950759927902 0.087175726946228 -0.012924164504560853
v 0.0008462144992790188 0.10471713494622803 -0.00925018640456085
v -0.010500892500720976 0.09412169494622802 -0.011420026404560857
v -0.009936831500720972 0.09368973994622798 -0.012356720904560858
v 0.0015372034992790218 0.10488504194622805 -0.010186366704560856
v 0.0015372034992790218 0.10455298394622803 -0.008313439804560854
v -0.009280398500720974 0.09278255694622806 -0.011998921604560855
v 0.0026552004992790174 0.10482162194622802 -0.009828634604560849
v -0.010192930500720981 0.09348148094622799 -0.010483436304560848
v 0.0026552004992790174 0.10461643294622802 -0.008671119804560853
v -0.00943863350072098 0.09265392994622801 -0.010841198304560859
v -0.02500597350072098 0.085708200946228 -0.014797084004560854
v -0.02471979750072098 0.08462560194622804 -0.014439351904560846
v -0.025378040500720983 0.08631372494622802 -0.013860568404560847
v -0.024914912500720976 0.08456206294622803 -0.013281844604560847
v -0.025321669500720984 0.08560532294622802 -0.012924164504560853
v 0.0008462144992790188 0.13009616694622805 -0.004639461604560857
v 0.012086346699279021 0.11955118194622805 -0.0077929050045608544
v 0.0015372034992790218 0.13026037794622802 -0.005576312504560851
v 0.011869676399279022 0.11887457994622802 -0.006856225404560851
v 0.0015372034992790218 0.12993201594622805 -0.0037027299045608586
v 0.012719437499279021 0.12047484494622801 -0.0074351132045608476
v 0.0026552004992790174 0.13019767394622805 -0.00521846860456085
v 0.012368753599279025 0.11938017594622802 -0.005919635304560855
v 0.0026552004992790174 0.129994749946228 -0.004060544104560845
v 0.012893922599279017 0.12036916594622804 -0.006277389804560857
v 0.023355483999279017 0.11272671794622802 -0.010186366704560856
v 0.02398885039927902 0.11365020294622802 -0.009828634604560849
v 0.023139588499279024 0.11204966894622803 -0.00924985110456085
v 0.024164386099279025 0.11354392794622803 -0.008671119804560853
v 0.02363950759927902 0.11255475894622802 -0.008313439804560854
v 0.014028854699279017 0.41797022494622804 0.019416943395439146
v 0.013345830099279019 0.41809312994622805 0.020385757395439144
v 0.0017559754992790277 0.412243514946228 0.01885791839543914
v 0.002115815499279028 0.411599292946228 0.01794223439543914
v 0.015149533699279016 0.417768150946228 0.019754238395439147
v 0.001973494499279027 0.411633923946228 0.019839689395439147
v 0.014044336999279025 0.41796697694622803 0.021321751395439154
v 0.002555847499279021 0.410591646946228 0.018358171395439146
v 0.015159048099279024 0.41776621294622807 0.020931512395439153
v 0.0024675134992790254 0.410612850946228 0.019530907395439154
v -0.014747336500720978 0.406899272946228 0.016973130395439143
v -0.014738522500720982 0.406239985946228 0.01794643739543915
v -0.014490380500720976 0.405134215946228 0.017633877395439146
v -0.014345668500720984 0.40511015094622804 0.01646743739543914
v -0.014504417500720984 0.40620095994622807 0.016058996395439146
v 0.02019569279927902 0.437037482946228 0.017937585395439146
v 0.01951652019927902 0.43721219894622804 0.01891498239543915
v 0.007021941199279028 0.43112692194622804 0.018580950395439153
v 0.007381781899279016 0.43048265594622803 0.01766527439543915
v 0.02131765339927902 0.436732381946228 0.01826198439543915
v 0.007239475799279027 0.43051728594622807 0.019562721395439145
v 0.020218804499279028 0.43701501194622805 0.019843384395439145
v 0.007821805799279019 0.429475038946228 0.018081203395439144
v 0.021331898899279028 0.436718493946228 0.019439868395439153
v 0.007733493999279029 0.42949624394622804 0.01925393939543915
v -0.009481355500720975 0.42578268094622806 0.01669617039543915
v -0.009472563500720982 0.42512334894622805 0.017669469395439147
v -0.009224414500720979 0.424017622946228 0.01735688739543914
v -0.009079709500720984 0.42399354294622804 0.016190454395439147
v -0.009238436500720981 0.42508436694622803 0.015782028395439143
v 0.0008462144992790188 0.13009616694622805 -0.004639461604560857
v -0.010500892500720976 0.11950072694622804 -0.006809301704560858
v -0.009936831500720972 0.119068771946228 -0.007746003604560847
v 0.0015372034992790218 0.13026037794622802 -0.005576312504560851
v 0.0015372034992790218 0.12993201594622805 -0.0037027299045608586
v -0.009280398500720974 0.11816161894622801 -0.007388204304560858
v 0.0026552004992790174 0.13019767394622805 -0.00521846860456085
v -0.010192930500720981 0.11886054294622805 -0.00587271900456085
v 0.0026552004992790174 0.129994749946228 -0.004060544104560845
v -0.00943863350072098 0.11803293194622805 -0.006230481004560848
v -0.02500597350072098 0.111087262946228 -0.010186366704560856
v -0.02471979750072098 0.110004633946228 -0.009828634604560849
v -0.025378040500720983 0.11169275594622802 -0.00924985110456085
v -0.024914912500720976 0.109941094946228 -0.008671119804560853
v -0.025321669500720984 0.11098432494622801 -0.008313439804560854
v 0.0008462144992790188 0.26476675294622803 0.014246322395439145
v -0.007708132500720971 0.254285573946228 0.012791402395439147
v -0.007180690500720982 0.25382947894622804 0.011844880395439142
v 0.0015372034992790218 0.264859914946228 0.01329980839543915
v 0.0015372034992790218 0.264673739946228 0.015192851395439147
v -0.006467022500720981 0.252968161946228 0.012206427395439146
v 0.002655178499279029 0.26482433094622804 0.013661347395439144
v -0.007320120500720978 0.253706126946228 0.013737924395439152
v 0.002655178499279029 0.264709263946228 0.014831297395439147
v -0.006553173500720974 0.252891987946228 0.013376377395439148
v -0.01971351350072098 0.243675648946228 0.011255666395439151
v -0.019182436500720976 0.24322286294622802 0.01030963639543915
v -0.018470175500720984 0.24236032394622803 0.010670967395439143
v -0.01856090850072098 0.24228021494622803 0.011840358395439149
v -0.019329212500720977 0.24309316294622801 0.012201689395439141
v 0.0008462144992790188 0.28069716694622804 0.01570096639543915
v -0.007708132500720971 0.27021887894622804 0.014246322395439145
v -0.007180690500720982 0.26976278394622805 0.01329980839543915
v 0.0015372034992790218 0.28078740794622803 0.014754183395439144
v 0.0015372034992790218 0.28060707494622805 0.016647771395439145
v -0.006467022500720981 0.268901466946228 0.013661347395439144
v 0.0026552004992790174 0.28075292694622805 0.015115864395439146
v -0.007320120500720978 0.269639431946228 0.015192851395439147
v 0.0026552004992790174 0.280641495946228 0.01628610539543915
v -0.006553173500720974 0.26882529294622803 0.014831297395439147
v -0.01971351350072098 0.25960892394622803 0.01271058639543915
v -0.019182436500720976 0.25915616794622803 0.011764563395439145
v -0.018470175500720984 0.25829362894622804 0.012125879395439146
v -0.01856090850072098 0.25821351994622804 0.013295278395439147
v -0.019329212500720977 0.259026467946228 0.013656608395439154
f 3/3/3 2/2/2 1/1/1
f 4/4/4 3/3/3 1/1/1
f 4/4/4 1/1/1 5/5/5
f 5/5/5 1/1/1 6/6/6
f 7/7/7 4/4/4 5/5/5
f 8/8/8 5/5/5 6/6/6
f 8/8/8 6/6/6 9/9/9
f 7/7/7 5/5/5 10/10/10
f 10/10/10 5/5/5 8/8/8
f 11/11/11 7/7/7 10/10/10
f 12/12/12 10/10/10 8/8/8
f 11/11/11 13/13/13 7/7/7
f 13/13/13 11/11/11 14/14/14
f 15/15/15 13/13/13 14/14/14
f 16/16/16 8/8/8 9/9/9
f 12/12/12 8/8/8 16/16/16
f 17/17/17 12/12/12 16/16/16
f 16/16/16 9/9/9 18/18/18
f 19/19/19 16/16/16 18/18/18
f 19/19/19 18/18/18 20/20/20
f 21/21/21 19/19/19 20/20/20
f 22/22/22 19/19/19 21/21/21
f 20/20/20 18/18/18 23/23/23
f 18/18/18 24/24/24 23/23/23
f 21/21/21 20/20/20 25/25/25
f 25/25/25 20/20/20 23/23/23
f 26/26/26 25/25/25 23/23/23
f 26/26/26 23/23/23 27/27/27
f 23/23/23 28/28/28 27/27/27
f 28/28/28 29/29/29 27/27/27
f 28/28/28 30/30/30 29/29/29
f 30/30/30 31/31/31 29/29/29
f 29/29/29 31/31/31 22/22/22
f 31/31/31 32/32/32 22/22/22
f 29/29/29 22/22/22 33/33/33
f 27/27/27 29/29/29 33/33/33
f 33/33/33 22/22/22 21/21/21
f 34/34/34 27/27/27 33/33/33
f 34/34/34 26/26/26 27/27/27
f 35/35/35 33/33/33 21/21/21
f 35/35/35 34/34/34 33/33/33
f 36/36/36 21/21/21 25/25/25
f 36/36/36 35/35/35 21/21/21
f 26/26/26 34/34/34 37/37/37
f 25/25/25 26/26/26 38/38/38
f 26/26/26 37/37/37 38/38/38
f 34/34/34 35/35/35 39/39/39
f 34/34/34 39/39/39 37/37/37
f 36/36/36 25/25/25 40/40/40
f 25/25/25 38/38/38 40/40/40
f 35/35/35 36/36/36 41/41/41
f 35/35/35 41/41/41 39/39/39
f 36/36/36 40/40/40 41/41/41
f 37/37/37 39/39/39 42/42/42
f 38/38/38 37/37/37 43/43/43
f 37/37/37 42/42/42 43/43/43
f 39/39/39 41/41/41 44/44/44
f 39/39/39 44/44/44 42/42/42
f 40/40/40 38/38/38 45/45/45
f 38/38/38 43/43/43 45/45/45
f 41/41/41 40/40/40 46/46/46
f 41/41/41 46/46/46 44/44/44
f 40/40/40 45/45/45 46/46/46
f 42/42/42 44/44/44 47/47/47
f 43/43/43 42/42/42 48/48/48
f 42/42/42 47/47/47 48/48/48
f 44/44/44 46/46/46 49/49/49
f 44/44/44 49/49/49 47/47/47
f 45/45/45 43/43/43 50/50/50
f 43/43/43 48/48/48 50/50/50
f 46/46/46 45/45/45 51/51/51
f 46/46/46 51/51/51 49/49/49
f 45/45/45 50/50/50 51/51/51
f 47/47/47 49/49/49 52/52/52
f 48/48/48 47/47/47 53/53/53
f 47/47/47 52/52/52 53/53/53
f 49/49/49 51/51/51 54/54/54
f 49/49/49 54/54/54 52/52/52
f 50/50/50 48/48/48 55/55/55
f 48/48/48 53/53/53 55/55/55
f 51/51/51 50/50/50 56/56/56
f 51/51/51 56/56/56 54/54/54
f 50/50/50 55/55/55 56/56/56
f 52/52/52 54/54/54 57/57/57
f 53/53/53 52/52/52 58/58/58
f 52/52/52 57/57/57 58/58/58
f 54/54/54 56/56/56 59/59/59
f 54/54/54 59/59/59 57/57/57
f 55/55/55 53/53/53 60/60/60
f 53/53/53 58/58/58 60/60/60
f 56/56/56 55/55/55 61/61/61
f 56/56/56 61/61/61 59/59/59
f 55/55/55 60/60/60 61/61/61
f 57/57/57 59/59/59 62/62/62
f 58/58/58 57/57/57 63/63/63
f 57/57/57 62/62/62 63/63/63
f 59/59/59 61/61/61 64/64/64
f 59/59/59 64/64/64 62/62/62
f 60/60/60 58/58/58 65/65/65
f 58/58/58 63/63/63 65/65/65
f 61/61/61 60/60/60 66/66/66
f 61/61/61 66/66/66 64/64/64
f 60/60/60 65/65/65 66/66/66
f 62/62/62 64/64/64 67/67/67
f 63/63/63 62/62/62 68/68/68
f 62/62/62 67/67/67 68/68/68
f 64/64/64 66/66/66 69/69/69
f 64/64/64 69/69/69 67/67/67
f 65/65/65 63/63/63 70/70/70
f 63/63/63 68/68/68 70/70/70
f 66/66/66 65/65/65 71/71/71
f 66/66/66 71/71/71 69/69/69
f 65/65/65 70/70/70 71/71/71
f 67/67/67 69/69/69 72/72/72
f 69/69/69 73/73/73 72/72/72
f 69/69/69 71/71/71 73/73/73
f 67/67/67 72/72/72 74/74/74
f 68/68/68 67/67/67 74/74/74
f 71/71/71 75/75/75 73/73/73
f 71/71/71 70/70/70 75/75/75
f 68/68/68 74/74/74 76/76/76
f 70/70/70 76/76/76 75/75/75
f 70/70/70 68/68/68 76/76/76
f 79/79/79 78/78/78 77/77/77
f 80/80/80 78/78/78 79/79/79
f 81/81/81 78/78/78 80/80/80
f 82/82/82 81/81/81 80/80/80
f 83/83/83 82/82/82 80/80/80
f 83/83/83 80/80/80 84/84/84
f 82/82/82 85/85/85 81/81/81
f 85/85/85 86/86/86 81/81/81
f 87/87/87 83/83/83 84/84/84
f 87/87/87 84/84/84 88/88/88
f 89/89/89 88/88/88 86/86/86
f 85/85/85 89/89/89 86/86/86
f 89/89/89 87/87/87 88/88/88
f 90/90/90 85/85/85 82/82/82
f 91/91/91 82/82/82 83/83/83
f 91/91/91 90/90/90 82/82/82
f 92/92/92 83/83/83 87/87/87
f 92/92/92 91/91/91 83/83/83
f 93/93/93 87/87/87 89/89/89
f 93/93/93 92/92/92 87/87/87
f 94/94/94 89/89/89 85/85/85
f 90/90/90 94/94/94 85/85/85
f 94/94/94 93/93/93 89/89/89
f 95/95/95 90/90/90 91/91/91
f 96/96/96 91/91/91 92/92/92
f 96/96/96 95/95/95 91/91/91
f 97/97/97 92/92/92 93/93/93
f 97/97/97 96/96/96 92/92/92
f 98/98/98 93/93/93 94/94/94
f 98/98/98 97/97/97 93/93/93
f 99/99/99 94/94/94 90/90/90
f 95/95/95 99/99/99 90/90/90
f 99/99/99 98/98/98 94/94/94
f 100/100/100 95/95/95 96/96/96
f 101/101/101 96/96/96 97/97/97
f 101/101/101 100/100/100 96/96/96
f 102/102/102 97/97/97 98/98/98
f 102/102/102 101/101/101 97/97/97
f 103/103/103 98/98/98 99/99/99
f 103/103/103 102/102/102 98/98/98
f 104/104/104 99/99/99 95/95/95
f 100/100/100 104/104/104 95/95/95
f 104/104/104 103/103/103 99/99/99
f 105/105/105 100/100/100 101/101/101
f 106/106/106 101/101/101 102/102/102
f 106/106/106 105/105/105 101/101/101
f 107/107/107 102/102/102 103/103/103
f 107/107/107 106/106/106 102/102/102
f 108/108/108 103/103/103 104/104/104
f 108/108/108 107/107/107 103/103/103
f 109/109/109 104/104/104 100/100/100
f 105/105/105 109/109/109 100/100/100
f 109/109/109 108/108/108 104/104/104
f 110/110/110 105/105/105 106/106/106
f 111/111/111 106/106/106 107/107/107
f 111/111/111 110/110/110 106/106/106
f 112/112/112 107/107/107 108/108/108
f 112/112/112 111/111/111 107/107/107
f 113/113/113 108/108/108 109/109/109
f 113/113/113 112/112/112 108/108/108
f 114/114/114 109/109/109 105/105/105
f 110/110/110 114/114/114 105/105/105
f 114/114/114 113/113/113 109/109/109
f 115/115/115 110/110/110 111/111/111
f 116/116/116 111/111/111 112/112/112
f 116/116/116 115/115/115 111/111/111
f 117/117/117 112/112/112 113/113/113
f 117/117/117 116/116/116 112/112/112
f 118/118/118 113/113/113 114/114/114
f 118/118/118 117/117/117 113/113/113
f 119/119/119 114/114/114 110/110/110
f 115/115/115 119/119/119 110/110/110
f 119/119/119 118/118/118 114/114/114
f 120/120/120 115/115/115 116/116/116
f 121/121/121 116/116/116 117/117/117
f 121/121/121 120/120/120 116/116/116
f 122/122/122 117/117/117 118/118/118
f 122/122/122 121/121/121 117/117/117
f 123/123/123 118/118/118 119/119/119
f 123/123/123 122/122/122 118/118/118
f 124/124/124 119/119/119 115/115/115
f 120/120/120 124/124/124 115/115/115
f 124/124/124 123/123/123 119/119/119
f 125/125/125 120/120/120 121/121/121
f 126/126/126 121/121/121 122/122/122
f 126/126/126 125/125/125 121/121/121
f 127/127/127 122/122/122 123/123/123
f 127/127/127 126/126/126 122/122/122
f 128/128/128 123/123/123 124/124/124
f 128/128/128 127/127/127 123/123/123
f 129/129/129 124/124/124 120/120/120
f 125/125/125 129/129/129 120/120/120
f 129/129/129 128/128/128 124/124/124
f 130/130/130 125/125/125 126/126/126
f 131/131/131 126/126/126 127/127/127
f 131/131/131 130/130/130 126/126/126
f 132/132/132 127/127/127 128/128/128
f 132/132/132 131/131/131 127/127/127
f 133/133/133 128/128/128 129/129/129
f 133/133/133 132/132/132 128/128/128
f 134/134/134 129/129/129 125/125/125
f 130/130/130 134/134/134 125/125/125
f 134/134/134 133/133/133 129/129/129
f 135/135/135 130/130/130 131/131/131
f 136/136/136 131/131/131 132/132/132
f 136/136/136 135/135/135 131/131/131
f 137/137/137 132/132/132 133/133/133
f 137/137/137 136/136/136 132/132/132
f 138/138/138 133/133/133 134/134/134
f 138/138/138 137/137/137 133/133/133
f 139/139/139 134/134/134 130/130/130
f 135/135/135 139/139/139 130/130/130
f 139/139/139 138/138/138 134/134/134
f 140/140/140 135/135/135 136/136/136
f 141/141/141 136/136/136 137/137/137
f 141/141/141 140/140/140 136/136/136
f 142/142/142 137/137/137 138/138/138
f 142/142/142 141/141/141 137/137/137
f 143/143/143 138/138/138 139/139/139
f 143/143/143 142/142/142 138/138/138
f 144/144/144 139/139/139 135/135/135
f 140/140/140 144/144/144 135/135/135
f 144/144/144 143/143/143 139/139/139
f 145/145/145 140/140/140 141/141/141
f 146/146/146 141/141/141 142/142/142
f 146/146/146 145/145/145 141/141/141
f 147/147/147 142/142/142 143/143/143
f 147/147/147 146/146/146 142/142/142
f 148/148/148 143/143/143 144/144/144
f 148/148/148 147/147/147 143/143/143
f 149/149/149 144/144/144 140/140/140
f 145/145/145 149/149/149 140/140/140
f 149/149/149 148/148/148 144/144/144
f 150/150/150 145/145/145 146/146/146
f 151/151/151 146/146/146 147/147/147
f 151/151/151 150/150/150 146/146/146
f 152/152/152 147/147/147 148/148/148
f 152/152/152 151/151/151 147/147/147
f 153/153/153 148/148/148 149/149/149
f 153/153/153 152/152/152 148/148/148
f 154/154/154 149/149/149 145/145/145
f 150/150/150 154/154/154 145/145/145
f 154/154/154 153/153/153 149/149/149
f 155/155/155 150/150/150 151/151/151
f 156/156/156 151/151/151 152/152/152
f 156/156/156 155/155/155 151/151/151
f 157/157/157 152/152/152 153/153/153
f 157/157/157 156/156/156 152/152/152
f 158/158/158 153/153/153 154/154/154
f 158/158/158 157/157/157 153/153/153
f 159/159/159 154/154/154 150/150/150
f 155/155/155 159/159/159 150/150/150
f 159/159/159 158/158/158 154/154/154
f 160/160/160 155/155/155 156/156/156
f 161/161/161 156/156/156 157/157/157
f 161/161/161 160/160/160 156/156/156
f 162/162/162 157/157/157 158/158/158
f 162/162/162 161/161/161 157/157/157
f 163/163/163 158/158/158 159/159/159
f 163/163/163 162/162/162 158/158/158
f 164/164/164 159/159/159 155/155/155
f 160/160/160 164/164/164 155/155/155
f 164/164/164 163/163/163 159/159/159
f 165/165/165 160/160/160 161/161/161
f 166/166/166 161/161/161 162/162/162
f 166/166/166 165/165/165 161/161/161
f 167/167/167 162/162/162 163/163/163
f 167/167/167 166/166/166 162/162/162
f 168/168/168 163/163/163 164/164/164
f 168/168/168 167/167/167 163/163/163
f 169/169/169 164/164/164 160/160/160
f 165/165/165 169/169/169 160/160/160
f 169/169/169 168/168/168 164/164/164
f 170/170/170 165/165/165 166/166/166
f 171/171/171 166/166/166 167/167/167
f 171/171/171 170/170/170 166/166/166
f 172/172/172 167/167/167 168/168/168
f 172/172/172 171/171/171 167/167/167
f 173/173/173 168/168/168 169/169/169
f 173/173/173 172/172/172 168/168/168
f 174/174/174 169/169/169 165/165/165
f 170/170/170 174/174/174 165/165/165
f 174/174/174 173/173/173 169/169/169
f 175/175/175 170/170/170 171/171/171
f 176/176/176 171/171/171 172/172/172
f 176/176/176 175/175/175 171/171/171
f 177/177/177 172/172/172 173/173/173
f 177/177/177 176/176/176 172/172/172
f 178/178/178 173/173/173 174/174/174
f 178/178/178 177/177/177 173/173/173
f 179/179/179 174/174/174 170/170/170
f 175/175/175 179/179/179 170/170/170
f 179/179/179 178/178/178 174/174/174
f 180/180/180 175/175/175 176/176/176
f 181/181/181 176/176/176 177/177/177
f 181/181/181 180/180/180 176/176/176
f 182/182/182 177/177/177 178/178/178
f 182/182/182 181/181/181 177/177/177
f 183/183/183 178/178/178 179/179/179
f 183/183/183 182/182/182 178/178/178
f 184/184/184 179/179/179 175/175/175
f 180/180/180 184/184/184 175/175/175
f 184/184/184 183/183/183 179/179/179
f 185/185/185 180/180/180 181/181/181
f 186/186/186 181/181/181 182/182/182
f 186/186/186 185/185/185 181/181/181
f 187/187/187 182/182/182 183/183/183
f 187/187/187 186/186/186 182/182/182
f 188/188/188 183/183/183 184/184/184
f 188/188/188 187/187/187 183/183/183
f 189/189/189 184/184/184 180/180/180
f 185/185/185 189/189/189 180/180/180
f 189/189/189 188/188/188 184/184/184
f 190/190/190 185/185/185 186/186/186
f 191/191/191 186/186/186 187/187/187
f 191/191/191 190/190/190 186/186/186
f 192/192/192 187/187/187 188/188/188
f 192/192/192 191/191/191 187/187/187
f 193/193/193 188/188/188 189/189/189
f 193/193/193 192/192/192 188/188/188
f 194/194/194 189/189/189 185/185/185
f 190/190/190 194/194/194 185/185/185
f 194/194/194 193/193/193 189/189/189
f 195/195/195 190/190/190 191/191/191
f 196/196/196 191/191/191 192/192/192
f 196/196/196 195/195/195 191/191/191
f 197/197/197 192/192/192 193/193/193
f 197/197/197 196/196/196 192/192/192
f 198/198/198 193/193/193 194/194/194
f 198/198/198 197/197/197 193/193/193
f 199/199/199 194/194/194 190/190/190
f 195/195/195 199/199/199 190/190/190
f 199/199/199 198/198/198 194/194/194
f 200/200/200 195/195/195 196/196/196
f 201/201/201 196/196/196 197/197/197
f 201/201/201 200/200/200 196/196/196
f 202/202/202 197/197/197 198/198/198
f 202/202/202 201/201/201 197/197/197
f 203/203/203 198/198/198 199/199/199
f 203/203/203 202/202/202 198/198/198
f 204/204/204 199/199/199 195/195/195
f 200/200/200 204/204/204 195/195/195
f 204/204/204 203/203/203 199/199/199
f 205/205/205 200/200/200 201/201/201
f 206/206/206 201/201/201 202/202/202
f 206/206/206 205/205/205 201/201/201
f 207/207/207 202/202/202 203/203/203
f 207/207/207 206/206/206 202/202/202
f 208/208/208 203/203/203 204/204/204
f 208/208/208 207/207/207 203/203/203
f 209/209/209 204/204/204 200/200/200
f 205/205/205 209/209/209 200/200/200
f 209/209/209 208/208/208 204/204/204
f 210/210/210 205/205/205 206/206/206
f 211/211/211 206/206/206 207/207/207
f 211/211/211 210/210/210 206/206/206
f 212/212/212 207/207/207 208/208/208
f 212/212/212 211/211/211 207/207/207
f 213/213/213 208/208/208 209/209/209
f 213/213/213 212/212/212 208/208/208
f 214/214/214 209/209/209 205/205/205
f 210/210/210 214/214/214 205/205/205
f 214/214/214 213/213/213 209/209/209
f 215/215/215 210/210/210 211/211/211
f 216/216/216 211/211/211 212/212/212
f 216/216/216 215/215/215 211/211/211
f 217/217/217 212/212/212 213/213/213
f 217/217/217 216/216/216 212/212/212
f 218/218/218 213/213/213 214/214/214
f 218/218/218 217/217/217 213/213/213
f 219/219/219 214/214/214 210/210/210
f 215/215/215 219/219/219 210/210/210
f 219/219/219 218/218/218 214/214/214
f 220/220/220 215/215/215 216/216/216
f 221/221/221 216/216/216 217/217/217
f 221/221/221 220/220/220 216/216/216
f 222/222/222 217/217/217 218/218/218
f 222/222/222 221/221/221 217/217/217
f 223/223/223 218/218/218 219/219/219
f 223/223/223 222/222/222 218/218/218
f 224/224/224 219/219/219 215/215/215
f 220/220/220 224/224/224 215/215/215
f 224/224/224 223/223/223 219/219/219
f 225/225/225 220/220/220 221/221/221
f 226/226/226 221/221/221 222/222/222
f 226/226/226 225/225/225 221/221/221
f 227/227/227 222/222/222 223/223/223
f 227/227/227 226/226/226 222/222/222
f 228/228/228 223/223/223 224/224/224
f 228/228/228 227/227/227 223/223/223
f 229/229/229 224/224/224 220/220/220
f 225/225/225 229/229/229 220/220/220
f 229/229/229 228/228/228 224/224/224
f 230/230/230 225/225/225 226/226/226
f 231/231/231 226/226/226 227/227/227
f 231/231/231 230/230/230 226/226/226
f 232/232/232 227/227/227 228/228/228
f 232/232/232 231/231/231 227/227/227
f 233/233/233 228/228/228 229/229/229
f 233/233/233 232/232/232 228/228/228
f 234/234/234 229/229/229 225/225/225
f 230/230/230 234/234/234 225/225/225
f 234/234/234 233/233/233 229/229/229
f 235/235/235 230/230/230 231/231/231
f 236/236/236 231/231/231 232/232/232
f 236/236/236 235/235/235 231/231/231
f 237/237/237 232/232/232 233/233/233
f 237/237/237 236/236/236 232/232/232
f 238/238/238 233/233/233 234/234/234
f 238/238/238 237/237/237 233/233/233
f 239/239/239 234/234/234 230/230/230
f 235/235/235 239/239/239 230/230/230
f 239/239/239 238/238/238 234/234/234
f 240/240/240 235/235/235 236/236/236
f 241/241/241 236/236/236 237/237/237
f 241/241/241 240/240/240 236/236/236
f 242/242/242 237/237/237 238/238/238
f 242/242/242 241/241/241 237/237/237
f 243/243/243 238/238/238 239/239/239
f 243/243/243 242/242/242 238/238/238
f 244/244/244 239/239/239 235/235/235
f 240/240/240 244/244/244 235/235/235
f 244/244/244 243/243/243 239/239/239
f 245/245/245 240/240/240 241/241/241
f 246/246/246 241/241/241 242/242/242
f 246/246/246 245/245/245 241/241/241
f 247/247/247 242/242/242 243/243/243
f 247/247/247 246/246/246 242/242/242
f 248/248/248 243/243/243 244/244/244
f 248/248/248 247/247/247 243/243/243
f 249/249/249 244/244/244 240/240/240
f 245/245/245 249/249/249 240/240/240
f 249/249/249 248/248/248 244/244/244
f 245/245/245 246/246/246 250/250/250
f 246/246/246 247/247/247 251/251/251
f 250/250/250 246/246/246 251/251/251
f 247/247/247 248/248/248 252/252/252
f 251/251/251 247/247/247 252/252/252
f 248/248/248 249/249/249 253/253/253
f 252/252/252 248/248/248 253/253/253
f 249/249/249 245/245/245 254/254/254
f 254/254/254 245/245/245 250/250/250
f 253/253/253 249/249/249 254/254/254
f 255/255/255 250/250/250 251/251/251
f 256/256/256 251/251/251 252/252/252
f 256/256/256 255/255/255 251/251/251
f 257/257/257 254/254/254 250/250/250
f 255/255/255 257/257/257 250/250/250
f 258/258/258 252/252/252 253/253/253
f 258/258/258 256/256/256 252/252/252
f 259/259/259 253/253/253 254/254/254
f 257/257/257 259/259/259 254/254/254
f 259/259/259 258/258/258 253/253/253
f 260/260/260 257/257/257 255/255/255
f 261/261/261 255/255/255 256/256/256
f 261/261/261 260/260/260 255/255/255
f 262/262/262 256/256/256 258/258/258
f 262/262/262 261/261/261 256/256/256
f 263/263/263 258/258/258 259/259/259
f 263/263/263 262/262/262 258/258/258
f 264/264/264 259/259/259 257/257/257
f 260/260/260 264/264/264 257/257/257
f 264/264/264 263/263/263 259/259/259
f 265/265/265 260/260/260 261/261/261
f 266/266/266 261/261/261 262/262/262
f 266/266/266 265/265/265 261/261/261
f 267/267/267 262/262/262 263/263/263
f 267/267/267 266/266/266 262/262/262
f 268/268/268 263/263/263 264/264/264
f 268/268/268 267/267/267 263/263/263
f 269/269/269 264/264/264 260/260/260
f 265/265/265 269/269/269 260/260/260
f 269/269/269 268/268/268 264/264/264
f 270/270/270 265/265/265 266/266/266
f 271/271/271 266/266/266 267/267/267
f 271/271/271 270/270/270 266/266/266
f 272/272/272 267/267/267 268/268/268
f 272/272/272 271/271/271 267/267/267
f 273/273/273 268/268/268 269/269/269
f 273/273/273 272/272/272 268/268/268
f 274/274/274 269/269/269 265/265/265
f 270/270/270 274/274/274 265/265/265
f 274/274/274 273/273/273 269/269/269
f 275/275/275 270/270/270 271/271/271
f 276/276/276 271/271/271 272/272/272
f 276/276/276 275/275/275 271/271/271
f 277/277/277 272/272/272 273/273/273
f 277/277/277 276/276/276 272/272/272
f 278/278/278 273/273/273 274/274/274
f 278/278/278 277/277/277 273/273/273
f 279/279/279 274/274/274 270/270/270
f 275/275/275 279/279/279 270/270/270
f 279/279/279 278/278/278 274/274/274
f 280/280/280 275/275/275 276/276/276
f 281/281/281 276/276/276 277/277/277
f 281/281/281 280/280/280 276/276/276
f 282/282/282 277/277/277 278/278/278
f 282/282/282 281/281/281 277/277/277
f 283/283/283 278/278/278 279/279/279
f 283/283/283 282/282/282 278/278/278
f 284/284/284 279/279/279 275/275/275
f 280/280/280 284/284/284 275/275/275
f 284/284/284 283/283/283 279/279/279
f 285/285/285 280/280/280 281/281/281
f 286/286/286 281/281/281 282/282/282
f 286/286/286 285/285/285 281/281/281
f 287/287/287 282/282/282 283/283/283
f 287/287/287 286/286/286 282/282/282
f 288/288/288 283/283/283 284/284/284
f 288/288/288 287/287/287 283/283/283
f 289/289/289 284/284/284 280/280/280
f 285/285/285 289/289/289 280/280/280
f 289/289/289 288/288/288 284/284/284
f 290/290/290 285/285/285 286/286/286
f 291/291/291 286/286/286 287/287/287
f 291/291/291 290/290/290 286/286/286
f 292/292/292 287/287/287 288/288/288
f 292/292/292 291/291/291 287/287/287
f 293/293/293 288/288/288 289/289/289
f 293/293/293 292/292/292 288/288/288
f 294/294/294 289/289/289 285/285/285
f 290/290/290 294/294/294 285/285/285
f 294/294/294 293/293/293 289/289/289
f 295/295/295 290/290/290 291/291/291
f 296/296/296 291/291/291 292/292/292
f 296/296/296 295/295/295 291/291/291
f 297/297/297 292/292/292 293/293/293
f 297/297/297 296/296/296 292/292/292
f 298/298/298 293/293/293 294/294/294
f 298/298/298 297/297/297 293/293/293
f 299/299/299 294/294/294 290/290/290
f 295/295/295 299/299/299 290/290/290
f 299/299/299 298/298/298 294/294/294
f 300/300/300 295/295/295 296/296/296
f 301/301/301 296/296/296 297/297/297
f 301/301/301 300/300/300 296/296/296
f 302/302/302 297/297/297 298/298/298
f 302/302/302 301/301/301 297/297/297
f 303/303/303 298/298/298 299/299/299
f 303/303/303 302/302/302 298/298/298
f 304/304/304 299/299/299 295/295/295
f 300/300/300 304/304/304 295/295/295
f 304/304/304 303/303/303 299/299/299
f 305/305/305 300/300/300 301/301/301
f 306/306/306 301/301/301 302/302/302
f 306/306/306 305/305/305 301/301/301
f 307/307/307 302/302/302 303/303/303
f 307/307/307 306/306/306 302/302/302
f 308/308/308 303/303/303 304/304/304
f 308/308/308 307/307/307 303/303/303
f 309/309/309 304/304/304 300/300/300
f 305/305/305 309/309/309 300/300/300
f 309/309/309 308/308/308 304/304/304
f 310/310/310 305/305/305 306/306/306
f 311/311/311 306/306/306 307/307/307
f 311/311/311 310/310/310 306/306/306
f 312/312/312 307/307/307 308/308/308
f 312/312/312 311/311/311 307/307/307
f 313/313/313 308/308/308 309/309/309
f 313/313/313 312/312/312 308/308/308
f 314/314/314 309/309/309 305/305/305
f 310/310/310 314/314/314 305/305/305
f 314/314/314 313/313/313 309/309/309
f 315/315/315 310/310/310 311/311/311
f 316/316/316 311/311/311 312/312/312
f 316/316/316 315/315/315 311/311/311
f 317/317/317 312/312/312 313/313/313
f 317/317/317 316/316/316 312/312/312
f 318/318/318 313/313/313 314/314/314
f 318/318/318 317/317/317 313/313/313
f 319/319/319 314/314/314 310/310/310
f 315/315/315 319/319/319 310/310/310
f 319/319/319 318/318/318 314/314/314
f 320/320/320 315/315/315 316/316/316
f 321/321/321 316/316/316 317/317/317
f 321/321/321 320/320/320 316/316/316
f 322/322/322 317/317/317 318/318/318
f 322/322/322 321/321/321 317/317/317
f 323/323/323 318/318/318 319/319/319
f 323/323/323 322/322/322 318/318/318
f 324/324/324 319/319/319 315/315/315
f 320/320/320 324/324/324 315/315/315
f 324/324/324 323/323/323 319/319/319
f 325/325/325 320/320/320 321/321/321
f 326/326/326 321/321/321 322/322/322
f 326/326/326 325/325/325 321/321/321
f 327/327/327 322/322/322 323/323/323
f 327/327/327 326/326/326 322/322/322
f 328/328/328 323/323/323 324/324/324
f 328/328/328 327/327/327 323/323/323
f 329/329/329 324/324/324 320/320/320
f 325/325/325 329/329/329 320/320/320
f 329/329/329 328/328/328 324/324/324
f 330/330/330 325/325/325 326/326/326
f 331/331/331 326/326/326 327/327/327
f 331/331/331 330/330/330 326/326/326
f 332/332/332 327/327/327 328/328/328
f 332/332/332 331/331/331 327/327/327
f 333/333/333 328/328/328 329/329/329
f 333/333/333 332/332/332 328/328/328
f 334/334/334 329/329/329 325/325/325
f 330/330/330 334/334/334 325/325/325
f 334/334/334 333/333/333 329/329/329
f 335/335/335 330/330/330 331/331/331
f 336/336/336 331/331/331 332/332/332
f 336/336/336 335/335/335 331/331/331
f 337/337/337 332/332/332 333/333/333
f 337/337/337 336/336/336 332/332/332
f 338/338/338 333/333/333 334/334/334
f 338/338/338 337/337/337 333/333/333
f 339/339/339 334/334/334 330/330/330
f 335/335/335 339/339/339 330/330/330
f 339/339/339 338/338/338 334/334/334
f 340/340/340 335/335/335 336/336/336
f 341/341/341 336/336/336 337/337/337
f 341/341/341 340/340/340 336/336/336
f 342/342/342 337/337/337 338/338/338
f 342/342/342 341/341/341 337/337/337
f 343/343/343 338/338/338 339/339/339
f 343/343/343 342/342/342 338/338/338
f 344/344/344 339/339/339 335/335/335
f 340/340/340 344/344/344 335/335/335
f 344/344/344 343/343/343 339/339/339
f 345/345/345 340/340/340 341/341/341
f 346/346/346 341/341/341 342/342/342
f 346/346/346 345/345/345 341/341/341
f 347/347/347 342/342/342 343/343/343
f 347/347/347 346/346/346 342/342/342
f 348/348/348 343/343/343 344/344/344
f 348/348/348 347/347/347 343/343/343
f 349/349/349 344/344/344 340/340/340
f 345/345/345 349/349/349 340/340/340
f 349/349/349 348/348/348 344/344/344
f 350/350/350 345/345/345 346/346/346
f 351/351/351 346/346/346 347/347/347
f 351/351/351 350/350/350 346/346/346
f 352/352/352 347/347/347 348/348/348
f 352/352/352 351/351/351 347/347/347
f 353/353/353 348/348/348 349/349/349
f 353/353/353 352/352/352 348/348/348
f 354/354/354 349/349/349 345/345/345
f 350/350/350 354/354/354 345/345/345
f 354/354/354 353/353/353 349/349/349
f 355/355/355 350/350/350 351/351/351
f 356/356/356 351/351/351 352/352/352
f 356/356/356 355/355/355 351/351/351
f 357/357/357 352/352/352 353/353/353
f 357/357/357 356/356/356 352/352/352
f 358/358/358 353/353/353 354/354/354
f 358/358/358 357/357/357 353/353/353
f 359/359/359 354/354/354 350/350/350
f 355/355/355 359/359/359 350/350/350
f 359/359/359 358/358/358 354/354/354
f 360/360/360 355/355/355 356/356/356
f 361/361/361 356/356/356 357/357/357
f 361/361/361 360/360/360 356/356/356
f 362/362/362 357/357/357 358/358/358
f 362/362/362 361/361/361 357/357/357
f 363/363/363 358/358/358 359/359/359
f 363/363/363 362/362/362 358/358/358
f 364/364/364 359/359/359 355/355/355
f 360/360/360 364/364/364 355/355/355
f 364/364/364 363/363/363 359/359/359
f 365/365/365 360/360/360 361/361/361
f 366/366/366 361/361/361 362/362/362
f 366/366/366 365/365/365 361/361/361
f 367/367/367 362/362/362 363/363/363
f 367/367/367 366/366/366 362/362/362
f 368/368/368 363/363/363 364/364/364
f 368/368/368 367/367/367 363/363/363
f 369/369/369 364/364/364 360/360/360
f 365/365/365 369/369/369 360/360/360
f 369/369/369 368/368/368 364/364/364
f 370/370/370 365/365/365 366/366/366
f 371/371/371 366/366/366 367/367/367
f 371/371/371 370/370/370 366/366/366
f 372/372/372 367/367/367 368/368/368
f 372/372/372 371/371/371 367/367/367
f 373/373/373 368/368/368 369/369/369
f 373/373/373 372/372/372 368/368/368
f 374/374/374 369/369/369 365/365/365
f 370/370/370 374/374/374 365/365/365
f 374/374/374 373/373/373 369/369/369
f 375/375/375 370/370/370 371/371/371
f 376/376/376 371/371/371 372/372/372
f 376/376/376 375/375/375 371/371/371
f 377/377/377 372/372/372 373/373/373
f 377/377/377 376/376/376 372/372/372
f 378/378/378 373/373/373 374/374/374
f 378/378/378 377/377/377 373/373/373
f 379/379/379 374/374/374 370/370/370
f 375/375/375 379/379/379 370/370/370
f 379/379/379 378/378/378 374/374/374
f 380/380/380 375/375/375 376/376/376
f 381/381/381 376/376/376 377/377/377
f 381/381/381 380/380/380 376/376/376
f 382/382/382 377/377/377 378/378/378
f 382/382/382 381/381/381 377/377/377
f 383/383/383 378/378/378 379/379/379
f 383/383/383 382/382/382 378/378/378
f 384/384/384 379/379/379 375/375/375
f 380/380/380 384/384/384 375/375/375
f 384/384/384 383/383/383 379/379/379
f 385/385/385 380/380/380 381/381/381
f 386/386/386 381/381/381 382/382/382
f 386/386/386 385/385/385 381/381/381
f 387/387/387 382/382/382 383/383/383
f 387/387/387 386/386/386 382/382/382
f 388/388/388 383/383/383 384/384/384
f 388/388/388 387/387/387 383/383/383
f 389/389/389 384/384/384 380/380/380
f 385/385/385 389/389/389 380/380/380
f 389/389/389 388/388/388 384/384/384
f 390/390/390 385/385/385 386/386/386
f 391/391/391 386/386/386 387/387/387
f 391/391/391 390/390/390 386/386/386
f 392/392/392 387/387/387 388/388/388
f 392/392/392 391/391/391 387/387/387
f 393/393/393 388/388/388 389/389/389
f 393/393/393 392/392/392 388/388/388
f 394/394/394 389/389/389 385/385/385
f 390/390/390 394/394/394 385/385/385
f 394/394/394 393/393/393 389/389/389
f 395/395/395 390/390/390 391/391/391
f 396/396/396 391/391/391 392/392/392
f 396/396/396 395/395/395 391/391/391
f 397/397/397 392/392/392 393/393/393
f 397/397/397 396/396/396 392/392/392
f 398/398/398 393/393/393 394/394/394
f 398/398/398 397/397/397 393/393/393
f 399/399/399 394/394/394 390/390/390
f 395/395/395 399/399/399 390/390/390
f 399/399/399 398/398/398 394/394/394
f 400/400/400 395/395/395 396/396/396
f 401/401/401 396/396/396 397/397/397
f 401/401/401 400/400/400 396/396/396
f 402/402/402 397/397/397 398/398/398
f 402/402/402 401/401/401 397/397/397
f 403/403/403 398/398/398 399/399/399
f 403/403/403 402/402/402 398/398/398
f 404/404/404 399/399/399 395/395/395
f 400/400/400 404/404/404 395/395/395
f 404/404/404 403/403/403 399/399/399
f 405/405/405 400/400/400 401/401/401
f 406/406/406 401/401/401 402/402/402
f 406/406/406 405/405/405 401/401/401
f 407/407/407 402/402/402 403/403/403
f 407/407/407 406/406/406 402/402/402
f 408/408/408 403/403/403 404/404/404
f 408/408/408 407/407/407 403/403/403
f 409/409/409 404/404/404 400/400/400
f 405/405/405 409/409/409 400/400/400
f 409/409/409 408/408/408 404/404/404
f 410/410/410 405/405/405 406/406/406
f 411/411/411 406/406/406 407/407/407
f 411/411/411 410/410/410 406/406/406
f 412/412/412 407/407/407 408/408/408
f 412/412/412 411/411/411 407/407/407
f 413/413/413 408/408/408 409/409/409
f 413/413/413 412/412/412 408/408/408
f 414/414/414 409/409/409 405/405/405
f 410/410/410 414/414/414 405/405/405
f 414/414/414 413/413/413 409/409/409
f 415/415/415 410/410/410 411/411/411
f 416/416/416 411/411/411 412/412/412
f 416/416/416 415/415/415 411/411/411
f 417/417/417 412/412/412 413/413/413
f 417/417/417 416/416/416 412/412/412
f 418/418/418 413/413/413 414/414/414
f 418/418/418 417/417/417 413/413/413
f 419/419/419 414/414/414 410/410/410
f 415/415/415 419/419/419 410/410/410
f 419/419/419 418/418/418 414/414/414
f 420/420/420 415/415/415 416/416/416
f 421/421/421 416/416/416 417/417/417
f 421/421/421 420/420/420 416/416/416
f 422/422/422 417/417/417 418/418/418
f 422/422/422 421/421/421 417/417/417
f 423/423/423 418/418/418 419/419/419
f 423/423/423 422/422/422 418/418/418
f 424/424/424 419/419/419 415/415/415
f 420/420/420 424/424/424 415/415/415
f 424/424/424 423/423/423 419/419/419
f 425/425/425 420/420/420 421/421/421
f 426/426/426 421/421/421 422/422/422
f 426/426/426 425/425/425 421/421/421
f 427/427/427 422/422/422 423/423/423
f 427/427/427 426/426/426 422/422/422
f 428/428/428 423/423/423 424/424/424
f 428/428/428 427/427/427 423/423/423
f 429/429/429 424/424/424 420/420/420
f 425/425/425 429/429/429 420/420/420
f 429/429/429 428/428/428 424/424/424
f 430/430/430 425/425/425 426/426/426
f 431/431/431 426/426/426 427/427/427
f 431/431/431 430/430/430 426/426/426
f 432/432/432 427/427/427 428/428/428
f 432/432/432 431/431/431 427/427/427
f 433/433/433 428/428/428 429/429/429
f 433/433/433 432/432/432 428/428/428
f 434/434/434 429/429/429 425/425/425
f 430/430/430 434/434/434 425/425/425
f 434/434/434 433/433/433 429/429/429
f 435/435/435 430/430/430 431/431/431
f 436/436/436 431/431/431 432/432/432
f 436/436/436 435/435/435 431/431/431
f 437/437/437 432/432/432 433/433/433
f 437/437/437 436/436/436 432/432/432
f 438/438/438 433/433/433 434/434/434
f 438/438/438 437/437/437 433/433/433
f 439/439/439 434/434/434 430/430/430
f 435/435/435 439/439/439 430/430/430
f 439/439/439 438/438/438 434/434/434
f 440/440/440 435/435/435 436/436/436
f 441/441/441 436/436/436 437/437/437
f 441/441/441 440/440/440 436/436/436
f 442/442/442 437/437/437 438/438/438
f 442/442/442 441/441/441 437/437/437
f 443/443/443 438/438/438 439/439/439
f 443/443/443 442/442/442 438/438/438
f 444/444/444 439/439/439 435/435/435
f 440/440/440 444/444/444 435/435/435
f 444/444/444 443/443/443 439/439/439
f 445/445/445 440/440/440 441/441/441
f 446/446/446 441/441/441 442/442/442
f 446/446/446 445/445/445 441/441/441
f 447/447/447 442/442/442 443/443/443
f 447/447/447 446/446/446 442/442/442
f 448/448/448 443/443/443 444/444/444
f 448/448/448 447/447/447 443/443/443
f 449/449/449 444/444/444 440/440/440
f 445/445/445 449/449/449 440/440/440
f 449/449/449 448/448/448 444/444/444
f 450/450/450 445/445/445 446/446/446
f 451/451/451 446/446/446 447/447/447
f 451/451/451 450/450/450 446/446/446
f 452/452/452 447/447/447 448/448/448
f 452/452/452 451/451/451 447/447/447
f 453/453/453 448/448/448 449/449/449
f 453/453/453 452/452/452 448/448/448
f 454/454/454 449/449/449 445/445/445
f 450/450/450 454/454/454 445/445/445
f 454/454/454 453/453/453 449/449/449
f 455/455/455 450/450/450 451/451/451
f 456/456/456 451/451/451 452/452/452
f 456/456/456 455/455/455 451/451/451
f 457/457/457 452/452/452 453/453/453
f 457/457/457 456/456/456 452/452/452
f 458/458/458 453/453/453 454/454/454
f 458/458/458 457/457/457 453/453/453
f 459/459/459 454/454/454 450/450/450
f 455/455/455 459/459/459 450/450/450
f 459/459/459 458/458/458 454/454/454
f 460/460/460 455/455/455 456/456/456
f 461/461/461 456/456/456 457/457/457
f 461/461/461 460/460/460 456/456/456
f 462/462/462 457/457/457 458/458/458
f 462/462/462 461/461/461 457/457/457
f 463/463/463 458/458/458 459/459/459
f 463/463/463 462/462/462 458/458/458
f 464/464/464 459/459/459 455/455/455
f 460/460/460 464/464/464 455/455/455
f 464/464/464 463/463/463 459/459/459
f 465/465/465 460/460/460 461/461/461
f 466/466/466 461/461/461 462/462/462
f 466/466/466 465/465/465 461/461/461
f 467/467/467 462/462/462 463/463/463
f 467/467/467 466/466/466 462/462/462
f 468/468/468 463/463/463 464/464/464
f 468/468/468 467/467/467 463/463/463
f 469/469/469 464/464/464 460/460/460
f 465/465/465 469/469/469 460/460/460
f 469/469/469 468/468/468 464/464/464
f 470/470/470 465/465/465 466/466/466
f 471/471/471 466/466/466 467/467/467
f 471/471/471 470/470/470 466/466/466
f 472/472/472 467/467/467 468/468/468
f 472/472/472 471/471/471 467/467/467
f 473/473/473 468/468/468 469/469/469
f 473/473/473 472/472/472 468/468/468
f 474/474/474 469/469/469 465/465/465
f 470/470/470 474/474/474 465/465/465
f 474/474/474 473/473/473 469/469/469
f 475/475/475 470/470/470 471/471/471
f 476/476/476 471/471/471 472/472/472
f 476/476/476 475/475/475 471/471/471
f 477/477/477 472/472/472 473/473/473
f 477/477/477 476/476/476 472/472/472
f 478/478/478 473/473/473 474/474/474
f 478/478/478 477/477/477 473/473/473
f 479/479/479 474/474/474 470/470/470
f 475/475/475 479/479/479 470/470/470
f 479/479/479 478/478/478 474/474/474
f 480/480/480 475/475/475 476/476/476
f 481/481/481 476/476/476 477/477/477
f 481/481/481 480/480/480 476/476/476
f 482/482/482 477/477/477 478/478/478
f 482/482/482 481/481/481 477/477/477
f 483/483/483 478/478/478 479/479/479
f 483/483/483 482/482/482 478/478/478
f 484/484/484 479/479/479 475/475/475
f 480/480/480 484/484/484 475/475/475
f 484/484/484 483/483/483 479/479/479
f 485/485/485 480/480/480 481/481/481
f 486/486/486 481/481/481 482/482/482
f 486/486/486 485/485/485 481/481/481
f 487/487/487 482/482/482 483/483/483
f 487/487/487 486/486/486 482/482/482
f 488/488/488 483/483/483 484/484/484
f 488/488/488 487/487/487 483/483/483
f 489/489/489 484/484/484 480/480/480
f 485/485/485 489/489/489 480/480/480
f 489/489/489 488/488/488 484/484/484
f 490/490/490 485/485/485 486/486/486
f 491/491/491 486/486/486 487/487/487
f 491/491/491 490/490/490 486/486/486
f 492/492/492 487/487/487 488/488/488
f 492/492/492 491/491/491 487/487/487
f 493/493/493 488/488/488 489/489/489
f 493/493/493 492/492/492 488/488/488
f 494/494/494 489/489/489 485/485/485
f 490/490/490 494/494/494 485/485/485
f 494/494/494 493/493/493 489/489/489
f 495/495/495 490/490/490 491/491/491
f 496/496/496 491/491/491 492/492/492
f 496/496/496 495/495/495 491/491/491
f 497/497/497 492/492/492 493/493/493
f 497/497/497 496/496/496 492/492/492
f 498/498/498 493/493/493 494/494/494
f 498/498/498 497/497/497 493/493/493
f 499/499/499 494/494/494 490/490/490
f 495/495/495 499/499/499 490/490/490
f 499/499/499 498/498/498 494/494/494
f 495/495/495 500/500/500 499/499/499
f 500/500/500 495/495/495 496/496/496
f 499/499/499 501/501/501 498/498/498
f 500/500/500 501/501/501 499/499/499
f 498/498/498 502/502/502 497/497/497
f 501/501/501 502/502/502 498/498/498
f 497/497/497 503/503/503 496/496/496
f 502/502/502 503/503/503 497/497/497
f 504/504/504 500/500/500 496/496/496
f 503/503/503 504/504/504 496/496/496
f 500/500/500 505/505/505 501/501/501
f 505/505/505 500/500/500 504/504/504
f 501/501/501 506/506/506 502/502/502
f 505/505/505 506/506/506 501/501/501
f 502/502/502 507/507/507 503/503/503
f 506/506/506 507/507/507 502/502/502
f 503/503/503 508/508/508 504/504/504
f 507/507/507 508/508/508 503/503/503
f 509/509/509 505/505/505 504/504/504
f 508/508/508 509/509/509 504/504/504
f 510/510/510 507/507/507 506/506/506
f 511/511/511 506/506/506 505/505/505
f 511/511/511 510/510/510 506/506/506
f 512/512/512 505/505/505 509/509/509
f 512/512/512 511/511/511 505/505/505
f 513/513/513 509/509/509 508/508/508
f 513/513/513 512/512/512 509/509/509
f 514/514/514 508/508/508 507/507/507
f 510/510/510 514/514/514 507/507/507
f 514/514/514 513/513/513 508/508/508
f 515/515/515 510/510/510 511/511/511
f 516/516/516 511/511/511 512/512/512
f 516/516/516 515/515/515 511/511/511
f 517/517/517 512/512/512 513/513/513
f 517/517/517 516/516/516 512/512/512
f 518/518/518 513/513/513 514/514/514
f 518/518/518 517/517/517 513/513/513
f 519/519/519 514/514/514 510/510/510
f 515/515/515 519/519/519 510/510/510
f 519/519/519 518/518/518 514/514/514
f 520/520/520 515/515/515 516/516/516
f 521/521/521 516/516/516 517/517/517
f 521/521/521 520/520/520 516/516/516
f 522/522/522 517/517/517 518/518/518
f 522/522/522 521/521/521 517/517/517
f 523/523/523 518/518/518 519/519/519
f 523/523/523 522/522/522 518/518/518
f 524/524/524 519/519/519 515/515/515
f 520/520/520 524/524/524 515/515/515
f 524/524/524 523/523/523 519/519/519
f 525/525/525 520/520/520 521/521/521
f 526/526/526 521/521/521 522/522/522
f 526/526/526 525/525/525 521/521/521
f 527/527/527 522/522/522 523/523/523
f 527/527/527 526/526/526 522/522/522
f 528/528/528 523/523/523 524/524/524
f 528/528/528 527/527/527 523/523/523
f 529/529/529 524/524/524 520/520/520
f 525/525/525 529/529/529 520/520/520
f 529/529/529 528/528/528 524/524/524
f 530/530/530 525/525/525 526/526/526
f 531/531/531 526/526/526 527/527/527
f 531/531/531 530/530/530 526/526/526
f 532/532/532 527/527/527 528/528/528
f 532/532/532 531/531/531 527/527/527
f 533/533/533 528/528/528 529/529/529
f 533/533/533 532/532/532 528/528/528
f 534/534/534 529/529/529 525/525/525
f 530/530/530 534/534/534 525/525/525
f 534/534/534 533/533/533 529/529/529
f 535/535/535 530/530/530 531/531/531
f 536/536/536 531/531/531 532/532/532
f 536/536/536 535/535/535 531/531/531
f 537/537/537 532/532/532 533/533/533
f 537/537/537 536/536/536 532/532/532
f 538/538/538 533/533/533 534/534/534
f 538/538/538 537/537/537 533/533/533
f 539/539/539 534/534/534 530/530/530
f 535/535/535 539/539/539 530/530/530
f 539/539/539 538/538/538 534/534/534
f 540/540/540 535/535/535 536/536/536
f 541/541/541 536/536/536 537/537/537
f 541/541/541 540/540/540 536/536/536
f 542/542/542 537/537/537 538/538/538
f 542/542/542 541/541/541 537/537/537
f 543/543/543 538/538/538 539/539/539
f 543/543/543 542/542/542 538/538/538
f 544/544/544 539/539/539 535/535/535
f 540/540/540 544/544/544 535/535/535
f 544/544/544 543/543/543 539/539/539
f 545/545/545 540/540/540 541/541/541
f 546/546/546 541/541/541 542/542/542
f 546/546/546 545/545/545 541/541/541
f 547/547/547 542/542/542 543/543/543
f 547/547/547 546/546/546 542/542/542
f 548/548/548 543/543/543 544/544/544
f 548/548/548 547/547/547 543/543/543
f 549/549/549 544/544/544 540/540/540
f 545/545/545 549/549/549 540/540/540
f 549/549/549 548/548/548 544/544/544
f 550/550/550 545/545/545 546/546/546
f 551/551/551 546/546/546 547/547/547
f 551/551/551 550/550/550 546/546/546
f 552/552/552 547/547/547 548/548/548
f 552/552/552 551/551/551 547/547/547
f 553/553/553 548/548/548 549/549/549
f 553/553/553 552/552/552 548/548/548
f 554/554/554 549/549/549 545/545/545
f 550/550/550 554/554/554 545/545/545
f 554/554/554 553/553/553 549/549/549
f 555/555/555 550/550/550 551/551/551
f 556/556/556 551/551/551 552/552/552
f 556/556/556 555/555/555 551/551/551
f 557/557/557 552/552/552 553/553/553
f 557/557/557 556/556/556 552/552/552
f 558/558/558 553/553/553 554/554/554
f 558/558/558 557/557/557 553/553/553
f 559/559/559 554/554/554 550/550/550
f 555/555/555 559/559/559 550/550/550
f 559/559/559 558/558/558 554/554/554
f 560/560/560 555/555/555 556/556/556
f 561/561/561 556/556/556 557/557/557
f 561/561/561 560/560/560 556/556/556
f 562/562/562 557/557/557 558/558/558
f 562/562/562 561/561/561 557/557/557
f 563/563/563 558/558/558 559/559/559
f 563/563/563 562/562/562 558/558/558
f 564/564/564 559/559/559 555/555/555
f 560/560/560 564/564/564 555/555/555
f 564/564/564 563/563/563 559/559/559
f 565/565/565 560/560/560 561/561/561
f 566/566/566 561/561/561 562/562/562
f 566/566/566 565/565/565 561/561/561
f 567/567/567 562/562/562 563/563/563
f 567/567/567 566/566/566 562/562/562
f 568/568/568 563/563/563 564/564/564
f 568/568/568 567/567/567 563/563/563
f 569/569/569 564/564/564 560/560/560
f 565/565/565 569/569/569 560/560/560
f 569/569/569 568/568/568 564/564/564
f 570/570/570 565/565/565 566/566/566
f 571/571/571 566/566/566 567/567/567
f 571/571/571 570/570/570 566/566/566
f 572/572/572 567/567/567 568/568/568
f 572/572/572 571/571/571 567/567/567
f 573/573/573 568/568/568 569/569/569
f 573/573/573 572/572/572 568/568/568
f 574/574/574 569/569/569 565/565/565
f 570/570/570 574/574/574 565/565/565
f 574/574/574 573/573/573 569/569/569
f 575/575/575 570/570/570 571/571/571
f 576/576/576 571/571/571 572/572/572
f 576/576/576 575/575/575 571/571/571
f 577/577/577 572/572/572 573/573/573
f 577/577/577 576/576/576 572/572/572
f 578/578/578 573/573/573 574/574/574
f 578/578/578 577/577/577 573/573/573
f 579/579/579 574/574/574 570/570/570
f 575/575/575 579/579/579 570/570/570
f 579/579/579 578/578/578 574/574/574
f 580/580/580 575/575/575 576/576/576
f 581/581/581 576/576/576 577/577/577
f 581/581/581 580/580/580 576/576/576
f 582/582/582 577/577/577 578/578/578
f 582/582/582 581/581/581 577/577/577
f 583/583/583 578/578/578 579/579/579
f 583/583/583 582/582/582 578/578/578
f 584/584/584 579/579/579 575/575/575
f 580/580/580 584/584/584 575/575/575
f 584/584/584 583/583/583 579/579/579
f 585/585/585 580/580/580 581/581/581
f 586/586/586 581/581/581 582/582/582
f 586/586/586 585/585/585 581/581/581
f 587/587/587 582/582/582 583/583/583
f 587/587/587 586/586/586 582/582/582
f 588/588/588 583/583/583 584/584/584
f 588/588/588 587/587/587 583/583/583
f 589/589/589 584/584/584 580/580/580
f 585/585/585 589/589/589 580/580/580
f 589/589/589 588/588/588 584/584/584
f 590/590/590 585/585/585 586/586/586
f 591/591/591 586/586/586 587/587/587
f 591/591/591 590/590/590 586/586/586
f 592/592/592 587/587/587 588/588/588
f 592/592/592 591/591/591 587/587/587
f 593/593/593 588/588/588 589/589/589
f 593/593/593 592/592/592 588/588/588
f 594/594/594 589/589/589 585/585/585
f 590/590/590 594/594/594 585/585/585
f 594/594/594 593/593/593 589/589/589
f 595/595/595 590/590/590 591/591/591
f 596/596/596 591/591/591 592/592/592
f 596/596/596 595/595/595 591/591/591
f 597/597/597 592/592/592 593/593/593
f 597/597/597 596/596/596 592/592/592
f 598/598/598 593/593/593 594/594/594
f 598/598/598 597/597/597 593/593/593
f 599/599/599 594/594/594 590/590/590
f 595/595/595 599/599/599 590/590/590
f 599/599/599 598/598/598 594/594/594
f 600/600/600 595/595/595 596/596/596
f 601/601/601 596/596/596 597/597/597
f 601/601/601 600/600/600 596/596/596
f 602/602/602 597/597/597 598/598/598
f 602/602/602 601/601/601 597/597/597
f 603/603/603 598/598/598 599/599/599
f 603/603/603 602/602/602 598/598/598
f 604/604/604 599/599/599 595/595/595
f 600/600/600 604/604/604 595/595/595
f 604/604/604 603/603/603 599/599/599
f 605/605/605 600/600/600 601/601/601
f 606/606/606 601/601/601 602/602/602
f 606/606/606 605/605/605 601/601/601
f 607/607/607 602/602/602 603/603/603
f 607/607/607 606/606/606 602/602/602
f 608/608/608 603/603/603 604/604/604
f 608/608/608 607/607/607 603/603/603
f 609/609/609 604/604/604 600/600/600
f 605/605/605 609/609/609 600/600/600
f 609/609/609 608/608/608 604/604/604
f 610/610/610 605/605/605 606/606/606
f 611/611/611 606/606/606 607/607/607
f 611/611/611 610/610/610 606/606/606
f 612/612/612 607/607/607 608/608/608
f 612/612/612 611/611/611 607/607/607
f 613/613/613 608/608/608 609/609/609
f 613/613/613 612/612/612 608/608/608
f 614/614/614 609/609/609 605/605/605
f 610/610/610 614/614/614 605/605/605
f 614/614/614 613/613/613 609/609/609
f 615/615/615 610/610/610 611/611/611
f 616/616/616 611/611/611 612/612/612
f 616/616/616 615/615/615 611/611/611
f 617/617/617 612/612/612 613/613/613
f 617/617/617 616/616/616 612/612/612
f 618/618/618 613/613/613 614/614/614
f 618/618/618 617/617/617 613/613/613
f 619/619/619 614/614/614 610/610/610
f 615/615/615 619/619/619 610/610/610
f 619/619/619 618/618/618 614/614/614
f 620/620/620 615/615/615 616/616/616
f 621/621/621 616/616/616 617/617/617
f 621/621/621 620/620/620 616/616/616
f 622/622/622 617/617/617 618/618/618
f 622/622/622 621/621/621 617/617/617
f 623/623/623 618/618/618 619/619/619
f 623/623/623 622/622/622 618/618/618
f 624/624/624 619/619/619 615/615/615
f 620/620/620 624/624/624 615/615/615
f 624/624/624 623/623/623 619/619/619
f 625/625/625 620/620/620 621/621/621
f 626/626/626 621/621/621 622/622/622
f 626/626/626 625/625/625 621/621/621
f 627/627/627 622/622/622 623/623/623
f 627/627/627 626/626/626 622/622/622
f 628/628/628 623/623/623 624/624/624
f 628/628/628 627/627/627 623/623/623
f 629/629/629 624/624/624 620/620/620
f 625/625/625 629/629/629 620/620/620
f 629/629/629 628/628/628 624/624/624
f 630/630/630 625/625/625 626/626/626
f 631/631/631 626/626/626 627/627/627
f 631/631/631 630/630/630 626/626/626
f 632/632/632 627/627/627 628/628/628
f 632/632/632 631/631/631 627/627/627
f 633/633/633 628/628/628 629/629/629
f 633/633/633 632/632/632 628/628/628
f 634/634/634 629/629/629 625/625/625
f 630/630/630 634/634/634 625/625/625
f 634/634/634 633/633/633 629/629/629
f 635/635/635 630/630/630 631/631/631
f 636/636/636 631/631/631 632/632/632
f 636/636/636 635/635/635 631/631/631
f 637/637/637 632/632/632 633/633/633
f 637/637/637 636/636/636 632/632/632
f 638/638/638 633/633/633 634/634/634
f 638/638/638 637/637/637 633/633/633
f 639/639/639 634/634/634 630/630/630
f 635/635/635 639/639/639 630/630/630
f 639/639/639 638/638/638 634/634/634
f 640/640/640 635/635/635 636/636/636
f 641/641/641 636/636/636 637/637/637
f 641/641/641 640/640/640 636/636/636
f 642/642/642 637/637/637 638/638/638
f 642/642/642 641/641/641 637/637/637
f 643/643/643 638/638/638 639/639/639
f 643/643/643 642/642/642 638/638/638
f 644/644/644 639/639/639 635/635/635
f 640/640/640 644/644/644 635/635/635
f 644/644/644 643/643/643 639/639/639
f 645/645/645 640/640/640 641/641/641
f 646/646/646 641/641/641 642/642/642
f 646/646/646 645/645/645 641/641/641
f 647/647/647 642/642/642 643/643/643
f 647/647/647 646/646/646 642/642/642
f 648/648/648 643/643/643 644/644/644
f 648/648/648 647/647/647 643/643/643
f 649/649/649 644/644/644 640/640/640
f 645/645/645 649/649/649 640/640/640
f 649/649/649 648/648/648 644/644/644
f 650/650/650 645/645/645 646/646/646
f 651/651/651 650/650/650 646/646/646
f 651/651/651 646/646/646 647/647/647
f 650/650/650 652/652/652 645/645/645
f 652/652/652 649/649/649 645/645/645
f 653/653/653 651/651/651 647/647/647
f 653/653/653 647/647/647 648/648/648
f 652/652/652 654/654/654 649/649/649
f 654/654/654 653/653/653 648/648/648
f 654/654/654 648/648/648 649/649/649
f 657/657/657 656/656/656 655/655/655
f 656/656/656 658/658/658 655/655/655
f 655/655/655 658/658/658 659/659/659
f 656/656/656 660/660/660 658/658/658
f 658/658/658 661/661/661 659/659/659
f 659/659/659 661/661/661 662/662/662
f 660/660/660 663/663/663 658/658/658
f 658/658/658 663/663/663 661/661/661
f 661/661/661 664/664/664 662/662/662
f 662/662/662 664/664/664 665/665/665
f 660/660/660 666/666/666 663/663/663
f 660/660/660 667/667/667 666/666/666
f 667/667/667 668/668/668 666/666/666
f 668/668/668 667/667/667 669/669/669
f 663/663/663 670/670/670 661/661/661
f 661/661/661 670/670/670 664/664/664
f 666/666/666 671/671/671 663/663/663
f 663/663/663 671/671/671 670/670/670
f 666/666/666 672/672/672 671/671/671
f 664/664/664 673/673/673 665/665/665
f 665/665/665 673/673/673 674/674/674
f 670/670/670 675/675/675 664/664/664
f 664/664/664 675/675/675 673/673/673
f 672/672/672 676/676/676 671/671/671
f 672/672/672 677/677/677 676/676/676
f 677/677/677 678/678/678 676/676/676
f 671/671/671 679/679/679 670/670/670
f 671/671/671 676/676/676 679/679/679
f 670/670/670 679/679/679 675/675/675
f 676/676/676 678/678/678 680/680/680
f 676/676/676 680/680/680 679/679/679
f 678/678/678 681/681/681 680/680/680
f 673/673/673 682/682/682 674/674/674
f 674/674/674 682/682/682 683/683/683
f 679/679/679 684/684/684 675/675/675
f 679/679/679 680/680/680 684/684/684
f 680/680/680 681/681/681 685/685/685
f 680/680/680 685/685/685 684/684/684
f 681/681/681 686/686/686 685/685/685
f 675/675/675 687/687/687 673/673/673
f 675/675/675 684/684/684 687/687/687
f 673/673/673 687/687/687 682/682/682
f 682/682/682 688/688/688 683/683/683
f 683/683/683 688/688/688 689/689/689
f 685/685/685 686/686/686 690/690/690
f 686/686/686 691/691/691 690/690/690
f 684/684/684 685/685/685 692/692/692
f 684/684/684 692/692/692 687/687/687
f 685/685/685 690/690/690 692/692/692
f 687/687/687 693/693/693 682/682/682
f 687/687/687 692/692/692 693/693/693
f 682/682/682 693/693/693 688/688/688
f 688/688/688 694/694/694 689/689/689
f 689/689/689 694/694/694 695/695/695
f 690/690/690 691/691/691 696/696/696
f 691/691/691 697/697/697 696/696/696
f 692/692/692 690/690/690 698/698/698
f 692/692/692 698/698/698 693/693/693
f 690/690/690 696/696/696 698/698/698
f 693/693/693 699/699/699 688/688/688
f 693/693/693 698/698/698 699/699/699
f 688/688/688 699/699/699 694/694/694
f 694/694/694 700/700/700 695/695/695
f 695/695/695 700/700/700 701/701/701
f 696/696/696 697/697/697 702/702/702
f 697/697/697 703/703/703 702/702/702
f 698/698/698 696/696/696 704/704/704
f 698/698/698 704/704/704 699/699/699
f 696/696/696 702/702/702 704/704/704
f 699/699/699 705/705/705 694/694/694
f 699/699/699 704/704/704 705/705/705
f 694/694/694 705/705/705 700/700/700
f 700/700/700 706/706/706 701/701/701
f 701/701/701 706/706/706 707/707/707
f 702/702/702 703/703/703 708/708/708
f 703/703/703 709/709/709 708/708/708
f 704/704/704 702/702/702 710/710/710
f 704/704/704 710/710/710 705/705/705
f 702/702/702 708/708/708 710/710/710
f 705/705/705 711/711/711 700/700/700
f 705/705/705 710/710/710 711/711/711
f 700/700/700 711/711/711 706/706/706
f 706/706/706 712/712/712 707/707/707
f 707/707/707 712/712/712 713/713/713
f 708/708/708 709/709/709 714/714/714
f 709/709/709 715/715/715 714/714/714
f 710/710/710 708/708/708 716/716/716
f 710/710/710 716/716/716 711/711/711
f 708/708/708 714/714/714 716/716/716
f 711/711/711 717/717/717 706/706/706
f 711/711/711 716/716/716 717/717/717
f 706/706/706 717/717/717 712/712/712
f 712/712/712 718/718/718 713/713/713
f 713/713/713 718/718/718 719/719/719
f 714/714/714 715/715/715 720/720/720
f 715/715/715 721/721/721 720/720/720
f 716/716/716 714/714/714 722/722/722
f 716/716/716 722/722/722 717/717/717
f 714/714/714 720/720/720 722/722/722
f 717/717/717 723/723/723 712/712/712
f 717/717/717 722/722/722 723/723/723
f 712/712/712 723/723/723 718/718/718
f 718/718/718 724/724/724 719/719/719
f 719/719/719 724/724/724 725/725/725
f 720/720/720 721/721/721 726/726/726
f 721/721/721 727/727/727 726/726/726
f 722/722/722 720/720/720 728/728/728
f 722/722/722 728/728/728 723/723/723
f 720/720/720 726/726/726 728/728/728
f 723/723/723 729/729/729 718/718/718
f 723/723/723 728/728/728 729/729/729
f 718/718/718 729/729/729 724/724/724
f 724/724/724 730/730/730 725/725/725
f 725/725/725 730/730/730 731/731/731
f 726/726/726 727/727/727 732/732/732
f 727/727/727 733/733/733 732/732/732
f 728/728/728 726/726/726 734/734/734
f 728/728/728 734/734/734 729/729/729
f 726/726/726 732/732/732 734/734/734
f 729/729/729 735/735/735 724/724/724
f 729/729/729 734/734/734 735/735/735
f 724/724/724 735/735/735 730/730/730
f 730/730/730 736/736/736 731/731/731
f 731/731/731 736/736/736 737/737/737
f 732/732/732 733/733/733 738/738/738
f 733/733/733 739/739/739 738/738/738
f 734/734/734 732/732/732 740/740/740
f 734/734/734 740/740/740 735/735/735
f 732/732/732 738/738/738 740/740/740
f 735/735/735 741/741/741 730/730/730
f 735/735/735 740/740/740 741/741/741
f 730/730/730 741/741/741 736/736/736
f 736/736/736 742/742/742 737/737/737
f 737/737/737 742/742/742 743/743/743
f 738/738/738 739/739/739 744/744/744
f 739/739/739 745/745/745 744/744/744
f 740/740/740 738/738/738 746/746/746
f 740/740/740 746/746/746 741/741/741
f 738/738/738 744/744/744 746/746/746
f 741/741/741 747/747/747 736/736/736
f 741/741/741 746/746/746 747/747/747
f 736/736/736 747/747/747 742/742/742
f 742/742/742 748/748/748 743/743/743
f 743/743/743 748/748/748 749/749/749
f 744/744/744 745/745/745 750/750/750
f 745/745/745 751/751/751 750/750/750
f 746/746/746 744/744/744 752/752/752
f 746/746/746 752/752/752 747/747/747
f 744/744/744 750/750/750 752/752/752
f 747/747/747 753/753/753 742/742/742
f 747/747/747 752/752/752 753/753/753
f 742/742/742 753/753/753 748/748/748
f 748/748/748 754/754/754 749/749/749
f 749/749/749 754/754/754 755/755/755
f 750/750/750 751/751/751 756/756/756
f 751/751/751 757/757/757 756/756/756
f 752/752/752 750/750/750 758/758/758
f 752/752/752 758/758/758 753/753/753
f 750/750/750 756/756/756 758/758/758
f 753/753/753 759/759/759 748/748/748
f 753/753/753 758/758/758 759/759/759
f 748/748/748 759/759/759 754/754/754
f 754/754/754 760/760/760 755/755/755
f 755/755/755 760/760/760 761/761/761
f 756/756/756 757/757/757 762/762/762
f 757/757/757 763/763/763 762/762/762
f 758/758/758 756/756/756 764/764/764
f 758/758/758 764/764/764 759/759/759
f 756/756/756 762/762/762 764/764/764
f 759/759/759 765/765/765 754/754/754
f 759/759/759 764/764/764 765/765/765
f 754/754/754 765/765/765 760/760/760
f 760/760/760 766/766/766 761/761/761
f 761/761/761 766/766/766 767/767/767
f 762/762/762 763/763/763 768/768/768
f 763/763/763 769/769/769 768/768/768
f 764/764/764 762/762/762 770/770/770
f 764/764/764 770/770/770 765/765/765
f 762/762/762 768/768/768 770/770/770
f 765/765/765 771/771/771 760/760/760
f 765/765/765 770/770/770 771/771/771
f 760/760/760 771/771/771 766/766/766
f 766/766/766 772/772/772 767/767/767
f 767/767/767 772/772/772 773/773/773
f 768/768/768 769/769/769 774/774/774
f 769/769/769 775/775/775 774/774/774
f 770/770/770 768/768/768 776/776/776
f 770/770/770 776/776/776 771/771/771
f 768/768/768 774/774/774 776/776/776
f 771/771/771 777/777/777 766/766/766
f 771/771/771 776/776/776 777/777/777
f 766/766/766 777/777/777 772/772/772
f 772/772/772 778/778/778 773/773/773
f 773/773/773 778/778/778 779/779/779
f 774/774/774 775/775/775 780/780/780
f 775/775/775 781/781/781 780/780/780
f 776/776/776 774/774/774 782/782/782
f 776/776/776 782/782/782 777/777/777
f 774/774/774 780/780/780 782/782/782
f 777/777/777 783/783/783 772/772/772
f 777/777/777 782/782/782 783/783/783
f 772/772/772 783/783/783 778/778/778
f 778/778/778 784/784/784 779/779/779
f 779/779/779 784/784/784 785/785/785
f 780/780/780 781/781/781 786/786/786
f 781/781/781 787/787/787 786/786/786
f 782/782/782 780/780/780 788/788/788
f 782/782/782 788/788/788 783/783/783
f 780/780/780 786/786/786 788/788/788
f 783/783/783 789/789/789 778/778/778
f 783/783/783 788/788/788 789/789/789
f 778/778/778 789/789/789 784/784/784
f 784/784/784 790/790/790 785/785/785
f 785/785/785 790/790/790 791/791/791
f 786/786/786 787/787/787 792/792/792
f 787/787/787 793/793/793 792/792/792
f 788/788/788 786/786/786 794/794/794
f 788/788/788 794/794/794 789/789/789
f 786/786/786 792/792/792 794/794/794
f 789/789/789 795/795/795 784/784/784
f 789/789/789 794/794/794 795/795/795
f 784/784/784 795/795/795 790/790/790
f 790/790/790 796/796/796 791/791/791
f 791/791/791 796/796/796 797/797/797
f 792/792/792 793/793/793 798/798/798
f 793/793/793 799/799/799 798/798/798
f 794/794/794 792/792/792 800/800/800
f 794/794/794 800/800/800 795/795/795
f 792/792/792 798/798/798 800/800/800
f 795/795/795 801/801/801 790/790/790
f 795/795/795 800/800/800 801/801/801
f 790/790/790 801/801/801 796/796/796
f 796/796/796 802/802/802 797/797/797
f 797/797/797 802/802/802 803/803/803
f 798/798/798 799/799/799 804/804/804
f 799/799/799 805/805/805 804/804/804
f 800/800/800 798/798/798 806/806/806
f 800/800/800 806/806/806 801/801/801
f 798/798/798 804/804/804 806/806/806
f 801/801/801 807/807/807 796/796/796
f 801/801/801 806/806/806 807/807/807
f 796/796/796 807/807/807 802/802/802
f 802/802/802 808/808/808 803/803/803
f 803/803/803 808/808/808 809/809/809
f 804/804/804 805/805/805 810/810/810
f 805/805/805 811/811/811 810/810/810
f 806/806/806 804/804/804 812/812/812
f 806/806/806 812/812/812 807/807/807
f 804/804/804 810/810/810 812/812/812
f 807/807/807 813/813/813 802/802/802
f 807/807/807 812/812/812 813/813/813
f 802/802/802 813/813/813 808/808/808
f 808/808/808 814/814/814 809/809/809
f 809/809/809 814/814/814 815/815/815
f 810/810/810 811/811/811 816/816/816
f 811/811/811 817/817/817 816/816/816
f 812/812/812 810/810/810 818/818/818
f 812/812/812 818/818/818 813/813/813
f 810/810/810 816/816/816 818/818/818
f 813/813/813 819/819/819 808/808/808
f 813/813/813 818/818/818 819/819/819
f 808/808/808 819/819/819 814/814/814
f 814/814/814 820/820/820 815/815/815
f 815/815/815 820/820/820 821/821/821
f 816/816/816 817/817/817 822/822/822
f 817/817/817 823/823/823 822/822/822
f 818/818/818 816/816/816 824/824/824
f 818/818/818 824/824/824 819/819/819
f 816/816/816 822/822/822 824/824/824
f 819/819/819 825/825/825 814/814/814
f 819/819/819 824/824/824 825/825/825
f 814/814/814 825/825/825 820/820/820
f 822/822/822 823/823/823 826/826/826
f 823/823/823 827/827/827 826/826/826
f 824/824/824 822/822/822 828/828/828
f 824/824/824 828/828/828 825/825/825
f 822/822/822 826/826/826 828/828/828
f 825/825/825 829/829/829 820/820/820
f 825/825/825 828/828/828 829/829/829
f 820/820/820 830/830/830 821/821/821
f 820/820/820 829/829/829 830/830/830
f 826/826/826 827/827/827 831/831/831
f 827/827/827 832/832/832 831/831/831
f 828/828/828 826/826/826 833/833/833
f 828/828/828 833/833/833 829/829/829
f 826/826/826 831/831/831 833/833/833
f 831/831/831 832/832/832 834/834/834
f 832/832/832 835/835/835 834/834/834
f 834/834/834 835/835/835 836/836/836
f 829/829/829 833/833/833 837/837/837
f 829/829/829 837/837/837 830/830/830
f 833/833/833 831/831/831 838/838/838
f 831/831/831 834/834/834 838/838/838
f 833/833/833 838/838/838 837/837/837
f 821/821/821 830/830/830 839/839/839
f 836/836/836 821/821/821 839/839/839
f 838/838/838 834/834/834 840/840/840
f 840/840/840 834/834/834 836/836/836
f 830/830/830 837/837/837 841/841/841
f 839/839/839 830/830/830 841/841/841
f 837/837/837 838/838/838 842/842/842
f 842/842/842 838/838/838 840/840/840
f 841/841/841 837/837/837 842/842/842
f 836/836/836 839/839/839 843/843/843
f 840/840/840 836/836/836 844/844/844
f 836/836/836 843/843/843 844/844/844
f 842/842/842 840/840/840 845/845/845
f 840/840/840 844/844/844 845/845/845
f 841/841/841 842/842/842 846/846/846
f 842/842/842 845/845/845 846/846/846
f 839/839/839 841/841/841 847/847/847
f 839/839/839 847/847/847 843/843/843
f 841/841/841 846/846/846 847/847/847
f 843/843/843 847/847/847 848/848/848
f 847/847/847 849/849/849 848/848/848
f 847/847/847 846/846/846 849/849/849
f 848/848/848 849/849/849 850/850/850
f 844/844/844 843/843/843 851/851/851
f 843/843/843 852/852/852 851/851/851
f 845/845/845 844/844/844 853/853/853
f 844/844/844 851/851/851 853/853/853
f 846/846/846 845/845/845 854/854/854
f 846/846/846 854/854/854 849/849/849
f 845/845/845 853/853/853 854/854/854
f 849/849/849 855/855/855 850/850/850
f 849/849/849 854/854/854 855/855/855
f 850/850/850 855/855/855 856/856/856
f 851/851/851 852/852/852 857/857/857
f 852/852/852 858/858/858 857/857/857
f 853/853/853 851/851/851 859/859/859
f 851/851/851 857/857/857 859/859/859
f 854/854/854 853/853/853 860/860/860
f 854/854/854 860/860/860 855/855/855
f 853/853/853 859/859/859 860/860/860
f 855/855/855 861/861/861 856/856/856
f 855/855/855 860/860/860 861/861/861
f 856/856/856 861/861/861 862/862/862
f 857/857/857 858/858/858 863/863/863
f 858/858/858 864/864/864 863/863/863
f 859/859/859 857/857/857 865/865/865
f 857/857/857 863/863/863 865/865/865
f 860/860/860 859/859/859 866/866/866
f 860/860/860 866/866/866 861/861/861
f 859/859/859 865/865/865 866/866/866
f 861/861/861 867/867/867 862/862/862
f 861/861/861 866/866/866 867/867/867
f 862/862/862 867/867/867 868/868/868
f 863/863/863 864/864/864 869/869/869
f 864/864/864 870/870/870 869/869/869
f 865/865/865 863/863/863 871/871/871
f 863/863/863 869/869/869 871/871/871
f 866/866/866 865/865/865 872/872/872
f 866/866/866 872/872/872 867/867/867
f 865/865/865 871/871/871 872/872/872
f 867/867/867 873/873/873 868/868/868
f 867/867/867 872/872/872 873/873/873
f 868/868/868 873/873/873 874/874/874
f 869/869/869 870/870/870 875/875/875
f 870/870/870 876/876/876 875/875/875
f 871/871/871 869/869/869 877/877/877
f 869/869/869 875/875/875 877/877/877
f 872/872/872 871/871/871 878/878/878
f 872/872/872 878/878/878 873/873/873
f 871/871/871 877/877/877 878/878/878
f 873/873/873 879/879/879 874/874/874
f 873/873/873 878/878/878 879/879/879
f 874/874/874 879/879/879 880/880/880
f 875/875/875 876/876/876 881/881/881
f 876/876/876 882/882/882 881/881/881
f 877/877/877 875/875/875 883/883/883
f 875/875/875 881/881/881 883/883/883
f 878/878/878 877/877/877 884/884/884
f 878/878/878 884/884/884 879/879/879
f 877/877/877 883/883/883 884/884/884
f 879/879/879 885/885/885 880/880/880
f 879/879/879 884/884/884 885/885/885
f 880/880/880 885/885/885 886/886/886
f 881/881/881 882/882/882 887/887/887
f 882/882/882 888/888/888 887/887/887
f 883/883/883 881/881/881 889/889/889
f 881/881/881 887/887/887 889/889/889
f 884/884/884 883/883/883 890/890/890
f 884/884/884 890/890/890 885/885/885
f 883/883/883 889/889/889 890/890/890
f 885/885/885 891/891/891 886/886/886
f 885/885/885 890/890/890 891/891/891
f 886/886/886 891/891/891 892/892/892
f 887/887/887 888/888/888 893/893/893
f 888/888/888 894/894/894 893/893/893
f 889/889/889 887/887/887 895/895/895
f 887/887/887 893/893/893 895/895/895
f 890/890/890 889/889/889 896/896/896
f 890/890/890 896/896/896 891/891/891
f 889/889/889 895/895/895 896/896/896
f 891/891/891 897/897/897 892/892/892
f 891/891/891 896/896/896 897/897/897
f 892/892/892 897/897/897 898/898/898
f 893/893/893 894/894/894 899/899/899
f 894/894/894 900/900/900 899/899/899
f 895/895/895 893/893/893 901/901/901
f 893/893/893 899/899/899 901/901/901
f 896/896/896 895/895/895 902/902/902
f 896/896/896 902/902/902 897/897/897
f 895/895/895 901/901/901 902/902/902
f 897/897/897 903/903/903 898/898/898
f 897/897/897 902/902/902 903/903/903
f 898/898/898 903/903/903 904/904/904
f 899/899/899 900/900/900 905/905/905
f 900/900/900 906/906/906 905/905/905
f 901/901/901 899/899/899 907/907/907
f 899/899/899 905/905/905 907/907/907
f 902/902/902 901/901/901 908/908/908
f 902/902/902 908/908/908 903/903/903
f 901/901/901 907/907/907 908/908/908
f 903/903/903 909/909/909 904/904/904
f 903/903/903 908/908/908 909/909/909
f 904/904/904 909/909/909 910/910/910
f 905/905/905 906/906/906 911/911/911
f 906/906/906 912/912/912 911/911/911
f 907/907/907 905/905/905 913/913/913
f 905/905/905 911/911/911 913/913/913
f 908/908/908 907/907/907 914/914/914
f 908/908/908 914/914/914 909/909/909
f 907/907/907 913/913/913 914/914/914
f 909/909/909 915/915/915 910/910/910
f 909/909/909 914/914/914 915/915/915
f 910/910/910 915/915/915 916/916/916
f 911/911/911 912/912/912 917/917/917
f 912/912/912 918/918/918 917/917/917
f 913/913/913 911/911/911 919/919/919
f 911/911/911 917/917/917 919/919/919
f 914/914/914 913/913/913 920/920/920
f 914/914/914 920/920/920 915/915/915
f 913/913/913 919/919/919 920/920/920
f 915/915/915 921/921/921 916/916/916
f 915/915/915 920/920/920 921/921/921
f 916/916/916 921/921/921 922/922/922
f 921/921/921 923/923/923 922/922/922
f 920/920/920 924/924/924 921/921/921
f 921/921/921 924/924/924 923/923/923
f 920/920/920 919/919/919 924/924/924
f 924/924/924 925/925/925 923/923/923
f 919/919/919 926/926/926 924/924/924
f 924/924/924 926/926/926 925/925/925
f 919/919/919 917/917/917 926/926/926
f 926/926/926 927/927/927 925/925/925
f 917/917/917 928/928/928 926/926/926
f 926/926/926 928/928/928 927/927/927
f 917/917/917 918/918/918 928/928/928
f 928/928/928 929/929/929 927/927/927
f 930/930/930 922/922/922 929/929/929
f 918/918/918 930/930/930 928/928/928
f 928/928/928 930/930/930 929/929/929
f 933/933/933 932/932/932 931/931/931
f 932/932/932 934/934/934 931/931/931
f 931/931/931 934/934/934 935/935/935
f 932/932/932 936/936/936 934/934/934
f 934/934/934 937/937/937 935/935/935
f 935/935/935 937/937/937 938/938/938
f 936/936/936 939/939/939 934/934/934
f 934/934/934 939/939/939 937/937/937
f 936/936/936 940/940/940 939/939/939
f 937/937/937 941/941/941 938/938/938
f 938/938/938 941/941/941 942/942/942
f 940/940/940 943/943/943 939/939/939
f 940/940/940 944/944/944 943/943/943
f 939/939/939 945/945/945 937/937/937
f 937/937/937 945/945/945 941/941/941
f 939/939/939 943/943/943 945/945/945
f 941/941/941 946/946/946 942/942/942
f 942/942/942 946/946/946 947/947/947
f 944/944/944 948/948/948 943/943/943
f 944/944/944 949/949/949 948/948/948
f 949/949/949 950/950/950 948/948/948
f 943/943/943 951/951/951 945/945/945
f 943/943/943 948/948/948 951/951/951
f 945/945/945 952/952/952 941/941/941
f 941/941/941 952/952/952 946/946/946
f 945/945/945 951/951/951 952/952/952
f 948/948/948 950/950/950 953/953/953
f 948/948/948 953/953/953 951/951/951
f 950/950/950 954/954/954 953/953/953
f 946/946/946 955/955/955 947/947/947
f 947/947/947 955/955/955 956/956/956
f 951/951/951 957/957/957 952/952/952
f 951/951/951 953/953/953 957/957/957
f 953/953/953 954/954/954 958/958/958
f 953/953/953 958/958/958 957/957/957
f 954/954/954 959/959/959 958/958/958
f 952/952/952 960/960/960 946/946/946
f 952/952/952 957/957/957 960/960/960
f 946/946/946 960/960/960 955/955/955
f 955/955/955 961/961/961 956/956/956
f 956/956/956 961/961/961 962/962/962
f 958/958/958 959/959/959 963/963/963
f 959/959/959 964/964/964 963/963/963
f 957/957/957 958/958/958 965/965/965
f 957/957/957 965/965/965 960/960/960
f 958/958/958 963/963/963 965/965/965
f 960/960/960 966/966/966 955/955/955
f 960/960/960 965/965/965 966/966/966
f 955/955/955 966/966/966 961/961/961
f 961/961/961 967/967/967 962/962/962
f 962/962/962 967/967/967 968/968/968
f 963/963/963 964/964/964 969/969/969
f 964/964/964 970/970/970 969/969/969
f 965/965/965 963/963/963 971/971/971
f 965/965/965 971/971/971 966/966/966
f 963/963/963 969/969/969 971/971/971
f 966/966/966 972/972/972 961/961/961
f 966/966/966 971/971/971 972/972/972
f 961/961/961 972/972/972 967/967/967
f 967/967/967 973/973/973 968/968/968
f 968/968/968 973/973/973 974/974/974
f 969/969/969 970/970/970 975/975/975
f 970/970/970 976/976/976 975/975/975
f 971/971/971 969/969/969 977/977/977
f 971/971/971 977/977/977 972/972/972
f 969/969/969 975/975/975 977/977/977
f 972/972/972 978/978/978 967/967/967
f 972/972/972 977/977/977 978/978/978
f 967/967/967 978/978/978 973/973/973
f 973/973/973 979/979/979 974/974/974
f 974/974/974 979/979/979 980/980/980
f 975/975/975 976/976/976 981/981/981
f 976/976/976 982/982/982 981/981/981
f 977/977/977 975/975/975 983/983/983
f 977/977/977 983/983/983 978/978/978
f 975/975/975 981/981/981 983/983/983
f 978/978/978 984/984/984 973/973/973
f 978/978/978 983/983/983 984/984/984
f 973/973/973 984/984/984 979/979/979
f 979/979/979 985/985/985 980/980/980
f 980/980/980 985/985/985 986/986/986
f 981/981/981 982/982/982 987/987/987
f 982/982/982 988/988/988 987/987/987
f 983/983/983 981/981/981 989/989/989
f 983/983/983 989/989/989 984/984/984
f 981/981/981 987/987/987 989/989/989
f 984/984/984 990/990/990 979/979/979
f 984/984/984 989/989/989 990/990/990
f 979/979/979 990/990/990 985/985/985
f 985/985/985 991/991/991 986/986/986
f 986/986/986 991/991/991 992/992/992
f 987/987/987 988/988/988 993/993/993
f 988/988/988 994/994/994 993/993/993
f 989/989/989 987/987/987 995/995/995
f 989/989/989 995/995/995 990/990/990
f 987/987/987 993/993/993 995/995/995
f 990/990/990 996/996/996 985/985/985
f 990/990/990 995/995/995 996/996/996
f 985/985/985 996/996/996 991/991/991
f 991/991/991 997/997/997 992/992/992
f 992/992/992 997/997/997 998/998/998
f 993/993/993 994/994/994 999/999/999
f 994/994/994 1000/1000/1000 999/999/999
f 995/995/995 993/993/993 1001/1001/1001
f 995/995/995 1001/1001/1001 996/996/996
f 993/993/993 999/999/999 1001/1001/1001
f 996/996/996 1002/1002/1002 991/991/991
f 996/996/996 1001/1001/1001 1002/1002/1002
f 991/991/991 1002/1002/1002 997/997/997
f 999/999/999 1000/1000/1000 1003/1003/1003
f 1000/1000/1000 1004/1004/1004 1003/1003/1003
f 1001/1001/1001 999/999/999 1005/1005/1005
f 1001/1001/1001 1005/1005/1005 1002/1002/1002
f 999/999/999 1003/1003/1003 1005/1005/1005
f 1002/1002/1002 1006/1006/1006 997/997/997
f 1002/1002/1002 1005/1005/1005 1006/1006/1006
f 1003/1003/1003 1004/1004/1004 1007/1007/1007
f 1004/1004/1004 1008/1008/1008 1007/1007/1007
f 1005/1005/1005 1003/1003/1003 1009/1009/1009
f 1005/1005/1005 1009/1009/1009 1006/1006/1006
f 1003/1003/1003 1007/1007/1007 1009/1009/1009
f 997/997/997 1006/1006/1006 1010/1010/1010
f 997/997/997 1010/1010/1010 998/998/998
f 1007/1007/1007 1008/1008/1008 1011/1011/1011
f 1008/1008/1008 998/998/998 1011/1011/1011
f 1009/1009/1009 1007/1007/1007 1012/1012/1012
f 1007/1007/1007 1011/1011/1011 1012/1012/1012
f 1006/1006/1006 1009/1009/1009 1013/1013/1013
f 1006/1006/1006 1013/1013/1013 1010/1010/1010
f 1009/1009/1009 1012/1012/1012 1013/1013/1013
f 998/998/998 1010/1010/1010 1014/1014/1014
f 1011/1011/1011 998/998/998 1015/1015/1015
f 998/998/998 1014/1014/1014 1015/1015/1015
f 1010/1010/1010 1013/1013/1013 1016/1016/1016
f 1010/1010/1010 1016/1016/1016 1014/1014/1014
f 1012/1012/1012 1011/1011/1011 1017/1017/1017
f 1011/1011/1011 1015/1015/1015 1017/1017/1017
f 1013/1013/1013 1012/1012/1012 1018/1018/1018
f 1013/1013/1013 1018/1018/1018 1016/1016/1016
f 1012/1012/1012 1017/1017/1017 1018/1018/1018
f 1015/1015/1015 1014/1014/1014 1019/1019/1019
f 1015/1015/1015 1019/1019/1019 1017/1017/1017
f 1014/1014/1014 1016/1016/1016 1020/1020/1020
f 1014/1014/1014 1021/1021/1021 1019/1019/1019
f 1016/1016/1016 1022/1022/1022 1020/1020/1020
f 1016/1016/1016 1018/1018/1018 1022/1022/1022
f 1020/1020/1020 1022/1022/1022 1023/1023/1023
f 1018/1018/1018 1017/1017/1017 1024/1024/1024
f 1018/1018/1018 1024/1024/1024 1022/1022/1022
f 1019/1019/1019 1025/1025/1025 1017/1017/1017
f 1017/1017/1017 1025/1025/1025 1024/1024/1024
f 1019/1019/1019 1021/1021/1021 1026/1026/1026
f 1021/1021/1021 1023/1023/1023 1026/1026/1026
f 1022/1022/1022 1024/1024/1024 1027/1027/1027
f 1022/1022/1022 1027/1027/1027 1023/1023/1023
f 1025/1025/1025 1019/1019/1019 1028/1028/1028
f 1019/1019/1019 1026/1026/1026 1028/1028/1028
f 1024/1024/1024 1025/1025/1025 1029/1029/1029
f 1024/1024/1024 1029/1029/1029 1027/1027/1027
f 1025/1025/1025 1028/1028/1028 1029/1029/1029
f 1023/1023/1023 1027/1027/1027 1030/1030/1030
f 1026/1026/1026 1023/1023/1023 1031/1031/1031
f 1023/1023/1023 1030/1030/1030 1031/1031/1031
f 1027/1027/1027 1029/1029/1029 1032/1032/1032
f 1027/1027/1027 1032/1032/1032 1030/1030/1030
f 1028/1028/1028 1026/1026/1026 1033/1033/1033
f 1026/1026/1026 1031/1031/1031 1033/1033/1033
f 1029/1029/1029 1028/1028/1028 1034/1034/1034
f 1029/1029/1029 1034/1034/1034 1032/1032/1032
f 1028/1028/1028 1033/1033/1033 1034/1034/1034
f 1030/1030/1030 1032/1032/1032 1035/1035/1035
f 1031/1031/1031 1030/1030/1030 1036/1036/1036
f 1030/1030/1030 1035/1035/1035 1036/1036/1036
f 1032/1032/1032 1034/1034/1034 1037/1037/1037
f 1032/1032/1032 1037/1037/1037 1035/1035/1035
f 1033/1033/1033 1031/1031/1031 1038/1038/1038
f 1031/1031/1031 1036/1036/1036 1038/1038/1038
f 1034/1034/1034 1033/1033/1033 1039/1039/1039
f 1034/1034/1034 1039/1039/1039 1037/1037/1037
f 1033/1033/1033 1038/1038/1038 1039/1039/1039
f 1035/1035/1035 1037/1037/1037 1040/1040/1040
f 1036/1036/1036 1035/1035/1035 1041/1041/1041
f 1035/1035/1035 1040/1040/1040 1041/1041/1041
f 1037/1037/1037 1039/1039/1039 1042/1042/1042
f 1037/1037/1037 1042/1042/1042 1040/1040/1040
f 1038/1038/1038 1036/1036/1036 1043/1043/1043
f 1036/1036/1036 1041/1041/1041 1043/1043/1043
f 1039/1039/1039 1038/1038/1038 1044/1044/1044
f 1039/1039/1039 1044/1044/1044 1042/1042/1042
f 1038/1038/1038 1043/1043/1043 1044/1044/1044
f 1040/1040/1040 1042/1042/1042 1045/1045/1045
f 1041/1041/1041 1040/1040/1040 1046/1046/1046
f 1040/1040/1040 1045/1045/1045 1046/1046/1046
f 1042/1042/1042 1044/1044/1044 1047/1047/1047
f 1042/1042/1042 1047/1047/1047 1045/1045/1045
f 1043/1043/1043 1041/1041/1041 1048/1048/1048
f 1041/1041/1041 1046/1046/1046 1048/1048/1048
f 1044/1044/1044 1043/1043/1043 1049/1049/1049
f 1044/1044/1044 1049/1049/1049 1047/1047/1047
f 1043/1043/1043 1048/1048/1048 1049/1049/1049
f 1045/1045/1045 1047/1047/1047 1050/1050/1050
f 1046/1046/1046 1045/1045/1045 1051/1051/1051
f 1045/1045/1045 1050/1050/1050 1051/1051/1051
f 1047/1047/1047 1049/1049/1049 1052/1052/1052
f 1047/1047/1047 1052/1052/1052 1050/1050/1050
f 1048/1048/1048 1046/1046/1046 1053/1053/1053
f 1046/1046/1046 1051/1051/1051 1053/1053/1053
f 1049/1049/1049 1048/1048/1048 1054/1054/1054
f 1049/1049/1049 1054/1054/1054 1052/1052/1052
f 1048/1048/1048 1053/1053/1053 1054/1054/1054
f 1050/1050/1050 1052/1052/1052 1055/1055/1055
f 1051/1051/1051 1050/1050/1050 1056/1056/1056
f 1050/1050/1050 1055/1055/1055 1056/1056/1056
f 1052/1052/1052 1054/1054/1054 1057/1057/1057
f 1052/1052/1052 1057/1057/1057 1055/1055/1055
f 1053/1053/1053 1051/1051/1051 1058/1058/1058
f 1051/1051/1051 1056/1056/1056 1058/1058/1058
f 1054/1054/1054 1053/1053/1053 1059/1059/1059
f 1054/1054/1054 1059/1059/1059 1057/1057/1057
f 1053/1053/1053 1058/1058/1058 1059/1059/1059
f 1055/1055/1055 1057/1057/1057 1060/1060/1060
f 1056/1056/1056 1055/1055/1055 1061/1061/1061
f 1055/1055/1055 1060/1060/1060 1061/1061/1061
f 1057/1057/1057 1059/1059/1059 1062/1062/1062
f 1057/1057/1057 1062/1062/1062 1060/1060/1060
f 1058/1058/1058 1056/1056/1056 1063/1063/1063
f 1056/1056/1056 1061/1061/1061 1063/1063/1063
f 1059/1059/1059 1058/1058/1058 1064/1064/1064
f 1059/1059/1059 1064/1064/1064 1062/1062/1062
f 1058/1058/1058 1063/1063/1063 1064/1064/1064
f 1060/1060/1060 1062/1062/1062 1065/1065/1065
f 1061/1061/1061 1060/1060/1060 1066/1066/1066
f 1060/1060/1060 1065/1065/1065 1066/1066/1066
f 1062/1062/1062 1064/1064/1064 1067/1067/1067
f 1062/1062/1062 1067/1067/1067 1065/1065/1065
f 1063/1063/1063 1061/1061/1061 1068/1068/1068
f 1061/1061/1061 1066/1066/1066 1068/1068/1068
f 1064/1064/1064 1063/1063/1063 1069/1069/1069
f 1064/1064/1064 1069/1069/1069 1067/1067/1067
f 1063/1063/1063 1068/1068/1068 1069/1069/1069
f 1065/1065/1065 1067/1067/1067 1070/1070/1070
f 1066/1066/1066 1065/1065/1065 1071/1071/1071
f 1065/1065/1065 1070/1070/1070 1071/1071/1071
f 1067/1067/1067 1069/1069/1069 1072/1072/1072
f 1067/1067/1067 1072/1072/1072 1070/1070/1070
f 1068/1068/1068 1066/1066/1066 1073/1073/1073
f 1066/1066/1066 1071/1071/1071 1073/1073/1073
f 1069/1069/1069 1068/1068/1068 1074/1074/1074
f 1069/1069/1069 1074/1074/1074 1072/1072/1072
f 1068/1068/1068 1073/1073/1073 1074/1074/1074
f 1070/1070/1070 1072/1072/1072 1075/1075/1075
f 1071/1071/1071 1070/1070/1070 1076/1076/1076
f 1070/1070/1070 1075/1075/1075 1076/1076/1076
f 1072/1072/1072 1074/1074/1074 1077/1077/1077
f 1072/1072/1072 1077/1077/1077 1075/1075/1075
f 1073/1073/1073 1071/1071/1071 1078/1078/1078
f 1071/1071/1071 1076/1076/1076 1078/1078/1078
f 1074/1074/1074 1073/1073/1073 1079/1079/1079
f 1074/1074/1074 1079/1079/1079 1077/1077/1077
f 1073/1073/1073 1078/1078/1078 1079/1079/1079
f 1075/1075/1075 1077/1077/1077 1080/1080/1080
f 1076/1076/1076 1075/1075/1075 1081/1081/1081
f 1075/1075/1075 1080/1080/1080 1081/1081/1081
f 1077/1077/1077 1079/1079/1079 1082/1082/1082
f 1077/1077/1077 1082/1082/1082 1080/1080/1080
f 1078/1078/1078 1076/1076/1076 1083/1083/1083
f 1076/1076/1076 1081/1081/1081 1083/1083/1083
f 1079/1079/1079 1078/1078/1078 1084/1084/1084
f 1079/1079/1079 1084/1084/1084 1082/1082/1082
f 1078/1078/1078 1083/1083/1083 1084/1084/1084
f 1080/1080/1080 1082/1082/1082 1085/1085/1085
f 1081/1081/1081 1080/1080/1080 1086/1086/1086
f 1080/1080/1080 1085/1085/1085 1086/1086/1086
f 1082/1082/1082 1084/1084/1084 1087/1087/1087
f 1082/1082/1082 1087/1087/1087 1085/1085/1085
f 1083/1083/1083 1081/1081/1081 1088/1088/1088
f 1081/1081/1081 1086/1086/1086 1088/1088/1088
f 1084/1084/1084 1083/1083/1083 1089/1089/1089
f 1084/1084/1084 1089/1089/1089 1087/1087/1087
f 1083/1083/1083 1088/1088/1088 1089/1089/1089
f 1085/1085/1085 1087/1087/1087 1090/1090/1090
f 1086/1086/1086 1085/1085/1085 1091/1091/1091
f 1085/1085/1085 1090/1090/1090 1091/1091/1091
f 1087/1087/1087 1089/1089/1089 1092/1092/1092
f 1087/1087/1087 1092/1092/1092 1090/1090/1090
f 1088/1088/1088 1086/1086/1086 1093/1093/1093
f 1086/1086/1086 1091/1091/1091 1093/1093/1093
f 1089/1089/1089 1088/1088/1088 1094/1094/1094
f 1089/1089/1089 1094/1094/1094 1092/1092/1092
f 1088/1088/1088 1093/1093/1093 1094/1094/1094
f 1090/1090/1090 1092/1092/1092 1095/1095/1095
f 1091/1091/1091 1090/1090/1090 1096/1096/1096
f 1090/1090/1090 1095/1095/1095 1096/1096/1096
f 1092/1092/1092 1094/1094/1094 1097/1097/1097
f 1092/1092/1092 1097/1097/1097 1095/1095/1095
f 1093/1093/1093 1091/1091/1091 1098/1098/1098
f 1091/1091/1091 1096/1096/1096 1098/1098/1098
f 1094/1094/1094 1093/1093/1093 1099/1099/1099
f 1094/1094/1094 1099/1099/1099 1097/1097/1097
f 1093/1093/1093 1098/1098/1098 1099/1099/1099
f 1095/1095/1095 1097/1097/1097 1100/1100/1100
f 1096/1096/1096 1095/1095/1095 1101/1101/1101
f 1095/1095/1095 1100/1100/1100 1101/1101/1101
f 1097/1097/1097 1099/1099/1099 1102/1102/1102
f 1097/1097/1097 1102/1102/1102 1100/1100/1100
f 1098/1098/1098 1096/1096/1096 1103/1103/1103
f 1096/1096/1096 1101/1101/1101 1103/1103/1103
f 1099/1099/1099 1098/1098/1098 1104/1104/1104
f 1099/1099/1099 1104/1104/1104 1102/1102/1102
f 1098/1098/1098 1103/1103/1103 1104/1104/1104
f 1100/1100/1100 1102/1102/1102 1105/1105/1105
f 1101/1101/1101 1100/1100/1100 1106/1106/1106
f 1100/1100/1100 1105/1105/1105 1106/1106/1106
f 1102/1102/1102 1104/1104/1104 1107/1107/1107
f 1102/1102/1102 1107/1107/1107 1105/1105/1105
f 1103/1103/1103 1101/1101/1101 1108/1108/1108
f 1101/1101/1101 1106/1106/1106 1108/1108/1108
f 1104/1104/1104 1103/1103/1103 1109/1109/1109
f 1104/1104/1104 1109/1109/1109 1107/1107/1107
f 1103/1103/1103 1108/1108/1108 1109/1109/1109
f 1105/1105/1105 1107/1107/1107 1110/1110/1110
f 1106/1106/1106 1105/1105/1105 1111/1111/1111
f 1105/1105/1105 1110/1110/1110 1111/1111/1111
f 1107/1107/1107 1109/1109/1109 1112/1112/1112
f 1107/1107/1107 1112/1112/1112 1110/1110/1110
f 1108/1108/1108 1106/1106/1106 1113/1113/1113
f 1106/1106/1106 1111/1111/1111 1113/1113/1113
f 1109/1109/1109 1108/1108/1108 1114/1114/1114
f 1109/1109/1109 1114/1114/1114 1112/1112/1112
f 1108/1108/1108 1113/1113/1113 1114/1114/1114
f 1110/1110/1110 1112/1112/1112 1115/1115/1115
f 1111/1111/1111 1110/1110/1110 1116/1116/1116
f 1110/1110/1110 1115/1115/1115 1116/1116/1116
f 1112/1112/1112 1114/1114/1114 1117/1117/1117
f 1112/1112/1112 1117/1117/1117 1115/1115/1115
f 1113/1113/1113 1111/1111/1111 1118/1118/1118
f 1111/1111/1111 1116/1116/1116 1118/1118/1118
f 1114/1114/1114 1113/1113/1113 1119/1119/1119
f 1114/1114/1114 1119/1119/1119 1117/1117/1117
f 1113/1113/1113 1118/1118/1118 1119/1119/1119
f 1115/1115/1115 1117/1117/1117 1120/1120/1120
f 1116/1116/1116 1115/1115/1115 1121/1121/1121
f 1115/1115/1115 1120/1120/1120 1121/1121/1121
f 1117/1117/1117 1119/1119/1119 1122/1122/1122
f 1117/1117/1117 1122/1122/1122 1120/1120/1120
f 1118/1118/1118 1116/1116/1116 1123/1123/1123
f 1116/1116/1116 1121/1121/1121 1123/1123/1123
f 1119/1119/1119 1118/1118/1118 1124/1124/1124
f 1119/1119/1119 1124/1124/1124 1122/1122/1122
f 1118/1118/1118 1123/1123/1123 1124/1124/1124
f 1120/1120/1120 1122/1122/1122 1125/1125/1125
f 1121/1121/1121 1120/1120/1120 1126/1126/1126
f 1120/1120/1120 1125/1125/1125 1126/1126/1126
f 1122/1122/1122 1124/1124/1124 1127/1127/1127
f 1122/1122/1122 1127/1127/1127 1125/1125/1125
f 1123/1123/1123 1121/1121/1121 1128/1128/1128
f 1121/1121/1121 1126/1126/1126 1128/1128/1128
f 1124/1124/1124 1123/1123/1123 1129/1129/1129
f 1124/1124/1124 1129/1129/1129 1127/1127/1127
f 1123/1123/1123 1128/1128/1128 1129/1129/1129
f 1125/1125/1125 1127/1127/1127 1130/1130/1130
f 1127/1127/1127 1131/1131/1131 1130/1130/1130
f 1127/1127/1127 1129/1129/1129 1131/1131/1131
f 1125/1125/1125 1130/1130/1130 1132/1132/1132
f 1126/1126/1126 1125/1125/1125 1132/1132/1132
f 1129/1129/1129 1133/1133/1133 1131/1131/1131
f 1129/1129/1129 1128/1128/1128 1133/1133/1133
f 1126/1126/1126 1132/1132/1132 1134/1134/1134
f 1128/1128/1128 1134/1134/1134 1133/1133/1133
f 1128/1128/1128 1126/1126/1126 1134/1134/1134
f 1137/1137/1137 1136/1136/1136 1135/1135/1135
f 1135/1135/1135 1136/1136/1136 1138/1138/1138
f 1138/1138/1138 1136/1136/1136 1139/1139/1139
f 1140/1140/1140 1138/1138/1138 1139/1139/1139
f 1141/1141/1141 1140/1140/1140 1139/1139/1139
f 1141/1141/1141 1139/1139/1139 1142/1142/1142
f 1140/1140/1140 1143/1143/1143 1138/1138/1138
f 1143/1143/1143 1144/1144/1144 1138/1138/1138
f 1145/1145/1145 1141/1141/1141 1142/1142/1142
f 1145/1145/1145 1142/1142/1142 1146/1146/1146
f 1147/1147/1147 1146/1146/1146 1144/1144/1144
f 1143/1143/1143 1147/1147/1147 1144/1144/1144
f 1147/1147/1147 1145/1145/1145 1146/1146/1146
f 1148/1148/1148 1143/1143/1143 1140/1140/1140
f 1149/1149/1149 1140/1140/1140 1141/1141/1141
f 1149/1149/1149 1148/1148/1148 1140/1140/1140
f 1150/1150/1150 1141/1141/1141 1145/1145/1145
f 1150/1150/1150 1149/1149/1149 1141/1141/1141
f 1151/1151/1151 1145/1145/1145 1147/1147/1147
f 1151/1151/1151 1150/1150/1150 1145/1145/1145
f 1152/1152/1152 1147/1147/1147 1143/1143/1143
f 1148/1148/1148 1152/1152/1152 1143/1143/1143
f 1152/1152/1152 1151/1151/1151 1147/1147/1147
f 1153/1153/1153 1148/1148/1148 1149/1149/1149
f 1154/1154/1154 1149/1149/1149 1150/1150/1150
f 1154/1154/1154 1153/1153/1153 1149/1149/1149
f 1155/1155/1155 1150/1150/1150 1151/1151/1151
f 1155/1155/1155 1154/1154/1154 1150/1150/1150
f 1156/1156/1156 1151/1151/1151 1152/1152/1152
f 1156/1156/1156 1155/1155/1155 1151/1151/1151
f 1157/1157/1157 1152/1152/1152 1148/1148/1148
f 1153/1153/1153 1157/1157/1157 1148/1148/1148
f 1157/1157/1157 1156/1156/1156 1152/1152/1152
f 1158/1158/1158 1153/1153/1153 1154/1154/1154
f 1159/1159/1159 1154/1154/1154 1155/1155/1155
f 1159/1159/1159 1158/1158/1158 1154/1154/1154
f 1160/1160/1160 1155/1155/1155 1156/1156/1156
f 1160/1160/1160 1159/1159/1159 1155/1155/1155
f 1161/1161/1161 1156/1156/1156 1157/1157/1157
f 1161/1161/1161 1160/1160/1160 1156/1156/1156
f 1162/1162/1162 1157/1157/1157 1153/1153/1153
f 1158/1158/1158 1162/1162/1162 1153/1153/1153
f 1162/1162/1162 1161/1161/1161 1157/1157/1157
f 1163/1163/1163 1158/1158/1158 1159/1159/1159
f 1164/1164/1164 1159/1159/1159 1160/1160/1160
f 1164/1164/1164 1163/1163/1163 1159/1159/1159
f 1165/1165/1165 1160/1160/1160 1161/1161/1161
f 1165/1165/1165 1164/1164/1164 1160/1160/1160
f 1166/1166/1166 1161/1161/1161 1162/1162/1162
f 1166/1166/1166 1165/1165/1165 1161/1161/1161
f 1167/1167/1167 1162/1162/1162 1158/1158/1158
f 1163/1163/1163 1167/1167/1167 1158/1158/1158
f 1167/1167/1167 1166/1166/1166 1162/1162/1162
f 1168/1168/1168 1163/1163/1163 1164/1164/1164
f 1169/1169/1169 1164/1164/1164 1165/1165/1165
f 1169/1169/1169 1168/1168/1168 1164/1164/1164
f 1170/1170/1170 1165/1165/1165 1166/1166/1166
f 1170/1170/1170 1169/1169/1169 1165/1165/1165
f 1171/1171/1171 1166/1166/1166 1167/1167/1167
f 1171/1171/1171 1170/1170/1170 1166/1166/1166
f 1172/1172/1172 1167/1167/1167 1163/1163/1163
f 1168/1168/1168 1172/1172/1172 1163/1163/1163
f 1172/1172/1172 1171/1171/1171 1167/1167/1167
f 1173/1173/1173 1168/1168/1168 1169/1169/1169
f 1174/1174/1174 1169/1169/1169 1170/1170/1170
f 1174/1174/1174 1173/1173/1173 1169/1169/1169
f 1175/1175/1175 1170/1170/1170 1171/1171/1171
f 1175/1175/1175 1174/1174/1174 1170/1170/1170
f 1176/1176/1176 1171/1171/1171 1172/1172/1172
f 1176/1176/1176 1175/1175/1175 1171/1171/1171
f 1177/1177/1177 1172/1172/1172 1168/1168/1168
f 1173/1173/1173 1177/1177/1177 1168/1168/1168
f 1177/1177/1177 1176/1176/1176 1172/1172/1172
f 1178/1178/1178 1173/1173/1173 1174/1174/1174
f 1179/1179/1179 1174/1174/1174 1175/1175/1175
f 1179/1179/1179 1178/1178/1178 1174/1174/1174
f 1180/1180/1180 1175/1175/1175 1176/1176/1176
f 1180/1180/1180 1179/1179/1179 1175/1175/1175
f 1181/1181/1181 1176/1176/1176 1177/1177/1177
f 1181/1181/1181 1180/1180/1180 1176/1176/1176
f 1182/1182/1182 1177/1177/1177 1173/1173/1173
f 1178/1178/1178 1182/1182/1182 1173/1173/1173
f 1182/1182/1182 1181/1181/1181 1177/1177/1177
f 1183/1183/1183 1178/1178/1178 1179/1179/1179
f 1184/1184/1184 1183/1183/1183 1179/1179/1179
f 1184/1184/1184 1179/1179/1179 1180/1180/1180
f 1183/1183/1183 1185/1185/1185 1178/1178/1178
f 1185/1185/1185 1182/1182/1182 1178/1178/1178
f 1186/1186/1186 1184/1184/1184 1180/1180/1180
f 1186/1186/1186 1180/1180/1180 1181/1181/1181
f 1185/1185/1185 1187/1187/1187 1182/1182/1182
f 1187/1187/1187 1181/1181/1181 1182/1182/1182
f 1187/1187/1187 1186/1186/1186 1181/1181/1181
f 1190/1190/1190 1189/1189/1189 1188/1188/1188
f 1189/1189/1189 1191/1191/1191 1188/1188/1188
f 1191/1191/1191 1189/1189/1189 1192/1192/1192
f 1191/1191/1191 1192/1192/1192 1193/1193/1193
f 1192/1192/1192 1194/1194/1194 1193/1193/1193
f 1192/1192/1192 1195/1195/1195 1194/1194/1194
f 1191/1191/1191 1193/1193/1193 1196/1196/1196
f 1197/1197/1197 1191/1191/1191 1196/1196/1196
f 1195/1195/1195 1198/1198/1198 1194/1194/1194
f 1195/1195/1195 1199/1199/1199 1198/1198/1198
f 1199/1199/1199 1197/1197/1197 1200/1200/1200
f 1197/1197/1197 1196/1196/1196 1200/1200/1200
f 1199/1199/1199 1200/1200/1200 1198/1198/1198
f 1193/1193/1193 1194/1194/1194 1201/1201/1201
f 1196/1196/1196 1193/1193/1193 1202/1202/1202
f 1193/1193/1193 1201/1201/1201 1202/1202/1202
f 1194/1194/1194 1198/1198/1198 1203/1203/1203
f 1194/1194/1194 1203/1203/1203 1201/1201/1201
f 1200/1200/1200 1196/1196/1196 1204/1204/1204
f 1196/1196/1196 1202/1202/1202 1204/1204/1204
f 1198/1198/1198 1200/1200/1200 1205/1205/1205
f 1198/1198/1198 1205/1205/1205 1203/1203/1203
f 1200/1200/1200 1204/1204/1204 1205/1205/1205
f 1201/1201/1201 1203/1203/1203 1206/1206/1206
f 1202/1202/1202 1201/1201/1201 1207/1207/1207
f 1201/1201/1201 1206/1206/1206 1207/1207/1207
f 1203/1203/1203 1205/1205/1205 1208/1208/1208
f 1203/1203/1203 1208/1208/1208 1206/1206/1206
f 1204/1204/1204 1202/1202/1202 1209/1209/1209
f 1202/1202/1202 1207/1207/1207 1209/1209/1209
f 1205/1205/1205 1204/1204/1204 1210/1210/1210
f 1205/1205/1205 1210/1210/1210 1208/1208/1208
f 1204/1204/1204 1209/1209/1209 1210/1210/1210
f 1206/1206/1206 1208/1208/1208 1211/1211/1211
f 1207/1207/1207 1206/1206/1206 1212/1212/1212
f 1206/1206/1206 1211/1211/1211 1212/1212/1212
f 1208/1208/1208 1210/1210/1210 1213/1213/1213
f 1208/1208/1208 1213/1213/1213 1211/1211/1211
f 1209/1209/1209 1207/1207/1207 1214/1214/1214
f 1207/1207/1207 1212/1212/1212 1214/1214/1214
f 1210/1210/1210 1209/1209/1209 1215/1215/1215
f 1210/1210/1210 1215/1215/1215 1213/1213/1213
f 1209/1209/1209 1214/1214/1214 1215/1215/1215
f 1211/1211/1211 1213/1213/1213 1216/1216/1216
f 1212/1212/1212 1211/1211/1211 1217/1217/1217
f 1211/1211/1211 1216/1216/1216 1217/1217/1217
f 1213/1213/1213 1215/1215/1215 1218/1218/1218
f 1213/1213/1213 1218/1218/1218 1216/1216/1216
f 1214/1214/1214 1212/1212/1212 1219/1219/1219
f 1212/1212/1212 1217/1217/1217 1219/1219/1219
f 1215/1215/1215 1214/1214/1214 1220/1220/1220
f 1215/1215/1215 1220/1220/1220 1218/1218/1218
f 1214/1214/1214 1219/1219/1219 1220/1220/1220
f 1216/1216/1216 1218/1218/1218 1221/1221/1221
f 1217/1217/1217 1216/1216/1216 1222/1222/1222
f 1216/1216/1216 1221/1221/1221 1222/1222/1222
f 1218/1218/1218 1220/1220/1220 1223/1223/1223
f 1218/1218/1218 1223/1223/1223 1221/1221/1221
f 1219/1219/1219 1217/1217/1217 1224/1224/1224
f 1217/1217/1217 1222/1222/1222 1224/1224/1224
f 1220/1220/1220 1219/1219/1219 1225/1225/1225
f 1220/1220/1220 1225/1225/1225 1223/1223/1223
f 1219/1219/1219 1224/1224/1224 1225/1225/1225
f 1222/1222/1222 1221/1221/1221 1226/1226/1226
f 1221/1221/1221 1223/1223/1223 1227/1227/1227
f 1226/1226/1226 1221/1221/1221 1227/1227/1227
f 1223/1223/1223 1225/1225/1225 1228/1228/1228
f 1227/1227/1227 1223/1223/1223 1228/1228/1228
f 1225/1225/1225 1224/1224/1224 1229/1229/1229
f 1228/1228/1228 1225/1225/1225 1229/1229/1229
f 1224/1224/1224 1222/1222/1222 1230/1230/1230
f 1230/1230/1230 1222/1222/1222 1226/1226/1226
f 1229/1229/1229 1224/1224/1224 1230/1230/1230
f 1227/1227/1227 1228/1228/1228 1231/1231/1231
f 1226/1226/1226 1227/1227/1227 1232/1232/1232
f 1227/1227/1227 1231/1231/1231 1232/1232/1232
f 1230/1230/1230 1226/1226/1226 1233/1233/1233
f 1226/1226/1226 1232/1232/1232 1233/1233/1233
f 1229/1229/1229 1230/1230/1230 1234/1234/1234
f 1230/1230/1230 1233/1233/1233 1234/1234/1234
f 1228/1228/1228 1229/1229/1229 1235/1235/1235
f 1228/1228/1228 1235/1235/1235 1231/1231/1231
f 1229/1229/1229 1234/1234/1234 1235/1235/1235
f 1232/1232/1232 1231/1231/1231 1236/1236/1236
f 1233/1233/1233 1232/1232/1232 1237/1237/1237
f 1232/1232/1232 1236/1236/1236 1237/1237/1237
f 1231/1231/1231 1235/1235/1235 1238/1238/1238
f 1231/1231/1231 1238/1238/1238 1236/1236/1236
f 1234/1234/1234 1233/1233/1233 1239/1239/1239
f 1233/1233/1233 1237/1237/1237 1239/1239/1239
f 1235/1235/1235 1234/1234/1234 1240/1240/1240
f 1235/1235/1235 1240/1240/1240 1238/1238/1238
f 1234/1234/1234 1239/1239/1239 1240/1240/1240
f 1236/1236/1236 1238/1238/1238 1241/1241/1241
f 1237/1237/1237 1236/1236/1236 1242/1242/1242
f 1236/1236/1236 1241/1241/1241 1242/1242/1242
f 1238/1238/1238 1240/1240/1240 1243/1243/1243
f 1238/1238/1238 1243/1243/1243 1241/1241/1241
f 1239/1239/1239 1237/1237/1237 1244/1244/1244
f 1237/1237/1237 1242/1242/1242 1244/1244/1244
f 1240/1240/1240 1239/1239/1239 1245/1245/1245
f 1240/1240/1240 1245/1245/1245 1243/1243/1243
f 1239/1239/1239 1244/1244/1244 1245/1245/1245
f 1241/1241/1241 1243/1243/1243 1246/1246/1246
f 1242/1242/1242 1241/1241/1241 1247/1247/1247
f 1241/1241/1241 1246/1246/1246 1247/1247/1247
f 1243/1243/1243 1245/1245/1245 1248/1248/1248
f 1243/1243/1243 1248/1248/1248 1246/1246/1246
f 1244/1244/1244 1242/1242/1242 1249/1249/1249
f 1242/1242/1242 1247/1247/1247 1249/1249/1249
f 1245/1245/1245 1244/1244/1244 1250/1250/1250
f 1245/1245/1245 1250/1250/1250 1248/1248/1248
f 1244/1244/1244 1249/1249/1249 1250/1250/1250
f 1246/1246/1246 1248/1248/1248 1251/1251/1251
f 1247/1247/1247 1246/1246/1246 1252/1252/1252
f 1246/1246/1246 1251/1251/1251 1252/1252/1252
f 1248/1248/1248 1250/1250/1250 1253/1253/1253
f 1248/1248/1248 1253/1253/1253 1251/1251/1251
f 1249/1249/1249 1247/1247/1247 1254/1254/1254
f 1247/1247/1247 1252/1252/1252 1254/1254/1254
f 1250/1250/1250 1249/1249/1249 1255/1255/1255
f 1250/1250/1250 1255/1255/1255 1253/1253/1253
f 1249/1249/1249 1254/1254/1254 1255/1255/1255
f 1251/1251/1251 1253/1253/1253 1256/1256/1256
f 1252/1252/1252 1251/1251/1251 1257/1257/1257
f 1251/1251/1251 1256/1256/1256 1257/1257/1257
f 1253/1253/1253 1255/1255/1255 1258/1258/1258
f 1253/1253/1253 1258/1258/1258 1256/1256/1256
f 1254/1254/1254 1252/1252/1252 1259/1259/1259
f 1252/1252/1252 1257/1257/1257 1259/1259/1259
f 1255/1255/1255 1254/1254/1254 1260/1260/1260
f 1255/1255/1255 1260/1260/1260 1258/1258/1258
f 1254/1254/1254 1259/1259/1259 1260/1260/1260
f 1256/1256/1256 1258/1258/1258 1261/1261/1261
f 1257/1257/1257 1256/1256/1256 1262/1262/1262
f 1256/1256/1256 1261/1261/1261 1262/1262/1262
f 1258/1258/1258 1260/1260/1260 1263/1263/1263
f 1258/1258/1258 1263/1263/1263 1261/1261/1261
f 1259/1259/1259 1257/1257/1257 1264/1264/1264
f 1257/1257/1257 1262/1262/1262 1264/1264/1264
f 1260/1260/1260 1259/1259/1259 1265/1265/1265
f 1260/1260/1260 1265/1265/1265 1263/1263/1263
f 1259/1259/1259 1264/1264/1264 1265/1265/1265
f 1261/1261/1261 1263/1263/1263 1266/1266/1266
f 1262/1262/1262 1261/1261/1261 1267/1267/1267
f 1261/1261/1261 1266/1266/1266 1267/1267/1267
f 1263/1263/1263 1265/1265/1265 1268/1268/1268
f 1263/1263/1263 1268/1268/1268 1266/1266/1266
f 1264/1264/1264 1262/1262/1262 1269/1269/1269
f 1262/1262/1262 1267/1267/1267 1269/1269/1269
f 1265/1265/1265 1264/1264/1264 1270/1270/1270
f 1265/1265/1265 1270/1270/1270 1268/1268/1268
f 1264/1264/1264 1269/1269/1269 1270/1270/1270
f 1266/1266/1266 1268/1268/1268 1271/1271/1271
f 1267/1267/1267 1266/1266/1266 1272/1272/1272
f 1266/1266/1266 1271/1271/1271 1272/1272/1272
f 1268/1268/1268 1270/1270/1270 1273/1273/1273
f 1268/1268/1268 1273/1273/1273 1271/1271/1271
f 1269/1269/1269 1267/1267/1267 1274/1274/1274
f 1267/1267/1267 1272/1272/1272 1274/1274/1274
f 1270/1270/1270 1269/1269/1269 1275/1275/1275
f 1270/1270/1270 1275/1275/1275 1273/1273/1273
f 1269/1269/1269 1274/1274/1274 1275/1275/1275
f 1272/1272/1272 1271/1271/1271 1276/1276/1276
f 1271/1271/1271 1273/1273/1273 1276/1276/1276
f 1274/1274/1274 1272/1272/1272 1277/1277/1277
f 1277/1277/1277 1272/1272/1272 1276/1276/1276
f 1275/1275/1275 1274/1274/1274 1278/1278/1278
f 1278/1278/1278 1274/1274/1274 1277/1277/1277
f 1273/1273/1273 1275/1275/1275 1279/1279/1279
f 1279/1279/1279 1275/1275/1275 1278/1278/1278
f 1273/1273/1273 1280/1280/1280 1276/1276/1276
f 1280/1280/1280 1273/1273/1273 1279/1279/1279
f 1277/1277/1277 1276/1276/1276 1281/1281/1281
f 1278/1278/1278 1277/1277/1277 1282/1282/1282
f 1277/1277/1277 1281/1281/1281 1282/1282/1282
f 1279/1279/1279 1278/1278/1278 1283/1283/1283
f 1278/1278/1278 1282/1282/1282 1283/1283/1283
f 1280/1280/1280 1279/1279/1279 1284/1284/1284
f 1279/1279/1279 1283/1283/1283 1284/1284/1284
f 1276/1276/1276 1280/1280/1280 1285/1285/1285
f 1276/1276/1276 1285/1285/1285 1281/1281/1281
f 1280/1280/1280 1284/1284/1284 1285/1285/1285
f 1282/1282/1282 1281/1281/1281 1286/1286/1286
f 1283/1283/1283 1282/1282/1282 1287/1287/1287
f 1282/1282/1282 1286/1286/1286 1287/1287/1287
f 1281/1281/1281 1285/1285/1285 1288/1288/1288
f 1281/1281/1281 1288/1288/1288 1286/1286/1286
f 1284/1284/1284 1283/1283/1283 1289/1289/1289
f 1283/1283/1283 1287/1287/1287 1289/1289/1289
f 1285/1285/1285 1284/1284/1284 1290/1290/1290
f 1285/1285/1285 1290/1290/1290 1288/1288/1288
f 1284/1284/1284 1289/1289/1289 1290/1290/1290
f 1286/1286/1286 1288/1288/1288 1291/1291/1291
f 1287/1287/1287 1286/1286/1286 1292/1292/1292
f 1286/1286/1286 1291/1291/1291 1292/1292/1292
f 1288/1288/1288 1290/1290/1290 1293/1293/1293
f 1288/1288/1288 1293/1293/1293 1291/1291/1291
f 1289/1289/1289 1287/1287/1287 1294/1294/1294
f 1287/1287/1287 1292/1292/1292 1294/1294/1294
f 1290/1290/1290 1289/1289/1289 1295/1295/1295
f 1290/1290/1290 1295/1295/1295 1293/1293/1293
f 1289/1289/1289 1294/1294/1294 1295/1295/1295
f 1291/1291/1291 1293/1293/1293 1296/1296/1296
f 1293/1293/1293 1297/1297/1297 1296/1296/1296
f 1293/1293/1293 1295/1295/1295 1297/1297/1297
f 1291/1291/1291 1296/1296/1296 1298/1298/1298
f 1292/1292/1292 1291/1291/1291 1298/1298/1298
f 1295/1295/1295 1299/1299/1299 1297/1297/1297
f 1295/1295/1295 1294/1294/1294 1299/1299/1299
f 1292/1292/1292 1298/1298/1298 1300/1300/1300
f 1294/1294/1294 1300/1300/1300 1299/1299/1299
f 1294/1294/1294 1292/1292/1292 1300/1300/1300
f 1303/1303/1303 1302/1302/1302 1301/1301/1301
f 1304/1304/1304 1302/1302/1302 1303/1303/1303
f 1305/1305/1305 1302/1302/1302 1304/1304/1304
f 1305/1305/1305 1304/1304/1304 1306/1306/1306
f 1305/1305/1305 1306/1306/1306 1307/1307/1307
f 1306/1306/1306 1308/1308/1308 1307/1307/1307
f 1307/1307/1307 1308/1308/1308 1309/1309/1309
f 1308/1308/1308 1310/1310/1310 1309/1309/1309
f 1309/1309/1309 1310/1310/1310 1311/1311/1311
f 1311/1311/1311 1312/1312/1312 1304/1304/1304
f 1310/1310/1310 1312/1312/1312 1311/1311/1311
f 1304/1304/1304 1313/1313/1313 1306/1306/1306
f 1312/1312/1312 1313/1313/1313 1304/1304/1304
f 1314/1314/1314 1308/1308/1308 1306/1306/1306
f 1315/1315/1315 1310/1310/1310 1308/1308/1308
f 1314/1314/1314 1315/1315/1315 1308/1308/1308
f 1316/1316/1316 1306/1306/1306 1313/1313/1313
f 1316/1316/1316 1314/1314/1314 1306/1306/1306
f 1317/1317/1317 1313/1313/1313 1312/1312/1312
f 1317/1317/1317 1316/1316/1316 1313/1313/1313
f 1318/1318/1318 1312/1312/1312 1310/1310/1310
f 1315/1315/1315 1318/1318/1318 1310/1310/1310
f 1318/1318/1318 1317/1317/1317 1312/1312/1312
f 1316/1316/1316 1319/1319/1319 1314/1314/1314
f 1314/1314/1314 1320/1320/1320 1315/1315/1315
f 1319/1319/1319 1320/1320/1320 1314/1314/1314
f 1317/1317/1317 1321/1321/1321 1316/1316/1316
f 1321/1321/1321 1319/1319/1319 1316/1316/1316
f 1315/1315/1315 1322/1322/1322 1318/1318/1318
f 1320/1320/1320 1322/1322/1322 1315/1315/1315
f 1318/1318/1318 1323/1323/1323 1317/1317/1317
f 1323/1323/1323 1321/1321/1321 1317/1317/1317
f 1322/1322/1322 1323/1323/1323 1318/1318/1318
f 1319/1319/1319 1324/1324/1324 1320/1320/1320
f 1321/1321/1321 1325/1325/1325 1319/1319/1319
f 1325/1325/1325 1324/1324/1324 1319/1319/1319
f 1323/1323/1323 1326/1326/1326 1321/1321/1321
f 1326/1326/1326 1325/1325/1325 1321/1321/1321
f 1320/1320/1320 1327/1327/1327 1322/1322/1322
f 1324/1324/1324 1327/1327/1327 1320/1320/1320
f 1322/1322/1322 1328/1328/1328 1323/1323/1323
f 1328/1328/1328 1326/1326/1326 1323/1323/1323
f 1327/1327/1327 1328/1328/1328 1322/1322/1322
f 1329/1329/1329 1324/1324/1324 1325/1325/1325
f 1330/1330/1330 1325/1325/1325 1326/1326/1326
f 1330/1330/1330 1329/1329/1329 1325/1325/1325
f 1331/1331/1331 1326/1326/1326 1328/1328/1328
f 1331/1331/1331 1330/1330/1330 1326/1326/1326
f 1332/1332/1332 1327/1327/1327 1324/1324/1324
f 1329/1329/1329 1332/1332/1332 1324/1324/1324
f 1333/1333/1333 1328/1328/1328 1327/1327/1327
f 1333/1333/1333 1331/1331/1331 1328/1328/1328
f 1332/1332/1332 1333/1333/1333 1327/1327/1327
f 1334/1334/1334 1329/1329/1329 1330/1330/1330
f 1335/1335/1335 1330/1330/1330 1331/1331/1331
f 1335/1335/1335 1334/1334/1334 1330/1330/1330
f 1336/1336/1336 1331/1331/1331 1333/1333/1333
f 1336/1336/1336 1335/1335/1335 1331/1331/1331
f 1337/1337/1337 1332/1332/1332 1329/1329/1329
f 1334/1334/1334 1337/1337/1337 1329/1329/1329
f 1338/1338/1338 1333/1333/1333 1332/1332/1332
f 1338/1338/1338 1336/1336/1336 1333/1333/1333
f 1337/1337/1337 1338/1338/1338 1332/1332/1332
f 1339/1339/1339 1334/1334/1334 1335/1335/1335
f 1340/1340/1340 1335/1335/1335 1336/1336/1336
f 1340/1340/1340 1339/1339/1339 1335/1335/1335
f 1341/1341/1341 1336/1336/1336 1338/1338/1338
f 1341/1341/1341 1340/1340/1340 1336/1336/1336
f 1342/1342/1342 1337/1337/1337 1334/1334/1334
f 1339/1339/1339 1342/1342/1342 1334/1334/1334
f 1343/1343/1343 1338/1338/1338 1337/1337/1337
f 1343/1343/1343 1341/1341/1341 1338/1338/1338
f 1342/1342/1342 1343/1343/1343 1337/1337/1337
f 1344/1344/1344 1339/1339/1339 1340/1340/1340
f 1345/1345/1345 1344/1344/1344 1340/1340/1340
f 1345/1345/1345 1340/1340/1340 1341/1341/1341
f 1344/1344/1344 1346/1346/1346 1339/1339/1339
f 1346/1346/1346 1342/1342/1342 1339/1339/1339
f 1347/1347/1347 1345/1345/1345 1341/1341/1341
f 1347/1347/1347 1341/1341/1341 1343/1343/1343
f 1346/1346/1346 1348/1348/1348 1342/1342/1342
f 1348/1348/1348 1347/1347/1347 1343/1343/1343
f 1348/1348/1348 1343/1343/1343 1342/1342/1342
f 1351/1351/1351 1350/1350/1350 1349/1349/1349
f 1350/1350/1350 1352/1352/1352 1349/1349/1349
f 1349/1349/1349 1352/1352/1352 17/17/17
f 1352/1352/1352 1353/1353/1353 17/17/17
f 1350/1350/1350 1354/1354/1354 1352/1352/1352
f 1352/1352/1352 1355/1355/1355 1353/1353/1353
f 1354/1354/1354 1355/1355/1355 1352/1352/1352
f 1355/1355/1355 1356/1356/1356 1353/1353/1353
f 11/11/11 1356/1356/1356 1355/1355/1355
f 1357/1357/1357 11/11/11 1355/1355/1355
f 1357/1357/1357 1355/1355/1355 1354/1354/1354
f 3/3/3 1357/1357/1357 1354/1354/1354
f 1359/1359/1359 1354/1354/1354 1358/1358/1358
f 1360/1360/1360 1359/1359/1359 1358/1358/1358
f 1360/1360/1360 1358/1358/1358 1361/1361/1361
f 1362/1362/1362 1360/1360/1360 1361/1361/1361
f 1362/1362/1362 1361/1361/1361 1363/1363/1363
f 18/18/18 1362/1362/1362 1363/1363/1363
f 1366/1366/1366 1365/1365/1365 1364/1364/1364
f 1367/1367/1367 1366/1366/1366 1364/1364/1364
f 1370/1370/1370 1369/1369/1369 1368/1368/1368
f 1368/1368/1368 1369/1369/1369 1371/1371/1371
f 1372/1372/1372 1368/1368/1368 1371/1371/1371
f 1373/1373/1373 1368/1368/1368 1372/1372/1372
f 1374/1374/1374 1373/1373/1373 1372/1372/1372
f 1375/1375/1375 1370/1370/1370 1368/1368/1368
f 1375/1375/1375 1368/1368/1368 1373/1373/1373
f 1376/1376/1376 1373/1373/1373 1374/1374/1374
f 1377/1377/1377 1376/1376/1376 1374/1374/1374
f 1370/1370/1370 1375/1375/1375 1378/1378/1378
f 1370/1370/1370 1378/1378/1378 1379/1379/1379
f 1371/1371/1371 1379/1379/1379 1380/1380/1380
f 1380/1380/1380 1381/1381/1381 1377/1377/1377
f 1379/1379/1379 1381/1381/1381 1380/1380/1380
f 1378/1378/1378 1381/1381/1381 1379/1379/1379
f 1381/1381/1381 1376/1376/1376 1377/1377/1377
f 1378/1378/1378 1382/1382/1382 1381/1381/1381
f 1378/1378/1378 1375/1375/1375 1382/1382/1382
f 1382/1382/1382 1376/1376/1376 1381/1381/1381
f 1383/1383/1383 1375/1375/1375 1373/1373/1373
f 1383/1383/1383 1373/1373/1373 1376/1376/1376
f 1382/1382/1382 1383/1383/1383 1376/1376/1376
f 1382/1382/1382 1375/1375/1375 1383/1383/1383
f 1386/1386/1386 1385/1385/1385 1384/1384/1384
f 1384/1384/1384 1385/1385/1385 1387/1387/1387
f 1388/1388/1388 1384/1384/1384 1387/1387/1387
f 1389/1389/1389 1384/1384/1384 1388/1388/1388
f 1390/1390/1390 1389/1389/1389 1388/1388/1388
f 1391/1391/1391 1386/1386/1386 1384/1384/1384
f 1391/1391/1391 1384/1384/1384 1389/1389/1389
f 1392/1392/1392 1389/1389/1389 1390/1390/1390
f 1393/1393/1393 1392/1392/1392 1390/1390/1390
f 1386/1386/1386 1391/1391/1391 1394/1394/1394
f 1386/1386/1386 1394/1394/1394 1395/1395/1395
f 1387/1387/1387 1395/1395/1395 1396/1396/1396
f 1396/1396/1396 1397/1397/1397 1393/1393/1393
f 1395/1395/1395 1397/1397/1397 1396/1396/1396
f 1394/1394/1394 1397/1397/1397 1395/1395/1395
f 1397/1397/1397 1392/1392/1392 1393/1393/1393
f 1394/1394/1394 1398/1398/1398 1397/1397/1397
f 1394/1394/1394 1391/1391/1391 1398/1398/1398
f 1398/1398/1398 1392/1392/1392 1397/1397/1397
f 1399/1399/1399 1391/1391/1391 1389/1389/1389
f 1399/1399/1399 1389/1389/1389 1392/1392/1392
f 1398/1398/1398 1399/1399/1399 1392/1392/1392
f 1398/1398/1398 1391/1391/1391 1399/1399/1399
f 1402/1402/1402 1401/1401/1401 1400/1400/1400
f 1403/1403/1403 1402/1402/1402 1400/1400/1400
f 1403/1403/1403 1400/1400/1400 1404/1404/1404
f 1402/1402/1402 1405/1405/1405 1401/1401/1401
f 1405/1405/1405 1406/1406/1406 1401/1401/1401
f 1407/1407/1407 1403/1403/1403 1404/1404/1404
f 1407/1407/1407 1404/1404/1404 1408/1408/1408
f 1409/1409/1409 1408/1408/1408 1406/1406/1406
f 1405/1405/1405 1409/1409/1409 1406/1406/1406
f 1409/1409/1409 1407/1407/1407 1408/1408/1408
f 1410/1410/1410 1402/1402/1402 1403/1403/1403
f 1411/1411/1411 1405/1405/1405 1402/1402/1402
f 1410/1410/1410 1411/1411/1411 1402/1402/1402
f 1411/1411/1411 1412/1412/1412 1405/1405/1405
f 1412/1412/1412 1409/1409/1409 1405/1405/1405
f 1411/1411/1411 1410/1410/1410 1412/1412/1412
f 1412/1412/1412 1413/1413/1413 1409/1409/1409
f 1413/1413/1413 1407/1407/1407 1409/1409/1409
f 1412/1412/1412 1410/1410/1410 1413/1413/1413
f 1414/1414/1414 1410/1410/1410 1403/1403/1403
f 1414/1414/1414 1403/1403/1403 1407/1407/1407
f 1413/1413/1413 1414/1414/1414 1407/1407/1407
f 1413/1413/1413 1410/1410/1410 1414/1414/1414
f 1417/1417/1417 1416/1416/1416 1415/1415/1415
f 1418/1418/1418 1417/1417/1417 1415/1415/1415
f 1418/1418/1418 1415/1415/1415 1419/1419/1419
f 1417/1417/1417 1420/1420/1420 1416/1416/1416
f 1420/1420/1420 1421/1421/1421 1416/1416/1416
f 1422/1422/1422 1418/1418/1418 1419/1419/1419
f 1422/1422/1422 1419/1419/1419 1423/1423/1423
f 1424/1424/1424 1423/1423/1423 1421/1421/1421
f 1420/1420/1420 1424/1424/1424 1421/1421/1421
f 1424/1424/1424 1422/1422/1422 1423/1423/1423
f 1425/1425/1425 1417/1417/1417 1418/1418/1418
f 1426/1426/1426 1420/1420/1420 1417/1417/1417
f 1425/1425/1425 1426/1426/1426 1417/1417/1417
f 1426/1426/1426 1427/1427/1427 1420/1420/1420
f 1427/1427/1427 1424/1424/1424 1420/1420/1420
f 1426/1426/1426 1425/1425/1425 1427/1427/1427
f 1427/1427/1427 1428/1428/1428 1424/1424/1424
f 1428/1428/1428 1422/1422/1422 1424/1424/1424
f 1427/1427/1427 1425/1425/1425 1428/1428/1428
f 1429/1429/1429 1425/1425/1425 1418/1418/1418
f 1429/1429/1429 1418/1418/1418 1422/1422/1422
f 1428/1428/1428 1429/1429/1429 1422/1422/1422
f 1428/1428/1428 1425/1425/1425 1429/1429/1429
f 1432/1432/1432 1431/1431/1431 1430/1430/1430
f 1431/1431/1431 1433/1433/1433 1430/1430/1430
f 1430/1430/1430 1433/1433/1433 1434/1434/1434
f 1435/1435/1435 1431/1431/1431 1432/1432/1432
f 1436/1436/1436 1435/1435/1435 1432/1432/1432
f 1433/1433/1433 1437/1437/1437 1434/1434/1434
f 1434/1434/1434 1437/1437/1437 1438/1438/1438
f 1438/1438/1438 1439/1439/1439 1436/1436/1436
f 1439/1439/1439 1435/1435/1435 1436/1436/1436
f 1437/1437/1437 1439/1439/1439 1438/1438/1438
f 1431/1431/1431 1440/1440/1440 1433/1433/1433
f 1435/1435/1435 1441/1441/1441 1431/1431/1431
f 1441/1441/1441 1440/1440/1440 1431/1431/1431
f 1440/1440/1440 1442/1442/1442 1433/1433/1433
f 1433/1433/1433 1442/1442/1442 1437/1437/1437
f 1441/1441/1441 1442/1442/1442 1440/1440/1440
f 1443/1443/1443 1441/1441/1441 1435/1435/1435
f 1439/1439/1439 1443/1443/1443 1435/1435/1435
f 1443/1443/1443 1442/1442/1442 1441/1441/1441
f 1442/1442/1442 1444/1444/1444 1437/1437/1437
f 1437/1437/1437 1444/1444/1444 1439/1439/1439
f 1444/1444/1444 1443/1443/1443 1439/1439/1439
f 1444/1444/1444 1442/1442/1442 1443/1443/1443
f 1447/1447/1447 1446/1446/1446 1445/1445/1445
f 1448/1448/1448 1447/1447/1447 1445/1445/1445
f 1445/1445/1445 1446/1446/1446 1449/1449/1449
f 1450/1450/1450 1447/1447/1447 1448/1448/1448
f 1451/1451/1451 1450/1450/1450 1448/1448/1448
f 1446/1446/1446 1452/1452/1452 1449/1449/1449
f 1449/1449/1449 1452/1452/1452 1453/1453/1453
f 1453/1453/1453 1454/1454/1454 1451/1451/1451
f 1454/1454/1454 1450/1450/1450 1451/1451/1451
f 1452/1452/1452 1454/1454/1454 1453/1453/1453
f 1447/1447/1447 1455/1455/1455 1446/1446/1446
f 1450/1450/1450 1456/1456/1456 1447/1447/1447
f 1456/1456/1456 1455/1455/1455 1447/1447/1447
f 1455/1455/1455 1457/1457/1457 1446/1446/1446
f 1446/1446/1446 1457/1457/1457 1452/1452/1452
f 1456/1456/1456 1457/1457/1457 1455/1455/1455
f 1458/1458/1458 1456/1456/1456 1450/1450/1450
f 1454/1454/1454 1458/1458/1458 1450/1450/1450
f 1458/1458/1458 1457/1457/1457 1456/1456/1456
f 1457/1457/1457 1459/1459/1459 1452/1452/1452
f 1452/1452/1452 1459/1459/1459 1454/1454/1454
f 1459/1459/1459 1458/1458/1458 1454/1454/1454
f 1459/1459/1459 1457/1457/1457 1458/1458/1458
f 1462/1462/1462 1461/1461/1461 1460/1460/1460
f 1461/1461/1461 1463/1463/1463 1460/1460/1460
f 1460/1460/1460 1463/1463/1463 1464/1464/1464
f 1465/1465/1465 1461/1461/1461 1462/1462/1462
f 1466/1466/1466 1465/1465/1465 1462/1462/1462
f 1463/1463/1463 1467/1467/1467 1464/1464/1464
f 1464/1464/1464 1467/1467/1467 1468/1468/1468
f 1468/1468/1468 1469/1469/1469 1466/1466/1466
f 1469/1469/1469 1465/1465/1465 1466/1466/1466
f 1467/1467/1467 1469/1469/1469 1468/1468/1468
f 1461/1461/1461 1470/1470/1470 1463/1463/1463
f 1465/1465/1465 1471/1471/1471 1461/1461/1461
f 1471/1471/1471 1470/1470/1470 1461/1461/1461
f 1470/1470/1470 1472/1472/1472 1463/1463/1463
f 1463/1463/1463 1472/1472/1472 1467/1467/1467
f 1471/1471/1471 1472/1472/1472 1470/1470/1470
f 1473/1473/1473 1471/1471/1471 1465/1465/1465
f 1469/1469/1469 1473/1473/1473 1465/1465/1465
f 1473/1473/1473 1472/1472/1472 1471/1471/1471
f 1472/1472/1472 1474/1474/1474 1467/1467/1467
f 1467/1467/1467 1474/1474/1474 1469/1469/1469
f 1474/1474/1474 1473/1473/1473 1469/1469/1469
f 1474/1474/1474 1472/1472/1472 1473/1473/1473
f 1477/1477/1477 1476/1476/1476 1475/1475/1475
f 1478/1478/1478 1477/1477/1477 1475/1475/1475
f 1478/1478/1478 1475/1475/1475 1479/1479/1479
f 1477/1477/1477 1480/1480/1480 1476/1476/1476
f 1480/1480/1480 1481/1481/1481 1476/1476/1476
f 1482/1482/1482 1478/1478/1478 1479/1479/1479
f 1482/1482/1482 1479/1479/1479 1483/1483/1483
f 1484/1484/1484 1483/1483/1483 1481/1481/1481
f 1480/1480/1480 1484/1484/1484 1481/1481/1481
f 1484/1484/1484 1482/1482/1482 1483/1483/1483
f 1485/1485/1485 1477/1477/1477 1478/1478/1478
f 1486/1486/1486 1480/1480/1480 1477/1477/1477
f 1485/1485/1485 1486/1486/1486 1477/1477/1477
f 1486/1486/1486 1487/1487/1487 1480/1480/1480
f 1487/1487/1487 1484/1484/1484 1480/1480/1480
f 1486/1486/1486 1485/1485/1485 1487/1487/1487
f 1487/1487/1487 1488/1488/1488 1484/1484/1484
f 1488/1488/1488 1482/1482/1482 1484/1484/1484
f 1487/1487/1487 1485/1485/1485 1488/1488/1488
f 1489/1489/1489 1485/1485/1485 1478/1478/1478
f 1489/1489/1489 1478/1478/1478 1482/1482/1482
f 1488/1488/1488 1489/1489/1489 1482/1482/1482
f 1488/1488/1488 1485/1485/1485 1489/1489/1489
f 1492/1492/1492 1491/1491/1491 1490/1490/1490
f 1493/1493/1493 1492/1492/1492 1490/1490/1490
f 1493/1493/1493 1490/1490/1490 1494/1494/1494
f 1492/1492/1492 1495/1495/1495 1491/1491/1491
f 1495/1495/1495 1496/1496/1496 1491/1491/1491
f 1497/1497/1497 1493/1493/1493 1494/1494/1494
f 1497/1497/1497 1494/1494/1494 1498/1498/1498
f 1499/1499/1499 1498/1498/1498 1496/1496/1496
f 1495/1495/1495 1499/1499/1499 1496/1496/1496
f 1499/1499/1499 1497/1497/1497 1498/1498/1498
f 1500/1500/1500 1492/1492/1492 1493/1493/1493
f 1501/1501/1501 1495/1495/1495 1492/1492/1492
f 1500/1500/1500 1501/1501/1501 1492/1492/1492
f 1501/1501/1501 1502/1502/1502 1495/1495/1495
f 1502/1502/1502 1499/1499/1499 1495/1495/1495
f 1501/1501/1501 1500/1500/1500 1502/1502/1502
f 1502/1502/1502 1503/1503/1503 1499/1499/1499
f 1503/1503/1503 1497/1497/1497 1499/1499/1499
f 1502/1502/1502 1500/1500/1500 1503/1503/1503
f 1504/1504/1504 1500/1500/1500 1493/1493/1493
f 1504/1504/1504 1493/1493/1493 1497/1497/1497
f 1503/1503/1503 1504/1504/1504 1497/1497/1497
f 1503/1503/1503 1500/1500/1500 1504/1504/1504
f 1507/1507/1507 1506/1506/1506 1505/1505/1505
f 1508/1508/1508 1507/1507/1507 1505/1505/1505
f 1505/1505/1505 1506/1506/1506 1509/1509/1509
f 1510/1510/1510 1507/1507/1507 1508/1508/1508
f 1511/1511/1511 1510/1510/1510 1508/1508/1508
f 1506/1506/1506 1512/1512/1512 1509/1509/1509
f 1509/1509/1509 1512/1512/1512 1513/1513/1513
f 1513/1513/1513 1514/1514/1514 1511/1511/1511
f 1514/1514/1514 1510/1510/1510 1511/1511/1511
f 1512/1512/1512 1514/1514/1514 1513/1513/1513
f 1507/1507/1507 1515/1515/1515 1506/1506/1506
f 1510/1510/1510 1516/1516/1516 1507/1507/1507
f 1516/1516/1516 1515/1515/1515 1507/1507/1507
f 1515/1515/1515 1517/1517/1517 1506/1506/1506
f 1506/1506/1506 1517/1517/1517 1512/1512/1512
f 1516/1516/1516 1517/1517/1517 1515/1515/1515
f 1518/1518/1518 1516/1516/1516 1510/1510/1510
f 1514/1514/1514 1518/1518/1518 1510/1510/1510
f 1518/1518/1518 1517/1517/1517 1516/1516/1516
f 1517/1517/1517 1519/1519/1519 1512/1512/1512
f 1512/1512/1512 1519/1519/1519 1514/1514/1514
f 1519/1519/1519 1518/1518/1518 1514/1514/1514
f 1519/1519/1519 1517/1517/1517 1518/1518/1518
f 1522/1522/1522 1521/1521/1521 1520/1520/1520
f 1523/1523/1523 1522/1522/1522 1520/1520/1520
f 1520/1520/1520 1521/1521/1521 1524/1524/1524
f 1525/1525/1525 1522/1522/1522 1523/1523/1523
f 1526/1526/1526 1525/1525/1525 1523/1523/1523
f 1521/1521/1521 1527/1527/1527 1524/1524/1524
f 1524/1524/1524 1527/1527/1527 1528/1528/1528
f 1528/1528/1528 1529/1529/1529 1526/1526/1526
f 1529/1529/1529 1525/1525/1525 1526/1526/1526
f 1527/1527/1527 1529/1529/1529 1528/1528/1528
f 1530/1530/1530 1521/1521/1521 1522/1522/1522
f 1531/1531/1531 1522/1522/1522 1525/1525/1525
f 1531/1531/1531 1530/1530/1530 1522/1522/1522
f 1532/1532/1532 1531/1531/1531 1525/1525/1525
f 1532/1532/1532 1525/1525/1525 1529/1529/1529
f 1532/1532/1532 1530/1530/1530 1531/1531/1531
f 1533/1533/1533 1532/1532/1532 1529/1529/1529
f 1533/1533/1533 1529/1529/1529 1527/1527/1527
f 1533/1533/1533 1530/1530/1530 1532/1532/1532
f 1534/1534/1534 1527/1527/1527 1521/1521/1521
f 1530/1530/1530 1534/1534/1534 1521/1521/1521
f 1534/1534/1534 1533/1533/1533 1527/1527/1527
f 1534/1534/1534 1530/1530/1530 1533/1533/1533
f 1537/1537/1537 1536/1536/1536 1535/1535/1535
f 1538/1538/1538 1537/1537/1537 1535/1535/1535
f 1535/1535/1535 1536/1536/1536 1539/1539/1539
f 1540/1540/1540 1537/1537/1537 1538/1538/1538
f 1541/1541/1541 1540/1540/1540 1538/1538/1538
f 1536/1536/1536 1542/1542/1542 1539/1539/1539
f 1539/1539/1539 1542/1542/1542 1543/1543/1543
f 1543/1543/1543 1544/1544/1544 1541/1541/1541
f 1544/1544/1544 1540/1540/1540 1541/1541/1541
f 1542/1542/1542 1544/1544/1544 1543/1543/1543
f 1545/1545/1545 1536/1536/1536 1537/1537/1537
f 1546/1546/1546 1537/1537/1537 1540/1540/1540
f 1546/1546/1546 1545/1545/1545 1537/1537/1537
f 1547/1547/1547 1546/1546/1546 1540/1540/1540
f 1547/1547/1547 1540/1540/1540 1544/1544/1544
f 1547/1547/1547 1545/1545/1545 1546/1546/1546
f 1548/1548/1548 1547/1547/1547 1544/1544/1544
f 1548/1548/1548 1544/1544/1544 1542/1542/1542
f 1548/1548/1548 1545/1545/1545 1547/1547/1547
f 1549/1549/1549 1542/1542/1542 1536/1536/1536
f 1545/1545/1545 1549/1549/1549 1536/1536/1536
f 1549/1549/1549 1548/1548/1548 1542/1542/1542
f 1549/1549/1549 1545/1545/1545 1548/1548/1548
