975,766,-647,985,781,-620,991,781,-620,996,780,-620,966,780,-621,960,779,-622,955,778,-622,1005,773,-434,949,770,-443,988,749,-576,965,749,-579,1059,661,-305,902,671,-292,1075,541,-247,882,556,-233,1075,440,-397,881,454,-391,1078,408,-452,883,421,-443,1068,410,-507,892,425,-500,1065,422,-421,894,436,-417,1023,448,-2,934,449,2,1049,291,38,914,287,59,1073,135,259,898,135,331,1065,114,266,912,113,343,1105,80,53,855,80,138,
976,766,-615,985,781,-590,991,781,-590,996,781,-590,967,780,-592,961,779,-592,955,778,-592,1005,773,-414,949,770,-421,988,748,-547,967,748,-549,1059,663,-283,903,671,-274,1075,541,-206,882,556,-193,1076,440,-349,882,453,-325,1078,408,-398,883,420,-372,1068,411,-454,892,424,-429,1065,422,-373,895,435,-350,1022,449,-3,934,449,3,1050,289,17,915,287,38,1076,133,221,899,135,274,1067,112,226,912,112,283,1105,80,16,856,81,83,
976,766,-603,985,781,-579,991,781,-579,996,781,-579,967,780,-580,961,780,-580,955,779,-580,1005,774,-406,949,771,-411,988,748,-536,967,748,-538,1059,664,-274,904,671,-266,1075,542,-197,883,555,-185,1076,440,-339,883,453,-317,1079,409,-388,883,420,-363,1068,411,-443,892,423,-419,1064,422,-362,895,434,-341,1022,449,-4,934,449,4,1050,288,12,916,287,35,1078,132,214,899,134,268,1068,112,219,912,111,277,1105,80,11,857,81,78,
976,766,-607,985,782,-583,991,782,-583,997,781,-583,967,781,-584,961,780,-584,955,779,-584,1005,775,-408,949,771,-414,989,748,-539,968,747,-542,1059,665,-275,905,672,-269,1075,542,-199,884,554,-191,1077,440,-343,885,453,-325,1079,409,-393,884,420,-373,1068,411,-448,893,423,-429,1064,422,-366,896,434,-349,1022,449,-4,934,449,4,1051,287,14,916,287,38,1079,132,220,899,134,279,1069,111,226,912,111,289,1105,80,17,858,81,89,
977,766,-610,986,782,-586,992,782,-586,997,782,-586,967,781,-587,961,780,-587,956,779,-587,1005,775,-409,950,771,-417,989,748,-542,969,747,-544,1059,666,-275,906,672,-271,1075,543,-199,885,554,-196,1077,440,-342,886,453,-330,1079,409,-393,884,420,-378,1068,412,-448,893,423,-434,1064,422,-366,897,434,-354,1022,449,-4,934,449,4,1051,287,17,916,287,37,1079,132,225,899,134,277,1069,111,230,912,110,287,1105,79,21,858,81,87,
977,766,-612,986,782,-588,992,782,-588,997,782,-588,967,781,-589,962,780,-589,956,779,-589,1005,775,-411,950,771,-418,990,748,-543,970,747,-546,1060,667,-275,907,672,-273,1075,544,-198,885,554,-199,1077,440,-341,887,452,-332,1079,409,-391,884,419,-380,1068,412,-447,894,423,-436,1064,422,-365,897,434,-356,1022,449,-4,934,449,4,1051,286,18,916,287,36,1080,131,227,899,134,279,1069,111,233,912,110,289,1105,79,23,859,81,87,
977,765,-610,986,782,-586,992,782,-586,997,782,-586,967,780,-588,962,780,-588,956,779,-588,1005,775,-410,950,771,-417,990,748,-542,970,747,-544,1060,667,-273,907,672,-272,1075,544,-195,885,554,-196,1077,440,-338,887,452,-328,1079,409,-387,884,419,-375,1068,412,-443,894,423,-431,1064,422,-362,897,434,-352,1022,449,-4,934,449,4,1052,286,18,916,287,36,1080,131,224,899,134,279,1069,111,229,912,110,289,1106,79,20,859,81,87,
978,765,-606,986,782,-583,993,782,-583,997,782,-583,968,780,-584,962,779,-585,957,778,-585,1006,775,-408,951,771,-414,991,748,-538,971,746,-540,1060,667,-271,908,673,-269,1075,544,-192,885,554,-192,1077,440,-335,887,452,-324,1079,409,-384,884,419,-371,1068,412,-440,894,423,-427,1064,422,-359,898,434,-348,1022,449,-4,934,449,4,1052,286,19,916,287,35,1079,131,225,899,134,275,1069,111,231,912,110,285,1106,79,21,859,81,83,
979,765,-602,987,782,-579,993,782,-579,998,782,-579,969,780,-581,963,779,-581,957,778,-581,1006,775,-404,951,770,-412,992,747,-534,972,746,-536,1061,667,-267,908,673,-267,1075,545,-187,886,554,-189,1077,440,-332,887,453,-321,1079,410,-381,884,419,-368,1068,413,-438,894,423,-424,1064,422,-356,898,435,-345,1022,450,-4,934,449,4,1052,286,19,916,287,31,1079,131,225,899,134,263,1069,111,230,912,110,272,1106,79,21,859,81,70,
980,764,-596,988,782,-572,994,782,-572,999,782,-572,969,780,-574,964,779,-574,958,778,-574,1007,775,-398,952,770,-407,992,747,-527,973,745,-530,1061,667,-261,909,673,-264,1075,545,-180,886,554,-187,1078,441,-323,887,453,-317,1079,410,-372,885,420,-364,1068,413,-428,894,424,-420,1064,422,-348,898,435,-341,1022,450,-4,934,449,3,1052,286,19,916,287,25,1079,131,225,899,134,252,1069,111,231,911,109,261,1106,79,22,859,81,57,
981,764,-587,989,782,-563,995,782,-563,1000,782,-563,970,780,-565,964,779,-565,959,778,-565,1007,776,-388,952,770,-399,993,747,-519,974,745,-522,1061,668,-251,909,673,-260,1075,545,-166,886,554,-186,1078,441,-306,887,453,-315,1079,411,-353,885,420,-362,1068,413,-409,895,424,-417,1064,422,-330,898,435,-339,1022,450,-3,934,450,2,1052,286,20,916,287,23,1079,131,224,899,134,252,1069,111,229,911,109,260,1107,79,21,859,81,57,
981,764,-592,989,782,-568,995,782,-568,1000,782,-568,970,780,-570,965,779,-570,959,778,-571,1007,776,-393,952,770,-403,993,747,-524,974,745,-527,1061,668,-257,909,673,-261,1075,545,-175,887,554,-186,1078,441,-315,887,453,-317,1079,411,-363,885,420,-363,1068,413,-419,895,425,-419,1064,422,-339,898,436,-341,1022,450,-3,935,450,3,1052,286,16,916,287,25,1079,130,219,899,134,255,1069,110,224,911,109,264,1107,79,18,859,81,62,
981,764,-595,989,781,-571,995,782,-571,1000,782,-571,971,780,-573,965,779,-573,960,778,-573,1007,776,-395,953,770,-405,993,747,-527,974,745,-530,1061,668,-259,909,673,-262,1075,545,-179,887,554,-186,1078,441,-319,887,454,-317,1079,411,-366,886,421,-363,1068,413,-422,895,425,-420,1064,422,-343,898,436,-342,1022,450,-4,935,450,4,1052,286,15,917,287,26,1079,130,218,899,133,258,1069,110,223,911,109,267,1107,79,17,859,81,65,
981,764,-580,989,781,-557,995,782,-557,1000,782,-557,971,780,-558,965,779,-558,960,778,-558,1007,776,-383,953,770,-390,993,747,-512,974,745,-515,1061,668,-249,909,674,-246,1075,545,-163,887,554,-166,1078,441,-301,888,454,-296,1080,411,-346,887,421,-340,1068,413,-402,896,425,-396,1064,422,-324,899,436,-320,1022,450,-4,935,450,4,1052,286,13,917,287,24,1079,130,214,899,133,252,1069,110,219,911,109,260,1107,79,13,859,81,59,
981,764,-476,989,781,-451,995,782,-451,1000,782,-451,971,780,-454,965,779,-454,960,778,-454,1007,776,-277,953,771,-286,993,747,-408,974,745,-411,1061,670,-156,909,674,-150,1081,571,-117,887,556,-69,1091,497,-309,888,457,-199,1091,468,-352,887,424,-244,1085,476,-411,896,428,-297,1080,484,-332,899,439,-223,1022,450,-5,935,450,5,1052,287,0,917,287,10,1080,130,182,899,133,213,1069,110,185,911,109,219,1107,79,-22,859,81,19,
981,764,-524,989,781,-500,995,781,-500,1000,781,-500,971,780,-499,965,779,-499,960,778,-499,1007,776,-321,953,771,-312,993,747,-454,974,745,-452,1061,670,-190,910,674,-164,1089,567,-306,887,557,-87,1089,557,-693,888,458,-233,1085,553,-771,888,425,-277,1081,570,-797,897,429,-329,1079,572,-712,899,440,-255,1022,450,-8,935,450,8,1052,287,3,917,287,25,1080,130,210,899,133,260,1069,110,215,911,109,268,1107,79,-10,859,81,44,
981,764,-508,989,781,-484,995,781,-484,1000,781,-485,971,780,-484,965,779,-484,960,778,-484,1007,775,-304,953,771,-297,993,747,-438,974,745,-436,1060,671,-176,910,675,-146,1093,570,-294,887,557,-63,1089,573,-667,889,459,-195,1079,573,-742,889,425,-234,1074,588,-763,897,429,-285,1075,589,-683,899,440,-216,1023,450,-10,935,450,10,1052,287,6,917,287,36,1080,130,220,899,133,276,1069,110,227,911,109,285,1107,79,-3,859,82,70,
981,764,-508,989,781,-484,995,781,-484,1000,781,-484,971,780,-484,965,779,-484,960,778,-484,1007,775,-303,953,771,-299,993,747,-437,974,745,-436,1060,672,-175,910,675,-150,1094,571,-291,887,557,-66,1087,575,-658,889,459,-195,1076,574,-732,890,425,-233,1070,589,-753,897,429,-284,1071,590,-675,899,440,-216,1023,450,-12,935,450,12,1052,287,10,917,287,41,1080,130,226,899,133,280,1069,110,233,911,109,290,1107,79,4,859,82,79,
981,765,-402,988,782,-377,994,783,-377,999,783,-377,970,781,-378,964,781,-378,958,780,-378,1006,777,-210,952,771,-212,993,748,-339,973,746,-340,1059,673,-113,910,675,-96,1089,575,-139,887,558,-36,1086,549,-409,890,461,-186,1077,562,-475,890,427,-235,1071,581,-522,897,431,-286,1070,569,-434,899,442,-209,1023,450,-11,935,451,11,1052,287,10,918,287,27,1080,130,208,899,133,239,1069,111,213,911,110,246,1108,79,1,859,83,50,
979,766,-374,987,783,-347,993,783,-347,998,783,-347,968,782,-347,962,781,-347,957,780,-346,1005,777,-181,952,772,-174,992,749,-311,971,747,-309,1057,673,-100,909,675,-65,1086,576,-174,887,558,-38,1085,531,-508,886,461,-213,1078,529,-587,885,427,-239,1072,540,-632,892,431,-301,1070,537,-534,895,442,-236,1022,450,-12,935,451,12,1052,288,10,918,287,27,1080,131,203,899,134,239,1069,111,207,911,110,246,1108,79,0,859,83,51,
979,767,-356,986,784,-330,992,784,-330,998,784,-330,968,783,-329,962,782,-329,956,781,-329,1004,778,-165,951,772,-153,991,750,-293,971,747,-290,1057,674,-78,909,676,-40,1086,577,-174,887,560,-8,1085,534,-517,881,465,-194,1079,520,-594,879,431,-245,1073,533,-633,885,434,-297,1070,537,-540,888,445,-218,1022,451,-12,936,451,12,1052,288,7,918,288,21,1080,131,195,899,134,230,1069,112,200,911,111,236,1108,79,-7,859,83,41,
978,767,-312,985,784,-286,991,784,-287,997,784,-287,967,783,-283,961,782,-283,955,781,-283,1004,779,-124,951,773,-104,991,750,-251,970,748,-245,1057,675,-52,910,677,6,1086,577,-181,887,563,23,1090,548,-559,873,469,-168,1093,536,-640,869,438,-220,1086,549,-677,875,442,-270,1081,554,-583,879,452,-193,1023,450,-13,938,451,13,1052,288,4,918,288,22,1080,131,192,899,134,234,1069,112,197,911,111,241,1108,79,-8,859,83,46,
976,768,-294,983,785,-269,989,785,-269,995,785,-269,965,783,-264,959,782,-264,955,781,-263,1003,780,-111,951,773,-81,990,751,-235,969,749,-226,1057,676,-50,910,678,23,1086,579,-182,888,569,7,1094,545,-572,867,488,-205,1100,531,-654,859,459,-272,1092,542,-694,864,460,-320,1086,548,-597,870,470,-235,1024,450,-19,939,451,19,1052,288,-11,917,288,18,1080,131,168,900,135,223,1069,112,172,911,111,229,1108,79,-33,859,83,41,
975,770,-244,982,786,-217,988,787,-217,994,787,-217,964,785,-213,958,784,-213,954,783,-213,1002,781,-57,950,774,-37,989,753,-185,968,751,-180,1057,677,-16,910,678,57,1085,585,-156,888,577,-18,1097,539,-495,868,512,-339,1105,523,-574,861,489,-411,1098,534,-616,865,491,-454,1091,540,-520,870,497,-368,1024,450,-22,940,451,22,1052,288,-24,917,288,10,1080,132,136,900,135,192,1069,113,138,912,111,196,1108,79,-66,859,83,13,
974,772,-321,981,787,-293,987,787,-293,993,788,-293,963,786,-291,957,785,-291,953,784,-291,1001,782,-121,949,775,-111,988,754,-257,967,752,-254,1057,678,-52,909,678,3,1085,584,-116,887,576,-109,1098,535,-367,887,552,-485,1107,518,-433,890,542,-562,1100,527,-482,893,553,-596,1094,533,-392,899,558,-509,1024,450,-22,941,451,22,1052,288,-18,917,289,15,1080,132,155,900,136,198,1069,113,159,912,113,205,1108,79,-44,859,83,15,
969,773,-181,977,788,-153,983,788,-153,989,788,-153,959,787,-148,954,786,-148,950,785,-148,998,783,0,948,777,19,985,755,-124,963,754,-118,1056,678,59,909,683,62,1084,584,10,889,588,-117,1112,529,-166,941,605,-419,1123,513,-212,963,600,-486,1119,518,-255,971,614,-490,1114,525,-187,968,617,-428,1023,452,-16,941,453,17,1052,289,-29,917,290,-3,1080,132,123,900,136,171,1069,113,124,912,113,176,1108,80,-67,859,84,-2,
967,774,-169,975,788,-141,981,789,-141,988,789,-141,958,787,-137,953,786,-137,949,785,-137,997,784,10,947,778,29,983,756,-113,962,755,-107,1055,679,69,910,685,66,1083,583,19,890,592,-122,1115,526,-155,948,609,-418,1127,510,-199,969,604,-485,1123,514,-242,978,618,-483,1117,520,-175,974,621,-425,1023,453,-13,941,454,13,1053,290,-33,917,291,-11,1080,132,116,900,136,162,1069,114,117,912,114,167,1109,80,-73,859,84,-9,
967,774,-204,975,789,-174,981,789,-174,987,789,-174,957,787,-173,952,786,-173,949,785,-173,997,784,-8,947,777,0,983,756,-142,961,755,-139,1055,679,68,910,686,39,1083,584,26,901,592,-164,1116,525,-152,972,615,-476,1127,509,-198,994,613,-546,1123,513,-241,1001,625,-542,1118,519,-173,996,628,-482,1022,456,-6,941,456,6,1053,291,-26,917,292,-12,1080,133,134,900,136,164,1069,115,136,912,114,169,1109,81,-59,860,84,-17,
968,774,-230,975,789,-185,981,789,-185,987,790,-185,958,787,-192,953,787,-192,949,786,-192,997,785,-59,947,778,-42,983,756,-167,962,755,-154,1054,680,18,910,687,19,1081,584,-30,900,591,-163,1107,523,-252,954,603,-534,1110,506,-309,959,604,-615,1105,510,-353,970,621,-629,1102,517,-274,972,622,-549,1022,457,-6,941,457,6,1053,293,-24,918,293,-7,1080,135,155,902,136,180,1069,116,157,915,114,185,1109,82,-54,860,84,-5,
969,774,-257,975,789,-225,981,790,-225,988,790,-226,958,788,-207,953,787,-207,949,786,-207,997,785,-81,947,778,-62,984,756,-190,963,755,-169,1054,680,-18,910,688,43,1081,581,-101,883,589,-145,1063,524,-340,902,604,-498,1058,504,-406,912,606,-577,1051,511,-435,917,623,-591,1049,519,-354,919,624,-514,1022,457,-26,941,457,26,1053,294,-23,918,296,18,1080,136,170,905,136,223,1069,117,175,919,113,230,1106,84,-36,859,85,39,
970,774,-280,977,789,-258,983,790,-258,989,790,-258,960,788,-238,954,787,-238,949,786,-237,997,785,-100,947,779,-70,984,756,-211,964,755,-177,1054,679,-47,910,688,81,1077,575,-141,875,593,-58,1042,529,-404,854,604,-495,1033,512,-475,848,607,-579,1027,525,-503,853,621,-605,1029,531,-418,857,621,-519,1021,457,-46,941,457,46,1053,294,-46,919,299,18,1080,136,150,907,136,222,1072,118,153,920,113,229,1092,86,-61,858,86,36,
972,774,-288,978,789,-268,984,790,-268,990,790,-268,961,788,-248,954,787,-248,950,786,-248,998,785,-105,948,779,-73,985,756,-218,965,755,-183,1054,679,-51,911,689,87,1076,573,-141,872,595,-45,1039,532,-401,848,605,-493,1029,514,-471,842,608,-577,1024,529,-500,846,621,-604,1026,535,-415,851,620,-517,1021,458,-49,941,457,49,1053,294,-49,919,300,18,1080,136,147,907,137,219,1074,118,150,921,113,227,1088,86,-63,857,86,33,
971,774,-290,978,790,-271,984,790,-271,990,790,-271,960,788,-254,954,788,-254,950,787,-254,998,786,-128,948,779,-64,985,756,-219,965,755,-202,1054,681,-113,914,689,157,1066,572,-226,872,597,94,997,549,-461,817,612,-310,978,534,-527,796,625,-374,974,549,-541,800,637,-409,978,555,-466,809,631,-337,1020,459,-77,940,459,77,1052,297,-76,920,303,57,1079,137,116,908,137,226,1076,119,119,922,113,230,1074,88,-89,857,87,46,
971,774,-292,978,790,-281,984,791,-281,990,791,-281,960,789,-256,954,788,-256,950,787,-256,998,786,-150,948,780,-67,985,757,-235,964,755,-208,1053,682,-149,916,690,160,1059,571,-286,874,601,135,979,562,-527,812,621,-212,960,552,-592,790,635,-264,957,565,-599,793,647,-298,961,571,-530,803,641,-237,1018,459,-89,939,459,89,1050,299,-80,920,304,77,1079,139,114,908,138,244,1079,120,118,923,113,247,1064,90,-90,857,88,71,
970,774,-307,978,791,-296,984,791,-296,990,791,-296,960,789,-273,954,788,-273,950,788,-273,998,787,-166,948,780,-75,984,757,-254,963,755,-226,1051,682,-170,918,690,147,1053,570,-316,874,602,120,966,565,-566,811,621,-224,946,556,-632,789,636,-275,942,569,-636,793,648,-307,946,575,-568,803,642,-248,1017,458,-93,939,458,93,1049,299,-74,920,304,84,1078,142,120,908,139,260,1079,123,125,923,114,264,1057,91,-82,856,89,92,
969,775,-337,977,791,-323,983,791,-323,989,792,-323,959,790,-305,954,789,-305,950,788,-305,998,787,-188,947,780,-108,983,757,-284,962,756,-261,1047,682,-188,918,690,120,1044,570,-305,873,601,68,958,561,-523,806,621,-298,938,552,-583,783,633,-358,933,565,-592,786,644,-388,938,569,-526,796,639,-320,1017,458,-92,941,458,92,1048,303,-83,913,304,21,1076,147,112,908,139,195,1079,127,116,924,115,198,1046,91,-99,856,90,19,
952,774,-333,962,791,-323,968,791,-323,974,791,-323,948,790,-301,944,789,-301,941,788,-301,990,785,-211,944,780,-105,965,756,-286,948,756,-257,1039,680,-219,918,687,121,1037,564,-332,869,600,108,951,551,-521,803,617,-235,928,543,-577,783,621,-289,925,558,-588,785,626,-326,932,563,-524,793,623,-262,1021,459,-99,950,458,99,1049,302,-79,904,306,-89,1075,146,121,908,140,67,1080,127,130,925,115,68,1038,91,-88,854,91,-117,
945,762,-407,952,779,-394,958,780,-394,965,781,-394,939,777,-373,935,776,-374,931,775,-374,980,776,-263,934,769,-170,958,747,-355,941,746,-328,1032,667,-251,914,683,57,1037,548,-292,875,593,80,954,511,-413,815,559,-217,933,483,-462,797,549,-268,931,493,-483,799,551,-316,937,504,-419,806,553,-246,1028,459,-93,959,457,93,1055,303,-118,901,307,-126,1075,147,84,909,141,25,1081,128,90,925,116,26,1040,91,-122,853,93,-152,
943,752,-499,947,770,-480,952,771,-481,958,772,-481,933,765,-467,928,763,-467,924,762,-467,970,768,-328,920,755,-262,956,739,-439,938,736,-421,1027,662,-276,905,677,-42,1040,544,-285,888,575,42,966,480,-415,844,500,-213,939,453,-468,833,484,-261,946,461,-495,828,488,-321,949,470,-425,834,492,-245,1031,459,-88,960,455,88,1059,303,-117,900,306,-87,1076,149,75,909,142,93,1084,130,78,925,117,96,1048,93,-143,850,93,-82,
928,748,-518,932,766,-509,937,768,-509,943,769,-510,919,761,-490,915,760,-490,911,759,-490,958,766,-385,912,753,-293,943,735,-466,926,732,-440,1024,663,-314,906,675,-77,1084,545,-285,920,569,41,1063,463,-371,924,474,-133,1054,436,-418,921,445,-170,1044,445,-452,923,448,-229,1043,454,-382,927,458,-161,1034,459,-88,962,455,88,1059,304,-107,900,306,-67,1075,149,85,909,143,118,1083,130,88,926,118,122,1047,92,-127,850,94,-69,
925,745,-519,929,763,-512,934,765,-512,940,767,-512,917,759,-492,913,758,-492,910,757,-492,956,764,-391,912,752,-296,940,732,-468,923,730,-441,1023,663,-316,906,675,-83,1093,546,-284,924,567,38,1076,463,-367,929,470,-131,1067,436,-413,926,442,-169,1055,445,-447,930,445,-228,1055,455,-377,932,454,-159,1034,459,-87,962,455,87,1059,304,-102,898,306,-55,1075,148,89,909,143,123,1083,130,92,927,118,125,1049,92,-122,850,94,-30,
928,746,-550,932,764,-538,937,766,-538,944,768,-538,919,760,-522,915,759,-523,911,758,-523,958,765,-405,913,752,-327,943,733,-495,925,730,-473,1025,664,-322,907,675,-124,1103,560,-296,926,568,-17,1098,470,-389,935,472,-183,1094,444,-441,935,440,-227,1080,449,-451,939,443,-284,1078,458,-394,941,455,-211,1034,459,-86,962,457,86,1058,306,-106,896,307,-49,1075,150,92,908,143,148,1084,131,96,927,118,155,1049,92,-120,850,94,-6,
930,745,-528,934,763,-520,940,765,-520,946,767,-520,920,759,-502,916,758,-502,912,757,-502,960,765,-388,913,752,-303,945,732,-473,927,729,-449,1026,664,-307,907,675,-90,1107,574,-293,930,570,25,1107,475,-355,940,471,-117,1105,449,-398,940,441,-154,1095,452,-439,943,443,-222,1093,460,-369,945,454,-149,1034,459,-86,961,457,86,1058,306,-113,895,307,-105,1075,150,96,908,143,108,1084,131,103,927,118,116,1048,93,-117,851,95,-54,
930,745,-525,934,764,-516,940,766,-516,947,767,-516,920,760,-497,916,759,-497,912,758,-497,961,765,-391,913,753,-299,945,733,-472,926,729,-446,1026,664,-317,908,675,-86,1109,575,-290,937,569,37,1108,473,-369,945,471,-118,1107,447,-414,945,441,-157,1093,449,-454,947,442,-222,1090,457,-382,949,451,-149,1034,459,-84,962,457,85,1058,306,-116,893,307,-125,1075,150,114,908,144,95,1084,131,124,927,118,103,1049,93,-94,851,95,-66,
930,746,-531,935,765,-521,941,767,-521,948,768,-521,921,761,-503,917,760,-503,913,759,-503,961,766,-393,914,754,-305,946,734,-479,927,730,-454,1027,665,-325,909,674,-89,1108,571,-289,937,567,41,1100,464,-371,939,477,-121,1096,437,-417,933,449,-160,1081,439,-458,932,452,-226,1079,448,-385,936,461,-152,1035,459,-84,963,458,84,1058,306,-112,892,307,-125,1076,150,115,908,144,78,1084,131,122,927,118,84,1049,93,-95,851,95,-86,
930,747,-532,935,766,-521,941,767,-521,948,769,-522,921,762,-503,917,761,-503,913,760,-503,962,766,-395,914,754,-308,946,734,-480,927,731,-455,1028,665,-330,909,674,-92,1108,568,-296,937,566,39,1098,461,-378,938,476,-136,1093,434,-426,931,448,-176,1078,437,-464,930,451,-241,1076,446,-391,935,460,-166,1035,459,-84,964,458,84,1058,304,-109,892,307,-107,1076,150,120,908,144,96,1084,131,127,928,118,103,1049,93,-87,851,95,-71,
930,747,-515,935,766,-505,941,768,-505,948,769,-505,921,762,-486,917,761,-486,913,760,-487,962,766,-378,914,754,-290,946,734,-463,927,731,-438,1028,665,-318,909,673,-75,1107,562,-295,933,566,63,1091,458,-363,930,478,-109,1085,429,-408,927,455,-148,1075,434,-451,921,458,-214,1066,442,-378,933,465,-141,1035,458,-84,964,457,84,1058,303,-113,893,307,-135,1076,150,114,908,144,65,1084,131,121,928,118,70,1050,93,-100,851,94,-103,
931,747,-477,937,765,-453,943,766,-454,950,767,-454,922,762,-440,918,760,-440,914,759,-440,962,763,-284,915,753,-216,947,734,-410,927,731,-391,1026,662,-234,907,670,6,1071,556,-362,892,566,85,1003,528,-665,833,493,-130,990,522,-737,812,483,-166,987,534,-749,809,488,-215,989,537,-675,819,490,-155,1036,458,-85,963,454,86,1059,306,-176,893,307,-165,1077,151,2,908,144,22,1085,131,4,928,118,26,1050,93,-215,851,94,-154,
933,747,-447,940,765,-424,946,767,-424,952,768,-424,923,762,-411,919,761,-412,915,760,-412,962,764,-257,915,753,-197,948,734,-381,928,731,-364,1024,663,-218,906,670,37,1066,557,-332,881,566,83,988,527,-541,818,510,-208,972,509,-606,796,501,-262,966,528,-623,795,507,-322,969,531,-549,803,509,-241,1036,458,-89,963,453,89,1060,306,-149,894,307,-135,1077,150,37,909,143,40,1086,131,38,930,117,42,1050,93,-176,851,94,-132,
933,749,-448,940,767,-428,946,768,-428,952,769,-428,924,764,-413,919,763,-413,915,762,-413,962,765,-269,916,755,-198,948,735,-385,928,732,-366,1024,664,-228,906,670,36,1069,557,-318,881,566,78,996,519,-510,819,516,-228,983,498,-571,798,506,-283,979,519,-592,796,512,-344,982,525,-519,804,516,-263,1036,458,-91,963,451,91,1060,306,-140,894,307,-136,1078,150,55,909,143,43,1086,131,59,930,117,46,1050,93,-163,852,94,-126,
934,750,-450,940,768,-431,946,769,-431,952,770,-431,924,765,-416,920,764,-416,916,763,-416,963,765,-276,916,756,-202,949,736,-389,928,733,-369,1025,665,-236,905,670,33,1070,557,-311,882,566,78,997,515,-500,819,518,-222,984,492,-559,798,508,-274,981,514,-580,797,513,-335,985,522,-509,805,517,-256,1035,458,-92,963,451,92,1060,306,-134,894,307,-135,1078,150,61,909,143,47,1086,131,64,930,117,50,1050,93,-151,852,94,-120,
934,750,-474,941,767,-458,947,769,-458,954,770,-458,925,765,-440,920,764,-440,916,763,-440,964,765,-313,917,756,-226,949,736,-416,928,733,-392,1025,665,-286,907,670,20,1078,557,-319,885,566,99,996,512,-477,822,519,-171,982,474,-534,800,511,-217,968,479,-547,797,516,-281,971,493,-479,806,519,-206,1034,455,-94,963,449,94,1061,303,-144,893,306,-136,1078,150,69,909,143,48,1087,131,76,930,117,55,1050,93,-136,854,94,-110,
937,750,-467,944,767,-451,951,768,-451,957,769,-451,928,764,-432,923,763,-433,919,762,-433,968,764,-302,920,756,-219,952,736,-408,931,733,-384,1026,665,-273,909,671,33,1084,558,-319,885,572,150,991,515,-507,813,528,-77,975,483,-566,791,520,-117,963,483,-579,790,523,-183,966,495,-510,798,525,-111,1032,455,-93,961,449,93,1061,303,-139,892,306,-142,1078,150,60,909,143,43,1087,131,64,930,117,48,1050,93,-149,854,94,-121,
938,751,-477,946,768,-461,953,769,-461,959,770,-461,930,765,-443,925,765,-443,921,764,-443,971,766,-310,922,759,-225,954,738,-416,934,734,-392,1027,669,-274,909,674,23,1092,567,-381,874,574,128,996,530,-633,793,536,-101,977,507,-699,770,528,-140,967,511,-702,768,535,-204,972,520,-636,777,537,-134,1029,455,-95,958,449,95,1058,305,-137,893,305,-116,1077,150,57,909,143,67,1086,132,62,930,117,72,1051,93,-147,855,94,-95,
940,760,-425,949,777,-410,956,778,-410,961,779,-410,932,774,-393,927,774,-393,922,772,-393,974,775,-269,924,767,-193,956,744,-370,936,740,-348,1031,680,-248,908,677,43,1100,588,-351,866,578,115,1001,537,-571,785,542,-102,985,513,-635,761,535,-141,975,520,-643,761,543,-218,979,529,-574,770,545,-137,1023,459,-95,951,453,95,1052,305,-136,895,303,-41,1073,149,29,909,141,129,1078,132,30,930,116,133,1052,93,-171,855,94,-32,
946,767,-419,955,783,-401,961,784,-401,967,784,-401,938,782,-391,933,781,-391,928,781,-391,978,779,-245,926,776,-199,960,751,-358,940,748,-346,1034,688,-193,904,682,31,1114,611,-295,866,582,32,1034,560,-550,794,544,-270,1016,534,-615,773,536,-324,1007,547,-626,772,543,-382,1011,555,-555,779,545,-302,1021,465,-77,946,458,77,1047,305,-99,901,302,-22,1069,145,30,910,141,155,1068,129,37,930,116,159,1059,93,-147,856,94,-5,
946,772,-430,957,788,-409,963,788,-410,968,788,-410,939,787,-401,934,787,-401,929,786,-401,980,783,-238,928,782,-205,960,755,-365,940,755,-355,1037,693,-137,900,686,-32,1124,626,-240,870,592,-87,1073,580,-546,813,556,-468,1053,555,-618,794,547,-544,1043,567,-634,794,552,-593,1045,575,-555,802,555,-498,1019,471,-39,941,464,39,1042,304,-49,911,299,-36,1063,141,135,910,141,173,1057,123,140,930,116,180,1068,92,-72,868,91,-9,
950,778,-378,961,792,-349,966,792,-349,972,792,-349,943,792,-348,937,792,-348,932,791,-348,983,786,-158,928,786,-156,963,760,-306,942,760,-306,1039,698,-48,897,688,-24,1125,633,-160,871,589,-121,1094,598,-498,861,568,-501,1080,574,-584,863,562,-583,1067,585,-606,865,573,-616,1068,593,-514,866,575,-524,1020,475,-11,942,469,11,1039,304,-39,919,299,-32,1058,141,163,910,141,173,1049,122,169,925,119,180,1074,91,-55,887,90,-29,
956,780,-269,965,795,-235,970,795,-235,977,794,-235,948,796,-240,943,796,-240,937,795,-240,986,787,-38,931,790,-64,966,762,-196,946,762,-203,1038,702,56,897,688,-6,1121,642,-93,891,587,-152,1119,614,-464,913,580,-499,1117,596,-554,919,579,-578,1101,600,-576,916,593,-600,1098,606,-482,916,595,-515,1020,476,16,942,469,-16,1038,304,-26,920,299,-46,1056,141,168,908,144,157,1045,119,174,919,125,164,1091,92,-30,897,89,-38,
963,780,-261,971,795,-222,977,794,-223,982,794,-223,956,797,-234,951,797,-234,945,798,-234,990,787,-16,935,792,-69,971,761,-185,952,763,-200,1038,701,94,898,689,-55,1120,642,-98,916,587,-287,1120,624,-480,948,592,-606,1120,609,-554,964,598,-684,1106,614,-581,962,611,-695,1103,619,-495,960,611,-616,1019,474,61,942,468,-61,1038,304,38,920,299,-51,1055,141,204,903,146,153,1042,118,209,908,127,163,1105,93,34,905,88,-34,
968,780,-244,976,794,-204,982,794,-204,986,793,-204,961,797,-222,955,798,-221,948,798,-221,993,786,9,937,792,-68,975,762,-165,956,763,-187,1034,701,147,899,688,-68,1094,644,32,930,584,-241,1117,623,-323,992,612,-448,1130,615,-396,1010,628,-511,1122,618,-419,1007,639,-556,1116,620,-343,1002,635,-463,1019,474,69,943,467,-68,1037,302,17,921,298,-42,1055,141,200,901,146,213,1043,118,206,905,128,228,1107,94,21,906,88,23,
970,780,-221,977,795,-182,983,794,-182,987,793,-182,961,797,-201,955,798,-201,948,799,-201,993,787,25,937,793,-56,976,762,-144,958,763,-167,1030,702,162,901,689,-68,1090,650,46,937,584,-201,1118,623,-305,1012,626,-330,1129,609,-379,1033,639,-380,1118,613,-399,1029,650,-383,1112,617,-323,1023,645,-326,1019,473,72,944,467,-72,1035,301,15,923,298,-46,1055,140,192,902,147,202,1042,118,197,906,130,216,1108,95,14,906,88,15,
967,780,-258,974,795,-220,980,794,-220,985,794,-220,958,797,-238,953,798,-238,946,799,-238,992,787,-10,936,792,-86,975,762,-179,956,763,-201,1025,703,137,902,689,-126,1088,646,-19,950,589,-198,1115,622,-384,1042,604,-220,1125,607,-431,1062,616,-267,1112,614,-447,1067,622,-282,1106,618,-390,1061,618,-222,1020,472,81,944,466,-81,1036,301,21,922,298,-40,1055,140,181,901,148,207,1042,117,185,905,130,221,1109,95,3,906,87,24,
965,780,-287,973,795,-252,978,794,-252,984,793,-252,957,797,-265,951,798,-265,945,798,-265,991,786,-47,936,792,-109,974,762,-211,955,763,-226,1023,702,110,903,689,-157,1089,645,-21,959,586,-209,1122,616,-396,1050,550,-241,1130,603,-469,1066,533,-290,1120,608,-488,1073,542,-311,1115,611,-413,1068,550,-246,1018,472,84,944,466,-84,1037,301,44,922,297,-44,1056,139,208,901,148,195,1042,116,212,905,130,208,1111,95,40,907,87,13,
964,779,-294,972,795,-257,978,794,-257,983,793,-257,956,797,-273,950,797,-273,944,798,-273,990,786,-51,936,791,-118,973,762,-216,954,762,-235,1021,702,110,904,689,-159,1090,645,-23,959,586,-212,1124,614,-402,1050,542,-243,1131,603,-479,1065,522,-292,1122,608,-500,1072,532,-314,1117,610,-422,1068,541,-248,1018,472,84,944,465,-84,1037,301,41,922,297,-42,1056,139,195,901,148,195,1042,115,198,906,130,208,1112,95,23,907,86,15,
964,779,-290,972,795,-253,977,794,-253,982,794,-253,956,797,-271,950,797,-271,944,798,-271,990,786,-46,935,791,-118,973,762,-212,954,762,-234,1020,702,112,904,688,-155,1087,646,-9,956,583,-204,1122,616,-378,1038,517,-227,1133,605,-456,1048,491,-272,1124,608,-480,1053,500,-301,1118,610,-401,1049,509,-235,1018,472,82,944,465,-82,1037,301,36,921,298,-35,1055,139,188,901,148,200,1041,114,197,906,130,213,1112,95,7,906,86,22,
964,781,-343,973,795,-304,978,794,-304,984,794,-304,957,798,-325,951,799,-325,945,800,-325,991,786,-85,936,793,-177,973,762,-263,953,764,-288,1021,702,82,905,688,-177,1088,645,-18,952,570,-210,1122,614,-376,1005,457,-259,1129,603,-452,1036,434,-307,1119,607,-480,1045,439,-332,1114,609,-398,1047,448,-268,1019,472,86,944,465,-86,1037,301,57,921,297,-28,1055,139,213,901,148,238,1041,115,216,906,130,254,1112,95,38,907,86,63,
966,781,-335,974,795,-298,980,794,-298,985,793,-298,958,798,-315,953,799,-315,946,800,-315,992,786,-85,937,793,-172,974,762,-257,954,764,-278,1021,702,72,905,689,-163,1088,645,-29,941,567,-203,1122,613,-452,969,456,-270,1130,601,-538,985,429,-320,1119,605,-571,1002,433,-342,1115,608,-478,1002,444,-276,1019,471,85,944,465,-85,1036,301,49,921,297,-31,1055,139,204,901,148,222,1040,115,207,905,130,235,1112,95,36,907,86,49,
967,781,-353,976,795,-317,981,794,-318,986,793,-318,960,798,-334,954,799,-334,948,800,-334,994,786,-115,938,793,-191,975,763,-278,956,764,-298,1024,701,26,905,689,-163,1088,644,-133,913,563,-200,1121,612,-576,937,456,-272,1130,600,-668,945,425,-325,1118,604,-696,962,431,-360,1113,607,-599,963,442,-286,1019,470,81,943,464,-81,1036,301,65,921,294,-24,1054,139,251,900,148,237,1040,115,258,905,130,252,1112,95,90,907,85,68,
968,781,-348,977,795,-314,983,794,-314,987,793,-314,961,798,-330,955,799,-330,949,800,-330,995,786,-114,939,793,-186,976,763,-274,957,764,-294,1025,701,23,904,689,-158,1088,644,-140,907,562,-198,1120,612,-578,935,457,-275,1130,599,-670,940,426,-328,1119,603,-699,956,432,-366,1113,607,-602,956,443,-288,1018,468,79,941,463,-79,1036,301,69,921,291,-19,1055,140,263,900,147,244,1040,115,270,905,130,259,1111,96,104,906,85,76,
971,781,-378,980,795,-344,985,794,-345,990,793,-344,964,798,-358,959,799,-358,952,800,-358,998,786,-148,941,793,-211,979,763,-307,960,764,-324,1028,699,-17,904,685,-154,1092,643,-175,857,563,-196,1120,611,-628,894,466,-322,1129,601,-721,903,437,-370,1118,605,-747,918,445,-407,1113,607,-650,916,455,-335,1018,467,75,942,461,-76,1036,301,89,922,292,-14,1055,140,279,900,147,243,1040,115,286,904,129,257,1111,96,109,906,85,70,
972,781,-422,981,795,-388,986,794,-388,992,793,-388,965,797,-401,959,798,-401,953,799,-400,1000,785,-184,942,793,-244,980,762,-347,961,764,-363,1030,699,-31,904,684,-174,1098,643,-158,851,563,-205,1122,611,-591,887,467,-337,1129,600,-681,897,439,-385,1118,604,-709,912,448,-423,1113,607,-613,910,458,-350,1018,466,78,942,459,-78,1037,301,114,923,293,-5,1055,140,314,900,148,263,1040,115,322,904,130,279,1112,96,148,906,86,93,
973,781,-427,982,795,-393,987,794,-393,992,793,-393,966,797,-407,960,798,-407,954,799,-407,999,785,-191,942,793,-257,981,762,-353,962,764,-371,1030,699,-40,904,683,-196,1097,644,-179,856,560,-232,1122,611,-629,898,466,-352,1131,601,-721,906,437,-399,1120,604,-751,922,447,-436,1114,607,-652,921,457,-364,1018,466,83,942,459,-83,1037,301,134,924,294,-1,1055,140,323,900,148,259,1040,115,330,903,129,274,1112,96,164,908,86,94,
972,781,-408,981,795,-374,987,794,-374,992,794,-374,965,798,-388,960,798,-388,953,799,-388,999,785,-175,942,792,-236,981,762,-334,961,764,-352,1032,699,-29,904,683,-181,1099,644,-177,865,560,-222,1123,612,-624,898,466,-349,1131,602,-716,904,436,-397,1119,606,-743,920,445,-436,1114,609,-646,919,456,-363,1018,465,82,942,458,-82,1037,301,120,924,294,-2,1055,140,312,899,148,261,1040,115,319,902,129,276,1112,97,149,908,86,94,
972,782,-395,981,796,-361,986,795,-361,991,794,-361,965,798,-375,959,799,-375,953,800,-375,999,786,-161,942,792,-223,980,763,-321,961,764,-338,1033,699,-21,904,683,-173,1099,644,-190,869,561,-221,1124,613,-646,896,464,-356,1133,603,-740,904,434,-405,1120,607,-767,919,443,-445,1115,610,-668,918,454,-370,1018,465,82,942,458,-82,1037,301,112,925,296,-6,1055,140,300,899,148,253,1040,115,307,901,129,268,1113,97,140,908,86,85,
972,782,-427,981,796,-394,986,796,-395,992,795,-395,965,799,-406,959,800,-406,953,800,-406,999,786,-195,942,793,-248,981,763,-353,961,764,-368,1034,699,-44,904,683,-183,1107,644,-183,871,561,-217,1127,611,-621,897,461,-347,1132,603,-712,907,428,-396,1120,607,-740,922,439,-436,1115,609,-643,920,451,-361,1018,465,81,941,458,-81,1037,301,114,924,296,0,1054,140,331,899,149,279,1040,115,341,901,130,296,1112,97,168,908,86,110,
973,782,-426,981,797,-392,987,796,-392,992,795,-392,966,799,-405,960,800,-405,953,800,-405,1000,787,-188,943,793,-246,981,763,-351,962,765,-367,1036,699,-38,904,683,-177,1106,643,-175,874,560,-183,1128,611,-614,901,461,-307,1133,604,-705,909,431,-354,1122,610,-734,922,439,-401,1118,612,-638,921,450,-325,1018,466,74,941,459,-74,1037,301,91,924,296,-3,1054,141,309,900,150,280,1040,117,317,902,133,297,1113,97,165,908,86,100,
973,782,-384,982,797,-352,988,796,-352,993,795,-352,966,799,-361,960,800,-361,954,800,-361,1001,787,-162,944,793,-202,981,763,-315,962,765,-326,1038,699,-31,905,684,-131,1107,641,-179,886,560,-130,1129,612,-611,898,461,-246,1134,606,-700,895,430,-287,1123,614,-727,906,434,-340,1119,615,-633,907,446,-267,1018,466,65,941,459,-65,1036,301,62,924,296,-4,1054,141,284,900,151,277,1040,118,294,902,134,294,1112,97,107,908,86,98,
974,782,-371,983,797,-339,989,796,-339,994,795,-339,967,799,-349,961,800,-349,955,800,-349,1002,787,-150,945,793,-195,982,763,-301,963,765,-314,1039,699,-27,906,684,-131,1106,641,-178,891,561,-142,1130,612,-606,894,461,-254,1136,606,-694,891,429,-296,1126,613,-722,902,433,-348,1122,615,-628,903,445,-274,1018,465,64,941,459,-64,1035,301,66,924,296,-3,1053,142,287,900,151,273,1039,118,296,902,135,289,1112,97,113,908,87,98,
975,782,-362,984,796,-331,990,796,-331,994,795,-331,968,799,-342,963,800,-342,956,800,-342,1003,787,-141,946,793,-190,983,763,-292,964,765,-306,1040,699,-25,906,685,-129,1107,641,-176,895,563,-152,1130,612,-581,896,462,-273,1137,606,-667,896,432,-317,1126,613,-695,903,436,-363,1122,615,-603,907,447,-290,1018,465,63,941,459,-63,1035,300,66,923,296,-4,1052,143,285,900,152,270,1038,119,296,902,135,286,1112,98,112,907,88,95,
975,782,-366,984,796,-334,990,795,-334,995,794,-334,968,799,-345,962,800,-345,956,801,-345,1003,786,-142,946,794,-194,983,763,-295,964,765,-309,1039,698,-13,906,686,-134,1106,641,-114,895,564,-141,1130,612,-503,895,461,-251,1139,606,-586,891,432,-293,1129,612,-621,899,435,-349,1124,614,-527,901,446,-272,1018,466,66,941,460,-66,1038,302,62,924,297,-9,1052,143,272,900,153,272,1038,119,280,902,137,289,1112,98,92,906,89,96,
973,782,-368,982,796,-336,986,795,-336,992,794,-336,965,799,-346,959,800,-346,953,801,-346,999,786,-142,943,793,-196,981,763,-297,960,764,-311,1036,698,-9,903,685,-134,1102,643,-124,892,563,-131,1130,612,-534,883,460,-246,1139,605,-621,883,432,-289,1128,609,-652,893,435,-345,1123,612,-558,894,445,-268,1018,469,66,940,462,-66,1050,305,32,929,298,-52,1052,143,225,900,153,189,1038,119,230,901,136,201,1112,99,42,906,89,-1,
972,772,-403,980,787,-365,984,786,-365,989,785,-365,964,790,-381,957,791,-381,951,791,-381,994,778,-156,940,783,-230,979,754,-327,959,755,-348,1034,693,-33,893,669,-156,1101,639,-195,866,548,-217,1127,611,-659,876,452,-406,1132,598,-757,881,425,-462,1120,603,-788,894,430,-502,1115,607,-684,895,439,-422,1020,463,67,943,455,-67,1073,305,10,930,292,-61,1056,143,237,900,150,199,1040,118,246,901,132,212,1118,99,64,906,89,15,
970,766,-410,978,781,-373,982,780,-373,986,780,-373,962,784,-388,955,785,-388,949,785,-387,992,772,-167,938,779,-235,977,749,-335,957,750,-354,1033,690,-46,890,663,-160,1101,637,-213,860,541,-228,1125,610,-675,874,451,-426,1130,596,-773,881,424,-485,1117,600,-803,894,429,-522,1112,605,-699,894,438,-442,1021,459,66,944,451,-66,1077,305,16,930,289,-60,1057,143,255,901,149,210,1041,119,270,901,131,225,1120,99,99,907,89,31,
971,761,-416,979,775,-377,983,774,-377,988,773,-377,964,779,-393,958,780,-393,952,781,-393,992,765,-169,939,774,-241,978,743,-340,958,745,-360,1033,683,-47,891,662,-168,1103,628,-213,858,540,-232,1123,604,-671,876,450,-409,1129,590,-767,883,425,-463,1116,595,-793,896,429,-499,1111,599,-694,896,438,-423,1021,454,67,944,447,-67,1078,304,-39,930,284,-61,1059,144,211,901,148,218,1042,119,225,901,131,232,1121,99,50,908,89,39,
972,756,-411,982,769,-369,986,767,-369,991,765,-369,967,774,-386,962,776,-386,956,777,-386,996,757,-164,944,770,-237,978,737,-339,959,741,-357,1033,672,-43,892,659,-165,1102,622,-203,857,538,-223,1122,595,-649,877,448,-387,1130,581,-743,884,422,-439,1119,584,-772,897,425,-476,1113,587,-673,897,434,-402,1019,447,67,942,442,-67,1079,302,-66,930,280,-67,1059,144,190,901,147,219,1042,119,204,901,130,235,1121,99,33,908,89,54,
977,741,-386,985,754,-345,989,753,-345,994,753,-345,971,758,-368,965,759,-368,959,761,-368,996,747,-143,945,755,-234,981,725,-313,964,727,-343,1030,667,-24,892,643,-170,1100,615,-126,855,524,-205,1122,579,-529,876,431,-302,1131,563,-615,877,404,-345,1120,565,-652,894,407,-387,1115,569,-555,895,418,-317,1017,439,75,942,434,-75,1088,299,-41,930,275,-64,1059,144,213,902,144,224,1042,119,225,902,128,243,1121,99,44,908,88,63,
973,727,-383,981,741,-345,986,740,-345,990,740,-345,967,743,-363,961,744,-363,957,745,-363,993,735,-152,944,740,-232,978,710,-314,960,711,-338,1030,658,-55,893,625,-167,1099,611,-184,854,508,-205,1122,566,-567,875,415,-334,1131,550,-641,874,388,-381,1120,550,-673,892,391,-410,1115,555,-587,894,402,-346,1017,430,63,942,423,-64,1093,294,-100,932,270,-85,1061,144,181,902,144,218,1043,120,198,902,128,238,1120,99,37,908,88,64,
972,724,-390,980,740,-354,984,739,-354,989,738,-354,965,743,-369,960,744,-368,955,745,-368,993,732,-165,944,739,-232,977,708,-322,959,709,-342,1030,654,-60,892,625,-166,1099,608,-198,854,504,-205,1122,565,-613,874,410,-342,1131,547,-698,873,383,-388,1120,548,-730,890,387,-419,1114,552,-635,893,397,-354,1017,429,63,942,421,-63,1092,293,-119,932,268,-83,1061,144,157,902,141,221,1043,120,175,902,125,240,1120,99,13,909,88,69,
971,712,-390,980,728,-354,984,727,-354,989,727,-354,965,731,-368,960,732,-368,955,733,-368,993,722,-166,944,728,-231,977,696,-322,959,698,-341,1030,645,-60,892,620,-165,1102,600,-194,854,501,-204,1123,554,-610,875,406,-342,1134,536,-694,875,379,-388,1122,536,-726,891,383,-421,1116,541,-631,895,393,-354,1016,422,60,942,413,-60,1096,291,-200,933,264,-82,1061,144,53,902,141,234,1043,120,68,902,125,257,1120,99,-97,909,88,96,
995,691,-397,1003,705,-361,1007,705,-361,1011,704,-361,988,709,-377,983,711,-377,977,713,-376,1011,703,-168,968,712,-240,997,677,-326,982,681,-347,1039,630,-60,904,614,-166,1104,579,-194,855,500,-222,1127,528,-611,876,406,-387,1140,511,-696,876,380,-437,1128,511,-729,894,385,-469,1121,516,-633,896,395,-399,1011,413,60,938,405,-60,1095,290,-218,932,257,-87,1061,142,9,902,140,234,1043,119,23,902,125,257,1120,98,-133,909,88,106,
1016,679,-401,1027,692,-366,1031,691,-366,1034,691,-366,1011,697,-382,1006,700,-382,1001,702,-382,1032,689,-174,990,702,-249,1016,665,-330,1002,669,-352,1050,616,-66,917,611,-170,1111,561,-197,856,504,-227,1132,514,-611,875,407,-389,1146,496,-695,876,380,-438,1133,497,-728,894,384,-470,1126,502,-633,896,393,-401,1006,408,60,935,403,-60,1093,289,-199,932,255,-96,1061,141,26,903,141,235,1043,119,41,902,128,260,1120,97,-106,909,88,119,
1040,666,-400,1048,677,-365,1051,677,-365,1053,676,-365,1038,683,-381,1034,686,-381,1029,689,-381,1046,675,-172,1013,691,-268,1035,652,-330,1024,657,-352,1057,602,-69,927,606,-187,1115,547,-192,856,506,-236,1139,503,-573,872,406,-379,1154,483,-654,873,378,-436,1140,481,-685,891,379,-458,1131,487,-594,894,389,-395,1002,403,61,931,400,-61,1092,286,-155,931,252,-94,1061,138,84,903,139,213,1043,117,97,901,126,232,1119,96,-65,909,88,79,
1040,664,-423,1049,675,-390,1052,674,-390,1054,673,-390,1037,681,-409,1032,684,-408,1027,687,-408,1049,671,-205,1013,688,-294,1036,652,-354,1024,657,-379,1058,598,-110,929,604,-219,1116,545,-264,856,506,-293,1140,502,-680,871,405,-439,1156,482,-767,872,377,-487,1142,482,-794,889,378,-514,1133,487,-700,893,388,-450,1001,400,61,929,399,-62,1093,286,-209,929,251,-76,1061,138,43,903,139,245,1042,117,60,900,126,267,1119,96,-88,909,87,106,
1040,651,-428,1051,661,-394,1054,660,-395,1057,659,-395,1037,669,-414,1032,673,-414,1026,677,-414,1052,660,-205,1013,679,-296,1035,638,-356,1022,643,-382,1059,595,-95,931,599,-215,1117,540,-255,858,501,-261,1141,492,-603,870,399,-413,1154,468,-686,870,372,-449,1140,469,-718,887,371,-480,1132,476,-624,890,381,-420,1002,399,68,929,395,-68,1095,286,-193,930,247,-97,1062,138,66,902,138,209,1042,118,84,899,124,231,1119,96,-61,909,87,78,
1039,653,-425,1050,665,-392,1053,664,-393,1056,663,-393,1036,672,-412,1030,676,-412,1025,679,-412,1052,662,-204,1011,680,-294,1035,639,-354,1022,643,-380,1058,597,-87,931,598,-218,1116,539,-226,863,501,-254,1143,487,-584,870,396,-379,1155,465,-667,871,368,-416,1141,467,-701,888,367,-452,1134,473,-607,891,377,-389,1002,401,70,929,395,-70,1096,286,-204,930,246,-86,1063,138,32,902,137,229,1042,118,47,900,124,251,1119,96,-97,908,87,100,
1037,655,-453,1048,667,-421,1051,666,-421,1055,665,-421,1034,674,-439,1028,678,-439,1023,681,-439,1052,663,-230,1009,683,-311,1034,642,-380,1020,646,-404,1058,599,-95,930,599,-228,1118,542,-196,864,500,-251,1143,490,-558,871,394,-377,1156,465,-641,871,366,-416,1142,466,-678,888,365,-452,1134,473,-581,891,375,-388,1003,402,73,929,397,-73,1096,285,-200,930,246,-88,1063,139,77,902,137,226,1042,118,96,899,124,248,1119,96,-35,908,87,99,
1037,656,-470,1048,668,-438,1052,667,-438,1055,666,-438,1034,675,-456,1028,679,-456,1023,682,-456,1053,664,-246,1008,684,-326,1034,643,-397,1020,647,-420,1059,598,-109,929,600,-241,1132,545,-173,865,500,-251,1148,483,-494,872,393,-373,1157,458,-572,872,364,-415,1142,458,-606,888,364,-452,1135,466,-514,892,375,-385,1003,403,73,930,397,-73,1095,284,-199,930,245,-92,1063,138,52,902,138,226,1042,117,69,899,126,249,1120,95,-72,908,87,97,
1040,654,-468,1051,666,-434,1054,665,-434,1057,664,-435,1038,673,-453,1032,677,-453,1026,681,-453,1054,662,-242,1011,684,-327,1036,641,-394,1023,645,-419,1059,601,-103,931,599,-243,1139,549,-147,866,498,-253,1156,492,-448,873,391,-365,1165,464,-519,873,362,-404,1152,463,-553,890,363,-445,1144,471,-468,892,373,-378,1003,404,73,930,398,-73,1095,284,-204,930,245,-90,1063,138,39,902,138,230,1042,117,55,899,126,253,1120,95,-90,908,87,99,
1040,655,-443,1052,667,-406,1056,666,-406,1059,664,-406,1038,675,-427,1033,678,-427,1027,681,-427,1058,661,-205,1013,683,-299,1037,641,-367,1023,646,-394,1061,600,-53,934,599,-224,1128,551,-126,869,499,-231,1162,520,-487,874,392,-336,1177,506,-565,873,363,-374,1167,502,-602,890,364,-416,1160,505,-512,892,374,-350,1003,404,76,930,398,-76,1095,284,-191,931,245,-97,1063,137,44,903,139,220,1042,116,57,899,127,242,1120,95,-98,908,87,78,
1045,653,-417,1057,665,-381,1061,663,-381,1064,661,-381,1043,673,-402,1038,676,-402,1033,679,-402,1062,657,-182,1020,681,-280,1042,638,-343,1028,643,-371,1064,591,-43,938,599,-209,1128,534,-171,872,499,-226,1165,545,-578,874,393,-330,1180,558,-658,875,363,-364,1171,562,-668,890,364,-401,1164,557,-595,892,374,-343,1003,401,78,929,397,-78,1095,283,-181,931,245,-118,1063,137,50,903,139,196,1042,116,64,900,127,217,1119,95,-96,907,88,59,
1050,645,-470,1062,657,-436,1065,655,-436,1069,654,-436,1049,665,-460,1044,669,-460,1038,673,-460,1066,651,-239,1025,675,-351,1047,631,-396,1034,636,-429,1067,584,-92,940,599,-270,1137,516,-248,873,498,-275,1169,570,-626,875,392,-362,1181,591,-702,876,362,-387,1171,598,-700,891,364,-415,1164,590,-637,893,374,-372,1002,398,81,927,395,-81,1095,283,-181,931,245,-150,1063,137,44,903,139,167,1041,116,58,899,127,189,1118,94,-90,907,88,30,
1054,639,-482,1065,650,-449,1068,648,-449,1071,647,-449,1052,658,-468,1047,662,-468,1042,666,-468,1068,645,-255,1028,668,-348,1049,625,-408,1037,631,-436,1068,580,-119,942,596,-257,1137,508,-283,873,496,-270,1169,567,-656,875,388,-333,1181,587,-731,877,359,-357,1171,595,-728,891,361,-388,1164,587,-666,893,370,-343,1001,397,80,926,393,-80,1095,283,-180,932,244,-153,1063,136,50,904,139,160,1042,116,65,900,127,181,1118,94,-85,907,88,22,
1061,639,-444,1069,651,-412,1071,649,-412,1073,648,-412,1060,657,-449,1055,661,-449,1051,664,-449,1067,648,-232,1034,668,-350,1055,627,-375,1045,631,-435,1067,580,-97,943,596,-280,1135,504,-243,873,495,-294,1172,556,-582,875,388,-364,1184,567,-652,877,359,-392,1175,575,-652,891,360,-421,1169,569,-592,893,370,-374,998,397,88,925,393,-88,1095,283,-149,932,245,-150,1063,136,77,904,140,169,1043,115,92,900,127,191,1118,94,-41,907,89,37,
1056,640,-386,1065,652,-353,1067,650,-353,1070,649,-353,1054,659,-380,1049,663,-380,1044,666,-380,1065,649,-172,1029,669,-294,1051,628,-318,1040,631,-356,1067,584,-38,942,596,-248,1118,510,-123,875,495,-277,1172,541,-449,875,390,-349,1189,564,-518,877,362,-380,1183,565,-537,889,363,-415,1175,565,-467,892,373,-362,997,398,87,924,393,-87,1095,283,-127,932,246,-140,1063,136,101,904,140,178,1043,116,116,900,127,200,1119,94,-17,907,89,57,
1047,667,-370,1055,680,-334,1058,679,-334,1060,678,-334,1046,686,-361,1042,688,-361,1037,691,-361,1056,675,-145,1023,689,-270,1045,653,-300,1033,657,-336,1063,590,5,937,606,-242,1102,516,0,878,496,-269,1171,516,-274,881,395,-361,1190,522,-335,881,368,-399,1187,533,-371,896,369,-439,1179,533,-297,898,379,-375,998,401,90,926,396,-90,1095,283,-120,932,248,-135,1063,137,127,904,140,193,1043,117,142,900,127,216,1119,94,3,908,90,61,
1037,702,-391,1046,714,-352,1049,712,-352,1052,710,-353,1032,721,-373,1026,724,-373,1021,726,-373,1051,703,-154,1006,720,-247,1038,684,-319,1020,690,-347,1058,611,-4,928,623,-204,1091,520,-26,878,506,-267,1169,510,-332,907,416,-398,1187,513,-398,907,391,-445,1184,524,-434,924,396,-475,1176,524,-355,925,406,-410,1001,413,90,929,409,-90,1095,283,-92,932,252,-100,1063,137,173,905,140,221,1044,118,189,900,128,243,1119,94,36,908,90,72,
1029,706,-416,1039,717,-373,1043,715,-373,1047,713,-373,1024,724,-383,1017,726,-383,1011,728,-383,1049,707,-165,999,724,-258,1031,687,-340,1012,693,-355,1057,616,-20,926,628,-201,1092,525,-45,877,510,-258,1168,509,-367,910,422,-409,1185,511,-435,913,397,-457,1183,522,-474,931,404,-487,1175,522,-391,931,413,-421,1003,418,89,930,414,-89,1095,283,-97,932,255,-97,1063,138,147,905,140,205,1044,118,160,899,126,223,1118,94,5,909,91,39,
1027,706,-415,1037,718,-373,1041,717,-373,1045,715,-374,1022,725,-388,1016,727,-387,1009,729,-387,1047,709,-168,996,725,-248,1029,688,-339,1010,693,-358,1057,618,-15,924,631,-191,1095,526,-43,875,517,-250,1168,509,-377,913,432,-413,1185,510,-448,917,405,-462,1183,521,-488,933,412,-492,1175,521,-403,933,422,-424,1004,418,88,931,414,-88,1095,283,-109,933,255,-92,1063,138,130,905,141,220,1044,118,144,899,126,241,1117,94,3,909,91,67,
1027,703,-412,1036,715,-371,1040,714,-371,1045,712,-371,1022,722,-386,1016,724,-386,1010,726,-386,1045,707,-165,996,724,-242,1028,685,-336,1011,690,-357,1056,618,-15,924,630,-180,1097,526,-44,873,523,-253,1167,506,-377,919,455,-470,1184,505,-449,927,429,-527,1183,516,-490,938,439,-552,1175,517,-404,936,448,-482,1005,417,87,931,414,-87,1095,283,-113,933,255,-82,1063,138,109,905,143,233,1044,118,119,899,128,255,1117,94,-39,909,91,89,
1024,703,-406,1033,716,-367,1038,714,-367,1042,713,-367,1021,722,-382,1015,724,-382,1009,726,-382,1043,708,-157,997,724,-230,1025,686,-328,1010,692,-348,1056,621,8,924,635,-168,1098,526,35,873,528,-316,1167,504,-228,932,527,-625,1186,498,-280,945,539,-691,1185,509,-323,950,549,-701,1177,511,-252,948,547,-634,1005,420,86,931,420,-86,1093,285,-85,933,257,-69,1063,138,100,905,144,250,1043,118,106,899,129,273,1117,95,-56,909,93,108,
1022,711,-337,1030,724,-302,1034,723,-302,1038,721,-302,1018,730,-322,1012,733,-322,1007,735,-322,1037,717,-107,993,732,-199,1023,696,-265,1008,701,-291,1053,628,56,924,640,-160,1094,532,153,879,532,-343,1166,502,-27,934,572,-676,1186,494,-60,945,589,-748,1184,506,-113,947,601,-753,1176,508,-53,947,595,-685,1005,424,90,932,425,-90,1092,287,-41,932,262,-83,1062,139,174,905,145,215,1042,119,184,899,130,236,1118,96,29,908,95,61,
1022,712,-334,1030,726,-298,1033,725,-298,1037,724,-298,1017,732,-318,1012,734,-318,1006,736,-318,1035,720,-102,993,734,-197,1022,697,-260,1008,702,-287,1052,631,64,924,642,-159,1093,534,164,881,533,-343,1166,504,-17,933,575,-673,1185,494,-50,945,591,-743,1183,506,-103,947,603,-749,1176,508,-43,948,598,-681,1005,426,92,933,427,-92,1092,287,-34,932,263,-89,1062,140,180,905,145,198,1042,119,190,899,130,218,1118,97,36,908,95,41,
1008,746,-359,1019,759,-324,1023,757,-324,1027,756,-324,1004,764,-341,998,766,-341,993,767,-341,1029,747,-124,983,760,-198,1012,727,-285,994,732,-308,1049,655,38,923,664,-160,1083,553,84,902,554,-348,1150,505,-162,963,574,-685,1168,497,-212,984,579,-759,1170,508,-263,988,590,-767,1163,510,-189,983,591,-693,1010,440,91,937,438,-91,1091,291,-47,932,274,-101,1062,142,212,904,147,197,1041,120,226,899,132,217,1118,99,63,908,95,30,
1004,753,-374,1014,766,-337,1019,764,-337,1022,763,-337,998,772,-360,992,775,-360,986,776,-360,1025,757,-133,974,772,-218,1007,735,-286,989,740,-317,1042,665,44,919,673,-202,1070,561,142,908,562,-387,1137,505,-66,965,555,-705,1155,497,-108,983,549,-782,1159,505,-167,988,564,-795,1152,509,-96,983,567,-715,1015,446,93,941,442,-93,1090,295,-61,932,280,-82,1062,145,188,905,152,267,1041,123,202,900,137,292,1118,100,32,908,96,100,
1002,757,-371,1011,770,-335,1015,769,-335,1020,767,-335,995,776,-358,989,778,-358,983,780,-358,1022,762,-129,970,775,-224,1005,739,-290,986,743,-320,1041,667,50,918,675,-208,1068,560,153,910,565,-387,1132,505,-35,962,553,-697,1149,492,-73,981,547,-771,1152,499,-132,985,565,-785,1146,504,-65,980,569,-707,1019,446,95,946,443,-95,1090,296,-29,932,282,-83,1063,146,219,905,152,247,1042,124,232,900,137,270,1118,101,66,909,96,91,
998,760,-391,1007,773,-354,1011,771,-354,1016,769,-354,992,778,-378,985,779,-378,979,781,-378,1019,764,-134,968,775,-248,1002,741,-307,984,745,-341,1041,665,42,917,676,-233,1068,559,140,910,568,-428,1128,497,-48,963,553,-755,1145,481,-85,982,546,-835,1149,486,-147,987,563,-848,1141,492,-78,982,568,-766,1020,448,97,947,444,-97,1090,297,-20,933,282,-84,1062,147,229,904,151,240,1042,124,242,900,136,262,1118,101,72,911,96,77,
999,754,-391,1008,768,-354,1012,767,-354,1016,765,-354,993,773,-377,987,775,-377,982,776,-377,1018,759,-135,969,772,-252,1001,736,-307,985,741,-341,1040,665,36,916,673,-230,1071,559,135,912,564,-403,1128,495,-41,966,550,-698,1146,469,-77,986,545,-772,1147,470,-135,990,562,-787,1139,479,-69,985,566,-708,1023,446,97,948,442,-97,1090,297,-8,933,281,-44,1062,147,226,904,151,282,1042,124,237,900,136,303,1118,101,65,913,96,112,
998,755,-378,1008,769,-338,1013,767,-338,1018,765,-338,994,773,-362,988,775,-362,983,776,-362,1020,757,-113,969,772,-224,1001,736,-293,984,741,-326,1037,666,60,917,673,-198,1072,568,129,919,561,-399,1120,507,-90,979,548,-665,1138,474,-137,999,541,-735,1136,480,-190,1001,555,-753,1128,483,-117,997,558,-675,1023,447,97,947,442,-97,1091,298,-16,934,280,-59,1062,147,225,904,151,262,1041,124,236,900,136,284,1119,101,57,913,96,91,
1000,751,-356,1010,764,-313,1015,763,-313,1019,761,-314,996,769,-337,990,771,-337,984,773,-337,1021,754,-82,970,770,-191,1003,733,-269,986,738,-300,1036,668,88,917,672,-158,1073,596,94,919,558,-303,1122,561,-251,979,543,-546,1136,539,-320,1002,536,-612,1135,539,-359,1006,549,-635,1129,545,-277,1000,552,-557,1022,448,96,947,442,-96,1092,298,-44,935,280,-58,1062,148,154,904,150,255,1041,124,161,899,134,277,1119,101,-17,913,96,85,
1004,748,-354,1013,761,-312,1017,760,-312,1021,758,-312,998,767,-337,992,769,-337,986,770,-337,1021,751,-79,971,768,-194,1005,730,-266,989,735,-299,1037,671,114,919,673,-170,1076,613,108,922,557,-267,1123,607,-202,984,540,-399,1137,607,-258,1006,527,-445,1136,609,-323,1009,539,-472,1129,607,-231,1003,543,-407,1022,448,97,947,443,-97,1092,299,-36,934,279,-48,1062,148,142,904,149,252,1041,124,146,899,133,273,1120,102,-32,913,96,82,
1007,748,-360,1016,760,-319,1020,759,-320,1024,757,-320,1000,766,-343,994,768,-343,988,770,-343,1024,750,-94,974,768,-202,1009,730,-275,992,735,-307,1038,668,88,923,673,-189,1117,609,-59,927,556,-280,1128,672,-436,986,527,-490,1138,688,-513,1004,505,-543,1130,691,-509,1008,516,-565,1126,684,-447,1003,525,-497,1021,447,97,946,443,-97,1092,299,-16,934,280,-24,1062,148,151,904,149,287,1042,124,149,899,133,308,1120,102,-29,914,96,118,
1008,759,-361,1016,772,-321,1020,770,-321,1024,769,-321,1000,776,-345,994,778,-345,988,779,-345,1024,761,-101,974,774,-207,1010,740,-279,995,745,-311,1040,674,84,925,675,-199,1125,614,-89,925,556,-296,1127,707,-447,982,510,-452,1129,727,-524,1000,493,-502,1119,732,-511,1004,511,-522,1116,725,-454,999,518,-459,1021,447,97,946,444,-97,1091,300,-12,934,283,-32,1062,149,177,904,149,273,1042,124,182,899,134,294,1120,102,21,914,95,104,
1005,776,-359,1012,787,-320,1017,785,-320,1021,784,-320,998,791,-345,992,792,-345,986,793,-345,1021,776,-104,971,786,-214,1008,757,-279,992,761,-312,1040,684,76,925,684,-204,1116,616,-61,925,566,-304,1136,692,-420,983,513,-461,1137,711,-495,1000,496,-510,1123,720,-495,1004,513,-533,1118,714,-433,1000,520,-469,1021,463,96,948,459,-96,1086,306,-3,934,296,-54,1062,149,168,905,151,191,1042,124,172,900,136,205,1121,103,-3,914,96,5,
1000,792,-332,1007,805,-289,1011,803,-289,1015,801,-289,992,809,-318,987,811,-318,981,812,-318,1016,792,-65,967,804,-199,1004,774,-249,987,778,-288,1038,699,125,925,699,-202,1111,619,49,928,580,-300,1143,674,-291,986,519,-446,1151,694,-358,1002,499,-495,1140,702,-364,1006,514,-519,1133,695,-308,1003,522,-454,1023,479,103,952,477,-103,1078,311,22,935,311,-104,1062,150,182,905,154,116,1042,126,183,900,138,126,1120,103,0,914,96,-79,
991,797,-341,999,811,-299,1004,810,-299,1008,808,-299,983,814,-324,976,815,-324,970,816,-324,1012,801,-72,958,809,-184,997,779,-256,978,781,-289,1037,708,129,924,709,-172,1085,619,83,929,588,-256,1148,645,-291,985,523,-425,1163,657,-352,1002,501,-480,1157,666,-374,1008,515,-508,1150,661,-305,1004,522,-435,1031,483,103,960,479,-103,1067,316,54,936,315,-90,1065,152,208,904,159,165,1046,128,208,899,144,179,1120,103,18,915,97,-25,
988,798,-373,996,812,-330,1001,811,-330,1006,810,-330,980,815,-355,973,816,-355,967,816,-355,1008,804,-88,956,809,-206,994,779,-283,975,782,-317,1035,711,109,921,708,-176,1073,619,67,931,586,-264,1150,635,-307,985,525,-445,1167,649,-377,1002,502,-500,1162,659,-411,1007,517,-531,1155,653,-332,1003,524,-457,1035,486,102,963,481,-102,1064,318,42,938,317,-69,1065,153,212,905,165,214,1048,130,214,900,150,229,1120,103,18,914,99,3,
988,796,-364,997,811,-321,1001,810,-321,1006,808,-321,981,814,-347,975,815,-347,968,815,-347,1008,801,-84,956,811,-203,993,777,-275,975,780,-309,1033,709,113,919,707,-170,1073,619,61,934,582,-238,1150,636,-325,986,526,-402,1168,651,-399,1004,502,-454,1164,662,-434,1008,517,-488,1157,657,-352,1004,525,-414,1037,485,102,964,480,-102,1063,319,49,938,315,-62,1065,153,208,904,166,214,1048,130,210,900,150,229,1120,103,16,913,99,14,
988,795,-324,997,809,-283,1002,808,-283,1006,806,-283,981,813,-307,975,814,-307,969,815,-307,1009,799,-56,957,811,-171,993,776,-240,974,781,-273,1033,709,128,918,708,-155,1076,623,93,935,582,-234,1155,641,-243,989,527,-383,1175,650,-309,1006,502,-435,1172,659,-348,1012,514,-467,1164,656,-271,1008,524,-394,1036,482,101,963,477,-101,1063,318,46,938,312,-50,1065,153,204,904,165,222,1048,130,208,901,150,237,1119,103,14,913,99,30,
987,793,-311,997,807,-268,1002,806,-268,1007,805,-268,981,812,-285,975,813,-285,969,814,-285,1010,797,-39,957,810,-119,993,775,-226,974,779,-250,1033,708,124,918,711,-93,1082,642,82,914,593,-251,1164,637,-278,978,580,-511,1185,639,-353,1001,565,-580,1182,645,-402,1010,572,-597,1174,647,-311,1003,578,-521,1035,483,92,962,477,-92,1065,319,35,940,310,-74,1065,154,203,905,165,158,1048,131,207,902,149,170,1118,104,14,913,100,-38,
986,793,-318,996,806,-277,1001,805,-277,1007,804,-277,980,810,-292,974,811,-292,968,812,-292,1010,795,-52,957,807,-121,993,774,-236,974,777,-256,1035,706,91,917,711,-108,1095,650,-97,900,603,-352,1167,635,-543,978,617,-662,1185,629,-634,1003,618,-740,1179,631,-665,1010,628,-738,1172,633,-569,1003,630,-665,1032,480,82,958,475,-82,1068,318,22,940,310,-63,1065,154,202,905,164,178,1048,131,206,903,149,192,1118,104,15,913,100,-10,
985,792,-318,996,805,-278,1001,804,-278,1006,803,-278,980,809,-292,974,810,-292,968,811,-292,1011,794,-55,956,806,-121,993,773,-236,974,776,-255,1036,705,82,917,711,-111,1099,652,-108,897,606,-365,1168,634,-553,978,621,-673,1185,625,-644,1004,623,-752,1178,627,-675,1010,633,-749,1171,628,-579,1003,635,-676,1030,479,78,957,474,-78,1070,318,19,939,309,-58,1064,154,200,905,164,184,1048,131,204,904,148,197,1118,104,13,913,100,-5,
981,792,-303,991,806,-263,997,804,-263,1002,803,-263,976,809,-275,970,811,-275,965,812,-275,1009,794,-44,955,806,-98,989,773,-222,970,777,-237,1039,704,75,914,712,-104,1106,649,-154,901,616,-424,1168,630,-583,978,655,-771,1184,618,-671,1003,664,-855,1178,620,-697,1007,673,-845,1170,622,-607,999,669,-774,1029,479,73,953,474,-73,1070,318,16,933,308,-66,1064,154,204,904,163,154,1048,131,210,905,147,164,1118,105,20,912,100,-42,
966,810,-194,977,825,-158,983,824,-159,988,824,-159,959,824,-163,953,824,-163,947,823,-163,998,816,32,943,814,9,979,792,-123,957,793,-130,1039,713,140,908,725,2,1105,646,110,904,641,-319,1166,595,-50,945,713,-664,1182,579,-81,957,729,-740,1177,584,-123,959,736,-736,1170,588,-71,957,732,-671,1022,489,51,944,487,-51,1060,324,-27,924,317,-95,1067,158,153,904,164,102,1051,138,157,905,147,110,1117,107,-43,910,101,-91,
959,821,-228,969,835,-194,975,835,-194,981,835,-194,951,834,-200,945,833,-200,939,831,-200,990,826,-3,936,821,-34,973,802,-157,951,802,-165,1039,720,130,905,731,-25,1089,640,116,902,642,-320,1156,574,-16,933,699,-700,1174,555,-40,943,712,-778,1175,560,-87,941,722,-773,1168,565,-37,942,718,-709,1015,494,41,938,493,-41,1054,327,-20,919,323,-54,1071,163,155,904,169,167,1056,143,159,906,152,178,1115,108,-54,909,103,-23,
949,819,-263,960,833,-246,966,832,-246,971,832,-246,944,832,-223,939,832,-223,935,831,-223,983,823,-81,934,822,-68,963,800,-211,942,802,-185,1039,718,14,904,727,-50,1082,627,95,903,635,-310,1139,555,-64,925,672,-705,1154,534,-90,926,706,-783,1156,537,-138,926,684,-802,1150,543,-84,930,685,-726,1010,493,25,933,493,-26,1049,326,-9,916,323,-20,1072,164,187,905,169,230,1059,144,192,912,152,242,1111,110,-36,908,106,38,
946,817,-268,957,831,-253,963,831,-253,969,831,-253,942,831,-237,937,830,-237,933,830,-237,982,822,-83,934,821,-83,960,798,-217,940,800,-202,1038,718,18,903,727,-54,1079,623,61,904,637,-327,1134,553,-32,923,654,-747,1148,532,-52,922,661,-825,1150,534,-100,922,661,-839,1144,541,-51,926,662,-767,1010,493,30,932,492,-30,1049,325,11,916,322,-25,1073,164,220,906,168,224,1059,143,226,914,152,236,1110,110,4,906,106,34,
931,807,-332,940,822,-312,946,824,-312,952,826,-312,927,817,-300,923,815,-300,920,813,-300,971,818,-143,925,806,-103,946,792,-270,929,790,-256,1034,714,-14,900,724,-57,1078,620,60,901,652,-326,1087,538,-50,910,633,-751,1089,515,-75,909,612,-835,1078,518,-121,917,615,-853,1073,525,-67,920,621,-770,1005,489,22,926,492,-22,1048,322,7,912,321,-33,1070,163,193,907,166,169,1057,142,196,917,150,176,1111,110,-18,903,107,-22,
926,800,-325,933,817,-304,939,820,-304,945,823,-304,921,810,-294,917,808,-294,913,806,-294,964,817,-143,917,798,-95,942,789,-263,925,784,-252,1029,713,-34,898,724,-41,1062,615,-8,906,651,-287,1039,539,-94,916,639,-725,1032,513,-121,916,628,-809,1024,519,-162,920,630,-825,1023,528,-108,923,632,-744,1002,488,15,921,491,-15,1050,322,-41,906,318,-35,1070,164,196,907,164,171,1056,145,204,918,147,176,1111,110,-16,902,107,-15,
920,795,-293,927,812,-277,932,815,-277,939,817,-277,915,806,-256,912,805,-256,908,803,-256,959,813,-116,913,796,-37,935,784,-237,920,780,-211,1024,712,-37,894,721,24,1037,613,-194,908,645,-185,998,552,-454,920,637,-584,998,531,-523,927,638,-670,991,533,-547,930,653,-681,989,536,-469,932,651,-603,1000,485,-2,917,486,2,1068,326,-132,900,310,-38,1073,168,155,907,163,245,1057,149,170,918,145,262,1114,110,-60,898,107,54,
915,792,-327,922,807,-301,928,809,-301,933,811,-301,911,803,-285,907,802,-285,904,801,-285,954,805,-140,910,794,-54,930,780,-269,915,777,-247,1020,712,-128,888,716,21,1025,614,-407,910,664,-371,961,606,-653,925,741,-764,947,586,-724,931,763,-850,938,589,-714,931,765,-843,942,595,-655,930,759,-777,999,476,-4,915,474,4,1084,336,-218,894,306,-153,1082,177,97,907,162,155,1064,156,117,919,143,174,1128,127,-96,895,107,-25,
907,785,-303,916,801,-288,920,802,-289,926,803,-289,906,798,-264,903,797,-264,901,797,-264,946,796,-142,909,789,-63,923,770,-265,910,768,-229,1014,709,-129,883,707,-16,1021,615,-435,907,681,-289,946,667,-689,917,740,-599,932,671,-754,922,772,-665,927,687,-734,921,771,-663,930,683,-686,920,761,-612,996,471,-2,914,465,2,1088,342,-157,891,302,-191,1106,179,54,907,162,60,1094,154,62,920,142,73,1175,149,-136,893,107,-114,
909,779,-301,915,795,-287,920,796,-287,926,797,-287,905,792,-266,902,791,-265,899,790,-266,946,792,-154,905,784,-69,924,766,-258,910,764,-226,1013,708,-105,882,706,-14,1011,615,-368,907,676,-170,948,704,-629,920,731,-405,931,731,-687,925,756,-456,938,744,-676,926,759,-449,940,734,-629,926,750,-412,995,470,-4,914,464,4,1084,339,-43,890,299,-39,1140,181,80,908,161,199,1138,153,100,921,141,210,1209,187,-133,892,106,24,
906,774,-303,912,791,-295,917,792,-295,923,793,-295,902,788,-270,899,787,-270,896,787,-270,944,789,-182,904,782,-76,922,762,-261,908,759,-227,1012,707,-136,883,704,-24,1011,615,-394,893,676,-102,935,696,-634,922,732,-220,918,710,-690,930,751,-258,925,726,-679,928,752,-253,927,721,-633,927,744,-225,992,467,-10,912,462,10,1082,335,-22,888,298,33,1164,189,112,908,161,304,1167,152,123,922,141,319,1233,215,-93,888,106,146,
904,775,-289,911,791,-285,916,793,-285,922,794,-285,900,788,-256,897,788,-256,894,787,-256,944,789,-172,903,782,-66,920,763,-256,907,760,-216,1013,707,-138,885,703,-5,1006,619,-413,890,670,-49,929,699,-658,924,714,-181,912,706,-718,932,737,-217,913,717,-706,930,746,-224,919,715,-657,929,740,-190,992,468,-11,913,461,11,1086,338,-26,889,299,-15,1154,187,73,908,163,282,1151,152,75,922,143,280,1224,195,-124,889,107,86,
906,777,-204,913,793,-198,918,794,-198,924,795,-198,902,790,-170,899,790,-170,896,789,-170,946,790,-118,903,783,13,922,764,-171,907,762,-134,1014,707,-109,885,702,82,993,634,-359,897,660,57,918,701,-559,925,686,-39,901,705,-613,932,688,-64,900,712,-607,931,696,-70,906,710,-559,931,695,-48,993,468,-16,914,462,17,1095,346,-111,889,299,-108,1138,192,84,908,163,130,1131,162,92,923,142,139,1201,179,-102,888,107,-37,
909,778,-146,916,794,-135,922,795,-135,928,796,-135,905,791,-111,901,791,-111,898,790,-111,948,791,-42,905,784,65,923,765,-110,910,763,-80,1014,708,-61,889,702,101,963,640,-272,898,620,-32,913,713,-380,915,580,-251,900,731,-428,923,580,-298,902,738,-420,923,586,-308,905,726,-379,926,591,-264,996,469,-13,916,462,13,1100,350,-133,890,299,-104,1110,199,123,909,163,145,1091,174,143,924,142,159,1173,175,-18,887,106,-29,
910,779,-153,918,794,-145,923,795,-145,929,796,-145,906,792,-121,902,791,-121,899,791,-121,948,792,-57,906,785,52,927,765,-117,913,764,-85,1017,715,-61,894,702,95,968,649,-282,898,628,-78,910,717,-408,916,624,-323,896,732,-455,919,624,-374,899,740,-449,921,630,-382,904,731,-407,924,631,-334,1000,476,-17,922,469,18,1098,350,-122,892,303,-62,1082,205,188,916,163,152,1057,187,211,934,143,159,1129,163,44,888,106,3,
910,776,-134,919,792,-136,924,793,-136,930,794,-136,906,789,-105,902,789,-105,899,788,-105,949,791,-73,907,783,65,928,765,-108,914,761,-67,1017,716,-91,900,703,108,964,662,-292,898,690,-93,922,726,-334,917,736,-337,915,752,-362,925,757,-385,921,766,-364,926,758,-365,923,749,-333,925,750,-342,1003,479,-27,927,471,27,1097,348,-127,897,304,-23,1062,209,217,922,163,159,1043,196,245,939,143,170,1093,154,104,889,107,18,
926,760,-150,931,775,-143,936,777,-143,941,779,-143,920,771,-121,917,770,-121,915,770,-121,952,781,-53,918,769,50,943,751,-113,929,746,-84,1028,716,-65,914,694,127,971,664,-291,925,617,164,934,735,-397,930,601,132,925,766,-449,929,590,114,922,766,-460,930,595,85,926,756,-411,931,599,116,1012,477,-40,936,471,40,1067,326,-33,901,310,-34,1055,205,327,923,167,115,1043,192,355,940,147,120,1066,151,201,889,108,-55,
930,754,-163,933,770,-155,939,772,-155,944,775,-155,922,765,-131,920,764,-131,918,764,-131,954,777,-60,921,764,53,948,747,-123,933,741,-91,1034,715,-65,916,693,113,974,665,-312,923,650,74,939,736,-409,946,727,-236,926,765,-452,949,743,-288,931,769,-457,950,747,-238,932,761,-415,951,741,-236,1016,476,-40,941,471,40,1060,318,-36,903,311,-26,1055,203,305,924,167,108,1044,189,331,940,147,110,1065,149,177,890,108,-67,
929,754,-69,935,770,-68,939,772,-68,944,774,-68,925,767,-40,922,767,-40,920,767,-40,958,773,-16,926,765,114,947,743,-47,933,740,-10,1034,714,-45,923,686,214,978,661,-215,944,601,313,942,729,-275,943,516,276,931,753,-312,949,488,268,934,765,-309,946,491,227,936,753,-276,950,501,256,1019,476,-55,946,472,55,1055,316,-52,900,324,-78,1052,202,279,923,171,91,1043,186,306,940,152,99,1064,147,153,887,108,-63,
940,757,-116,945,773,-109,950,775,-109,955,776,-109,934,770,-85,932,769,-85,929,769,-85,968,773,-30,931,764,82,956,746,-84,941,742,-52,1039,712,-51,927,683,169,992,661,-241,950,616,188,946,722,-343,958,714,155,933,743,-378,961,704,137,935,755,-379,957,712,136,936,746,-344,958,707,149,1024,473,-57,952,472,58,1056,315,-131,890,339,-232,1051,202,175,921,176,-27,1042,186,196,939,159,-18,1064,146,25,880,110,-185,
954,759,-234,960,774,-209,966,776,-209,971,778,-209,948,771,-198,944,771,-198,942,770,-198,980,774,-56,941,766,-5,970,748,-178,953,744,-162,1047,710,-79,928,683,56,1011,659,-359,959,622,-149,965,717,-557,962,721,-425,944,739,-613,964,737,-484,943,752,-608,959,743,-484,954,738,-560,961,735,-437,1035,469,-49,958,471,49,1059,313,-127,890,344,-294,1048,201,182,888,186,-134,1037,184,198,897,158,-131,1064,146,10,825,157,-329,
956,760,-241,963,776,-219,969,778,-219,975,779,-219,950,772,-205,947,772,-205,944,771,-205,985,775,-75,944,767,-9,971,749,-187,954,745,-167,1048,706,-95,928,685,69,1019,648,-348,962,622,-116,969,715,-497,991,713,-368,952,736,-544,990,738,-419,956,751,-541,986,744,-410,963,736,-499,991,729,-374,1038,469,-50,963,472,50,1061,314,-57,898,343,-221,1048,201,155,868,190,-55,1037,181,162,871,158,-59,1067,146,-19,798,196,-243,
958,761,-310,966,777,-286,972,778,-286,978,780,-286,952,773,-274,948,772,-274,945,771,-274,989,775,-136,945,768,-74,972,749,-253,954,746,-235,1049,703,-167,928,686,-14,1025,657,-540,958,630,-337,980,714,-789,982,709,-705,964,734,-861,980,731,-776,966,747,-848,977,736,-773,972,733,-792,979,728,-719,1041,468,-47,963,472,48,1061,314,-27,901,341,-179,1048,200,177,867,191,-85,1036,181,173,871,157,-92,1068,147,6,795,200,-291,
957,761,-268,965,777,-251,972,779,-251,978,780,-251,951,773,-233,948,772,-233,945,772,-233,990,775,-122,946,769,-38,971,750,-218,953,746,-194,1048,703,-144,931,686,19,1023,659,-409,959,634,-161,963,716,-540,992,707,-415,950,738,-575,1002,723,-465,951,746,-567,1002,728,-461,959,733,-534,998,723,-424,1043,468,-50,963,472,51,1062,315,-27,910,341,-89,1045,200,164,862,197,-31,1033,180,168,864,159,-36,1067,147,-1,788,210,-220,
958,765,-252,966,780,-235,973,781,-235,979,782,-235,952,776,-217,949,776,-217,946,775,-217,992,778,-110,948,770,-25,974,752,-204,955,750,-179,1048,704,-128,934,689,32,1029,663,-379,956,637,-116,962,715,-523,985,713,-379,946,737,-570,986,730,-427,945,743,-561,985,735,-428,953,733,-522,973,729,-390,1040,470,-48,962,474,49,1063,317,-107,905,347,-253,1037,200,65,890,194,-101,1025,180,69,906,161,-99,1068,147,-122,801,186,-284,
960,766,-243,968,781,-231,974,782,-232,980,783,-232,953,778,-210,950,778,-210,946,777,-210,992,778,-62,947,772,-20,974,753,-197,956,751,-172,1045,706,-36,932,692,29,1038,663,-270,955,639,-208,997,697,-489,982,707,-525,1002,705,-548,985,722,-596,986,716,-547,983,727,-591,987,707,-495,979,723,-535,1038,476,-30,960,477,31,1063,321,-126,903,347,-238,1034,200,96,921,196,-42,1021,180,105,943,169,-16,1068,147,-84,869,161,-177,
959,766,-265,968,782,-236,973,782,-236,979,783,-236,953,779,-234,950,778,-234,946,778,-234,991,778,-64,947,772,-58,973,753,-203,955,752,-200,1036,706,-48,924,694,-76,1069,686,-409,942,649,-429,1015,698,-735,994,697,-715,1009,708,-812,1008,697,-791,996,713,-784,1012,699,-766,1001,701,-736,1006,697,-715,1036,481,-7,958,479,7,1063,322,-128,904,345,-226,1033,200,183,937,207,177,1018,180,206,955,193,204,1069,147,18,904,157,44,
960,768,-260,968,783,-231,973,783,-231,979,783,-231,953,781,-229,949,780,-229,946,779,-229,990,778,-56,946,773,-55,973,754,-198,955,753,-196,1031,706,-41,921,694,-74,1072,693,-395,934,655,-431,1016,698,-701,997,694,-718,1002,709,-775,1015,689,-795,998,709,-753,1022,691,-769,1003,700,-703,1013,690,-718,1035,481,-3,958,479,3,1063,323,-120,904,343,-169,1033,200,201,941,209,198,1018,180,223,959,196,222,1069,147,38,909,153,63,
959,768,-294,967,783,-261,972,783,-261,978,784,-261,952,781,-258,948,780,-258,945,779,-258,989,778,-93,946,773,-80,972,754,-234,954,753,-229,1032,706,-54,916,697,-76,1113,701,-394,879,653,-347,1012,701,-654,984,681,-569,994,711,-702,1004,673,-634,990,710,-635,1010,681,-605,994,701,-642,1004,683,-565,1030,484,1,954,481,-1,1062,324,-132,911,338,-97,1031,199,197,943,220,303,1018,181,221,959,209,335,1068,148,52,915,160,196,
959,760,-408,966,776,-382,971,777,-382,977,777,-382,953,774,-385,948,774,-385,945,774,-385,986,775,-218,944,770,-233,972,748,-346,954,747,-349,1028,706,-120,897,697,-185,1135,703,-365,801,662,-435,1059,694,-619,898,664,-660,1040,685,-678,924,660,-714,1027,689,-640,933,667,-676,1028,691,-612,928,667,-649,1017,485,28,944,480,-28,1069,341,-252,924,338,15,1026,202,-26,935,219,354,1003,184,-11,950,206,379,1068,150,-182,914,166,232,
958,752,-447,966,768,-425,970,769,-425,975,770,-425,952,766,-426,948,766,-426,945,766,-426,980,769,-262,940,765,-269,970,741,-382,954,739,-384,1024,706,-151,888,698,-204,1127,698,-372,796,671,-453,1068,687,-682,863,657,-720,1047,676,-753,889,651,-779,1038,686,-726,897,661,-750,1040,688,-680,893,664,-713,1008,485,25,935,480,-25,1075,351,-309,923,337,-11,1027,205,-96,934,219,313,1005,186,-83,947,204,336,1072,152,-262,912,168,185,
958,749,-468,966,764,-446,969,765,-446,973,766,-446,952,763,-448,948,763,-448,944,763,-448,976,765,-278,936,761,-290,969,737,-402,953,734,-405,1021,705,-175,886,698,-221,1121,698,-411,795,673,-485,1059,685,-727,864,658,-768,1040,674,-801,888,653,-830,1031,684,-775,896,662,-806,1033,687,-725,892,664,-764,1005,485,17,932,479,-18,1075,355,-228,923,336,8,1040,204,-48,935,217,289,1018,184,-41,949,201,307,1099,164,-215,910,168,162,
957,741,-518,963,756,-500,966,757,-500,969,758,-500,950,754,-501,946,754,-501,941,755,-501,973,759,-329,932,755,-333,966,730,-448,952,727,-449,1018,704,-212,883,697,-248,1119,702,-447,795,678,-507,1056,685,-745,865,662,-796,1038,674,-817,888,656,-861,1028,683,-798,895,666,-841,1030,686,-744,892,667,-794,1001,484,12,928,479,-12,1072,354,-125,923,336,55,1068,204,-21,939,215,297,1055,176,-21,955,198,311,1138,186,-195,908,167,164,
956,737,-505,961,752,-490,964,754,-490,967,755,-490,950,750,-489,946,750,-489,941,750,-489,970,756,-326,932,751,-319,963,728,-437,951,725,-435,1016,704,-227,882,697,-236,1121,712,-481,798,685,-498,1051,686,-753,865,661,-784,1033,676,-825,888,657,-848,1025,683,-804,894,667,-832,1026,685,-752,890,668,-785,1000,484,8,925,478,-8,1062,351,-106,922,336,84,1092,205,-5,939,215,333,1089,175,-5,954,197,348,1161,216,-177,906,168,203,
952,732,-546,958,747,-535,961,749,-535,964,750,-535,947,745,-530,943,745,-530,939,746,-530,970,752,-377,931,748,-357,959,725,-479,948,722,-473,1015,703,-279,883,698,-275,1120,720,-570,796,694,-565,1046,690,-817,869,662,-873,1028,680,-887,892,660,-941,1020,684,-858,898,669,-919,1022,686,-813,894,669,-873,998,484,7,921,477,-7,1054,350,-45,922,336,109,1105,209,88,939,216,398,1105,175,92,954,199,418,1164,226,-72,908,169,271,
950,731,-561,956,744,-549,959,745,-549,962,746,-549,946,743,-546,943,743,-546,939,743,-546,968,749,-390,931,745,-376,957,723,-492,946,722,-488,1012,703,-296,883,698,-302,1115,728,-600,790,710,-614,1041,693,-834,872,680,-920,1025,682,-906,896,667,-987,1018,685,-879,903,675,-967,1019,686,-832,899,677,-920,994,484,5,917,477,-5,1055,352,-77,921,339,138,1094,212,64,939,216,450,1093,175,62,953,199,471,1155,226,-108,908,171,325,
952,725,-463,956,736,-533,959,737,-533,961,738,-534,950,736,-488,948,737,-488,946,738,-488,962,744,-324,940,742,-344,958,720,-411,949,720,-481,1002,704,-213,884,702,-253,1074,723,-151,804,719,-99,1023,706,-181,864,700,35,1013,697,-196,884,692,46,1005,697,-201,889,692,37,1007,698,-184,877,691,36,974,486,-3,932,481,3,1004,352,-41,967,348,119,1030,213,20,995,216,337,1021,180,20,1012,192,344,1045,195,-103,978,190,223,
949,728,-360,955,739,-350,958,739,-350,960,739,-350,949,740,-349,947,741,-349,946,742,-349,963,740,-203,939,743,-218,953,719,-305,944,720,-316,1003,700,-85,885,702,-151,1080,740,-40,809,741,-124,1013,748,150,886,728,53,994,749,158,902,728,50,991,743,179,902,724,74,995,739,159,896,721,59,979,486,18,926,481,-18,1037,358,-21,943,348,110,1040,214,47,976,216,337,1027,183,46,991,193,352,1054,188,-81,950,184,228,
950,737,-313,956,746,-291,959,746,-291,962,746,-291,949,747,-292,947,747,-292,945,747,-292,964,742,-148,937,745,-156,954,726,-259,944,726,-263,1005,700,-37,887,702,-66,1079,756,87,815,764,96,1004,794,343,893,784,434,983,800,362,912,785,457,980,792,370,915,781,473,986,786,348,908,776,440,984,486,15,925,482,-15,1041,356,-56,934,347,28,1026,219,91,974,217,275,1008,197,101,986,196,293,1056,172,-44,940,180,154,
954,749,-312,958,763,-282,961,763,-281,964,763,-282,949,763,-289,947,763,-289,945,763,-289,964,758,-116,936,758,-150,958,734,-251,946,734,-261,1007,704,-7,887,706,-85,1075,772,64,826,773,-48,1001,817,287,905,816,152,978,828,296,925,829,148,975,819,318,927,823,173,980,813,296,921,815,158,987,488,18,924,485,-18,1043,353,-49,933,345,-31,1004,237,269,972,217,222,990,224,296,971,197,240,1030,174,181,937,179,88,
954,777,-294,959,789,-263,962,788,-263,966,788,-263,949,788,-262,945,787,-262,942,786,-262,973,779,-111,933,775,-105,961,758,-240,946,758,-239,1010,704,-34,895,706,-24,1068,785,8,836,779,65,999,807,262,910,818,325,977,818,274,931,831,330,974,810,292,932,822,366,978,803,269,926,814,336,987,488,5,925,486,-5,1027,348,-27,933,345,-2,995,254,390,965,219,250,986,248,429,962,201,267,1007,191,322,934,178,117,
954,780,-304,959,792,-275,963,792,-275,968,791,-275,949,791,-273,945,790,-273,940,789,-273,977,783,-127,932,779,-116,963,762,-251,946,761,-249,1012,705,-47,899,707,-26,1067,785,-6,840,780,75,999,806,242,912,819,335,977,817,253,933,830,341,974,809,270,935,821,376,978,802,248,929,813,346,988,489,-1,925,488,1,1024,347,-21,932,344,3,995,257,386,964,220,245,987,250,422,959,202,261,1006,196,315,933,177,106,
955,782,-307,960,793,-280,965,793,-280,970,793,-280,949,793,-277,944,792,-277,939,791,-277,980,784,-138,931,780,-126,965,764,-257,948,763,-254,1015,705,-56,901,707,-41,1068,784,-1,844,776,88,1001,791,281,913,809,401,977,801,297,933,818,416,976,791,312,936,812,444,980,786,287,930,804,410,990,489,-3,925,488,3,1017,345,78,931,344,37,992,251,398,963,220,231,986,239,424,957,203,241,1006,196,311,930,176,82,
955,783,-304,962,794,-276,967,794,-276,973,793,-276,949,794,-275,944,793,-275,939,792,-275,984,785,-134,931,781,-128,967,765,-254,948,765,-253,1016,706,-49,902,707,-61,1070,778,14,847,766,30,1002,784,293,912,792,288,979,790,314,932,797,297,977,784,328,935,792,322,981,779,299,929,786,296,993,490,-1,926,491,1,1016,345,96,930,344,43,991,248,383,960,222,220,984,233,406,955,204,229,1007,196,287,927,176,71,
955,786,-292,963,797,-267,968,797,-267,974,796,-267,949,796,-262,944,795,-262,939,794,-262,985,787,-133,932,784,-109,967,768,-244,948,768,-238,1017,708,-62,908,710,-47,1070,769,-27,848,754,-12,1003,780,128,917,791,158,980,785,120,935,792,152,979,780,136,939,788,184,985,775,131,935,782,167,998,496,-8,931,497,8,1019,345,67,929,348,97,988,247,339,959,232,328,983,232,359,955,218,344,1005,195,226,925,180,207,
955,784,-306,963,796,-281,969,796,-281,974,796,-281,949,794,-277,944,793,-277,939,792,-277,985,788,-143,932,783,-121,967,768,-256,948,767,-250,1018,714,-81,911,710,-48,1058,739,-174,853,731,3,1005,778,-168,921,776,181,983,782,-186,942,786,175,991,778,-177,945,786,207,992,773,-168,940,777,192,1002,498,-12,934,500,13,1020,345,35,925,353,161,989,245,296,956,255,544,984,230,310,955,243,577,1006,195,140,923,194,461,
956,784,-303,964,796,-277,969,796,-277,975,795,-277,949,794,-274,944,793,-274,939,792,-274,986,788,-137,933,783,-119,967,767,-253,948,766,-248,1019,715,-81,913,710,-52,1055,733,-164,855,726,-16,1007,774,-128,927,767,151,985,781,-142,947,780,143,996,774,-132,951,782,177,996,767,-128,947,773,162,1004,499,-13,935,501,13,1020,345,24,923,354,138,986,244,272,956,257,506,981,229,287,955,244,538,1002,194,123,922,197,424,
955,782,-305,964,794,-279,969,793,-279,974,793,-279,948,792,-281,944,791,-281,939,790,-281,986,786,-142,933,782,-124,967,765,-255,947,764,-254,1019,718,-94,913,714,-55,1057,726,-278,862,712,-73,1014,756,-418,924,747,-55,1004,768,-456,945,758,-78,1002,765,-444,948,756,-54,1001,758,-419,944,748,-49,1005,500,-12,935,504,12,1021,346,-11,920,361,110,986,243,234,953,277,553,980,229,252,957,267,596,1003,194,92,927,219,500,
952,781,-304,961,793,-280,967,793,-280,973,793,-280,946,792,-272,941,791,-272,937,790,-272,985,786,-139,934,782,-94,964,764,-252,945,764,-240,1019,717,-97,912,713,-25,1055,683,-329,864,664,-211,1016,752,-532,918,733,-471,1007,768,-579,923,749,-528,1005,769,-560,927,750,-501,1004,759,-528,929,743,-470,1005,499,-13,935,504,13,1020,346,-32,920,365,81,985,244,241,953,277,532,979,231,260,959,269,575,996,195,106,943,215,476,
951,776,-302,961,790,-280,966,790,-280,972,790,-281,946,789,-272,941,789,-272,937,789,-272,983,786,-136,934,781,-96,963,762,-246,945,762,-236,1019,716,-85,912,713,-13,1046,647,-305,871,629,-197,1019,733,-578,905,714,-497,1012,759,-632,907,732,-556,1012,764,-616,908,739,-539,1010,755,-577,910,731,-499,1004,502,-13,935,506,13,1013,348,-53,924,363,29,985,244,256,953,274,437,979,231,281,959,259,477,993,194,113,949,204,315,
952,769,-402,961,785,-383,966,785,-384,972,786,-384,946,785,-381,941,785,-381,937,786,-381,983,782,-219,933,780,-209,963,755,-336,945,755,-333,1020,710,-111,907,705,-82,1034,609,-291,884,598,-231,1012,667,-635,905,669,-574,1011,680,-700,906,692,-638,1011,693,-701,904,705,-638,1008,689,-642,907,697,-582,1000,503,7,935,506,-7,1000,349,-21,933,362,-3,985,243,354,952,238,319,977,230,381,952,225,342,998,192,189,955,175,134,
952,766,-395,961,782,-376,967,783,-376,972,783,-376,946,783,-372,941,783,-372,937,784,-372,983,779,-213,933,780,-194,963,752,-330,945,752,-325,1020,707,-113,906,703,-78,1023,601,-282,887,596,-187,1002,653,-623,904,665,-517,998,661,-689,906,688,-578,1004,675,-693,903,700,-581,998,672,-630,906,692,-526,998,506,8,934,508,-9,997,351,-22,937,362,-13,986,243,329,952,229,300,977,230,354,950,217,321,1000,192,168,957,168,115,
952,765,-405,961,781,-376,967,781,-376,972,780,-376,945,781,-379,941,782,-379,936,782,-379,981,774,-196,932,776,-204,963,750,-333,944,751,-338,1020,688,-75,897,687,-99,1032,590,-181,886,584,-182,1003,586,-528,905,579,-475,999,583,-607,909,577,-544,1003,599,-627,908,589,-566,999,603,-544,908,592,-490,995,500,31,931,500,-31,993,346,10,944,345,-51,983,243,371,948,217,266,973,230,396,944,205,286,1001,191,211,956,163,78,
952,765,-590,961,781,-556,967,781,-556,972,780,-556,945,781,-563,940,782,-563,935,782,-563,981,774,-350,930,774,-382,963,751,-513,944,751,-523,1021,682,-197,891,677,-271,1033,570,-298,882,567,-350,1003,571,-677,905,549,-632,1003,563,-758,914,542,-703,1003,574,-779,916,553,-719,1001,578,-694,914,558,-642,994,494,43,931,491,-43,992,340,109,949,336,-60,979,248,560,947,214,223,966,238,595,943,202,240,1001,194,434,960,160,18,
953,766,-468,961,781,-438,967,781,-438,972,781,-438,945,781,-441,940,781,-441,935,781,-441,981,773,-271,930,773,-269,964,751,-399,944,751,-404,1021,681,-140,889,675,-177,1036,583,-189,879,575,-256,1017,547,-536,904,533,-534,1022,527,-612,914,514,-607,1016,534,-646,919,523,-623,1011,540,-556,917,530,-545,992,490,45,930,488,-45,995,339,64,950,336,-99,977,255,467,947,214,146,963,245,499,942,201,160,996,200,350,960,163,-50,
954,766,-409,962,781,-371,967,781,-372,972,781,-372,945,781,-383,940,781,-384,935,781,-384,981,773,-184,929,772,-246,964,751,-339,944,751,-357,1021,684,-60,888,676,-148,1032,595,-91,872,574,-229,1023,536,-402,905,521,-447,1029,512,-471,918,496,-509,1024,517,-522,929,506,-522,1019,525,-426,928,514,-455,991,488,49,930,485,-49,1006,339,41,952,335,-107,972,279,440,947,214,116,957,271,474,942,199,130,986,220,359,962,163,-57,
954,769,-435,962,783,-400,967,783,-400,972,782,-400,945,782,-411,940,782,-411,935,782,-411,981,774,-204,929,772,-259,964,752,-362,944,752,-377,1020,686,-62,888,678,-176,1025,597,-33,870,573,-196,1025,528,-303,910,508,-375,1031,503,-361,925,488,-433,1025,508,-405,936,498,-471,1019,515,-327,933,505,-384,991,488,58,929,485,-58,1019,342,35,956,336,-147,968,307,504,946,213,82,954,299,546,940,197,97,974,246,445,963,162,-94,
955,773,-432,963,787,-398,968,787,-398,972,786,-398,946,787,-411,941,787,-411,936,786,-411,981,778,-204,929,777,-265,965,756,-359,945,756,-376,1018,687,-32,889,679,-206,1021,600,50,870,577,-201,1026,525,-153,910,505,-364,1032,501,-194,925,485,-420,1027,504,-243,935,494,-452,1022,512,-176,932,502,-372,987,490,76,925,487,-76,1030,359,59,956,336,-138,968,367,571,946,212,79,954,371,619,939,194,95,974,315,568,964,161,-78,
964,792,-427,969,804,-394,973,804,-394,976,803,-394,955,806,-410,950,806,-410,944,807,-410,981,796,-198,932,800,-289,969,776,-357,953,776,-376,1016,707,-16,889,704,-252,1017,606,78,880,584,-245,1027,531,-91,899,517,-368,1033,506,-121,905,492,-422,1029,506,-172,914,496,-450,1024,515,-115,914,504,-375,985,514,90,923,509,-90,1048,395,8,954,350,-128,959,424,493,945,214,104,937,442,520,938,197,120,941,385,455,962,163,-45,
967,799,-460,972,813,-429,977,812,-429,981,811,-429,959,816,-447,953,816,-447,948,817,-447,983,807,-227,934,813,-312,971,784,-383,955,786,-407,1015,726,-37,890,724,-254,1014,617,35,890,596,-236,1027,546,-149,895,527,-366,1039,522,-182,886,507,-416,1037,521,-236,891,507,-448,1030,530,-175,894,512,-377,983,533,92,921,528,-92,1050,416,11,964,372,-149,946,405,434,945,226,52,919,412,470,935,214,64,918,365,398,961,163,-115,
968,802,-447,974,817,-415,978,816,-415,982,815,-415,960,819,-429,955,820,-429,949,820,-429,985,810,-220,937,817,-286,972,786,-372,957,788,-391,1014,729,-26,893,730,-223,1014,623,52,891,608,-211,1028,548,-128,887,532,-337,1039,522,-163,879,512,-385,1038,521,-216,878,513,-421,1030,531,-154,884,519,-351,983,536,90,921,533,-90,1052,417,0,966,377,-142,946,399,406,945,231,61,920,404,443,936,219,73,923,353,380,961,164,-107,
968,806,-453,974,820,-422,979,819,-422,983,818,-422,962,823,-439,957,825,-439,951,826,-440,986,814,-219,941,824,-297,972,791,-374,957,794,-396,1013,738,-17,893,741,-227,1014,637,78,888,618,-190,1027,555,-106,871,541,-309,1036,533,-138,853,521,-354,1035,533,-193,851,521,-395,1029,541,-133,861,527,-327,979,541,101,918,542,-101,1045,412,8,982,396,-199,942,368,382,947,244,-21,912,375,412,936,229,-12,936,336,327,967,183,-201,
985,800,-675,992,813,-642,995,813,-642,998,812,-642,980,819,-665,974,824,-665,968,821,-665,997,810,-401,953,815,-509,984,790,-579,972,793,-610,1014,746,-153,894,747,-359,1066,674,-58,830,668,-285,1075,591,-285,834,563,-343,1088,563,-326,824,524,-368,1081,564,-377,831,531,-439,1075,574,-310,840,529,-368,973,551,119,913,548,-119,1018,407,31,989,417,-353,944,263,165,999,251,-284,917,243,168,1001,226,-288,971,212,19,1067,237,-497,
1001,773,-722,1004,788,-694,1006,788,-694,1008,789,-694,992,791,-716,986,795,-716,979,796,-716,1002,793,-468,963,800,-571,996,763,-631,985,764,-661,1017,739,-262,894,737,-413,1108,698,-308,800,694,-362,1109,628,-607,800,611,-398,1112,600,-669,801,578,-425,1095,599,-696,816,577,-470,1092,609,-624,818,586,-412,967,541,101,908,538,-102,992,389,5,985,404,-369,932,222,50,1056,272,-414,907,196,43,1068,233,-432,980,181,-117,1107,282,-635,
995,757,-307,1000,772,-276,1004,771,-277,1007,771,-277,987,776,-289,981,778,-289,976,780,-289,1007,773,-82,963,784,-141,994,745,-232,982,748,-249,1023,729,52,900,732,-55,1107,695,-50,812,694,-98,1148,636,-433,774,630,-282,1158,608,-470,769,604,-323,1144,605,-516,784,597,-361,1139,612,-452,788,604,-301,964,520,97,905,523,-97,985,362,42,985,397,-404,923,209,59,1074,274,-497,900,185,49,1089,237,-518,982,180,-86,1126,306,-694,
995,751,-403,1001,766,-375,1004,766,-375,1008,766,-375,987,769,-389,982,772,-389,976,774,-389,1008,768,-176,963,779,-242,994,739,-325,982,742,-344,1026,726,-20,900,731,-133,1110,695,-113,809,692,-115,1150,639,-442,772,630,-228,1158,610,-493,766,606,-259,1144,607,-527,782,598,-298,1140,613,-462,787,605,-245,962,513,93,903,517,-93,986,357,40,985,392,-407,923,211,23,1076,269,-514,902,185,12,1092,233,-537,985,182,-122,1130,306,-709,
993,746,-265,1000,759,-228,1004,759,-228,1008,758,-228,986,763,-239,981,765,-239,975,767,-239,1008,757,-23,964,769,-77,994,734,-189,981,736,-204,1029,704,128,905,711,-33,1107,692,51,822,681,-140,1159,628,-251,771,620,-400,1176,602,-296,757,595,-456,1173,602,-331,767,591,-496,1166,609,-274,775,598,-422,962,492,102,903,500,-102,985,349,46,991,402,-463,920,210,112,1067,266,-531,898,184,110,1076,232,-547,985,181,-14,1120,289,-726,
991,737,-255,998,750,-213,1002,749,-213,1005,748,-213,984,756,-229,979,758,-230,973,760,-229,1006,747,-2,962,763,-77,993,724,-176,980,728,-198,1028,690,164,904,696,-51,1094,637,137,825,624,-121,1156,608,-157,781,567,-315,1182,594,-205,761,547,-360,1179,598,-246,769,545,-413,1168,602,-183,778,550,-340,963,483,119,904,492,-119,988,335,34,1008,434,-445,921,210,144,1011,290,-384,899,185,148,994,266,-384,983,176,42,1083,276,-525,
988,736,-240,998,750,-202,1002,749,-202,1005,748,-202,983,754,-219,978,757,-219,972,759,-219,1005,748,-4,961,762,-84,990,724,-166,977,727,-188,1028,688,168,903,692,-60,1094,619,220,831,609,-100,1149,589,27,789,543,-249,1177,582,-6,767,527,-287,1177,589,-52,773,524,-339,1165,589,0,784,527,-272,970,488,119,907,496,-119,986,340,79,1022,452,-419,921,211,150,988,318,-332,897,187,168,972,303,-329,982,173,84,1026,277,-436,
987,742,-258,996,756,-218,1000,755,-218,1004,755,-218,983,760,-235,977,761,-235,972,762,-235,1005,754,-17,960,765,-99,990,729,-184,977,732,-208,1027,691,150,901,694,-65,1093,618,171,841,607,-80,1139,577,-75,796,534,-200,1164,572,-118,779,519,-234,1166,578,-161,784,517,-284,1154,578,-102,794,520,-221,972,492,118,908,499,-118,985,336,60,1022,480,-485,920,209,145,984,347,-393,897,187,149,970,331,-389,982,174,40,1012,302,-507,
987,745,-256,996,759,-216,1000,758,-216,1004,758,-216,983,763,-234,977,764,-234,972,765,-234,1005,756,-15,959,768,-100,989,733,-182,976,735,-206,1027,693,153,901,694,-65,1091,618,169,845,606,-81,1136,575,-86,800,533,-200,1163,569,-129,782,518,-234,1166,574,-173,786,516,-283,1154,574,-112,797,519,-220,973,494,118,910,501,-118,985,335,40,1022,482,-484,921,208,134,982,350,-397,898,186,135,966,332,-394,982,174,21,1009,304,-516,
988,759,-283,997,772,-245,1001,771,-245,1005,770,-245,983,776,-257,978,778,-257,973,779,-257,1006,767,-48,960,780,-104,990,745,-210,976,748,-226,1029,706,122,902,705,-51,1090,637,187,846,612,-23,1145,580,32,810,543,-107,1172,577,6,789,527,-136,1172,579,-39,795,525,-189,1160,574,7,808,528,-129,974,511,110,910,518,-110,987,351,-2,1015,497,-513,922,209,75,1036,352,-460,899,194,74,1034,326,-460,981,180,-55,1093,329,-598,
994,765,-518,1001,778,-481,1005,777,-481,1009,777,-481,987,781,-487,981,782,-487,976,783,-487,1009,772,-267,962,781,-294,996,751,-439,983,753,-446,1034,710,-97,906,708,-144,1103,671,-163,838,649,42,1147,613,-412,812,551,185,1170,597,-447,790,535,203,1165,594,-494,797,525,161,1154,596,-437,811,531,176,974,514,79,908,522,-79,987,360,-3,1015,483,-571,921,221,57,1088,347,-703,899,203,51,1100,313,-728,977,184,-55,1134,362,-875,
993,765,-549,1001,777,-521,1005,777,-521,1010,776,-521,987,781,-525,982,782,-525,976,782,-525,1013,771,-314,964,779,-333,996,750,-468,982,752,-473,1042,710,-140,909,707,-163,1127,693,-240,820,676,7,1160,625,-507,803,587,87,1176,603,-547,787,560,93,1164,599,-590,798,549,52,1155,604,-529,810,560,77,974,513,61,907,520,-61,986,359,-26,1002,473,-650,921,218,-73,1111,340,-975,898,195,-90,1129,304,-1020,979,182,-191,1159,390,-1164,
997,753,-546,1005,764,-509,1008,764,-508,1012,763,-507,992,768,-457,986,770,-457,980,771,-457,1014,760,-252,966,771,-256,998,739,-426,984,740,-408,1040,706,-92,909,702,-149,1123,685,-230,809,683,2,1170,643,-473,780,600,-51,1185,618,-417,767,573,-62,1175,616,-476,781,565,-100,1167,623,-481,791,575,-63,969,504,67,905,514,-66,983,350,-9,1005,467,-543,918,212,-2,1088,322,-660,895,188,-12,1092,281,-682,979,181,-132,1139,364,-836,
991,740,-293,1001,754,-257,1006,753,-257,1010,752,-257,988,757,-265,983,759,-265,979,760,-265,1013,750,-57,966,761,-110,994,727,-215,981,730,-229,1038,698,118,908,696,-73,1114,680,68,811,670,-123,1169,656,-190,761,611,-291,1189,637,-218,745,587,-326,1183,639,-249,757,578,-363,1175,646,-209,764,585,-308,966,489,105,904,500,-105,989,346,14,1012,458,-464,918,213,48,1048,309,-447,894,188,42,1045,275,-451,980,179,-74,1135,302,-580,
986,737,-238,996,750,-204,1001,749,-204,1006,748,-204,983,754,-214,978,755,-214,973,757,-214,1011,745,-19,962,757,-67,990,722,-169,975,725,-183,1036,690,126,905,692,-33,1105,662,48,813,652,-103,1167,649,-255,762,609,-237,1190,630,-307,742,594,-269,1184,635,-339,749,588,-312,1175,642,-279,757,592,-257,966,481,107,904,494,-107,992,341,8,1020,443,-433,918,215,98,1003,307,-344,893,190,101,968,277,-338,978,176,-1,1047,269,-439,
982,732,-299,993,745,-264,997,744,-264,1001,744,-264,979,749,-276,974,751,-276,969,752,-276,1007,742,-68,959,754,-123,985,719,-225,970,721,-241,1034,686,105,903,689,-61,1096,643,155,817,629,-69,1169,641,-38,759,602,-134,1196,623,-65,738,585,-150,1195,625,-115,746,579,-208,1186,631,-66,754,584,-157,970,478,114,907,489,-115,993,336,95,1025,429,-327,920,215,264,964,331,24,891,192,275,937,332,62,978,175,211,982,275,63,
977,733,-258,988,746,-227,993,746,-227,997,745,-227,974,750,-240,969,752,-240,965,753,-240,1004,743,-45,956,754,-103,982,719,-188,967,722,-205,1030,686,136,902,688,-62,1089,628,222,832,616,-20,1167,634,85,763,581,-81,1196,620,65,742,558,-96,1196,621,15,750,559,-156,1187,627,58,758,568,-105,978,480,119,912,490,-119,1000,334,75,1028,429,-295,920,214,180,949,355,-6,891,192,184,915,355,23,977,175,93,967,285,15,
978,735,-247,989,748,-215,993,747,-215,997,747,-215,975,752,-232,970,754,-232,965,755,-232,1004,745,-33,956,756,-111,982,721,-176,967,724,-199,1027,688,142,900,689,-68,1077,623,243,840,611,-22,1163,614,110,767,557,-89,1191,616,90,748,538,-105,1190,620,41,756,540,-164,1181,621,84,765,546,-112,990,481,118,920,492,-118,1000,334,80,1031,438,-313,919,213,196,953,367,-27,892,192,201,916,362,0,977,176,125,963,305,-28,
981,738,-219,991,752,-187,995,751,-187,999,750,-187,978,757,-205,973,760,-205,969,762,-205,1004,750,-9,957,765,-91,983,726,-151,969,730,-175,1027,695,141,899,692,-43,1075,626,213,846,606,-3,1152,598,41,793,537,-70,1179,599,11,771,520,-89,1182,605,-35,774,521,-146,1172,604,15,785,525,-93,994,491,110,922,500,-110,995,335,33,1028,466,-442,918,214,130,972,354,-293,892,193,131,946,341,-282,977,177,17,996,304,-388,
983,750,-258,993,763,-225,997,762,-225,1000,761,-225,980,768,-240,975,771,-240,970,773,-240,1004,761,-39,958,776,-106,984,736,-187,970,741,-207,1027,708,125,901,702,-43,1075,634,167,853,613,2,1142,593,28,810,532,-66,1167,590,-30,788,517,-90,1170,593,-89,792,515,-147,1157,590,9,803,519,-90,991,507,102,921,515,-102,995,350,-17,1027,483,-429,920,224,40,1021,348,-317,897,205,38,1009,339,-312,975,181,-88,1078,314,-439,
984,759,-270,994,773,-237,998,772,-237,1002,771,-237,980,777,-249,975,779,-249,970,781,-249,1006,768,-48,958,781,-102,985,744,-198,971,748,-214,1030,716,118,907,711,-43,1082,649,195,855,614,-6,1143,595,86,818,538,-77,1167,591,66,795,524,-104,1170,592,20,799,521,-157,1158,590,63,811,525,-99,987,515,100,917,522,-100,996,362,2,1027,484,-449,921,238,79,1074,350,-383,901,220,79,1075,333,-382,975,191,-42,1126,332,-533,
995,758,-749,1002,771,-723,1006,770,-724,1009,769,-724,988,775,-732,982,777,-732,976,778,-732,1009,766,-511,963,779,-551,995,743,-665,982,746,-676,1034,713,-318,906,703,-354,1120,695,-410,822,667,-125,1144,621,-664,816,570,73,1167,602,-704,803,545,97,1159,595,-749,813,540,67,1148,599,-687,821,548,72,981,511,65,913,518,-65,996,359,-43,1012,480,-640,929,230,-74,1120,351,-897,907,205,-91,1135,326,-937,988,191,-203,1164,391,-1072,
999,758,-723,1005,770,-696,1008,769,-696,1012,769,-696,991,774,-705,985,775,-705,979,777,-705,1010,765,-485,965,778,-527,999,743,-641,985,745,-652,1037,711,-301,906,699,-333,1125,701,-391,816,675,-92,1144,628,-639,816,580,157,1168,607,-676,804,553,189,1158,598,-723,815,548,159,1147,603,-663,823,557,158,978,509,59,910,516,-59,996,357,-49,1007,478,-633,932,226,-72,1122,352,-886,909,198,-88,1137,325,-925,991,188,-206,1167,395,-1071,
999,742,-364,1005,756,-332,1008,756,-332,1011,755,-332,991,760,-346,984,761,-346,978,762,-346,1010,752,-135,964,762,-200,999,727,-287,985,729,-305,1038,700,32,906,697,-147,1128,686,-112,805,678,-208,1165,640,-336,775,614,-400,1182,619,-372,761,593,-441,1174,611,-416,775,585,-474,1165,619,-361,783,593,-415,976,489,87,910,503,-87,1001,344,-33,1015,477,-557,931,221,0,1050,330,-595,908,192,-14,1055,301,-618,989,182,-112,1138,317,-711,
995,737,-241,1002,751,-206,1006,751,-206,1010,750,-206,987,755,-219,981,756,-219,976,757,-219,1010,747,-11,962,757,-70,996,722,-167,982,724,-184,1037,693,133,904,696,-41,1120,681,24,809,670,-151,1177,648,-285,749,631,-357,1195,629,-326,730,613,-399,1190,628,-364,742,607,-439,1182,634,-310,750,613,-377,973,480,102,908,494,-102,1004,334,-23,1025,459,-528,931,216,120,1008,328,-354,908,191,126,988,304,-341,989,177,28,1050,285,-435,
990,733,-292,998,747,-256,1002,746,-256,1007,745,-256,984,751,-270,978,752,-270,973,753,-270,1009,743,-50,960,753,-112,992,718,-215,977,721,-233,1035,688,138,902,695,-86,1114,668,160,813,665,-233,1182,649,-19,746,642,-472,1205,633,-42,724,624,-518,1202,635,-83,735,625,-558,1193,640,-43,744,631,-494,972,475,127,908,487,-127,1008,328,53,1033,426,-319,932,215,198,959,331,-23,907,192,207,925,334,8,988,177,145,980,281,0,
983,735,-327,993,748,-291,998,747,-291,1003,746,-291,979,752,-304,973,753,-304,969,754,-304,1008,743,-81,959,755,-141,987,720,-249,971,723,-266,1032,685,131,902,694,-106,1102,655,256,815,662,-231,1180,654,185,745,643,-446,1204,643,183,722,627,-489,1200,647,141,731,631,-534,1191,651,163,740,637,-469,972,476,130,909,488,-130,1014,329,63,1035,416,-300,933,216,208,933,358,28,907,192,216,903,363,63,988,177,140,946,291,46,
982,736,-329,993,749,-291,997,747,-291,1002,746,-291,979,753,-304,973,755,-304,968,756,-304,1008,743,-82,959,756,-143,987,721,-251,971,725,-268,1032,684,123,901,694,-111,1097,642,194,815,654,-239,1177,660,69,749,637,-465,1200,657,54,724,623,-508,1196,668,20,730,628,-551,1187,669,49,740,632,-487,975,478,128,911,490,-128,1012,329,98,1033,422,-365,933,215,221,938,365,-42,907,192,226,908,367,-7,987,177,151,943,294,-18,
983,744,-251,993,759,-220,997,757,-220,1002,755,-220,979,763,-227,973,765,-227,969,767,-227,1008,750,-42,959,766,-78,987,729,-184,971,734,-194,1032,685,99,902,702,-3,1094,634,-7,818,650,56,1166,661,-317,749,628,0,1194,667,-366,722,613,-7,1192,678,-384,727,616,-57,1181,676,-335,738,620,-20,994,481,79,921,493,-79,1006,330,81,1021,429,-492,931,214,198,964,361,-150,907,192,208,942,356,-166,987,177,122,980,294,-233,
983,754,-246,993,768,-215,998,766,-215,1003,765,-215,979,773,-220,974,775,-220,969,777,-220,1009,760,-38,960,777,-67,987,738,-179,971,743,-187,1034,692,92,904,713,25,1092,633,9,828,646,135,1166,663,-228,751,610,138,1192,681,-265,729,608,141,1190,693,-285,734,615,91,1180,686,-245,745,610,119,999,491,66,924,502,-65,1001,330,25,1009,460,-560,930,214,218,980,328,-427,908,196,232,978,307,-419,984,177,111,1028,285,-573,
984,760,-276,995,774,-240,1000,773,-240,1004,772,-240,980,779,-248,975,781,-248,970,783,-248,1010,768,-43,961,783,-86,988,744,-203,972,749,-215,1035,700,97,904,714,3,1094,636,24,836,641,135,1170,668,-224,766,586,178,1196,681,-261,743,578,186,1193,691,-286,746,581,134,1184,688,-243,757,579,160,998,495,73,924,506,-73,1002,336,29,1008,470,-554,929,221,230,1037,325,-446,907,204,243,1041,304,-440,982,181,126,1088,289,-591,
998,758,-270,1004,773,-229,1007,773,-230,1010,772,-230,992,777,-249,987,779,-249,980,781,-249,1010,770,-28,964,782,-99,997,743,-194,984,747,-221,1035,704,124,905,713,-8,1098,640,152,839,629,46,1177,680,-1,790,560,92,1206,682,-23,777,545,93,1202,691,-62,786,545,45,1192,691,-25,792,549,76,988,498,84,918,508,-83,993,343,118,1001,444,-526,928,221,298,1095,313,-468,907,203,308,1109,277,-475,978,174,194,1162,291,-659,
1012,758,-225,1013,773,-185,1013,773,-185,1014,773,-185,1006,776,-215,1001,778,-215,995,779,-215,1007,771,11,972,780,-112,1007,744,-150,998,746,-191,1035,704,154,906,712,-74,1102,656,118,853,613,-56,1178,679,-235,880,536,-65,1204,673,-283,889,515,-96,1200,680,-319,898,523,-117,1189,682,-259,896,530,-63,978,497,104,912,505,-103,986,344,124,992,418,-504,928,198,192,1106,312,-617,907,173,179,1124,273,-642,985,160,79,1149,351,-813,
1016,753,-145,1015,768,-106,1015,769,-106,1015,770,-106,1010,768,-148,1006,769,-148,1000,770,-148,1002,769,75,974,770,-112,1009,741,-76,1002,738,-132,1029,703,180,904,690,-127,1103,676,102,884,585,-276,1180,674,-195,956,548,-436,1203,648,-232,969,528,-489,1198,644,-265,983,543,-506,1188,654,-217,979,549,-441,969,483,103,905,493,-102,985,337,125,970,426,-605,928,189,177,1078,300,-809,907,162,167,1092,261,-839,989,152,68,1121,339,-1001,
1019,736,-192,1017,752,-159,1017,753,-158,1017,754,-158,1012,751,-232,1008,752,-232,1002,754,-232,1001,755,57,977,755,-230,1010,725,-122,1003,724,-219,1025,699,113,904,679,-266,1113,677,2,920,582,-485,1182,647,-286,1021,583,-654,1206,621,-336,1041,594,-725,1200,617,-373,1044,605,-722,1190,625,-311,1038,604,-654,968,476,102,901,484,-102,986,330,93,963,426,-639,930,186,86,1063,297,-901,907,158,76,1069,248,-938,991,153,-17,1102,321,-1079,
1016,730,-192,1015,746,-154,1016,747,-155,1015,748,-155,1008,745,-193,1003,745,-193,998,746,-193,996,748,38,976,744,-131,1009,720,-119,1001,718,-168,1026,696,166,905,668,-180,1112,676,26,947,586,-362,1170,612,-315,1042,616,-478,1198,600,-381,1067,630,-536,1188,599,-405,1069,636,-535,1172,602,-337,1063,633,-476,970,477,105,903,481,-105,986,329,-41,968,417,-514,930,191,61,960,276,-400,906,164,64,930,252,-390,986,155,-56,1006,215,-502,
1014,729,-203,1014,744,-165,1016,745,-165,1014,746,-165,1005,743,-198,1001,744,-198,995,744,-198,995,745,29,975,742,-117,1008,718,-128,999,716,-170,1026,694,168,905,667,-168,1112,674,15,949,589,-364,1165,608,-354,1043,623,-483,1195,598,-424,1067,634,-543,1183,597,-448,1070,640,-542,1165,600,-376,1064,637,-482,970,477,108,903,480,-108,988,327,-46,969,416,-488,930,193,52,951,275,-372,905,163,53,927,259,-363,984,153,-72,995,209,-476,
1013,730,-286,1013,745,-251,1016,746,-251,1013,747,-251,1004,744,-293,999,745,-293,994,745,-293,993,746,-55,975,742,-235,1008,719,-208,998,717,-261,1023,695,125,912,661,-272,1107,670,85,980,584,-425,1156,600,-196,1036,626,-514,1186,591,-243,1062,636,-570,1174,590,-282,1056,638,-577,1158,592,-220,1053,634,-517,970,477,122,903,482,-122,993,328,-24,979,406,-341,930,193,80,913,285,-66,905,165,83,887,284,-41,977,155,-29,926,218,-110,
1012,731,-242,1011,746,-219,1013,747,-219,1011,748,-219,1004,745,-269,999,746,-269,994,746,-269,992,747,-44,974,745,-203,1006,720,-171,998,718,-229,1021,700,134,912,667,-245,1100,669,171,977,592,-395,1145,595,-33,1029,650,-487,1171,588,-61,1056,656,-540,1162,587,-103,1048,659,-543,1149,588,-55,1043,652,-488,970,481,127,904,483,-126,993,328,-22,987,401,-345,930,188,91,901,341,-26,905,162,95,869,354,6,985,150,-13,887,247,-30,
1005,743,-196,1004,758,-169,1005,759,-169,1004,761,-170,999,757,-212,995,758,-211,991,759,-211,989,765,9,973,763,-182,1001,734,-122,994,733,-175,1012,706,157,911,710,-219,1091,678,134,966,680,-431,1114,603,-228,1024,690,-518,1126,590,-286,1048,687,-572,1116,593,-313,1047,689,-579,1109,596,-248,1037,688,-521,967,491,127,900,497,-127,993,328,-30,997,444,-366,931,189,20,903,385,-47,906,164,19,875,394,-12,988,150,-82,912,304,-26,
1004,759,-70,1003,777,-39,1003,778,-39,1003,779,-39,997,777,-77,994,778,-77,990,779,-77,986,779,127,972,779,-44,1000,749,-4,994,749,-53,1001,709,224,911,726,-130,1073,685,81,972,705,-370,1083,663,-274,1041,711,-356,1090,649,-336,1062,706,-399,1074,670,-343,1061,708,-400,1072,669,-288,1051,707,-355,965,501,124,897,509,-123,993,332,-54,998,474,-433,932,198,-49,930,369,-205,910,182,-57,903,366,-194,986,152,-184,949,303,-271,
1004,760,-110,1001,776,-82,1002,777,-82,1001,778,-82,997,776,-120,993,777,-120,990,779,-119,985,780,81,971,780,-87,999,749,-44,993,749,-94,994,709,186,911,727,-145,1067,696,35,987,712,-347,1073,657,-288,1044,710,-359,1082,640,-349,1066,705,-404,1061,652,-364,1063,707,-410,1056,653,-304,1056,707,-360,963,503,120,895,511,-120,993,337,-86,998,477,-451,935,204,-61,938,368,-240,912,188,-66,910,364,-221,984,152,-196,958,305,-289,
1003,765,-102,1000,782,-68,1000,783,-68,999,784,-68,995,783,-100,992,784,-100,988,785,-100,983,783,105,968,784,-39,999,753,-34,993,753,-77,997,708,180,911,729,-143,1064,691,-58,980,708,-377,1068,689,-398,1080,722,-368,1076,688,-457,1090,720,-415,1059,699,-453,1092,724,-414,1053,696,-407,1093,722,-369,953,503,117,890,510,-116,985,356,-54,998,486,-512,928,225,25,966,362,-390,901,208,34,950,342,-379,971,169,-97,1013,301,-492,
999,766,-257,994,783,-232,993,785,-233,992,786,-233,991,783,-284,988,784,-284,985,784,-284,974,784,-84,965,782,-308,994,754,-195,989,753,-260,980,710,71,912,727,-407,1067,692,-102,1022,687,-508,1072,720,-475,1086,702,-358,1070,722,-541,1100,705,-398,1054,725,-542,1103,712,-401,1051,723,-490,1094,709,-355,938,503,147,885,506,-146,975,352,100,986,387,-249,911,191,139,1069,281,-258,884,165,135,1078,247,-276,969,141,36,1143,300,-457,
995,763,-286,989,780,-259,989,781,-259,988,782,-259,986,780,-309,983,781,-309,980,781,-309,968,781,-93,957,780,-311,991,752,-216,986,751,-280,982,710,69,908,710,-412,1066,691,-98,992,636,-559,1088,706,-456,1085,648,-479,1092,715,-517,1111,655,-534,1065,716,-535,1110,665,-528,1068,706,-478,1101,664,-474,937,491,148,884,490,-148,963,336,159,987,389,-321,899,172,246,1096,265,-523,873,146,245,1113,224,-547,967,134,147,1155,306,-698,
990,762,-275,983,779,-247,982,779,-247,982,780,-247,979,779,-289,976,780,-288,973,781,-288,964,778,-52,949,774,-241,985,752,-197,980,749,-253,988,707,92,900,699,-311,1069,662,-66,972,612,-516,1119,696,-404,1072,620,-552,1123,714,-460,1101,622,-617,1113,719,-476,1104,633,-603,1112,706,-423,1096,634,-546,939,477,141,882,480,-141,964,326,116,987,361,-377,898,168,168,1089,236,-522,872,142,164,1101,193,-543,966,133,58,1153,295,-696,
987,761,-241,981,778,-212,980,778,-212,980,779,-213,977,778,-253,974,780,-253,970,780,-253,962,776,-30,946,771,-237,983,751,-168,977,748,-222,991,704,107,895,694,-288,1071,655,-76,966,609,-522,1129,696,-409,1071,617,-602,1134,717,-464,1100,616,-672,1127,722,-479,1104,627,-654,1125,712,-427,1096,629,-597,939,473,138,880,478,-137,968,326,78,988,377,-454,900,167,141,1086,238,-605,871,140,124,1099,196,-630,967,130,-6,1157,290,-804,
983,754,-242,978,770,-212,977,771,-213,977,771,-213,973,770,-250,970,771,-249,966,771,-249,961,766,-45,943,763,-211,980,742,-175,973,740,-222,992,694,96,889,690,-312,1069,638,-83,939,601,-553,1141,684,-459,1066,610,-629,1163,707,-525,1086,606,-695,1157,707,-544,1088,615,-679,1149,701,-481,1081,618,-623,942,465,139,882,466,-138,971,312,74,1009,386,-443,902,168,203,1042,237,-368,872,139,207,1043,206,-365,968,130,100,1119,206,-493,
981,752,-179,976,768,-148,976,768,-148,976,769,-148,972,767,-185,968,768,-185,964,768,-185,960,764,13,941,760,-148,978,739,-116,971,738,-163,992,690,149,885,690,-268,1070,634,-4,929,601,-503,1150,663,-410,1046,612,-554,1176,676,-495,1075,610,-607,1170,685,-501,1083,619,-613,1160,683,-459,1074,620,-558,943,465,138,883,468,-137,974,305,38,1019,393,-406,900,168,163,985,253,-201,871,138,165,962,227,-182,966,129,74,1022,205,-245,
978,750,-187,973,766,-154,974,766,-154,974,767,-154,969,766,-192,965,766,-192,961,766,-192,959,762,27,938,759,-142,975,737,-117,967,736,-166,991,691,206,880,690,-255,1070,635,94,925,603,-482,1151,644,-258,1031,619,-572,1179,652,-316,1065,618,-631,1177,660,-344,1072,626,-624,1165,657,-285,1058,627,-569,944,464,148,883,470,-147,973,308,59,1024,394,-403,901,166,189,932,287,-123,869,140,195,897,287,-93,967,128,118,959,229,-114,
979,748,-189,975,763,-155,975,764,-155,975,765,-155,970,763,-193,966,764,-193,962,765,-193,959,763,22,940,760,-147,975,735,-122,967,734,-171,991,695,192,878,690,-239,1069,640,69,919,606,-479,1149,626,-298,1029,627,-568,1176,633,-359,1062,631,-629,1174,637,-386,1068,634,-623,1162,633,-324,1054,634,-565,944,466,145,884,472,-145,976,307,51,1026,418,-432,902,168,168,911,344,-115,872,142,170,880,352,-79,967,130,82,932,269,-83,
979,749,-262,976,765,-226,976,766,-226,976,767,-226,971,765,-268,967,766,-268,963,767,-267,961,766,-16,941,765,-202,975,738,-180,968,737,-233,991,699,166,880,701,-293,1069,648,44,921,652,-591,1146,619,-334,1021,669,-735,1169,620,-400,1047,669,-802,1166,624,-437,1050,674,-796,1155,621,-363,1041,672,-733,944,467,156,884,474,-156,986,309,52,1029,450,-345,902,172,171,903,368,8,873,149,177,873,370,45,966,131,98,935,300,42,
980,750,-152,977,766,-119,977,767,-119,977,768,-119,972,766,-158,967,767,-158,963,768,-158,961,768,66,943,767,-104,975,738,-79,968,738,-128,981,705,194,886,711,-196,1071,675,58,951,692,-439,1131,627,-302,1025,697,-494,1146,620,-371,1048,694,-548,1136,625,-398,1052,699,-552,1130,626,-324,1042,698,-494,940,475,154,883,479,-154,992,317,5,1025,466,-377,904,189,104,927,351,-132,875,171,109,891,350,-107,965,137,26,952,290,-138,
980,753,-166,977,768,-130,977,769,-130,977,770,-131,971,769,-164,967,770,-164,963,771,-164,961,770,58,943,770,-88,976,742,-92,968,741,-136,978,705,181,892,718,-189,1070,672,34,972,718,-422,1109,632,-314,1060,716,-429,1116,616,-380,1086,706,-481,1106,626,-403,1089,710,-471,1103,630,-330,1081,710,-424,935,478,136,882,481,-135,989,333,-40,1016,467,-409,907,189,24,966,339,-252,877,171,24,948,348,-236,959,134,-84,1007,289,-311,
981,755,-359,977,771,-320,978,771,-320,978,772,-320,971,771,-359,967,772,-359,962,773,-359,962,770,-90,943,770,-262,977,743,-269,969,742,-319,979,688,65,893,715,-376,1054,643,-236,978,704,-735,1032,631,-680,1093,717,-812,1030,619,-758,1118,713,-883,1012,632,-756,1117,716,-870,1011,634,-694,1109,716,-808,932,470,141,875,477,-141,974,323,107,976,371,-490,903,154,94,1071,255,-792,875,126,47,1107,240,-836,961,117,-39,1145,290,-983,
981,756,-383,978,772,-343,978,773,-343,978,773,-343,971,773,-381,967,773,-381,962,774,-381,962,770,-112,943,770,-282,977,743,-292,969,742,-341,980,684,41,894,713,-389,1051,632,-260,979,700,-743,1032,630,-695,1101,716,-822,1013,624,-771,1124,713,-894,1014,635,-769,1121,717,-878,1012,636,-708,1114,716,-817,931,467,141,872,475,-141,970,318,132,970,376,-533,901,148,166,1078,246,-826,873,120,151,1097,211,-868,962,112,45,1145,290,-1035,
981,755,-332,977,771,-340,977,772,-340,977,772,-339,971,771,-318,966,772,-318,962,772,-317,961,768,-63,944,767,-265,977,741,-284,969,739,-277,972,685,75,896,706,-382,1027,635,28,993,691,-651,1027,593,-288,1097,703,-687,1030,571,-335,1121,706,-751,1017,583,-362,1122,702,-741,1014,589,-309,1115,707,-683,926,465,162,870,469,-162,966,318,129,969,331,-275,901,149,164,1087,237,-390,874,121,155,1108,201,-425,963,112,55,1157,290,-625,
981,746,-235,977,764,-220,977,765,-221,976,765,-220,971,764,-263,967,764,-263,964,765,-262,960,763,-48,945,762,-266,977,732,-183,969,731,-244,955,682,97,900,697,-381,1037,663,-10,1005,686,-620,1047,674,-361,1089,702,-621,1059,678,-419,1113,698,-672,1047,681,-434,1113,685,-668,1043,676,-380,1107,686,-617,920,454,166,871,459,-165,968,318,103,972,326,-293,902,148,156,1073,207,-357,874,116,151,1087,164,-381,970,113,28,1139,257,-559,
983,747,-235,978,764,-213,978,765,-213,977,766,-213,974,764,-256,970,765,-256,966,765,-256,961,763,-43,945,762,-241,978,733,-177,971,732,-236,968,683,98,889,692,-352,1044,659,-85,959,620,-562,1079,715,-449,1086,621,-524,1078,728,-516,1108,630,-578,1068,732,-508,1108,636,-559,1068,724,-461,1102,635,-514,928,454,152,872,455,-151,971,306,48,991,328,-499,915,152,143,999,213,-445,875,119,144,994,186,-447,972,115,6,1050,179,-594,
983,747,-167,979,764,-139,978,765,-139,977,765,-139,974,764,-178,971,765,-178,967,765,-178,961,763,17,945,762,-152,978,733,-104,972,732,-153,975,684,159,885,693,-263,1055,647,-15,924,600,-427,1112,699,-351,1044,605,-409,1122,721,-408,1076,606,-455,1112,729,-411,1079,615,-437,1107,719,-365,1072,617,-399,935,455,143,872,459,-142,968,303,65,1012,378,-452,911,152,193,965,243,-145,875,122,200,942,237,-115,972,106,129,992,208,-138,
983,747,-169,979,764,-141,978,764,-141,977,765,-141,975,764,-180,971,765,-180,968,765,-180,961,763,16,945,762,-154,978,734,-105,972,733,-155,978,685,159,883,694,-263,1058,642,-15,918,597,-428,1118,697,-355,1036,603,-410,1129,721,-412,1068,603,-457,1120,729,-416,1072,612,-438,1114,719,-369,1065,615,-399,938,457,139,872,461,-139,967,302,80,1018,391,-417,908,151,214,960,254,-130,875,123,223,936,251,-101,973,105,155,986,208,-125,
984,748,-135,979,765,-104,979,766,-104,978,767,-104,975,765,-148,972,766,-148,968,767,-148,961,765,63,944,765,-135,978,734,-68,972,734,-125,980,690,224,878,694,-255,1058,640,84,909,604,-469,1137,691,-239,1012,610,-414,1167,712,-291,1036,607,-502,1163,721,-302,1043,615,-477,1152,713,-257,1034,616,-402,939,458,150,873,464,-150,968,300,118,1019,403,-384,907,151,243,918,298,-52,875,124,250,876,299,-15,973,106,187,940,214,-7,
985,752,-148,980,770,-113,980,770,-113,978,771,-113,976,770,-164,972,771,-164,968,772,-164,961,769,69,944,771,-154,979,740,-76,973,740,-141,982,697,241,878,702,-269,1061,649,210,907,613,-566,1154,685,-18,997,614,-712,1183,707,-47,1019,622,-773,1180,718,-78,1021,626,-763,1170,705,-40,1015,623,-708,938,462,162,873,470,-162,976,301,79,1016,430,-353,907,152,165,891,346,-13,874,124,169,859,353,22,971,107,110,914,269,25,
985,755,-137,981,772,-102,981,773,-102,980,774,-102,976,773,-140,972,774,-140,968,774,-139,963,773,88,945,774,-78,979,744,-62,972,745,-112,982,706,210,879,720,-174,1064,679,93,922,698,-430,1141,661,-126,1013,687,-504,1163,654,-253,1037,685,-559,1156,656,-326,1040,688,-559,1147,656,-193,1032,688,-504,938,477,140,871,484,-140,978,313,-47,1012,467,-462,902,175,19,929,332,-263,871,156,20,901,326,-241,959,119,-78,958,271,-294,
984,755,-98,981,772,-59,981,773,-60,980,774,-60,976,772,-87,972,773,-87,968,774,-86,963,773,133,945,774,12,979,744,-24,972,744,-60,982,705,217,880,724,-91,1074,680,16,939,741,-362,1124,655,-331,1038,714,-405,1133,638,-408,1062,701,-453,1123,640,-431,1065,701,-445,1116,647,-355,1057,702,-401,928,478,121,863,484,-120,973,314,-79,999,469,-493,888,172,-51,970,324,-466,860,151,-54,955,301,-466,943,114,-184,1048,266,-598,
984,755,-107,981,772,-69,981,773,-69,980,773,-69,976,772,-97,972,773,-97,967,774,-97,964,772,123,945,773,-1,978,744,-33,972,744,-70,980,704,211,880,728,-101,1075,677,2,947,746,-372,1115,654,-361,1046,715,-424,1122,637,-428,1071,702,-473,1110,644,-447,1073,702,-464,1105,648,-380,1065,703,-419,924,478,118,861,484,-118,973,313,-74,995,473,-482,888,170,-47,978,313,-442,859,149,-52,965,301,-441,939,110,-179,1048,265,-564,
984,755,-85,981,772,-42,981,773,-42,981,773,-42,976,772,-78,972,773,-78,967,774,-77,965,772,160,945,773,-2,979,743,-8,972,744,-55,980,690,248,881,724,-130,1057,661,4,964,722,-421,1093,664,-362,1067,723,-470,1107,645,-426,1091,711,-522,1095,670,-431,1094,712,-511,1090,666,-375,1087,713,-464,923,475,121,859,483,-121,969,310,50,983,463,-573,884,143,29,1036,271,-746,852,118,25,1045,229,-772,942,90,-101,1115,268,-947,
985,750,-303,981,766,-262,981,767,-262,981,768,-262,975,767,-306,971,767,-306,967,768,-306,964,765,-51,945,765,-248,979,736,-220,972,735,-278,972,672,90,885,707,-366,1035,634,-171,969,708,-668,1068,640,-577,1068,712,-688,1076,635,-647,1092,709,-750,1054,662,-649,1093,713,-736,1054,651,-592,1084,712,-683,916,458,141,860,467,-140,957,299,143,968,389,-510,874,129,194,1077,256,-660,845,103,188,1101,209,-688,942,87,93,1148,292,-834,
986,746,-257,981,761,-226,981,762,-226,981,762,-226,976,761,-266,972,762,-266,968,762,-266,964,757,-33,945,757,-213,980,731,-179,973,730,-232,976,675,100,885,691,-295,1027,630,-90,960,650,-600,1024,608,-472,1050,651,-768,1031,552,-539,1074,648,-843,1010,566,-558,1075,652,-851,1007,572,-491,1066,652,-774,918,444,133,855,456,-132,959,294,131,959,363,-584,875,125,-28,1068,234,-993,843,97,-50,1084,179,-1046,943,87,-139,1155,289,-1182,
986,742,-30,981,758,8,981,758,8,981,759,7,976,758,-28,972,759,-29,968,759,-29,964,755,187,945,755,26,981,729,38,973,728,-8,989,675,294,884,685,-79,1047,605,67,943,609,-144,1014,616,-274,1030,614,44,992,594,-335,1048,609,31,980,608,-298,1048,614,17,984,608,-270,1036,618,47,925,443,130,856,453,-130,960,291,35,965,376,-535,876,126,1,1042,215,-644,843,95,-9,1046,169,-660,944,84,-148,1113,227,-789,
990,743,-70,984,758,-44,983,759,-44,982,759,-44,981,758,-93,977,759,-93,973,760,-93,965,756,131,950,756,-129,984,730,-11,978,729,-73,980,676,251,885,683,-210,1007,587,127,901,568,-198,1004,611,-223,995,582,40,987,608,-282,1009,588,37,980,623,-265,1004,605,20,982,622,-230,999,603,46,925,446,156,860,455,-156,961,289,46,985,386,-404,877,130,33,979,220,-335,846,99,25,958,187,-331,943,85,-89,1043,195,-423,
996,743,-203,990,760,-178,988,761,-178,987,762,-178,986,761,-230,983,761,-230,979,762,-230,965,760,-20,953,759,-252,988,730,-139,983,730,-205,979,677,166,884,680,-293,981,594,81,835,561,-345,992,595,-289,936,547,-475,992,589,-350,957,536,-530,987,603,-336,965,556,-526,984,607,-301,960,559,-469,927,448,166,872,455,-166,962,284,143,1007,390,-331,878,131,198,928,250,-136,847,102,195,893,250,-117,943,81,106,959,199,-154,
997,749,-285,991,767,-253,990,768,-253,988,769,-253,986,767,-297,982,767,-297,978,768,-297,966,767,-51,952,765,-253,989,736,-204,983,736,-262,978,678,165,883,683,-271,967,584,101,803,587,-440,997,589,-274,892,563,-652,1009,589,-334,911,548,-713,1005,602,-357,924,562,-706,998,603,-295,921,569,-647,927,449,179,875,456,-179,962,287,178,1017,392,-292,878,130,255,892,296,-24,846,101,254,854,304,3,944,82,182,886,224,-2,
996,755,-251,990,774,-216,989,775,-216,988,776,-216,986,774,-261,982,775,-261,978,776,-261,966,773,-17,952,773,-218,988,743,-172,982,743,-231,978,685,213,881,689,-258,979,596,301,796,600,-451,1009,601,148,889,588,-633,1020,595,135,910,578,-685,1015,612,111,922,589,-671,1009,612,135,919,594,-624,930,454,189,881,458,-189,966,287,181,1028,399,-296,879,131,248,871,343,-6,847,103,248,842,353,24,944,83,181,876,257,32,
996,759,-228,990,778,-193,989,779,-193,988,780,-193,985,778,-242,981,779,-242,976,780,-242,966,778,2,949,777,-217,988,746,-150,982,746,-213,977,694,216,874,693,-260,988,604,162,824,592,-493,1017,621,-144,914,598,-686,1025,630,-192,935,611,-745,1019,643,-204,942,628,-733,1013,638,-159,938,626,-679,933,457,193,879,460,-193,966,281,210,1034,413,-293,879,130,277,881,353,58,847,102,278,844,362,96,944,81,214,901,279,120,
989,763,-233,984,781,-206,983,782,-206,982,783,-206,979,781,-256,974,782,-256,969,782,-256,962,780,-38,943,779,-264,980,750,-165,975,750,-230,973,693,137,872,701,-340,994,599,-13,844,596,-568,1020,627,-404,960,638,-690,1026,641,-464,991,650,-750,1025,659,-464,990,667,-732,1017,655,-417,980,664,-681,935,461,185,879,464,-185,960,283,192,1032,440,-315,878,131,259,893,335,58,847,103,261,881,329,99,944,81,184,936,275,110,
976,765,-174,972,783,-148,973,783,-148,973,784,-148,965,782,-186,960,783,-186,953,783,-186,956,781,10,928,779,-150,970,751,-107,962,751,-155,973,696,145,869,702,-247,1012,629,2,892,614,-407,1039,637,-410,1008,644,-405,1052,643,-480,1035,650,-452,1046,658,-490,1035,664,-448,1036,655,-429,1026,662,-400,937,468,160,878,465,-160,960,288,33,1027,442,-319,878,131,43,1028,288,-128,848,103,35,1014,265,-140,944,82,-98,1113,272,-296,
959,764,-146,958,781,-109,959,782,-110,960,783,-110,948,781,-140,942,781,-140,936,782,-140,948,780,81,916,778,-48,957,750,-71,945,750,-109,970,694,196,866,701,-158,1030,643,-8,928,643,-397,1084,646,-422,1041,655,-464,1107,648,-490,1065,653,-511,1101,659,-512,1070,664,-501,1089,657,-444,1060,662,-458,933,468,145,874,465,-145,960,289,77,1025,435,-408,878,130,77,1108,289,-478,848,102,83,1112,256,-495,944,82,-8,1182,295,-649,
949,763,-261,950,781,-222,954,781,-222,957,782,-222,936,781,-250,929,781,-250,922,781,-250,950,778,-14,905,775,-78,951,748,-181,935,747,-215,961,693,165,869,695,-270,1044,656,-30,981,661,-485,1112,656,-460,1089,660,-474,1143,652,-523,1122,651,-527,1139,660,-557,1126,661,-510,1125,660,-488,1115,663,-464,923,466,150,875,460,-149,961,288,144,1043,401,-144,878,129,209,1185,303,-85,848,102,212,1212,271,-84,945,82,127,1223,367,-173,
946,763,-254,948,781,-215,952,781,-216,955,781,-216,933,781,-245,926,781,-245,919,781,-245,950,776,-11,902,773,-118,950,747,-175,933,746,-211,960,693,168,871,693,-269,1048,658,-28,983,665,-481,1116,659,-462,1093,662,-468,1146,653,-526,1126,650,-523,1142,660,-560,1131,660,-503,1130,661,-491,1119,663,-457,922,466,152,876,459,-151,962,288,152,1047,395,-144,878,129,214,1187,308,-87,849,102,215,1215,279,-85,945,83,128,1225,373,-171,
943,761,-254,946,779,-214,949,779,-214,953,779,-214,930,779,-242,923,778,-242,916,778,-242,951,773,-10,900,769,-125,948,744,-175,929,743,-210,961,692,155,872,686,-265,1056,659,-78,980,659,-524,1120,658,-510,1084,657,-559,1151,654,-574,1117,647,-621,1147,660,-602,1123,658,-599,1134,661,-535,1110,660,-550,924,465,153,876,457,-152,973,288,146,1044,409,-233,879,129,203,1173,309,-196,850,102,202,1197,281,-203,946,84,108,1227,352,-317,
941,759,-221,945,776,-175,949,776,-176,953,775,-176,928,776,-192,921,776,-192,915,775,-192,951,768,43,900,767,-36,946,741,-136,926,741,-156,969,690,175,872,684,-148,1053,653,-99,967,654,-422,1113,656,-551,1081,655,-554,1144,653,-623,1115,647,-598,1139,658,-649,1121,657,-588,1127,659,-575,1108,659,-549,938,465,132,877,457,-132,980,287,94,1041,434,-450,880,129,106,1138,314,-499,850,103,97,1144,289,-510,946,84,-8,1193,342,-635,
943,758,-163,946,776,-117,950,776,-117,954,775,-117,931,776,-138,924,776,-138,917,775,-138,951,768,104,902,767,13,947,741,-80,929,741,-105,977,690,234,873,682,-96,1050,652,-62,958,633,-290,1111,649,-542,1065,642,-285,1130,643,-621,1097,637,-331,1124,649,-638,1101,650,-321,1115,650,-563,1090,651,-277,953,465,123,888,457,-123,981,287,68,1019,451,-571,880,131,129,1114,322,-529,851,105,125,1126,297,-529,946,86,3,1171,313,-660,
955,758,-306,959,775,-273,962,775,-274,965,775,-274,945,776,-304,939,776,-304,931,776,-305,959,771,-71,914,770,-204,957,741,-226,943,741,-263,990,691,123,871,683,-235,1048,614,-53,906,596,-373,1043,623,-485,1002,616,-432,1041,628,-559,1030,621,-488,1031,639,-572,1029,636,-513,1027,639,-505,1018,634,-440,956,459,132,892,455,-132,980,282,96,1019,430,-540,879,129,220,1026,341,18,850,101,226,1002,320,59,946,86,137,1079,313,47,
962,758,-337,964,775,-305,967,775,-306,970,775,-306,952,776,-341,946,776,-341,938,776,-341,961,772,-103,919,772,-257,961,741,-255,949,741,-299,991,692,108,870,683,-292,1046,607,-44,900,590,-387,1034,616,-465,995,612,-462,1032,622,-557,1023,617,-515,1022,635,-533,1021,632,-538,1018,635,-473,1010,631,-469,956,457,143,893,455,-143,980,283,116,1020,418,-307,879,130,221,1014,346,117,849,101,226,997,329,157,947,86,136,1072,314,144,
977,757,-333,979,774,-301,981,775,-301,983,774,-301,968,775,-343,962,776,-343,954,776,-343,971,772,-104,934,772,-290,974,741,-254,962,741,-307,996,691,85,872,683,-322,1059,597,-89,906,588,-429,1035,621,-510,996,619,-465,1026,625,-586,1020,634,-520,1014,640,-570,1015,647,-536,1013,639,-518,1006,645,-469,956,457,143,894,455,-144,976,283,106,1020,418,-321,877,129,226,1053,339,-52,846,99,232,1011,279,-28,947,86,114,1125,300,-116,
993,754,-299,995,771,-264,996,771,-264,997,771,-264,986,772,-301,981,773,-301,975,774,-301,985,770,-65,953,772,-248,989,740,-220,979,740,-267,1001,687,113,884,687,-290,1072,601,-69,909,599,-488,1040,622,-438,1004,641,-629,1044,634,-502,1029,653,-695,1034,651,-496,1027,665,-692,1030,648,-446,1018,661,-628,955,461,144,894,458,-144,970,285,120,1023,420,-282,876,128,220,1110,313,-76,846,99,223,1110,278,-84,949,86,92,1165,281,-292,
1019,748,-240,1020,763,-207,1020,764,-207,1021,764,-207,1012,765,-256,1007,767,-256,1002,769,-256,1005,765,-22,979,770,-223,1013,734,-165,1004,734,-228,1005,687,153,916,696,-327,1076,641,45,1011,653,-545,1140,640,-306,1109,653,-563,1153,649,-357,1138,657,-623,1149,656,-392,1138,664,-614,1142,652,-333,1131,661,-557,947,464,161,894,466,-161,948,294,93,1023,388,-101,874,128,109,1143,272,44,846,99,105,1161,238,50,949,86,-18,1195,295,-86,
1029,748,-117,1029,764,-90,1029,765,-90,1029,765,-90,1023,766,-133,1019,767,-133,1014,769,-133,1013,766,65,993,769,-134,1022,734,-51,1013,735,-109,1004,690,194,932,707,-264,1004,604,93,999,659,-502,963,508,-148,1123,647,-545,956,472,-187,1158,631,-599,947,495,-208,1164,635,-602,951,507,-162,1152,639,-544,944,473,161,890,482,-160,949,311,101,991,390,-304,874,129,140,1012,264,-237,848,99,141,995,233,-235,946,86,25,1092,238,-376,
1028,747,-166,1029,763,-134,1030,764,-134,1030,765,-134,1023,764,-178,1018,766,-178,1013,768,-178,1016,766,40,991,769,-153,1021,735,-94,1011,734,-151,1002,695,201,938,705,-274,1013,606,144,1018,653,-439,969,527,-87,1131,639,-368,961,494,-126,1163,623,-419,949,506,-146,1168,628,-415,951,516,-102,1157,633,-363,941,474,162,889,484,-162,948,316,77,989,395,-307,873,129,91,1024,267,-201,848,100,85,1005,236,-195,945,86,-39,1103,240,-319,
1040,761,-205,1040,777,-182,1040,778,-182,1040,778,-182,1033,778,-229,1028,780,-229,1023,781,-229,1026,780,-25,1004,783,-219,1033,749,-143,1025,750,-201,1026,701,195,952,713,-297,1068,608,166,991,604,-377,1085,527,-89,1051,519,-436,1083,495,-128,1054,494,-491,1078,499,-170,1068,512,-476,1077,508,-114,1059,510,-426,941,484,163,895,491,-163,951,329,197,955,325,-305,854,229,433,882,145,-298,824,216,449,856,116,-310,884,164,379,955,89,-497,
1054,771,-433,1053,788,-405,1053,789,-405,1054,789,-405,1046,789,-449,1040,791,-449,1034,792,-450,1037,791,-226,1014,793,-418,1048,758,-360,1039,758,-416,1043,704,33,965,711,-466,1061,590,109,982,568,-456,1056,492,-68,1003,466,-472,1040,466,-99,1003,443,-537,1033,470,-148,1006,449,-567,1036,479,-94,1005,458,-485,949,481,166,905,487,-166,947,323,270,946,304,-272,784,275,528,871,133,-260,744,284,546,846,104,-234,787,200,454,936,82,-387,
1065,770,-449,1063,788,-422,1063,789,-423,1063,790,-423,1057,789,-468,1053,791,-468,1047,792,-468,1047,791,-239,1026,793,-440,1058,757,-372,1051,757,-430,1054,703,30,962,706,-490,1045,582,137,952,556,-502,1012,482,-12,970,460,-525,1000,451,-42,972,437,-592,996,457,-93,977,440,-614,999,469,-39,976,449,-533,958,475,174,913,482,-174,948,311,235,947,295,-227,845,177,487,829,169,20,818,164,503,803,214,43,867,125,409,833,157,-56,
1075,769,-387,1074,786,-364,1073,787,-364,1073,788,-364,1069,787,-412,1065,789,-413,1060,790,-413,1055,789,-203,1037,790,-423,1068,756,-317,1061,756,-381,1058,702,40,966,703,-490,1039,581,165,943,557,-523,1012,481,77,970,458,-553,1001,450,61,973,435,-619,998,457,10,980,440,-633,1001,467,53,980,449,-556,967,470,176,921,478,-176,949,300,245,950,293,-278,855,159,494,791,386,83,824,140,514,801,430,124,899,97,453,751,352,113,
1079,768,-367,1077,785,-346,1077,786,-346,1076,786,-346,1073,786,-396,1069,787,-396,1064,789,-397,1057,788,-192,1041,789,-420,1071,755,-300,1065,755,-366,1058,702,52,970,700,-495,1034,582,182,942,554,-530,1007,483,103,972,455,-550,996,453,91,975,434,-615,996,461,41,983,439,-625,998,471,79,983,448,-552,968,467,182,924,475,-182,949,296,240,954,292,-299,860,155,469,793,387,57,827,133,486,801,437,95,914,90,425,748,362,83,
1090,742,-441,1090,760,-414,1091,761,-414,1091,763,-414,1084,761,-459,1078,763,-459,1073,765,-459,1071,764,-239,1049,765,-438,1083,729,-370,1074,730,-427,1072,680,-30,974,673,-471,1062,563,-10,944,541,-515,1048,468,-244,1005,451,-543,1035,440,-296,1000,427,-604,1030,442,-334,1020,433,-620,1034,453,-268,1020,444,-547,985,450,161,928,457,-161,975,294,238,960,278,-301,879,190,518,834,183,-86,840,171,544,806,172,-72,910,122,473,857,113,-221,
1101,720,-355,1101,738,-322,1101,739,-322,1100,740,-322,1094,739,-367,1089,740,-368,1084,742,-368,1083,741,-151,1060,742,-348,1094,708,-289,1084,707,-345,1086,658,-24,983,657,-384,1095,554,28,960,529,-391,1096,477,-270,1052,461,-350,1078,441,-329,1067,439,-395,1066,447,-360,1080,452,-410,1072,459,-293,1075,460,-350,993,435,157,932,446,-157,985,279,44,989,272,-339,857,185,240,840,188,-58,815,174,252,805,184,-31,866,116,174,851,114,-105,
1115,698,-207,1115,717,-178,1115,718,-178,1114,719,-178,1110,718,-222,1105,719,-222,1100,720,-222,1096,719,-26,1073,721,-216,1105,684,-147,1097,684,-202,1101,626,89,989,641,-280,1112,524,45,974,513,-304,1109,474,-256,1090,469,-271,1093,441,-317,1114,452,-316,1087,458,-342,1122,467,-324,1090,468,-276,1114,475,-269,1008,414,138,943,428,-138,1000,254,0,1004,251,-333,864,192,304,853,193,16,821,193,322,820,197,49,847,115,186,837,114,-23,
1128,670,-159,1128,690,-129,1128,691,-129,1127,692,-129,1123,690,-175,1118,691,-175,1112,692,-175,1107,691,34,1085,692,-161,1117,656,-92,1108,656,-149,1110,603,184,1001,614,-237,1115,513,100,998,492,-276,1135,473,-248,1116,465,-235,1146,452,-311,1143,452,-279,1148,468,-341,1148,465,-280,1138,475,-273,1139,472,-229,1023,389,142,955,401,-142,1015,223,0,1018,217,-323,876,191,328,864,195,44,834,198,376,832,204,84,842,116,345,835,116,52,
1140,632,-98,1141,652,-74,1140,653,-74,1139,654,-74,1136,652,-125,1132,654,-125,1128,655,-125,1119,657,63,1102,657,-156,1128,619,-40,1122,620,-104,1113,571,197,1015,579,-250,1119,476,115,1046,448,-264,1136,437,-223,1151,430,-169,1139,419,-275,1177,422,-208,1136,437,-311,1179,436,-206,1133,443,-248,1169,441,-163,1029,357,145,964,366,-145,1043,187,9,1027,181,-296,899,188,437,869,183,120,873,197,485,841,201,165,855,121,482,831,109,145,
1157,594,-183,1157,613,-156,1156,614,-156,1155,615,-157,1152,614,-204,1148,615,-205,1143,616,-205,1135,615,-7,1117,617,-212,1145,580,-122,1139,581,-183,1125,532,171,1034,536,-275,1151,432,136,1069,407,-292,1197,365,-116,1159,342,-367,1214,339,-156,1176,316,-433,1214,339,-204,1187,327,-435,1206,349,-144,1182,336,-368,1044,330,146,980,333,-146,1065,155,-14,1045,149,-333,945,169,405,887,158,82,912,196,442,869,178,127,926,109,433,842,102,115,
1170,535,-189,1170,556,-162,1169,557,-162,1169,558,-163,1165,557,-226,1161,558,-226,1156,559,-226,1148,559,-49,1130,560,-276,1157,522,-141,1151,524,-215,1141,481,170,1049,489,-359,1171,374,232,1072,356,-384,1220,284,124,1146,278,-403,1239,251,117,1159,253,-460,1237,248,58,1169,258,-461,1228,259,96,1164,268,-401,1055,283,147,991,292,-147,1085,112,-36,1070,121,-373,949,140,287,921,136,1,934,168,322,909,164,50,923,105,340,847,98,49,
1189,469,-288,1190,490,-261,1190,492,-261,1189,493,-262,1184,491,-313,1179,492,-313,1174,494,-313,1165,495,-121,1146,495,-340,1176,455,-232,1167,456,-296,1155,419,46,1060,432,-409,1192,306,136,1069,300,-462,1229,216,-16,1149,228,-464,1245,181,-36,1166,199,-516,1241,174,-87,1175,203,-516,1234,185,-42,1173,215,-462,1061,239,140,996,249,-140,1115,90,-49,1088,102,-373,974,137,216,947,129,-94,961,164,244,935,149,-62,915,104,254,871,88,-57,
1204,406,-457,1208,428,-437,1208,430,-437,1208,432,-437,1202,428,-481,1197,429,-481,1192,431,-481,1185,437,-318,1166,436,-512,1192,394,-407,1184,395,-463,1169,371,-164,1073,378,-575,1196,259,-154,1087,248,-647,1227,160,-278,1153,152,-649,1240,134,-298,1175,125,-709,1241,131,-343,1183,130,-703,1228,133,-301,1189,146,-648,1071,232,135,999,221,-135,1173,138,40,1105,99,-326,1034,144,252,951,133,-54,1015,172,274,933,155,-22,1006,123,291,902,93,7,
1220,355,-561,1227,372,-539,1227,374,-539,1227,376,-539,1222,373,-585,1219,375,-586,1215,378,-586,1205,392,-399,1189,392,-607,1209,348,-503,1203,349,-563,1187,341,-243,1083,357,-646,1202,225,-254,1077,223,-742,1231,104,-405,1140,102,-775,1248,86,-434,1161,76,-850,1245,83,-483,1168,83,-841,1233,89,-431,1168,91,-774,1068,209,123,998,213,-123,1193,143,-80,1088,115,-435,1023,140,134,950,116,-122,1000,158,156,933,139,-87,991,110,141,895,86,-99,
1235,339,-519,1243,357,-500,1244,358,-500,1243,360,-500,1238,357,-542,1235,359,-543,1231,362,-543,1220,374,-373,1205,376,-563,1224,332,-466,1217,335,-521,1202,334,-231,1090,349,-583,1212,225,-224,1076,224,-657,1233,111,-375,1112,117,-686,1251,89,-404,1120,85,-750,1246,85,-449,1136,88,-740,1234,91,-398,1136,98,-683,1068,204,113,998,211,-113,1161,132,-85,1092,104,-418,992,134,144,951,126,-76,970,158,170,937,149,-43,959,93,161,892,88,-97,
1243,342,-539,1250,358,-522,1250,360,-522,1250,362,-522,1245,359,-558,1242,362,-558,1238,364,-558,1230,377,-399,1214,380,-558,1229,337,-487,1224,338,-533,1212,342,-270,1097,363,-540,1224,226,-230,1019,260,-582,1236,119,-353,1070,153,-605,1252,101,-383,1074,120,-656,1244,95,-419,1094,125,-657,1234,100,-371,1093,138,-604,1075,219,94,1000,228,-94,1156,137,-1,1084,115,-159,1011,136,200,949,135,129,986,160,233,935,158,159,996,95,294,913,96,161,
1225,363,-600,1231,378,-582,1232,380,-582,1233,382,-583,1223,379,-615,1219,382,-615,1215,384,-615,1222,392,-434,1195,398,-582,1217,359,-536,1208,361,-579,1222,349,-298,1094,396,-521,1227,232,-258,971,342,-584,1241,117,-421,1002,230,-649,1257,96,-446,1011,166,-687,1251,91,-491,1032,161,-691,1241,98,-442,1033,189,-648,1084,238,80,1009,253,-80,1150,140,-262,1063,207,-382,994,131,-254,1087,140,-135,969,146,-251,1089,152,-106,970,94,-326,1108,99,-132,
1222,367,-602,1227,382,-583,1228,384,-583,1230,386,-583,1219,382,-616,1215,384,-617,1211,387,-617,1220,396,-431,1192,400,-583,1215,362,-537,1206,364,-581,1220,352,-289,1092,397,-524,1227,238,-242,967,352,-607,1241,123,-413,1001,250,-707,1255,100,-438,1010,191,-750,1251,94,-484,1029,195,-755,1243,101,-434,1029,221,-708,1081,241,84,1009,258,-84,1143,144,-276,1056,219,-413,986,131,-217,1086,143,-128,958,145,-207,1083,151,-95,955,93,-271,1112,101,-113,
1185,381,-573,1193,393,-561,1199,394,-562,1205,394,-562,1181,397,-575,1178,399,-575,1175,402,-575,1206,403,-425,1171,414,-557,1188,375,-514,1173,380,-532,1210,351,-307,1085,407,-342,1222,232,-288,978,415,-262,1243,119,-410,968,330,-228,1260,94,-424,965,306,-220,1257,90,-465,976,310,-243,1247,97,-427,977,316,-233,1083,249,40,1008,262,-39,1133,175,-218,1025,210,-414,990,126,-182,1089,138,-227,958,133,-178,1096,138,-205,956,86,-267,1099,94,-252,
1144,391,-628,1153,403,-626,1158,403,-626,1163,403,-627,1144,408,-632,1141,412,-632,1138,415,-632,1174,411,-508,1136,429,-540,1148,386,-572,1136,391,-580,1203,360,-371,1082,441,-375,1219,238,-385,985,463,-297,1240,129,-516,922,437,-290,1255,100,-536,902,432,-288,1252,93,-574,909,420,-317,1245,102,-534,918,420,-299,1089,266,12,1020,301,-11,1128,199,-384,998,239,-316,993,118,-282,1078,151,38,960,109,-272,1085,139,76,980,73,-411,1080,94,7,
1080,412,-567,1091,415,-597,1097,409,-597,1103,404,-597,1081,429,-576,1079,435,-576,1078,440,-576,1127,415,-603,1096,452,-490,1094,406,-547,1083,416,-529,1199,370,-497,1099,494,-301,1217,257,-510,1009,518,-64,1208,179,-574,946,530,68,1203,162,-586,928,533,98,1198,165,-620,925,523,54,1194,173,-586,932,519,55,1099,275,-87,1037,319,87,1027,252,-418,952,227,-63,1053,109,-200,1085,149,286,1072,94,-173,1123,144,326,997,60,-236,1087,67,323,
1069,466,-511,1077,476,-549,1082,474,-549,1087,472,-549,1071,481,-508,1071,483,-508,1071,485,-507,1118,472,-569,1093,488,-398,1081,452,-504,1074,458,-452,1199,375,-488,1112,495,-234,1198,263,-445,1035,529,-23,1125,224,-472,967,547,67,1107,208,-425,944,549,91,1099,224,-421,946,540,47,1107,232,-422,958,534,52,1096,277,-122,1047,323,122,962,262,-294,957,271,67,1074,105,-125,1082,149,204,1107,91,-102,1114,141,225,1019,56,-147,1081,78,238,
1068,474,-578,1076,486,-619,1080,484,-619,1085,483,-619,1069,491,-579,1069,493,-579,1069,495,-579,1115,481,-648,1090,494,-452,1079,460,-575,1072,466,-522,1193,380,-549,1113,502,-316,1189,267,-473,1033,531,-203,1136,222,-410,966,548,-204,1127,205,-383,941,549,-204,1116,217,-398,944,540,-237,1124,221,-387,956,534,-216,1097,280,-119,1060,335,119,965,236,-268,974,303,130,1080,101,-88,1077,162,270,1109,82,-68,1105,143,289,1019,57,-89,1071,101,291,
1063,500,-761,1074,515,-806,1079,513,-806,1085,511,-806,1067,520,-757,1068,522,-757,1068,523,-757,1115,508,-836,1094,522,-609,1076,482,-756,1068,489,-691,1188,382,-711,1113,510,-369,1165,258,-770,1043,523,-169,1119,244,-823,980,545,-63,1113,237,-859,963,550,-33,1112,253,-868,970,540,-68,1111,257,-825,979,534,-70,1095,273,-133,1061,335,134,943,223,-229,975,322,386,1084,105,31,1096,208,685,1120,84,60,1120,190,718,1027,57,58,1084,166,728,
1078,559,-354,1086,572,-395,1090,571,-395,1094,570,-395,1083,574,-340,1084,574,-340,1085,575,-340,1120,562,-526,1105,569,-245,1090,538,-385,1085,542,-312,1171,440,-506,1128,518,-94,1170,306,-568,1063,533,157,1143,231,-588,998,536,383,1123,217,-615,994,540,438,1117,212,-632,1000,541,408,1127,213,-596,1003,537,375,1093,269,-154,1068,328,154,932,218,-118,982,290,356,1084,105,4,1097,193,417,1127,94,25,1119,186,426,1048,52,45,1088,142,451,
1089,583,-81,1094,593,-117,1096,592,-117,1098,591,-117,1094,595,-63,1095,596,-63,1096,597,-63,1119,581,-224,1111,587,21,1098,565,-116,1096,568,-45,1145,474,-330,1154,517,170,1139,333,-468,1101,499,436,1129,258,-532,1039,507,652,1132,239,-547,1026,516,712,1129,241,-621,1031,521,684,1127,249,-560,1035,517,644,1094,269,-175,1089,308,175,931,215,-146,983,277,207,1095,108,-193,1093,147,183,1135,99,-190,1132,144,161,1059,58,-162,1079,105,182,
1111,601,-160,1118,615,-186,1117,614,-186,1116,612,-186,1124,616,-143,1127,615,-143,1130,615,-143,1129,597,-250,1143,601,-55,1118,583,-181,1121,585,-124,1150,491,-353,1156,520,128,1145,358,-560,1113,487,461,1145,250,-713,1063,508,744,1144,227,-754,1051,514,814,1135,227,-770,1054,520,791,1140,235,-722,1060,515,741,1092,269,-185,1098,291,185,933,213,-161,980,239,263,1081,109,-190,1094,118,316,1124,101,-135,1133,111,312,1042,51,-87,1071,71,317,
1116,604,-164,1123,617,-191,1122,616,-191,1120,614,-191,1128,618,-148,1131,618,-148,1134,618,-148,1129,600,-251,1146,604,-55,1121,586,-183,1125,588,-126,1153,493,-355,1147,525,128,1151,361,-552,1105,482,410,1152,253,-689,1064,507,621,1148,227,-729,1052,513,678,1139,226,-742,1054,518,656,1145,235,-697,1062,514,617,1093,268,-183,1098,287,183,933,212,-158,980,234,257,1078,108,-114,1094,119,315,1119,100,-91,1132,112,315,1036,45,-85,1068,66,319,
1198,592,373,1196,610,333,1192,612,333,1187,613,333,1209,606,337,1212,605,337,1215,604,337,1179,607,161,1214,598,180,1189,582,316,1202,577,321,1100,532,-27,1235,524,152,1080,415,-110,1237,403,160,1095,352,-22,1167,431,272,1096,338,-23,1153,436,298,1109,343,-5,1139,453,543,1113,347,-15,1141,452,298,1085,305,-140,1151,292,140,954,209,47,1080,235,299,1081,109,-225,1092,104,31,1116,102,-251,1122,100,0,1040,48,-231,1067,62,-16,
1258,570,345,1256,589,311,1253,591,311,1249,593,311,1263,587,300,1264,587,300,1265,587,300,1233,595,168,1253,586,116,1244,562,303,1250,559,287,1106,552,6,1250,506,91,1034,489,-11,1231,405,221,1037,387,103,1189,401,536,1035,363,113,1175,399,596,1045,366,135,1168,413,618,1048,374,115,1169,417,553,1069,318,-78,1155,298,78,1003,212,159,1122,235,378,1055,90,45,1119,113,294,1069,77,40,1122,97,289,1029,46,61,1086,71,330,
1286,560,87,1287,579,64,1285,580,64,1282,582,64,1289,577,39,1288,578,39,1287,578,39,1261,591,6,1268,584,-15,1270,553,79,1271,552,44,1113,565,-44,1238,511,-123,1027,515,-30,1233,401,20,991,435,-27,1216,405,351,985,407,-35,1214,402,393,994,409,-25,1208,416,393,999,419,-22,1205,419,361,1058,337,12,1143,314,-13,1037,227,264,1147,235,303,1038,79,413,1113,105,504,1038,53,431,1110,80,530,1034,71,429,1103,80,551,
1295,556,170,1300,573,161,1298,575,161,1296,577,162,1302,572,124,1301,573,124,1300,574,123,1275,589,122,1280,583,-41,1280,549,164,1280,548,114,1121,574,124,1236,522,-140,1029,532,148,1223,413,-60,968,483,193,1229,427,259,947,467,210,1235,430,302,962,462,219,1227,442,353,973,465,198,1224,445,288,1056,349,125,1135,328,-126,1082,250,264,1175,246,89,1028,109,173,1106,109,24,1015,83,167,1090,86,24,1048,80,158,1112,81,63,
1315,553,47,1321,571,38,1319,573,38,1317,575,38,1322,570,4,1320,571,4,1319,572,4,1293,588,21,1296,582,-146,1299,547,49,1298,546,5,1136,577,72,1227,526,-244,1033,553,64,1202,420,-312,948,518,41,1218,422,-227,919,514,38,1227,420,-237,927,505,43,1229,433,-216,939,504,43,1223,444,-213,1060,358,163,1129,338,-164,1111,272,527,1198,253,36,1045,148,615,1104,112,65,1024,124,622,1067,95,72,1091,112,646,1112,82,104,
1321,554,18,1327,572,14,1326,574,14,1324,576,14,1328,571,-25,1327,572,-25,1326,574,-25,1300,592,32,1303,585,-174,1305,548,31,1304,548,-21,1154,584,132,1226,529,-286,1043,566,155,1205,424,-425,956,553,67,1233,426,-497,932,546,49,1244,423,-556,938,539,34,1249,436,-535,949,539,58,1242,444,-490,1066,367,189,1116,346,-190,1188,333,552,1209,252,-112,1127,222,836,1101,118,5,1099,206,861,1058,99,18,1172,180,883,1127,85,1,
1328,562,-2,1335,579,-8,1333,582,-8,1331,584,-8,1335,578,-38,1333,580,-38,1332,581,-39,1305,602,10,1307,596,-204,1311,557,6,1310,557,-47,1177,587,114,1226,536,-316,1041,571,303,1198,424,-363,982,558,472,1254,375,-279,939,530,500,1271,355,-304,982,531,485,1275,367,-296,984,530,471,1266,377,-271,1087,379,174,1098,355,-175,1236,321,371,1216,247,-173,1153,186,590,1095,125,43,1141,169,609,1050,103,69,1196,140,626,1125,86,88,
1332,573,-68,1341,591,-48,1340,592,-48,1338,594,-48,1339,591,-110,1337,593,-110,1334,595,-110,1312,609,9,1309,610,-245,1314,568,-32,1311,570,-115,1215,585,147,1228,558,-368,1160,534,218,1213,425,-382,1174,461,175,1274,346,-242,1174,433,174,1292,318,-276,1186,445,148,1297,324,-266,1184,455,160,1288,333,-234,1118,384,161,1091,371,-161,1266,308,218,1226,249,-172,1202,168,316,1084,133,80,1183,153,316,1042,116,104,1271,125,270,1123,87,91,
1334,585,-121,1341,601,-97,1339,603,-98,1338,605,-98,1339,601,-158,1337,603,-158,1334,605,-158,1313,618,-4,1310,619,-269,1316,579,-77,1313,581,-157,1232,582,153,1230,575,-395,1196,468,189,1224,426,-434,1213,358,82,1282,339,-340,1219,328,75,1294,314,-383,1224,331,55,1303,320,-375,1220,342,67,1297,329,-334,1132,390,172,1092,386,-172,1279,299,197,1222,254,-240,1245,162,323,1075,137,-47,1221,144,329,1035,123,-28,1309,115,290,1122,86,-93,
1337,596,-281,1344,614,-253,1343,615,-253,1341,617,-253,1341,614,-313,1339,616,-313,1336,619,-313,1316,628,-119,1310,631,-391,1322,589,-227,1318,590,-306,1251,580,74,1229,566,-490,1176,481,135,1228,425,-536,1145,386,54,1305,339,-414,1142,341,47,1317,319,-463,1149,352,49,1328,325,-455,1148,369,44,1321,333,-408,1150,395,164,1097,392,-164,1282,291,105,1213,250,-201,1278,146,267,1074,142,26,1254,124,277,1040,132,-2,1348,99,217,1126,84,33,
1341,607,-471,1344,625,-443,1344,626,-443,1343,628,-444,1342,626,-499,1338,627,-499,1335,630,-500,1319,636,-290,1310,639,-542,1328,597,-408,1324,598,-481,1275,575,-83,1226,564,-596,1217,475,16,1229,422,-628,1149,395,-59,1323,349,-536,1132,362,-74,1340,325,-593,1134,366,-102,1352,334,-585,1138,375,-75,1345,342,-530,1177,396,146,1112,393,-146,1293,279,63,1198,234,-183,1311,127,335,1080,152,222,1295,101,360,1040,144,257,1384,78,259,1123,83,153,
1348,622,-452,1351,641,-428,1351,643,-428,1351,644,-428,1346,642,-481,1342,643,-481,1337,645,-481,1330,647,-285,1311,651,-515,1338,611,-391,1330,611,-458,1319,574,-111,1224,573,-542,1362,490,-9,1225,423,-579,1434,440,-157,1317,356,-577,1456,414,-187,1334,330,-642,1457,417,-244,1345,339,-642,1447,425,-188,1339,350,-576,1215,386,104,1136,387,-103,1301,259,0,1144,236,62,1363,109,190,1107,159,563,1351,89,204,1097,150,607,1421,68,51,1121,87,482,
1347,631,-547,1351,650,-524,1352,651,-524,1353,652,-525,1344,650,-568,1339,651,-568,1334,653,-568,1339,654,-372,1309,657,-559,1339,619,-482,1329,620,-537,1342,572,-198,1223,584,-549,1400,488,-113,1220,438,-605,1482,419,-289,1299,362,-678,1504,390,-330,1315,336,-751,1504,387,-392,1326,343,-762,1495,395,-322,1321,354,-683,1235,381,67,1149,391,-67,1301,251,-65,1111,236,105,1381,108,101,1108,155,582,1374,88,111,1109,146,622,1420,65,-81,1119,89,468,
1348,632,-605,1353,653,-584,1354,655,-584,1355,656,-585,1345,653,-625,1340,654,-626,1334,655,-626,1340,658,-429,1310,659,-607,1341,620,-538,1331,620,-590,1346,571,-252,1222,585,-584,1404,485,-167,1217,447,-670,1480,410,-345,1292,365,-796,1505,381,-388,1307,337,-877,1504,379,-451,1318,344,-889,1494,388,-378,1314,355,-804,1248,380,58,1155,392,-58,1299,249,-16,1106,236,72,1379,109,195,1108,154,494,1376,90,208,1110,145,529,1421,57,38,1118,90,364,
1343,633,-976,1348,655,-946,1351,657,-946,1354,659,-947,1338,655,-971,1333,657,-972,1328,659,-972,1347,661,-724,1306,662,-830,1341,621,-886,1328,621,-917,1361,571,-476,1222,584,-741,1418,474,-423,1218,453,-842,1503,373,-636,1285,356,-1035,1524,347,-696,1297,322,-1128,1525,344,-764,1306,326,-1149,1515,351,-671,1304,338,-1048,1256,391,38,1158,402,-38,1294,255,-321,1083,238,-21,1388,113,-14,1106,153,491,1389,94,6,1106,142,535,1416,61,-233,1105,92,350,
1337,646,-875,1344,667,-849,1347,668,-849,1350,669,-850,1335,667,-868,1333,669,-868,1326,671,-868,1347,671,-636,1304,673,-711,1336,634,-786,1322,636,-808,1366,578,-420,1222,598,-592,1403,474,-371,1212,468,-642,1459,368,-556,1227,356,-827,1484,347,-612,1224,323,-911,1481,342,-671,1239,332,-950,1470,347,-586,1239,340,-849,1259,389,9,1160,402,-9,1311,234,-90,1045,265,-325,1405,115,390,1065,139,97,1413,103,427,1082,118,128,1419,61,203,1007,80,-100,
1329,656,-746,1340,675,-722,1345,675,-722,1345,676,-722,1322,678,-735,1317,679,-735,1310,681,-735,1342,676,-525,1298,681,-583,1331,642,-663,1314,645,-678,1360,588,-317,1217,600,-461,1386,487,-239,1197,466,-446,1418,378,-401,1187,357,-728,1436,357,-449,1181,328,-729,1433,354,-507,1195,330,-727,1424,359,-429,1199,340,-665,1254,388,1,1160,400,-2,1319,235,-41,1036,274,-272,1412,117,431,1035,121,49,1420,107,465,1056,94,71,1417,60,277,977,65,-141,
1312,659,-644,1322,678,-623,1328,679,-624,1333,679,-624,1303,680,-636,1297,682,-636,1290,683,-636,1339,679,-441,1281,686,-475,1320,645,-567,1297,647,-584,1353,589,-258,1202,603,-325,1360,487,-199,1181,472,-284,1380,383,-347,1165,360,-423,1395,361,-372,1151,331,-478,1396,359,-417,1160,334,-527,1392,365,-369,1166,344,-443,1257,389,-4,1164,397,4,1329,240,-31,1039,270,-231,1412,117,366,1014,106,43,1413,106,394,1030,78,60,1418,59,213,953,61,-151,
1304,660,-621,1314,679,-600,1321,680,-600,1326,680,-601,1296,681,-610,1290,683,-610,1283,685,-610,1337,680,-418,1273,686,-437,1313,646,-543,1289,647,-558,1353,589,-239,1200,606,-291,1355,486,-188,1177,477,-246,1367,381,-322,1164,363,-374,1385,360,-346,1150,332,-430,1389,359,-393,1158,336,-477,1384,365,-343,1164,346,-396,1257,388,-7,1165,395,7,1332,242,-22,1037,267,-245,1412,115,381,1013,103,21,1412,102,411,1027,74,37,1420,60,224,954,59,-174,
1260,665,-859,1268,685,-842,1274,686,-842,1279,686,-842,1250,686,-838,1244,687,-838,1237,688,-838,1288,687,-649,1234,688,-617,1269,650,-779,1249,650,-771,1340,599,-468,1177,605,-431,1310,494,-551,1141,482,-380,1242,431,-853,1138,367,-584,1229,405,-944,1127,334,-656,1218,418,-979,1143,337,-697,1218,423,-874,1150,347,-605,1257,398,-2,1166,405,2,1364,243,-108,1051,265,-78,1412,116,265,1003,104,233,1405,102,292,1009,78,254,1422,61,69,957,58,-73,
1232,668,-848,1240,687,-829,1246,688,-830,1252,689,-830,1222,688,-826,1215,689,-827,1210,690,-827,1261,690,-643,1208,689,-619,1242,651,-771,1222,652,-764,1326,603,-481,1153,602,-445,1275,493,-563,1116,478,-385,1175,470,-809,1111,369,-580,1146,459,-892,1108,335,-642,1138,476,-904,1123,337,-682,1147,479,-818,1128,347,-600,1260,399,9,1164,404,-9,1390,248,-146,1089,254,-151,1415,116,171,1003,103,81,1405,101,192,1001,79,94,1428,60,-4,964,57,-151,
1203,667,-986,1210,687,-969,1216,688,-969,1222,690,-969,1193,687,-961,1187,688,-961,1183,688,-961,1233,691,-775,1184,688,-733,1217,652,-906,1198,652,-894,1304,612,-579,1139,601,-540,1251,503,-603,1096,477,-524,1138,488,-796,1104,379,-676,1112,477,-870,1108,348,-736,1106,489,-884,1120,353,-767,1114,492,-803,1119,361,-691,1265,404,19,1169,407,-20,1408,260,-131,1120,242,-213,1415,116,189,1004,107,51,1401,101,233,990,84,70,1427,58,61,976,56,-169,
1186,665,-1021,1191,685,-1001,1197,686,-1001,1203,687,-1001,1172,684,-994,1166,685,-994,1160,685,-994,1211,690,-792,1157,685,-755,1198,650,-935,1178,650,-925,1282,619,-595,1124,596,-536,1243,506,-688,1103,469,-514,1117,501,-983,1089,380,-674,1081,494,-1078,1085,349,-733,1077,508,-1088,1097,352,-777,1087,510,-990,1101,361,-695,1277,414,21,1180,413,-21,1412,279,-395,1140,240,-223,1413,117,-83,1011,107,-26,1397,100,-60,999,89,-14,1432,57,-287,976,58,-253,
1164,662,-1147,1167,682,-1130,1173,683,-1130,1178,684,-1130,1150,684,-1120,1144,684,-1120,1138,684,-1120,1186,686,-918,1135,683,-868,1177,647,-1059,1158,648,-1045,1263,621,-704,1108,585,-608,1230,505,-796,1102,459,-569,1100,501,-1089,1090,378,-751,1064,495,-1187,1080,349,-818,1060,509,-1197,1092,352,-864,1069,511,-1097,1099,360,-774,1276,430,10,1179,424,-10,1409,286,-349,1153,241,-215,1414,117,27,1016,108,36,1396,100,52,1008,91,52,1431,58,-197,980,59,-200,
1146,648,-1324,1149,668,-1314,1154,671,-1314,1159,673,-1314,1130,665,-1300,1124,665,-1300,1118,664,-1300,1168,680,-1097,1114,664,-1027,1159,636,-1231,1141,633,-1211,1248,617,-867,1097,577,-713,1212,503,-981,1107,455,-694,1082,486,-1264,1098,367,-924,1050,478,-1367,1091,339,-1001,1046,490,-1374,1098,342,-1047,1057,492,-1270,1106,351,-949,1273,454,-13,1177,439,13,1398,289,-303,1148,244,-148,1412,117,86,1024,109,167,1400,100,111,1015,92,186,1430,58,-180,984,59,-115,
1131,604,-1179,1132,628,-1187,1137,631,-1187,1142,634,-1187,1117,623,-1163,1112,623,-1163,1108,623,-1164,1152,644,-1049,1108,629,-930,1144,601,-1112,1130,596,-1079,1236,609,-868,1092,567,-624,1180,479,-938,1106,450,-618,1071,480,-1108,1105,348,-755,1044,463,-1190,1102,316,-837,1040,475,-1199,1110,319,-860,1052,481,-1113,1114,332,-773,1273,460,-48,1177,439,47,1387,292,-306,1138,258,-107,1411,117,-37,1026,110,149,1401,99,-28,1022,92,180,1428,58,-319,986,59,-102,
1113,578,-1107,1115,596,-1117,1120,598,-1117,1124,601,-1117,1104,593,-1091,1102,593,-1091,1099,594,-1091,1137,611,-1000,1105,603,-873,1131,574,-1048,1118,571,-1013,1234,576,-826,1094,559,-588,1194,438,-863,1110,437,-483,1102,394,-972,1109,335,-620,1077,381,-1037,1106,302,-658,1070,394,-1052,1120,306,-713,1080,399,-977,1123,320,-646,1278,447,-45,1178,432,45,1372,288,-307,1136,265,-125,1412,114,-90,1026,111,90,1405,91,-85,1024,91,101,1429,58,-366,988,58,-132,
1118,559,-1104,1121,575,-1117,1127,577,-1117,1132,580,-1117,1110,573,-1094,1107,574,-1094,1104,575,-1094,1147,592,-1004,1108,584,-895,1136,554,-1046,1122,552,-1015,1233,560,-841,1090,557,-601,1195,429,-900,1120,441,-493,1110,349,-992,1192,343,-624,1088,323,-1058,1205,311,-662,1080,335,-1069,1204,314,-712,1087,347,-997,1203,325,-647,1276,445,-49,1175,432,49,1345,285,-215,1116,283,-95,1412,115,-32,1025,115,103,1410,91,-32,1026,92,105,1429,58,-307,982,58,-109,
1135,542,-1056,1138,557,-1061,1144,559,-1061,1149,562,-1061,1125,556,-1046,1121,557,-1046,1117,558,-1046,1161,574,-933,1115,566,-858,1149,536,-991,1134,536,-971,1232,542,-780,1093,553,-589,1199,414,-838,1122,443,-500,1125,320,-936,1224,385,-578,1105,287,-1008,1242,398,-611,1098,295,-1024,1247,364,-650,1104,307,-944,1235,418,-595,1260,436,-49,1168,422,49,1319,278,-159,1086,277,-152,1410,115,8,1022,112,17,1412,92,10,1031,87,24,1428,58,-240,973,56,-172,
1147,535,-1123,1152,549,-1128,1157,551,-1128,1163,553,-1128,1138,550,-1118,1133,551,-1118,1129,553,-1118,1173,563,-978,1124,562,-930,1160,529,-1050,1143,530,-1037,1237,523,-788,1096,548,-642,1204,402,-824,1121,432,-576,1134,306,-929,1192,353,-682,1131,277,-999,1200,335,-732,1115,282,-1022,1207,330,-781,1112,292,-939,1204,348,-704,1235,425,-43,1148,422,43,1281,266,-140,1058,288,-209,1401,120,26,1018,111,-23,1408,102,30,1032,86,-14,1426,58,-217,965,56,-229,
1163,527,-1094,1176,543,-1097,1183,545,-1097,1189,547,-1097,1155,543,-1091,1147,545,-1091,1140,547,-1091,1195,556,-943,1129,560,-917,1169,520,-1020,1147,521,-1013,1242,502,-748,1100,542,-640,1208,391,-757,1111,436,-557,1168,289,-824,1181,354,-625,1192,252,-888,1187,334,-667,1182,267,-916,1197,330,-710,1180,274,-837,1195,347,-641,1225,419,-44,1140,429,45,1238,246,-154,1022,304,-292,1376,123,35,1017,111,-108,1392,115,42,1034,86,-98,1417,62,-142,962,57,-290,
1183,531,-1387,1196,547,-1380,1203,547,-1380,1210,547,-1380,1179,550,-1375,1173,553,-1375,1167,556,-1375,1220,551,-1171,1156,566,-1155,1188,518,-1294,1168,524,-1290,1244,469,-954,1104,545,-741,1236,320,-985,1099,452,-387,1253,182,-1121,1127,395,-113,1276,151,-1197,1129,381,-81,1257,150,-1239,1132,377,-130,1251,162,-1141,1136,380,-120,1229,411,-56,1142,428,57,1210,191,-303,970,309,-350,1340,122,91,1009,114,-32,1356,117,124,1031,87,-26,1385,67,-54,949,62,-269,
1188,529,-1350,1201,546,-1339,1207,546,-1339,1215,546,-1339,1184,550,-1335,1178,553,-1335,1172,556,-1335,1226,550,-1123,1163,566,-1116,1194,516,-1256,1175,522,-1255,1245,465,-903,1104,540,-712,1244,318,-915,1094,448,-375,1257,178,-1040,1116,375,-178,1276,146,-1113,1116,359,-164,1257,148,-1156,1122,350,-216,1249,159,-1060,1128,350,-189,1230,411,-53,1140,427,54,1204,192,-275,970,312,-435,1310,136,226,1006,118,-96,1319,140,269,1030,91,-73,1368,78,103,949,67,-312,
1191,532,-1360,1204,548,-1346,1211,548,-1346,1218,548,-1346,1188,552,-1344,1182,555,-1344,1176,558,-1344,1231,550,-1125,1167,566,-1127,1198,516,-1267,1180,523,-1267,1248,465,-897,1107,543,-741,1263,318,-917,1075,465,-419,1294,181,-1066,1073,375,-213,1317,149,-1139,1070,357,-198,1305,147,-1186,1080,349,-251,1295,157,-1087,1089,352,-223,1232,412,-55,1142,427,56,1216,214,-368,961,306,-366,1314,134,-22,1003,117,35,1322,133,1,1029,91,72,1363,76,-210,938,68,-158,
1197,525,-1313,1208,543,-1300,1215,543,-1300,1222,543,-1301,1192,546,-1301,1187,549,-1302,1182,552,-1302,1232,545,-1090,1173,559,-1103,1203,510,-1223,1186,517,-1226,1256,452,-890,1108,533,-757,1294,314,-915,1042,463,-497,1307,178,-1054,1032,376,-334,1327,145,-1125,1031,354,-327,1312,142,-1167,1044,353,-372,1300,152,-1074,1048,359,-343,1231,380,-52,1139,392,52,1161,145,-387,948,292,-320,1311,132,23,998,114,129,1310,131,43,1027,90,167,1366,75,-78,927,68,0,
1193,511,-874,1205,528,-877,1213,527,-877,1222,527,-877,1188,532,-865,1183,535,-865,1178,537,-865,1226,525,-738,1173,540,-689,1198,496,-810,1183,504,-797,1254,427,-619,1110,499,-421,1309,299,-581,1034,462,-382,1295,170,-636,986,382,-502,1307,141,-684,975,367,-517,1293,140,-720,988,359,-565,1283,149,-650,995,362,-521,1195,260,-80,1127,300,80,1169,59,-320,933,241,-87,1299,120,79,1000,110,188,1297,134,126,1028,89,217,1357,73,147,927,68,192,
1193,495,-619,1203,513,-611,1209,513,-611,1217,513,-611,1188,514,-606,1182,516,-606,1178,518,-606,1224,511,-470,1171,518,-448,1197,479,-558,1182,485,-552,1258,412,-412,1108,467,-198,1333,287,-403,1040,426,-137,1288,171,-488,981,382,-292,1298,141,-529,958,374,-310,1282,137,-559,964,372,-346,1276,153,-498,975,371,-310,1174,213,-77,1102,245,77,1180,29,-190,938,214,-91,1289,99,255,1000,108,119,1288,132,304,1028,87,145,1353,69,314,923,66,89,
1190,494,-608,1201,512,-611,1206,512,-611,1212,512,-611,1187,514,-599,1182,515,-599,1177,517,-599,1219,510,-496,1170,519,-439,1195,477,-554,1180,483,-538,1261,409,-415,1108,468,-217,1341,284,-424,1043,421,-209,1282,168,-544,980,383,-408,1289,139,-584,957,377,-440,1268,143,-609,963,374,-466,1263,155,-552,974,373,-428,1160,209,-76,1090,247,75,1179,30,-200,935,203,107,1292,97,147,997,108,372,1289,124,207,1023,87,403,1357,69,171,922,64,462,
1165,480,-350,1178,498,-362,1183,498,-362,1190,498,-362,1168,498,-335,1167,499,-335,1165,499,-335,1206,495,-309,1169,500,-182,1180,462,-322,1165,468,-286,1266,389,-246,1109,447,-41,1329,269,-244,1038,368,-13,1275,172,-316,991,367,-231,1274,144,-344,970,368,-262,1255,149,-366,976,371,-291,1246,165,-322,985,370,-250,1170,191,-71,1088,216,71,1195,20,-165,954,166,93,1289,90,238,988,109,517,1303,106,287,1011,87,566,1347,67,331,917,67,626,
1165,442,-560,1174,461,-557,1180,462,-557,1187,463,-557,1161,460,-539,1158,460,-539,1156,460,-539,1204,464,-443,1161,461,-360,1181,427,-512,1165,429,-488,1272,352,-340,1109,398,-251,1315,228,-378,1047,307,-310,1241,154,-513,1011,258,-685,1237,125,-562,1001,240,-754,1219,133,-591,1008,248,-783,1216,144,-524,1011,251,-707,1181,149,-16,1094,175,15,1235,22,-45,990,64,-26,1270,65,442,991,95,485,1270,76,497,1000,92,546,1297,62,550,918,70,625,
1167,428,-581,1176,450,-568,1182,451,-568,1189,452,-569,1161,449,-558,1158,449,-558,1154,449,-558,1204,452,-430,1158,449,-380,1182,413,-526,1165,413,-511,1272,338,-332,1108,379,-300,1288,213,-413,1063,270,-393,1219,151,-606,1053,193,-688,1211,122,-662,1042,172,-753,1194,132,-690,1046,179,-784,1192,143,-619,1056,182,-708,1187,128,2,1101,147,-2,1252,14,-51,1006,32,-60,1267,76,434,986,78,435,1279,82,488,994,92,491,1312,62,535,918,66,543,
1168,425,-519,1176,444,-503,1183,445,-503,1190,447,-503,1161,443,-493,1156,444,-493,1152,444,-494,1204,446,-355,1155,442,-310,1182,410,-461,1163,410,-448,1271,335,-266,1107,367,-243,1269,218,-346,1075,255,-362,1214,155,-596,1066,180,-671,1203,126,-665,1051,165,-744,1187,139,-696,1058,172,-776,1186,149,-612,1068,177,-692,1188,124,11,1104,139,-11,1265,8,-70,1017,25,-30,1228,39,455,987,67,458,1224,53,513,994,82,513,1220,8,528,920,62,518,
1167,425,-405,1175,444,-392,1182,445,-392,1189,446,-393,1160,443,-378,1155,444,-378,1151,444,-378,1203,445,-268,1153,442,-199,1182,411,-356,1162,410,-336,1271,335,-188,1106,363,-139,1267,215,-209,1079,244,-200,1213,155,-397,1071,179,-515,1201,125,-457,1059,160,-627,1185,139,-488,1060,171,-649,1184,149,-411,1070,176,-537,1189,117,13,1104,135,-13,1270,8,-219,1016,22,-41,1196,5,406,985,65,446,1184,17,392,985,66,500,1181,-39,356,919,59,501,
1156,429,-317,1164,447,-310,1170,448,-310,1177,449,-310,1149,446,-292,1145,446,-292,1141,446,-292,1194,445,-224,1145,441,-141,1171,414,-284,1153,414,-260,1266,336,-186,1104,360,-105,1259,211,-258,1086,253,-135,1190,154,-414,1078,181,-316,1172,129,-462,1062,160,-357,1161,144,-473,1063,160,-389,1165,153,-419,1072,169,-333,1198,114,4,1110,138,-4,1279,3,-205,1015,41,-51,1199,28,321,975,69,384,1189,43,364,976,69,433,1191,-36,414,907,59,476,
1146,428,-290,1153,446,-289,1159,447,-289,1165,448,-289,1140,444,-266,1136,444,-266,1132,444,-266,1185,445,-218,1138,441,-111,1161,414,-259,1145,414,-228,1259,348,-178,1101,365,-60,1263,223,-262,1085,269,-133,1184,170,-402,1074,208,-366,1165,141,-451,1060,188,-413,1149,156,-456,1062,190,-439,1152,163,-402,1071,197,-383,1201,116,-1,1113,134,1,1280,4,-196,1014,61,-57,1240,-2,230,973,70,315,1208,2,274,969,70,357,1241,-43,311,906,62,426,
1137,430,-264,1144,448,-263,1150,449,-263,1156,450,-263,1132,447,-242,1128,447,-242,1125,447,-242,1178,449,-181,1133,446,-83,1153,416,-228,1137,417,-199,1254,354,-122,1097,374,-32,1288,233,-187,1083,273,-115,1191,197,-321,1072,221,-379,1169,173,-365,1060,205,-431,1155,188,-364,1061,210,-453,1159,195,-318,1069,215,-394,1201,118,-4,1113,138,4,1279,9,-265,1012,78,-145,1212,20,186,975,73,243,1198,32,238,982,72,289,1193,-16,270,925,63,331,
1131,433,-207,1138,451,-209,1144,452,-209,1150,453,-209,1125,450,-187,1122,450,-187,1119,451,-187,1173,453,-143,1127,451,-40,1147,420,-176,1131,421,-146,1252,360,-94,1095,382,4,1305,244,-130,1076,282,-25,1192,204,-208,1070,229,-237,1169,179,-234,1059,211,-277,1155,195,-231,1061,219,-291,1161,202,-202,1068,224,-247,1199,131,-6,1113,147,6,1278,15,-233,1009,84,-213,1189,31,146,1105,99,133,1180,39,192,1134,116,178,1156,-4,225,1111,72,237,
1123,437,-248,1130,455,-261,1136,457,-261,1142,458,-261,1119,454,-229,1116,455,-229,1114,455,-229,1166,457,-221,1124,456,-74,1141,424,-226,1126,425,-183,1248,363,-172,1095,388,7,1314,254,-208,1076,289,-12,1195,205,-264,1064,226,-256,1171,178,-295,1055,208,-299,1157,191,-297,1055,213,-323,1164,200,-258,1062,219,-272,1191,133,-21,1108,154,21,1273,13,-150,997,99,-201,1239,36,361,1022,96,222,1232,51,420,1043,93,267,1242,4,472,978,49,294,
1114,441,-207,1122,459,-218,1127,460,-218,1134,461,-218,1111,459,-185,1109,459,-185,1107,460,-185,1158,462,-189,1120,460,-37,1131,426,-192,1118,427,-147,1246,364,-142,1096,390,28,1318,256,-208,1077,281,-14,1197,218,-289,1060,225,-269,1174,195,-319,1051,206,-312,1163,215,-309,1051,214,-336,1168,222,-280,1057,219,-286,1189,136,-32,1107,160,32,1271,11,-146,993,123,-181,1265,40,304,1004,89,104,1259,53,356,1029,68,134,1282,27,378,937,51,150,
1107,450,-218,1116,467,-226,1122,468,-226,1129,469,-226,1104,467,-194,1101,467,-194,1099,468,-194,1151,470,-191,1114,467,-42,1124,433,-200,1110,435,-157,1238,369,-151,1093,391,52,1313,263,-236,1077,277,19,1185,232,-335,1054,224,-231,1160,216,-367,1045,207,-267,1150,234,-347,1045,214,-291,1157,238,-322,1052,220,-246,1188,136,-49,1106,162,49,1270,11,-101,993,150,-172,1274,67,355,997,86,0,1271,79,404,1025,54,17,1313,48,418,922,52,-10,
1097,454,-261,1104,471,-269,1110,472,-269,1116,473,-269,1093,470,-241,1090,470,-241,1088,470,-241,1138,474,-222,1100,470,-94,1113,440,-237,1099,440,-201,1215,374,-182,1086,392,14,1201,259,-250,1059,280,-52,1081,275,-320,1025,255,-353,1042,268,-344,1010,242,-396,1045,284,-328,1009,255,-409,1057,288,-306,1020,259,-367,1188,142,-52,1107,173,52,1261,13,-103,998,212,-355,1269,68,321,990,86,-256,1267,78,367,1015,55,-246,1300,43,345,921,56,-329,
1094,456,-243,1102,473,-252,1109,474,-252,1115,475,-252,1089,472,-222,1086,472,-222,1084,472,-222,1136,475,-215,1096,471,-81,1110,442,-224,1096,441,-186,1210,374,-195,1085,393,33,1187,254,-235,1055,283,-28,1072,279,-202,1024,259,-304,1041,272,-213,1011,249,-334,1040,288,-198,1010,259,-350,1052,291,-187,1022,262,-316,1189,143,-56,1110,178,56,1258,13,-118,999,217,-258,1276,71,313,989,87,-157,1276,81,349,1013,57,-147,1314,51,322,922,57,-202,
1083,458,-248,1092,475,-252,1098,476,-252,1105,477,-252,1078,473,-224,1075,473,-224,1072,473,-224,1127,477,-201,1085,472,-73,1099,444,-225,1084,443,-188,1199,377,-201,1078,393,50,1177,261,-298,1037,296,-52,1046,293,-206,1002,282,-409,1012,288,-299,983,277,-447,1009,304,-309,985,287,-453,1022,307,-263,999,289,-419,1189,151,-58,1111,182,58,1254,8,-118,1008,237,-360,1276,75,350,989,88,-288,1275,89,399,1012,58,-280,1307,54,374,920,58,-366,
1072,458,-273,1081,475,-277,1088,476,-277,1094,477,-277,1069,474,-246,1066,474,-246,1064,474,-246,1116,477,-237,1078,473,-112,1087,444,-258,1074,444,-222,1180,375,-290,1075,395,11,1117,271,-361,1014,309,-64,992,292,-307,943,284,-375,936,285,-358,909,276,-400,939,295,-346,911,280,-434,956,298,-316,926,283,-404,1189,163,-59,1115,193,59,1243,9,-31,1009,261,-337,1319,73,393,989,91,-268,1329,86,438,1010,59,-261,1347,54,415,917,59,-343,
1062,468,-371,1073,486,-376,1079,486,-376,1085,486,-375,1061,487,-349,1059,487,-349,1057,487,-349,1106,482,-321,1069,484,-203,1076,452,-347,1064,453,-313,1155,379,-373,1062,409,-48,1055,295,-432,988,334,-83,933,278,-406,903,286,-338,898,267,-452,866,274,-371,888,277,-454,870,277,-419,902,281,-406,883,280,-367,1188,182,-61,1115,210,61,1228,10,-73,1006,270,-290,1323,86,355,988,98,-213,1319,106,401,1009,59,-205,1373,54,392,916,61,-274,
1051,485,-351,1062,502,-357,1067,502,-357,1072,502,-357,1053,503,-330,1051,504,-330,1050,504,-330,1095,496,-315,1064,500,-188,1066,468,-330,1055,470,-294,1148,398,-368,1052,422,-47,1066,300,-430,983,342,-65,948,277,-420,896,290,-262,910,265,-466,861,276,-295,903,278,-468,865,280,-340,917,283,-418,880,285,-287,1182,201,-67,1112,223,66,1224,13,-120,996,273,-276,1321,84,320,986,99,-160,1322,106,370,1007,60,-149,1378,55,387,913,61,-206,
1050,491,-369,1059,507,-374,1064,508,-374,1070,508,-374,1051,508,-345,1049,509,-345,1048,509,-346,1094,503,-322,1061,506,-194,1065,473,-346,1054,475,-309,1144,402,-382,1047,423,-38,1064,296,-433,978,342,-43,946,278,-424,892,291,-263,910,266,-471,859,277,-296,904,279,-477,863,281,-342,917,284,-424,878,286,-288,1181,200,-78,1110,228,78,1226,14,-199,992,265,-223,1321,86,217,984,98,-130,1322,112,265,1003,61,-118,1381,53,279,909,61,-168,
1045,506,-350,1054,522,-367,1058,522,-367,1063,523,-367,1047,523,-321,1047,524,-321,1046,525,-321,1089,517,-310,1063,521,-158,1059,488,-339,1050,490,-286,1137,416,-379,1051,444,45,1071,307,-409,995,362,89,960,281,-372,920,304,-102,932,269,-424,893,290,-121,924,281,-427,894,291,-177,935,287,-370,909,296,-130,1172,216,-117,1107,243,117,1225,17,-282,978,272,-103,1323,86,82,981,104,-33,1326,117,125,1000,69,-25,1384,53,146,907,62,-58,
1047,537,-333,1053,555,-366,1058,556,-366,1063,557,-365,1045,555,-303,1044,555,-303,1044,556,-303,1088,556,-319,1063,558,-121,1062,522,-332,1052,522,-258,1142,454,-383,1053,479,113,1100,328,-392,1020,374,152,988,293,-270,935,317,-62,936,282,-299,894,300,-77,949,298,-291,903,308,-129,963,304,-258,918,313,-90,1144,232,-145,1089,258,145,1211,25,-366,926,264,111,1322,87,-75,971,104,214,1329,115,-37,997,72,226,1380,54,5,899,60,237,
1044,556,-332,1051,574,-360,1057,575,-360,1063,575,-360,1042,574,-303,1041,575,-303,1040,575,-303,1088,573,-353,1059,573,-132,1060,541,-327,1048,542,-260,1143,468,-398,1055,485,86,1111,332,-361,1038,374,86,1000,314,-147,952,332,-168,944,312,-154,909,328,-189,961,327,-145,911,336,-231,967,329,-131,929,336,-193,1125,239,-142,1069,263,142,1193,33,-317,902,255,204,1322,89,-43,966,105,339,1331,115,-9,994,75,354,1375,53,10,893,58,367,
1043,565,-280,1051,584,-306,1057,585,-306,1064,587,-306,1041,584,-259,1039,584,-259,1038,585,-259,1088,584,-339,1056,582,-108,1061,548,-279,1047,549,-219,1144,478,-370,1056,491,91,1116,342,-297,1048,371,87,1003,338,-73,991,325,-136,963,333,-79,960,311,-159,967,349,-72,963,322,-200,975,350,-59,974,326,-161,1118,241,-137,1057,268,137,1176,39,-267,891,250,191,1321,89,19,963,105,332,1326,115,54,991,79,347,1368,53,73,895,57,373,
1038,570,-224,1044,588,-253,1049,589,-253,1054,591,-253,1037,588,-206,1036,588,-206,1035,588,-206,1079,590,-283,1054,587,-63,1055,554,-228,1045,554,-166,1142,486,-363,1059,498,120,1099,360,-315,1043,384,89,997,354,-167,974,351,-178,965,352,-184,940,347,-205,963,368,-174,933,359,-245,973,368,-153,953,357,-202,1117,247,-132,1053,277,132,1161,46,-266,897,248,182,1300,90,28,962,104,336,1316,116,63,990,79,353,1353,53,87,898,56,383,
1028,588,-214,1036,606,-240,1040,606,-240,1045,607,-240,1030,605,-193,1030,605,-193,1030,606,-193,1070,602,-264,1049,601,-51,1044,571,-217,1036,572,-156,1132,503,-353,1052,505,135,1091,384,-330,1028,398,94,976,378,-228,935,373,-181,941,378,-272,907,377,-214,937,394,-243,901,386,-269,947,392,-205,915,383,-217,1122,261,-136,1059,285,135,1161,54,-285,905,251,215,1299,91,17,964,104,410,1315,116,53,991,78,430,1348,49,60,897,56,450,
1022,600,-238,1031,616,-245,1035,617,-245,1039,617,-246,1025,616,-220,1025,616,-220,1025,617,-220,1064,611,-297,1044,612,-66,1037,583,-236,1029,585,-174,1117,508,-393,1046,517,104,1052,392,-451,1011,416,156,926,389,-414,920,395,-13,892,385,-456,885,394,-28,883,402,-451,878,403,-72,897,400,-405,899,402,-38,1128,272,-140,1063,295,140,1165,66,-281,914,260,95,1302,94,41,966,104,251,1319,117,79,991,78,270,1347,48,79,897,56,303,
1017,613,-244,1027,629,-261,1031,629,-261,1035,629,-261,1022,630,-236,1022,630,-235,1022,631,-235,1060,621,-320,1041,624,-84,1030,595,-263,1023,597,-181,1108,512,-433,1038,528,108,1030,406,-588,980,446,297,905,384,-664,878,407,286,873,376,-728,845,404,290,863,392,-726,841,409,235,877,394,-662,857,408,262,1132,280,-157,1065,305,156,1167,77,-271,920,268,-24,1303,99,101,967,104,124,1321,122,144,994,77,138,1346,48,95,898,56,91,
1016,624,-407,1027,642,-416,1031,642,-416,1035,642,-416,1021,642,-370,1020,642,-370,1020,643,-370,1059,634,-381,1036,636,-165,1029,606,-390,1021,609,-327,1102,528,-477,1029,544,95,1018,424,-616,961,461,256,893,384,-673,858,410,178,862,376,-742,830,403,171,854,390,-743,830,407,115,867,392,-673,842,407,152,1135,295,-164,1066,317,163,1168,88,-265,922,272,-93,1309,101,159,969,104,121,1328,124,206,996,76,140,1344,47,160,899,56,81,
1019,639,-437,1029,656,-439,1033,656,-439,1038,656,-439,1022,657,-398,1022,657,-398,1021,658,-398,1062,647,-372,1038,651,-184,1031,619,-407,1022,622,-354,1101,539,-463,1025,559,90,1025,437,-615,960,477,233,898,394,-699,862,419,130,869,381,-771,833,406,114,860,392,-770,832,408,57,873,397,-698,846,410,102,1133,302,-164,1062,325,163,1164,99,-248,920,272,-154,1311,106,203,970,104,80,1331,127,250,997,75,103,1342,49,199,899,56,31,
1020,654,-390,1030,672,-398,1035,672,-398,1040,673,-398,1023,673,-354,1022,673,-355,1021,674,-355,1064,666,-352,1038,669,-175,1034,635,-368,1024,637,-311,1102,557,-439,1026,575,138,1033,446,-527,968,486,332,913,407,-540,881,427,250,885,394,-587,852,415,245,878,406,-582,852,418,186,888,410,-535,865,420,222,1117,313,-176,1049,334,175,1155,114,-291,910,270,-99,1311,108,74,970,104,180,1332,127,113,998,75,202,1342,49,55,900,57,137,
1022,670,-367,1031,689,-361,1037,690,-361,1044,690,-361,1025,688,-321,1024,689,-320,1023,689,-320,1065,685,-275,1039,685,-93,1034,653,-319,1027,654,-266,1107,582,-359,1031,592,206,1044,456,-405,979,481,370,922,422,-355,911,437,255,896,408,-397,880,420,246,889,421,-393,880,426,194,900,425,-346,892,429,229,1103,326,-170,1038,345,170,1149,128,-315,893,269,-29,1311,109,43,970,102,195,1333,128,81,998,75,212,1342,49,17,900,56,151,
1023,682,-251,1031,702,-270,1038,703,-270,1047,704,-271,1026,702,-224,1025,702,-224,1024,703,-224,1068,699,-255,1040,700,-45,1035,665,-240,1028,667,-179,1116,590,-324,1033,598,192,1091,457,-243,1012,481,308,978,458,2,948,443,-49,956,452,-2,928,434,-86,953,466,6,925,445,-132,961,468,18,936,447,-80,1083,344,-165,1020,361,164,1129,158,-184,880,268,24,1277,115,159,970,103,210,1301,129,192,999,75,225,1296,53,73,900,56,158,
1025,686,-167,1032,703,-183,1039,704,-183,1048,705,-183,1027,704,-138,1026,704,-138,1025,705,-138,1072,700,-173,1041,701,32,1036,667,-158,1029,669,-99,1122,593,-245,1033,602,231,1095,468,-207,1015,480,270,988,471,-34,952,443,-31,966,466,-46,928,438,-28,965,479,-37,925,449,-79,971,479,-20,936,449,-51,1077,349,-154,1008,364,154,1124,162,-212,875,268,12,1266,118,150,970,103,199,1290,130,186,999,75,214,1286,56,91,898,56,155,
1026,689,-168,1034,705,-179,1040,707,-179,1049,708,-179,1028,705,-138,1026,705,-138,1025,705,-137,1072,704,-150,1041,703,39,1038,670,-153,1030,670,-98,1122,602,-225,1035,606,235,1098,475,-248,1020,476,264,982,475,-156,958,447,26,953,468,-185,932,443,-8,951,483,-166,929,456,-52,960,483,-141,934,453,-2,1071,357,-143,1004,372,142,1113,165,-224,876,267,12,1246,113,119,970,103,222,1265,116,151,999,76,239,1257,56,50,899,56,164,
1026,696,-214,1035,713,-221,1041,714,-221,1049,716,-221,1026,711,-182,1023,711,-182,1021,711,-182,1072,712,-173,1033,708,6,1039,679,-193,1030,677,-141,1122,611,-238,1033,611,213,1094,487,-303,1017,486,267,979,484,-301,950,465,49,951,480,-344,926,460,11,947,496,-325,923,476,-32,959,495,-288,932,469,19,1077,364,-121,1004,379,120,1116,174,-211,883,267,-107,1235,103,151,969,103,124,1249,102,182,998,77,141,1258,54,62,899,56,26,
1015,713,-278,1026,729,-282,1032,729,-282,1039,729,-282,1014,729,-245,1011,729,-245,1008,730,-245,1057,723,-217,1019,724,-51,1029,694,-252,1017,694,-203,1102,621,-300,1011,627,206,1041,505,-423,964,528,269,916,504,-471,893,509,103,882,500,-519,861,507,82,878,512,-512,858,515,40,888,513,-463,870,514,77,1083,378,-122,1014,388,122,1130,195,-187,896,266,-99,1250,103,164,970,104,139,1266,98,194,997,78,156,1260,54,55,899,56,40,
1006,725,-352,1018,740,-353,1024,740,-353,1030,739,-353,1005,741,-314,1001,742,-314,998,742,-314,1047,733,-280,1006,738,-102,1020,706,-321,1006,708,-269,1080,631,-365,1002,645,190,1012,521,-479,937,553,359,892,505,-520,852,522,297,858,501,-573,820,521,294,855,513,-574,816,527,239,866,514,-517,832,526,270,1085,386,-150,1015,395,150,1143,208,-183,912,268,-84,1257,103,130,970,104,155,1273,91,151,998,75,167,1261,54,3,900,57,69,
1002,726,-371,1014,742,-367,1020,742,-367,1027,742,-367,1001,743,-332,998,743,-332,995,744,-332,1046,734,-279,1005,739,-113,1016,706,-334,1003,709,-286,1076,634,-362,997,645,178,1010,524,-510,935,554,349,896,506,-619,847,525,274,863,502,-681,814,521,268,859,513,-680,810,528,214,869,515,-618,825,528,248,1089,387,-156,1019,395,156,1149,209,-176,917,270,-74,1259,103,151,970,104,152,1277,90,176,998,73,166,1257,54,34,900,58,47,
998,734,-431,1010,751,-424,1016,750,-424,1023,750,-424,997,752,-390,994,753,-391,991,753,-391,1041,742,-321,999,748,-166,1010,715,-389,997,718,-345,1066,636,-403,986,655,125,995,528,-509,915,573,314,862,507,-564,821,534,190,826,503,-629,791,529,174,823,517,-634,789,533,119,837,518,-565,804,534,161,1096,398,-154,1022,405,154,1154,216,-163,923,275,-153,1260,104,214,971,104,98,1274,94,245,998,72,114,1266,55,73,898,58,-37,
995,759,-423,1007,776,-417,1013,776,-417,1020,775,-417,993,777,-381,990,778,-381,988,779,-381,1035,769,-311,993,774,-146,1008,741,-378,993,744,-331,1053,670,-391,981,689,150,993,552,-471,918,603,357,872,514,-510,828,546,246,840,507,-573,798,534,234,836,522,-582,798,537,169,849,525,-511,814,540,214,1085,429,-166,1020,435,166,1150,246,-252,921,281,-45,1257,116,-26,971,105,149,1271,98,-10,998,72,156,1266,61,-184,899,58,22,
995,768,-381,1006,786,-380,1013,786,-380,1020,786,-380,993,786,-344,990,787,-344,986,788,-344,1036,782,-281,994,785,-127,1008,750,-345,993,752,-297,1057,676,-367,977,696,162,999,556,-417,919,596,351,887,521,-444,836,547,242,852,514,-499,808,533,225,850,526,-529,810,538,166,861,530,-450,822,542,211,1066,432,-166,999,436,166,1133,257,-157,916,281,-64,1243,133,93,970,108,136,1259,120,90,998,74,145,1245,64,-44,899,58,1,
998,770,-324,1009,787,-319,1015,788,-320,1022,789,-320,995,787,-287,991,788,-286,988,789,-286,1039,786,-220,996,786,-65,1012,755,-281,996,755,-237,1062,694,-310,980,697,225,1009,568,-386,925,587,388,892,534,-440,842,550,243,864,526,-497,816,537,220,859,535,-513,816,540,162,865,538,-448,828,544,211,1042,440,-165,981,439,165,1104,265,-169,907,283,0,1222,146,43,969,108,171,1245,133,54,997,76,176,1209,68,-120,898,59,18,
999,771,-344,1011,789,-338,1017,789,-338,1023,790,-338,996,789,-306,993,790,-306,990,790,-306,1040,787,-237,997,788,-67,1013,756,-295,998,756,-253,1063,692,-322,983,701,206,1014,565,-411,928,592,384,895,539,-499,845,554,276,872,532,-556,820,541,258,862,541,-564,819,544,202,868,544,-500,830,547,246,1040,438,-164,977,440,164,1099,263,-176,903,283,-5,1218,149,60,970,109,184,1242,139,88,996,78,192,1205,69,-57,898,61,28,
998,770,-331,1009,787,-331,1016,787,-331,1023,787,-331,995,788,-299,991,788,-299,988,789,-299,1040,783,-238,996,785,-76,1013,752,-289,996,753,-246,1063,687,-296,985,691,199,1032,564,-394,930,579,360,934,560,-482,849,562,269,911,556,-533,823,554,252,915,570,-537,825,562,182,919,573,-481,832,564,240,1016,439,-163,958,442,163,1058,262,-121,895,282,8,1167,146,149,969,109,163,1192,135,170,994,78,163,1142,71,28,898,61,13,
998,766,-288,1009,784,-283,1016,784,-283,1023,784,-283,994,784,-257,989,785,-257,985,785,-257,1037,780,-175,990,781,-53,1012,750,-243,994,750,-209,1065,690,-231,973,687,206,1055,577,-439,927,588,392,941,560,-718,848,574,321,920,552,-787,826,564,306,918,564,-790,827,571,264,924,568,-720,835,574,300,1013,440,-143,945,444,143,1042,255,-116,888,282,0,1147,145,244,968,109,194,1166,139,274,992,80,203,1135,73,119,898,60,38,
997,766,-264,1008,783,-255,1015,783,-255,1022,784,-255,992,784,-230,987,785,-230,983,785,-230,1033,780,-145,985,781,-26,1010,751,-219,991,751,-186,1064,693,-213,964,692,217,1067,590,-418,906,613,376,952,554,-647,839,586,268,936,538,-715,822,571,250,929,550,-728,825,574,204,932,555,-652,833,578,244,1018,440,-128,946,446,128,1032,251,-135,890,282,-23,1137,145,258,968,109,205,1153,142,290,990,82,217,1123,74,127,901,60,55,
988,780,-275,1001,797,-264,1008,796,-264,1015,796,-264,985,798,-239,981,798,-239,977,799,-239,1027,791,-146,979,794,-30,1002,762,-228,983,764,-196,1062,700,-208,950,705,212,1074,598,-379,881,633,176,962,551,-587,836,590,-175,945,532,-655,823,570,-234,937,546,-666,827,571,-270,941,548,-589,834,576,-201,1024,447,-126,952,451,126,1021,260,-120,892,283,-75,1120,160,346,968,109,141,1135,160,387,990,82,150,1106,81,249,902,60,-14,
981,797,-355,993,813,-340,1000,813,-340,1006,812,-340,979,814,-322,976,815,-322,972,815,-322,1019,806,-201,974,810,-128,993,779,-302,976,782,-279,1061,712,-233,933,719,82,1078,603,-302,856,645,101,973,545,-450,839,582,-161,955,517,-512,843,560,-213,947,525,-533,859,562,-249,951,536,-455,861,568,-183,1030,465,-105,957,466,104,1014,285,2,918,288,-91,1097,186,513,968,110,49,1113,185,557,990,81,49,1084,106,422,905,60,-144,
979,819,-452,992,837,-432,999,837,-432,1006,836,-432,977,837,-420,973,838,-420,970,838,-420,1018,829,-272,971,832,-225,992,800,-389,973,803,-376,1062,727,-242,926,738,-26,1082,611,-263,851,654,3,983,542,-425,857,578,-220,967,510,-491,874,559,-273,956,516,-514,889,558,-308,958,528,-431,889,564,-237,1033,490,-69,960,487,69,1011,308,26,940,298,-116,1077,210,576,968,113,-15,1091,215,624,990,82,-19,1071,138,497,907,60,-239,
981,838,-561,994,856,-542,1001,856,-542,1007,855,-542,978,857,-531,974,858,-531,970,858,-531,1019,848,-377,970,852,-331,993,819,-496,974,821,-483,1063,741,-309,927,758,-116,1087,618,-308,859,662,-50,992,539,-448,880,573,-240,979,502,-514,893,548,-289,964,510,-534,906,549,-333,965,522,-454,906,562,-259,1033,508,-63,961,506,63,1008,326,51,952,317,-93,1066,232,596,963,123,1,1079,236,644,982,94,-3,1056,155,518,907,61,-228,
983,849,-556,995,867,-537,1002,867,-537,1008,867,-537,980,868,-524,975,868,-524,971,868,-524,1021,862,-375,972,863,-319,995,831,-491,976,832,-476,1068,754,-326,929,768,-94,1087,628,-325,868,663,-34,1004,536,-465,899,571,-236,991,496,-527,910,538,-286,974,505,-550,925,542,-330,975,518,-469,927,556,-256,1037,519,-82,963,516,82,1012,334,5,953,330,18,1071,221,455,965,139,174,1088,219,499,984,111,177,1048,144,375,916,72,-32,
983,857,-524,996,875,-509,1003,875,-509,1009,875,-509,980,875,-490,976,875,-490,972,875,-490,1024,869,-362,974,871,-275,996,838,-465,977,838,-441,1074,760,-340,936,774,-37,1085,631,-334,877,661,44,1013,529,-470,917,567,-154,1002,491,-534,922,526,-201,984,501,-564,937,534,-247,986,513,-476,939,549,-176,1042,521,-105,964,522,105,1017,331,-173,950,333,94,1072,212,172,996,153,361,1088,195,197,1022,131,377,1047,130,31,947,86,208,
986,853,-478,998,872,-467,1005,872,-467,1012,873,-467,982,872,-446,977,871,-446,973,871,-446,1029,867,-331,975,866,-242,1001,836,-423,981,836,-398,1083,757,-330,938,767,4,1084,625,-317,905,653,77,1012,522,-438,924,559,-136,1001,485,-506,925,517,-187,983,495,-539,938,525,-234,986,507,-449,942,540,-160,1045,511,-115,967,516,115,1023,321,-167,951,330,82,1074,173,123,1020,169,372,1091,150,138,1044,151,390,1036,89,-69,976,99,233,
990,844,-414,1001,862,-400,1007,863,-400,1014,863,-401,985,862,-379,982,862,-379,978,862,-379,1033,857,-269,985,858,-170,1005,826,-360,986,827,-332,1088,750,-269,953,759,53,1101,619,-278,925,647,90,1020,520,-405,932,554,-117,1007,486,-474,932,513,-171,989,496,-503,942,519,-221,992,507,-414,945,535,-143,1045,503,-124,969,508,124,1026,313,-147,965,324,113,1080,146,60,1026,163,349,1100,119,64,1048,144,360,1038,70,-167,981,95,194,
991,838,-377,1002,856,-369,1008,857,-369,1015,859,-369,988,855,-343,985,856,-343,982,856,-343,1035,855,-267,993,853,-147,1007,819,-335,989,818,-301,1097,729,-265,960,737,52,1108,594,-268,944,614,98,1032,495,-344,938,530,-122,1023,457,-401,935,493,-173,1006,465,-429,942,495,-224,1007,479,-353,946,509,-150,1045,488,-124,972,492,124,1030,297,-115,983,307,153,1085,134,97,1031,156,377,1102,109,102,1052,133,387,1048,68,-120,982,93,229,
995,816,-408,1006,835,-387,1013,837,-387,1021,839,-387,990,832,-364,986,832,-364,983,831,-364,1038,835,-263,993,828,-153,1012,798,-348,992,794,-315,1099,713,-241,970,716,67,1123,586,-266,969,587,150,1066,502,-389,949,499,-74,1060,468,-449,945,467,-127,1043,477,-462,945,468,-191,1041,489,-389,949,479,-108,1055,465,-123,983,470,123,1052,280,-140,981,299,53,1087,119,104,1029,152,365,1102,90,113,1051,134,388,1036,60,-117,978,91,254,
997,806,-455,1008,826,-444,1015,828,-444,1023,829,-444,991,824,-417,987,824,-417,984,824,-417,1039,824,-319,993,819,-192,1014,789,-402,993,787,-365,1103,707,-292,973,712,45,1128,580,-285,976,586,145,1066,505,-408,952,502,-75,1056,471,-465,948,472,-124,1039,480,-488,947,474,-189,1038,491,-413,950,485,-108,1059,459,-126,987,464,125,1060,276,-152,974,296,50,1089,117,82,1031,151,393,1103,88,90,1052,133,417,1035,60,-141,976,93,296,
997,802,-344,1007,821,-342,1015,822,-343,1022,823,-343,991,820,-309,987,820,-309,984,820,-309,1039,819,-239,993,816,-79,1014,786,-299,993,785,-254,1103,709,-210,980,714,129,1119,590,-311,993,591,178,1073,560,-569,979,510,-75,1069,556,-643,972,480,-125,1067,575,-656,971,482,-188,1066,577,-577,974,492,-107,1066,458,-123,993,466,123,1068,270,-170,940,300,10,1090,119,136,1029,155,367,1104,93,151,1052,137,392,1038,58,-76,974,92,241,
993,800,-323,1002,820,-328,1008,821,-328,1014,822,-328,990,819,-289,986,819,-289,984,819,-289,1038,818,-243,993,815,-63,1009,786,-285,992,785,-233,1106,715,-207,986,714,148,1134,599,-477,1000,595,239,1116,655,-827,982,502,64,1117,679,-910,975,471,40,1117,693,-889,975,472,-16,1113,689,-825,979,480,35,1070,460,-124,998,468,124,1064,273,-155,920,314,-47,1090,122,109,969,154,219,1105,99,120,982,128,233,1040,58,-122,894,91,60,
989,800,-271,997,819,-265,1003,820,-265,1009,821,-265,986,817,-231,983,817,-230,980,817,-230,1035,818,-154,992,814,10,1004,786,-224,991,785,-177,1095,741,-156,988,716,222,1145,691,-526,1000,598,331,1109,788,-854,986,504,223,1095,805,-941,978,473,213,1090,806,-904,978,471,153,1092,799,-848,982,481,195,1069,461,-132,1000,468,132,1066,275,-136,920,315,123,1091,116,42,835,161,250,1106,94,46,830,126,263,1043,56,-178,748,179,96,
987,801,-212,994,819,-226,999,820,-226,1005,821,-226,984,818,-181,982,818,-181,979,817,-181,1031,818,-183,992,814,22,1001,786,-191,990,785,-131,1092,750,-196,991,717,210,1137,745,-553,987,616,300,1087,782,-738,964,641,166,1073,793,-797,947,646,150,1066,796,-778,949,648,117,1070,789,-734,953,648,146,1070,461,-135,1004,470,135,1065,276,-137,901,330,34,1091,116,17,808,165,47,1107,94,23,804,126,40,1045,57,-182,723,191,-132,
986,801,-251,993,819,-262,998,820,-262,1004,821,-262,984,818,-220,981,818,-220,979,818,-220,1029,818,-207,992,814,-11,1000,786,-226,989,785,-169,1089,753,-211,992,717,188,1133,747,-529,982,622,289,1079,790,-666,941,669,163,1065,804,-725,924,675,150,1057,806,-741,921,682,121,1062,797,-664,930,679,145,1070,461,-138,1005,471,138,1065,277,-137,897,334,12,1091,115,-28,806,167,5,1106,92,-27,802,126,-4,1046,57,-220,722,195,-163,
985,801,-291,992,819,-285,997,820,-285,1003,822,-285,983,818,-257,981,818,-257,978,818,-257,1028,821,-270,991,815,-42,998,787,-236,988,787,-207,1092,757,-316,989,717,123,1132,774,-760,979,622,2,1044,773,-1022,930,708,-356,1024,780,-1099,912,734,-422,1020,778,-1069,913,740,-426,1024,772,-1015,921,730,-373,1070,462,-141,1003,473,141,1065,277,-135,876,351,-94,1091,114,5,817,174,49,1105,92,12,822,136,54,1047,56,-162,727,182,-112,
983,802,-127,991,820,-150,996,821,-150,1002,823,-150,982,819,-98,980,819,-98,978,819,-98,1028,821,-151,990,816,94,995,787,-117,985,787,-49,1078,768,-261,988,723,291,973,728,-268,935,646,27,925,745,42,901,755,-150,905,757,53,892,773,-197,923,753,35,905,779,-197,927,749,48,911,770,-162,1064,464,-140,998,477,140,1064,276,-197,855,366,-94,1091,115,44,856,180,116,1106,93,58,870,148,127,1047,57,-136,783,173,-47,
979,802,-55,987,820,-76,991,822,-76,997,823,-76,978,819,-27,977,819,-27,975,819,-28,1023,821,-84,988,816,139,992,788,-50,982,788,13,1075,770,-197,979,729,311,984,724,-341,915,666,269,909,749,-257,872,764,109,876,760,-274,861,768,82,884,761,-272,874,773,95,896,756,-249,884,767,103,1055,471,-128,987,480,127,1063,276,-176,864,357,-166,1091,116,76,872,176,73,1106,95,97,871,151,91,1048,57,-90,832,112,-42,
973,797,-112,981,813,-130,986,814,-130,991,815,-130,973,814,-87,972,814,-87,971,815,-87,1018,817,-109,986,815,91,986,783,-95,976,785,-38,1075,765,-178,968,748,271,999,715,-376,877,753,484,914,746,-494,848,769,580,887,758,-536,845,757,581,890,758,-546,855,757,570,896,754,-496,860,756,572,1046,474,-117,973,482,117,1060,277,-169,876,341,-189,1092,116,153,875,156,40,1106,95,176,899,134,54,1047,58,-34,850,76,-114,
971,793,-98,980,808,-120,985,809,-120,990,810,-120,972,809,-75,971,810,-75,970,812,-76,1015,814,-115,985,814,91,984,780,-85,974,783,-26,1075,763,-176,966,753,275,1002,711,-393,896,741,543,918,747,-546,849,766,672,892,760,-591,840,756,680,895,762,-594,849,756,659,903,759,-546,856,757,660,1042,476,-116,970,483,115,1058,277,-181,880,334,-178,1092,117,123,879,152,60,1106,95,149,912,130,75,1044,56,-79,855,75,-89,
971,794,-120,981,807,-169,986,807,-169,991,808,-169,972,809,-106,971,811,-105,969,812,-105,1015,809,-99,984,813,59,983,779,-134,972,783,-51,1063,749,-156,953,751,178,1009,693,-442,867,734,-111,916,734,-628,867,742,-526,895,743,-688,853,741,-602,899,747,-679,865,743,-583,907,743,-625,863,739,-535,1042,477,-90,968,482,90,1057,277,-141,883,316,-138,1092,117,118,894,139,65,1106,95,139,922,116,86,1045,56,-102,856,71,-64,
969,794,-147,980,808,-155,985,808,-155,990,809,-155,971,809,-117,970,811,-117,968,812,-117,1014,808,-90,983,811,61,981,779,-126,970,781,-76,1056,738,-161,954,729,210,1001,671,-341,892,628,44,921,728,-363,914,657,-309,906,740,-399,906,698,-369,910,747,-394,910,697,-361,916,741,-357,910,697,-320,1041,473,-98,967,475,97,1058,277,-119,884,309,-13,1092,117,61,902,129,130,1107,96,66,929,105,134,1045,56,-148,854,73,-11,
965,793,-168,975,808,-177,980,808,-177,985,809,-177,967,809,-138,966,810,-138,965,811,-138,1009,808,-118,980,810,40,978,779,-147,967,780,-98,1057,723,-170,953,730,219,1013,648,-406,921,634,315,935,723,-590,915,594,188,918,738,-654,904,576,164,920,742,-650,912,582,127,926,737,-589,915,589,166,1039,471,-102,964,473,102,1057,277,-125,888,304,-18,1093,115,26,909,125,139,1107,93,27,935,97,141,1047,55,-199,854,72,-14,
963,794,-177,972,808,-185,977,809,-185,982,809,-185,964,809,-147,963,810,-147,962,812,-147,1007,808,-125,978,810,38,976,779,-153,966,781,-104,1059,718,-177,950,725,217,1017,640,-406,921,613,279,950,709,-593,914,579,94,932,731,-656,899,559,62,938,740,-654,905,570,37,944,733,-594,910,577,74,1028,469,-103,952,470,102,1055,277,-106,888,301,-12,1094,114,40,912,123,148,1107,93,55,936,95,151,1055,56,-162,854,71,-13,
961,790,-160,969,805,-182,973,806,-182,978,807,-182,962,806,-137,961,807,-137,960,808,-137,1004,807,-172,977,807,37,975,776,-151,966,777,-93,1061,710,-196,952,722,190,1016,605,-277,911,609,40,955,707,-197,916,616,-336,940,730,-214,908,605,-392,948,739,-208,919,604,-383,953,730,-187,922,611,-346,1015,467,-103,938,469,103,1048,277,-61,889,300,100,1094,115,126,911,124,237,1106,95,134,934,96,240,1061,58,-57,853,70,100,
961,782,-67,968,798,-96,973,799,-96,978,801,-96,961,798,-47,960,799,-47,959,800,-47,1005,802,-131,976,800,99,976,767,-70,966,767,-6,1074,711,-169,952,721,222,1017,625,-206,916,611,62,955,693,-59,926,632,-316,940,711,-65,925,651,-377,948,721,-65,933,672,-367,953,715,-49,935,669,-328,1005,467,-103,928,469,103,1037,277,-79,889,298,126,1094,115,78,911,126,244,1106,97,79,933,97,244,1067,58,-90,853,71,107,
962,778,-78,969,793,-106,973,795,-106,978,796,-106,961,793,-58,960,794,-58,958,795,-58,1005,798,-134,975,794,83,977,763,-83,967,763,-19,1079,713,-170,948,717,189,1016,632,-155,915,609,59,955,689,35,949,614,-229,939,705,31,970,617,-282,947,715,27,980,642,-269,953,710,44,973,646,-235,1004,462,-95,926,469,95,1029,274,-57,891,294,144,1094,115,130,912,125,293,1106,99,136,933,97,298,1070,59,-49,857,70,159,
961,776,-78,968,791,-100,973,792,-100,978,794,-100,961,791,-57,959,791,-57,958,792,-57,1004,796,-119,974,791,86,977,763,-76,967,762,-18,1079,715,-137,945,717,174,1018,623,-121,912,612,72,955,688,42,990,608,-156,939,705,33,1020,601,-202,947,715,31,1029,618,-216,953,710,51,1019,623,-171,1010,462,-91,932,469,91,1032,274,-74,896,291,126,1094,116,156,913,124,303,1106,100,168,933,95,310,1073,59,-26,858,70,159,
961,769,-105,968,786,-124,973,788,-124,978,790,-124,959,785,-81,958,785,-81,956,786,-81,1003,793,-118,969,787,84,977,758,-96,967,756,-39,1080,715,-117,938,716,141,1030,621,-121,917,612,45,957,685,4,1016,600,-137,940,702,-11,1045,586,-182,946,713,-6,1054,598,-206,952,708,14,1045,604,-151,1017,462,-82,933,469,82,1042,274,-75,898,288,119,1094,117,184,913,123,308,1103,100,198,933,95,317,1079,60,0,858,70,158,
959,768,-120,967,785,-132,971,786,-132,977,788,-131,957,784,-99,955,785,-99,954,785,-99,1001,790,-123,964,785,57,974,756,-100,962,755,-56,1080,711,-120,930,713,112,1039,622,-182,935,607,20,960,687,-139,1039,585,-155,941,703,-165,1064,563,-206,946,713,-162,1073,578,-201,952,709,-132,1066,586,-159,1031,460,-80,945,466,80,1066,273,-93,899,286,99,1094,116,173,914,123,307,1102,100,189,933,95,320,1082,61,-16,858,70,165,
959,766,-204,967,783,-206,972,784,-206,977,786,-206,957,782,-181,954,782,-181,952,783,-181,1000,787,-133,959,782,-4,974,754,-166,961,752,-131,1076,703,-111,924,709,84,1046,613,-194,948,596,25,967,688,-224,1040,568,-147,948,704,-270,1062,541,-198,950,716,-261,1070,558,-201,956,710,-220,1064,565,-154,1047,456,-79,959,458,79,1079,272,-92,907,282,99,1097,116,206,914,122,341,1102,99,225,933,94,356,1083,60,10,860,68,195,
955,764,-222,963,783,-202,968,784,-202,973,786,-202,953,781,-189,950,782,-189,948,782,-189,990,786,-42,953,782,13,969,752,-160,956,750,-141,1061,704,-8,913,704,118,1065,617,-243,942,591,-42,1002,676,-550,1008,586,-373,977,689,-624,1014,562,-444,974,706,-608,1001,581,-448,980,702,-549,999,604,-385,1054,457,-49,970,456,49,1088,275,-102,936,273,7,1099,116,188,912,114,274,1102,98,204,918,94,291,1085,60,-9,901,61,44,
953,759,-301,960,779,-280,965,781,-280,971,783,-280,950,777,-275,947,778,-275,945,779,-275,987,785,-72,947,779,-77,966,748,-228,953,746,-223,1054,706,-19,904,702,53,1083,623,-243,910,583,25,1010,675,-628,955,474,-95,982,691,-719,965,439,-140,980,706,-706,973,448,-188,986,702,-631,973,462,-113,1056,459,-23,968,457,23,1090,275,-102,955,272,-31,1099,115,182,912,116,231,1098,98,199,912,97,247,1088,60,-18,925,61,9,
948,756,-273,956,778,-256,961,779,-256,967,781,-256,946,776,-247,943,777,-247,940,778,-247,984,785,-85,945,779,-52,961,745,-207,948,744,-195,1049,707,-12,902,704,81,1090,628,-244,896,584,111,1005,677,-617,940,471,-22,979,693,-703,953,437,-62,977,707,-687,965,448,-101,983,703,-618,964,461,-38,1058,460,-27,970,456,27,1095,275,-127,958,269,-50,1100,115,183,913,116,227,1099,102,203,909,97,244,1088,60,-27,924,58,21,
942,756,-393,948,778,-371,953,780,-371,959,782,-371,938,776,-369,936,776,-369,933,777,-369,977,785,-170,940,779,-161,956,745,-312,943,743,-309,1043,708,-17,894,702,-39,1104,631,-224,858,581,-6,1043,665,-682,902,486,-182,1025,668,-778,919,453,-232,1015,685,-775,932,469,-271,1016,684,-691,929,481,-196,1057,458,35,965,453,-35,1099,276,-89,960,266,-110,1097,115,239,913,116,236,1083,102,261,908,98,269,1113,60,53,930,60,60,
936,757,-423,941,778,-404,946,780,-404,950,782,-404,932,776,-398,930,777,-399,928,778,-399,970,785,-209,937,779,-185,951,746,-343,939,744,-337,1041,708,-34,892,703,-64,1110,634,-240,845,586,-43,1050,666,-720,881,497,-241,1032,672,-816,899,463,-293,1022,686,-810,909,480,-330,1023,684,-727,907,491,-255,1043,457,48,952,452,-48,1097,280,-68,952,266,-126,1095,116,243,913,115,212,1078,100,264,904,96,240,1131,60,60,934,58,32,
933,758,-397,938,779,-384,943,780,-384,948,782,-384,929,777,-373,927,777,-373,925,778,-373,968,786,-214,935,780,-165,949,747,-326,936,745,-312,1040,709,-40,889,703,-47,1112,637,-244,840,587,-29,1060,668,-704,864,506,-238,1043,676,-798,880,473,-289,1031,689,-793,892,488,-326,1030,687,-711,891,499,-254,1026,457,42,933,453,-43,1093,287,-74,950,268,-116,1095,117,195,911,114,181,1079,98,211,905,94,201,1149,61,17,930,58,-9,
928,764,-379,934,784,-370,939,785,-370,944,787,-370,925,782,-353,924,783,-353,922,783,-353,966,790,-216,935,784,-138,945,752,-315,933,750,-292,1040,714,-47,888,709,-25,1107,644,-291,836,598,-69,1056,669,-750,851,517,-380,1043,673,-849,864,486,-448,1029,683,-848,878,499,-482,1028,682,-759,878,511,-399,1011,459,32,915,456,-32,1091,290,-93,921,269,-118,1092,117,128,909,115,131,1075,96,138,905,94,146,1155,62,-76,926,57,-74,
925,766,-342,932,785,-334,937,787,-334,942,788,-334,923,783,-316,922,784,-316,920,785,-316,966,791,-196,935,786,-113,942,754,-283,930,752,-262,1039,719,-25,889,716,-6,1104,649,-257,830,611,-69,1058,676,-662,843,517,-376,1045,681,-751,855,493,-438,1032,690,-750,870,507,-471,1030,690,-671,871,518,-394,994,460,36,901,460,-36,1091,301,-145,902,276,-110,1087,120,-8,907,115,77,1064,98,-7,903,95,84,1153,65,-223,924,57,-132,
928,765,-357,935,783,-352,940,785,-352,945,787,-352,925,781,-334,923,781,-334,922,782,-334,968,790,-210,936,784,-128,944,753,-295,932,751,-273,1039,720,-28,891,716,-37,1104,651,-247,820,618,-100,1056,681,-648,837,529,-387,1040,685,-737,854,504,-448,1027,695,-731,867,518,-478,1026,695,-655,865,527,-404,983,462,53,892,464,-53,1090,312,-210,891,280,-152,1072,125,-39,893,121,73,1045,102,-33,885,101,84,1142,66,-250,921,58,-134,
929,763,-342,936,780,-337,941,782,-337,946,784,-337,927,778,-319,925,778,-319,923,779,-319,968,788,-202,936,782,-119,946,752,-282,933,750,-259,1039,720,-23,892,716,-34,1107,649,-234,818,617,-111,1065,680,-638,838,530,-399,1046,687,-726,855,505,-460,1036,699,-718,868,520,-484,1034,696,-643,865,527,-413,981,460,52,890,464,-52,1090,312,-196,881,280,-126,1053,131,34,879,120,106,1024,107,46,873,101,119,1123,66,-160,921,58,-93,
930,763,-347,937,780,-344,942,782,-344,947,784,-344,928,778,-326,926,778,-326,924,779,-326,969,788,-210,937,782,-126,947,752,-289,934,750,-265,1040,716,-22,892,714,-45,1105,643,-228,810,617,-79,1069,677,-656,841,530,-355,1055,686,-745,857,505,-385,1042,698,-736,870,519,-407,1041,696,-663,867,527,-355,983,459,57,893,464,-58,1089,309,-192,884,279,-122,1044,131,47,878,120,119,1017,108,61,875,101,133,1109,66,-139,921,58,-79,
931,763,-401,937,780,-390,942,782,-390,948,784,-390,928,778,-377,926,779,-377,923,779,-377,969,788,-227,934,782,-167,947,752,-332,933,749,-315,1039,713,-23,889,714,-85,1105,637,-224,805,616,-148,1070,667,-677,846,525,-406,1054,673,-775,862,494,-464,1043,687,-768,876,510,-486,1041,686,-685,874,518,-415,986,457,69,897,463,-70,1089,307,-204,889,273,-129,1038,130,48,882,116,136,1016,107,64,879,96,159,1106,66,-133,919,57,-49,
931,760,-471,937,779,-451,942,781,-451,947,783,-451,927,777,-450,925,777,-450,923,778,-450,966,788,-247,931,781,-240,946,751,-387,932,748,-385,1035,712,-27,881,712,-146,1104,633,-222,804,613,-223,1069,659,-693,849,517,-466,1054,665,-794,865,484,-527,1043,679,-788,879,502,-547,1042,678,-702,876,511,-474,990,457,77,901,460,-78,1091,306,-203,904,269,-145,1039,130,59,885,116,158,1015,107,73,881,95,184,1103,66,-117,919,57,-19,
929,758,-412,935,777,-399,940,779,-399,945,782,-399,925,774,-390,922,775,-390,920,776,-390,963,787,-222,926,780,-185,945,749,-341,930,747,-328,1032,712,3,876,712,-91,1103,631,-182,806,609,-153,1066,658,-685,851,510,-392,1051,664,-771,868,478,-450,1040,678,-775,882,497,-474,1039,677,-699,879,506,-403,990,457,69,901,456,-70,1094,305,-225,917,264,-136,1043,132,62,886,117,198,1018,111,84,882,96,225,1099,66,-101,919,57,26,
929,755,-412,935,775,-394,940,777,-394,945,779,-395,924,772,-391,921,773,-392,918,774,-392,963,785,-207,923,778,-184,944,747,-332,929,745,-327,1031,711,13,873,711,-90,1097,626,-157,808,604,-148,1064,659,-637,852,506,-379,1054,666,-737,870,473,-435,1043,680,-745,883,492,-459,1041,679,-651,880,502,-389,991,457,70,902,452,-70,1097,306,-221,922,261,-138,1046,133,66,887,116,199,1021,114,85,881,95,226,1099,66,-100,920,57,27,
929,755,-401,935,775,-386,940,777,-387,945,780,-387,924,773,-380,921,773,-380,918,774,-380,964,785,-207,923,778,-175,944,746,-326,929,745,-317,1032,710,0,874,711,-81,1097,624,-180,809,604,-146,1069,660,-657,847,509,-408,1063,666,-756,862,477,-468,1050,681,-757,876,494,-492,1046,679,-668,874,504,-419,993,457,64,903,453,-64,1096,309,-245,920,262,-134,1048,136,64,887,116,212,1025,119,85,881,95,239,1099,66,-110,920,57,37,
929,756,-395,935,775,-382,940,778,-382,946,780,-382,923,773,-374,920,774,-374,917,774,-374,964,785,-206,923,779,-170,944,746,-321,928,745,-311,1032,709,-5,874,711,-77,1096,624,-190,809,604,-146,1070,661,-662,845,510,-411,1065,667,-760,860,478,-471,1052,682,-760,873,495,-495,1048,680,-672,871,504,-423,994,457,61,904,453,-61,1095,310,-261,919,262,-131,1048,136,41,887,117,227,1026,120,63,881,95,255,1099,66,-140,920,57,57,
927,756,-404,934,776,-398,939,778,-398,945,780,-398,922,773,-385,920,774,-385,917,775,-385,964,785,-243,924,779,-180,944,746,-335,928,745,-318,1033,709,-36,875,715,-85,1096,625,-229,807,608,-143,1075,662,-689,841,511,-400,1069,669,-784,856,480,-457,1056,683,-782,869,496,-481,1053,680,-699,867,506,-411,993,458,60,900,455,-60,1094,313,-240,913,264,-140,1051,137,49,887,118,179,1027,121,68,881,95,204,1099,65,-139,918,57,0,
927,756,-400,933,776,-394,939,778,-394,945,780,-394,922,773,-379,919,774,-379,917,775,-379,965,785,-242,924,779,-175,944,746,-332,928,745,-314,1034,709,-37,877,717,-70,1096,631,-230,807,616,-73,1074,663,-675,838,519,-288,1068,673,-768,852,491,-336,1055,687,-765,867,505,-363,1051,682,-684,865,514,-299,983,457,58,891,457,-59,1087,319,-255,893,274,-210,1054,139,1,886,118,25,1028,120,17,881,96,39,1106,67,-193,917,57,-192,
933,757,-421,939,776,-409,945,778,-409,951,780,-409,927,774,-401,924,775,-401,921,775,-401,969,785,-240,926,779,-202,949,747,-348,933,746,-338,1034,710,-28,881,716,-115,1098,631,-225,796,625,-162,1073,690,-669,839,540,-358,1067,711,-764,852,513,-402,1055,722,-751,868,528,-410,1050,714,-680,866,537,-362,973,457,75,883,460,-76,1077,319,-245,870,275,-152,1052,140,-54,857,118,30,1021,121,-44,847,97,65,1105,69,-242,911,57,-136,
934,761,-420,942,779,-398,948,781,-398,954,783,-398,929,778,-396,925,778,-396,922,779,-396,973,786,-217,929,780,-201,951,747,-344,933,747,-332,1035,708,-2,882,715,-100,1100,631,-196,794,625,-147,1083,695,-644,839,542,-336,1078,716,-733,852,515,-381,1068,727,-721,868,530,-395,1064,718,-652,866,538,-340,969,455,75,881,460,-75,1071,319,-239,862,276,-149,1052,141,-24,851,118,82,1021,121,-11,843,96,99,1101,71,-207,904,57,-114,
935,763,-381,943,782,-365,949,783,-365,955,785,-365,930,780,-358,927,781,-358,924,781,-358,974,786,-199,930,781,-171,952,749,-313,935,748,-303,1035,707,4,883,714,-94,1101,631,-191,793,625,-162,1086,694,-634,839,542,-389,1081,714,-723,853,517,-441,1071,725,-710,868,531,-452,1067,718,-640,866,540,-394,969,454,73,881,460,-74,1069,319,-260,861,276,-116,1051,141,-57,851,118,147,1021,121,-46,844,96,165,1099,72,-248,905,57,-42,
937,764,-445,946,783,-425,952,784,-425,958,785,-425,933,782,-422,929,782,-422,926,782,-422,976,786,-237,931,782,-224,954,749,-369,936,749,-365,1035,706,-35,883,714,-142,1100,631,-237,793,624,-228,1087,695,-691,838,541,-469,1086,713,-786,852,516,-526,1075,725,-777,867,531,-540,1069,718,-699,865,539,-476,968,454,72,882,461,-72,1067,320,-244,859,278,-126,1051,142,-31,853,116,102,1021,121,-15,845,93,115,1098,73,-216,905,57,-108,
960,766,-436,966,785,-412,970,787,-412,975,788,-412,952,784,-420,947,785,-420,942,785,-420,980,789,-189,933,786,-249,969,752,-354,951,752,-365,1028,707,19,881,714,-168,1086,631,-164,790,628,-282,1086,720,-630,834,544,-528,1092,740,-729,849,517,-584,1084,746,-720,864,531,-601,1078,738,-642,862,539,-535,969,456,86,882,462,-86,1069,320,-231,863,278,-118,1050,141,-47,853,117,111,1020,121,-39,844,93,129,1098,73,-238,905,57,-87,
976,769,-431,979,788,-390,982,789,-390,985,791,-390,967,788,-409,960,789,-409,954,790,-409,981,792,-164,935,791,-280,980,754,-332,963,755,-356,1022,710,13,876,715,-211,1063,629,-179,798,624,-347,1085,717,-682,832,543,-606,1091,728,-791,846,515,-673,1087,737,-798,861,531,-699,1078,730,-702,859,538,-619,970,461,93,883,462,-93,1070,320,-159,871,278,-117,1041,143,44,854,119,124,1014,123,53,844,96,135,1095,74,-129,906,57,-83,
986,771,-465,986,789,-434,988,790,-435,990,791,-435,977,789,-466,971,790,-466,966,791,-466,982,792,-196,942,792,-348,985,757,-370,971,756,-411,1024,711,-5,874,715,-238,1035,599,-101,837,609,-284,1066,615,-568,835,525,-520,1075,623,-666,841,494,-583,1078,642,-706,852,499,-628,1068,640,-598,857,509,-539,974,470,89,886,468,-88,1068,319,-173,891,278,-141,1025,147,106,855,120,126,1003,128,123,846,97,140,1082,78,-75,906,57,-88,
1002,771,-495,1000,788,-466,1001,790,-467,1001,791,-467,994,788,-507,988,790,-507,983,791,-507,984,792,-249,955,792,-435,994,757,-406,985,756,-460,1023,709,-53,873,711,-344,1021,596,27,861,586,-313,1038,518,-241,855,484,-436,1043,490,-300,852,457,-494,1043,492,-361,856,459,-558,1037,500,-274,862,467,-459,975,469,88,890,468,-88,1059,310,-51,902,278,-141,1007,150,320,870,125,182,989,133,345,861,102,200,1051,79,149,910,58,-43,
1011,754,-363,1009,773,-336,1008,774,-336,1007,775,-336,1005,774,-393,1001,775,-393,996,776,-393,985,776,-162,966,778,-384,1002,740,-292,995,740,-374,1020,687,-14,873,686,-346,1022,566,116,874,556,-332,1040,464,-65,865,450,-400,1048,436,-107,854,425,-452,1047,436,-169,857,421,-502,1039,444,-98,863,431,-420,982,456,98,903,451,-98,1056,285,3,914,271,-103,994,149,387,898,128,254,974,132,416,894,107,276,1031,78,253,925,59,65,
1011,732,-369,1006,751,-340,1005,752,-340,1004,752,-340,1001,752,-384,996,752,-384,991,753,-384,985,749,-162,965,750,-352,1003,716,-297,996,717,-361,1021,655,-20,874,659,-296,1032,538,87,860,536,-305,1055,437,-108,850,427,-342,1075,412,-149,823,398,-387,1077,411,-215,823,394,-440,1069,420,-142,837,405,-364,984,429,96,905,426,-96,1054,262,-54,921,256,-107,986,147,393,918,128,304,965,131,430,916,109,335,1021,75,277,936,59,136,
1014,644,-392,1010,663,-361,1010,664,-361,1009,665,-361,1004,663,-413,1000,664,-413,995,665,-413,992,663,-206,970,664,-384,1008,630,-330,1000,630,-388,1024,585,-101,874,576,-293,1087,506,21,784,506,-296,1130,409,-151,789,396,-330,1149,388,-195,775,367,-366,1144,386,-249,782,361,-412,1136,393,-178,794,372,-349,984,361,71,905,355,-70,1056,214,0,923,216,4,988,131,494,916,125,525,968,123,540,914,109,572,1019,65,424,933,59,430,
1011,639,-423,1008,659,-392,1008,659,-392,1009,660,-392,1000,659,-434,995,660,-434,990,661,-434,996,658,-220,969,659,-384,1007,626,-354,997,626,-404,1027,576,-103,875,570,-291,1096,499,3,779,504,-282,1135,411,-200,782,394,-348,1153,394,-249,770,364,-389,1148,392,-305,778,357,-434,1139,398,-229,787,369,-367,985,358,66,905,355,-66,1056,204,-9,921,204,-14,989,128,548,915,121,514,966,121,600,914,108,562,1017,62,488,931,59,417,
1012,587,-311,1008,606,-282,1008,607,-282,1009,608,-282,1001,607,-323,995,609,-323,990,610,-323,996,605,-126,968,607,-316,1007,572,-249,998,572,-303,1027,532,-65,876,535,-279,1117,487,4,770,494,-265,1171,407,-205,743,395,-302,1193,384,-247,725,376,-333,1185,376,-292,738,366,-371,1174,385,-230,750,370,-318,985,316,66,905,317,-66,1065,188,50,919,181,43,989,129,558,913,121,543,966,123,607,910,110,589,1020,60,520,932,59,472,
1020,542,-241,1015,558,-211,1014,558,-211,1014,558,-211,1008,558,-242,1003,558,-242,997,559,-242,997,554,-68,972,555,-208,1012,526,-188,1004,526,-228,1033,491,-38,882,496,-193,1130,459,0,778,468,-251,1215,406,-167,704,398,-302,1234,389,-190,683,387,-322,1230,379,-230,692,378,-365,1221,384,-189,702,379,-323,984,272,58,905,274,-58,1076,183,-207,917,181,-391,988,129,182,915,121,50,963,125,218,914,116,94,1017,60,161,932,59,32,
1022,499,-140,1016,516,-108,1016,517,-108,1015,517,-108,1012,515,-145,1007,516,-146,1003,516,-146,996,512,23,976,511,-147,1016,485,-93,1010,484,-143,1034,443,44,884,440,-160,1123,416,64,786,399,-210,1217,394,-16,706,383,-227,1239,390,-21,678,374,-228,1238,389,-60,682,371,-274,1228,386,-38,693,371,-247,990,226,60,910,216,-60,1087,173,-240,918,171,-494,990,129,56,917,121,-101,966,128,85,910,117,-59,1016,60,51,931,60,-98,
1021,506,-202,1015,525,-173,1015,526,-173,1014,527,-174,1010,525,-206,1006,526,-206,1001,527,-206,994,525,-41,974,523,-190,1014,493,-153,1008,492,-196,1034,459,13,883,450,-159,1118,420,25,786,387,-205,1201,391,-105,736,379,-260,1222,387,-119,712,376,-268,1219,380,-152,720,379,-298,1210,379,-124,731,378,-276,993,242,40,916,238,-40,1084,181,-201,919,168,-138,992,129,153,920,124,301,972,128,187,918,123,345,1020,61,120,929,61,293,
1021,509,-185,1015,528,-155,1014,529,-155,1013,530,-156,1010,528,-186,1006,529,-186,1001,529,-186,993,526,-25,973,525,-166,1013,495,-137,1007,494,-177,1034,459,4,883,451,-139,1115,421,18,787,385,-201,1198,388,-101,742,378,-284,1218,383,-112,717,376,-296,1213,376,-146,726,381,-326,1205,375,-120,737,380,-300,994,240,35,916,236,-35,1083,182,-233,918,167,-210,993,129,131,921,125,231,973,131,167,922,124,278,1016,61,109,926,62,211,
1019,531,-170,1014,550,-140,1013,551,-140,1012,552,-140,1009,551,-177,1004,552,-177,999,553,-177,993,551,1,974,551,-168,1012,518,-117,1005,518,-166,1027,483,60,884,479,-160,1092,427,146,804,396,-314,1195,386,86,773,385,-519,1202,377,87,756,378,-553,1195,376,51,767,383,-566,1188,378,69,773,384,-529,994,265,54,914,258,-55,1082,191,-273,937,179,-431,995,130,48,921,127,22,973,132,80,919,126,71,1017,61,24,927,62,28,
1018,585,-144,1013,604,-119,1012,604,-119,1012,605,-120,1008,604,-165,1004,605,-165,999,606,-165,988,601,5,973,601,-195,1011,570,-95,1004,571,-155,1007,516,115,891,482,-251,1029,440,186,855,406,-331,1093,393,56,913,370,-431,1110,377,37,916,358,-449,1111,378,-5,925,369,-542,1104,383,33,924,374,-527,981,297,115,907,280,-115,1080,222,-91,993,200,-353,996,130,138,923,129,-3,973,131,166,915,127,34,1019,61,31,933,60,-4,
1018,621,-145,1013,639,-122,1012,639,-122,1011,640,-123,1008,639,-172,1004,640,-172,999,640,-172,987,635,-8,974,636,-215,1010,602,-99,1003,603,-163,991,546,117,902,516,-309,993,449,182,885,411,-355,1044,402,58,951,349,-369,1064,385,38,963,326,-408,1064,388,-2,973,336,-413,1055,393,35,970,345,-378,967,324,130,900,312,-130,1079,244,-67,1021,235,-353,992,134,80,923,133,-76,972,133,92,903,129,-45,1019,66,46,941,60,-70,
1022,637,-171,1016,655,-148,1014,656,-148,1013,657,-149,1013,655,-202,1010,656,-202,1006,656,-202,987,653,-29,979,652,-304,1013,620,-124,1008,620,-189,974,564,128,912,544,-427,976,453,218,908,415,-467,1020,402,116,973,326,-397,1038,387,102,995,304,-444,1039,389,61,1006,317,-444,1030,393,93,999,327,-396,943,332,174,896,317,-174,1064,260,212,1064,256,-294,962,152,315,927,147,23,959,133,320,899,140,58,1005,91,317,956,78,57,
1023,639,-138,1017,657,-115,1015,658,-115,1013,658,-115,1014,657,-175,1011,658,-175,1008,658,-175,987,654,-4,980,654,-276,1014,621,-92,1010,622,-169,977,563,162,915,551,-395,976,453,238,911,417,-428,1014,401,127,973,322,-362,1034,386,110,991,299,-411,1033,388,72,1003,313,-400,1025,392,104,996,323,-354,943,332,179,894,319,-178,1055,260,185,1069,261,-291,953,154,292,929,151,21,950,130,299,897,143,55,1008,88,286,961,85,77,
1022,636,-21,1015,656,2,1013,656,1,1011,657,1,1014,655,-56,1010,656,-57,1006,657,-57,984,653,97,980,653,-167,1010,619,17,1009,619,-58,956,563,246,918,557,-332,961,437,259,951,421,-406,1011,355,101,1005,342,-150,1040,326,83,1022,323,-167,1031,335,54,1032,333,-159,1020,341,80,1020,341,-140,922,331,181,894,318,-181,1055,266,248,1071,267,-193,915,180,352,925,176,37,872,176,362,883,174,67,932,125,374,957,108,116,
1013,633,64,1007,652,83,1004,653,83,1001,654,83,1007,653,30,1004,653,29,1002,654,29,977,647,155,978,647,-83,1002,613,94,1002,613,26,919,561,283,940,559,-246,908,431,284,989,446,-255,927,343,176,1039,387,-42,932,316,168,1052,362,-47,934,319,152,1055,370,-31,931,327,163,1045,376,-28,895,324,170,895,316,-170,1032,261,270,1064,265,-107,915,171,302,918,170,-10,880,169,307,876,172,3,947,112,303,955,107,51,
1003,602,40,995,622,52,993,623,52,990,624,52,996,621,2,994,622,2,992,623,2,968,621,119,971,621,-103,992,588,70,992,588,5,916,530,246,936,545,-239,955,468,351,1045,488,-201,1002,444,381,1093,454,117,1015,442,399,1107,448,131,1014,449,382,1106,454,148,1008,446,373,1096,452,134,899,298,158,895,295,-158,1025,255,239,1052,258,-123,914,159,295,918,155,-14,885,141,300,878,140,1,944,107,316,960,93,48,
999,571,-24,993,588,-9,991,589,-9,988,589,-9,992,588,-61,990,588,-61,988,589,-61,966,587,75,967,587,-148,990,559,11,988,558,-56,924,502,194,936,515,-271,904,409,258,1040,495,-425,910,299,182,1137,480,-386,913,271,178,1160,474,-425,909,271,152,1159,476,-397,906,280,168,1152,475,-373,911,271,152,880,265,-152,1031,244,154,1034,250,-169,905,145,257,909,130,-45,873,132,262,876,113,-31,905,103,283,959,80,-40,
998,538,58,991,555,65,988,556,65,985,556,65,991,554,15,989,554,15,987,554,15,962,549,112,967,549,-111,989,521,82,989,521,16,885,456,184,956,486,-248,856,339,240,1057,489,-385,876,260,201,1149,511,-313,897,247,209,1169,505,-338,897,247,187,1167,508,-324,891,254,191,1161,509,-299,895,243,151,900,232,-151,1034,228,214,1035,222,-123,892,144,282,907,124,-6,859,129,290,874,103,11,895,103,338,958,79,37,
979,523,145,970,537,125,965,538,125,961,538,125,978,536,96,980,536,96,981,536,96,942,533,81,968,532,-59,969,511,135,978,510,97,865,439,148,988,464,-188,842,324,374,1078,486,-170,895,319,623,1128,516,4,905,295,681,1143,530,10,913,281,663,1136,536,33,912,298,626,1132,532,20,869,222,117,930,218,-118,947,192,448,1036,215,128,887,127,468,919,125,185,866,111,475,888,101,199,907,101,558,961,79,299,
946,524,209,938,540,165,934,541,165,930,541,165,950,540,157,954,540,157,959,540,157,925,533,33,962,533,-13,939,513,167,954,510,159,859,446,22,1008,462,-116,835,327,249,1104,453,0,891,337,422,1101,518,229,900,300,467,1107,537,258,912,306,457,1094,538,265,911,306,428,1089,530,240,871,222,60,956,213,-62,916,206,544,1019,218,359,888,127,403,931,123,248,872,111,398,906,106,245,919,100,478,959,83,339,
883,535,119,885,552,80,885,552,80,884,551,80,892,553,81,896,554,81,900,554,81,897,544,-80,921,549,-42,884,522,86,892,522,85,853,462,-93,1001,476,-94,833,345,-27,1084,425,60,819,279,104,1073,496,302,810,258,135,1080,514,340,812,260,135,1087,515,341,819,269,113,1085,507,308,874,236,34,963,232,-36,895,231,498,985,214,345,879,128,399,933,124,274,868,115,394,917,91,273,888,107,448,964,81,327,
872,544,141,874,557,91,875,557,91,875,557,91,879,558,103,883,558,103,886,559,103,890,553,-78,908,553,-26,878,531,88,884,530,104,850,465,-99,1001,484,-76,828,357,-98,1054,398,96,797,294,-5,1049,441,418,780,275,20,1049,458,479,782,277,24,1039,462,487,795,283,2,1033,459,430,875,241,42,963,244,-44,892,231,401,979,227,245,878,130,195,941,125,81,870,117,175,925,98,62,881,106,198,966,81,111,
867,578,84,871,594,4,872,594,4,872,594,4,876,593,74,879,593,74,883,594,73,888,588,-171,904,588,-61,872,563,0,877,563,87,856,506,-223,998,492,-88,830,391,-215,1043,409,80,787,311,-97,994,412,355,761,292,-82,991,414,405,764,296,-75,976,422,401,777,302,-88,974,421,359,876,266,-5,964,269,4,884,232,420,949,227,372,877,127,403,944,124,384,875,103,403,935,102,389,887,105,413,961,87,410,
868,600,82,873,617,4,872,617,4,872,618,4,878,616,46,881,617,46,885,617,46,888,612,-158,906,613,-25,872,587,-2,878,586,52,862,529,-275,996,514,13,828,419,-343,1001,411,144,776,321,-252,973,392,304,755,297,-255,972,382,343,755,299,-241,963,384,335,766,303,-241,963,386,304,886,293,-85,972,288,85,851,247,297,934,226,395,885,123,177,951,134,289,896,98,168,959,113,284,881,97,161,935,90,297,
868,612,-250,876,628,-261,880,628,-261,883,629,-261,872,629,-226,872,630,-226,872,631,-226,900,625,-242,894,627,-67,878,598,-239,873,599,-193,957,535,-301,877,548,33,915,415,-362,826,428,49,819,350,-340,789,354,-71,796,326,-368,767,333,-88,794,330,-358,773,332,-118,801,346,-332,783,338,-89,946,307,-122,934,306,122,833,268,-185,847,252,243,911,144,-160,947,152,159,945,125,-151,972,135,151,889,96,-161,927,103,136,
865,613,-95,875,629,-104,878,629,-104,881,629,-104,871,629,-89,872,629,-89,873,630,-89,904,622,-146,894,625,62,878,595,-94,873,596,-34,934,537,-263,911,541,218,860,456,-340,889,434,327,768,396,-278,846,364,317,752,363,-306,835,342,338,750,366,-290,833,342,300,757,376,-266,838,348,301,955,298,-150,928,308,150,800,240,-205,780,291,249,931,153,-81,892,222,204,968,150,-61,923,221,202,904,95,-18,894,174,245,
866,611,-75,875,628,-76,879,628,-76,882,628,-76,872,628,-12,873,628,-12,874,629,-12,905,621,-124,893,623,90,879,592,-67,875,593,20,926,539,-265,923,538,253,846,462,-351,898,434,372,764,402,-282,846,360,378,748,367,-314,834,340,405,747,371,-296,830,338,367,754,380,-270,836,343,363,956,294,-165,929,308,165,795,233,-209,774,288,272,935,157,-95,899,212,229,972,154,-77,926,217,225,909,93,-37,911,162,267,
868,609,1,878,625,-13,882,624,-13,886,624,-13,872,624,38,872,624,38,871,623,38,907,612,-41,886,615,161,882,585,0,873,588,65,933,531,-202,907,526,340,876,458,-340,861,440,529,784,429,-320,797,391,593,767,408,-352,776,382,624,763,413,-334,782,376,592,769,420,-308,788,377,580,954,282,-174,922,306,173,784,213,-233,779,245,261,936,156,-141,905,197,262,975,149,-126,945,206,263,910,83,-110,947,141,299,
877,576,-162,882,590,-148,887,589,-148,898,587,-148,877,592,-124,874,593,-124,871,593,-124,913,580,-53,874,586,64,887,556,-124,876,559,-93,939,501,-185,869,495,184,881,455,-398,833,438,19,796,460,-461,813,381,-325,780,442,-511,801,361,-366,777,444,-489,817,351,-383,786,449,-452,819,364,-342,961,256,-139,907,279,139,806,191,-220,773,218,133,943,148,-48,909,188,247,979,145,-26,946,192,261,910,80,-5,921,138,303,
879,526,-182,886,544,-167,890,544,-167,898,543,-167,874,543,-150,869,543,-150,863,542,-150,913,536,-56,861,537,41,889,509,-138,874,509,-116,940,454,-122,847,459,180,874,363,-106,835,362,218,802,299,-34,805,277,-113,789,285,-44,777,255,0,786,286,-61,776,253,18,795,289,-37,791,263,-17,962,230,-119,901,247,118,816,201,-408,772,221,-28,943,142,-222,842,221,41,974,143,-195,861,220,53,910,81,-171,824,185,64,
871,528,-192,882,544,-185,887,544,-186,895,544,-186,869,546,-166,865,546,-166,861,547,-166,909,538,-105,864,543,-18,882,510,-164,866,514,-140,949,454,-174,830,462,98,942,374,-426,807,355,118,925,418,-695,783,265,2,924,437,-749,760,248,4,929,450,-742,759,246,-31,925,440,-700,771,247,-8,964,229,-110,893,250,110,823,170,-300,780,158,-48,944,136,30,871,192,238,969,141,87,869,202,283,912,78,139,872,165,355,
867,531,-201,879,547,-201,885,547,-201,892,547,-201,867,548,-177,864,549,-177,861,549,-177,906,540,-141,867,544,-35,879,512,-179,864,516,-149,953,457,-214,829,461,72,946,370,-466,808,353,105,923,422,-733,781,263,2,919,437,-789,758,244,-5,924,452,-785,756,243,-47,922,444,-738,768,246,-17,968,232,-106,891,248,106,838,175,-344,781,149,-100,943,134,31,874,175,221,966,141,80,896,194,259,913,76,118,881,146,318,
869,541,-351,881,557,-337,889,557,-337,897,557,-337,871,557,-325,868,558,-325,865,558,-325,908,550,-216,867,553,-158,883,523,-304,869,526,-288,968,466,-226,825,471,-25,965,346,-360,800,368,15,934,337,-591,782,272,-130,934,325,-647,762,252,-158,926,343,-658,762,249,-207,925,347,-601,774,253,-154,962,233,-103,878,251,103,846,152,-266,792,130,-82,949,134,146,884,186,388,966,144,197,901,198,446,921,77,235,888,143,536,
878,572,-372,887,589,-347,895,589,-347,902,589,-347,872,590,-345,870,590,-345,868,589,-345,909,581,-203,864,580,-192,891,552,-318,870,551,-315,975,487,-190,818,484,-109,982,350,-205,798,377,-89,974,308,-472,796,286,-246,985,281,-493,783,264,-295,978,283,-507,788,259,-335,970,292,-457,798,267,-266,961,266,-32,868,268,32,912,164,-220,817,129,-235,946,135,335,885,158,383,958,125,387,899,195,450,925,78,352,891,115,469,
882,595,-358,890,614,-323,898,613,-323,906,612,-323,874,615,-331,871,614,-331,866,614,-331,912,605,-189,856,604,-177,894,573,-290,872,574,-300,967,508,-10,815,508,-125,994,388,69,794,380,-96,1023,317,-72,808,297,-210,1037,296,-97,793,272,-241,1035,297,-142,798,271,-266,1025,303,-93,801,280,-220,958,291,51,871,289,-51,1001,168,-456,894,148,-259,888,134,-72,870,129,311,865,130,-34,868,156,354,863,58,-152,882,76,263,
883,598,-310,892,616,-273,900,616,-274,907,615,-274,875,617,-282,871,617,-282,866,617,-283,914,608,-86,856,608,-132,895,577,-243,873,578,-255,962,512,67,818,511,-94,1005,410,142,775,389,-102,1049,332,-28,813,303,-238,1064,313,-62,811,274,-281,1059,313,-111,830,278,-299,1052,319,-52,829,287,-245,947,288,85,868,286,-85,1032,172,-319,942,164,-436,894,129,2,861,120,-27,867,130,39,834,121,11,881,54,-12,859,36,-90,
884,601,-312,894,618,-272,902,618,-273,909,617,-273,875,619,-283,871,618,-283,866,618,-283,916,609,-77,856,609,-127,895,579,-242,874,580,-256,962,512,67,818,513,-98,1009,412,135,772,391,-109,1052,335,-37,814,305,-245,1064,316,-71,825,272,-289,1058,314,-120,842,279,-305,1051,320,-61,842,289,-251,942,285,86,866,285,-86,1035,173,-311,944,189,-477,896,129,32,858,121,-52,868,130,67,830,121,-11,887,53,-3,857,35,-107,
887,595,-256,896,612,-210,903,612,-210,910,611,-210,877,613,-241,872,612,-241,866,612,-241,916,604,-16,859,604,-105,897,574,-173,875,576,-208,961,510,147,815,511,-108,1016,432,187,755,396,-213,1066,363,-11,819,303,-383,1091,338,-41,830,271,-428,1083,332,-87,850,279,-430,1070,341,-35,852,289,-383,924,285,124,849,277,-123,1054,175,-50,983,197,-319,897,118,163,861,100,-19,875,113,183,826,93,12,910,41,147,858,24,-24,
887,540,-258,896,558,-223,903,558,-223,909,559,-223,877,559,-251,872,559,-251,867,559,-251,916,556,-51,860,556,-141,898,522,-179,876,522,-214,951,496,125,816,477,-117,1009,473,307,774,405,-95,1067,453,307,830,336,15,1082,437,307,838,302,22,1076,429,270,854,308,-3,1069,433,292,855,317,14,898,242,107,833,232,-107,1068,175,27,991,206,-264,887,118,119,865,75,-178,840,116,134,829,67,-168,896,43,92,875,10,-206,
912,513,-110,909,530,-92,912,530,-92,916,531,-92,895,529,-120,889,528,-120,883,527,-120,916,525,36,869,519,-91,914,497,-58,900,496,-94,937,465,121,822,447,-134,994,485,292,803,404,-385,1041,484,-226,855,382,-575,1059,474,-274,855,353,-617,1052,470,-286,872,357,-614,1044,471,-241,873,363,-577,892,219,111,837,190,-111,1060,176,123,1013,154,-239,888,120,163,859,69,-135,848,118,168,823,67,-122,887,47,184,873,-17,-108,
925,494,-147,920,511,-152,923,513,-152,925,515,-152,905,506,-146,898,503,-146,890,501,-146,919,513,-12,875,491,-133,929,482,-119,914,476,-147,902,468,158,877,419,-189,950,495,304,881,371,-177,1036,499,416,905,377,101,1034,500,434,912,377,122,1031,495,420,910,383,118,1024,491,407,907,378,109,869,209,122,841,169,-122,1050,177,158,1023,124,-222,892,113,159,851,74,-109,865,113,157,814,82,-89,888,49,211,831,10,-12,
926,493,-222,922,511,-182,925,513,-182,928,514,-182,907,505,-211,899,502,-211,891,498,-210,922,511,-27,875,488,-136,933,480,-154,917,474,-197,900,467,171,882,417,-194,949,496,347,904,372,-149,1019,499,483,940,442,107,1023,497,505,949,459,124,1019,494,493,943,457,127,1013,491,475,940,452,117,866,207,123,841,165,-124,1049,177,164,1029,119,-217,894,109,180,854,69,-60,867,109,180,817,82,-34,889,51,249,847,10,45,
951,504,75,940,521,86,938,521,85,937,521,85,937,515,43,934,510,43,931,502,43,921,522,135,909,493,-50,947,489,96,943,484,42,883,469,239,895,436,-160,878,408,338,946,343,-133,950,410,352,991,401,94,972,413,358,1007,398,104,972,426,335,1000,405,104,964,420,341,995,402,102,863,217,130,841,184,-130,1040,213,190,1037,127,-221,929,109,202,857,60,-94,897,111,199,823,70,-70,930,58,248,854,-5,16,
947,558,27,936,574,42,934,574,42,933,573,42,936,574,-4,933,573,-4,931,571,-4,915,567,106,913,565,-73,940,543,54,939,542,-5,861,478,233,908,487,-252,860,351,231,932,346,-254,893,292,186,1036,318,-33,898,278,176,1053,307,-45,907,285,154,1054,318,99,905,290,178,1046,321,8,853,217,145,842,203,-144,1041,218,172,1025,146,-197,950,90,202,859,63,-60,917,77,201,823,61,-38,983,36,207,859,-5,2,
940,579,122,931,600,111,934,600,110,924,600,110,934,600,73,934,600,73,934,600,72,899,596,67,919,595,-82,937,565,110,934,564,62,834,494,168,932,504,-273,858,362,156,953,350,-272,910,294,114,1032,266,-127,920,277,138,1045,244,-142,929,283,151,1052,254,-104,926,288,107,1043,261,-113,841,240,148,857,226,-148,1001,225,354,1031,170,-69,929,94,333,860,69,-45,882,76,327,826,62,-17,966,38,334,884,-1,19,
917,591,209,901,612,175,895,612,175,887,613,175,924,610,157,930,610,157,924,610,156,874,608,53,911,606,-35,901,579,172,922,577,148,803,504,129,944,514,-215,827,369,100,965,357,-222,877,309,100,1009,279,27,886,291,123,1024,255,42,899,298,114,1038,258,59,897,304,102,1027,266,38,826,252,130,883,246,-130,938,234,413,1025,200,45,894,95,338,868,73,29,852,78,328,830,66,36,952,41,361,909,14,108,
908,597,217,892,617,179,886,618,179,879,618,179,916,616,167,929,617,167,920,617,166,868,611,40,908,612,-24,892,586,172,914,584,156,799,514,48,961,520,-194,815,379,-16,975,365,-201,829,288,-20,1010,282,3,830,260,-2,1024,257,18,845,265,0,1019,264,31,846,274,-19,1012,270,11,824,253,121,911,249,-121,912,243,477,1015,233,129,884,106,348,881,98,88,845,83,335,841,72,90,938,57,359,915,35,154,
852,596,230,850,615,176,847,615,176,844,614,176,864,616,183,872,617,183,876,618,182,848,608,-10,892,613,7,849,584,167,865,585,176,794,515,-56,972,517,-137,781,382,-119,1001,373,-141,767,290,-96,1025,289,14,759,268,-72,1036,267,40,764,272,-68,1026,270,65,769,278,-91,1017,279,26,826,252,85,927,249,-86,871,238,481,980,230,257,859,115,243,899,105,52,841,84,201,860,78,60,864,51,216,909,42,147,
831,590,244,834,608,196,834,607,196,833,607,196,842,610,224,848,612,224,853,614,224,846,598,8,878,611,147,835,577,187,845,580,225,809,515,-103,974,505,123,725,400,-180,1066,391,243,675,299,-41,1084,331,496,653,280,-12,1088,292,571,660,277,-12,1080,285,582,673,282,-24,1076,301,511,849,233,-70,951,229,68,814,174,151,939,166,299,863,77,-428,916,78,-320,860,74,-481,916,65,-378,865,25,-453,904,31,-354,
830,545,204,837,565,156,837,565,156,837,565,156,842,566,183,847,567,183,852,568,183,851,559,-9,875,563,115,835,531,151,842,533,187,820,492,-151,964,477,130,704,405,-211,1076,414,311,617,313,-69,1095,381,572,603,294,-50,1104,357,639,606,295,-33,1093,356,638,615,299,-48,1089,364,583,883,210,-107,950,203,106,770,177,68,843,183,301,872,67,-277,922,56,-151,885,69,-303,941,40,-185,871,4,-232,910,-10,-148,
832,532,179,838,553,132,837,553,132,837,554,132,845,553,155,849,554,155,854,555,155,849,550,-28,874,551,80,834,520,130,843,521,161,816,484,-155,965,472,101,701,407,-192,1080,416,297,612,318,-31,1083,393,590,600,301,-13,1089,380,665,607,301,-30,1081,380,669,614,304,-17,1077,384,605,885,211,-104,958,199,102,762,181,167,885,185,434,877,67,-185,929,61,-13,899,57,-213,946,45,-61,875,4,-117,910,-7,9,
832,498,192,836,519,144,836,520,144,835,520,144,844,519,164,849,521,164,854,521,164,848,519,-20,874,521,75,835,487,140,844,488,167,810,447,-138,975,449,72,687,401,-141,1090,423,290,577,357,16,1071,411,621,557,346,42,1092,396,684,559,345,47,1083,398,690,567,345,36,1081,396,636,890,160,-103,956,170,101,746,161,132,850,223,454,878,64,-71,920,82,187,902,57,-84,927,66,162,878,5,58,907,18,266,
832,499,168,838,520,125,839,521,125,839,521,125,843,521,147,846,522,147,850,522,147,852,518,-22,872,520,95,837,486,124,843,488,154,819,446,-144,965,447,168,709,405,-111,1056,421,433,594,385,125,1032,420,773,579,369,153,1027,423,845,578,371,159,1008,425,841,584,374,143,1027,431,785,913,177,-120,950,182,119,742,156,11,820,218,392,869,61,-160,923,90,137,900,52,-165,936,79,114,870,0,-43,924,18,208,
836,512,179,843,532,142,844,532,142,844,532,142,843,533,179,844,533,179,845,534,179,857,529,29,864,531,207,843,499,143,844,500,193,866,452,-119,945,452,320,735,405,-234,974,396,532,626,402,-163,953,410,734,600,386,-171,969,391,786,599,388,-147,962,397,780,609,393,-144,963,388,740,923,198,-142,948,198,141,738,163,-28,778,206,309,872,56,-307,927,91,-31,916,44,-327,948,78,-69,869,-10,-274,920,20,-30,
837,556,-34,844,575,-50,847,575,-51,847,575,-51,841,577,-11,841,577,-11,841,578,-11,867,569,-62,859,572,129,846,538,-35,843,540,15,900,473,-211,897,484,259,794,396,-293,866,384,331,660,412,-173,838,315,180,634,409,-198,824,294,166,636,419,-171,823,305,129,647,418,-155,834,307,159,933,213,-152,925,234,152,739,166,-198,753,206,225,885,57,-167,917,93,192,936,46,-190,945,80,192,872,-8,-121,913,23,239,
837,566,-66,845,585,-79,848,585,-79,849,585,-79,840,586,-42,840,587,-42,840,587,-42,871,578,-78,858,581,114,847,548,-63,843,549,-16,903,482,-219,887,492,239,810,392,-309,864,380,296,671,412,-210,827,308,75,643,412,-240,812,288,52,645,422,-214,811,290,17,657,421,-193,812,303,54,934,220,-150,915,244,150,737,168,-222,752,207,197,886,56,-149,917,94,194,934,46,-148,956,81,197,874,-43,-110,913,26,240,
848,598,-374,865,616,-367,873,616,-367,880,615,-367,844,618,-340,843,619,-340,844,620,-340,894,605,-260,850,614,-137,861,575,-333,845,579,-298,910,497,-330,869,528,130,875,376,-242,879,382,174,773,400,-31,840,311,23,746,398,-38,820,289,6,745,400,-49,823,287,-38,756,401,-23,831,297,0,934,236,-159,901,270,159,738,170,-237,730,272,289,897,77,-68,851,221,378,947,64,-40,882,219,389,863,-6,42,837,178,495,
856,603,-326,873,621,-315,882,620,-315,889,619,-315,845,623,-295,845,624,-295,843,624,-295,899,611,-202,842,618,-115,870,580,-281,847,584,-257,921,497,-281,848,529,115,877,356,-237,861,382,161,784,313,-95,837,306,44,759,287,-108,818,279,31,754,294,-113,821,283,-10,765,301,-90,833,292,23,942,245,-151,893,278,151,741,178,-249,723,251,230,906,87,-7,865,179,295,948,79,25,892,180,305,862,18,86,846,120,363,
855,600,-293,870,618,-278,878,617,-278,884,616,-278,846,619,-262,843,619,-263,839,620,-263,895,608,-159,837,612,-89,869,577,-245,847,580,-227,930,497,-224,832,521,103,927,350,-229,819,379,162,844,306,-238,751,280,40,818,291,-259,726,253,24,813,300,-264,721,253,-27,819,306,-237,731,261,15,944,245,-137,882,272,136,750,179,-328,710,242,119,912,96,-40,857,159,217,949,95,-20,890,152,224,863,27,35,835,119,286,
856,591,-322,870,609,-301,877,608,-301,883,608,-301,846,610,-292,842,610,-292,836,610,-292,893,600,-156,831,604,-117,869,570,-267,846,571,-257,940,480,-186,807,513,45,957,312,-313,782,373,71,920,354,-553,733,278,-81,906,368,-599,701,252,-98,912,395,-593,703,252,-146,912,388,-556,717,259,-104,944,241,-136,873,263,135,752,176,-336,713,212,34,909,92,-58,864,137,150,943,90,-38,890,151,170,865,24,2,834,60,159,
857,573,-383,870,592,-361,877,593,-361,884,593,-361,847,592,-353,842,592,-353,836,592,-353,893,587,-204,830,585,-173,870,550,-324,846,551,-315,955,458,-192,788,478,-13,988,307,-300,738,364,62,915,283,-328,691,278,-51,873,282,-356,662,251,-75,872,299,-354,668,251,-117,892,297,-326,685,259,-73,940,228,-95,844,253,95,781,174,-438,718,161,-251,892,91,-83,871,105,88,927,88,-46,912,116,127,881,-22,-99,905,41,73,
859,536,-352,870,555,-325,876,555,-325,883,555,-325,847,555,-323,842,554,-323,837,554,-323,892,549,-175,831,547,-160,871,517,-296,847,516,-293,951,442,-154,782,449,-48,1027,326,-186,693,366,-15,1041,274,-331,630,287,-143,1049,253,-360,608,262,-164,1012,262,-385,624,264,-198,1010,265,-344,636,272,-161,936,207,-54,830,217,54,878,144,-529,727,125,-347,910,80,-38,848,93,154,927,85,17,874,106,219,904,-21,-69,839,27,202,
859,500,-422,869,519,-394,877,519,-394,883,518,-395,847,518,-391,842,517,-391,836,516,-391,892,512,-238,830,510,-226,871,482,-366,847,480,-362,957,413,-204,776,417,-108,1053,332,-230,669,368,-9,1128,267,-351,579,298,-5,1154,256,-360,559,289,-9,1142,253,-401,563,286,-41,1127,252,-369,571,288,-22,936,180,-39,825,182,39,907,137,-616,737,107,-464,909,74,-109,846,89,112,927,55,-40,865,101,216,903,-17,-110,827,19,160,
856,519,-402,866,537,-372,874,537,-372,881,537,-372,846,536,-369,841,536,-369,836,535,-369,890,530,-216,831,527,-203,871,500,-346,845,500,-342,953,431,-178,777,433,-98,1053,371,-168,683,375,-28,1144,303,-304,582,365,-94,1171,261,-318,550,351,-104,1168,281,-364,548,353,-150,1157,280,-323,561,357,-119,934,190,-25,828,199,25,930,141,-671,777,104,-421,913,65,-175,843,86,183,921,56,-121,857,94,254,900,-11,-227,833,9,204,
857,526,-359,867,543,-328,874,543,-328,881,543,-328,846,542,-327,841,542,-327,836,541,-327,889,535,-196,833,532,-172,872,507,-306,845,508,-304,951,438,-135,777,434,-81,1052,381,-128,682,379,-23,1146,318,-266,584,372,-88,1172,262,-279,551,358,-96,1168,291,-329,550,360,-144,1159,291,-317,563,363,-113,933,200,-21,831,206,20,931,143,-673,784,109,-448,916,62,-190,844,86,163,920,56,-140,858,91,217,902,-8,-251,833,11,152,
856,554,-354,866,570,-324,873,570,-324,880,571,-324,846,568,-323,841,567,-323,836,566,-323,888,562,-194,833,557,-164,872,533,-299,846,534,-297,952,471,-114,783,461,-75,1045,406,-100,704,389,-109,1133,337,-266,627,365,-346,1160,307,-286,599,360,-389,1159,311,-336,599,362,-428,1148,315,-295,610,362,-372,934,249,-14,835,246,13,950,146,-509,802,125,-359,915,62,10,840,77,122,914,57,51,852,75,169,904,-6,-106,829,8,63,
864,589,-342,871,608,-311,878,607,-311,884,607,-311,853,607,-311,846,607,-311,841,606,-311,891,599,-149,834,598,-155,877,570,-286,852,571,-286,954,501,-82,782,494,-81,1025,419,-128,719,402,-192,1092,354,-396,670,355,-479,1117,332,-457,663,345,-539,1116,335,-502,670,346,-574,1106,340,-422,677,348,-503,932,275,8,832,273,-8,972,161,-430,817,131,-279,915,60,-2,829,70,136,907,56,31,838,67,171,906,-5,-113,822,4,50,
869,621,-400,878,640,-369,885,639,-369,891,638,-369,857,641,-372,850,640,-372,843,640,-372,899,630,-197,834,632,-218,881,601,-338,856,601,-343,952,537,-94,788,530,-152,982,433,-67,744,409,-182,1052,364,-329,828,346,-353,1095,345,-372,851,321,-405,1110,348,-402,863,338,-419,1089,354,-409,859,348,-360,929,313,38,836,305,-38,994,200,-358,852,183,-271,914,113,95,823,75,104,895,114,134,824,72,133,914,36,3,826,10,-28,
877,622,-366,886,642,-338,893,642,-338,899,641,-338,865,642,-340,857,642,-340,850,642,-340,904,636,-177,837,634,-194,887,602,-311,865,603,-311,943,542,-71,796,537,-149,954,437,-81,759,417,-220,990,377,-323,862,367,-387,1016,357,-379,886,343,-441,1022,361,-415,898,358,-444,1009,368,-354,894,366,-389,921,317,46,837,309,-46,1005,214,-288,865,195,-333,913,147,165,827,117,108,887,148,206,827,115,145,916,68,123,828,32,45,
880,625,-370,889,644,-337,896,644,-337,902,644,-337,868,644,-343,860,643,-343,853,643,-343,906,639,-169,839,635,-193,888,605,-307,868,605,-314,938,541,-60,801,541,-158,950,440,-65,764,422,-238,981,379,-312,864,370,-398,999,360,-355,887,348,-452,1002,364,-390,900,360,-456,993,370,-352,896,368,-400,917,318,53,837,312,-52,1009,215,-276,866,197,-331,913,150,190,825,119,113,885,148,232,824,117,151,919,72,143,830,38,50,
883,621,-308,891,639,-273,898,639,-273,904,639,-273,872,639,-280,864,639,-280,857,639,-280,909,633,-91,843,633,-118,891,601,-240,871,601,-249,938,532,18,804,541,-132,937,428,-3,780,432,-263,973,369,-190,904,420,-409,974,352,-231,927,409,-457,977,362,-263,935,421,-441,968,372,-209,928,425,-402,914,309,76,836,305,-75,1027,215,-272,891,203,-415,905,153,153,830,126,57,875,155,192,825,125,104,920,80,124,846,41,24,
888,619,-121,898,633,-84,904,632,-84,909,631,-85,879,637,-102,873,638,-102,867,635,-102,912,617,84,855,631,10,898,599,-58,877,595,-80,935,509,170,815,530,-101,930,394,153,815,459,-347,967,367,72,891,527,-504,976,349,66,902,541,-545,977,355,36,902,549,-515,971,364,60,899,539,-494,914,299,102,837,286,-102,1051,212,-87,955,192,-355,913,136,156,868,115,-33,878,149,182,828,102,2,934,64,165,887,35,-16,
904,562,-64,910,578,-36,914,578,-36,917,578,-37,893,578,-65,886,579,-65,879,579,-65,914,573,113,865,576,-14,908,548,-4,891,544,-42,926,483,255,842,508,-48,918,369,343,868,471,111,954,299,215,883,516,439,968,276,200,888,523,473,965,281,164,886,528,457,955,290,195,883,525,444,909,266,120,837,242,-120,1053,198,29,994,211,-278,913,132,189,873,105,-21,884,133,208,832,94,9,929,63,211,903,35,7,
913,533,-26,917,548,0,921,548,0,923,548,0,902,550,-32,895,551,-32,887,552,-32,918,545,137,872,550,-1,915,519,27,898,520,-12,920,462,270,847,484,-71,923,350,250,856,370,-36,921,272,91,902,317,53,927,244,67,911,295,41,928,249,40,918,303,37,922,259,73,913,311,56,905,233,126,839,212,-126,1056,187,84,1007,184,-270,922,127,131,868,103,-50,885,130,154,834,94,-24,920,70,125,885,35,2,
916,515,-93,920,529,-65,923,528,-65,926,528,-66,907,530,-93,900,531,-93,893,531,-93,921,525,80,876,530,-39,918,502,-37,902,504,-72,914,448,232,852,458,-130,931,341,216,858,342,-179,934,280,61,878,220,-183,941,256,45,881,193,-219,942,261,18,893,200,-217,936,268,44,892,206,-180,905,218,125,849,196,-125,1054,187,88,1020,179,-252,921,123,98,866,89,-124,883,130,85,835,90,-109,912,66,100,882,26,-77,
923,506,-83,923,521,-51,925,522,-51,927,523,-51,912,521,-81,905,520,-81,899,520,-81,920,519,98,882,515,-33,923,491,-26,911,491,-64,909,442,242,860,446,-123,929,331,264,897,385,-169,944,242,128,897,471,-66,955,215,119,911,465,-81,953,213,88,901,492,-77,945,221,110,899,479,-61,901,222,131,854,195,-131,1056,188,153,1025,164,-233,914,126,139,864,83,-101,863,136,127,834,87,-83,895,77,159,878,26,-43,
930,520,28,927,537,56,928,537,56,929,538,55,918,537,14,913,537,14,907,538,14,919,534,174,887,533,-10,927,504,73,918,504,19,910,447,274,856,459,-123,914,339,310,879,453,-191,943,259,183,894,523,-35,957,236,176,900,535,-44,954,235,146,899,539,-32,945,244,164,896,533,-26,901,223,135,854,201,-135,1058,189,149,1034,162,-230,904,127,148,869,84,-88,866,133,142,834,88,-70,890,70,159,879,25,-36,
924,568,16,922,586,41,923,587,40,925,587,40,911,587,2,905,587,2,899,587,2,916,580,167,882,579,-4,924,552,66,913,551,17,911,497,313,854,510,-119,901,381,332,871,439,-115,926,293,177,903,467,46,940,259,157,909,436,40,938,260,127,914,442,39,929,274,157,908,456,52,897,256,148,853,242,-148,1053,207,120,1026,191,-228,903,127,163,874,86,-74,865,130,164,836,89,-53,901,69,159,893,25,-29,
929,579,70,923,597,90,923,597,90,925,597,90,916,597,47,911,598,47,906,598,47,915,590,197,887,589,4,925,562,113,917,562,57,911,506,313,854,521,-117,908,396,349,867,461,-249,932,323,217,894,519,-263,945,294,204,910,469,-292,941,300,173,914,479,-275,933,311,200,909,481,-254,895,264,151,852,252,-151,1050,211,139,1029,197,-222,902,125,189,874,86,-77,862,126,192,837,89,-56,912,61,194,898,23,-25,
935,593,54,927,612,71,927,613,71,927,613,71,922,611,29,918,612,28,913,612,28,914,606,169,892,603,-14,932,575,95,925,575,39,908,527,289,861,538,-142,891,433,332,872,488,-279,911,374,219,900,535,-266,921,349,209,927,464,-289,920,356,184,931,472,-276,914,365,204,926,475,-258,890,279,150,848,264,-150,1046,222,138,1025,212,-203,902,134,169,880,95,-56,862,128,172,841,89,-37,921,65,176,919,29,33,
938,605,125,929,622,139,928,622,139,927,623,139,929,622,90,926,622,90,924,623,90,912,619,213,905,617,-8,933,589,156,931,589,91,887,537,323,872,549,-143,882,464,465,905,514,-324,908,439,482,915,557,-325,918,425,495,930,543,-345,916,433,471,928,499,-326,912,439,472,924,501,-314,878,283,157,846,267,-157,1044,239,169,1028,224,-191,895,140,184,882,100,-79,858,132,183,844,89,-63,916,68,197,933,29,-6,
948,593,127,945,610,152,943,610,152,941,611,152,943,610,100,940,611,100,936,611,100,918,610,259,912,608,29,939,577,168,935,577,102,894,533,355,866,536,-117,917,461,355,914,454,-59,910,460,2,935,524,296,925,456,-26,945,487,330,926,462,-10,936,483,320,921,461,-2,929,481,306,878,283,155,840,265,-155,1042,238,126,1025,230,-207,892,156,124,880,121,-137,849,150,121,838,115,-119,908,81,135,918,39,-69,
958,580,58,958,596,84,956,598,83,954,599,83,955,596,38,951,597,38,947,599,37,928,606,196,920,606,-40,946,568,101,942,567,50,896,524,312,863,533,-191,886,413,309,883,387,-118,910,346,68,947,376,108,923,325,48,961,362,111,925,335,35,966,379,111,918,343,55,959,389,118,879,281,164,838,264,-164,1042,230,189,1022,220,-198,892,163,228,877,123,-66,852,168,226,834,119,-47,900,91,244,916,43,15,
960,573,54,960,589,81,958,591,81,957,594,81,956,589,30,953,591,29,949,593,29,931,604,192,921,605,-44,947,563,96,943,561,33,896,521,317,861,532,-192,879,400,306,872,380,-137,914,328,87,947,359,100,927,306,67,964,348,103,929,315,48,969,364,103,921,324,71,961,368,111,877,280,167,837,263,-167,1041,226,202,1023,216,-204,902,163,236,877,127,-51,853,177,234,833,124,-29,901,100,254,915,46,37,
964,555,-117,963,575,-91,962,576,-91,960,578,-91,960,575,-152,957,576,-152,953,577,-152,932,586,14,924,586,-256,951,542,-75,947,541,-153,895,512,160,864,491,-389,876,374,167,871,343,-404,935,287,14,957,264,-254,945,271,1,974,245,-290,950,272,-38,986,265,-283,952,275,-8,976,271,-248,869,273,173,837,245,-172,1036,229,252,1021,195,-235,903,174,323,873,114,-38,876,170,325,828,107,-14,908,125,364,905,46,40,
966,502,-115,963,522,-91,962,523,-91,960,525,-91,960,523,-142,956,524,-142,952,525,-142,932,524,8,923,523,-215,955,486,-76,950,487,-141,900,441,137,864,420,-324,876,314,136,858,280,-329,931,246,-47,962,255,-186,946,226,-71,985,237,-213,949,233,-107,992,249,-210,950,230,-70,984,255,-180,872,222,154,836,195,-154,1033,194,186,1015,168,-246,890,142,185,856,96,-56,865,143,174,817,91,-34,868,110,212,886,44,30,
964,487,-139,961,507,-117,959,508,-117,958,509,-117,958,506,-168,955,506,-168,952,507,-168,932,506,-15,925,504,-242,954,470,-99,950,470,-165,900,423,125,872,397,-352,880,304,129,889,267,-316,958,232,-48,970,255,-180,970,229,-69,991,243,-208,972,230,-104,992,260,-168,976,225,-71,983,264,-164,869,217,153,836,185,-152,1024,198,244,1017,159,-230,906,144,294,851,95,5,882,143,295,816,84,33,881,134,342,885,40,93,
961,497,-122,959,516,-101,958,517,-101,957,518,-102,955,516,-149,951,516,-149,948,517,-150,931,516,-5,921,513,-218,951,482,-83,947,482,-145,897,436,125,876,416,-331,904,310,120,891,291,-328,966,246,-38,972,268,-193,984,231,-57,995,242,-221,989,231,-91,996,258,-220,978,239,-58,983,278,-189,869,226,153,837,192,-153,1023,211,267,1024,160,-231,929,159,325,853,96,-11,905,153,327,819,85,15,923,150,371,881,41,67,
960,498,-152,956,518,-132,955,518,-132,954,519,-133,952,518,-177,948,518,-177,945,519,-177,931,517,-32,921,515,-230,951,484,-111,947,485,-169,897,438,104,875,420,-334,916,313,104,887,293,-335,977,250,-52,971,276,-215,998,232,-73,994,252,-245,998,238,-108,991,283,-247,988,243,-73,996,280,-213,869,231,152,838,195,-152,1024,223,246,1026,160,-239,940,168,314,854,97,-8,915,162,318,820,87,20,929,152,360,881,40,74,
960,546,-52,955,565,-32,954,565,-32,953,566,-32,951,565,-85,948,566,-85,944,567,-85,926,563,58,917,561,-183,950,533,-16,945,534,-83,902,481,199,875,469,-303,920,336,223,899,335,-298,992,267,64,983,341,-51,1018,244,41,1012,324,-57,1016,254,12,1017,331,-59,1003,262,43,1009,347,-44,870,259,158,837,237,-158,1032,227,220,1025,194,-224,934,165,297,855,103,-7,884,166,303,823,92,21,924,129,327,889,40,72,
958,575,-32,954,594,-12,953,595,-12,952,595,-12,951,595,-68,947,596,-68,944,597,-68,924,593,82,917,593,-179,949,560,6,944,561,-64,906,508,225,874,496,-296,942,384,248,913,368,-284,1023,333,57,1012,386,-33,1048,349,31,1041,374,-39,1046,353,3,1043,381,-37,1037,359,36,1032,386,-24,873,279,164,836,261,-163,1033,231,213,1027,218,-214,912,163,290,862,108,-10,868,164,298,827,99,18,922,128,313,902,42,47,
959,592,10,955,610,29,954,610,29,953,611,29,953,610,-26,950,611,-26,946,611,-26,924,609,123,918,609,-126,949,577,48,945,577,-22,909,527,270,873,521,-280,955,438,304,914,392,-233,1045,428,142,1019,402,53,1068,423,122,1039,409,56,1066,428,97,1041,419,54,1057,430,122,1025,419,62,874,293,170,837,278,-170,1033,237,211,1030,234,-213,908,140,274,879,118,-14,865,133,280,839,109,12,953,76,276,911,50,57,
959,599,56,956,617,76,955,617,75,954,618,75,954,617,20,951,617,20,947,618,20,925,618,172,919,616,-70,950,584,95,946,586,24,910,535,309,873,530,-224,950,443,268,941,406,-150,1016,459,19,1021,444,204,1039,464,-10,1046,460,228,1038,471,0,1043,469,224,1027,467,10,1033,464,217,875,295,168,840,281,-167,1032,251,186,1030,246,-194,904,142,221,886,131,-17,861,135,224,843,123,9,948,78,230,920,63,62,
961,592,110,959,610,130,958,611,130,956,612,130,957,610,78,953,611,78,950,612,78,928,614,222,921,613,-9,951,577,146,947,578,79,910,533,338,875,533,-164,955,459,310,965,414,-102,1010,461,86,1026,435,228,1027,468,60,1055,435,247,1027,472,58,1051,447,239,1016,468,75,1039,446,238,875,293,166,840,278,-166,1032,260,166,1028,250,-200,903,148,145,885,137,-52,860,141,143,843,128,-28,942,85,164,924,72,46,
966,584,51,964,602,72,962,603,72,961,604,72,961,602,21,958,603,20,954,605,20,933,604,171,923,604,-56,956,570,91,952,571,25,913,523,299,878,519,-196,952,431,303,956,397,-152,1021,435,-10,1026,445,150,1044,435,-40,1049,457,164,1043,444,-44,1047,465,160,1030,442,-24,1038,458,160,874,288,165,840,270,-165,1029,253,208,1028,248,-181,901,148,254,886,140,27,858,141,260,843,132,58,940,89,287,922,73,136,
970,583,-35,968,601,-10,966,601,-10,965,602,-10,964,601,-57,960,602,-57,956,602,-57,937,600,104,926,600,-98,961,568,9,956,568,-50,939,510,227,877,509,-206,999,420,210,952,391,-197,1050,385,-25,1020,423,65,1065,354,-51,1045,437,65,1057,356,-76,1029,444,59,1050,365,-42,1028,435,71,886,284,159,841,267,-159,1030,251,126,1027,240,-205,901,142,169,883,135,7,860,133,171,842,131,36,961,74,163,922,61,115,
978,526,-110,973,545,-82,971,546,-83,970,547,-83,969,545,-135,965,545,-135,960,545,-135,945,542,51,932,540,-175,969,510,-58,964,510,-124,939,453,193,884,441,-291,1021,390,45,944,284,-264,1032,393,-277,1019,222,-15,1046,398,-323,1037,207,-18,1016,406,-301,1036,217,-36,1015,405,-279,1029,224,-12,885,237,160,841,214,-159,1036,222,138,1027,188,-239,916,128,191,874,107,3,883,121,196,832,105,35,958,74,181,912,53,108,
981,513,-85,976,534,-61,975,535,-61,973,536,-61,972,533,-111,969,533,-111,964,534,-111,948,531,56,937,529,-161,972,498,-40,967,496,-103,940,446,182,890,429,-277,1024,386,40,940,281,-224,1020,397,-265,1015,299,96,1016,406,-307,1035,293,106,997,411,-281,1029,304,81,997,409,-265,1017,305,97,885,236,156,840,206,-156,1040,221,177,1029,177,-191,911,152,201,872,97,1,873,133,206,830,91,30,905,99,236,907,56,95,
982,484,-105,976,502,-83,975,503,-83,973,504,-83,973,502,-132,969,502,-133,965,503,-133,949,503,34,940,501,-183,973,468,-59,968,467,-123,936,429,163,899,405,-297,1009,374,39,943,264,-234,1018,384,-247,1015,233,69,1018,398,-287,1036,216,74,998,403,-273,1035,229,60,998,390,-253,1024,234,73,884,228,151,843,195,-151,1039,216,184,1029,159,-193,914,132,203,869,97,36,884,121,206,828,95,68,911,90,248,892,56,156,
988,477,-106,981,495,-81,980,496,-81,978,497,-82,978,494,-131,974,495,-131,970,496,-131,953,494,40,944,493,-177,979,461,-59,974,460,-122,946,418,173,898,399,-289,1024,360,60,943,252,-239,1007,370,-229,1029,235,28,1000,380,-272,1051,225,25,986,385,-252,1052,238,5,986,377,-231,1044,242,30,884,219,151,843,187,-151,1038,221,189,1031,156,-226,910,131,211,867,97,24,882,123,214,828,95,64,910,87,265,885,60,123,
989,515,-78,982,535,-59,981,536,-59,979,537,-59,979,536,-111,975,536,-112,971,537,-112,955,530,47,943,530,-172,978,501,-36,973,501,-101,948,442,199,896,432,-284,1010,363,203,930,317,-200,1025,345,-15,1025,314,118,1032,325,-45,1045,295,131,1023,332,-61,1045,309,112,1016,338,-31,1037,315,123,897,236,151,846,214,-151,1052,217,138,1032,166,-244,922,118,139,877,95,9,893,110,138,833,93,53,969,65,138,900,50,94,
990,565,-52,984,585,-34,982,586,-34,981,587,-34,981,585,-93,977,586,-93,973,587,-93,954,585,68,945,585,-164,978,549,-10,973,549,-82,945,501,226,885,487,-288,1005,420,205,914,363,-240,1047,372,-50,1018,369,25,1055,339,-101,1036,355,19,1049,337,-144,1041,364,8,1042,354,-61,1032,370,32,895,274,165,849,261,-165,1054,218,149,1048,212,-238,921,114,222,890,96,-27,890,105,224,843,94,0,982,56,148,921,45,22,
988,571,-9,983,592,9,981,593,9,979,594,9,980,591,-44,976,592,-45,972,593,-45,953,593,108,946,592,-127,976,557,31,971,558,-37,944,512,256,884,503,-266,1001,418,259,908,379,-238,1049,386,19,1005,361,19,1069,346,-22,1021,344,13,1049,351,-47,1027,355,4,1044,368,0,1022,363,26,896,288,169,851,271,-169,1056,219,157,1049,217,-228,924,114,240,895,98,-47,892,105,242,851,93,-22,982,57,187,921,44,5,
987,597,-21,982,618,-2,980,619,-2,978,620,-2,979,617,-56,975,618,-56,972,619,-56,952,620,108,946,618,-167,976,582,19,970,582,-47,934,545,245,881,530,-294,983,466,402,897,402,-347,1056,429,350,1006,372,-281,1074,423,348,1021,352,-323,1074,423,305,1029,364,-312,1066,424,329,1024,372,-273,895,318,171,858,299,-171,1054,262,207,1056,240,-218,934,134,308,926,104,-54,891,117,317,887,92,-31,959,77,328,988,45,-1,
1001,633,-117,997,652,-95,995,653,-95,993,654,-95,994,652,-151,991,653,-151,987,653,-151,962,654,27,956,653,-226,989,616,-67,985,616,-139,935,572,181,881,555,-321,995,494,126,897,424,-315,1014,500,-146,1006,371,-131,1016,505,-193,1023,347,-149,1006,519,-185,1039,360,-152,1005,513,-153,1029,371,-123,896,349,170,859,336,-170,1057,281,161,1052,321,-202,1047,135,196,1041,144,-97,1019,112,196,1013,105,-84,1124,85,156,1128,123,-108,
1009,652,-161,1005,671,-136,1003,672,-136,1001,673,-136,1001,672,-187,997,673,-187,992,674,-187,972,675,0,961,674,-229,1000,636,-105,994,637,-171,964,583,138,881,575,-307,1020,482,30,891,437,-333,977,494,-289,1006,386,-318,953,494,-349,1024,359,-368,949,512,-341,1039,375,-370,955,512,-294,1030,384,-314,915,359,169,863,351,-168,1027,274,175,1050,336,-349,976,82,240,1174,210,-369,970,53,241,1194,157,-375,1031,43,166,1259,226,-490,
1017,656,-194,1012,676,-168,1010,677,-168,1008,678,-168,1008,676,-220,1003,677,-220,998,678,-220,978,677,-23,965,676,-255,1008,641,-135,1001,641,-202,978,580,118,876,579,-317,1012,469,4,875,447,-309,968,481,-355,990,427,-190,936,481,-414,1010,409,-216,932,500,-406,1018,428,-223,941,502,-361,1008,438,-184,921,369,166,862,363,-165,1026,261,165,1039,366,-287,954,81,226,1166,260,-184,964,51,227,1156,208,-175,1013,40,127,1249,253,-256,
1016,659,-202,1011,677,-176,1009,678,-176,1008,679,-176,1007,678,-230,1003,679,-230,998,680,-230,978,678,-30,965,679,-269,1005,642,-142,999,642,-212,982,574,125,874,579,-333,1010,458,16,877,444,-298,963,474,-350,987,432,-169,935,479,-409,1008,417,-184,931,502,-395,1013,436,-198,938,502,-355,1001,446,-169,921,367,165,861,361,-165,1027,257,190,1038,373,-246,940,83,268,1160,265,-91,939,54,272,1143,209,-80,1010,40,168,1246,247,-152,
1018,670,-199,1014,688,-170,1013,688,-170,1011,689,-170,1010,688,-215,1005,689,-215,1000,691,-216,983,687,-18,967,689,-236,1008,654,-139,1001,654,-197,996,583,129,869,600,-281,1025,473,15,840,472,-272,959,509,-333,957,484,-148,929,516,-395,980,475,-164,930,535,-376,990,499,-174,937,535,-336,972,501,-143,931,371,160,867,371,-160,1028,242,166,1040,398,-142,930,80,182,1075,320,233,912,53,184,1052,297,273,1008,40,126,1144,297,325,
1017,674,-215,1013,691,-184,1012,692,-184,1010,692,-184,1009,692,-230,1004,693,-230,999,694,-230,982,691,-24,966,693,-234,1007,658,-152,1001,659,-212,1001,598,111,869,611,-278,1045,508,-53,829,496,-393,969,525,-444,926,484,-471,954,526,-515,948,477,-522,950,546,-504,958,500,-517,954,548,-451,948,505,-465,936,380,165,872,378,-165,1028,238,169,1036,425,-194,922,78,199,1067,326,84,898,53,201,1044,305,116,1005,43,149,1150,301,129,
1016,677,-98,1012,693,-58,1011,694,-58,1009,695,-59,1007,693,-98,1003,694,-98,997,695,-98,981,694,115,965,695,-65,1007,663,-31,1001,662,-82,998,616,210,869,612,-121,1082,560,20,851,502,-221,1007,560,-301,950,533,-275,984,549,-356,972,532,-294,959,565,-420,974,550,-311,959,569,-324,966,548,-288,931,392,149,872,388,-149,1024,238,68,1025,485,-370,921,76,21,1113,319,-364,896,50,13,1111,295,-366,1003,40,-93,1193,306,-466,
1017,669,-159,1015,688,-127,1014,689,-127,1013,691,-127,1011,687,-178,1007,688,-178,1003,689,-178,986,692,105,971,692,-139,1009,656,-79,1004,655,-144,990,636,195,864,618,-206,1078,605,36,899,521,-247,1041,579,-341,990,569,-145,1034,580,-400,1025,584,-166,1013,587,-411,1015,592,-179,1006,586,-357,1005,588,-141,927,412,150,864,398,-149,1012,248,65,1018,422,-476,922,75,15,1174,303,-687,896,47,4,1196,282,-714,1007,36,-101,1251,339,-847,
1016,673,-307,1014,692,-272,1013,693,-273,1012,695,-273,1010,692,-328,1007,693,-328,1002,695,-327,988,698,-71,973,698,-321,1009,660,-225,1004,660,-297,988,642,78,866,640,-390,1075,609,-105,902,560,-644,1110,628,-528,1031,582,-732,1124,644,-587,1071,592,-804,1116,649,-619,1071,601,-777,1106,640,-554,1060,599,-721,925,420,171,856,408,-170,1016,280,86,1015,409,-457,935,77,100,1175,287,-510,903,52,95,1194,261,-523,1012,36,-16,1242,313,-683,
1015,687,-250,1013,706,-218,1012,707,-218,1011,709,-218,1009,707,-267,1006,708,-267,1002,710,-267,987,710,-36,972,711,-262,1007,673,-176,1002,673,-240,992,642,103,873,658,-350,1088,606,-54,920,574,-584,1162,659,-386,1050,577,-614,1180,681,-439,1092,580,-671,1175,689,-456,1092,587,-646,1169,680,-404,1082,588,-604,928,422,155,853,423,-155,1030,291,-3,991,439,-440,973,107,-14,1006,288,-438,948,81,-21,990,263,-363,1042,48,-129,1058,283,-616,
1010,705,-160,1007,724,-126,1005,725,-126,1004,727,-127,1003,724,-177,1000,726,-177,996,728,-177,979,727,42,967,727,-187,1001,691,-93,995,691,-159,989,645,149,874,668,-325,1078,598,-14,923,568,-554,1168,632,-368,1030,537,-601,1194,643,-425,1068,532,-659,1190,653,-453,1065,549,-650,1179,649,-393,1055,545,-597,921,421,156,844,418,-155,1030,308,26,1000,365,-355,1033,124,43,1024,154,-271,1015,89,37,1009,117,-249,1109,79,-75,1093,132,-383,
1000,720,-183,992,741,-156,991,742,-156,989,743,-156,988,740,-205,984,740,-205,980,741,-205,965,740,-14,953,737,-232,992,706,-122,986,705,-185,988,657,146,874,654,-352,1064,587,199,922,537,-477,1155,605,89,1024,457,-470,1184,613,74,1055,428,-520,1190,604,26,1059,440,-521,1178,609,62,1049,451,-468,921,423,156,845,417,-155,983,300,152,1023,330,-351,891,145,292,1090,129,-311,870,129,301,1081,93,-309,918,103,238,1167,103,-423,
990,721,-445,980,742,-423,978,743,-423,977,744,-424,976,740,-479,972,741,-479,968,741,-479,953,740,-277,942,735,-523,982,704,-382,976,703,-454,975,654,-43,873,641,-576,1003,573,140,916,508,-607,1099,528,148,1001,380,-558,1161,513,157,1024,339,-607,1178,491,104,1035,350,-618,1159,512,125,1027,363,-559,926,419,132,846,409,-132,1048,302,-42,907,225,-141,1149,140,-43,766,106,93,1144,114,-52,732,90,109,1225,124,-194,783,42,-30,
989,705,-368,978,725,-341,976,726,-341,975,728,-341,973,724,-405,968,725,-405,963,726,-405,950,726,-184,938,725,-468,980,690,-303,973,690,-385,973,639,44,873,602,-546,985,516,172,914,458,-549,1041,434,68,987,345,-470,1065,408,55,1009,314,-515,1070,406,6,1031,330,-520,1060,416,42,1010,335,-467,933,390,137,849,376,-138,1081,298,33,850,165,-195,1206,134,142,690,81,49,1219,108,143,663,77,70,1295,154,32,667,20,-54,
990,674,-304,979,695,-280,978,696,-280,977,696,-280,975,694,-340,970,694,-340,965,694,-340,953,688,-147,939,684,-416,982,656,-246,975,655,-324,972,588,44,874,566,-496,967,453,127,912,428,-517,992,352,7,957,311,-456,1006,323,-3,956,275,-504,1008,318,-45,968,280,-506,990,331,-15,966,295,-453,937,344,132,853,339,-132,1083,245,52,820,129,-162,1243,125,138,664,50,96,1267,96,138,633,44,119,1311,165,37,655,-11,1,
990,602,-307,982,624,-288,980,625,-288,978,627,-288,976,623,-336,971,624,-336,966,625,-336,960,626,-158,941,623,-371,983,587,-251,975,586,-313,971,545,21,873,522,-447,956,416,87,884,381,-452,969,320,-29,921,263,-426,978,296,-41,920,226,-470,976,296,-80,930,229,-482,969,305,-50,931,243,-427,937,304,103,853,293,-102,1081,200,-1,804,97,-142,1248,100,-53,663,44,185,1272,66,-64,635,47,217,1306,145,-162,644,1,151,
1019,471,-432,1015,497,-411,1015,498,-411,1015,499,-412,1007,494,-448,1002,493,-448,996,493,-448,997,497,-296,970,488,-456,1010,454,-386,999,452,-432,992,425,-168,883,400,-477,948,309,-134,870,234,-484,943,201,-140,914,119,-449,939,184,-140,909,82,-486,941,176,-164,921,82,-490,940,185,-153,922,96,-449,938,228,82,850,224,-82,1078,147,6,803,37,-99,1251,84,-34,663,34,189,1272,60,-43,639,46,217,1303,133,-110,649,-1,181,
1021,466,-411,1019,490,-392,1019,491,-392,1020,492,-392,1010,488,-428,1004,489,-428,998,489,-428,1002,489,-280,971,485,-436,1014,450,-366,1003,449,-411,994,414,-149,883,390,-456,959,300,-117,876,244,-466,969,204,-151,910,124,-445,975,179,-150,906,87,-467,975,174,-178,916,84,-475,970,181,-164,917,99,-445,937,220,71,849,216,-71,1074,142,-59,805,42,-113,1252,78,-158,670,37,155,1275,57,-172,644,51,182,1311,143,-233,644,1,172,
1036,384,-421,1036,408,-404,1036,410,-404,1036,411,-404,1029,407,-437,1024,408,-437,1019,409,-437,1017,414,-296,990,410,-443,1026,373,-376,1017,373,-419,993,358,-176,886,343,-451,961,246,-146,872,193,-462,971,146,-180,901,73,-446,976,121,-182,897,39,-477,974,118,-212,914,41,-483,968,126,-194,916,55,-446,935,184,64,843,177,-64,1071,121,-20,798,20,-123,1245,75,-92,678,34,146,1264,57,-101,657,52,175,1298,138,-143,645,7,185,
1048,309,-415,1050,333,-399,1049,335,-399,1048,338,-399,1045,331,-432,1042,333,-432,1038,335,-432,1023,346,-296,1007,343,-445,1037,300,-371,1030,299,-415,993,291,-191,891,284,-445,956,177,-143,849,137,-417,975,89,-180,882,25,-419,987,70,-184,873,-5,-454,985,69,-222,893,0,-462,975,73,-196,899,14,-422,930,146,60,839,127,-60,1075,95,-5,786,-12,-81,1248,74,-64,670,30,216,1269,58,-70,666,49,251,1292,140,-136,649,11,280,
1042,228,-389,1046,245,-380,1046,247,-380,1045,249,-380,1043,245,-415,1041,247,-415,1038,249,-415,1022,265,-314,1014,264,-469,1031,223,-353,1026,225,-399,983,261,-210,894,245,-433,962,174,-120,826,116,-368,981,93,4,863,13,-312,995,79,30,870,-18,-325,1001,76,-2,888,-7,-330,984,80,-3,883,14,-310,926,121,58,839,95,-58,1075,82,-35,755,14,-86,1239,74,-66,671,39,217,1259,59,-68,668,57,253,1285,142,-126,645,21,304,
1038,233,-401,1043,250,-397,1042,253,-398,1042,256,-398,1039,249,-432,1036,251,-432,1033,253,-432,1018,272,-332,1006,270,-486,1027,231,-367,1021,231,-412,980,266,-198,891,244,-449,963,178,-40,827,107,-382,1003,89,50,883,22,-306,1008,71,79,893,-7,-325,1011,73,37,905,11,-323,1004,70,39,901,24,-300,923,124,65,833,99,-65,1073,80,-20,756,-12,-52,1233,74,-29,673,37,255,1240,59,-23,669,59,293,1273,126,-36,636,19,350,
1035,232,-467,1042,250,-464,1042,252,-465,1042,255,-465,1038,249,-498,1036,251,-498,1033,253,-498,1018,273,-391,1004,271,-538,1025,229,-429,1018,230,-472,980,269,-242,890,246,-493,976,190,-29,831,116,-455,1005,96,103,877,23,-444,1015,80,141,892,-4,-473,1019,75,98,911,9,-473,1013,81,94,902,26,-440,923,135,64,833,113,-64,1072,80,-13,756,-12,-18,1231,74,1,676,38,302,1246,60,7,675,60,341,1272,121,-7,637,21,392,
1012,321,-452,1013,340,-440,1014,343,-440,1014,345,-440,1007,340,-469,1002,341,-469,998,343,-469,995,355,-336,974,352,-528,1003,313,-405,993,314,-442,980,315,-190,879,298,-463,972,217,-123,862,162,-454,997,122,-156,877,41,-475,1007,103,-152,876,13,-516,1005,99,-194,891,16,-528,1002,101,-171,891,29,-479,915,166,56,831,138,-57,1048,122,-77,774,16,-42,1192,82,-159,663,28,227,1203,61,-169,644,41,258,1274,122,-224,647,18,274,
981,395,-485,979,418,-468,979,419,-468,980,421,-468,971,416,-492,966,416,-492,961,417,-492,967,419,-350,940,415,-495,976,383,-436,966,381,-466,975,340,-190,861,311,-459,970,231,-133,875,186,-467,988,149,-157,895,58,-481,1001,129,-155,881,31,-521,995,122,-195,901,47,-532,988,124,-173,894,63,-485,913,188,61,831,187,-61,1051,124,-80,767,62,-66,1211,80,-155,660,29,150,1202,63,-166,636,36,168,1289,132,-231,649,-4,112,
952,460,-581,951,486,-561,952,486,-561,953,487,-561,942,483,-583,935,482,-584,928,481,-584,944,480,-415,910,475,-516,948,446,-522,936,444,-551,965,401,-220,852,382,-493,963,287,-161,890,242,-501,986,193,-223,946,166,-519,999,167,-236,952,142,-567,994,161,-281,960,151,-581,985,170,-243,961,164,-525,914,237,62,831,228,-62,1053,149,-64,763,97,-89,1213,80,-26,668,34,129,1203,62,-30,649,35,148,1287,76,-128,642,4,56,
925,510,-655,923,530,-632,925,531,-632,927,531,-632,911,527,-653,904,526,-653,898,525,-653,919,529,-470,881,519,-559,926,495,-589,911,491,-616,948,446,-264,839,435,-545,936,345,-239,882,305,-616,914,271,-351,958,244,-654,912,246,-381,978,210,-708,905,252,-412,986,226,-711,904,262,-366,978,236,-656,907,275,63,829,266,-64,1030,205,-24,768,119,-181,1081,149,239,668,37,-32,1074,136,261,655,23,-22,1134,82,177,630,-16,-172,
909,550,-549,908,571,-524,911,572,-524,913,572,-524,897,572,-555,892,572,-555,885,573,-555,907,568,-335,869,568,-491,909,535,-487,897,534,-523,930,494,-81,828,468,-460,901,393,-39,875,358,-444,875,321,-283,941,330,-401,871,296,-227,956,315,-447,869,303,-262,965,332,-455,870,312,-260,960,338,-403,909,302,101,830,289,-101,1055,215,34,771,132,-160,1137,125,160,667,38,31,1135,127,164,654,18,44,1192,90,48,641,-11,-108,
908,587,-484,907,607,-441,909,608,-441,911,608,-441,897,607,-487,892,607,-488,886,607,-488,900,603,-233,868,600,-426,908,571,-397,897,569,-455,920,526,0,832,488,-433,900,412,31,900,387,-403,881,350,-192,990,409,-269,878,328,-195,1015,412,-300,873,337,-237,1018,431,-306,874,345,-203,1008,429,-266,915,313,107,843,297,-107,1074,240,12,772,143,-143,1159,120,129,670,39,70,1158,107,136,661,24,87,1207,78,16,647,-7,-48,
909,625,-206,910,642,-161,912,642,-161,914,643,-161,899,643,-204,893,643,-204,887,643,-204,906,638,44,865,638,-141,909,608,-128,897,606,-182,919,546,229,833,536,-211,912,411,104,912,423,-184,915,420,-204,996,492,91,910,421,-248,1012,502,91,891,432,-258,1006,518,101,902,430,-219,998,506,104,925,329,127,852,313,-127,1089,253,-122,774,152,-214,1120,119,83,670,39,10,1104,89,94,660,29,31,1188,57,-7,639,-11,-94,
919,656,-123,918,675,-82,920,675,-82,922,676,-82,908,675,-126,902,675,-126,895,675,-126,911,670,110,874,667,-75,918,640,-49,907,638,-103,918,584,293,843,570,-173,932,490,124,944,490,-155,976,529,-227,985,557,158,981,555,-278,997,578,169,964,566,-273,988,589,166,962,555,-239,981,579,168,936,350,134,873,339,-134,1091,254,-89,775,161,-228,1047,114,84,662,41,-124,1022,88,96,652,31,-116,1107,47,4,613,-10,-234,
919,691,-67,920,708,-25,923,708,-25,925,708,-25,907,708,-57,901,708,-57,894,708,-57,918,702,172,879,701,38,920,675,7,906,674,-31,945,611,299,845,605,-65,943,525,116,925,526,-99,941,539,-189,979,587,179,932,542,-231,994,600,178,929,549,-228,991,605,182,929,547,-192,984,596,189,958,362,118,880,360,-118,1088,232,-193,780,175,-216,1009,96,150,660,56,-17,982,72,179,651,44,-6,1064,26,58,614,-5,-99,
928,713,-107,927,731,-71,928,731,-71,930,731,-71,917,732,-120,910,732,-120,904,732,-120,919,727,111,886,726,-103,926,697,-36,914,697,-98,943,648,268,853,631,-225,948,551,179,943,552,-214,962,510,-118,994,605,103,970,494,-171,1007,611,104,960,499,-185,998,619,96,954,504,-138,993,615,111,966,386,139,890,381,-139,1084,220,-101,794,207,-192,987,76,193,690,92,145,962,52,210,682,80,176,1064,27,102,632,19,72,
930,733,-243,929,750,-211,932,750,-211,933,750,-211,918,750,-251,912,751,-251,905,751,-251,924,744,-18,887,742,-197,929,716,-171,917,715,-222,946,653,166,855,641,-272,975,552,79,928,552,-279,1000,519,-315,996,579,0,1014,503,-376,1011,584,39,1005,513,-406,1006,595,-38,996,518,-341,999,593,13,969,400,129,893,394,-129,1083,220,-84,805,230,-57,984,71,145,782,174,545,960,48,163,780,169,603,1057,30,-24,759,98,543,
926,741,-289,930,758,-219,933,759,-219,936,758,-219,913,759,-279,906,759,-279,898,758,-279,927,754,-28,882,750,-158,929,723,-205,914,724,-252,956,664,173,854,654,-224,993,568,63,922,560,-298,1011,547,-351,1005,581,-328,1026,523,-427,1031,578,-378,1020,523,-461,1030,589,-395,1011,530,-379,1020,590,-330,967,406,126,888,406,-126,1078,226,-63,838,283,-61,980,71,134,848,192,400,950,45,144,838,179,451,1060,31,-55,842,127,380,
924,746,-310,930,764,-230,935,765,-230,938,765,-231,912,764,-287,905,763,-288,898,763,-288,938,758,-44,885,756,-97,931,727,-207,914,726,-252,986,665,115,852,667,-64,1074,585,-193,821,570,-288,1009,599,-584,945,564,-536,1010,605,-655,981,563,-601,1010,610,-630,987,575,-581,994,606,-583,977,576,-528,980,425,77,898,430,-77,1059,235,-61,922,474,-687,984,73,133,915,312,-445,956,44,132,893,285,-419,1061,34,-53,929,244,-535,
925,746,-310,931,764,-250,936,764,-251,939,764,-251,913,764,-277,906,764,-277,899,763,-277,945,757,-28,885,757,-81,932,728,-216,914,728,-240,989,663,111,848,669,-61,1085,587,-216,812,570,-295,1007,606,-599,942,564,-525,1001,607,-668,977,562,-587,998,613,-635,985,571,-564,987,613,-595,974,573,-516,982,425,69,897,436,-69,1055,237,-64,926,492,-707,981,72,135,929,314,-479,951,41,145,929,294,-456,1063,35,-15,945,243,-593,
927,748,-251,932,764,-210,937,764,-210,940,764,-210,916,765,-216,909,765,-216,902,765,-217,945,756,-2,889,758,-31,933,729,-171,916,730,-179,989,670,106,848,667,25,1063,611,-199,790,568,-168,996,665,-536,910,553,-433,974,693,-591,947,544,-484,970,697,-564,957,556,-474,971,684,-531,949,561,-429,982,425,45,897,440,-44,1056,244,-54,894,543,-647,981,73,-48,954,444,-833,955,45,-55,965,406,-848,1061,39,-156,978,467,-954,
933,748,-253,940,765,-212,944,765,-212,948,765,-212,923,767,-222,916,767,-222,910,768,-223,952,759,5,897,763,-46,939,732,-169,921,733,-184,989,684,117,849,667,19,1044,621,-166,773,562,-131,977,697,-522,886,545,-379,949,727,-579,913,534,-421,948,730,-551,925,544,-416,953,701,-519,917,549,-375,980,426,53,901,443,-54,1055,245,23,925,603,-582,983,74,14,997,575,-759,959,45,19,1003,547,-773,1064,38,-111,1033,617,-879,
938,752,-284,949,772,-235,954,771,-236,958,770,-236,930,775,-238,922,776,-238,916,777,-238,961,765,-20,904,773,-84,944,735,-188,925,736,-206,994,685,89,849,675,25,1053,613,-185,767,568,-78,966,684,-550,870,546,-363,940,709,-613,891,538,-402,938,715,-586,902,552,-399,945,705,-544,897,555,-356,985,443,62,904,460,-62,1053,254,14,914,571,-727,987,74,9,959,570,-1012,962,47,5,968,541,-1038,1065,40,-82,971,628,-1136,
941,757,-253,953,775,-207,958,775,-207,963,774,-207,935,779,-218,928,781,-218,922,782,-218,966,769,13,911,777,-53,946,739,-169,928,741,-188,995,686,89,850,681,20,1057,612,-188,766,573,-140,964,690,-537,882,554,-386,940,712,-605,906,553,-442,937,719,-563,914,566,-424,944,709,-528,907,568,-379,985,445,50,904,458,-50,1049,260,-1,944,548,-645,987,75,77,967,507,-579,961,47,76,967,398,-573,1065,39,-74,983,334,-732,
943,762,-247,955,778,-201,960,778,-201,965,777,-201,937,782,-214,931,783,-215,925,785,-215,968,771,22,913,780,-50,949,743,-164,931,746,-185,995,687,91,850,683,18,1054,614,-184,769,573,-150,961,691,-531,882,555,-397,937,711,-599,906,554,-453,934,719,-558,913,567,-437,941,709,-522,907,569,-390,986,443,48,907,456,-48,1047,262,-6,943,534,-647,988,75,75,954,419,-555,962,46,74,953,384,-547,1066,38,-89,971,287,-709,
943,763,-222,955,778,-181,960,778,-181,965,777,-181,939,782,-190,933,784,-191,928,785,-191,969,772,28,920,780,-26,949,745,-143,932,748,-159,997,690,108,853,691,22,1056,622,-160,768,583,-126,962,702,-507,884,559,-320,940,725,-559,908,559,-372,938,732,-506,916,571,-355,943,722,-493,909,574,-313,987,446,55,907,459,-55,1048,257,-7,953,515,-597,987,72,86,944,347,-507,962,44,86,941,318,-499,1068,38,-79,971,233,-661,
951,764,-226,960,780,-189,964,779,-189,967,779,-189,947,784,-206,942,786,-206,937,788,-206,968,777,13,926,787,-57,953,748,-149,938,753,-173,995,697,109,854,703,-18,1057,636,-125,770,603,-147,964,722,-423,883,567,-301,943,746,-487,909,562,-343,940,751,-434,916,575,-334,945,741,-410,910,579,-295,986,450,56,909,462,-55,1041,258,-22,963,393,-574,989,73,84,932,233,-337,964,43,86,929,222,-312,1065,38,-75,945,137,-447,
958,766,-232,965,782,-201,968,782,-201,971,782,-201,954,786,-235,948,788,-235,943,791,-235,970,782,5,930,791,-121,957,751,-159,945,755,-194,994,704,138,855,710,-85,1060,646,-63,771,612,-234,966,726,-401,883,568,-396,945,751,-471,908,559,-442,942,754,-430,916,573,-437,946,745,-394,910,578,-390,986,454,93,908,465,-93,1039,262,-25,945,336,-370,991,73,57,929,167,-113,966,42,54,927,150,-92,1067,39,-113,936,82,-239,
960,773,-217,967,789,-182,970,789,-182,973,789,-182,956,793,-215,951,795,-216,946,798,-216,970,788,40,932,797,-118,960,758,-130,948,762,-174,994,707,202,856,715,-82,1061,650,-1,771,617,-221,966,729,-396,883,564,-381,945,749,-474,907,552,-428,942,756,-441,915,566,-423,946,748,-395,909,571,-375,985,460,118,907,468,-119,1036,265,-15,936,302,-234,990,73,58,897,126,-65,965,43,57,892,111,-56,1065,38,-103,884,40,-227,
959,772,-203,966,788,-168,969,787,-168,972,787,-168,955,792,-200,950,794,-200,945,797,-200,970,787,51,931,796,-108,959,756,-117,947,760,-161,993,707,206,856,713,-78,1059,651,-1,771,618,-215,966,728,-391,882,564,-372,944,750,-470,906,550,-418,941,755,-438,915,564,-413,946,747,-389,908,569,-367,986,462,119,907,469,-119,1035,266,-16,933,300,-239,990,73,44,887,122,-89,966,43,40,882,108,-82,1065,37,-124,874,36,-252,
969,777,-212,973,793,-176,975,793,-176,977,793,-176,963,796,-209,958,798,-209,951,800,-209,971,791,44,933,801,-156,966,760,-124,955,763,-172,992,711,235,856,721,-132,1063,660,105,770,621,-182,969,731,-238,871,556,-183,944,751,-305,899,526,-210,942,753,-279,908,542,-218,946,745,-239,900,552,-177,984,465,146,907,466,-147,1031,266,45,925,272,-254,990,72,122,842,81,-153,962,40,118,829,65,-151,1066,37,-33,843,10,-334,
967,780,-250,972,796,-209,975,796,-209,977,795,-209,961,800,-254,955,803,-254,949,805,-254,972,793,38,931,806,-180,965,763,-155,953,767,-217,989,711,207,856,723,-161,1061,659,63,769,617,-217,971,723,-291,863,545,-255,947,738,-362,891,512,-288,943,740,-333,900,527,-295,948,733,-291,892,538,-251,981,460,150,907,462,-150,1030,264,64,911,255,-214,990,71,195,820,72,-87,963,39,198,805,57,-83,1066,37,60,834,11,-272,
968,783,-293,974,799,-248,977,799,-248,979,798,-248,961,803,-292,955,805,-292,949,808,-292,973,796,10,930,809,-199,965,765,-194,953,769,-255,986,715,190,856,722,-175,1059,659,29,767,616,-280,972,712,-340,852,534,-400,953,731,-435,876,500,-448,945,731,-426,886,513,-459,949,728,-357,880,523,-399,979,461,146,905,460,-146,1029,264,76,900,250,-205,988,71,245,809,65,-63,963,39,251,795,51,-58,1067,37,109,831,1,-260,
968,785,-326,974,800,-282,977,800,-282,979,800,-282,961,804,-327,955,806,-328,948,808,-328,973,798,-25,930,810,-238,965,768,-227,952,771,-289,983,717,185,855,722,-199,1059,662,23,766,613,-282,992,706,-372,849,517,-393,979,699,-465,870,482,-441,963,702,-462,882,495,-456,962,705,-390,877,505,-393,979,459,144,905,459,-144,1027,263,109,889,247,-217,988,72,288,803,63,-91,963,38,294,790,47,-89,1067,37,148,828,-4,-300,
967,789,-302,973,804,-260,976,804,-260,978,804,-260,960,807,-298,954,809,-298,947,811,-298,972,802,-23,929,812,-216,964,772,-211,951,775,-261,972,718,203,855,725,-178,1045,658,110,766,612,-181,1017,689,-288,844,504,-192,1010,679,-365,860,469,-223,991,686,-375,872,481,-253,989,688,-305,868,492,-196,977,460,142,905,458,-142,1024,263,86,879,247,-193,987,72,215,798,56,-87,962,37,218,787,39,-87,1067,36,70,825,-6,-296,
966,789,-299,971,804,-256,974,804,-256,976,803,-256,960,807,-288,954,809,-288,947,811,-288,966,802,-18,927,813,-222,961,773,-207,949,775,-252,963,725,192,853,725,-196,1032,656,83,767,610,-226,1016,675,-322,842,496,-266,1020,655,-395,856,460,-313,996,660,-421,868,472,-358,990,666,-312,866,483,-280,974,459,141,902,456,-141,1022,264,112,871,246,-175,987,72,231,796,57,-60,963,37,232,784,37,-59,1068,35,83,824,-7,-268,
962,793,-399,968,808,-351,971,808,-351,973,808,-351,955,813,-393,948,815,-393,941,818,-393,963,805,-82,921,818,-283,956,776,-295,943,780,-352,958,723,193,851,730,-238,1006,646,413,768,610,-237,1034,659,325,838,489,-300,1040,657,310,849,454,-344,1035,661,263,863,465,-387,1032,659,301,862,476,-315,971,458,149,899,455,-149,1019,264,112,867,247,-192,988,72,273,794,60,-32,963,37,276,782,40,-27,1068,34,114,824,-5,-248,
959,796,-350,965,813,-306,968,812,-306,971,812,-306,951,818,-348,944,821,-348,936,823,-348,962,808,-52,915,822,-251,954,778,-252,940,783,-309,959,722,192,849,731,-205,1016,647,233,768,609,-190,1037,628,-97,835,485,-269,1038,607,-160,846,451,-320,1026,608,-164,861,462,-358,1024,614,-116,859,472,-279,968,458,149,896,455,-149,1017,265,115,862,246,-189,988,72,280,792,58,-39,963,37,284,781,38,-36,1068,34,132,823,-7,-254,
954,797,-378,961,814,-333,964,813,-333,967,813,-333,946,819,-374,938,822,-374,931,825,-374,958,809,-76,908,824,-263,951,779,-280,935,784,-333,960,721,153,845,729,-202,1022,647,191,768,607,-185,1047,602,-165,829,481,-284,1049,568,-234,841,446,-325,1035,566,-239,853,456,-378,1031,578,-185,851,468,-286,966,460,148,893,455,-148,1013,265,105,858,247,-180,988,73,262,791,56,-33,964,38,264,781,37,-31,1068,33,103,823,-8,-260,
949,798,-412,957,816,-366,960,815,-366,964,814,-366,941,821,-402,934,824,-402,926,827,-402,956,811,-111,905,826,-283,947,781,-315,931,785,-364,961,721,105,842,729,-224,1022,643,143,771,601,-215,1050,570,-262,825,474,-355,1055,535,-345,835,437,-419,1043,536,-406,848,446,-462,1037,546,-300,847,459,-369,963,463,145,890,455,-145,1007,269,116,857,250,-176,988,73,253,793,57,-45,966,38,253,783,37,-45,1068,33,90,823,-7,-272,
947,800,-421,954,817,-377,958,816,-377,961,816,-377,939,823,-410,931,826,-410,924,829,-410,953,812,-129,903,828,-287,945,782,-327,929,787,-372,962,720,81,840,730,-234,1024,631,109,774,596,-238,1051,547,-265,822,470,-388,1058,503,-346,830,431,-458,1042,504,-407,845,438,-497,1036,517,-299,846,452,-402,960,462,142,885,455,-142,1002,269,131,854,249,-178,988,73,268,792,56,-56,966,38,268,782,36,-56,1068,32,105,822,-7,-277,
946,802,-419,952,820,-378,956,819,-378,959,818,-378,937,825,-411,930,828,-411,923,830,-411,950,814,-144,902,829,-303,944,784,-330,928,789,-376,962,719,56,837,730,-262,1023,613,87,775,592,-271,1049,523,-262,819,464,-406,1057,479,-340,826,424,-473,1041,480,-379,841,432,-510,1034,493,-284,843,445,-419,955,463,140,877,456,-140,998,270,136,850,249,-190,988,73,263,791,53,-70,967,38,263,781,35,-76,1068,32,105,821,-9,-310,
944,803,-471,951,820,-430,954,820,-430,957,819,-430,935,826,-463,928,829,-463,921,831,-463,948,815,-189,900,829,-348,942,785,-379,926,789,-424,960,716,36,835,729,-297,1012,600,93,776,584,-306,1045,491,-196,810,454,-445,1051,447,-261,813,417,-511,1038,450,-336,830,423,-551,1032,463,-233,833,436,-460,954,463,138,874,456,-138,990,270,184,848,248,-196,988,73,352,789,51,-112,967,38,355,778,34,-118,1069,31,192,822,-10,-362,
942,803,-509,949,821,-469,952,820,-469,955,819,-469,933,826,-498,926,829,-498,918,831,-498,947,815,-228,898,829,-370,941,786,-417,924,790,-458,960,715,-1,834,729,-305,1007,597,73,778,579,-308,1043,487,-204,809,450,-448,1049,445,-268,813,414,-512,1037,448,-336,829,421,-551,1032,460,-238,831,433,-463,953,462,128,873,456,-128,987,270,175,846,248,-198,988,74,340,790,54,-121,968,39,342,780,37,-126,1069,31,177,822,-9,-368,
941,804,-507,948,821,-465,951,820,-465,955,819,-465,932,827,-495,924,829,-495,917,832,-495,947,814,-219,896,829,-367,940,785,-414,923,789,-456,959,712,7,833,728,-309,1001,592,80,778,578,-314,1042,482,-183,807,450,-452,1046,444,-241,808,414,-516,1036,446,-313,825,419,-552,1030,458,-219,829,432,-466,951,462,126,870,456,-126,984,271,159,844,248,-189,988,74,312,790,57,-68,968,40,314,780,40,-69,1069,31,149,818,-8,-313,
941,803,-516,948,820,-474,951,819,-474,955,819,-474,931,826,-506,924,829,-506,916,831,-506,946,814,-226,895,828,-384,940,785,-422,923,789,-467,958,709,8,831,723,-328,996,586,110,778,575,-332,1040,474,-111,806,446,-470,1045,436,-163,806,410,-535,1034,437,-237,821,413,-573,1029,450,-148,825,426,-485,949,460,126,869,453,-126,980,271,207,842,244,-191,988,74,402,790,51,-74,969,40,408,780,36,-75,1069,30,242,818,-14,-318,
941,803,-483,948,820,-439,951,819,-439,954,818,-439,932,826,-471,925,828,-471,917,830,-471,945,813,-192,895,828,-360,940,785,-386,923,789,-431,953,707,32,831,719,-319,984,581,163,779,571,-332,1024,465,-26,804,443,-463,1034,428,-71,802,407,-528,1028,428,-142,818,409,-562,1022,441,-60,822,423,-476,947,456,127,869,450,-127,976,267,224,840,243,-193,988,74,422,789,51,-77,969,40,429,780,36,-78,1069,29,272,818,-15,-319,
941,802,-471,947,819,-427,950,819,-427,954,818,-427,931,825,-458,924,828,-458,916,830,-458,944,813,-180,893,827,-350,939,784,-374,923,788,-419,950,706,42,830,717,-317,978,577,192,779,570,-340,1014,459,2,802,441,-474,1023,423,-40,800,404,-542,1019,423,-113,816,406,-574,1014,436,-32,820,420,-487,945,452,131,869,447,-131,973,262,241,838,240,-191,988,73,453,787,46,-75,969,39,461,778,31,-76,1069,29,304,828,-35,-317,
940,802,-473,946,819,-432,949,818,-432,952,818,-432,930,825,-467,923,827,-467,915,830,-467,943,813,-192,892,827,-367,939,784,-381,922,788,-430,950,705,40,830,716,-332,977,579,174,778,569,-349,1012,459,-16,801,440,-478,1020,422,-60,800,403,-545,1015,422,-132,815,404,-576,1010,435,-51,819,418,-490,945,451,131,869,446,-131,972,262,215,836,239,-182,988,73,406,786,48,-54,969,39,412,777,32,-55,1069,28,251,823,-30,-294,
939,801,-466,944,819,-424,948,818,-425,951,817,-424,929,824,-460,921,827,-460,913,829,-460,942,812,-185,891,827,-360,937,784,-374,921,787,-423,946,706,50,830,716,-331,968,582,189,778,570,-356,1003,466,0,800,439,-481,1011,431,-41,800,402,-547,1008,430,-112,815,404,-576,1002,442,-35,818,417,-492,943,450,135,868,445,-135,972,259,215,835,238,-181,987,71,407,786,47,-59,969,38,413,777,31,-59,1070,28,252,821,-25,-296,
936,800,-463,941,818,-422,945,817,-422,948,816,-422,926,823,-459,918,826,-459,910,829,-459,939,811,-183,888,826,-337,935,783,-372,918,786,-419,943,705,70,828,714,-327,950,581,192,776,566,-343,979,470,-13,796,436,-468,982,435,-56,797,398,-534,983,437,-124,813,400,-562,978,447,-48,817,415,-479,941,447,135,865,440,-135,971,255,206,833,236,-167,987,69,390,785,48,-32,970,36,395,777,32,-30,1070,25,235,814,-18,-260,
935,800,-449,940,818,-407,943,817,-407,947,816,-407,924,823,-439,916,826,-439,908,828,-439,937,811,-164,885,825,-310,934,783,-357,917,786,-399,941,704,85,825,713,-297,942,576,194,774,565,-318,964,467,-11,792,433,-451,963,431,-54,795,393,-519,965,433,-121,811,395,-539,961,444,-45,814,410,-460,941,443,135,864,437,-135,971,250,174,832,234,-158,987,65,328,784,44,-14,970,32,330,777,30,-11,1071,23,170,811,-18,-237,
932,799,-452,937,816,-413,940,816,-413,943,815,-413,922,822,-445,914,825,-445,906,827,-446,931,811,-182,882,825,-332,930,782,-361,914,785,-404,936,703,64,823,713,-314,931,572,192,771,564,-331,953,463,-12,791,429,-450,955,426,-49,793,389,-519,957,429,-114,809,389,-535,952,439,-46,812,404,-459,940,442,133,860,436,-133,970,246,153,832,232,-147,987,58,308,782,45,17,970,28,309,776,30,21,1068,19,148,806,-8,-197,
931,799,-471,935,816,-432,938,816,-432,941,815,-432,921,821,-466,914,824,-466,905,826,-466,929,811,-196,881,823,-352,929,781,-379,913,784,-424,934,704,52,822,712,-328,926,573,177,768,562,-347,949,465,-28,788,428,-464,951,428,-67,792,388,-530,954,431,-133,808,389,-548,950,442,-62,810,404,-473,940,439,132,861,431,-132,969,245,160,832,228,-141,987,58,309,781,44,33,970,28,312,775,30,39,1064,16,152,803,-7,-183,
926,798,-396,931,816,-363,934,816,-363,936,815,-363,917,821,-402,910,824,-402,901,826,-402,923,811,-156,874,824,-334,923,781,-313,907,784,-365,927,704,71,810,712,-321,916,567,196,755,554,-340,940,455,46,777,412,-432,942,416,18,785,369,-490,944,417,-45,802,373,-509,941,431,14,802,387,-440,940,431,128,858,423,-128,970,228,113,829,209,-152,987,40,305,775,24,7,971,23,310,765,17,8,1030,-2,150,798,-57,-218,
921,799,-408,926,817,-368,930,817,-368,933,816,-368,910,822,-410,902,825,-411,891,827,-411,920,811,-128,861,824,-333,918,781,-313,899,784,-370,918,701,139,797,709,-320,906,549,271,739,537,-336,934,437,105,776,388,-415,939,392,75,780,346,-473,939,393,8,793,349,-503,935,411,70,796,363,-426,933,405,134,856,397,-134,971,176,47,820,165,-155,985,-54,168,772,-18,-7,964,-91,165,740,-82,-5,1040,-115,-25,780,-112,-231,
914,799,-423,920,818,-369,924,818,-369,927,817,-370,904,823,-428,895,826,-428,884,829,-428,913,812,-131,850,826,-347,911,781,-319,891,784,-388,907,697,142,786,706,-346,900,536,303,724,524,-351,932,414,160,757,359,-435,939,368,129,756,311,-501,937,367,56,768,313,-546,938,386,123,774,330,-453,926,380,143,848,370,-142,971,144,84,806,119,-156,980,-74,244,744,-76,62,958,-110,257,724,-110,70,1043,-141,66,769,-151,-185,
903,800,-610,912,823,-547,917,822,-547,922,821,-547,890,828,-597,878,831,-597,865,834,-597,910,813,-233,833,829,-461,902,781,-490,878,784,-556,902,683,87,760,684,-444,895,498,253,697,486,-457,934,368,75,728,305,-587,941,315,37,727,253,-668,939,321,-32,739,257,-709,933,338,39,745,277,-605,915,347,149,825,337,-149,971,105,76,799,76,-207,980,-111,436,753,-124,116,959,-148,457,736,-157,133,1046,-186,232,778,-200,-167,
882,797,-781,893,823,-706,899,822,-706,904,821,-707,871,827,-760,859,830,-760,846,834,-760,890,813,-343,811,829,-591,881,772,-646,854,777,-717,882,662,10,722,664,-570,864,453,176,642,448,-614,901,292,8,666,242,-750,911,238,-33,633,194,-844,901,246,-102,677,191,-882,896,264,-30,685,210,-768,887,305,159,765,297,-158,937,73,-92,800,44,-517,913,-153,422,754,-141,58,888,-188,455,738,-161,78,982,-245,233,769,-252,-196,
858,788,-906,872,819,-823,880,818,-823,887,817,-824,844,826,-874,830,830,-874,814,833,-874,879,808,-444,776,828,-676,861,757,-769,828,763,-835,875,626,-83,678,625,-674,854,396,10,584,368,-772,890,231,-242,625,139,-920,909,170,-298,620,69,-1018,894,175,-365,654,63,-1045,884,194,-281,655,89,-933,859,246,176,718,233,-176,946,41,-392,800,1,-724,854,-157,204,723,-164,-124,820,-178,255,700,-174,-73,898,-266,66,731,-286,-293,
847,772,-1060,863,808,-973,872,808,-973,881,807,-973,831,816,-1031,815,821,-1031,797,826,-1032,871,799,-573,754,820,-841,850,739,-916,814,744,-992,857,600,-186,649,587,-864,843,356,-2,535,303,-952,875,156,-191,582,59,-1075,884,90,-240,577,7,-1184,873,97,-300,628,-5,-1204,858,119,-225,632,24,-1086,827,204,220,690,177,-220,922,-41,166,732,-63,-179,802,-207,1104,646,-200,584,768,-226,1181,614,-214,644,851,-325,1009,683,-309,363,
833,755,-1001,849,792,-907,860,791,-907,869,790,-908,812,801,-969,794,806,-969,775,810,-970,862,780,-481,730,800,-758,840,718,-845,797,723,-925,861,558,-73,622,557,-755,839,308,73,491,248,-837,876,138,-159,543,-7,-946,887,85,-208,532,-86,-1046,880,99,-273,581,-82,-1064,865,116,-197,594,-54,-954,827,133,228,669,110,-228,928,-60,-86,748,-30,-703,822,-262,614,646,-282,0,788,-286,659,613,-316,74,868,-385,471,655,-413,-235,
829,732,-1279,843,772,-1177,854,771,-1177,863,771,-1176,806,779,-1245,787,782,-1245,767,785,-1246,856,761,-686,717,773,-994,836,695,-1098,792,698,-1186,871,516,-181,594,524,-970,848,241,38,461,206,-1031,897,24,-226,487,-63,-1201,901,-42,-278,474,-142,-1329,899,-36,-356,520,-138,-1362,889,-13,-271,532,-111,-1218,839,49,248,663,10,-247,873,-297,468,712,-302,-151,858,-591,1453,656,-623,706,844,-648,1524,626,-684,770,895,-724,1201,704,-748,332,
816,732,-1281,831,770,-1183,842,769,-1183,853,768,-1182,789,777,-1252,770,780,-1252,751,783,-1253,846,754,-676,704,772,-988,826,692,-1091,779,695,-1181,869,514,-158,576,516,-935,836,238,64,433,185,-1009,903,31,-149,460,-91,-1246,911,-40,-198,454,-176,-1378,907,-28,-273,500,-166,-1421,894,-7,-191,508,-138,-1268,844,19,222,656,-3,-220,844,-379,540,660,-422,64,845,-712,1488,633,-761,860,840,-775,1552,606,-819,918,878,-842,1172,707,-896,408,
808,730,-1207,823,771,-1112,835,770,-1112,846,768,-1112,779,777,-1176,760,779,-1177,740,781,-1178,842,754,-598,696,770,-886,818,689,-1011,770,692,-1093,872,509,-92,555,503,-815,843,222,128,412,161,-848,901,26,-199,465,-90,-1113,906,-51,-270,472,-173,-1255,903,-35,-363,515,-152,-1286,889,-14,-255,517,-123,-1131,840,-4,221,633,-65,-219,831,-409,546,657,-442,-1,848,-763,1362,629,-808,671,844,-828,1413,599,-869,718,893,-882,1032,712,-938,218,
795,725,-1127,811,768,-1046,824,767,-1046,836,765,-1046,766,774,-1109,747,776,-1109,729,778,-1110,834,751,-552,685,767,-830,807,682,-935,757,686,-1014,876,497,-81,537,488,-719,851,203,177,401,146,-746,905,12,-157,483,-97,-972,906,-50,-222,500,-183,-1087,907,-39,-315,541,-160,-1135,893,-17,-208,539,-128,-992,840,-33,196,618,-89,-194,853,-488,416,637,-520,65,858,-853,1206,632,-894,698,852,-910,1256,606,-952,742,891,-979,818,709,-1017,183,
763,725,-1128,785,768,-1050,800,767,-1051,815,766,-1051,738,773,-1096,720,774,-1096,701,774,-1097,826,749,-552,666,761,-760,784,677,-934,730,679,-990,890,493,-95,530,479,-599,901,191,163,404,156,-569,957,-22,-251,426,-88,-919,977,-84,-341,432,-173,-1039,974,-80,-453,469,-158,-1113,951,-57,-314,476,-127,-951,848,-90,127,615,-105,-124,861,-500,330,624,-523,71,867,-876,1104,635,-910,715,859,-936,1152,618,-971,758,880,-1006,689,694,-1036,167,
758,724,-1178,781,768,-1099,796,767,-1099,812,766,-1099,734,772,-1141,716,773,-1142,698,773,-1142,825,749,-575,665,760,-761,780,676,-973,727,678,-1025,902,493,-104,528,479,-536,919,189,156,401,153,-486,968,-18,-311,439,-53,-903,989,-80,-418,443,-141,-1034,988,-70,-534,477,-119,-1119,965,-47,-378,482,-89,-940,849,-101,85,607,-108,-82,854,-501,252,612,-509,12,866,-883,1058,629,-906,685,862,-941,1108,617,-970,731,863,-1015,644,680,-1031,116,
753,726,-1312,775,770,-1225,791,769,-1226,807,768,-1226,728,773,-1269,710,774,-1269,693,774,-1270,822,751,-656,661,759,-846,777,678,-1090,722,679,-1144,915,492,-123,532,481,-569,941,182,79,412,159,-533,972,-15,-527,419,-43,-1005,1007,-91,-651,419,-132,-1159,1008,-81,-785,448,-112,-1253,984,-58,-605,457,-83,-1051,852,-101,105,616,-105,-104,848,-496,198,615,-488,-210,862,-880,985,614,-904,412,861,-940,1034,597,-972,444,862,-1006,457,667,-1025,-225,
751,729,-1326,774,772,-1251,790,771,-1251,806,770,-1252,727,775,-1281,709,775,-1282,691,775,-1282,823,754,-725,663,760,-855,777,681,-1121,721,681,-1157,937,500,-271,536,482,-565,979,201,-103,421,153,-484,1006,-7,-668,423,-63,-964,1029,-83,-802,416,-160,-1109,1015,-74,-923,448,-141,-1215,995,-34,-737,459,-111,-1015,863,-62,64,625,-111,-61,849,-518,187,631,-521,-48,880,-909,983,628,-928,592,886,-973,1029,608,-996,630,877,-1032,482,677,-1047,-56,
742,731,-1275,766,772,-1211,784,772,-1212,800,771,-1212,719,776,-1224,702,776,-1224,685,776,-1225,825,756,-755,665,760,-810,775,684,-1099,718,683,-1112,974,507,-436,549,477,-511,1054,196,-286,441,162,-380,1067,-34,-734,400,-57,-891,1085,-127,-863,369,-147,-1033,1075,-123,-968,399,-138,-1154,1051,-91,-793,417,-110,-1007,908,-50,-37,638,-125,40,923,-568,194,638,-582,259,951,-976,1098,681,-993,972,959,-1047,1156,685,-1064,1027,919,-1111,586,726,-1125,391,
747,732,-1309,769,772,-1248,786,773,-1249,802,773,-1249,724,776,-1253,708,776,-1253,692,774,-1254,828,758,-805,672,756,-816,779,686,-1136,724,683,-1139,997,509,-493,559,468,-489,1091,199,-380,451,154,-362,1105,-29,-842,403,-86,-877,1118,-124,-976,377,-167,-1026,1102,-123,-1086,403,-154,-1141,1077,-94,-902,424,-127,-982,944,-99,-56,658,-122,59,954,-566,80,673,-565,124,985,-965,901,724,-972,741,994,-1031,950,731,-1038,783,954,-1094,368,757,-1100,204,
742,733,-1269,765,773,-1209,782,773,-1210,799,774,-1210,721,776,-1216,705,776,-1217,690,774,-1217,828,758,-774,675,756,-800,776,687,-1101,721,684,-1106,1000,512,-459,565,465,-473,1095,210,-320,456,159,-312,1108,-21,-738,411,-71,-794,1124,-113,-854,380,-160,-925,1111,-114,-962,405,-152,-1069,1086,-85,-796,426,-124,-879,949,-62,-57,665,-124,60,971,-580,74,687,-587,75,998,-993,820,730,-1010,663,1006,-1061,860,737,-1080,705,966,-1127,280,765,-1139,55,
748,732,-1246,770,773,-1167,787,774,-1168,802,775,-1168,725,775,-1171,710,773,-1171,695,771,-1171,828,760,-719,678,752,-678,780,687,-1058,727,683,-1050,1019,512,-426,571,462,-325,1129,211,-330,467,151,-194,1144,-19,-775,420,-90,-711,1166,-113,-906,393,-173,-841,1143,-118,-1013,417,-160,-986,1115,-90,-833,439,-132,-788,968,-105,-86,695,-128,89,976,-562,-104,708,-568,51,1001,-971,592,739,-988,567,1012,-1034,626,746,-1057,591,966,-1101,65,764,-1112,-34,
759,728,-1219,778,773,-1145,796,774,-1145,815,776,-1145,735,770,-1142,719,767,-1142,706,763,-1143,857,760,-732,700,740,-617,800,686,-1042,748,679,-1024,1064,510,-495,627,453,-246,1213,213,-500,523,138,-146,1222,-8,-987,443,-104,-696,1261,-108,-1135,402,-188,-826,1225,-107,-1232,418,-176,-968,1198,-80,-1041,455,-146,-771,1021,-112,-135,761,-126,138,1025,-545,-342,765,-550,-19,1065,-948,376,816,-967,463,1083,-1012,411,830,-1033,487,1025,-1072,-157,820,-1091,-102,
779,725,-1062,797,771,-1012,814,774,-1012,832,776,-1013,755,765,-983,741,761,-983,730,757,-983,881,761,-681,730,734,-510,822,684,-931,771,676,-885,1092,509,-431,661,443,-195,1256,218,-394,560,125,-96,1294,-5,-811,482,-119,-578,1338,-96,-936,441,-207,-691,1300,-94,-1035,466,-198,-831,1272,-66,-864,499,-166,-652,1061,-121,-122,801,-139,126,1074,-566,-194,825,-581,54,1113,-975,434,862,-997,477,1132,-1041,462,873,-1064,498,1069,-1098,-82,876,-1118,-69,
810,721,-1038,828,768,-987,845,771,-988,861,774,-988,785,759,-965,772,755,-965,760,750,-966,907,760,-642,758,727,-509,851,681,-904,799,672,-868,1117,508,-397,688,436,-230,1292,220,-317,597,115,-173,1344,0,-778,524,-125,-669,1381,-88,-866,489,-214,-789,1355,-85,-979,521,-206,-915,1325,-58,-818,547,-173,-735,1091,-127,-105,830,-148,108,1110,-575,-95,856,-599,156,1151,-986,558,896,-1012,571,1170,-1051,590,906,-1078,589,1108,-1112,57,920,-1137,39,
809,720,-945,831,768,-905,850,771,-905,866,774,-905,785,759,-877,772,755,-877,760,751,-877,912,760,-595,763,728,-442,855,680,-827,798,671,-783,1127,508,-393,696,434,-211,1303,221,-344,600,109,-152,1350,1,-741,529,-144,-625,1392,-90,-862,495,-234,-730,1362,-89,-931,535,-229,-847,1333,-63,-810,559,-196,-691,1109,-135,-111,829,-160,115,1140,-610,-143,866,-636,166,1176,-1039,474,902,-1066,568,1195,-1109,505,907,-1140,586,1128,-1176,-31,932,-1193,28,
847,720,-1009,869,767,-959,887,770,-960,903,773,-960,825,757,-943,813,753,-943,800,749,-943,948,759,-606,804,726,-495,890,679,-872,837,670,-846,1161,505,-402,734,435,-234,1343,212,-333,659,109,-164,1397,-25,-713,592,-138,-665,1438,-114,-831,561,-227,-780,1413,-117,-912,596,-222,-894,1382,-90,-778,619,-189,-731,1140,-138,-118,871,-162,122,1169,-605,-100,904,-628,197,1207,-1025,558,942,-1050,659,1225,-1091,592,950,-1121,684,1162,-1157,56,968,-1173,108,
877,720,-1092,898,766,-1044,914,769,-1045,933,773,-1045,854,756,-999,840,752,-999,828,747,-999,976,759,-682,832,725,-525,921,678,-958,867,670,-892,1185,501,-506,766,439,-187,1360,196,-521,698,115,-35,1421,-55,-977,639,-135,-594,1467,-147,-1139,616,-222,-714,1435,-157,-1225,638,-212,-874,1401,-129,-1031,660,-181,-679,1149,-142,-194,881,-158,198,1157,-612,-298,897,-625,190,1175,-1045,339,913,-1059,637,1191,-1112,362,920,-1133,662,1131,-1169,-253,925,-1176,67,
905,731,-1091,929,775,-1043,945,778,-1044,964,780,-1044,881,764,-1004,866,759,-1003,854,753,-1004,1006,762,-676,856,725,-534,953,685,-957,894,675,-900,1206,496,-475,790,441,-234,1363,184,-419,727,119,-113,1435,-65,-965,688,-129,-619,1500,-168,-1080,671,-216,-733,1466,-179,-1218,700,-206,-882,1431,-151,-1024,717,-175,-697,1173,-137,-166,904,-154,170,1186,-608,-196,919,-624,270,1200,-1035,518,937,-1051,844,1214,-1099,558,942,-1122,883,1152,-1168,-184,954,-1173,253,
931,741,-1077,958,785,-1025,974,786,-1025,993,787,-1026,910,776,-995,895,771,-995,883,766,-995,1034,767,-653,883,736,-524,977,692,-941,919,684,-895,1224,491,-469,814,448,-248,1353,180,-410,763,126,-137,1415,-63,-890,726,-106,-638,1477,-158,-1046,691,-215,-756,1446,-166,-1195,720,-202,-897,1412,-136,-964,739,-173,-714,1177,-131,-146,913,-150,150,1194,-597,-158,929,-611,234,1211,-1018,603,953,-1034,779,1223,-1081,643,958,-1104,814,1167,-1151,-74,975,-1155,194,
966,746,-1092,993,789,-1034,1010,790,-1035,1029,791,-1035,944,781,-1015,928,777,-1014,915,772,-1015,1066,770,-648,911,743,-530,1009,695,-946,950,688,-913,1246,484,-389,831,456,-294,1349,159,-266,790,127,-210,1397,-75,-717,789,-104,-747,1462,-176,-859,758,-211,-886,1434,-179,-997,789,-199,-1029,1402,-149,-788,805,-169,-822,1193,-133,-127,936,-122,131,1203,-596,-7,943,-607,217,1221,-1011,772,971,-1026,802,1232,-1073,814,976,-1094,842,1183,-1143,210,999,-1147,216,
994,752,-1089,1023,794,-1026,1040,795,-1026,1059,795,-1026,973,788,-1014,956,784,-1014,942,780,-1015,1094,774,-609,934,752,-532,1034,700,-935,976,695,-914,1260,482,-325,847,464,-323,1347,158,-218,819,127,-257,1375,-89,-684,819,-105,-794,1460,-183,-825,808,-208,-942,1432,-181,-959,839,-197,-1070,1384,-147,-750,852,-168,-861,1206,-130,-77,945,-126,80,1218,-591,55,960,-606,201,1240,-1007,849,993,-1012,785,1250,-1064,895,997,-1075,826,1205,-1140,335,1026,-1137,224,
1019,758,-1049,1047,798,-979,1065,798,-979,1084,798,-979,997,793,-979,979,790,-979,965,787,-980,1117,776,-542,956,760,-522,1056,705,-886,998,701,-881,1274,483,-269,858,474,-312,1337,162,-241,840,139,-259,1313,-80,-847,876,-67,-832,1324,-172,-1011,849,-173,-997,1290,-175,-1118,877,-155,-1109,1275,-139,-908,887,-118,-893,1204,-127,-42,946,-121,45,1211,-572,67,959,-572,170,1225,-964,860,979,-967,755,1233,-1017,908,980,-1028,793,1187,-1101,357,1007,-1091,195,
1051,767,-869,1080,808,-814,1097,808,-814,1115,807,-814,1034,803,-818,1018,800,-818,1003,797,-819,1149,785,-448,995,773,-456,1084,715,-729,1032,712,-732,1293,484,-231,884,509,-311,1328,166,-217,867,210,-303,1216,-59,-643,939,-13,-746,1217,-162,-763,938,-95,-890,1192,-147,-854,979,-70,-935,1160,-54,-690,983,-29,-770,1213,-57,-8,963,-56,10,1203,-513,104,953,-496,52,1211,-898,758,964,-897,465,1221,-951,792,965,-961,487,1175,-1038,286,991,-1016,0,
1057,777,-1038,1088,816,-963,1105,816,-963,1123,814,-963,1038,811,-983,1020,807,-983,1006,804,-984,1158,790,-529,998,778,-607,1095,725,-876,1037,722,-899,1304,483,-271,891,511,-425,1328,167,-273,880,204,-400,1210,-42,-742,960,-10,-808,1205,-148,-872,967,-109,-954,1180,-124,-965,994,-90,-1010,1153,-30,-790,1004,-25,-837,1224,-38,-3,978,-43,5,1216,-508,73,962,-485,-23,1220,-893,786,971,-886,510,1225,-946,830,971,-948,542,1183,-1028,332,994,-1003,10,
1067,785,-1072,1099,824,-1004,1116,823,-1004,1133,821,-1004,1049,819,-1011,1031,815,-1012,1016,811,-1013,1168,794,-604,1010,783,-625,1105,732,-924,1047,729,-931,1311,482,-387,905,518,-441,1324,169,-477,892,201,-434,1166,-20,-968,992,-4,-800,1151,-122,-1106,1007,-111,-938,1131,-93,-1168,1032,-91,-1006,1109,-12,-1005,1031,-15,-833,1223,-9,-12,977,-19,13,1207,-461,-15,951,-426,-256,1213,-858,477,963,-852,135,1222,-915,499,965,-915,150,1176,-988,25,982,-973,-369,
1089,785,-1283,1119,822,-1205,1136,822,-1205,1154,820,-1205,1067,819,-1204,1049,816,-1205,1033,813,-1206,1184,794,-755,1020,786,-752,1122,731,-1114,1065,730,-1113,1313,482,-496,912,527,-497,1324,169,-574,890,208,-472,1137,-12,-1053,1003,-1,-867,1088,-103,-1202,1035,-100,-1021,1051,-60,-1259,1060,-65,-1065,1065,-11,-1086,1054,-14,-892,1219,10,-17,970,1,20,1202,-395,-255,935,-357,-520,1206,-802,175,959,-806,-181,1203,-861,191,964,-867,-172,1173,-931,-284,973,-936,-694,
1106,784,-1200,1134,821,-1128,1152,820,-1128,1169,819,-1128,1082,819,-1127,1064,816,-1128,1048,813,-1129,1196,793,-701,1030,785,-686,1140,731,-1038,1078,731,-1035,1320,482,-449,915,537,-447,1322,168,-554,878,219,-412,1102,-3,-1076,999,6,-837,1017,-94,-1237,1023,-96,-981,1004,-47,-1272,1056,-58,-1046,1022,-6,-1101,1049,-12,-883,1212,5,-33,962,0,35,1195,-431,-211,902,-389,-333,1179,-829,273,936,-822,36,1178,-886,294,947,-887,49,1136,-961,-200,928,-948,-467,
1111,784,-1227,1141,821,-1147,1158,820,-1147,1175,818,-1147,1085,820,-1149,1066,817,-1150,1049,813,-1151,1201,793,-696,1033,785,-694,1148,732,-1056,1082,731,-1056,1320,482,-455,918,538,-430,1321,167,-558,870,226,-390,1115,-4,-1110,993,9,-833,1045,-97,-1281,1016,-96,-982,1026,-45,-1321,1052,-52,-1050,1041,-6,-1139,1045,-9,-872,1207,1,-53,958,4,55,1192,-445,-203,901,-400,-231,1170,-833,440,930,-817,192,1170,-889,479,940,-882,233,1124,-964,0,918,-938,-233,
1107,785,-1267,1138,822,-1188,1156,820,-1189,1172,818,-1188,1081,820,-1187,1063,817,-1187,1046,813,-1188,1200,792,-739,1035,785,-724,1146,733,-1099,1079,732,-1095,1316,482,-516,919,539,-448,1320,160,-593,868,226,-407,1101,-6,-1088,993,11,-850,1006,-99,-1254,1028,-94,-999,997,-49,-1287,1058,-48,-1061,1020,-7,-1112,1049,-7,-883,1205,0,-70,957,1,72,1191,-454,-110,902,-411,-58,1167,-834,652,929,-819,526,1169,-890,700,940,-883,568,1120,-967,215,916,-942,64,
1113,784,-1254,1143,821,-1173,1160,820,-1174,1175,818,-1173,1086,820,-1176,1068,817,-1176,1052,813,-1177,1200,792,-722,1038,785,-720,1150,732,-1086,1084,731,-1086,1313,479,-500,919,541,-460,1319,153,-556,866,226,-424,1102,-7,-1046,1008,7,-860,1011,-101,-1211,1040,-94,-1007,1001,-55,-1246,1078,-58,-1068,1023,-12,-1070,1065,-14,-889,1202,-6,-71,952,-4,73,1182,-458,99,902,-422,251,1159,-842,876,919,-823,917,1162,-899,929,924,-889,967,1112,-975,448,910,-948,469,
1106,767,-1174,1136,805,-1104,1155,804,-1104,1170,803,-1104,1081,805,-1106,1063,803,-1106,1049,801,-1107,1195,781,-690,1039,779,-682,1143,720,-1016,1077,723,-1014,1311,471,-479,915,542,-429,1311,139,-543,862,230,-418,1098,-10,-1033,998,8,-840,1024,-102,-1201,1023,-88,-974,1002,-58,-1228,1062,-59,-1030,1021,-15,-1055,1054,-16,-863,1195,-9,-87,951,-8,89,1176,-473,38,902,-427,291,1157,-843,741,919,-823,984,1162,-904,786,925,-889,1039,1106,-978,305,913,-946,575,
1107,745,-1442,1135,784,-1375,1153,783,-1375,1167,782,-1375,1082,786,-1386,1065,786,-1386,1051,786,-1387,1189,765,-912,1039,769,-946,1141,703,-1262,1077,708,-1273,1309,466,-615,910,540,-623,1289,133,-660,860,226,-550,1064,50,-1143,987,62,-925,1012,-41,-1279,1004,-16,-1052,993,29,-1308,1059,26,-1115,1017,55,-1166,1031,58,-957,1189,-11,-38,941,-8,41,1168,-472,100,903,-430,141,1143,-846,734,907,-828,533,1146,-905,768,906,-894,549,1096,-980,254,908,-952,-77,
1101,732,-1548,1129,770,-1491,1146,769,-1491,1161,768,-1491,1076,774,-1500,1060,776,-1500,1047,777,-1501,1185,755,-1015,1038,763,-1035,1136,691,-1361,1072,699,-1368,1307,466,-684,908,542,-696,1285,136,-769,859,224,-595,1058,100,-1313,989,136,-918,999,54,-1456,1030,76,-1037,1001,106,-1465,1042,129,-1100,1019,121,-1330,1022,151,-947,1185,-13,-34,931,-2,36,1166,-473,255,902,-434,239,1139,-847,1055,896,-832,850,1141,-903,1105,894,-895,890,1091,-982,501,904,-956,236,
1097,728,-1484,1125,766,-1426,1142,765,-1427,1157,764,-1427,1073,770,-1433,1057,772,-1434,1045,773,-1435,1183,751,-969,1038,760,-984,1132,686,-1304,1069,696,-1309,1306,466,-653,906,542,-645,1278,138,-698,858,223,-556,1058,81,-1189,981,104,-914,1000,23,-1327,1022,30,-1036,990,81,-1357,1018,73,-1102,1016,105,-1212,999,103,-947,1183,-15,-23,928,-4,25,1164,-470,159,902,-435,165,1136,-844,858,894,-832,593,1138,-901,901,892,-895,612,1089,-979,387,901,-957,-23,
1094,720,-1425,1121,760,-1361,1138,759,-1361,1153,758,-1361,1071,763,-1369,1056,764,-1369,1043,766,-1370,1178,747,-899,1037,753,-919,1125,680,-1244,1064,687,-1251,1295,466,-603,899,541,-597,1265,138,-653,852,222,-526,1053,76,-1185,946,84,-911,1013,0,-1328,985,5,-1039,995,75,-1373,981,44,-1110,1009,92,-1217,969,77,-947,1177,-32,-21,919,-3,23,1148,-470,113,901,-436,-21,1123,-846,677,886,-833,377,1122,-902,704,884,-897,393,1080,-979,160,893,-959,-197,
1086,719,-1396,1113,759,-1336,1130,758,-1336,1145,758,-1336,1064,763,-1359,1050,764,-1360,1036,765,-1361,1168,747,-841,1026,753,-889,1113,679,-1203,1055,685,-1234,1281,468,-544,885,543,-575,1257,139,-649,843,222,-513,1059,68,-1185,938,82,-909,1010,6,-1335,977,6,-1041,998,78,-1380,973,47,-1116,1008,106,-1218,962,77,-947,1165,-40,-14,901,3,17,1137,-470,155,879,-441,81,1115,-846,792,870,-833,492,1116,-902,825,868,-898,500,1072,-980,249,884,-962,-115,
1056,724,-1374,1084,766,-1311,1102,765,-1311,1121,764,-1311,1039,768,-1327,1024,769,-1327,1011,770,-1328,1153,750,-842,1003,756,-879,1086,683,-1191,1032,691,-1209,1274,471,-556,874,544,-565,1256,140,-643,826,221,-485,1055,30,-1098,910,76,-880,1002,-24,-1236,942,-3,-1009,983,65,-1281,943,38,-1087,999,90,-1128,935,71,-921,1154,-46,-18,891,-13,20,1121,-471,134,871,-441,74,1098,-847,793,858,-834,545,1100,-903,831,857,-899,563,1052,-981,262,869,-963,-81,
1041,730,-1277,1067,773,-1216,1086,772,-1217,1105,771,-1217,1022,774,-1218,1009,775,-1219,995,775,-1220,1138,756,-788,983,759,-777,1071,690,-1111,1019,697,-1111,1261,478,-516,862,545,-508,1246,148,-597,821,221,-484,1061,30,-1058,914,95,-868,1010,-26,-1189,954,17,-995,989,39,-1233,946,62,-1054,1007,61,-1087,937,90,-902,1143,-16,-20,880,0,23,1110,-466,53,868,-436,-17,1096,-844,645,855,-835,384,1098,-899,675,853,-899,401,1049,-977,138,864,-959,-175,
1030,732,-1265,1056,777,-1203,1075,777,-1204,1093,775,-1204,1011,777,-1208,998,778,-1208,984,777,-1209,1126,760,-773,969,762,-774,1061,693,-1098,1008,700,-1100,1249,485,-494,855,547,-500,1235,166,-575,817,223,-474,1063,62,-1060,912,92,-853,1012,-11,-1197,951,17,-980,996,36,-1236,948,60,-1040,1007,60,-1095,939,88,-885,1138,-2,-18,874,18,20,1108,-449,49,867,-423,-64,1094,-830,604,851,-825,307,1097,-884,629,849,-891,320,1048,-961,89,861,-943,-256,
1018,734,-1327,1043,779,-1267,1062,779,-1267,1081,778,-1267,998,779,-1272,985,780,-1272,970,779,-1273,1115,761,-829,957,763,-833,1049,695,-1158,995,702,-1161,1239,488,-537,845,547,-533,1220,167,-599,807,218,-484,1054,75,-1097,909,87,-860,1004,21,-1225,948,11,-984,997,58,-1261,945,54,-1043,1008,80,-1128,935,83,-893,1139,-3,-19,875,15,21,1112,-450,75,869,-424,-53,1096,-829,726,856,-826,335,1101,-884,761,855,-890,348,1051,-961,185,865,-946,-180,
1005,736,-1327,1029,782,-1266,1048,782,-1267,1066,781,-1267,985,781,-1270,972,781,-1270,956,780,-1271,1102,764,-830,944,764,-821,1037,698,-1159,983,703,-1159,1229,494,-543,838,547,-508,1212,176,-601,798,221,-457,1043,72,-1094,897,88,-855,994,16,-1223,932,14,-983,990,54,-1263,932,56,-1045,1000,78,-1125,924,84,-890,1130,1,-25,873,19,27,1109,-442,-47,868,-416,-160,1098,-826,508,857,-826,211,1102,-880,532,857,-891,224,1053,-957,-28,864,-945,-358,
997,737,-1408,1021,782,-1346,1040,783,-1346,1058,782,-1346,975,781,-1351,962,781,-1351,947,780,-1352,1091,765,-896,934,763,-901,1030,698,-1235,976,703,-1237,1222,497,-587,832,543,-591,1199,177,-675,790,216,-539,1040,77,-1214,899,86,-912,994,28,-1341,935,12,-1035,994,62,-1381,933,55,-1095,1003,84,-1245,924,83,-946,1127,3,-25,869,17,27,1107,-439,-12,866,-417,-119,1097,-822,561,856,-826,255,1101,-876,586,857,-890,268,1055,-952,25,864,-945,-328,
985,738,-1388,1010,782,-1324,1028,783,-1325,1047,782,-1325,965,781,-1328,952,781,-1328,937,779,-1329,1080,765,-883,925,762,-880,1019,698,-1218,965,703,-1218,1215,496,-590,820,536,-591,1199,176,-669,786,208,-554,1026,64,-1182,898,76,-918,975,15,-1325,935,4,-1043,971,46,-1374,934,48,-1101,981,67,-1217,925,74,-950,1112,1,-25,861,17,27,1090,-440,-60,857,-418,-167,1084,-824,483,853,-826,180,1088,-878,506,855,-891,190,1047,-954,-35,863,-946,-391,
969,731,-1320,992,777,-1265,1009,778,-1266,1027,779,-1266,951,772,-1259,939,771,-1259,926,770,-1260,1063,764,-850,919,754,-801,1003,694,-1157,953,696,-1144,1207,496,-554,816,535,-513,1196,176,-591,776,211,-471,1023,56,-1025,889,80,-835,973,4,-1148,927,10,-958,969,34,-1196,927,52,-1014,978,56,-1054,919,78,-866,1102,2,-27,853,17,28,1076,-440,-139,846,-408,-235,1072,-823,359,847,-822,89,1074,-876,379,851,-887,98,1034,-951,-156,853,-937,-465,
964,727,-1240,987,773,-1181,1004,774,-1182,1021,775,-1182,945,768,-1177,933,767,-1177,920,765,-1178,1055,762,-763,912,750,-721,997,690,-1079,948,691,-1067,1199,496,-503,809,533,-454,1190,183,-582,773,212,-431,1015,60,-1038,874,80,-816,966,4,-1168,905,8,-947,958,36,-1214,907,51,-1009,968,59,-1068,902,78,-851,1094,1,-28,849,16,29,1077,-435,-165,841,-400,-301,1075,-819,281,846,-817,-28,1078,-872,295,850,-882,-24,1035,-944,-249,853,-930,-596,
956,726,-1265,977,771,-1204,994,773,-1204,1012,774,-1204,936,766,-1204,924,765,-1204,911,763,-1205,1046,761,-777,903,747,-749,989,689,-1101,940,689,-1094,1191,498,-511,804,533,-460,1181,183,-585,771,214,-411,1003,72,-1052,857,79,-804,948,18,-1183,882,7,-932,944,56,-1227,883,47,-1000,956,77,-1082,880,74,-842,1091,2,-30,848,15,31,1075,-431,-180,840,-397,-302,1068,-814,283,843,-815,-9,1072,-867,299,847,-880,-3,1027,-939,-241,849,-927,-570,
939,726,-1277,958,771,-1214,974,773,-1215,991,774,-1214,919,765,-1216,906,764,-1216,892,762,-1217,1026,761,-787,888,748,-731,972,689,-1112,925,689,-1100,1177,506,-488,798,534,-383,1173,192,-513,766,226,-287,1009,74,-975,844,79,-698,951,20,-1105,867,7,-825,947,57,-1157,873,47,-897,959,78,-1006,872,73,-737,1089,25,-48,848,29,50,1079,-385,-375,819,-334,-543,1071,-764,111,844,-768,-195,1074,-815,132,854,-829,-180,1030,-889,-380,849,-889,-703,
935,726,-1256,955,771,-1200,972,773,-1200,989,774,-1200,915,765,-1188,903,764,-1189,891,762,-1189,1024,761,-777,885,747,-698,969,689,-1090,920,688,-1068,1172,506,-488,794,535,-313,1149,197,-532,766,244,-157,984,96,-998,806,90,-557,926,51,-1122,816,20,-663,929,90,-1160,814,52,-748,940,108,-1022,819,78,-601,1088,44,-51,841,36,52,1079,-367,-322,813,-321,-445,1066,-739,162,842,-744,-111,1066,-787,185,853,-804,-99,1028,-865,-310,845,-862,-615,
932,724,-1359,953,770,-1302,970,772,-1303,987,773,-1303,911,764,-1295,899,763,-1295,886,761,-1296,1019,761,-856,878,746,-804,964,688,-1181,916,687,-1166,1166,510,-520,786,535,-377,1151,198,-579,765,241,-242,987,101,-1054,825,89,-563,933,56,-1171,843,19,-731,934,95,-1188,844,52,-834,944,112,-1071,844,78,-636,1088,54,-52,839,40,53,1079,-361,-346,800,-317,-489,1059,-731,126,835,-738,-160,1057,-781,148,848,-798,-149,1024,-856,-352,833,-858,-663,
912,724,-1351,932,770,-1297,949,771,-1297,967,773,-1297,893,764,-1287,881,763,-1288,868,760,-1288,1004,761,-875,865,746,-808,945,688,-1181,899,687,-1164,1161,510,-554,777,533,-450,1150,197,-590,754,240,-318,980,87,-1022,830,88,-619,924,39,-1135,848,11,-798,921,76,-1164,848,43,-885,919,110,-1041,846,70,-686,1077,25,-51,836,38,52,1060,-373,-238,807,-335,-244,1051,-736,248,831,-747,65,1052,-790,270,839,-807,73,1016,-862,-228,832,-870,-467,
907,722,-1349,927,768,-1296,944,770,-1296,962,771,-1296,887,763,-1286,875,762,-1287,861,760,-1287,997,761,-875,856,746,-812,940,687,-1181,892,686,-1163,1153,514,-550,767,531,-469,1150,203,-586,755,240,-360,993,82,-1023,833,81,-662,951,31,-1141,854,9,-814,943,63,-1177,854,41,-892,941,89,-1047,852,67,-717,1075,41,-51,833,40,52,1056,-362,-283,806,-329,-341,1047,-730,177,832,-741,-58,1046,-782,197,840,-801,-51,1016,-853,-293,834,-859,-574,
907,719,-1622,928,766,-1566,946,768,-1566,963,769,-1567,885,762,-1564,872,760,-1565,859,759,-1566,995,759,-1119,848,745,-1098,939,685,-1444,890,683,-1439,1149,517,-748,755,520,-744,1151,203,-824,754,204,-696,995,85,-1303,855,82,-1035,951,37,-1428,894,16,-1153,945,72,-1452,893,54,-1204,944,94,-1322,882,79,-1063,1074,40,-50,835,39,51,1058,-359,-299,809,-333,-316,1049,-724,228,837,-729,-25,1049,-774,251,846,-785,-16,1030,-847,-254,850,-847,-519,
900,719,-1492,920,766,-1436,938,768,-1436,956,769,-1437,878,761,-1430,865,760,-1431,853,758,-1431,989,760,-998,846,745,-961,935,685,-1319,885,682,-1308,1149,520,-667,758,522,-644,1146,213,-770,751,221,-577,997,99,-1283,845,92,-977,952,57,-1357,879,28,-1118,946,93,-1334,881,63,-1115,947,110,-1254,873,87,-1038,1075,50,-47,836,44,48,1081,-257,-492,804,-231,-574,1048,-610,134,846,-630,-114,1043,-653,174,861,-681,-88,1029,-739,-279,854,-759,-563,
895,717,-1555,916,765,-1502,933,767,-1502,950,769,-1502,873,760,-1495,860,759,-1495,849,757,-1496,981,760,-1062,841,744,-1015,931,685,-1379,880,681,-1366,1145,524,-703,752,520,-665,1148,215,-743,752,212,-605,1001,98,-1199,846,90,-966,956,56,-1309,882,26,-1082,949,91,-1326,882,61,-1129,951,106,-1209,874,86,-999,1081,47,-52,839,43,53,1080,-299,-392,805,-262,-539,1055,-665,191,860,-677,-6,1053,-713,221,875,-733,19,1036,-793,-268,867,-800,-467,
889,717,-1501,910,765,-1449,928,767,-1449,946,768,-1450,867,760,-1441,854,758,-1442,843,757,-1443,979,760,-1020,839,744,-967,927,685,-1328,874,681,-1314,1146,526,-675,750,520,-626,1149,213,-740,747,215,-560,972,108,-1169,852,104,-916,912,65,-1283,893,41,-1035,909,105,-1309,889,78,-1098,921,122,-1183,878,103,-951,1079,45,-51,835,42,52,1073,-331,-105,807,-309,-178,1056,-684,423,854,-706,191,1054,-734,448,868,-769,204,1032,-819,-80,862,-821,-342,
894,718,-1539,914,765,-1481,932,767,-1481,949,769,-1481,871,761,-1484,858,760,-1485,845,758,-1486,980,761,-1021,838,745,-1018,930,686,-1356,876,682,-1357,1145,530,-663,748,518,-658,1149,221,-729,748,211,-586,991,119,-1242,854,103,-950,943,75,-1367,897,42,-1070,944,112,-1399,890,82,-1131,951,130,-1267,878,106,-982,1085,44,-46,836,37,47,1081,-358,-39,833,-350,-96,1087,-695,627,868,-725,372,1090,-742,666,878,-785,397,1065,-829,128,888,-837,-168,
897,720,-1616,918,766,-1550,936,768,-1550,953,770,-1551,874,762,-1564,861,762,-1565,848,760,-1566,981,762,-1063,836,746,-1110,933,687,-1425,879,683,-1440,1144,533,-699,745,516,-784,1150,223,-730,754,205,-719,1040,91,-1291,881,100,-1090,1018,27,-1443,931,42,-1228,1002,51,-1511,922,80,-1304,1002,81,-1335,905,104,-1128,1088,43,-27,838,32,29,1098,-381,187,851,-387,121,1113,-723,952,882,-751,692,1119,-776,997,888,-810,727,1089,-858,430,912,-873,119,
899,721,-1620,920,766,-1560,937,768,-1561,954,770,-1561,875,763,-1572,862,762,-1572,849,761,-1573,980,762,-1080,837,746,-1113,935,687,-1430,880,683,-1440,1145,536,-713,745,517,-788,1158,226,-815,759,205,-711,1035,111,-1432,903,114,-1036,1005,57,-1587,956,56,-1166,994,90,-1626,942,102,-1235,995,113,-1465,923,125,-1070,1089,33,-26,838,25,28,1105,-394,238,852,-402,187,1120,-737,1050,881,-764,802,1128,-790,1100,888,-821,843,1093,-876,521,912,-892,227,
899,721,-1671,920,766,-1616,937,768,-1617,953,770,-1617,874,763,-1620,862,762,-1620,849,761,-1621,979,762,-1148,838,746,-1142,934,687,-1484,879,683,-1483,1145,539,-764,747,518,-809,1158,234,-858,759,206,-743,1037,112,-1436,928,121,-1087,1006,59,-1585,987,62,-1222,997,91,-1628,975,111,-1281,998,115,-1470,954,134,-1118,1091,33,-26,840,25,29,1109,-393,176,854,-393,126,1122,-737,991,880,-764,729,1130,-790,1042,886,-821,770,1091,-876,471,912,-889,164,
900,722,-1620,921,767,-1563,938,769,-1563,954,771,-1563,875,763,-1567,862,763,-1567,849,762,-1568,979,764,-1100,838,747,-1099,934,688,-1436,879,684,-1436,1145,542,-728,747,518,-785,1160,238,-815,763,206,-741,1050,110,-1384,932,120,-1068,1024,52,-1526,989,60,-1195,1014,83,-1574,980,109,-1250,1013,107,-1419,961,132,-1095,1094,33,-26,843,26,28,1107,-395,85,854,-388,8,1116,-742,792,879,-763,592,1123,-793,835,886,-819,643,1088,-878,282,908,-887,3,
898,723,-1595,920,767,-1539,937,769,-1539,953,772,-1539,874,764,-1541,861,763,-1541,848,762,-1542,980,765,-1084,839,748,-1072,934,688,-1414,878,685,-1411,1146,545,-715,748,522,-749,1160,247,-779,765,210,-694,1051,104,-1265,923,118,-1036,1023,40,-1399,974,58,-1162,1013,70,-1461,967,105,-1222,1013,96,-1303,951,129,-1066,1094,37,-30,846,32,32,1104,-388,31,852,-372,-33,1114,-735,691,878,-744,500,1119,-785,727,885,-798,537,1085,-864,186,905,-864,-75,
899,726,-1401,921,769,-1346,938,771,-1346,954,773,-1346,874,766,-1350,862,765,-1351,849,764,-1352,979,766,-913,839,750,-912,934,690,-1229,879,687,-1229,1146,550,-593,748,523,-636,1168,250,-703,769,214,-590,1056,110,-1262,920,118,-962,1028,44,-1399,973,56,-1102,1017,75,-1462,964,103,-1169,1017,101,-1302,946,128,-997,1098,40,-27,851,32,29,1108,-384,23,864,-372,-46,1123,-732,681,888,-743,438,1130,-780,718,894,-798,468,1095,-862,185,918,-862,-124,
899,736,-1312,921,778,-1253,938,779,-1253,954,780,-1253,874,774,-1249,862,773,-1250,849,771,-1250,980,771,-832,840,754,-798,935,699,-1149,879,697,-1139,1147,552,-542,750,523,-538,1168,258,-605,775,220,-504,1070,89,-1107,904,101,-898,1049,11,-1249,939,34,-1038,1030,38,-1323,939,74,-1111,1029,68,-1152,933,101,-937,1101,52,-29,859,36,31,1108,-372,-131,868,-357,-197,1123,-725,451,898,-738,206,1128,-773,479,906,-794,224,1095,-851,-34,921,-852,-322,
902,742,-1362,923,783,-1301,939,785,-1302,955,786,-1302,876,779,-1300,863,777,-1301,850,776,-1301,980,776,-872,841,758,-847,939,704,-1195,881,703,-1188,1147,558,-578,753,531,-558,1176,262,-644,776,235,-526,1071,98,-1162,888,103,-916,1047,16,-1302,914,36,-1040,1026,42,-1362,915,75,-1127,1027,72,-1201,914,101,-949,1101,65,-41,860,47,43,1109,-347,-247,866,-323,-372,1122,-703,292,899,-710,26,1127,-752,316,909,-766,44,1092,-821,-213,918,-821,-495,
904,751,-1336,925,793,-1278,942,794,-1278,958,795,-1278,876,788,-1277,863,786,-1277,851,783,-1278,981,783,-863,842,764,-840,942,713,-1174,883,710,-1168,1150,557,-571,756,531,-578,1176,260,-631,782,233,-543,1084,87,-1132,896,93,-918,1068,5,-1272,926,24,-1047,1039,41,-1338,930,63,-1121,1027,73,-1173,927,90,-951,1102,62,-41,862,46,43,1108,-351,-184,870,-330,-286,1120,-704,385,900,-710,148,1125,-752,407,909,-766,175,1092,-826,-70,919,-821,-287,
906,777,-1166,928,816,-1106,946,817,-1106,962,817,-1106,878,810,-1107,864,807,-1107,853,804,-1108,989,801,-696,847,782,-685,947,735,-1008,885,731,-1006,1160,565,-414,769,539,-419,1194,267,-425,783,246,-308,1099,108,-882,896,114,-625,1075,35,-1005,928,47,-745,1054,62,-1058,930,83,-806,1050,92,-915,927,110,-656,1115,60,-41,870,47,43,1121,-351,-49,874,-329,-236,1136,-697,648,912,-705,366,1142,-746,689,921,-761,402,1107,-819,187,930,-819,-118,
908,788,-1167,931,826,-1100,950,827,-1100,966,826,-1100,880,820,-1098,865,817,-1098,854,815,-1099,994,808,-687,850,793,-662,951,745,-1009,886,742,-1003,1165,568,-436,773,544,-404,1195,267,-519,786,249,-346,1102,115,-1017,890,127,-692,1076,48,-1147,924,58,-814,1058,72,-1190,925,91,-870,1056,99,-1048,923,117,-723,1120,64,-52,875,54,54,1127,-312,-184,871,-274,-368,1138,-648,505,920,-650,210,1145,-696,550,934,-703,249,1107,-771,99,930,-771,-221,
913,797,-1066,938,838,-1001,958,838,-1001,973,838,-1002,884,830,-991,868,826,-992,857,822,-993,1005,817,-619,854,798,-563,958,753,-923,893,747,-907,1175,570,-413,779,548,-336,1200,270,-494,789,253,-323,1107,102,-953,891,125,-704,1086,28,-1082,922,56,-831,1059,68,-1130,925,89,-887,1058,95,-985,923,116,-736,1128,66,-54,881,57,56,1151,-312,-295,871,-279,-422,1151,-649,363,935,-654,108,1156,-696,406,951,-708,142,1120,-774,-52,942,-773,-326,
921,803,-1153,947,845,-1085,966,845,-1086,980,845,-1086,891,837,-1083,874,833,-1083,862,829,-1084,1013,824,-672,859,804,-645,966,759,-998,901,753,-990,1183,573,-426,784,547,-399,1207,272,-483,802,251,-333,1127,92,-971,892,112,-709,1109,17,-1108,922,45,-840,1084,42,-1163,925,73,-907,1081,74,-1007,923,101,-745,1137,64,-46,886,56,48,1153,-332,-58,889,-299,-164,1160,-655,809,941,-656,534,1166,-702,870,953,-709,584,1131,-775,386,959,-775,66,
938,808,-1196,964,849,-1128,981,850,-1128,997,850,-1128,914,842,-1124,898,838,-1125,886,834,-1125,1030,830,-715,881,810,-686,979,764,-1040,922,759,-1032,1193,577,-460,798,554,-440,1213,274,-485,811,254,-369,1126,92,-1013,926,112,-735,1096,13,-1147,961,43,-871,1073,35,-1195,973,72,-944,1079,74,-1046,967,100,-780,1141,66,-46,900,60,48,1155,-306,-265,893,-273,-346,1165,-635,423,954,-637,166,1169,-679,468,966,-690,196,1143,-765,17,971,-754,-288,
953,816,-1162,979,855,-1093,996,855,-1093,1013,855,-1093,930,849,-1088,913,845,-1089,900,841,-1090,1044,836,-695,891,815,-664,991,771,-1015,935,767,-1006,1203,579,-471,809,556,-442,1226,274,-507,823,255,-392,1120,90,-1027,930,101,-757,1092,10,-1161,961,26,-890,1068,32,-1206,974,54,-959,1073,73,-1057,970,84,-799,1146,68,-47,912,63,49,1164,-297,-283,894,-266,-399,1171,-629,350,961,-634,80,1173,-673,389,974,-687,108,1150,-762,-53,975,-753,-363,
959,818,-1315,985,858,-1243,1002,858,-1244,1019,858,-1244,935,851,-1239,918,847,-1239,904,843,-1240,1050,838,-826,895,815,-793,998,771,-1158,941,766,-1149,1211,578,-587,815,555,-548,1234,260,-756,830,240,-525,1056,114,-1211,971,90,-844,995,40,-1339,1030,21,-963,977,76,-1332,1040,53,-1000,993,102,-1217,1028,83,-865,1157,64,-52,925,62,54,1187,-322,-232,917,-287,-406,1199,-665,384,985,-677,60,1201,-715,417,1000,-741,85,1178,-806,-69,995,-792,-434,
994,815,-1310,1017,856,-1240,1032,856,-1241,1049,856,-1241,971,851,-1237,955,848,-1238,940,843,-1239,1077,836,-817,923,817,-790,1026,769,-1149,972,764,-1142,1230,577,-572,833,562,-521,1244,259,-692,848,255,-451,1082,113,-1200,956,91,-827,1014,39,-1326,1013,22,-950,998,75,-1315,1023,55,-1000,1017,99,-1203,1007,84,-859,1162,64,-63,936,61,64,1182,-323,-151,924,-291,-230,1193,-670,398,975,-680,220,1198,-721,453,989,-743,242,1167,-806,-22,984,-792,-293,
1007,816,-1315,1032,857,-1247,1048,857,-1248,1064,857,-1248,988,853,-1241,973,850,-1242,957,847,-1243,1095,837,-822,942,823,-786,1039,769,-1153,986,766,-1143,1244,577,-568,849,572,-484,1253,258,-684,860,266,-401,1091,111,-1061,955,104,-782,1019,39,-1179,999,23,-899,1010,73,-1196,1008,56,-967,1029,98,-1074,994,85,-818,1169,65,-73,941,64,74,1181,-317,-271,921,-283,-390,1187,-665,249,971,-676,25,1192,-715,275,984,-737,45,1163,-795,-223,980,-788,-466,
1019,814,-1390,1045,856,-1320,1061,856,-1321,1077,856,-1321,1000,852,-1310,984,849,-1311,969,846,-1312,1107,836,-869,955,823,-814,1052,768,-1217,997,765,-1202,1254,575,-592,860,574,-480,1260,256,-698,869,273,-386,1117,111,-1171,958,98,-783,1063,43,-1311,992,16,-901,1054,75,-1339,998,45,-989,1063,99,-1192,987,74,-828,1175,65,-84,951,64,85,1181,-314,-378,921,-275,-430,1184,-658,268,974,-665,70,1189,-705,304,988,-723,98,1158,-786,-197,976,-780,-420,
1034,813,-1351,1059,854,-1281,1076,855,-1281,1091,854,-1281,1014,850,-1273,997,848,-1274,982,844,-1274,1120,835,-831,969,821,-787,1066,767,-1176,1012,764,-1164,1264,574,-574,870,574,-433,1270,256,-615,878,274,-305,1133,111,-1052,957,104,-728,1091,42,-1181,958,21,-854,1077,74,-1223,962,47,-942,1082,98,-1079,963,76,-774,1178,64,-82,949,63,83,1178,-316,-344,918,-273,-396,1183,-659,355,973,-657,148,1187,-707,395,986,-714,184,1149,-785,-104,968,-773,-322,
1048,806,-1351,1073,846,-1285,1090,847,-1285,1105,847,-1286,1025,843,-1283,1008,841,-1283,994,839,-1284,1132,831,-842,979,819,-821,1079,763,-1180,1025,761,-1174,1278,568,-573,879,573,-438,1280,254,-602,874,273,-337,1139,113,-1042,953,110,-743,1091,51,-1168,954,34,-867,1079,82,-1204,955,63,-947,1087,105,-1066,957,91,-784,1189,55,-80,954,61,81,1178,-316,-76,931,-275,-30,1181,-659,689,971,-651,566,1185,-705,739,985,-705,607,1147,-781,250,967,-766,109,
1050,792,-1333,1077,833,-1277,1094,833,-1278,1110,834,-1278,1027,830,-1271,1012,829,-1271,999,827,-1272,1141,821,-839,988,812,-813,1083,752,-1175,1028,753,-1163,1284,561,-579,887,571,-471,1283,250,-676,884,270,-420,1136,113,-1113,955,110,-803,1088,52,-1233,966,37,-925,1075,86,-1251,967,68,-991,1082,108,-1129,968,95,-838,1190,51,-77,953,61,78,1178,-335,-156,928,-281,-283,1177,-677,452,958,-663,196,1179,-725,486,969,-720,224,1137,-799,-9,951,-778,-278,
1058,788,-1285,1087,829,-1228,1103,829,-1228,1119,829,-1228,1035,826,-1223,1020,825,-1223,1007,823,-1224,1148,814,-823,997,808,-793,1093,748,-1134,1035,750,-1124,1291,550,-577,893,570,-478,1285,243,-671,885,269,-445,1138,85,-1112,953,106,-851,1092,16,-1241,966,33,-980,1075,48,-1269,967,64,-1055,1082,75,-1133,969,91,-891,1192,46,-74,954,56,76,1182,-355,-32,927,-312,-166,1177,-703,618,957,-695,371,1181,-755,654,967,-755,406,1136,-823,152,950,-811,-105,
1067,785,-1255,1096,825,-1193,1111,825,-1193,1127,825,-1193,1045,823,-1196,1030,822,-1196,1017,820,-1197,1156,810,-772,1006,806,-773,1101,745,-1094,1044,747,-1094,1295,549,-523,896,570,-469,1291,244,-655,890,269,-437,1147,125,-1130,969,131,-806,1098,71,-1257,993,48,-923,1088,106,-1279,989,83,-988,1095,127,-1149,986,107,-839,1196,45,-74,954,53,75,1187,-354,-69,930,-312,-176,1177,-699,561,957,-693,333,1181,-751,598,966,-752,364,1136,-820,101,948,-809,-134,
1070,785,-1171,1101,825,-1108,1117,825,-1109,1133,825,-1109,1047,823,-1106,1032,822,-1106,1018,820,-1107,1162,810,-714,1010,806,-690,1106,745,-1021,1047,747,-1014,1299,547,-499,900,570,-425,1288,244,-623,890,270,-411,1145,122,-1088,974,131,-777,1099,64,-1214,997,47,-894,1085,95,-1241,999,81,-955,1093,119,-1109,997,106,-808,1202,46,-73,960,53,75,1196,-353,-117,928,-311,-300,1182,-699,409,957,-697,148,1187,-752,437,966,-758,172,1138,-820,-50,947,-813,-312,
1079,785,-1173,1108,825,-1107,1123,825,-1108,1139,824,-1108,1055,823,-1110,1040,822,-1111,1026,820,-1111,1165,810,-684,1015,806,-681,1112,745,-1012,1054,747,-1012,1301,547,-460,902,571,-393,1296,244,-617,891,273,-360,1145,147,-1178,972,150,-778,1097,93,-1325,995,66,-898,1085,129,-1350,995,103,-958,1093,152,-1202,993,129,-811,1200,41,-72,958,46,74,1194,-356,122,933,-327,120,1182,-701,805,956,-697,671,1188,-755,847,963,-757,707,1138,-819,344,947,-813,200,
1080,790,-1224,1113,829,-1150,1129,828,-1150,1145,827,-1150,1057,828,-1165,1041,827,-1165,1026,826,-1166,1170,810,-694,1017,810,-754,1116,747,-1056,1053,751,-1072,1299,546,-465,901,571,-469,1292,239,-608,891,273,-391,1146,121,-1162,970,119,-779,1099,61,-1315,993,43,-900,1085,91,-1340,993,70,-961,1093,120,-1194,991,101,-811,1204,40,-55,960,42,57,1194,-361,148,942,-335,64,1182,-711,838,955,-709,622,1187,-770,880,960,-774,657,1138,-831,377,947,-826,137,
